batter_id,name,batter_hand,team,slot,pitcher,pitcher_hand,opp_pitcher_id,game_pk,matchup,start_time,game_date,game_state,p_hit,hit_odds,no_hit_odds,yes_cents,has_hit,last5,lineup_source,bvp_ab,bvp_h,bvp_avg,bvp_career,bvp_since,b_hit_rate,b_xba,b_hardhit,b_babip,b_k_rate,b_n_games,b_days_rest,split_diff,park_factor,p_rating,p_grade,p_csw,p_k_bb,p_hardhit_allowed,p_k_rate,p_n_games,p_days_rest,is_opener,b_hit_rate_vs_L,b_hit_rate_vs_R,p_use_fb,p_use_bb,p_use_os,b_hr_vs_fb,b_hr_vs_bb,b_hr_vs_os,b_hr_overall,b_hit_rate_vs_sp,b_pa_vs_sp,b_hit_rate_vs_rp,b_pa_vs_rp,b_is_rookie,p_is_rookie,base_p_hit,matchup_delta,b_avg_ab,b_avg_pa,b_games_played,p_multihit,base_p_multihit,p_multihit_matchup_delta,p_hrRbi,base_p_hrRbi,p_hrRbi_matchup_delta,b_quality_first3,b_n_games_first3,p_era,p_whip_official,p_ip,p_wins,p_losses,p_so,p_bb_official,p_saves,p_blown_saves,p_save_opps,p_games_started,p_role,p_games_pitched,p_bf_official,p_hits_allowed,p_bf_per_g,p_k9,p_bb9,p_h9,p_hr9,p_avg_bf,pen_delta,pen_available_n,pen_rested_frac,def_oaa_tonight,def_oaa_n,sched_games_7d,sched_day_after_night,sched_getaway,sched_tz_shift,b_pa,b_bb_rate,b_hit_rate_long,b_k_rate_long,b_bb_rate_long,b_hardhit_long,b_xba_long,p_hit_rate_vs_hand,slot_pa_exp,def_babip_allowed
624413,Pete Alonso,R,BAL,2,Gordon Graceffo,R,700669,823014,BAL @ STL,11:15 AM,27/08,Final,0.7221055443267118,,,,False,1111111011,live,0,0,0.0,0,0,0.4568515156093015,0.46440406260972805,0.6690866350213333,0.5381876259689795,0.16120345174646797,20,1,-0.017253303243184193,1.031,44.4,D,0.2306878306878307,1.7695462825345984,0.44456419208138664,0.1733685591953441,20,6,0,0.2891566265060241,0.2719033232628399,0.464247598719317,0.41408751334044824,0.12166488794023479,0.26586102719033233,0.2830832196452933,0.296875,0.27537243947858475,0.28852459016393445,341,0.2604166666666667,232,False,False,0.6599324407779149,0.062173103548796904,3.765151515151515,4.340909090909091,132,,,,,,,0.291112252977175,20,2.98,1.07,66.1,7,1,42,30,1,2,3,1,RP,53,262,41,4.9,5.7,4.07,5.56,0.68,5.259452693908904,-0.017243044326711865,8,1.0,-5.0,6,6,1,1,0.0,4.294316867146231,0.058970159434441595,0.27839643652561247,0.23461538461538461,0.1076923076923077,0.5616717635066258,0.39980122324159023,0.22950819672131148,4.35,0.3475896433295981
664983,Jake Mccarthy,L,COL,1,Jake Irvin,R,663623,822694,COL @ WSH,10:05 AM,27/08,Final,0.7006105062148206,,,,False,1011011111,live,0,0,0.0,0,0,0.2819493347649205,0.36025704024416183,0.32960711223078126,0.34515805453089254,0.15798049947163476,20,1,0.0057644110275689164,1.04,45.9,D,0.2740419378163413,2.289809206804887,0.4427497370966777,0.22081750861243227,16,5,0,0.2894736842105263,0.29523809523809524,0.5936370209689081,0.32682574114244395,0.07953723788864786,0.27728983688833125,0.2616279069767442,0.2561247216035635,0.26954265325981186,0.29927007299270075,293,0.2838709677419355,173,False,False,0.6915837981726414,0.009026708042179199,3.763157894736842,4.087719298245614,114,,,,,,,0.16081312090525196,20,5.62,1.4,81.2,2,8,82,39,0,0,0,17,SP,17,362,75,21.3,9.04,4.3,8.27,1.54,21.32297796240407,-0.0009705062148206434,5,0.5555555555555556,12.0,7,6,1,1,0.0,4.512421894660995,0.07023211889714043,0.298876404494382,0.16597510373443983,0.04771784232365145,0.28,0.3173808219178082,0.22404371584699453,4.442,0.32485457059883943
671277,Luis García,L,NYY,3,Hayden Wesneski,R,669713,823503,HOU @ NYY,4:05 PM,27/08,Final,0.694088215756247,,,,False,1101101011,live,0,0,0.0,0,0,0.306685773853513,0.34195125808254934,0.4864423785084276,0.39161578943789166,0.22095113267614935,20,1,0.08707329752209322,1.007,62.3,C,0.27602905569007263,2.183992427842189,0.3941711544028272,0.2044786899260697,5,6,0,0.20689655172413793,0.29396984924623115,0.5752427184466019,0.3131067961165049,0.11165048543689321,0.24002704530087898,0.25101626016260165,0.26498800959232616,0.24962178517397882,0.26294820717131473,266,0.32386363636363635,185,False,False,0.6833169945620128,0.010771221194234237,3.5,3.69672131147541,122,,,,,,,0.011009446062340389,20,4.23,1.23,27.2,3,1,22,10,0,0,0,5,SP,5,113,24,22.6,7.16,3.25,7.81,0.65,22.34803438782927,-0.005704882422913782,6,0.8571428571428571,9.0,7,6,0,1,0.0,4.191418933032922,0.07354932170989706,0.27884615384615385,0.1689497716894977,0.045662100456621,0.4673489278752437,0.3467714424951267,0.23076923076923078,4.25,0.3458201427721216
677951,Bobby Witt,R,KC,2,Spencer Arrighetti,R,681293,822771,KC @ TOR,4:07 PM,27/08,Final,0.6866293280703446,-212.0,223.0,68.0,True,1110111101,live,0,0,0.0,0,0,0.27883914014309297,0.352638363956631,0.4739828391092946,0.36111705692397333,0.1989763125208768,20,1,0.03590462833099578,0.995,60.1,C,0.2835249042145594,1.5386573888843205,0.3138175607467898,0.21415103576040545,18,6,0,0.2608695652173913,0.2967741935483871,0.4638977635782748,0.46900958466453674,0.0670926517571885,0.26318312559923296,0.2649285113540791,0.2814207650273224,0.26622843056696793,0.29473684210526313,310,0.26993865030674846,198,False,False,0.6879284347404192,-0.0012991066700746012,3.8956521739130436,4.417391304347826,115,,,,,,,0.005496318455502433,20,4.73,1.35,91.1,7,6,91,52,0,0,0,17,SP,18,401,71,22.3,8.97,5.12,7.0,1.28,21.117198926471843,0.004720671929655418,2,0.2857142857142857,1.0,6,6,0,1,0.0,4.511295096001616,0.09938480219425697,0.2890792291220557,0.1739961759082218,0.08604206500956023,0.518395390070922,0.37409685283687943,0.19727891156462585,4.35,0.2951889644991652
670623,Isaac Paredes,R,HOU,3,Gerrit Cole,R,543037,823503,HOU @ NYY,4:05 PM,27/08,Final,0.6833169945620128,-138.0,144.0,58.0,True,1101110110,live,23,6,0.2608695652173913,1,2022,0.26121860533521457,0.25600707512549487,0.22226721861811505,0.2637834892061965,0.036870732758945035,20,1,0.0035714285714285587,1.007,68.8,B,0.3025210084033613,5.191799569097121,0.4275181100148716,0.27637439228085836,16,7,0,0.25833333333333336,0.2619047619047619,0.530758226037196,0.32546494992846925,0.14377682403433475,0.2585917854149204,0.2520205731080088,0.342443729903537,0.26834285714285716,0.2708333333333333,329,0.24404761904761904,204,False,False,0.682676927927154,0.0006400666348588269,3.648,4.264,125,,,,,,,0.0112334027410674,20,3.11,1.07,92.2,7,6,100,20,0,0,0,16,SP,16,376,79,23.5,9.71,1.94,7.67,1.17,23.722308985475212,0.0010955054379870877,8,1.0,12.0,7,6,0,1,0.0,4.295218923326415,0.14035641600356794,0.2642369020501139,0.12941176470588237,0.09411764705882353,0.2801608579088472,0.29680428954423593,0.26356589147286824,4.25,0.2952355629562566
676475,Alec Burleson,L,STL,4,Trevor Rogers,L,669432,823014,BAL @ STL,11:15 AM,27/08,Final,0.6812771359620076,-186.0,203.0,65.0,True,1111111111,live,0,0,0.0,0,0,0.3276947624112018,0.3573230315121788,0.5380446243762086,0.4401903784427737,0.21079064729456695,20,1,-0.026624966564473995,1.031,66.6,B,0.28467858869018847,3.585160868419556,0.40197472494949854,0.21993665022705255,20,6,0,0.26717557251908397,0.29380053908355797,0.6542553191489362,0.13056092843326886,0.21518375241779497,0.3002070393374741,0.2510566356720203,0.340080971659919,0.29241129241129243,0.2931596091205212,336,0.27692307692307694,220,False,False,0.6792563713194855,0.0020207646425220993,3.803030303030303,4.212121212121212,132,,,,,,,0.1971389008432945,20,4.38,1.25,137.2,9,9,121,37,0,0,0,25,SP,25,579,135,23.2,7.91,2.42,8.83,1.05,23.551721632105806,0.007522864037992405,8,1.0,5.0,7,6,1,1,0.0,4.063587526247435,0.04550869904154505,0.29540481400437635,0.1746031746031746,0.07142857142857142,0.49232158988256547,0.3673658536585366,0.1796875,4.159,0.33318793551893844
643289,Mauricio Dubón,R,ATL,4,Yoshinobu Yamamoto,R,808967,824879,LAD @ ATL,4:15 PM,27/08,Final,0.6808791218748871,,,,False,0001111111,live,0,0,0.0,0,0,0.3198364454369855,0.2832300648003156,0.2440243533089367,0.35216582145138586,0.05063342296425537,20,1,-0.0027253589955641977,1.018,86.4,A,0.2970615243342516,3.9511948698304216,0.36629833298875597,0.2595348904211477,20,6,0,0.2712765957446808,0.26855123674911663,0.5488029465930019,0.18232044198895028,0.26887661141804786,0.2738951695786228,0.2689434364994664,0.24415584415584415,0.2697589258468111,0.26394052044609667,285,0.27722772277227725,224,False,False,0.6778776676199377,0.003001454254949354,3.738095238095238,4.0396825396825395,126,,,,,,,0.28516870843127484,20,2.61,0.9,151.2,12,7,145,35,0,0,0,23,SP,23,583,101,25.3,8.6,2.08,5.99,0.89,25.833954855478908,-0.014395788541553656,6,0.75,7.0,7,6,0,1,0.0,3.8272893470003315,0.0382786170319838,0.2650334075723831,0.12164948453608247,0.0577319587628866,0.30824786324786324,0.3123923076923077,0.1935483870967742,4.159,0.32102700027906655
682928,Cj Abrams,L,WSH,1,Gabriel Hughes,R,687312,822694,COL @ WSH,10:05 AM,27/08,Final,0.6801526127151293,-144.0,150.0,59.0,True,0100011100,live,0,0,0.0,0,0,0.16126513711603613,0.28638418887497735,0.29796155121177326,0.26321946238599236,0.2952251048118775,20,1,-0.016149068322981353,1.04,65.9,B,0.26482758620689656,2.1460691192881876,0.31132396484079283,0.1755219803156496,9,5,0,0.2857142857142857,0.26956521739130435,0.623448275862069,0.2731034482758621,0.10344827586206896,0.2494407158836689,0.24207269914926527,0.24060150375939848,0.24551724137931036,0.28044280442804426,312,0.26570048309178745,233,False,True,0.6350109213488261,0.045141691366303194,3.7936507936507935,4.325396825396825,126,,,,,,,-0.1193942672643674,20,6.61,1.45,47.2,0,6,38,19,1,0,1,9,SP,10,211,50,21.1,7.17,3.59,9.44,0.94,20.799539877115986,-0.01826689842941498,7,0.7777777777777778,7.0,7,7,1,1,0.0,4.475960850443775,0.056842444991795645,0.2803532008830022,0.2335907335907336,0.08494208494208494,0.4203313253012049,0.3523132530120482,0.26851851851851855,4.442,0.3281693248419501
702616,Jackson Holliday,L,BAL,1,Gordon Graceffo,R,700669,823014,BAL @ STL,11:15 AM,27/08,Final,0.6794895095470093,,,,True,1100011010,live,0,0,0.0,0,0,0.18493031593543524,0.30668858782629876,0.28951180892178435,0.21014705410835938,0.12606279644419213,20,1,0.028160418482999133,1.031,44.4,D,0.2306878306878307,1.7695462825345984,0.44456419208138664,0.1733685591953441,20,6,0,0.20967741935483872,0.23783783783783785,0.464247598719317,0.41408751334044824,0.12166488794023479,0.20178372352285395,0.2100456621004566,0.19047619047619047,0.20198881292728402,0.2222222222222222,155,0.24107142857142858,132,False,False,0.6385926754458954,0.04089683410111389,3.049382716049383,3.54320987654321,81,,,,,,,-0.08845721893841402,20,2.98,1.07,66.1,7,1,42,30,1,2,3,1,RP,53,262,41,4.9,5.7,4.07,5.56,0.68,5.259452693908904,-0.02385200954700928,8,1.0,-5.0,6,6,1,1,0.0,4.548034637616034,0.042324147915387814,0.22448979591836735,0.2064516129032258,0.13548387096774195,0.3476914414414415,0.3094324324324324,0.13829787234042554,4.442,0.3475896433295981
665489,Vladimir Guerrero,R,TOR,2,Noah Cameron,L,702070,822771,KC @ TOR,4:07 PM,27/08,Final,0.6793745080745625,-194.0,203.0,66.0,False,1111111011,live,5,1,0.2,1,2025,0.2532093643108993,0.3016889996863593,0.3863390681069431,0.26547107670002273,0.0973643976789986,20,1,-0.013914387863561695,0.995,69.6,B,0.27501064282673476,2.6078267978062657,0.3577670187534991,0.20887663843288878,20,6,0,0.25190839694656486,0.26582278481012656,0.4982949701619778,0.2907075873827792,0.21099744245524296,0.2658536585365854,0.2536534446764092,0.24050632911392406,0.260346345758732,0.24734982332155478,313,0.2865853658536585,191,False,False,0.6776148217359642,0.001759686338598243,3.7563025210084033,4.235294117647059,119,,,,,,,0.19549512779726225,20,4.02,1.21,143.1,8,8,128,46,0,0,0,24,SP,25,600,128,24.0,8.04,2.89,8.04,0.88,24.526186305316056,0.009437991925437705,8,1.0,18.0,7,6,0,1,0.0,4.154974837105937,0.023739440822193706,0.26948775055679286,0.13188976377952755,0.08464566929133858,0.4406631762652705,0.32527486910994763,0.22303921568627452,4.35,0.27947231233729747
683002,Gunnar Henderson,L,BAL,3,Gordon Graceffo,R,700669,823014,BAL @ STL,11:15 AM,27/08,Final,0.6788494429121504,,,,True,0101111001,live,0,0,0.0,0,0,0.2059010275045455,0.3560092513296851,0.36946943374194996,0.2829925017884563,0.16567943496820073,20,1,-0.011045933244142547,1.031,44.4,D,0.2306878306878307,1.7695462825345984,0.44456419208138664,0.1733685591953441,20,6,0,0.22784810126582278,0.21680216802168023,0.464247598719317,0.41408751334044824,0.12166488794023479,0.20331773713313483,0.21183053557154277,0.18574766355140188,0.20201567749160135,0.21495327102803738,353,0.22815533980582525,241,False,False,0.6342710802559236,0.04457836265622683,4.022900763358779,4.534351145038168,131,,,,,,,-0.03563368086591051,20,2.98,1.07,66.1,7,1,42,30,1,2,3,1,RP,53,262,41,4.9,5.7,4.07,5.56,0.68,5.259452693908904,-0.022286942912150498,8,1.0,-5.0,6,6,1,1,0.0,4.376450172772497,0.13738964711906004,0.22245322245322247,0.2177121771217712,0.08671586715867159,0.45546372819100095,0.3245619834710744,0.13829787234042554,4.25,0.3475896433295981
660688,Keibert Ruiz,L,WSH,6,Gabriel Hughes,R,687312,822694,COL @ WSH,10:05 AM,27/08,Final,0.6788494429121504,,,,True,1001101110,live,0,0,0.0,0,0,0.33301920411498626,0.31158063881449444,0.30740686434390885,0.36726039243663844,0.06583070393790182,20,2,0.007168458781362019,1.04,65.9,B,0.26482758620689656,2.1460691192881876,0.31132396484079283,0.1755219803156496,9,5,0,0.2777777777777778,0.2849462365591398,0.623448275862069,0.2731034482758621,0.10344827586206896,0.29542302357836336,0.26021505376344084,0.2585551330798479,0.2774327122153209,0.32,160,0.23809523809523808,138,False,True,0.6552935011325763,0.023555941779574097,3.2857142857142856,3.5476190476190474,84,,,,,,,-0.006279785427377541,20,6.61,1.45,47.2,0,6,38,19,1,0,1,9,SP,10,211,50,21.1,7.17,3.59,9.44,0.94,20.799539877115986,-0.0019780143407218675,7,0.7777777777777778,7.0,7,7,1,1,0.0,3.6481534962518096,0.08887525014643285,0.24815724815724816,0.09976798143851508,0.03248259860788863,0.3475274725274725,0.26204945054945056,0.26851851851851855,3.896,0.3281693248419501
670541,Yordan Álvarez,L,HOU,2,Gerrit Cole,R,543037,823503,HOU @ NYY,4:05 PM,27/08,Final,0.6787255203271294,-186.0,194.0,65.0,False,0101110111,live,5,0,0.0,1,2022,0.32789377464641667,0.3682181567156721,0.49206106945390704,0.39210318898938146,0.19031994497024915,20,1,0.0765086206896552,1.007,68.8,B,0.3025210084033613,5.191799569097121,0.4275181100148716,0.27637439228085836,16,7,0,0.2672413793103448,0.34375,0.530758226037196,0.32546494992846925,0.14377682403433475,0.3226934849147355,0.3058933582787652,0.37789904502046384,0.32889641819941917,0.3550488599348534,363,0.2670807453416149,207,False,False,0.6863514904345686,-0.007625970107439151,3.6,4.384615384615385,130,,,,,,,0.1508292570439163,20,3.11,1.07,92.2,7,6,100,20,0,0,0,16,SP,16,376,79,23.5,9.71,1.94,7.67,1.17,23.722308985475212,0.02974947967287067,8,1.0,12.0,7,6,0,1,0.0,4.219740766440688,0.08414780735908008,0.31494252873563217,0.17300380228136883,0.11406844106463879,0.536531007751938,0.4126686046511628,0.20089285714285715,4.35,0.2952355629562566
695734,Daylen Lile,L,WSH,4,Gabriel Hughes,R,687312,822694,COL @ WSH,10:05 AM,27/08,Final,0.6780960237883176,-163.0,178.0,62.0,True,0100101110,live,0,0,0.0,0,0,0.2565074181952622,0.39542723726548495,0.4058046686296294,0.34284691445632154,0.2525822970500136,20,1,-0.005936757905261852,1.04,65.9,B,0.26482758620689656,2.1460691192881876,0.31132396484079283,0.1755219803156496,9,5,0,0.25196850393700787,0.24603174603174602,0.623448275862069,0.2731034482758621,0.10344827586206896,0.21665759390310288,0.22405431619786614,0.23322683706070288,0.22193805058255187,0.24028268551236748,304,0.25675675675675674,244,False,True,0.6259044556042789,0.052191568184038695,3.8257575757575757,4.151515151515151,132,,,,,,,-0.03134775698728443,20,6.61,1.45,47.2,0,6,38,19,1,0,1,9,SP,10,211,50,21.1,7.17,3.59,9.44,0.94,20.799539877115986,-0.014381738074031869,7,0.7777777777777778,7.0,7,7,1,1,0.0,4.239904201078067,0.04785198763948859,0.23736263736263735,0.20242914979757085,0.05263157894736842,0.3652582159624413,0.31994929577464787,0.26851851851851855,4.159,0.3281693248419501
661388,William Contreras,R,MIL,3,Sean Manaea,L,640455,823581,MIL @ NYM,4:10 PM,27/08,Final,0.6772669089142568,-203.0,212.0,67.0,False,0111011110,live,11,4,0.36363636363636365,1,2022,0.30094032675330984,0.3259138782254708,0.46719482595600736,0.3562018633001534,0.09024316826534376,20,1,0.0553484551715423,0.949,48.9,D,0.2760705289672544,3.185412493261056,0.4560987626153463,0.23880436613488074,20,6,0,0.30612244897959184,0.25077399380804954,0.6554156171284635,0.31083123425692694,0.033753148614609575,0.28294979079497906,0.23821989528795812,0.3078817733990148,0.27285796434732607,0.2743682310469314,312,0.25906735751295334,215,False,False,0.6761455135190064,0.0011213953952503575,3.8524590163934427,4.319672131147541,122,,,,,,,0.12690666326957598,20,4.31,1.31,117.0,4,5,117,39,0,0,0,13,RP,27,506,114,18.7,9.0,3.0,8.77,1.46,22.35321269971552,-0.022179408914256737,8,0.8888888888888888,-7.0,6,6,0,1,0.0,4.5952357814397295,0.11294478550010648,0.2657952069716776,0.13733075435203096,0.0851063829787234,0.43960481099656357,0.31093298969072164,0.26578073089701,4.25,0.32410886169649766
672515,Gabriel Moreno,R,AZ,3,Landen Roupp,R,694738,823179,AZ @ SF,6:45 PM,27/08,Final,0.6745350394447124,-144.0,178.0,59.0,True,1111111001,live,6,2,0.3333333333333333,1,2024,0.2707320199273416,0.2953611549636175,0.4050672231237391,0.33699127388144545,0.1378119859886005,20,2,0.0649129172714078,0.994,60.3,C,0.2777777777777778,1.5695083891789865,0.3061854128220767,0.19511262576318927,20,7,0,0.25961538461538464,0.32452830188679244,0.5309734513274337,0.25705857564264645,0.21196797302991993,0.30690245293782087,0.29075804776739356,0.3059125964010283,0.299744081893794,0.3023255813953488,245,0.3116883116883117,187,False,False,0.6714782936867217,0.003056745757990642,3.5825242718446604,4.194174757281553,103,,,,,,,0.05610589788874439,20,4.34,1.31,134.2,7,13,130,64,0,0,0,25,SP,25,574,113,23.0,8.69,4.28,7.55,0.67,23.50545484175872,-0.005915039444712389,5,0.5,-2.0,7,6,0,0,0.0,4.429584642947126,0.11642340768891224,0.31002331002331,0.15476190476190477,0.11706349206349206,0.4346628679962013,0.35184615384615386,0.23902439024390243,4.35,0.31081829220001983
671056,Iván Herrera,R,STL,2,Trevor Rogers,L,669432,823014,BAL @ STL,11:15 AM,27/08,Final,0.6738949728098537,-156.0,170.0,61.0,False,1000110111,live,0,0,0.0,0,0,0.2581212976573873,0.30954779205363486,0.3129609223324232,0.36741047088783424,0.27080777814991647,20,1,-0.0213657310431504,1.031,66.6,B,0.28467858869018847,3.585160868419556,0.40197472494949854,0.21993665022705255,20,6,0,0.23376623376623376,0.25513196480938416,0.6542553191489362,0.13056092843326886,0.21518375241779497,0.22933446375582875,0.2273381294964029,0.25043478260869567,0.2313191881918819,0.237012987012987,364,0.26737967914438504,226,False,False,0.6481972831358077,0.025697689674045954,3.75,4.46969696969697,132,,,,,,,0.09786286433410761,20,4.38,1.25,137.2,9,9,121,37,0,0,0,25,SP,25,579,135,23.2,7.91,2.42,8.83,1.05,23.551721632105806,-0.01385747280985361,8,1.0,5.0,7,6,1,1,0.0,4.6112758981395086,0.12699621761234825,0.24503311258278146,0.18435754189944134,0.09683426443202979,0.39962335216572503,0.310795197740113,0.28254847645429365,4.35,0.33318793551893844
686948,Drake Baldwin,L,ATL,1,Yoshinobu Yamamoto,R,808967,824879,LAD @ ATL,4:15 PM,27/08,Final,0.670730765591439,-156.0,163.0,61.0,True,1110000111,live,0,0,0.0,0,0,0.2934333456830114,0.3206949297154055,0.5041908131226012,0.36116209637681473,0.20753156623063687,20,1,0.004462484274490253,1.018,86.4,A,0.2970615243342516,3.9511948698304216,0.36629833298875597,0.2595348904211477,20,6,0,0.271523178807947,0.27598566308243727,0.5488029465930019,0.18232044198895028,0.26887661141804786,0.26318407960199003,0.2509727626459144,0.28884462151394424,0.2637517630465444,0.27941176470588236,303,0.26582278481012656,184,False,False,0.671183500248325,-0.00045273465688600023,3.909090909090909,4.427272727272728,110,,,,,,,0.21221189006411775,20,2.61,0.9,151.2,12,7,145,35,0,0,0,23,SP,23,583,101,25.3,8.6,2.08,5.99,0.89,25.833954855478908,-0.004014098924772225,6,0.75,7.0,7,6,0,1,0.0,4.288184229202316,0.07583610828030925,0.2762312633832976,0.2060491493383743,0.09829867674858223,0.5148975791433892,0.3477039106145251,0.17777777777777778,4.442,0.32102700027906655
665161,Jeremy Peña,R,HOU,1,Gerrit Cole,R,543037,823503,HOU @ NYY,4:05 PM,27/08,Final,0.670730765591439,,,,True,1111001110,live,0,0,0.0,0,0,0.17114458799135976,0.3336026261216673,0.37886903220006185,0.303122185263872,0.3955670747516682,20,1,0.0868725868725869,1.007,68.8,B,0.3025210084033613,5.191799569097121,0.4275181100148716,0.27637439228085836,16,7,0,0.21428571428571427,0.30115830115830117,0.530758226037196,0.32546494992846925,0.14377682403433475,0.2792727272727273,0.25918367346938775,0.28023598820059,0.27192008879023305,0.2796208530805687,228,0.288135593220339,131,False,False,0.6665162804160404,0.004214485175398575,4.012195121951219,4.378048780487805,82,,,,,,,-0.15179609615297757,20,3.11,1.07,92.2,7,6,100,20,0,0,0,16,SP,16,376,79,23.5,9.71,1.94,7.67,1.17,23.722308985475212,0.0034817344085610324,8,1.0,12.0,7,6,0,1,0.0,4.262371477727983,0.023392780095013603,0.27800829875518673,0.20415879017013233,0.0661625708884688,0.4201871657754011,0.3468422459893048,0.26356589147286824,4.442,0.2952355629562566
646240,Rafael Devers,L,SF,2,Jose Cabrera,R,703615,823179,AZ @ SF,6:45 PM,27/08,Final,0.669610203966549,-178.0,186.0,64.0,True,1011100111,live,0,0,0.0,0,0,0.24082474204720192,0.2707701841004288,0.47004356169505745,0.2787348236583476,0.20386134708642042,20,1,0.057377690802348336,0.994,51.0,C,0.25357142857142856,,,,4,50,0,0.2054794520547945,0.26285714285714284,0.6021505376344086,0.2831541218637993,0.11469534050179211,0.23653846153846153,0.22279260780287474,0.29063097514340347,0.24256348246674728,0.24829931972789115,331,0.24257425742574257,229,False,True,0.6427924380858497,0.026817765880699285,3.757575757575758,4.242424242424242,132,,,,,,,0.12287754369237074,20,5.6,1.53,17.2,0,2,12,7,0,0,0,4,SP,4,81,20,20.2,6.11,3.57,10.19,1.53,,-0.027632426188771264,9,1.0,23.0,6,7,0,0,0.0,4.282126184397643,0.1342565952262786,0.24611973392461198,0.25736738703339884,0.09823182711198428,0.5109895833333333,0.32373124999999997,0.24390243902439024,4.35,0.28508347792270505
691023,Jordan Walker,R,STL,3,Trevor Rogers,L,669432,823014,BAL @ STL,11:15 AM,27/08,Final,0.6677434125786751,-156.0,170.0,61.0,True,1111110101,live,6,1,0.16666666666666666,1,2023,0.26997519054110347,0.2984291351163431,0.49065613211848647,0.38898022743173793,0.2108111334500476,20,1,0.005229806077263699,1.031,66.6,B,0.28467858869018847,3.585160868419556,0.40197472494949854,0.21993665022705255,20,6,0,0.2905405405405405,0.2853107344632768,0.6542553191489362,0.13056092843326886,0.21518375241779497,0.2640480087288598,0.25413966882649386,0.27191011235955054,0.2622017353579176,0.27631578947368424,330,0.30303030303030304,222,False,False,0.6606088750539406,0.0071345375247344744,3.891472868217054,4.27906976744186,129,,,,,,,-0.00016961476264856616,20,4.38,1.25,137.2,9,9,121,37,0,0,0,25,SP,25,579,135,23.2,7.91,2.42,8.83,1.05,23.551721632105806,0.004144087421324882,8,1.0,5.0,7,6,1,1,0.0,4.305880458363352,0.07232448822543133,0.2923728813559322,0.2413127413127413,0.07335907335907337,0.46661863592699326,0.37567723342939485,0.28254847645429365,4.25,0.33318793551893844
681198,Tj Rumfield,L,COL,4,Jake Irvin,R,663623,822694,COL @ WSH,10:05 AM,27/08,Final,0.6665162804160404,,,,True,0111000101,live,0,0,0.0,0,0,0.20676678084731134,0.25045364433928696,0.24281748695401703,0.23624656192355656,0.12687011016205385,20,1,0.024552429667519193,1.04,45.9,D,0.2740419378163413,2.289809206804887,0.4427497370966777,0.22081750861243227,16,5,0,0.26956521739130435,0.29411764705882354,0.5936370209689081,0.32682574114244395,0.07953723788864786,0.29516685845799767,0.25203252032520324,0.23369565217391305,0.27232796486090777,0.26296296296296295,308,0.32432432432432434,214,True,False,0.639924158350028,0.026592122066012358,3.5271317829457365,4.046511627906977,129,,,,,,,-0.04874504798186113,20,5.62,1.4,81.2,2,8,82,39,0,0,0,17,SP,17,362,75,21.3,9.04,4.3,8.27,1.54,21.32297796240407,-0.007616280416040344,5,0.5555555555555556,12.0,7,6,1,1,0.0,4.10928675216387,0.1611409898060518,0.28169014084507044,0.13786008230452676,0.09876543209876543,0.26508820798514393,0.3005787372330548,0.22404371584699453,4.159,0.32485457059883943
691458,Blaze Jordan,R,STL,6,Trevor Rogers,L,669432,823014,BAL @ STL,11:15 AM,27/08,Final,0.6660559789717603,,,,True,1101011110,live,0,0,0.0,0,0,0.2847545149654169,0.35630864597419115,0.509481081370037,0.3632758514175588,0.1243251704274318,20,1,0.04063773675377605,1.031,66.6,B,0.28467858869018847,3.585160868419556,0.40197472494949854,0.21993665022705255,20,6,0,0.26744186046511625,0.2268041237113402,0.6542553191489362,0.13056092843326886,0.21518375241779497,0.2326283987915408,0.2649350649350649,0.1761006289308176,0.23573200992555832,0.2358490566037736,110,0.2597402597402597,86,True,False,0.6358122995096923,0.030243679462067963,3.267857142857143,3.5,56,,,,,,,0.05545584772891333,20,4.38,1.25,137.2,9,9,121,37,0,0,0,25,SP,25,579,135,23.2,7.91,2.42,8.83,1.05,23.551721632105806,-0.011118478971760215,8,1.0,5.0,7,6,1,1,0.0,3.274674726939875,0.027573885841512467,0.24861878453038674,0.15025906735751296,0.03626943005181347,0.4364035087719298,0.3076513157894737,0.28254847645429365,3.896,0.33318793551893844
672386,Alejandro Kirk,R,TOR,3,Noah Cameron,L,702070,822771,KC @ TOR,4:07 PM,27/08,Final,0.6633892509901437,-186.0,194.0,65.0,True,1111111100,live,0,0,0.0,0,0,0.2936856190919962,0.30238392168477507,0.5146889985882566,0.34347535938120954,0.05883422550899477,20,1,0.07960834397616004,0.995,69.6,B,0.27501064282673476,2.6078267978062657,0.3577670187534991,0.20887663843288878,20,6,0,0.32098765432098764,0.2413793103448276,0.4982949701619778,0.2907075873827792,0.21099744245524296,0.30244941427050054,0.26495726495726496,0.36363636363636365,0.29916317991631797,0.3333333333333333,119,0.20652173913043478,107,False,False,0.6689329595391721,-0.005543708549028414,3.396551724137931,3.896551724137931,58,,,,,,,0.12816004126877012,20,4.02,1.21,143.1,8,8,128,46,0,0,0,24,SP,25,600,128,24.0,8.04,2.89,8.04,0.88,24.526186305316056,0.001348249009856306,8,1.0,18.0,7,6,0,1,0.0,4.135244581412174,0.1154063561069556,0.26097560975609757,0.13924050632911392,0.10548523206751055,0.4204457364341085,0.2998343023255814,0.22303921568627452,4.25,0.27947231233729747
686611,Dylan Crews,R,WSH,2,Gabriel Hughes,R,687312,822694,COL @ WSH,10:05 AM,27/08,Final,0.6632530547259229,,,,True,0100111011,live,0,0,0.0,0,0,0.20392675553928458,0.3213774986644132,0.447515884141546,0.312445362057829,0.28392311803808884,20,1,-0.07368421052631577,1.04,65.9,B,0.26482758620689656,2.1460691192881876,0.31132396484079283,0.1755219803156496,9,5,0,0.2631578947368421,0.18947368421052632,0.623448275862069,0.2731034482758621,0.10344827586206896,0.2174959871589085,0.20128824476650564,0.3269230769230769,0.22648572765559194,0.24157303370786518,191,0.18253968253968253,144,False,True,0.6128712570057392,0.050381797720183696,3.753086419753086,4.135802469135802,81,,,,,,,0.07525877235012744,20,6.61,1.45,47.2,0,6,38,19,1,0,1,9,SP,10,211,50,21.1,7.17,3.59,9.44,0.94,20.799539877115986,-0.013267340440208608,7,0.7777777777777778,7.0,7,7,1,1,0.0,3.8709625787208117,0.06406300930650528,0.2146118721461187,0.22614107883817428,0.07468879668049792,0.4133738601823708,0.30726443768996964,0.24561403508771928,4.35,0.3281693248419501
694192,Jackson Chourio,R,MIL,1,Sean Manaea,L,640455,823581,MIL @ NYM,4:10 PM,27/08,Final,0.6625294162120433,-223.0,233.0,69.0,True,1011111010,live,6,2,0.3333333333333333,1,2024,0.26122509433832947,0.3413972361245117,0.4133068116626353,0.3285755860046965,0.22796250502519907,20,2,-0.0007730851825339946,0.949,48.9,D,0.2760705289672544,3.185412493261056,0.4560987626153463,0.23880436613488074,20,6,0,0.2755905511811024,0.27636363636363637,0.6554156171284635,0.31083123425692694,0.033753148614609575,0.2529262086513995,0.2919369786839666,0.2655367231638418,0.2668621700879765,0.2875,263,0.25925925925925924,180,False,False,0.6593037028171966,0.0032257133948466743,4.1020408163265305,4.520408163265306,98,,,,,,,0.00646042724162599,20,4.31,1.31,117.0,4,5,117,39,0,0,0,13,RP,27,506,114,18.7,9.0,3.0,8.77,1.46,22.35321269971552,-0.009716916212043292,8,0.8888888888888888,-7.0,6,6,0,1,0.0,4.4067447590233595,0.08416592086149434,0.26954732510288065,0.24765478424015008,0.06566604127579738,0.4951035781544256,0.34341525423728814,0.26578073089701,4.442,0.32410886169649766
645277,Ozzie Albies,L,ATL,2,Yoshinobu Yamamoto,R,808967,824879,LAD @ ATL,4:15 PM,27/08,Final,0.6611015088694635,-138.0,144.0,58.0,True,0111101111,live,0,0,0.0,0,0,0.23678237379280848,0.30064467808934464,0.2135871587719709,0.2882096322767357,0.12255763917921561,20,1,-0.07123473541383987,1.018,86.4,A,0.2970615243342516,3.9511948698304216,0.36629833298875597,0.2595348904211477,20,6,0,0.29850746268656714,0.22727272727272727,0.5488029465930019,0.18232044198895028,0.26887661141804786,0.24919093851132687,0.2515952597994531,0.2332928311057108,0.2469592808038075,0.26366559485530544,344,0.24242424242424243,224,False,False,0.6689329595391721,-0.007831450669708584,3.827067669172932,4.2706766917293235,133,,,,,,,0.04556664738034639,20,2.61,0.9,151.2,12,7,145,35,0,0,0,23,SP,23,583,101,25.3,8.6,2.08,5.99,0.89,25.833954855478908,0.007031824463869851,6,0.75,7.0,7,6,0,1,0.0,4.112911124795343,0.09419503914785397,0.24726477024070023,0.14090019569471623,0.0684931506849315,0.2847619047619047,0.27007186147186146,0.17777777777777778,4.35,0.32102700027906655
695506,Jac Caglianone,L,KC,3,Spencer Arrighetti,R,681293,822771,KC @ TOR,4:07 PM,27/08,Final,0.6607534916824173,-178.0,186.0,64.0,True,1110111010,live,0,0,0.0,0,0,0.38145448991079417,0.3577335317750156,0.4613225806563004,0.4462796938137279,0.21792020494127654,20,1,-0.026022702934247133,0.995,60.1,C,0.2835249042145594,1.5386573888843205,0.3138175607467898,0.21415103576040545,18,6,0,0.29310344827586204,0.2670807453416149,0.4638977635782748,0.46900958466453674,0.0670926517571885,0.26258503401360545,0.23773584905660378,0.26159554730983303,0.253411306042885,0.2677165354330709,278,0.2826086956521739,195,False,False,0.6554098607346514,0.005343630947765909,3.5901639344262297,3.877049180327869,122,,,,,,,0.16546897190464852,20,4.73,1.35,91.1,7,6,91,52,0,0,0,17,SP,18,401,71,22.3,8.97,5.12,7.0,1.28,21.117198926471843,-0.00015349168241718392,2,0.2857142857142857,1.0,6,6,0,1,0.0,3.9001771778226733,0.0,0.27713625866050806,0.25854700854700857,0.057692307692307696,0.5512820512820513,0.3892051282051282,0.23076923076923078,4.25,0.2951889644991652
665877,José Fermín,R,STL,1,Trevor Rogers,L,669432,823014,BAL @ STL,11:15 AM,27/08,Final,0.6594664557806619,,,,True,0011110100,live,0,0,0.0,0,0,0.2512755996866095,0.3113922994339293,0.37524010867125096,0.29405038966397506,0.12119121483487309,20,1,0.10026319087604962,1.031,66.6,B,0.28467858869018847,3.585160868419556,0.40197472494949854,0.21993665022705255,20,6,0,0.27848101265822783,0.1782178217821782,0.6542553191489362,0.13056092843326886,0.21518375241779497,0.24861878453038674,0.24242424242424243,0.28174603174603174,0.2510351966873706,0.23484848484848486,146,0.2440944881889764,147,False,False,0.631847137109734,0.027619318670927928,2.78494623655914,3.150537634408602,93,,,,,,,-0.05722504978788174,20,4.38,1.25,137.2,9,9,121,37,0,0,0,25,SP,25,579,135,23.2,7.91,2.42,8.83,1.05,23.551721632105806,-0.014691455780661888,8,1.0,5.0,7,6,1,1,0.0,3.525554165958837,0.08854434757546759,0.2389937106918239,0.12154696132596685,0.09116022099447514,0.31204379562043794,0.28254379562043797,0.28254847645429365,4.442,0.33318793551893844
671739,Michael Harris,L,ATL,5,Yoshinobu Yamamoto,R,808967,824879,LAD @ ATL,4:15 PM,27/08,Final,0.6576045807338801,-170.0,178.0,63.0,True,1111111110,live,0,0,0.0,0,0,0.2846702661320591,0.33494061437666334,0.39675714981363647,0.3514635944507304,0.20163528599511163,20,1,0.017748917748917792,1.018,86.4,A,0.2970615243342516,3.9511948698304216,0.36629833298875597,0.2595348904211477,20,6,0,0.2792207792207792,0.296969696969697,0.5488029465930019,0.18232044198895028,0.26887661141804786,0.26010244735344334,0.24199623352165725,0.31610337972166996,0.26394273784670447,0.2737226277372263,292,0.3142857142857143,222,False,False,0.6665534582085583,-0.008948877474678207,3.811023622047244,4.047244094488189,127,,,,,,,0.10025123145182488,20,2.61,0.9,151.2,12,7,145,35,0,0,0,23,SP,23,583,101,25.3,8.6,2.08,5.99,0.89,25.833954855478908,-0.009537914067213382,6,0.75,7.0,7,6,0,1,0.0,4.158080477793095,0.027179043210279547,0.29540481400437635,0.1958762886597938,0.03711340206185567,0.4878453038674033,0.3666574585635359,0.17777777777777778,4.024,0.32102700027906655
663757,Trent Grisham,L,NYY,1,Hayden Wesneski,R,669713,823503,HOU @ NYY,4:05 PM,27/08,Final,0.6561766733913001,-170.0,186.0,63.0,False,0011100101,live,0,0,0.0,0,0,0.20903430217981603,0.34306333495793445,0.5607854820979552,0.28151721112310546,0.25536218194212923,20,1,-0.068349299926308,1.007,62.3,C,0.27602905569007263,2.183992427842189,0.3941711544028272,0.2044786899260697,5,6,0,0.2717391304347826,0.2033898305084746,0.5752427184466019,0.3131067961165049,0.11165048543689321,0.21779617175375066,0.20921544209215442,0.19919517102615694,0.2126081582200247,0.21645021645021645,263,0.22435897435897437,185,False,False,0.646607559148404,0.009569114242896193,3.518181818181818,4.072727272727272,110,,,,,,,0.022421529907534665,20,4.23,1.23,27.2,3,1,22,10,0,0,0,5,SP,5,113,24,22.6,7.16,3.25,7.81,0.65,22.34803438782927,-0.014160006724633467,6,0.8571428571428571,9.0,7,6,0,1,0.0,4.511038956134002,0.1351545651524523,0.21770334928229665,0.18219461697722567,0.12629399585921325,0.4603030303030303,0.2989969696969697,0.23076923076923078,4.442,0.3458201427721216
518692,Freddie Freeman,L,LAD,4,Chris Sale,L,519242,824879,LAD @ ATL,4:15 PM,27/08,Final,0.6520388687539849,-150.0,156.0,60.0,True,0011101101,live,6,2,0.3333333333333333,1,2024,0.2764935851857043,0.3766182283838147,0.3052240887415352,0.3630614754834543,0.17419421317275252,20,1,0.06625519335250879,1.018,81.3,A,0.32642725598526706,7.606359529360409,0.3589463546052606,0.32624510201446827,20,6,0,0.348993288590604,0.28273809523809523,0.49332105020727773,0.39613081529249194,0.11054813450023031,0.29876977152899825,0.28,0.30903790087463556,0.2948473282442748,0.2996742671009772,341,0.3089887640449438,209,False,False,0.6665162804160404,-0.014477411662055517,3.7890625,4.296875,128,,,,,,,-0.07919769031661644,20,2.2,1.03,135.0,12,9,166,28,0,0,0,23,SP,23,542,111,23.6,11.07,1.87,7.4,0.53,23.50132919859946,0.02022779791268181,3,0.42857142857142855,6.0,7,5,0,1,0.0,4.393046607248819,0.06117534511248499,0.3053097345132743,0.17248062015503876,0.10271317829457365,0.4228650137741047,0.3709600550964187,0.24390243902439024,4.159,0.3189622983109173
682998,Corbin Carroll,L,AZ,2,Landen Roupp,R,694738,823179,AZ @ SF,6:45 PM,27/08,Final,0.654794031378973,-186.0,194.0,65.0,False,1001111010,live,11,2,0.18181818181818182,1,2024,0.2739230544099165,0.35495352127093033,0.47758686865089917,0.33557286443054396,0.2111907191370987,20,1,-0.15662866085401295,0.994,60.3,C,0.2777777777777778,1.5695083891789865,0.3061854128220767,0.19511262576318927,20,7,0,0.36507936507936506,0.2084507042253521,0.5309734513274337,0.25705857564264645,0.21196797302991993,0.24387151310228233,0.27724665391969405,0.2127329192546584,0.24741251848201085,0.2671009771986971,345,0.21839080459770116,214,False,False,0.6427924380858497,0.012001593293123225,3.7286821705426356,4.333333333333333,129,,,,,,,0.1429846727711808,20,4.34,1.31,134.2,7,13,130,64,0,0,0,25,SP,25,574,113,23.0,8.69,4.28,7.55,0.67,23.50545484175872,0.008025968621027002,5,0.5,-2.0,7,6,0,0,0.0,4.200829454603516,0.11194527855823494,0.24611973392461198,0.21606118546845124,0.11281070745697896,0.49457593688362916,0.33528599605522685,0.21694915254237288,4.442,0.31081829220001983
687859,Troy Johnston,L,COL,6,Jake Irvin,R,663623,822694,COL @ WSH,10:05 AM,27/08,Final,0.6485495689177642,,,,True,0011101101,live,0,0,0.0,0,0,0.23360443571087516,0.35311905115927655,0.3511350405994492,0.2939560130311275,0.1747780924962001,20,1,0.023660714285714313,1.04,45.9,D,0.2740419378163413,2.289809206804887,0.4427497370966777,0.22081750861243227,16,5,0,0.265625,0.2892857142857143,0.5936370209689081,0.32682574114244395,0.07953723788864786,0.24330357142857142,0.2981072555205047,0.24367816091954023,0.26133553173948887,0.26865671641791045,222,0.3076923076923077,168,False,False,0.6131175217095998,0.0354320472081644,3.1559633027522938,3.5779816513761467,109,,,,,,,-0.003556534030028611,20,5.62,1.4,81.2,2,8,82,39,0,0,0,17,SP,17,362,75,21.3,9.04,4.3,8.27,1.54,21.32297796240407,-0.01290956891776418,5,0.5555555555555556,12.0,7,6,1,1,0.0,3.477080056312816,0.05817932974343694,0.2926829268292683,0.17632850241545894,0.0821256038647343,0.388231981981982,0.33875563063063063,0.22404371584699453,3.896,0.32485457059883943
650489,Willi Castro,L,COL,3,Jake Irvin,R,663623,822694,COL @ WSH,10:05 AM,27/08,Final,0.6471002213595908,,,,True,1110111110,live,6,0,0.0,1,2024,0.23651269277112927,0.36566927487517537,0.3966868769016615,0.340494483465342,0.26559212977562424,20,1,0.011135199054000788,1.04,45.9,D,0.2740419378163413,2.289809206804887,0.4427497370966777,0.22081750861243227,16,5,0,0.2558139534883721,0.2669491525423729,0.5936370209689081,0.32682574114244395,0.07953723788864786,0.25290697674418605,0.25551232166018156,0.22191400832177532,0.24596273291925466,0.2863247863247863,258,0.22988505747126436,202,False,False,0.6199556281056543,0.027144593253936478,3.5789473684210527,4.035087719298246,114,,,,,,,0.06070406769113984,20,5.62,1.4,81.2,2,8,82,39,0,0,0,17,SP,17,362,75,21.3,9.04,4.3,8.27,1.54,21.32297796240407,0.0005997786404091654,5,0.5555555555555556,12.0,7,6,1,1,0.0,4.0723892745591606,0.10482573053838652,0.2624113475177305,0.27578947368421053,0.08210526315789474,0.41210045662100453,0.3238227739726028,0.22404371584699453,4.25,0.32485457059883943
686469,Vinnie Pasquantino,L,KC,4,Spencer Arrighetti,R,681293,822771,KC @ TOR,4:07 PM,27/08,Final,0.6456366368537337,-163.0,170.0,62.0,True,0111110110,live,0,0,0.0,0,0,0.2914133133333932,0.3218656715731045,0.5416589126685015,0.3250762300120712,0.08297873264243107,20,1,0.012182576208782298,0.995,60.1,C,0.2835249042145594,1.5386573888843205,0.3138175607467898,0.21415103576040545,18,6,0,0.2328767123287671,0.2450592885375494,0.4638977635782748,0.46900958466453674,0.0670926517571885,0.23981295925183702,0.2138364779874214,0.27941176470588236,0.23800738007380073,0.24083769633507854,225,0.24444444444444444,151,False,False,0.6541579946836599,-0.008521357829926135,3.7045454545454546,4.2727272727272725,88,,,,,,,0.10099933152954488,20,4.73,1.35,91.1,7,6,91,52,0,0,0,17,SP,18,401,71,22.3,8.97,5.12,7.0,1.28,21.117198926471843,-0.005086636853733784,2,0.2857142857142857,1.0,6,6,0,1,0.0,4.218156666717405,0.10397278778260946,0.24663677130044842,0.15643564356435644,0.09108910891089109,0.4382379654859219,0.29619573115349684,0.23076923076923078,4.159,0.2951889644991652
694249,Cole Carrigg,L,COL,2,Jake Irvin,R,663623,822694,COL @ WSH,10:05 AM,27/08,Final,0.6445287379616844,,,,False,1101110001,live,0,0,0.0,0,0,0.19510286139061286,0.30196071892877624,0.32648804262585274,0.2978410580020494,0.2934124217469442,20,1,-0.05959156344158015,1.04,45.9,D,0.2740419378163413,2.289809206804887,0.4427497370966777,0.22081750861243227,16,5,0,0.30097087378640774,0.2413793103448276,0.5936370209689081,0.32682574114244395,0.07953723788864786,0.26895734597156395,0.24146341463414633,0.2375,0.2536144578313253,0.26865671641791045,147,0.27058823529411763,108,True,False,0.6261679354349484,0.018360802526735998,3.5901639344262297,4.180327868852459,61,,,,,,,0.1063659842784779,20,5.62,1.4,81.2,2,8,82,39,0,0,0,17,SP,17,362,75,21.3,9.04,4.3,8.27,1.54,21.32297796240407,0.0027112620383156205,5,0.5555555555555556,12.0,7,6,1,1,0.0,4.572168280740371,0.06539332503969483,0.2744186046511628,0.21739130434782608,0.09881422924901186,0.33645833333333336,0.3286375,0.22404371584699453,4.35,0.32485457059883943
676391,Ernie Clement,R,TOR,6,Noah Cameron,L,702070,822771,KC @ TOR,4:07 PM,27/08,Final,0.6427924380858497,-178.0,186.0,64.0,True,1101111010,live,5,0,0.0,1,2025,0.24093671017314205,0.28861365631608804,0.10747346013676762,0.27624415118362466,0.11699382137910255,20,1,-0.0332780541735766,0.995,69.6,B,0.27501064282673476,2.6078267978062657,0.3577670187534991,0.20887663843288878,20,6,0,0.25925925925925924,0.29253731343283584,0.4982949701619778,0.2907075873827792,0.21099744245524296,0.2695035460992908,0.27300613496932513,0.22065727699530516,0.2644308287649145,0.24573378839590443,304,0.3333333333333333,219,False,False,0.6532497215666659,-0.010457283480816204,3.8230769230769233,4.023076923076923,130,,,,,,,0.017787637214679762,20,4.02,1.21,143.1,8,8,128,46,0,0,0,24,SP,25,600,128,24.0,8.04,2.89,8.04,0.88,24.526186305316056,0.009807561914150331,8,1.0,18.0,7,6,0,1,0.0,3.85209271401505,0.03724536008264767,0.2844638949671772,0.09937888198757763,0.037267080745341616,0.19885900570497148,0.27881255093724533,0.22303921568627452,3.896,0.27947231233729747
805811,Bryce Eldridge,L,SF,3,Jose Cabrera,R,703615,823179,AZ @ SF,6:45 PM,27/08,Final,0.6405185362770641,3233.0,3233.0,3.0,True,0111101111,live,0,0,0.0,0,0,0.27862008329519844,0.3784583972001228,0.5163182600540593,0.38600307069913126,0.25023930061353794,20,4,-0.04377594479486763,0.994,51.0,C,0.25357142857142856,,,,4,50,0,0.2839506172839506,0.24017467248908297,0.6021505376344086,0.2831541218637993,0.11469534050179211,0.2762738853503185,0.27005649717514124,0.22506393861892582,0.2672447772960189,0.28,198,0.21481481481481482,158,False,True,0.6140121191891853,0.02650641708787882,3.5632183908045976,4.091954022988506,87,,,,,,,0.2506315323490467,20,5.6,1.53,17.2,0,2,12,7,0,0,0,4,SP,4,81,20,20.2,6.11,3.57,10.19,1.53,,-0.022440758499286395,9,1.0,23.0,6,7,0,0,0.0,4.129060470632103,0.10386435263901134,0.23529411764705882,0.2770780856423174,0.13350125944584382,0.5282608695652173,0.35208260869565217,0.24390243902439024,4.25,0.28508347792270505
621566,Matt Olson,L,ATL,3,Yoshinobu Yamamoto,R,808967,824879,LAD @ ATL,4:15 PM,27/08,Final,0.640331477969153,-127.0,133.0,56.0,False,1101011011,live,0,0,0.0,0,0,0.23253388443627487,0.39364848578477996,0.5127939006013981,0.31117133672422714,0.27148189286333213,20,1,0.02292535051155739,1.018,86.4,A,0.2970615243342516,3.9511948698304216,0.36629833298875597,0.2595348904211477,20,6,0,0.24630541871921183,0.2692307692307692,0.5488029465930019,0.18232044198895028,0.26887661141804786,0.25627376425855514,0.2477383437717467,0.2593856655290102,0.25418275418275416,0.25,348,0.27586206896551724,231,False,False,0.6482839582441807,-0.007952480275027707,3.8721804511278197,4.353383458646617,133,,,,,,,-0.0148069186213544,20,2.61,0.9,151.2,12,7,145,35,0,0,0,23,SP,23,583,101,25.3,8.6,2.08,5.99,0.89,25.833954855478908,0.002285188697513596,6,0.75,7.0,7,6,0,1,0.0,4.228327096134234,0.06465572407168665,0.25806451612903225,0.2471264367816092,0.09195402298850575,0.5041666666666667,0.3489047619047619,0.17777777777777778,4.25,0.32102700027906655
691781,Brady House,R,WSH,5,Gabriel Hughes,R,687312,822694,COL @ WSH,10:05 AM,27/08,Final,0.6381213500103242,,,,True,1100011010,live,0,0,0.0,0,0,0.22481083938185428,0.33530076730321967,0.455443636077963,0.2960611875644098,0.2693964258691974,20,2,-0.08851063829787237,1.04,65.9,B,0.26482758620689656,2.1460691192881876,0.31132396484079283,0.1755219803156496,9,5,0,0.28,0.19148936170212766,0.623448275862069,0.2731034482758621,0.10344827586206896,0.2215122470713525,0.22916666666666666,0.28695652173913044,0.2329708070978821,0.24427480916030533,143,0.20909090909090908,121,False,True,0.5835856405220117,0.054535709488312545,3.5441176470588234,3.8823529411764706,68,,,,,,,-0.02894113715839695,20,6.61,1.45,47.2,0,6,38,19,1,0,1,9,SP,10,211,50,21.1,7.17,3.59,9.44,0.94,20.799539877115986,0.004007221418247164,7,0.7777777777777778,7.0,7,7,1,1,0.0,3.6527607965193796,0.0977033887949654,0.22926829268292684,0.29545454545454547,0.05227272727272727,0.47738095238095235,0.3435035714285714,0.24561403508771928,4.024,0.3281693248419501
672695,Geraldo Perdomo,L,AZ,4,Landen Roupp,R,694738,823179,AZ @ SF,6:45 PM,27/08,Final,0.6544403735154654,104.0,127.0,49.0,True,0010101111,live,9,3,0.3333333333333333,1,2024,0.3135559923847557,0.3607191418545663,0.35941346436025373,0.3334864415133961,0.1269184620191145,20,1,-0.09040973171766703,0.994,60.3,C,0.2777777777777778,1.5695083891789865,0.3061854128220767,0.19511262576318927,20,7,0,0.31496062992125984,0.2245508982035928,0.5309734513274337,0.25705857564264645,0.21196797302991993,0.2546709991876523,0.27653061224489794,0.2628032345013477,0.2609732824427481,0.28169014084507044,337,0.1977401129943503,217,False,False,0.6583891445411009,-0.003948771025635511,3.6015625,4.328125,128,,,,,,,0.06144458548668349,20,4.34,1.31,134.2,7,13,130,64,0,0,0,25,SP,25,574,113,23.0,8.69,4.28,7.55,0.67,23.50545484175872,0.014659626484534671,5,0.5,-2.0,7,6,0,0,0.0,4.230419484670575,0.09150633732567118,0.24480369515011546,0.12643678160919541,0.13984674329501914,0.3042688465031789,0.2922216167120799,0.21694915254237288,4.25,0.31081829220001983
694212,Samuel Basallo,L,BAL,4,Gordon Graceffo,R,700669,823014,BAL @ STL,11:15 AM,27/08,Final,0.6346892932648746,,,,False,0001001001,live,0,0,0.0,0,0,0.19824466468055102,0.2551438450643877,0.3734120350689349,0.2968614519453064,0.32696495118887703,20,1,0.021824381926683734,1.031,44.4,D,0.2306878306878307,1.7695462825345984,0.44456419208138664,0.1733685591953441,20,6,0,0.21739130434782608,0.23921568627450981,0.464247598719317,0.41408751334044824,0.12166488794023479,0.22831505483549352,0.21368715083798884,0.23173803526448364,0.2231638418079096,0.2558139534883721,190,0.20930232558139536,142,False,False,0.5832862224071905,0.05140307085768403,3.2717391304347827,3.608695652173913,92,,,,,,,-0.2696092348815101,20,2.98,1.07,66.1,7,1,42,30,1,2,3,1,RP,53,262,41,4.9,5.7,4.07,5.56,0.68,5.259452693908904,-0.022539293264874583,8,1.0,-5.0,6,6,1,1,0.0,3.5693147782490278,0.05772624314097935,0.22278481012658227,0.26436781609195403,0.0735632183908046,0.45714285714285713,0.3232,0.13829787234042554,4.159,0.3475896433295981
641355,Cody Bellinger,L,NYY,4,Hayden Wesneski,R,669713,823503,HOU @ NYY,4:05 PM,27/08,Final,0.6342710802559236,-163.0,170.0,62.0,False,1011111111,live,0,0,0.0,0,0,0.30369495924271367,0.37387859294792414,0.40736476398285704,0.42108629876168174,0.23443945394896265,20,1,-0.04695340501792111,1.007,62.3,C,0.27602905569007263,2.183992427842189,0.3941711544028272,0.2044786899260697,5,6,0,0.28888888888888886,0.24193548387096775,0.5752427184466019,0.3131067961165049,0.11165048543689321,0.22572665429808286,0.26405228758169935,0.24497991967871485,0.23943173943173943,0.24107142857142858,257,0.2830188679245283,187,False,False,0.6342710802559236,0.0,3.6826923076923075,4.269230769230769,104,,,,,,,0.10268544365877368,20,4.23,1.23,27.2,3,1,22,10,0,0,0,5,SP,5,113,24,22.6,7.16,3.25,7.81,0.65,22.34803438782927,-0.009771080255923548,6,0.8571428571428571,9.0,7,6,0,1,0.0,4.176940764235557,0.07230127706630601,0.2552204176334107,0.1550695825049702,0.12127236580516898,0.3564211520302172,0.321005193578848,0.23076923076923078,4.159,0.3458201427721216
687952,Christian Encarnacion-Strand,R,BAL,5,Gordon Graceffo,R,700669,823014,BAL @ STL,11:15 AM,27/08,Final,0.6321519116254194,,,,True,1110000011,live,0,0,0.0,0,0,0.21927483046896237,0.3532986871551925,0.4203153294210938,0.31417753246818975,0.34748819946926074,20,1,-0.0043715846994535346,1.031,44.4,D,0.2306878306878307,1.7695462825345984,0.44456419208138664,0.1733685591953441,20,6,0,0.26666666666666666,0.26229508196721313,0.464247598719317,0.41408751334044824,0.12166488794023479,0.2597701149425287,0.27607361963190186,0.26804123711340205,0.2647482014388489,0.32075471698113206,57,0.20754716981132076,57,False,False,0.5967782245894772,0.035373687035942236,3.4193548387096775,3.6774193548387095,31,,,,,,,-0.09636951342238936,20,2.98,1.07,66.1,7,1,42,30,1,2,3,1,RP,53,262,41,4.9,5.7,4.07,5.56,0.68,5.259452693908904,-0.011664411625419313,8,1.0,-5.0,6,6,1,1,0.0,3.7436332451272634,0.01478571818409162,0.2331002331002331,0.24891774891774893,0.045454545454545456,0.39171974522292996,0.2811337579617834,0.22950819672131148,4.024,0.3475896433295981
696285,Jacob Young,R,WSH,7,Gabriel Hughes,R,687312,822694,COL @ WSH,10:05 AM,27/08,Final,0.631997178447138,,,,True,1101000110,live,0,0,0.0,0,0,0.2630483105611887,0.29230863337251917,0.19527413812313876,0.317744916522411,0.17954679189147296,20,1,-0.10924426450742239,1.04,65.9,B,0.26482758620689656,2.1460691192881876,0.31132396484079283,0.1755219803156496,9,5,0,0.3153846153846154,0.20614035087719298,0.623448275862069,0.2731034482758621,0.10344827586206896,0.24823695345557123,0.2094175960346964,0.23826714801444043,0.23423782920989625,0.24766355140186916,236,0.24305555555555555,164,False,True,0.6103235087046831,0.021673669742454882,3.2844036697247705,3.669724770642202,109,,,,,,,0.016155701516709222,20,6.61,1.45,47.2,0,6,38,19,1,0,1,9,SP,10,211,50,21.1,7.17,3.59,9.44,0.94,20.799539877115986,0.0014456786957190992,7,0.7777777777777778,7.0,7,7,1,1,0.0,3.588427441733066,0.048201409700021194,0.24031007751937986,0.18013856812933027,0.07390300230946882,0.3465480043149946,0.319571736785329,0.24561403508771928,3.76,0.3281693248419501
660271,Shohei Ohtani,L,LAD,1,Chris Sale,L,519242,824879,LAD @ ATL,4:15 PM,27/08,Final,0.630409437226797,-170.0,178.0,63.0,False,1111010011,live,8,2,0.25,1,2024,0.2291747089993286,0.35319826878884986,0.47600730219896037,0.2966019065019568,0.2538680212946067,20,1,0.020024297264463142,1.018,81.3,A,0.32642725598526706,7.606359529360409,0.3589463546052606,0.32624510201446827,20,6,0,0.3013698630136986,0.28134556574923547,0.49332105020727773,0.39613081529249194,0.11054813450023031,0.29827742520398914,0.2851919561243144,0.26126126126126126,0.28900752244600825,0.3024054982817869,343,0.26373626373626374,217,False,False,0.6666790333795056,-0.03626959615270864,3.877049180327869,4.590163934426229,122,,,,,,,-0.010302847279898263,20,2.2,1.03,135.0,12,9,166,28,0,0,0,23,SP,23,542,111,23.6,11.07,1.87,7.4,0.53,23.50132919859946,0.046057229439869674,3,0.42857142857142855,6.0,7,5,0,1,0.0,4.585042722440099,0.11361894326964972,0.2894168466522678,0.2323049001814882,0.10707803992740472,0.5308457711442787,0.4092641791044776,0.24390243902439024,4.442,0.3189622983109173
514888,José Altuve,R,HOU,4,Gerrit Cole,R,543037,823503,HOU @ NYY,4:05 PM,27/08,Final,0.6297900297597053,-178.0,186.0,64.0,False,1111010111,live,5,1,0.2,1,2022,0.29377067453285294,0.2710381427784575,0.3602972953580123,0.3615374591107594,0.19518178871600936,20,1,-0.016294818308241116,1.007,68.8,B,0.3025210084033613,5.191799569097121,0.4275181100148716,0.27637439228085836,16,7,0,0.26126126126126126,0.24496644295302014,0.530758226037196,0.32546494992846925,0.14377682403433475,0.23573200992555832,0.24118207816968543,0.19718309859154928,0.23285856243789335,0.25793650793650796,276,0.2356687898089172,175,False,False,0.6236305537954933,0.006159475964212069,3.858490566037736,4.254716981132075,106,,,,,,,0.15268062967776033,20,3.11,1.07,92.2,7,6,100,20,0,0,0,16,SP,16,376,79,23.5,9.71,1.94,7.67,1.17,23.722308985475212,0.007697470240294657,8,1.0,12.0,7,6,0,1,0.0,4.04279916460354,0.07751591064190605,0.24498886414253898,0.2112676056338028,0.07645875251509054,0.3228197674418605,0.2862056686046512,0.26356589147286824,4.159,0.2952355629562566
663457,Lars Nootbaar,L,AZ,1,Landen Roupp,R,694738,823179,AZ @ SF,6:45 PM,27/08,Final,0.6097113944325859,-9900.0,9900.0,99.0,True,0011011000,live,0,0,0.0,0,0,0.1452371261132573,0.270576276172623,0.38801375657069503,0.1850210100018332,0.11698758881871868,20,2,-0.025714285714285717,0.994,60.3,C,0.2777777777777778,1.5695083891789865,0.3061854128220767,0.19511262576318927,20,7,0,0.24,0.21428571428571427,0.5309734513274337,0.25705857564264645,0.21196797302991993,0.21266968325791855,0.21739130434782608,0.20059880239520958,0.2124321062160531,0.21621621621621623,128,0.21875,113,False,False,0.6073470968639688,0.002364297568617113,3.234375,3.765625,64,,,,,,,-0.13606374646771807,20,4.34,1.31,134.2,7,13,130,64,0,0,0,25,SP,25,574,113,23.0,8.69,4.28,7.55,0.67,23.50545484175872,-0.00213139443258592,5,0.5,-2.0,7,6,0,0,0.0,3.5993018624039235,0.09596020467181127,0.2327790973871734,0.1941544885177453,0.10438413361169102,0.4771341463414634,0.29994512195121953,0.21694915254237288,4.024,0.31081829220001983
700250,Ben Rice,L,NYY,2,Hayden Wesneski,R,669713,823503,HOU @ NYY,4:05 PM,27/08,Final,0.6257848711178438,-194.0,203.0,66.0,True,0101100111,live,0,0,0.0,0,0,0.1809227354212558,0.30655684377959597,0.5010576019904822,0.26421890167924267,0.234727874261501,20,1,0.0007936507936507908,1.007,62.3,C,0.27602905569007263,2.183992427842189,0.3941711544028272,0.2044786899260697,5,6,0,0.25,0.2507936507936508,0.5752427184466019,0.3131067961165049,0.11165048543689321,0.2263531984691088,0.23000761614623,0.22707423580786026,0.22854914196567863,0.2277580071174377,321,0.2849462365591398,222,False,False,0.6196883433360739,0.006096527781769834,3.7063492063492065,4.309523809523809,126,,,,,,,-0.08631652068229945,20,4.23,1.23,27.2,3,1,22,10,0,0,0,5,SP,5,113,24,22.6,7.16,3.25,7.81,0.65,22.34803438782927,-0.006434871117843799,6,0.8571428571428571,9.0,7,6,0,1,0.0,4.52288769804549,0.17394611113643596,0.24439461883408073,0.2524271844660194,0.11067961165048544,0.48180379746835444,0.3657753164556962,0.23076923076923078,4.35,0.3458201427721216
665953,Andrés Chaparro,R,WSH,3,Gabriel Hughes,R,687312,822694,COL @ WSH,10:05 AM,27/08,Final,0.6236305537954933,,,,True,1101101001,live,0,0,0.0,0,0,0.31062878889281137,0.35592621206373926,0.4007954674432478,0.3758430012784097,0.21475617236012745,20,1,0.1155115511551155,1.04,65.9,B,0.26482758620689656,2.1460691192881876,0.31132396484079283,0.1755219803156496,9,5,0,0.21782178217821782,0.3333333333333333,0.623448275862069,0.2731034482758621,0.10344827586206896,0.22127659574468084,0.21341463414634146,0.16342412451361868,0.204739336492891,0.18518518518518517,95,0.3404255319148936,56,False,True,0.5957450936226315,0.027885460172861753,2.206896551724138,2.603448275862069,58,,,,,,,0.01265595620509523,20,6.61,1.45,47.2,0,6,38,19,1,0,1,9,SP,10,211,50,21.1,7.17,3.59,9.44,0.94,20.799539877115986,0.006726589061649579,7,0.7777777777777778,7.0,7,7,1,1,0.0,3.183924396075888,0.08339651951953717,0.20833333333333334,0.23229461756373937,0.0821529745042493,0.4101449275362319,0.2844304347826087,0.24561403508771928,4.25,0.3281693248419501
694374,Tim Tawa,R,AZ,6,Landen Roupp,R,694738,823179,AZ @ SF,6:45 PM,27/08,Final,0.6174182464661991,113.0,104.0,47.0,False,0110111100,live,0,0,0.0,0,0,0.2648194569141239,0.3957702185634738,0.5237263187447521,0.3591494329595432,0.210654776253976,20,1,0.06061496278887579,0.994,60.3,C,0.2777777777777778,1.5695083891789865,0.3061854128220767,0.19511262576318927,20,7,0,0.2028985507246377,0.2635135135135135,0.5309734513274337,0.25705857564264645,0.21196797302991993,0.1855036855036855,0.2553648068669528,0.2647058823529412,0.21709166092350105,0.2641509433962264,117,0.22522522522522523,128,False,False,0.5967782245894772,0.02064002187672198,3.1,3.5,70,,,,,,,0.10999240133369466,20,4.34,1.31,134.2,7,13,130,64,0,0,0,25,SP,25,574,113,23.0,8.69,4.28,7.55,0.67,23.50545484175872,-0.019138246466199105,5,0.5,-2.0,7,6,0,0,0.0,4.009887715887395,0.10054452971396073,0.2344632768361582,0.2601010101010101,0.07323232323232323,0.44734395750332007,0.2961752988047809,0.23902439024390243,3.76,0.31081829220001983
687551,Drew Gilbert,L,SF,1,Jose Cabrera,R,703615,823179,AZ @ SF,6:45 PM,27/08,Final,0.623575306727508,-9900.0,9900.0,99.0,True,1000100111,live,0,0,0.0,0,0,0.3006929844322323,0.44008965592006893,0.5671913146921992,0.38717175745539323,0.2948414416789637,20,1,0.11597521551724138,0.994,51.0,C,0.25357142857142856,,,,4,50,0,0.13793103448275862,0.25390625,0.6021505376344086,0.2831541218637993,0.11469534050179211,0.27228682170542634,0.2351851851851852,0.29042904290429045,0.2636895268474216,0.2827586206896552,163,0.2,162,False,True,0.6106908243767853,0.012884482350722704,2.7142857142857144,3.0952380952380953,105,,,,,,,-0.009728651391328523,20,5.6,1.53,17.2,0,2,12,7,0,0,0,4,SP,4,81,20,20.2,6.11,3.57,10.19,1.53,,-0.014408640060841416,9,1.0,23.0,6,7,0,0,0.0,3.307634346362124,0.06102354309062201,0.22492401215805471,0.184,0.088,0.3352564102564103,0.2974102564102564,0.24390243902439024,4.442,0.28508347792270505
701807,Carson Benge,L,NYM,3,Jacob Misiorowski,R,694819,823581,MIL @ NYM,4:10 PM,27/08,Final,0.6235401580356617,-127.0,133.0,56.0,False,1010111111,live,0,0,0.0,0,0,0.38188164846571543,0.3460141409057169,0.37577144904321064,0.4569658669970954,0.1553886540691748,20,1,-0.0222397622806203,0.949,96.5,A,0.3595397890699904,8.04079000360976,0.34440292077220913,0.39431262241709714,20,6,0,0.2975206611570248,0.2752808988764045,0.7726618705035971,0.21534772182254197,0.011990407673860911,0.2575354609929078,0.26528692380056446,0.2838063439065108,0.2638428170451646,0.2616487455197133,305,0.30808080808080807,215,True,False,0.667957475969735,-0.04441731793407333,3.816,4.16,125,,,,,,,0.26497575463166523,20,1.68,0.76,145.0,13,5,216,33,0,0,0,24,SP,24,550,77,22.9,13.41,2.05,4.78,0.81,22.990912544178105,0.03635984196433828,6,0.8571428571428571,7.0,7,5,0,1,0.0,4.227627004228791,0.04217513434369162,0.2794759825327511,0.208,0.07,0.4138418079096045,0.36641478342749534,0.12043795620437957,4.25,0.3121151807076349
605141,Mookie Betts,R,LAD,3,Chris Sale,L,519242,824879,LAD @ ATL,4:15 PM,27/08,Final,0.62237874384083,-170.0,178.0,63.0,True,0110110111,live,5,2,0.4,1,2024,0.24997289287663607,0.28608439828664417,0.34912117301051676,0.26068038381096126,0.07009215491163666,20,1,0.079868154158215,1.018,81.3,A,0.32642725598526706,7.606359529360409,0.3589463546052606,0.32624510201446827,20,6,0,0.2867647058823529,0.20689655172413793,0.49332105020727773,0.39613081529249194,0.11054813450023031,0.22077114427860697,0.24133333333333334,0.2508250825082508,0.22998872604284104,0.23076923076923078,237,0.24489795918367346,163,False,False,0.6679256364391302,-0.04554689259830014,3.873684210526316,4.2105263157894735,95,,,,,,,0.07578880764500374,20,2.2,1.03,135.0,12,9,166,28,0,0,0,23,SP,23,542,111,23.6,11.07,1.87,7.4,0.53,23.50132919859946,0.04762125615917001,3,0.42857142857142855,6.0,7,5,0,1,0.0,4.300845137636684,0.07465805326933245,0.2324561403508772,0.11264822134387352,0.08300395256916997,0.38095238095238093,0.29922556390977445,0.21428571428571427,4.25,0.3189622983109173
683734,Andrew Vaughn,R,MIL,4,Sean Manaea,L,640455,823581,MIL @ NYM,4:10 PM,27/08,Final,0.6197255843973496,-178.0,186.0,64.0,True,0111111111,live,5,2,0.4,1,2023,0.3607071569753393,0.35824180590335064,0.46915720729532123,0.4844300778108147,0.21544714068205464,20,1,0.05513429239600315,0.949,48.9,D,0.2760705289672544,3.185412493261056,0.4560987626153463,0.23880436613488074,20,6,0,0.33980582524271846,0.2846715328467153,0.6554156171284635,0.31083123425692694,0.033753148614609575,0.32019704433497537,0.27769110764430577,0.33073929961089493,0.3099688473520249,0.291970802919708,160,0.3300970873786408,121,False,False,0.631997178447138,-0.012271594049788392,2.7906976744186047,3.2674418604651163,86,,,,,,,0.37837347698664325,20,4.31,1.31,117.0,4,5,117,39,0,0,0,13,RP,27,506,114,18.7,9.0,3.0,8.77,1.46,22.35321269971552,-0.01128808439734963,8,0.8888888888888888,-7.0,6,6,0,1,0.0,3.632159134452404,0.09498759344592655,0.2982456140350877,0.1507537688442211,0.10552763819095477,0.43351063829787234,0.3130992907801418,0.26578073089701,4.159,0.32410886169649766
669242,Tommy Edman,L,LAD,2,Chris Sale,L,519242,824879,LAD @ ATL,4:15 PM,27/08,Final,0.6188360494498919,-170.0,178.0,63.0,False,1001110011,live,8,2,0.25,1,2023,0.20853587317834088,0.2717971460967343,0.3419124322639447,0.32220404279108483,0.20047020347282074,20,1,-0.05699233716475094,1.018,81.3,A,0.32642725598526706,7.606359529360409,0.3589463546052606,0.32624510201446827,20,6,0,0.2361111111111111,0.29310344827586204,0.49332105020727773,0.39613081529249194,0.11054813450023031,0.2566489361702128,0.21846153846153846,0.25573770491803277,0.24746743849493488,0.27522935779816515,121,0.26582278481012656,92,False,False,0.6432199577306019,-0.02438390828071002,3.418181818181818,3.8727272727272726,55,,,,,,,0.0026080032228143627,20,2.2,1.03,135.0,12,9,166,28,0,0,0,23,SP,23,542,111,23.6,11.07,1.87,7.4,0.53,23.50132919859946,0.04326395055010812,3,0.42857142857142855,6.0,7,5,0,1,0.0,4.127375347575675,0.08027878071952309,0.23708920187793428,0.19402985074626866,0.05970149253731343,0.37885572139303486,0.3296497512437811,0.24390243902439024,4.35,0.3189622983109173
521692,Salvador Pérez,R,KC,5,Spencer Arrighetti,R,681293,822771,KC @ TOR,4:07 PM,27/08,Final,0.6174182464661991,-156.0,163.0,61.0,True,1101111110,live,5,1,0.2,1,2024,0.2588610481310258,0.32056103543245446,0.36767629777277533,0.31592087160635224,0.1512692328837786,20,1,-0.019981248046671535,0.995,60.1,C,0.2835249042145594,1.5386573888843205,0.3138175607467898,0.21415103576040545,18,6,0,0.23448275862068965,0.21450151057401812,0.4638977635782748,0.46900958466453674,0.0670926517571885,0.2171919770773639,0.18979151689432064,0.26697892271662765,0.2119854382525903,0.22602739726027396,317,0.21195652173913043,203,False,False,0.6196283744250278,-0.0022101279588286893,3.838709677419355,4.193548387096774,124,,,,,,,0.12067562651987959,20,4.73,1.35,91.1,7,6,91,52,0,0,0,17,SP,18,401,71,22.3,8.97,5.12,7.0,1.28,21.117198926471843,0.012481753533800877,2,0.2857142857142857,1.0,6,6,0,1,0.0,4.080399806892672,0.03894443543103981,0.21956521739130436,0.19322709163346613,0.03386454183266932,0.4176767676767677,0.29511294765840224,0.19727891156462585,4.024,0.2951889644991652
545121,Ildemaro Vargas,L,AZ,8,Landen Roupp,R,694738,823179,AZ @ SF,6:45 PM,27/08,Final,0.6493875457682958,108.0,108.0,48.0,False,1011001100,live,0,0,0.0,0,0,0.1534950542073047,0.23504965695233168,0.32002383750232277,0.1827784811378388,0.1303872341046561,20,1,-0.05314064959221637,0.994,60.3,C,0.2777777777777778,1.5695083891789865,0.3061854128220767,0.19511262576318927,20,7,0,0.2896551724137931,0.23651452282157676,0.5309734513274337,0.25705857564264645,0.21196797302991993,0.2627182991647684,0.2579310344827586,0.23443983402489627,0.25563018569735285,0.24378109452736318,214,0.2702702702702703,202,False,False,0.6472396084467688,0.0021479373215270714,3.4464285714285716,3.7142857142857144,112,,,,,,,-0.13999160579370698,20,4.34,1.31,134.2,7,13,130,64,0,0,0,25,SP,25,574,113,23.0,8.69,4.28,7.55,0.67,23.50545484175872,-0.0024875457682957958,5,0.5,-2.0,7,6,0,0,0.0,3.6635605398816433,0.06284813791496041,0.2617283950617284,0.09610983981693363,0.05263157894736842,0.369880624426079,0.2999752066115703,0.21694915254237288,3.896,0.31081829220001983
800325,Luis Lara,L,MIL,2,Sean Manaea,L,640455,823581,MIL @ NYM,4:10 PM,27/08,Final,0.6146791918310202,-194.0,203.0,66.0,True,1011011111,live,0,0,0.0,0,0,0.30428265217800254,0.3425805066166704,0.42552858933951804,0.39887499159202394,0.23462754221760426,20,1,-0.023809523809523836,0.949,48.9,D,0.2760705289672544,3.185412493261056,0.4560987626153463,0.23880436613488074,20,6,0,0.25,0.27380952380952384,0.6554156171284635,0.31083123425692694,0.033753148614609575,0.22580645161290322,0.2524271844660194,0.13821138211382114,0.22524752475247525,0.21052631578947367,65,0.3220338983050847,66,True,False,0.6236305537954933,-0.008951361964473104,3.2222222222222223,3.638888888888889,36,,,,,,,0.025895766787028266,20,4.31,1.31,117.0,4,5,117,39,0,0,0,13,RP,27,506,114,18.7,9.0,3.0,8.77,1.46,22.35321269971552,0.0020583081689797833,8,0.8888888888888888,-7.0,6,6,0,1,0.0,3.811798670433342,0.05127036857271894,0.2631578947368421,0.20270270270270271,0.08783783783783784,0.4174757281553398,0.28793203883495144,0.23129251700680273,4.35,0.32410886169649766
664770,Nathan Lukes,L,TOR,9,Noah Cameron,L,702070,822771,KC @ TOR,4:07 PM,27/08,Final,0.6082344317140961,-127.0,133.0,56.0,True,0101010111,live,0,0,0.0,0,0,0.2520992413868861,0.33569060197636247,0.3213720307680247,0.3251944334339444,0.1699302637257399,20,1,-0.036532769556025385,0.995,69.6,B,0.27501064282673476,2.6078267978062657,0.3577670187534991,0.20887663843288878,20,6,0,0.23255813953488372,0.2690909090909091,0.4982949701619778,0.2907075873827792,0.21099744245524296,0.23791417707767518,0.24821428571428572,0.3247422680412371,0.2520587182241318,0.233502538071066,217,0.3140495867768595,134,False,False,0.6082344317140961,0.0,3.3473684210526318,3.694736842105263,95,,,,,,,0.08997604322033033,20,4.02,1.21,143.1,8,8,128,46,0,0,0,24,SP,25,600,128,24.0,8.04,2.89,8.04,0.88,24.526186305316056,0.006215568285903861,8,1.0,18.0,7,6,0,1,0.0,4.000836742555742,0.03875283262437116,0.2725,0.15192743764172337,0.061224489795918366,0.3076576576576577,0.29594894894894896,0.2740740740740741,3.443,0.27947231233729747
691723,Coby Mayo,R,BAL,7,Gordon Graceffo,R,700669,823014,BAL @ STL,11:15 AM,27/08,Final,0.6082344317140961,,,,True,0011100101,live,0,0,0.0,0,0,0.2061239715145929,0.35668350009459426,0.4261577254459724,0.2851061761258613,0.3663396356513657,20,2,-0.08542319749216298,1.031,44.4,D,0.2306878306878307,1.7695462825345984,0.44456419208138664,0.1733685591953441,20,6,0,0.2672413793103448,0.18181818181818182,0.464247598719317,0.41408751334044824,0.12166488794023479,0.20759962928637626,0.20619658119658119,0.27380952380952384,0.21650361548277328,0.21468926553672316,195,0.2116788321167883,147,False,False,0.5653714839832761,0.04286294773082,3.1717171717171717,3.4545454545454546,99,,,,,,,-0.012055271833866612,20,2.98,1.07,66.1,7,1,42,30,1,2,3,1,RP,53,262,41,4.9,5.7,4.07,5.56,0.68,5.259452693908904,-0.012646931714096143,8,1.0,-5.0,6,6,1,1,0.0,3.5979216732949024,0.039935591786949595,0.22641509433962265,0.3155339805825243,0.0825242718446602,0.45228215767634855,0.3335850622406639,0.22950819672131148,3.76,0.3475896433295981
596019,Francisco Lindor,L,NYM,2,Jacob Misiorowski,R,694819,823581,MIL @ NYM,4:10 PM,27/08,Final,0.6062453995428245,-108.0,113.0,52.0,False,1100100110,live,0,0,0.0,0,0,0.22970550987276156,0.2748829025443978,0.3358717040288553,0.27941536773323883,0.15639039957718331,20,1,0.006666666666666654,0.949,96.5,A,0.3595397890699904,8.04079000360976,0.34440292077220913,0.39431262241709714,20,6,0,0.23333333333333334,0.24,0.7726618705035971,0.21534772182254197,0.011990407673860911,0.22661122661122662,0.22865412445730826,0.2099644128113879,0.2234160800296406,0.22099447513812154,199,0.26605504587155965,126,False,False,0.6714782936867217,-0.06523289414389721,3.918918918918919,4.391891891891892,74,,,,,,,-0.02989032693419029,20,1.68,0.76,145.0,13,5,216,33,0,0,0,24,SP,24,550,77,22.9,13.41,2.05,4.78,0.81,22.990912544178105,0.045537933790508744,6,0.8571428571428571,7.0,7,5,0,1,0.0,4.343709712454797,0.10439891308361239,0.26595744680851063,0.16697588126159554,0.11317254174397032,0.4824561403508772,0.3230565789473684,0.12043795620437957,4.35,0.3121151807076349
662139,Daulton Varsho,L,HOU,5,Gerrit Cole,R,543037,823503,HOU @ NYY,4:05 PM,27/08,Final,0.6050745691409428,-127.0,133.0,56.0,False,1100111111,live,11,2,0.18181818181818182,1,2023,0.22888557299348164,0.26351582512903643,0.4442427441548607,0.3282578263351306,0.23689558890191378,20,1,0.030471318962367572,1.007,68.8,B,0.3025210084033613,5.191799569097121,0.4275181100148716,0.27637439228085836,16,7,0,0.21176470588235294,0.2422360248447205,0.530758226037196,0.32546494992846925,0.14377682403433475,0.2566168009205984,0.22492401215805471,0.20170454545454544,0.2405844155844156,0.24686192468619247,261,0.22023809523809523,185,False,False,0.6148076841937214,-0.00973311505277863,3.6339285714285716,3.982142857142857,112,,,,,,,0.0637522122036994,20,3.11,1.07,92.2,7,6,100,20,0,0,0,16,SP,16,376,79,23.5,9.71,1.94,7.67,1.17,23.722308985475212,0.022162930859057295,8,1.0,12.0,7,6,0,1,0.0,4.206418729331209,0.04378707557959356,0.22811059907834103,0.200836820083682,0.07740585774058577,0.37943786982248523,0.2811730769230769,0.20089285714285715,4.024,0.2952355629562566
673237,Yainer Diaz,R,HOU,7,Gerrit Cole,R,543037,823503,HOU @ NYY,4:05 PM,27/08,Final,0.6050745691409428,-163.0,170.0,62.0,True,0001111101,live,0,0,0.0,0,0,0.30584897198753197,0.35095907462596176,0.46261536299922423,0.42250848401225516,0.21585610047006545,20,2,0.08536585365853658,1.007,68.8,B,0.3025210084033613,5.191799569097121,0.4275181100148716,0.27637439228085836,16,7,0,0.2073170731707317,0.2926829268292683,0.530758226037196,0.32546494992846925,0.14377682403433475,0.2791023842917251,0.2648221343873518,0.21428571428571427,0.26657163221667857,0.2835820895522388,138,0.24107142857142858,121,False,False,0.6082344317140961,-0.0031598625731532604,3.727272727272727,3.9242424242424243,66,,,,,,,0.09658993339602764,20,3.11,1.07,92.2,7,6,100,20,0,0,0,16,SP,16,376,79,23.5,9.71,1.94,7.67,1.17,23.722308985475212,0.008275430859057242,8,1.0,12.0,7,6,0,1,0.0,3.4284600163083554,0.05319160377758086,0.26303854875283444,0.16017316017316016,0.032467532467532464,0.3720708446866485,0.3164891008174387,0.26356589147286824,3.76,0.2952355629562566
665750,Leody Taveras,L,BAL,9,Gordon Graceffo,R,700669,823014,BAL @ STL,11:15 AM,27/08,Final,0.6047751510261218,,,,False,1011010011,live,0,0,0.0,0,0,0.2399038799753652,0.27637990654238703,0.40482849375252294,0.32189704583122125,0.21058655847357485,20,1,0.023076923076923078,1.031,44.4,D,0.2306878306878307,1.7695462825345984,0.44456419208138664,0.1733685591953441,20,6,0,0.21153846153846154,0.23461538461538461,0.464247598719317,0.41408751334044824,0.12166488794023479,0.205723124516628,0.21910112359550563,0.18392857142857144,0.20459859703819175,0.23711340206185566,219,0.21764705882352942,192,False,False,0.5563525177831207,0.04842263324300111,3.25,3.669642857142857,112,,,,,,,0.056937754346807916,20,2.98,1.07,66.1,7,1,42,30,1,2,3,1,RP,53,262,41,4.9,5.7,4.07,5.56,0.68,5.259452693908904,-0.02507515102612179,8,1.0,-5.0,6,6,1,1,0.0,3.7100711583620276,0.018387868977170083,0.2178477690288714,0.25116279069767444,0.08837209302325581,0.340964590964591,0.29074358974358977,0.13829787234042554,3.443,0.3475896433295981
543807,George Springer,R,TOR,4,Noah Cameron,L,702070,822771,KC @ TOR,4:07 PM,27/08,Final,0.6042822441658069,-170.0,178.0,63.0,True,0010101101,live,0,0,0.0,0,0,0.2128906496137286,0.25660397777666155,0.2248124764204594,0.2970121405440707,0.2071807913205046,20,1,-0.011027888446215134,0.995,69.6,B,0.27501064282673476,2.6078267978062657,0.3577670187534991,0.20887663843288878,20,6,0,0.232,0.24302788844621515,0.4982949701619778,0.2907075873827792,0.21099744245524296,0.23834745762711865,0.23643807574206754,0.1932367149758454,0.23208295211954863,0.22707423580786026,261,0.2585034013605442,163,False,False,0.6148076841937214,-0.010525440027914557,3.76,4.24,100,,,,,,,-0.08590342988025614,20,4.02,1.21,143.1,8,8,128,46,0,0,0,24,SP,25,600,128,24.0,8.04,2.89,8.04,0.88,24.526186305316056,0.004505255834193145,8,1.0,18.0,7,6,0,1,0.0,3.450709915303033,0.040996974180312076,0.2621145374449339,0.1867704280155642,0.09533073929961089,0.38966480446927376,0.29089385474860335,0.22303921568627452,4.159,0.27947231233729747
681393,Connor Norby,R,COL,5,Jake Irvin,R,663623,822694,COL @ WSH,10:05 AM,27/08,Final,0.6004123857902982,,,,True,1111111111,live,0,0,0.0,0,0,0.28913140613631266,0.44172700434354095,0.446646057096882,0.5313657089114138,0.3408831746719504,20,1,0.021078431372549,1.04,45.9,D,0.2740419378163413,2.289809206804887,0.4427497370966777,0.22081750861243227,16,5,0,0.20833333333333334,0.22941176470588234,0.5936370209689081,0.32682574114244395,0.07953723788864786,0.1920374707259953,0.18076923076923077,0.22140221402214022,0.19382192610539067,0.2222222222222222,161,0.22429906542056074,122,False,False,0.5549058331290606,0.0455065526612376,3.1025641025641026,3.628205128205128,78,,,,,,,0.02826555029456366,20,5.62,1.4,81.2,2,8,82,39,0,0,0,17,SP,17,362,75,21.3,9.04,4.3,8.27,1.54,21.32297796240407,-3.238579029818389e-05,5,0.5555555555555556,12.0,7,6,1,1,0.0,3.562460792538719,0.10306085681277098,0.23237597911227154,0.2808219178082192,0.09360730593607305,0.38333333333333336,0.3176653846153846,0.27927927927927926,4.024,0.32485457059883943
664954,Brett Sullivan,L,COL,7,Jake Irvin,R,663623,822694,COL @ WSH,10:05 AM,27/08,Final,0.599786063841699,,,,True,1101100010,live,0,0,0.0,0,0,0.19361227788422036,0.2494876779328319,0.3202889787763095,0.2233230604352706,0.15740739971484924,20,3,-0.2314353756224291,1.04,45.9,D,0.2740419378163413,2.289809206804887,0.4427497370966777,0.22081750861243227,16,5,0,0.41935483870967744,0.18791946308724833,0.5936370209689081,0.32682574114244395,0.07953723788864786,0.22338568935427575,0.2,0.2413793103448276,0.22188755020080322,0.2222222222222222,98,0.23333333333333334,98,False,False,0.5764861611055982,0.02329990273610072,2.903225806451613,3.161290322580645,62,,,,,,,-0.15347831248153354,20,5.62,1.4,81.2,2,8,82,39,0,0,0,17,SP,17,362,75,21.3,9.04,4.3,8.27,1.54,21.32297796240407,0.004853936158301098,5,0.5555555555555556,12.0,7,6,1,1,0.0,3.4304680654380912,0.05639548299733184,0.23300970873786409,0.18100890207715134,0.050445103857566766,0.31451612903225806,0.2437056451612903,0.22404371584699453,3.76,0.32485457059883943
695600,Carter Jensen,L,KC,1,Spencer Arrighetti,R,681293,822771,KC @ TOR,4:07 PM,27/08,Final,0.5995603919473547,-138.0,144.0,58.0,True,0111110011,live,0,0,0.0,0,0,0.19126410401022723,0.29041308050658193,0.5035255471924371,0.262103331791056,0.24467136871605288,20,1,0.044858367439012586,0.995,60.1,C,0.2835249042145594,1.5386573888843205,0.3138175607467898,0.21415103576040545,18,6,0,0.18681318681318682,0.2316715542521994,0.4638977635782748,0.46900958466453674,0.0670926517571885,0.19020907700152984,0.20345140781108084,0.22204213938411668,0.20081190798376183,0.21839080459770116,287,0.22807017543859648,206,False,False,0.6004123857902982,-0.0008519938429435436,3.5121951219512195,4.008130081300813,123,,,,,,,-0.12039003429910132,20,4.73,1.35,91.1,7,6,91,52,0,0,0,17,SP,18,401,71,22.3,8.97,5.12,7.0,1.28,21.117198926471843,0.004239608052645227,2,0.2857142857142857,1.0,6,6,0,1,0.0,4.033659061786196,0.14935072936145405,0.21933962264150944,0.2883817427385892,0.1016597510373444,0.43450292397660817,0.30160000000000003,0.23076923076923078,4.442,0.2951889644991652
813841,Jonah Cox,R,SF,4,Jose Cabrera,R,703615,823179,AZ @ SF,6:45 PM,27/08,Final,0.5980993657568218,156.0,-133.0,39.0,True,0101000101,live,0,0,0.0,0,0,0.1794833680601846,0.403550364497755,0.4501690743699409,0.5380033303429763,0.6102501588486668,20,1,-0.060869565217391286,0.994,51.0,C,0.25357142857142856,,,,4,50,0,0.2608695652173913,0.2,0.6021505376344086,0.2831541218637993,0.11469534050179211,0.2548076923076923,0.20987654320987653,0.265625,0.2611111111111111,0.2857142857142857,30,0.21739130434782608,25,True,True,0.5563519229428305,0.04174744281399123,2.217391304347826,2.391304347826087,23,,,,,,,-0.14764002593136627,20,5.6,1.53,17.2,0,2,12,7,0,0,0,4,SP,4,81,20,20.2,6.11,3.57,10.19,1.53,,-0.05514381020126613,9,1.0,23.0,6,7,0,0,0.0,2.6075041861308805,0.02285307963294179,0.23255813953488372,0.5434782608695652,0.0,0.4166666666666667,0.4372777777777778,0.3225806451612903,4.159,0.28508347792270505
701675,Nathan Church,L,STL,8,Trevor Rogers,L,669432,823014,BAL @ STL,11:15 AM,27/08,Final,0.5967782245894772,,,,True,1100111111,live,0,0,0.0,0,0,0.3220161139997226,0.2697538424885874,0.22969038014298193,0.39497625609609327,0.13992064968590373,20,1,-0.04817574511819117,1.031,66.6,B,0.28467858869018847,3.585160868419556,0.40197472494949854,0.21993665022705255,20,6,0,0.19642857142857142,0.2446043165467626,0.6542553191489362,0.13056092843326886,0.21518375241779497,0.2701644479248238,0.2364620938628159,0.28045977011494255,0.26294995610184374,0.3,196,0.16233766233766234,168,False,False,0.5766857490351489,0.02009247555432825,3.2427184466019416,3.533980582524272,103,,,,,,,0.23614013549095164,20,4.38,1.25,137.2,9,9,121,37,0,0,0,25,SP,25,579,135,23.2,7.91,2.42,8.83,1.05,23.551721632105806,0.009071775410522953,8,1.0,5.0,7,6,1,1,0.0,3.88591355960554,0.05914472135472999,0.23482849604221637,0.19951923076923078,0.057692307692307696,0.30551801801801803,0.28464189189189193,0.1796875,3.599,0.33318793551893844
687401,Joey Ortiz,R,MIL,6,Sean Manaea,L,640455,823581,MIL @ NYM,4:10 PM,27/08,Final,0.5967782245894772,-156.0,163.0,61.0,True,1101110101,live,6,1,0.16666666666666666,1,2024,0.2884253600894271,0.2856974000122753,0.5085785866745703,0.3798184016379529,0.2633862813553669,20,2,-0.044453186467348554,0.949,48.9,D,0.2760705289672544,3.185412493261056,0.4560987626153463,0.23880436613488074,20,6,0,0.21774193548387097,0.2621951219512195,0.6554156171284635,0.31083123425692694,0.033753148614609575,0.2209188660801564,0.21978021978021978,0.20588235294117646,0.22076440387906446,0.22916666666666666,161,0.2569444444444444,167,False,False,0.6107532241409825,-0.013974999551505385,3.0,3.4166666666666665,96,,,,,,,0.18308474301863434,20,4.31,1.31,117.0,4,5,117,39,0,0,0,13,RP,27,506,114,18.7,9.0,3.0,8.77,1.46,22.35321269971552,-0.013078224589477161,8,0.8888888888888888,-7.0,6,6,0,1,0.0,3.835138565590289,0.0896427548090605,0.24786324786324787,0.1884422110552764,0.08793969849246232,0.3508454106280193,0.29495652173913045,0.26578073089701,3.896,0.32410886169649766
807727,Charles Mcadoo,R,TOR,1,Noah Cameron,L,702070,822771,KC @ TOR,4:07 PM,27/08,Final,0.594683817408698,-138.0,144.0,58.0,True,1001111010,live,0,0,0.0,0,0,0.22790646458133565,0.31638122053188367,0.32614328038033696,0.3244208625819035,0.329782733398707,20,4,-0.01564027370478982,0.995,69.6,B,0.27501064282673476,2.6078267978062657,0.3577670187534991,0.20887663843288878,20,6,0,0.24242424242424243,0.25806451612903225,0.4982949701619778,0.2907075873827792,0.21099744245524296,0.23174603174603176,0.1348314606741573,0.26229508196721313,0.2172043010752688,0.24390243902439024,46,0.2608695652173913,23,True,False,0.594683817408698,0.0,3.2,3.45,20,,,,,,,-0.005497347492168945,20,4.02,1.21,143.1,8,8,128,46,0,0,0,24,SP,25,600,128,24.0,8.04,2.89,8.04,0.88,24.526186305316056,0.018941182591301953,8,1.0,18.0,7,6,0,1,0.0,3.5686030330476606,0.06467945894629963,0.24615384615384617,0.2714285714285714,0.05714285714285714,0.2826086956521739,0.31295652173913047,0.22303921568627452,4.442,0.27947231233729747
699912,Jose Fernandez,R,AZ,7,Landen Roupp,R,694738,823179,AZ @ SF,6:45 PM,27/08,Final,0.5928846491642994,,,,True,1011111110,live,0,0,0.0,0,0,0.2760510563554203,0.3259125783180884,0.38559485401348537,0.3192492031244302,0.1829882697638631,20,2,0.06412157153446998,0.994,60.3,C,0.2777777777777778,1.5695083891789865,0.3061854128220767,0.19511262576318927,20,8,0,0.22535211267605634,0.2894736842105263,0.5309734513274337,0.25705857564264645,0.21196797302991993,0.32370820668693007,0.2634032634032634,0.21176470588235294,0.2875297855440826,0.3020833333333333,105,0.2247191011235955,97,True,False,0.5771572019841446,0.01572744718015484,3.135593220338983,3.4237288135593222,59,,,,,,,0.13567648422476128,20,4.25,1.3,137.2,7,13,131,65,0,0,0,26,SP,26,585,114,22.5,8.56,4.25,7.45,0.65,23.50545484175872,-0.015764649164299316,5,0.5,-2.0,7,6,0,0,0.0,3.2672487651617446,0.09553064059499518,0.2512820512820513,0.2169811320754717,0.05188679245283019,0.38926174496644295,0.29638926174496644,0.23902439024390243,3.76,0.31081829220001983
500743,Miguel Rojas,R,LAD,6,Chris Sale,L,519242,824879,LAD @ ATL,4:15 PM,27/08,Final,0.5917481416350304,-122.0,127.0,55.0,True,1101100000,live,7,1,0.14285714285714285,1,2024,0.1790793075778747,0.29524113568627225,0.2946481634748795,0.21023895689194635,0.0884656846028218,20,2,0.13703703703703704,1.018,81.3,A,0.32642725598526706,7.606359529360409,0.3589463546052606,0.32624510201446827,20,6,0,0.3037037037037037,0.16666666666666666,0.49332105020727773,0.39613081529249194,0.11054813450023031,0.25215889464594127,0.25773195876288657,0.30939226519337015,0.2623106060606061,0.29213483146067415,99,0.25609756097560976,95,False,False,0.6142329030561681,-0.022484761421137645,2.220779220779221,2.5194805194805197,77,,,,,,,-0.13856146051285087,20,2.2,1.03,135.0,12,9,166,28,0,0,0,23,SP,23,542,111,23.6,11.07,1.87,7.4,0.53,23.50132919859946,0.031351858364969565,3,0.42857142857142855,6.0,7,5,0,1,0.0,2.4400509452246615,0.07017446476341506,0.2922077922077922,0.11337209302325581,0.061046511627906974,0.37763320941759604,0.30697769516728624,0.21428571428571427,3.896,0.3189622983109173
572233,Christian Walker,R,HOU,6,Gerrit Cole,R,543037,823503,HOU @ NYY,4:05 PM,27/08,Final,0.5914748357420557,-133.0,138.0,57.0,True,1000011100,live,0,0,0.0,0,0,0.17933369777132788,0.2892469441272604,0.34173987640551606,0.22495325689401136,0.21919362085645452,20,1,-0.032100840336134445,1.007,68.8,B,0.3025210084033613,5.191799569097121,0.4275181100148716,0.27637439228085836,16,7,0,0.25210084033613445,0.22,0.530758226037196,0.32546494992846925,0.14377682403433475,0.1976630963972736,0.21417565485362094,0.26285714285714284,0.20950323974082075,0.21830985915492956,315,0.24324324324324326,208,False,False,0.5967782245894772,-0.005303388847421431,3.7222222222222223,4.150793650793651,126,,,,,,,0.0005474870541508438,20,3.11,1.07,92.2,7,6,100,20,0,0,0,16,SP,16,376,79,23.5,9.71,1.94,7.67,1.17,23.722308985475212,0.022975164257944214,8,1.0,12.0,7,6,0,1,0.0,4.217285287769318,0.060359173746700724,0.23146067415730337,0.24193548387096775,0.07661290322580645,0.4071794871794872,0.3038707692307692,0.26356589147286824,3.896,0.2952355629562566
806146,George Lombard,R,NYY,5,Hayden Wesneski,R,669713,823503,HOU @ NYY,4:05 PM,27/08,Final,0.5911754176272346,-138.0,144.0,58.0,True,1111010110,live,0,0,0.0,0,0,0.2665208931517472,0.33066147254089734,0.290056467229833,0.3778954785918707,0.2695550782035939,19,1,-0.3619047619047619,1.007,62.3,C,0.27602905569007263,2.183992427842189,0.3941711544028272,0.2044786899260697,5,6,0,0.6,0.23809523809523808,0.5752427184466019,0.3131067961165049,0.11165048543689321,0.26523297491039427,0.25925925925925924,0.0,0.24421052631578946,0.25,41,0.28125,34,True,False,0.5774414297272535,0.013733987899981037,3.5789473684210527,3.9473684210526314,19,,,,,,,0.14288068139893334,19,4.23,1.23,27.2,3,1,22,10,0,0,0,5,SP,5,113,24,22.6,7.16,3.25,7.81,0.65,22.34803438782927,-0.01255875096056791,6,0.8571428571428571,9.0,7,6,0,1,0.0,4.003547176658761,0.07031834109757555,0.2459016393442623,0.3188405797101449,0.10144927536231885,0.32905982905982906,0.35308974358974354,0.25,4.024,0.3458201427721216
596146,Max Kepler,L,AZ,5,Landen Roupp,R,694738,823179,AZ @ SF,6:45 PM,27/08,Final,0.5901588930016369,122.0,-100.0,45.0,True,0010011110,live,6,4,0.6666666666666666,1,2025,0.16529165537568732,0.23436124901264105,0.2685966191771723,0.19695800585765852,0.21896342132305352,20,3,0.0,0.994,60.3,C,0.2777777777777778,1.5695083891789865,0.3061854128220767,0.19511262576318927,20,8,0,,0.21052631578947367,0.5309734513274337,0.25705857564264645,0.21196797302991993,0.19617224880382775,0.19540229885057472,0.1891891891891892,0.19362745098039216,0.26865671641791045,74,0.13725490196078433,57,False,False,0.5835856405220117,0.006573252479625258,3.2777777777777777,3.638888888888889,36,,,,,,,-0.15501581526423241,20,4.25,1.3,137.2,7,13,131,65,0,0,0,26,SP,26,585,114,22.5,8.56,4.25,7.45,0.65,23.50545484175872,0.010961106998363057,5,0.5,-2.0,7,6,0,0,0.0,3.8503205113539187,0.06626221652205123,0.21227621483375958,0.19506726457399104,0.09641255605381166,0.41968201754385964,0.29418421052631577,0.21694915254237288,4.024,0.31081829220001983
682987,Spencer Jones,L,NYY,6,Hayden Wesneski,R,669713,823503,HOU @ NYY,4:05 PM,27/08,Final,0.5895249113520132,-117.0,122.0,54.0,False,1011110111,live,0,0,0.0,0,0,0.2624101247450756,0.40662002101673206,0.46755854548495,0.44482123800630013,0.3524074630928928,20,1,-0.09295352323838083,1.007,62.3,C,0.27602905569007263,2.183992427842189,0.3941711544028272,0.2044786899260697,5,6,0,0.3103448275862069,0.21739130434782608,0.5752427184466019,0.3131067961165049,0.11165048543689321,0.2538265306122449,0.2419753086419753,0.178743961352657,0.24162508909479685,0.26666666666666666,115,0.1774193548387097,72,True,False,0.5779322509193682,0.011592660432645063,2.9298245614035086,3.280701754385965,57,,,,,,,0.0908409758089793,20,4.23,1.23,27.2,3,1,22,10,0,0,0,5,SP,5,113,24,22.6,7.16,3.25,7.81,0.65,22.34803438782927,-0.01342491135201318,6,0.8571428571428571,9.0,7,6,0,1,0.0,3.8494474955243847,0.0659782397056773,0.2413793103448276,0.3434343434343434,0.10101010101010101,0.5566037735849056,0.32761320754716977,0.23076923076923078,3.896,0.3458201427721216
687637,Dylan Beavers,L,BAL,6,Gordon Graceffo,R,700669,823014,BAL @ STL,11:15 AM,27/08,Final,0.5867598066126604,,,,False,0001111011,live,0,0,0.0,0,0,0.3197762985882807,0.33709685068157047,0.48203924752605354,0.5244725746510173,0.37277618273515667,20,1,-0.061180679785330955,1.031,44.4,D,0.2306878306878307,1.7695462825345984,0.44456419208138664,0.1733685591953441,20,6,0,0.3076923076923077,0.24651162790697675,0.464247598719317,0.41408751334044824,0.12166488794023479,0.21487603305785125,0.20892857142857144,0.20249221183800623,0.21092482422931313,0.21323529411764705,151,0.30434782608695654,106,False,False,0.5402765342375554,0.04648327237510497,3.0,3.3815789473684212,76,,,,,,,0.03410346178166991,20,2.98,1.07,66.1,7,1,42,30,1,2,3,1,RP,53,262,41,4.9,5.7,4.07,5.56,0.68,5.259452693908904,-0.01950980661266033,8,1.0,-5.0,6,6,1,1,0.0,3.2450749974768587,0.06434416274053413,0.2434017595307918,0.26448362720403024,0.12594458438287154,0.3587570621468927,0.3125409604519774,0.13829787234042554,3.896,0.3475896433295981
683766,Christian Koss,R,SF,8,Jose Cabrera,R,703615,823179,AZ @ SF,6:45 PM,27/08,Final,0.5825111734719668,133.0,-100.0,43.0,False,1100101101,live,0,0,0.0,0,0,0.23534089927372365,0.30444579066391997,0.36452948610369673,0.3442900450326802,0.27528292377799507,20,1,0.009157509157509153,0.994,51.0,C,0.25357142857142856,,,,4,50,0,0.20512820512820512,0.21428571428571427,0.6021505376344086,0.2831541218637993,0.11469534050179211,0.1464088397790055,0.2289156626506024,0.1518987341772152,0.16885245901639345,0.1724137931034483,62,0.2549019607843137,55,False,True,0.5660627201135799,0.01644845335838685,2.8684210526315788,3.0789473684210527,38,,,,,,,0.020455480156431925,20,5.6,1.53,17.2,0,2,12,7,0,0,0,4,SP,4,81,20,20.2,6.11,3.57,10.19,1.53,,-0.027744506805300162,9,1.0,23.0,6,7,0,0,0.0,3.6867626191524225,0.05082480042681911,0.2403846153846154,0.2403560830860534,0.04747774480712166,0.3181818181818182,0.2870649350649351,0.3225806451612903,3.599,0.28508347792270505
695491,Joshua Báez,R,STL,5,Trevor Rogers,L,669432,823014,BAL @ STL,11:15 AM,27/08,Final,0.5812726204885353,,,,True,0001010010,live,0,0,0.0,0,0,0.17655425213914389,0.32453235172357786,0.5700533446021226,0.3008061711935955,0.4452764965960382,12,1,0.20238095238095238,1.031,66.6,B,0.28467858869018847,3.585160868419556,0.40197472494949854,0.21993665022705255,20,6,0,0.25,0.047619047619047616,0.6542553191489362,0.13056092843326886,0.21518375241779497,0.11475409836065574,0.2033898305084746,0.136986301369863,0.15335463258785942,0.17857142857142858,29,0.07692307692307693,17,True,False,0.5676412905724529,0.013631329916082402,3.4166666666666665,3.8333333333333335,12,,,,,,,-0.16944590520516337,12,4.38,1.25,137.2,9,9,121,37,0,0,0,25,SP,25,579,135,23.2,7.91,2.42,8.83,1.05,23.551721632105806,0.0043273795114646685,8,1.0,5.0,7,6,1,1,0.0,3.665007608828134,0.0724521198927528,,,,,,0.28254847645429365,4.024,0.33318793551893844
686217,Sal Frelick,L,MIL,7,Sean Manaea,L,640455,823581,MIL @ NYM,4:10 PM,27/08,Final,0.5809925706168333,-163.0,170.0,62.0,False,0100011001,live,0,0,0.0,0,0,0.23528384821186116,0.23755477958535998,0.2752801647295096,0.26559622216346146,0.09187977682470266,20,1,-0.02936194240542067,0.949,48.9,D,0.2760705289672544,3.185412493261056,0.4560987626153463,0.23880436613488074,20,6,0,0.21739130434782608,0.24675324675324675,0.6554156171284635,0.31083123425692694,0.033753148614609575,0.23230641132389676,0.24336283185840707,0.2303370786516854,0.23184507799892415,0.25,163,0.23255813953488372,150,False,False,0.5902894513992131,-0.00929688078237978,3.147727272727273,3.5568181818181817,88,,,,,,,-0.07930956394572748,20,4.31,1.31,117.0,4,5,117,39,0,0,0,13,RP,27,506,114,18.7,9.0,3.0,8.77,1.46,22.35321269971552,0.0006949293831667314,8,0.8888888888888888,-7.0,6,6,0,1,0.0,3.2049715741101044,0.034250934257950415,0.22879177377892032,0.11899313501144165,0.07322654462242563,0.27621167161226506,0.2582754698318496,0.23129251700680273,3.76,0.32410886169649766
602104,Ramón Urías,R,STL,7,Trevor Rogers,L,669432,823014,BAL @ STL,11:15 AM,27/08,Final,0.5809925706168333,,,,True,1001000100,live,0,0,0.0,0,0,0.0985444660966262,0.16867389133894745,0.36542934734281196,0.13474684698667072,0.06778508725031474,20,1,-0.012698412698412709,1.031,66.6,B,0.28467858869018847,3.585160868419556,0.40197472494949854,0.21993665022705255,20,6,0,0.14285714285714285,0.15555555555555556,0.6542553191489362,0.13056092843326886,0.21518375241779497,0.11934156378600823,0.12142857142857143,0.1896551724137931,0.12866817155756208,0.14285714285714285,47,0.16666666666666666,30,False,False,0.5609513169744119,0.020041253642421375,2.64,3.08,25,,,,,,,-0.2744563173887676,20,4.38,1.25,137.2,9,9,121,37,0,0,0,25,SP,25,579,135,23.2,7.91,2.42,8.83,1.05,23.551721632105806,-0.007305070616833165,8,1.0,5.0,7,6,1,1,0.0,3.1529479098017745,0.07823381236940662,0.21680216802168023,0.22650602409638554,0.06987951807228916,0.4263030303030303,0.28913818181818185,0.28254847645429365,3.76,0.33318793551893844
672960,Kazuma Okamoto,R,TOR,5,Noah Cameron,L,702070,822771,KC @ TOR,4:07 PM,27/08,Final,0.5809904427569254,-133.0,138.0,57.0,True,1111111100,live,0,0,0.0,0,0,0.21213482318026144,0.30778365639900607,0.2859871315940489,0.27401429913798075,0.24044866805427026,20,1,0.0033501556963384527,0.995,69.6,B,0.27501064282673476,2.6078267978062657,0.3577670187534991,0.20887663843288878,20,6,0,0.2302158273381295,0.22686567164179106,0.4982949701619778,0.2907075873827792,0.21099744245524296,0.2053415061295972,0.2413305024769993,0.23922413793103448,0.22112845138055223,0.24642857142857144,314,0.20103092783505155,213,True,False,0.5828105915867879,-0.001820148829862589,3.703125,4.1171875,128,,,,,,,0.12453087678659001,20,4.02,1.21,143.1,8,8,128,46,0,0,0,24,SP,25,600,128,24.0,8.04,2.89,8.04,0.88,24.526186305316056,0.021947057243074664,8,1.0,18.0,7,6,0,1,0.0,4.1038403941395005,0.10868378258470439,0.226457399103139,0.3002028397565923,0.07910750507099391,0.4368008948545861,0.3235771812080537,0.22303921568627452,4.024,0.27947231233729747
694376,Shay Whitcomb,R,SF,6,Jose Cabrera,R,703615,823179,AZ @ SF,6:45 PM,27/08,Final,0.5789058638593308,133.0,-100.0,43.0,False,0010001001,live,0,0,0.0,0,0,0.13760271979017458,0.31390957402564584,0.46395384923033733,0.25221892190480644,0.3934133225385586,18,1,-0.0763888888888889,0.994,51.0,C,0.25357142857142856,,,,4,50,0,0.1875,0.1111111111111111,0.6021505376344086,0.2831541218637993,0.11469534050179211,0.08974358974358974,0.11940298507462686,0.17391304347826086,0.11834319526627218,0.14285714285714285,14,0.15,21,False,True,0.534298740259059,0.04460712360027186,1.8888888888888888,1.9444444444444444,18,,,,,,,-0.2405839397712671,18,5.6,1.53,17.2,0,2,12,7,0,0,0,4,SP,4,81,20,20.2,6.11,3.57,10.19,1.53,,-0.045205863859330786,9,1.0,23.0,6,7,0,0,0.0,2.194956708109175,0.030060420531873543,0.203125,0.27941176470588236,0.058823529411764705,0.32222222222222224,0.22995555555555558,0.3225806451612903,3.896,0.28508347792270505
805999,A. J. Ewing,L,NYM,1,Jacob Misiorowski,R,694819,823581,MIL @ NYM,4:10 PM,27/08,Final,0.577100980124484,-108.0,113.0,52.0,False,0010101111,live,0,0,0.0,0,0,0.16541730555954512,0.3371685966370743,0.36223895225353014,0.2636756048368572,0.3012920322596427,20,1,0.013335408883354105,0.949,96.5,A,0.3595397890699904,8.04079000360976,0.34440292077220913,0.39431262241709714,20,6,0,0.2328767123287671,0.24621212121212122,0.7726618705035971,0.21534772182254197,0.011990407673860911,0.21480406386066764,0.22005208333333334,0.23991507430997877,0.22116119174942706,0.2617801047120419,210,0.2191780821917808,170,True,False,0.6255386064139832,-0.048437626289499214,3.6630434782608696,4.130434782608695,92,,,,,,,0.12675799875325813,20,1.68,0.76,145.0,13,5,216,33,0,0,0,24,SP,24,550,77,22.9,13.41,2.05,4.78,0.81,22.990912544178105,0.030665686542182713,6,0.8571428571428571,7.0,7,5,0,1,0.0,4.364073983290546,0.08199956665219203,0.24307692307692308,0.26358695652173914,0.09510869565217392,0.42909356725146197,0.35962719298245616,0.12043795620437957,4.442,0.3121151807076349
665862,Jazz Chisholm,L,NYY,7,Hayden Wesneski,R,669713,823503,HOU @ NYY,4:05 PM,27/08,Final,0.5696688956962673,-122.0,127.0,55.0,True,0101101111,live,0,0,0.0,0,0,0.34825096800635336,0.32116534418118087,0.4424911187184184,0.4022989474125323,0.18779642452896259,20,1,0.021186324692743536,1.007,62.3,C,0.27602905569007263,2.183992427842189,0.3941711544028272,0.2044786899260697,5,6,0,0.21008403361344538,0.23127035830618892,0.5752427184466019,0.3131067961165049,0.11165048543689321,0.20928829915560918,0.19790575916230366,0.21033210332103322,0.20637425055222466,0.2079646017699115,253,0.245,227,False,False,0.5522980007254696,0.01737089497079769,3.4918032786885247,3.9344262295081966,122,,,,,,,0.1315696508910575,20,4.23,1.23,27.2,3,1,22,10,0,0,0,5,SP,5,113,24,22.6,7.16,3.25,7.81,0.65,22.34803438782927,-0.01716889569626734,6,0.8571428571428571,9.0,7,6,0,1,0.0,3.7582032688715086,0.11047587221104077,0.2171837708830549,0.3036093418259023,0.09341825902335456,0.421195652173913,0.31928260869565217,0.23076923076923078,3.76,0.3458201427721216
678391,Jorbit Vivas,L,WSH,8,Gabriel Hughes,R,687312,822694,COL @ WSH,10:05 AM,27/08,Final,0.569087380386223,,,,False,1100000110,live,0,0,0.0,0,0,0.19599430713438987,0.279591210180473,0.06965809344774757,0.24098825389445622,0.08769564803471838,20,2,0.021546748749519062,1.04,65.9,B,0.26482758620689656,2.1460691192881876,0.31132396484079283,0.1755219803156496,9,5,0,0.21739130434782608,0.23893805309734514,0.623448275862069,0.2731034482758621,0.10344827586206896,0.2036405005688282,0.20304568527918782,0.1709090909090909,0.19780927835051546,0.21481481481481482,162,0.2631578947368421,131,False,True,0.5346679285182843,0.03441945186793871,2.59375,3.0520833333333335,96,,,,,,,-0.10869146199647074,20,6.61,1.45,47.2,0,6,38,19,1,0,1,9,SP,10,211,50,21.1,7.17,3.59,9.44,0.94,20.799539877115986,-0.004658808957651583,7,0.7777777777777778,7.0,7,7,1,1,0.0,3.25466664116581,0.12486276619547822,0.22336769759450173,0.15,0.09411764705882353,0.23784722222222224,0.28605416666666666,0.26851851851851855,3.599,0.3281693248419501
678662,Ezequiel Tovar,R,COL,9,Jake Irvin,R,663623,822694,COL @ WSH,10:05 AM,27/08,Final,0.569087380386223,,,,False,1100000111,live,6,0,0.0,1,2023,0.3109930629717934,0.39838786199454607,0.4191149133426481,0.3691326824167754,0.16665910837073963,20,1,-0.05789332618600909,1.04,45.9,D,0.2740419378163413,2.289809206804887,0.4427497370966777,0.22081750861243227,16,5,0,0.25203252032520324,0.19413919413919414,0.5936370209689081,0.32682574114244395,0.07953723788864786,0.19166106254203094,0.1695501730103806,0.26714801444043323,0.19646217538577343,0.2168141592920354,246,0.20588235294117646,191,False,False,0.5271907920545179,0.041896588331705065,3.327731092436975,3.672268907563025,119,,,,,,,0.05948865483817528,20,5.62,1.4,81.2,2,8,82,39,0,0,0,17,SP,17,362,75,21.3,9.04,4.3,8.27,1.54,21.32297796240407,-0.0015473803862229296,5,0.5555555555555556,12.0,7,6,1,1,0.0,3.1067532855133573,0.08189720482895518,0.2075,0.25227272727272726,0.05909090909090909,0.3352364475201845,0.29257439446366784,0.27927927927927926,3.443,0.32485457059883943
606192,Teoscar Hernández,R,LAD,5,Chris Sale,L,519242,824879,LAD @ ATL,4:15 PM,27/08,Final,0.5688939164760937,,,,False,1110110101,live,7,3,0.42857142857142855,1,2024,0.24879831977154684,0.38971120268635867,0.4854488886862898,0.4061784426854815,0.3537204774871546,20,1,0.020189832689832682,1.018,81.3,A,0.32642725598526706,7.606359529360409,0.3589463546052606,0.32624510201446827,20,6,0,0.26126126126126126,0.24107142857142858,0.49332105020727773,0.39613081529249194,0.11054813450023031,0.2733612273361227,0.2618657937806874,0.18952618453865336,0.2561174551386623,0.26455026455026454,208,0.22602739726027396,162,False,False,0.6007738443843434,-0.03187992790824978,3.4895833333333335,3.8541666666666665,96,,,,,,,-0.01755752914785179,20,2.2,1.03,135.0,12,9,166,28,0,0,0,23,SP,23,542,111,23.6,11.07,1.87,7.4,0.53,23.50132919859946,0.04913941685723966,3,0.42857142857142855,6.0,7,5,0,1,0.0,3.6043106197139356,0.04842230927763292,0.25471698113207547,0.27467811158798283,0.07510729613733906,0.4484797297297297,0.3336891891891892,0.21428571428571427,4.024,0.3189622983109173
681297,Colton Cowser,L,BAL,8,Gordon Graceffo,R,700669,823014,BAL @ STL,11:15 AM,27/08,Final,0.5672072639526209,,,,True,0110000111,live,0,0,0.0,0,0,0.29741409226847043,0.36097960561283315,0.44467785390088654,0.4459827081524135,0.310765329749431,20,1,0.026053639846743276,1.031,44.4,D,0.2306878306878307,1.7695462825345984,0.44456419208138664,0.1733685591953441,20,6,0,0.2,0.2260536398467433,0.464247598719317,0.41408751334044824,0.12166488794023479,0.23623011015911874,0.18847352024922118,0.22310756972111553,0.21712538226299694,0.21897810218978103,158,0.23134328358208955,155,False,False,0.5025021130711362,0.06470515088148465,2.4862385321100917,2.871559633027523,109,,,,,,,0.04365410581587442,20,2.98,1.07,66.1,7,1,42,30,1,2,3,1,RP,53,262,41,4.9,5.7,4.07,5.56,0.68,5.259452693908904,-0.02598226395262082,8,1.0,-5.0,6,6,1,1,0.0,3.0612127405102347,0.038889959219157805,0.2040133779264214,0.3132183908045977,0.1235632183908046,0.3903508771929825,0.31451578947368425,0.13829787234042554,3.599,0.3475896433295981
683083,Nasim Nuñez,L,WSH,9,Gabriel Hughes,R,687312,822694,COL @ WSH,10:05 AM,27/08,Final,0.5660627201135799,,,,True,1100100000,live,0,0,0.0,0,0,0.08700686582148646,0.24406014003407417,0.19878675557353398,0.10055421319418588,0.18907908014475092,20,1,-0.03538680098153171,1.04,65.9,B,0.26482758620689656,2.1460691192881876,0.31132396484079283,0.1755219803156496,9,5,0,0.2413793103448276,0.20599250936329588,0.623448275862069,0.2731034482758621,0.10344827586206896,0.20833333333333334,0.19294990723562153,0.25679012345679014,0.2129770992366412,0.21153846153846154,239,0.22285714285714286,197,False,True,0.5116149380939702,0.05444778201960976,3.2735042735042734,3.7264957264957266,117,,,,,,,-0.2640983958961909,20,6.61,1.45,47.2,0,6,38,19,1,0,1,9,SP,10,211,50,21.1,7.17,3.59,9.44,0.94,20.799539877115986,-0.004705577256437166,7,0.7777777777777778,7.0,7,7,1,1,0.0,3.709223450804476,0.06326571824714047,0.22337662337662337,0.20270270270270271,0.11261261261261261,0.22627118644067798,0.28261016949152545,0.26851851851851855,3.443,0.3281693248419501
806367,Turner Hill,L,SF,5,Jose Cabrera,R,703615,823179,AZ @ SF,6:45 PM,27/08,Final,0.5659451963758281,122.0,-104.0,45.0,True,011010101,live,0,0,0.0,0,0,0.3524921469450189,0.3286127339336018,0.36692556467510556,0.45486048639216053,0.16041142314997223,9,1,0.0,0.994,51.0,C,0.25357142857142856,,,,4,50,0,,0.2222222222222222,0.6021505376344086,0.2831541218637993,0.11469534050179211,0.3020833333333333,0.26,0.19230769230769232,0.27325581395348836,0.3076923076923077,16,0.3333333333333333,11,True,True,0.5461289553106216,0.01981624106520652,2.4444444444444446,3.0,9,,,,,,,0.02730453749350214,9,5.6,1.53,17.2,0,2,12,7,0,0,0,4,SP,4,81,20,20.2,6.11,3.57,10.19,1.53,,-0.022567418598050337,9,1.0,23.0,6,7,0,0,0.0,3.062440967718409,0.20010993130045301,,,,,,0.24390243902439024,4.024,0.28508347792270505
664728,Kyle Isbel,L,KC,9,Spencer Arrighetti,R,681293,822771,KC @ TOR,4:07 PM,27/08,Final,0.5651541748719665,-117.0,122.0,54.0,True,1110111110,live,0,0,0.0,0,0,0.21863633763859744,0.25748406272075025,0.256187778297214,0.2725437693446568,0.23246256747869964,20,1,0.22026112185686658,0.995,60.1,C,0.2835249042145594,1.5386573888843205,0.3138175607467898,0.21415103576040545,18,6,0,0.06382978723404255,0.2840909090909091,0.4638977635782748,0.46900958466453674,0.0670926517571885,0.23625730994152047,0.20053475935828877,0.2634730538922156,0.2296137339055794,0.23770491803278687,132,0.2376237623762376,115,False,False,0.5658272657620117,-0.0006730908900451915,3.0547945205479454,3.3835616438356166,73,,,,,,,-0.0029519970071659597,20,4.73,1.35,91.1,7,6,91,52,0,0,0,17,SP,18,401,71,22.3,8.97,5.12,7.0,1.28,21.117198926471843,0.00139582512803349,2,0.2857142857142857,1.0,6,6,0,1,0.0,3.6392197433222573,0.03475799978825163,0.25507246376811593,0.1958762886597938,0.06958762886597938,0.3881660470879802,0.2863531598513011,0.23076923076923078,3.443,0.2951889644991652
676724,Jared Young,L,NYM,5,Jacob Misiorowski,R,694819,823581,MIL @ NYM,4:10 PM,27/08,Final,0.5636266935631943,108.0,-104.0,48.0,True,1100111101,live,0,0,0.0,0,0,0.28169590544592205,0.25713166561792805,0.4164962915415112,0.3631830253902185,0.15612650423340124,20,1,0.13495687468290207,0.949,96.5,A,0.3595397890699904,8.04079000360976,0.34440292077220913,0.39431262241709714,20,6,0,0.14814814814814814,0.2831050228310502,0.7726618705035971,0.21534772182254197,0.011990407673860911,0.2579650565262076,0.24508050089445438,0.2534722222222222,0.2530186608122942,0.29285714285714287,149,0.2358490566037736,124,False,False,0.6197093634017937,-0.05608266983859944,3.037037037037037,3.3703703703703702,81,,,,,,,0.19784812029968465,20,1.68,0.76,145.0,13,5,216,33,0,0,0,24,SP,24,550,77,22.9,13.41,2.05,4.78,0.81,22.990912544178105,0.045439973103472364,6,0.8571428571428571,7.0,7,5,0,1,0.0,3.874314485504959,0.02681069783682997,0.24107142857142858,0.22133333333333333,0.072,0.433201581027668,0.2870395256916996,0.12043795620437957,4.024,0.3121151807076349
687597,Jordan Beck,R,COL,8,Jake Irvin,R,663623,822694,COL @ WSH,10:05 AM,27/08,Final,0.5593854893688294,,,,False,0100001101,live,0,0,0.0,0,0,0.24838214638170303,0.38933219885612164,0.4003046532430084,0.4217874185808769,0.3181732081895355,20,2,-0.173972602739726,1.04,45.9,D,0.2740419378163413,2.289809206804887,0.4427497370966777,0.22081750861243227,16,5,0,0.273972602739726,0.1,0.5936370209689081,0.32682574114244395,0.07953723788864786,0.2594458438287154,0.2662337662337662,0.25,0.2602739726027397,0.2727272727272727,69,0.12280701754385964,65,False,False,0.5131393495053093,0.04624613986352011,2.86046511627907,3.116279069767442,43,,,,,,,0.09660589172591276,20,5.62,1.4,81.2,2,8,82,39,0,0,0,17,SP,17,362,75,21.3,9.04,4.3,8.27,1.54,21.32297796240407,-0.008685489368829402,5,0.5555555555555556,12.0,7,6,1,1,0.0,3.1774015218534766,0.10688745028553041,0.23057644110275688,0.3057471264367816,0.0735632183908046,0.343609022556391,0.3083796992481203,0.27927927927927926,3.599,0.32485457059883943
543760,Marcus Semien,R,NYM,6,Jacob Misiorowski,R,694819,823581,MIL @ NYM,4:10 PM,27/08,Final,0.5549058331290606,-108.0,113.0,52.0,False,1010111001,live,0,0,0.0,0,0,0.21412039450747383,0.3392880746235151,0.17000659569982776,0.29779726039040394,0.1848385607016151,20,1,0.031090531090531087,0.949,96.5,A,0.3595397890699904,8.04079000360976,0.34440292077220913,0.39431262241709714,20,6,0,0.1891891891891892,0.2202797202797203,0.7726618705035971,0.21534772182254197,0.011990407673860911,0.22,0.1762977473065622,0.21951219512195122,0.20267686424474188,0.2,238,0.22598870056497175,200,False,False,0.6039337069574967,-0.0490278738284361,3.544642857142857,3.9107142857142856,112,,,,,,,0.05633414925313259,20,1.68,0.76,145.0,13,5,216,33,0,0,0,24,SP,24,550,77,22.9,13.41,2.05,4.78,0.81,22.990912544178105,0.025660833537606176,6,0.8571428571428571,7.0,7,5,0,1,0.0,3.9233059898370497,0.07782781269199571,0.2261904761904762,0.21153846153846154,0.07692307692307693,0.35119418483904463,0.3209984423676012,0.19534883720930232,3.896,0.3121151807076349
673357,Luis Robert,R,NYM,4,Jacob Misiorowski,R,694819,823581,MIL @ NYM,4:10 PM,27/08,Final,0.5526360265398838,-122.0,127.0,55.0,True,1101011111,live,0,0,0.0,0,0,0.2833459115804158,0.43654725441815534,0.46940615732614616,0.42350139497350636,0.25117552554702877,20,1,0.02740841248303935,0.949,96.5,A,0.3595397890699904,8.04079000360976,0.34440292077220913,0.39431262241709714,20,6,0,0.208955223880597,0.23636363636363636,0.7726618705035971,0.21534772182254197,0.011990407673860911,0.21390374331550802,0.18208955223880596,0.17766497461928935,0.19907048799380325,0.18627450980392157,114,0.28,86,False,False,0.6069173814276695,-0.05428135488778574,3.4038461538461537,3.8461538461538463,52,,,,,,,0.1992335117919795,20,1.68,0.76,145.0,13,5,216,33,0,0,0,24,SP,24,550,77,22.9,13.41,2.05,4.78,0.81,22.990912544178105,0.03036397346011621,6,0.8571428571428571,7.0,7,5,0,1,0.0,3.8117229493827747,0.14828421357028418,0.23980815347721823,0.24301075268817204,0.07956989247311828,0.3887061403508772,0.3267675438596491,0.19534883720930232,4.159,0.3121151807076349
701852,Drew Cavanaugh,L,SF,7,Jose Cabrera,R,703615,823179,AZ @ SF,6:45 PM,27/08,Final,0.5432372560209499,138.0,-108.0,42.0,False,1101000110,live,0,0,0.0,0,0,0.26032370586678916,0.3008377582349846,0.3729329299886053,0.3490081799453238,0.3368074327844536,20,1,0.1119766309639727,0.994,51.0,C,0.25357142857142856,,,,4,50,0,0.15384615384615385,0.26582278481012656,0.6021505376344086,0.2831541218637993,0.11469534050179211,0.21710526315789475,0.23036649214659685,0.23809523809523808,0.22459893048128343,0.23404255319148937,55,0.26666666666666666,53,True,True,0.5042077779295823,0.039029478091367587,2.5555555555555554,3.0,36,,,,,,,-0.17321550346077452,20,5.6,1.53,17.2,0,2,12,7,0,0,0,4,SP,4,81,20,20.2,6.11,3.57,10.19,1.53,,-0.022703922687616562,9,1.0,23.0,6,7,0,0,0.0,3.0439655030737343,0.10935342821604321,0.2261904761904762,0.24242424242424243,0.13131313131313133,0.26666666666666666,0.32614166666666666,0.24390243902439024,3.76,0.28508347792270505
814439,Ryan Waldschmidt,R,AZ,9,Landen Roupp,R,694738,823179,AZ @ SF,6:45 PM,27/08,Final,0.5424627583641213,138.0,-133.0,42.0,False,1011110010,live,5,0,0.0,1,2026,0.250085423766904,0.33646156537285515,0.2688488345509884,0.30990837467721183,0.24111132271715063,20,1,-0.18174929638449877,0.994,60.3,C,0.2777777777777778,1.5695083891789865,0.3061854128220767,0.19511262576318927,20,7,0,0.4032258064516129,0.2214765100671141,0.5309734513274337,0.25705857564264645,0.21196797302991993,0.24761904761904763,0.2606060606060606,0.20809248554913296,0.24697508896797152,0.23275862068965517,124,0.3263157894736842,115,True,False,0.5356553913699906,0.006807366994130648,3.196969696969697,3.621212121212121,66,,,,,,,-0.10369131954584412,20,4.34,1.31,134.2,7,13,130,64,0,0,0,25,SP,25,574,113,23.0,8.69,4.28,7.55,0.67,23.50545484175872,-0.012302758364121313,5,0.5,-2.0,7,6,0,0,0.0,3.378906902183485,0.115927281943581,0.28054298642533937,0.27309236947791166,0.06827309236947791,0.3202614379084967,0.3411503267973856,0.23902439024390243,3.443,0.31081829220001983
663586,Austin Riley,R,ATL,8,Yoshinobu Yamamoto,R,808967,824879,LAD @ ATL,4:15 PM,27/08,Final,0.5420496589825637,-108.0,113.0,52.0,False,1100100101,live,0,0,0.0,0,0,0.21882241821284798,0.40309896502906667,0.48062347072774375,0.38814009891032303,0.40302110114480416,20,1,-0.00035727045373346034,1.018,86.4,A,0.2970615243342516,3.9511948698304216,0.36629833298875597,0.2595348904211477,20,6,0,0.2222222222222222,0.22186495176848875,0.5488029465930019,0.18232044198895028,0.26887661141804786,0.21148036253776434,0.19946808510638298,0.2280334728033473,0.21045315540728385,0.21839080459770116,291,0.22641509433962265,237,False,False,0.5526363297578508,-0.010586670775287077,3.5833333333333335,4.0,132,,,,,,,0.025646107931020696,20,2.61,0.9,151.2,12,7,145,35,0,0,0,23,SP,23,583,101,25.3,8.6,2.08,5.99,0.89,25.833954855478908,0.0060336743507696244,6,0.75,7.0,7,6,0,1,0.0,3.854646984312443,0.06786230445162515,0.2222222222222222,0.32083333333333336,0.07291666666666667,0.4706235011990408,0.33120863309352516,0.1935483870967742,3.599,0.32102700027906655
686555,Isaac Collins,L,KC,6,Spencer Arrighetti,R,681293,822771,KC @ TOR,4:07 PM,27/08,Final,0.5420496589825637,-122.0,127.0,55.0,True,0000011110,live,0,0,0.0,0,0,0.15379877147121646,0.2764936717756225,0.4429210785843315,0.20990518028920085,0.2538622735006248,20,1,0.05622759856630824,0.995,60.1,C,0.2835249042145594,1.5386573888843205,0.3138175607467898,0.21415103576040545,18,6,0,0.1875,0.24372759856630824,0.4638977635782748,0.46900958466453674,0.0670926517571885,0.2183763373190686,0.2342857142857143,0.21729957805907174,0.22183641975308643,0.2318840579710145,234,0.2261904761904762,205,False,False,0.5420496589825637,0.0,3.1779661016949152,3.7203389830508473,118,,,,,,,-0.1325550862889695,20,4.73,1.35,91.1,7,6,91,52,0,0,0,17,SP,18,401,71,22.3,8.97,5.12,7.0,1.28,21.117198926471843,0.012300341017436267,2,0.2857142857142857,1.0,6,6,0,1,0.0,3.5119690702493345,0.11997232292752338,0.22340425531914893,0.22272727272727272,0.1159090909090909,0.3971822541966427,0.2995035971223022,0.23076923076923078,3.896,0.2951889644991652
670231,John Rave,L,KC,7,Spencer Arrighetti,R,681293,822771,KC @ TOR,4:07 PM,27/08,Final,0.5381424500943729,-108.0,113.0,52.0,False,0000010111,live,0,0,0.0,0,0,0.20299402264988248,0.3037608023837732,0.27041291542880325,0.23118203499822035,0.1750707886044088,20,1,0.1252873563218391,0.995,60.1,C,0.2835249042145594,1.5386573888843205,0.3138175607467898,0.21415103576040545,18,6,0,0.13333333333333333,0.25862068965517243,0.4638977635782748,0.46900958466453674,0.0670926517571885,0.22594142259414227,0.2484076433121019,0.2441860465116279,0.23651452282157676,0.17073170731707318,45,0.3125,38,False,False,0.5372061230396531,0.0009363270547197988,2.7037037037037037,3.074074074074074,27,,,,,,,-0.1574536541604834,20,4.73,1.35,91.1,7,6,91,52,0,0,0,17,SP,18,401,71,22.3,8.97,5.12,7.0,1.28,21.117198926471843,0.009257549905627105,2,0.2857142857142857,1.0,6,6,0,1,0.0,3.342697918826651,0.05969091203357815,0.20647773279352227,0.24468085106382978,0.08865248226950355,0.3595505617977528,0.2765056179775281,0.23076923076923078,3.76,0.2951889644991652
663662,Daz Cameron,R,TOR,7,Noah Cameron,L,702070,822771,KC @ TOR,4:07 PM,27/08,Final,0.5373453782154501,-100.0,104.0,50.0,False,111001,live,0,0,0.0,0,0,0.37074992443968413,0.46781837526984255,0.22209314002369462,0.4247791475944303,0.23014386188043207,6,2,0.0,0.995,69.6,B,0.27501064282673476,2.6078267978062657,0.3577670187534991,0.20887663843288878,20,6,0,0.25,,0.4982949701619778,0.2907075873827792,0.21099744245524296,0.25806451612903225,0.21739130434782608,0.28,0.2553191489361702,0.2222222222222222,10,0.375,8,False,False,0.5373453782154501,0.0,2.8333333333333335,3.0,6,,,,,,,0.18269018675152182,6,4.02,1.21,143.1,8,8,128,46,0,0,0,24,SP,25,600,128,24.0,8.04,2.89,8.04,0.88,24.526186305316056,0.03365462178454981,8,1.0,18.0,7,6,0,1,0.0,2.924935586472079,0.0,0.21875,0.2881844380403458,0.06628242074927954,0.4265151515151515,0.2888909090909091,0.22303921568627452,3.76,0.27947231233729747
676609,José Caballero,R,NYY,9,Hayden Wesneski,R,669713,823503,HOU @ NYY,4:05 PM,27/08,Final,0.5372512614065031,,,,True,0100000011,live,0,0,0.0,0,0,0.15581482207383654,0.4105705462420247,0.3436739655270651,0.29805754177898514,0.32101580317341405,20,1,0.01322639651048263,1.007,62.3,C,0.27602905569007263,2.183992427842189,0.3941711544028272,0.2044786899260697,5,6,0,0.2246376811594203,0.23786407766990292,0.5752427184466019,0.3131067961165049,0.11165048543689321,0.22042139384116693,0.19040902679830748,0.20481927710843373,0.20919747520288548,0.22093023255813954,191,0.2441860465116279,190,False,False,0.5145531496997147,0.022698111706788482,3.2452830188679247,3.5943396226415096,106,,,,,,,-0.10238794768750159,20,4.23,1.23,27.2,3,1,22,10,0,0,0,5,SP,5,113,24,22.6,7.16,3.25,7.81,0.65,22.34803438782927,-0.017867928073169836,6,0.8571428571428571,9.0,7,6,0,1,0.0,3.380433768018014,0.06420111939856464,0.23180592991913745,0.23798076923076922,0.07211538461538461,0.26409313725490197,0.2989191176470588,0.25,3.443,0.3458201427721216
701358,Cam Smith,R,HOU,9,Gerrit Cole,R,543037,823503,HOU @ NYY,4:05 PM,27/08,Final,0.5365895625734517,-117.0,122.0,54.0,False,1010000010,live,0,0,0.0,0,0,0.19248305090840354,0.33062810209248983,0.3900065886065769,0.31279397194966446,0.3240531728567615,20,1,-0.007205157375805821,1.007,68.8,B,0.3025210084033613,5.191799569097121,0.4275181100148716,0.27637439228085836,16,7,0,0.2222222222222222,0.2150170648464164,0.530758226037196,0.32546494992846925,0.14377682403433475,0.2177971375233354,0.21162185602775369,0.18518518518518517,0.2112232030264817,0.2076271186440678,261,0.22950819672131148,207,False,False,0.5388593691626286,-0.0022698065891768593,3.4344262295081966,3.8360655737704916,122,,,,,,,-0.028043025320524665,20,3.11,1.07,92.2,7,6,100,20,0,0,0,16,SP,16,376,79,23.5,9.71,1.94,7.67,1.17,23.722308985475212,0.024347937426548283,8,1.0,12.0,7,6,0,1,0.0,3.4859630788220017,0.04294540254958028,0.21634615384615385,0.24731182795698925,0.07526881720430108,0.45614617940199337,0.3371827242524917,0.26356589147286824,3.443,0.2952355629562566
669224,Austin Wells,L,NYY,8,Hayden Wesneski,R,669713,823503,HOU @ NYY,4:05 PM,27/08,Final,0.5287160235049333,108.0,-104.0,48.0,False,1000101101,live,0,0,0.0,0,0,0.23968344446056966,0.34467038009472245,0.3833353669436853,0.42407705876754304,0.23955319366422828,20,1,0.040518846721890434,1.007,62.3,C,0.27602905569007263,2.183992427842189,0.3941711544028272,0.2044786899260697,5,6,0,0.14942528735632185,0.18994413407821228,0.5752427184466019,0.3131067961165049,0.11165048543689321,0.16241299303944315,0.13643926788685523,0.17785234899328858,0.15771622385528547,0.16993464052287582,171,0.18584070796460178,135,False,False,0.520588746122355,0.008127277382578346,2.8,3.221052631578947,95,,,,,,,0.11421170628655407,20,4.23,1.23,27.2,3,1,22,10,0,0,0,5,SP,5,113,24,22.6,7.16,3.25,7.81,0.65,22.34803438782927,-0.012766023504933277,6,0.8571428571428571,9.0,7,6,0,1,0.0,3.183222831655637,0.08874779241905709,0.1893491124260355,0.2734375,0.09114583333333333,0.44277539341917027,0.30765808297567954,0.23076923076923078,3.599,0.3458201427721216
596142,Gary Sánchez,R,MIL,5,Sean Manaea,L,640455,823581,MIL @ NYM,4:10 PM,27/08,Final,0.52759025432582,,,,False,1100010000,live,6,1,0.16666666666666666,1,2023,0.125488656066685,0.28503171375886094,0.2776330618563322,0.24657255073142945,0.38310240209883667,20,1,0.011140819964349374,0.949,48.9,D,0.2760705289672544,3.185412493261056,0.4560987626153463,0.23880436613488074,20,6,0,0.21568627450980393,0.20454545454545456,0.6554156171284635,0.31083123425692694,0.033753148614609575,0.19213973799126638,0.16885964912280702,0.17689530685920576,0.18627450980392157,0.17647058823529413,129,0.25,105,False,False,0.5303810818744531,-0.0027908275486331346,2.638888888888889,3.25,72,,,,,,,-0.13990428172195649,20,4.31,1.31,117.0,4,5,117,39,0,0,0,13,RP,27,506,114,18.7,9.0,3.0,8.77,1.46,22.35321269971552,-0.010977754325819933,8,0.8888888888888888,-7.0,6,6,0,1,0.0,3.074311336723324,0.06317463129125035,0.2195845697329377,0.23173803526448364,0.12090680100755667,0.42925170068027213,0.2860312925170068,0.26578073089701,4.024,0.32410886169649766
664702,Myles Straw,R,TOR,8,Noah Cameron,L,702070,822771,KC @ TOR,4:07 PM,27/08,Final,0.5271907920545179,-108.0,113.0,52.0,True,0000000110,live,5,1,0.2,1,2025,0.16476110125337914,0.24729079673892593,0.2810808618100476,0.16950594365547306,0.15834441229232796,20,2,-0.005589347361499242,0.995,69.6,B,0.27501064282673476,2.6078267978062657,0.3577670187534991,0.20887663843288878,20,6,0,0.21518987341772153,0.22077922077922077,0.4982949701619778,0.2907075873827792,0.21099744245524296,0.2129319955406912,0.19014084507042253,0.15254237288135594,0.19933333333333333,0.24778761061946902,124,0.1885245901639344,136,False,False,0.5319318135441155,-0.004741021489597541,2.2815533980582523,2.5242718446601944,103,,,,,,,-0.12795529496998145,20,4.02,1.21,143.1,8,8,128,46,0,0,0,24,SP,25,600,128,24.0,8.04,2.89,8.04,0.88,24.526186305316056,0.010846707945482037,8,1.0,18.0,7,6,0,1,0.0,3.069458275283475,0.08429976895429425,0.20833333333333334,0.14675767918088736,0.06825938566552901,0.251131221719457,0.2803212669683258,0.22303921568627452,3.599,0.27947231233729747
806198,Cooper Pratt,R,MIL,8,Sean Manaea,L,640455,823581,MIL @ NYM,4:10 PM,27/08,Final,0.5246639395545238,-133.0,138.0,57.0,True,1010000011,live,0,0,0.0,0,0,0.24055703575420587,0.22648472501089015,0.1946716900983467,0.3335023167215208,0.24490639969554812,20,1,-0.06230598669623058,0.949,48.9,D,0.2760705289672544,3.185412493261056,0.4560987626153463,0.23880436613488074,20,6,0,0.21951219512195122,0.2818181818181818,0.6554156171284635,0.31083123425692694,0.033753148614609575,0.30343511450381677,0.30434782608695654,0.23529411764705882,0.2952586206896552,0.32051282051282054,90,0.2054794520547945,86,True,False,0.5350093113246561,-0.010345371770132283,3.1458333333333335,3.6666666666666665,48,,,,,,,-0.042602628066362135,20,4.31,1.31,117.0,4,5,117,39,0,0,0,13,RP,27,506,114,18.7,9.0,3.0,8.77,1.46,22.35321269971552,-0.007551439554523753,8,0.8888888888888888,-7.0,6,6,0,1,0.0,3.52281501106587,0.051330281757263375,0.26875,0.20105820105820105,0.1164021164021164,0.31898907103825136,0.3072827868852459,0.26578073089701,3.599,0.32410886169649766
573262,Mike Yastrzemski,L,ATL,7,Yoshinobu Yamamoto,R,808967,824879,LAD @ ATL,4:15 PM,27/08,Final,0.5229739217100652,108.0,-104.0,48.0,False,0000110001,live,6,1,0.16666666666666666,1,2024,0.23691087369219313,0.3859386249487337,0.4815075677556071,0.3669121487233301,0.32452828657108407,20,1,0.11050724637681159,1.018,86.4,A,0.2970615243342516,3.9511948698304216,0.36629833298875597,0.2595348904211477,20,6,0,0.125,0.23550724637681159,0.5488029465930019,0.18232044198895028,0.26887661141804786,0.21394230769230768,0.17657657657657658,0.24363636363636362,0.20916905444126074,0.22727272727272727,169,0.2318840579710145,163,False,False,0.5388019930761656,-0.015828071366100427,2.584070796460177,2.938053097345133,113,,,,,,,-0.07484276288329471,20,2.61,0.9,151.2,12,7,145,35,0,0,0,23,SP,23,583,101,25.3,8.6,2.08,5.99,0.89,25.833954855478908,0.010876078289934865,6,0.75,7.0,7,6,0,1,0.0,2.496803921302243,0.1063590618711042,0.24126984126984127,0.23351648351648352,0.11538461538461539,0.4514492753623188,0.3244260869565217,0.17777777777777778,3.76,0.32102700027906655
666152,David Hamilton,L,MIL,9,Sean Manaea,L,640455,823581,MIL @ NYM,4:10 PM,27/08,Final,0.5159527555339193,-100.0,108.0,50.0,True,0110011001,live,0,0,0.0,0,0,0.1908570895159308,0.36537917793806995,0.3170084620633875,0.29210477255172135,0.19549313975157723,20,1,-0.06336405529953917,0.949,48.9,D,0.2760705289672544,3.185412493261056,0.4560987626153463,0.23880436613488074,20,6,0,0.17857142857142858,0.24193548387096775,0.6554156171284635,0.31083123425692694,0.033753148614609575,0.23730569948186528,0.20576923076923076,0.16216216216216217,0.21627647714604237,0.22602739726027396,167,0.24615384615384617,150,False,False,0.5290095181327055,-0.013056762598786187,2.967741935483871,3.4086021505376345,93,,,,,,,-0.06919561127289033,20,4.31,1.31,117.0,4,5,117,39,0,0,0,13,RP,27,506,114,18.7,9.0,3.0,8.77,1.46,22.35321269971552,-0.0031402555339193894,8,0.8888888888888888,-7.0,6,6,0,1,0.0,3.345805636723859,0.07945530907836369,0.2536443148688047,0.22110552763819097,0.09547738693467336,0.30620915032679735,0.2717823529411765,0.23129251700680273,3.443,0.32410886169649766
668942,Josh Rojas,L,KC,8,Spencer Arrighetti,R,681293,822771,KC @ TOR,4:07 PM,27/08,Final,0.5139549263717714,-104.0,108.0,51.0,True,1010001110,live,0,0,0.0,0,0,0.18716061597485942,0.201620999715209,0.2795279144555975,0.22340886146994535,0.1776114415817713,20,13,0.18663594470046083,0.995,60.1,C,0.2835249042145594,1.5386573888843205,0.3138175607467898,0.21415103576040545,18,6,0,0.07142857142857142,0.25806451612903225,0.4638977635782748,0.46900958466453674,0.0670926517571885,0.2202797202797203,0.22950819672131148,0.19298245614035087,0.21863117870722434,0.23809523809523808,44,0.20588235294117646,36,False,False,0.520588746122355,-0.006633819750583525,2.6206896551724137,2.7586206896551726,29,,,,,,,-0.037017108922037224,20,4.73,1.35,91.1,7,6,91,52,0,0,0,17,SP,18,401,71,22.3,8.97,5.12,7.0,1.28,21.117198926471843,0.011595073628228536,2,0.2857142857142857,1.0,6,6,0,1,0.0,3.300968575055292,0.07499047490713817,0.191044776119403,0.21983914209115282,0.08042895442359249,0.3593544137022398,0.257001976284585,0.23076923076923078,3.599,0.2951889644991652
686780,Pedro Pagés,R,STL,9,Trevor Rogers,L,669432,823014,BAL @ STL,11:15 AM,27/08,Final,0.5123350553121607,,,,False,0011101110,live,0,0,0.0,0,0,0.18912373944399874,0.2978770822218943,0.3533268896108259,0.31149400932822513,0.2995169630871018,20,1,-0.03654630168899245,1.031,66.6,B,0.28467858869018847,3.585160868419556,0.40197472494949854,0.21993665022705255,20,6,0,0.19117647058823528,0.22772277227722773,0.6542553191489362,0.13056092843326886,0.21518375241779497,0.20766773162939298,0.24338624338624337,0.18396226415094338,0.21375921375921375,0.20618556701030927,109,0.2222222222222222,81,False,False,0.48263317791859134,0.029701877393569387,2.864406779661017,3.2203389830508473,59,,,,,,,0.02640399225478935,20,4.38,1.25,137.2,9,9,121,37,0,0,0,25,SP,25,579,135,23.2,7.91,2.42,8.83,1.05,23.551721632105806,0.008127444687839214,8,1.0,5.0,7,6,1,1,0.0,2.618061662360607,0.17698540659148704,0.22788203753351208,0.27941176470588236,0.04656862745098039,0.3748391248391248,0.3063262548262548,0.28254847645429365,3.443,0.33318793551893844
682626,Francisco Álvarez,R,NYM,9,Jacob Misiorowski,R,694819,823581,MIL @ NYM,4:10 PM,27/08,Final,0.5120634303651075,127.0,-122.0,44.0,False,0010000101,live,0,0,0.0,0,0,0.12586230634129392,0.33748033521576665,0.4840731326184227,0.28965057481638423,0.47655981205312836,20,1,0.027430120984564044,0.949,96.5,A,0.3595397890699904,8.04079000360976,0.34440292077220913,0.39431262241709714,20,6,0,0.2127659574468085,0.24019607843137256,0.7726618705035971,0.21534772182254197,0.011990407673860911,0.2282793867120954,0.22493224932249323,0.19413919413919414,0.22257769652650822,0.26582278481012656,181,0.19285714285714287,159,False,False,0.5627629184739867,-0.050699488108879254,3.2747252747252746,3.7362637362637363,91,,,,,,,-0.11149100222491744,20,1.68,0.76,145.0,13,5,216,33,0,0,0,24,SP,24,550,77,22.9,13.41,2.05,4.78,0.81,22.990912544178105,0.03303656963489254,6,0.8571428571428571,7.0,7,5,0,1,0.0,3.8514958774187127,0.10612502071236449,0.24806201550387597,0.2870159453302961,0.09339407744874716,0.4719029374201788,0.33174329501915706,0.19534883720930232,3.443,0.3121151807076349
669743,Alex Call,R,LAD,7,Chris Sale,L,519242,824879,LAD @ ATL,4:15 PM,27/08,Final,0.5094382601199977,-104.0,108.0,51.0,False,0010001101,live,0,0,0.0,0,0,0.24022077189332863,0.31769002254965567,0.21141675784669103,0.374944753075817,0.2582482734733471,20,2,0.1255411255411255,1.018,81.3,A,0.32642725598526706,7.606359529360409,0.3589463546052606,0.32624510201446827,20,6,0,0.3333333333333333,0.2077922077922078,0.49332105020727773,0.39613081529249194,0.11054813450023031,0.2828125,0.2669902912621359,0.3,0.2797055730809674,0.3508771929824561,67,0.19480519480519481,92,False,False,0.5365600429943186,-0.027121782874320877,2.161290322580645,2.564516129032258,62,,,,,,,-0.0660711975626506,20,2.2,1.03,135.0,12,9,166,28,0,0,0,23,SP,23,542,111,23.6,11.07,1.87,7.4,0.53,23.50132919859946,0.05216173988000228,3,0.42857142857142855,6.0,7,5,0,1,0.0,2.049515227894001,0.07065930571439707,0.2644927536231884,0.18711656441717792,0.12269938650306748,0.2503875968992248,0.28755813953488374,0.21428571428571427,3.76,0.3189622983109173
657041,Lane Thomas,R,ATL,6,Yoshinobu Yamamoto,R,808967,824879,LAD @ ATL,4:15 PM,27/08,Final,0.5042077779295823,-100.0,104.0,50.0,False,0110100101,live,0,0,0.0,0,0,0.2262372760689036,0.3542554986314121,0.3939142526373616,0.37898313976204334,0.27517386258470655,20,1,-0.018518518518518517,1.018,86.4,A,0.2970615243342516,3.9511948698304216,0.36629833298875597,0.2595348904211477,20,6,0,0.24074074074074073,0.2222222222222222,0.5488029465930019,0.18232044198895028,0.26887661141804786,0.2245639534883721,0.1809169764560099,0.2277992277992278,0.21069824418129848,0.25146198830409355,192,0.20833333333333334,169,False,False,0.5219603098641025,-0.0177525319345202,2.9166666666666665,3.3425925925925926,108,,,,,,,0.015249050968915859,20,2.61,0.9,151.2,12,7,145,35,0,0,0,23,SP,23,583,101,25.3,8.6,2.08,5.99,0.89,25.833954855478908,0.026992222070417737,6,0.75,7.0,7,6,0,1,0.0,2.551930115922918,0.0897216798307153,0.2177650429799427,0.25679012345679014,0.1259259259259259,0.41496598639455784,0.31920816326530616,0.1935483870967742,3.896,0.32102700027906655
673490,Ha-Seong Kim,R,ATL,9,Yoshinobu Yamamoto,R,808967,824879,LAD @ ATL,4:15 PM,27/08,Final,0.5041806834376493,127.0,-122.0,44.0,True,0000000001,live,5,2,0.4,1,2024,0.12031094518470653,0.2518176112190612,0.29592056606375877,0.13382047638885616,0.24695334939536057,20,1,-0.005925925925925932,1.018,86.4,A,0.2970615243342516,3.9511948698304216,0.36629833298875597,0.2595348904211477,20,6,0,0.08,0.07407407407407407,0.5488029465930019,0.18232044198895028,0.26887661141804786,0.054245283018867926,0.05128205128205128,0.05172413793103448,0.05342237061769616,0.046511627906976744,46,0.11764705882352941,40,False,False,0.5083870587251946,-0.004206375287545305,2.9615384615384617,3.3076923076923075,26,,,,,,,-0.2724383206462161,20,2.61,0.9,151.2,12,7,145,35,0,0,0,23,SP,23,583,101,25.3,8.6,2.08,5.99,0.89,25.833954855478908,-0.00016401677098265566,6,0.75,7.0,7,6,0,1,0.0,2.8900697720471173,0.09278865747625167,0.21144278606965175,0.20575221238938052,0.09070796460176991,0.36138079827400216,0.29485760517799353,0.1935483870967742,3.443,0.32102700027906655
801501,Nate Furman,L,SF,9,Jose Cabrera,R,703615,823179,AZ @ SF,6:45 PM,27/08,Final,0.5041655414769245,170.0,-122.0,37.0,False,0000010,live,0,0,0.0,0,0,0.06147137836566355,,,,0.4049741781116523,7,1,0.0,0.994,51.0,C,0.25357142857142856,,,,4,50,0,,0.08333333333333333,0.6021505376344086,0.2831541218637993,0.11469534050179211,0.08333333333333333,0.18421052631578946,0.0,0.1134020618556701,0.125,8,,6,True,True,0.47586968820898207,0.028295853267942428,1.7142857142857142,2.0,7,,,,,,,-0.279429160049362,7,5.6,1.53,17.2,0,2,12,7,0,0,0,4,SP,4,81,20,20.2,6.11,3.57,10.19,1.53,,-0.022876652588035618,9,1.0,23.0,6,7,0,0,0.0,1.9337209748186517,0.15420948411807742,,,,,,0.24390243902439024,3.443,0.28508347792270505
666211,Taylor Trammell,L,HOU,8,Gerrit Cole,R,543037,823503,HOU @ NYY,4:05 PM,27/08,Final,0.4849399829935625,127.0,-122.0,44.0,True,0000000100,live,0,0,0.0,0,0,0.15872173135800247,0.2829640174736962,0.4750326886997368,0.2272130044770142,0.3249836054199036,20,1,0.04444444444444445,1.007,68.8,B,0.3025210084033613,5.191799569097121,0.4275181100148716,0.27637439228085836,16,7,0,0.16666666666666666,0.2111111111111111,0.530758226037196,0.32546494992846925,0.14377682403433475,0.19208211143695014,0.2091346153846154,0.1917808219178082,0.19726858877086495,0.25925925925925924,120,0.14285714285714285,97,False,False,0.49995916618937924,-0.015019183195816743,2.704225352112676,3.056338028169014,71,,,,,,,-0.13146821850318138,20,3.11,1.07,92.2,7,6,100,20,0,0,0,16,SP,16,376,79,23.5,9.71,1.94,7.67,1.17,23.722308985475212,0.031235017006437438,8,1.0,12.0,7,6,0,1,0.0,3.0341141575395216,0.06769780644120918,0.20512820512820512,0.3146067415730337,0.10393258426966293,0.38833333333333336,0.29146,0.20089285714285715,3.599,0.2952355629562566
683146,Brett Baty,L,NYM,7,Jacob Misiorowski,R,694819,823581,MIL @ NYM,4:10 PM,27/08,Final,0.48263317791859134,133.0,-127.0,43.0,False,1001011011,live,0,0,0.0,0,0,0.32672996563324,0.333734153537218,0.5303639417128209,0.38612197952929267,0.22069349758751194,20,1,0.015062909799751917,0.949,96.5,A,0.3595397890699904,8.04079000360976,0.34440292077220913,0.39431262241709714,20,6,0,0.21052631578947367,0.2255892255892256,0.7726618705035971,0.21534772182254197,0.011990407673860911,0.2389649923896499,0.1966966966966967,0.2504672897196262,0.22985311631599842,0.2512315270935961,224,0.18543046357615894,174,False,False,0.5395659631719583,-0.056932785253366924,3.1052631578947367,3.491228070175439,114,,,,,,,0.08822990012630606,20,1.68,0.76,145.0,13,5,216,33,0,0,0,24,SP,24,550,77,22.9,13.41,2.05,4.78,0.81,22.990912544178105,0.04143348874807534,6,0.8571428571428571,7.0,7,5,0,1,0.0,2.899190690523869,0.1052008274128161,0.2222222222222222,0.2718676122931442,0.08747044917257683,0.4242078580481622,0.31989353612167304,0.12043795620437957,3.76,0.3121151807076349
666624,Christopher Morel,R,NYM,8,Jacob Misiorowski,R,694819,823581,MIL @ NYM,4:10 PM,27/08,Final,0.48043199325560604,138.0,-133.0,42.0,True,1110101000,live,0,0,0.0,0,0,0.12792241690536632,0.30836950749192243,0.37286677912546945,0.33483365745928123,0.3724530569071677,20,1,0.011275546159267097,0.949,96.5,A,0.3595397890699904,8.04079000360976,0.34440292077220913,0.39431262241709714,20,6,0,0.15151515151515152,0.16279069767441862,0.7726618705035971,0.21534772182254197,0.011990407673860911,0.13011152416356878,0.15,0.2,0.14571948998178508,0.14583333333333334,53,0.17857142857142858,30,False,False,0.5131393495053093,-0.03270735624970322,2.923076923076923,3.1923076923076925,26,,,,,,,-0.2530004647092455,20,1.68,0.76,145.0,13,5,216,33,0,0,0,24,SP,24,550,77,22.9,13.41,2.05,4.78,0.81,22.990912544178105,0.028518006744393976,6,0.8571428571428571,7.0,7,5,0,1,0.0,3.023241329946588,0.045060748679807174,0.20408163265306123,0.35543766578249336,0.07957559681697612,0.4688995215311005,0.332799043062201,0.19534883720930232,3.599,0.3121151807076349
666163,Ben Rortvedt,L,LAD,9,Chris Sale,L,519242,824879,LAD @ ATL,4:15 PM,27/08,Final,0.46369982540068505,144.0,-138.0,41.0,True,010100010,live,0,0,0.0,0,0,0.12300588482291559,0.25428582552543066,0.15200384718980675,0.1813484086336866,0.3091123596687938,9,5,0.3333333333333333,1.018,81.3,A,0.32642725598526706,7.606359529360409,0.3589463546052606,0.32624510201446827,20,6,0,0.3333333333333333,0.0,0.49332105020727773,0.39613081529249194,0.11054813450023031,0.15942028985507245,0.08,0.047619047619047616,0.12173913043478261,0.14285714285714285,14,0.16666666666666666,6,False,False,0.4858383663542937,-0.022138540953608676,2.2222222222222223,2.2222222222222223,9,,,,,,,-0.21964037728023253,9,2.2,1.03,135.0,12,9,166,28,0,0,0,23,SP,23,542,111,23.6,11.07,1.87,7.4,0.53,23.50132919859946,0.04793350793264822,3,0.42857142857142855,6.0,7,5,0,1,0.0,2.2855574659739526,0.0,0.18808777429467086,0.23480662983425415,0.08011049723756906,0.23717948717948717,0.243991452991453,0.24390243902439024,3.443,0.3189622983109173
571771,Enrique Hernández,R,LAD,8,Chris Sale,L,519242,824879,LAD @ ATL,4:15 PM,27/08,Final,0.4587104912406759,,,,False,0000100010,live,0,0,0.0,0,0,0.18882341987625578,0.2556194081778781,0.35408539825178537,0.2242686751383111,0.25013889110727106,15,6,0.01777777777777778,1.018,81.3,A,0.32642725598526706,7.606359529360409,0.3589463546052606,0.32624510201446827,20,6,0,0.24,0.2222222222222222,0.49332105020727773,0.39613081529249194,0.11054813450023031,0.21052631578947367,0.3333333333333333,0.23255813953488372,0.2457627118644068,0.34782608695652173,24,0.0,12,False,False,0.49995916618937924,-0.04124867494870332,2.2666666666666666,2.4,15,,,,,,,-0.23588304120954323,15,2.2,1.03,135.0,12,9,166,28,0,0,0,23,SP,23,542,111,23.6,11.07,1.87,7.4,0.53,23.50132919859946,0.056989508759324015,3,0.42857142857142855,6.0,7,5,0,1,0.0,2.478904522453568,0.05965040460132805,0.21492537313432836,0.2791327913279133,0.06775067750677506,0.39295977011494254,0.29938218390804594,0.21428571428571427,3.599,0.3189622983109173
