batter_id,name,batter_hand,team,slot,pitcher,pitcher_hand,opp_pitcher_id,game_pk,matchup,start_time,game_date,game_state,p_hit,hit_odds,no_hit_odds,yes_cents,has_hit,last5,lineup_source,bvp_ab,bvp_h,bvp_avg,bvp_career,bvp_since,b_hit_rate,b_xba,b_hardhit,b_babip,b_k_rate,b_n_games,b_days_rest,split_diff,park_factor,p_rating,p_grade,p_csw,p_k_bb,p_hardhit_allowed,p_k_rate,p_n_games,p_days_rest,is_opener,b_hit_rate_vs_L,b_hit_rate_vs_R,p_use_fb,p_use_bb,p_use_os,b_hr_vs_fb,b_hr_vs_bb,b_hr_vs_os,b_hr_overall,b_hit_rate_vs_sp,b_pa_vs_sp,b_hit_rate_vs_rp,b_pa_vs_rp,b_is_rookie,p_is_rookie,base_p_hit,matchup_delta,b_avg_ab,b_avg_pa,b_games_played,p_multihit,base_p_multihit,p_multihit_matchup_delta,p_hrRbi,base_p_hrRbi,p_hrRbi_matchup_delta,b_quality_first3,b_n_games_first3,p_era,p_whip_official,p_ip,p_wins,p_losses,p_so,p_bb_official,p_saves,p_blown_saves,p_save_opps,p_games_started,p_role,p_games_pitched,p_bf_official,p_hits_allowed,p_bf_per_g,p_k9,p_bb9,p_h9,p_hr9,p_avg_bf,pen_delta,pen_available_n,pen_rested_frac,def_oaa_tonight,def_oaa_n,sched_games_7d,sched_day_after_night,sched_getaway,sched_tz_shift,b_pa,b_bb_rate,b_hit_rate_long,b_k_rate_long,b_bb_rate_long,b_hardhit_long,b_xba_long,p_hit_rate_vs_hand,slot_pa_exp,def_babip_allowed
800050,Chase Delauter,L,CLE,2,Tanner Gordon,R,685299.0,824317,CLE @ COL,5:40 PM,21/08,Scheduled,0.7608829441372379,,,,False,1110111110,estimated,0,0,0.0,0,0,0.29013786069680425,0.31694178270947415,0.45485502785286797,0.35278800332464333,0.13198022323486358,20,5,-0.09868440502586845,1.148,57.2,C,0.2761394101876676,6.306201967827025,0.44545328332363104,0.21133451096768394,17,6,0,0.34959349593495936,0.2509090909090909,0.45994599459945995,0.32943294329432943,0.21062106210621062,0.28076685219542363,0.2462253193960511,0.22727272727272727,0.2596685082872928,0.2626728110599078,249,0.30386740331491713,199,False,False,0.6770456100184421,0.08383733411879579,3.7547169811320753,4.226415094339623,106,,,,,,,0.19929490267727168,20,5.55,1.44,71.1,0.0,3.0,62.0,13.0,0.0,0.0,0.0,5.0,RP,17.0,312.0,90.0,18.4,7.82,1.64,11.36,1.89,18.440323049756138,-0.007168658422952112,7,0.7777777777777778,5.0,5,6,0,0,-2.0,4.34566543564144,0.10305180194890877,0.30092592592592593,0.14081632653061224,0.11224489795918367,0.46120293847566574,0.3139056473829201,0.3148148148148148,4.35,0.3323887527252394
608070,José Ramírez,L,CLE,3,Tanner Gordon,R,685299.0,824317,CLE @ COL,5:40 PM,21/08,Scheduled,0.7419749209973482,,,,False,0100011101,estimated,0,0,0.0,0,0,0.23801173068171189,0.34938439450163933,0.36885184416479233,0.25702628532876726,0.10630002530076077,20,1,-0.02963378176382664,1.148,57.2,C,0.2761394101876676,6.306201967827025,0.44545328332363104,0.21133451096768394,17,6,0,0.25833333333333336,0.22869955156950672,0.45994599459945995,0.32943294329432943,0.21062106210621062,0.22147197839297772,0.23751686909581646,0.2018348623853211,0.22306629834254144,0.27586206896551724,238,0.18571428571428572,167,False,False,0.6566356464135902,0.085339274583758,3.6881720430107525,4.354838709677419,93,,,,,,,0.1617879878634347,20,5.55,1.44,71.1,0.0,3.0,62.0,13.0,0.0,0.0,0.0,5.0,RP,17.0,312.0,90.0,18.4,7.82,1.64,11.36,1.89,18.440323049756138,-0.009360635283062413,7,0.7777777777777778,5.0,5,6,0,0,-2.0,4.27165455799922,0.11369463750682078,0.2482758620689655,0.12062256809338522,0.11478599221789883,0.423011617515639,0.3167265415549598,0.3148148148148148,4.249,0.3323887527252394
650333,Luis Arráez,L,PHI,4,,R,,823420,STL @ PHI,3:40 PM,21/08,Scheduled,0.7248395419278492,,,,False,0001111111,estimated,0,0,0.0,0,0,0.3137197518820197,0.3559034041878847,0.16461153603883255,0.3397437999406819,0.0469523977442255,20,2,-0.03786858602275367,1.009,,,,,,,0,0,0,0.3474576271186441,0.3095890410958904,,,,0.3502943650126156,0.32048458149779735,0.30043859649122806,0.3361679511028435,0.3591549295774648,307,0.2613065326633166,223,False,False,0.7094223383539869,0.015417203573862226,4.0588235294117645,4.453781512605042,119,,,,,,,0.1416529167590279,20,,,,,,,,,,,,,,,,,,,,,,0.009110458072150829,4,0.5,30.0,7,5,0,0,0.0,4.5674263039989755,0.02190523546122579,0.3153526970954357,0.04331450094161959,0.04331450094161959,0.19876543209876543,0.29763616557734207,,4.159,0.295200673129295
680757,Steven Kwan,L,CLE,1,Tanner Gordon,R,685299.0,824317,CLE @ COL,5:40 PM,21/08,Scheduled,0.7158641752535914,-300.0,335.0,75.0,False,1110110101,estimated,0,0,0.0,0,0,0.32503599520537607,0.2797359685857322,0.04494532686052382,0.4047320391147882,0.09676432444354695,20,1,0.05391865234680776,1.148,57.2,C,0.2761394101876676,6.306201967827025,0.44545328332363104,0.21133451096768394,17,6,0,0.22935779816513763,0.2832764505119454,0.45994599459945995,0.32943294329432943,0.21062106210621062,0.27933732167510356,0.2703804347826087,0.2630272952853598,0.2754671488848704,0.2782608695652174,262,0.2558139534883721,221,False,False,0.6497157965721643,0.06614837868142709,3.4655172413793105,4.163793103448276,116,,,,,,,0.1634110068380865,20,5.55,1.44,71.1,0.0,3.0,62.0,13.0,0.0,0.0,0.0,5.0,RP,17.0,312.0,90.0,18.4,7.82,1.64,11.36,1.89,18.440323049756138,-0.00759274668216281,7,0.7777777777777778,5.0,5,6,0,0,-2.0,4.665452156740757,0.20361772023569968,0.2632850241545894,0.1028225806451613,0.1350806451612903,0.09366391184573003,0.3029935720844812,0.3148148148148148,4.442,0.3323887527252394
650490,Yandy Díaz,R,TB,1,Trevor Rogers,L,669432.0,824800,TB @ BAL,4:15 PM,21/08,Scheduled,0.7127735606192392,,,,False,1111111111,estimated,10,6,0.6,1,2022,0.37845511541368754,0.3891926809344632,0.5636475994544261,0.475317809755478,0.13982086495044316,20,1,0.02264990835297198,1.044,61.7,C,0.2822990844354018,3.484507727787618,0.4153323492765008,0.22065443429044732,20,5,0,0.3208955223880597,0.2982456140350877,0.6529262086513995,0.13078880407124682,0.21628498727735368,0.2721641502129307,0.2849949647532729,0.24296675191815856,0.2728643216080402,0.26,336,0.3806818181818182,200,False,False,0.6973114025245247,0.015462158094714518,3.9338842975206614,4.429752066115703,121,,,,,,,0.18182040053858056,20,4.15,1.25,125.2,8.0,8.0,108.0,35.0,0.0,0.0,0.0,23.0,SP,23.0,529.0,122.0,23.0,7.73,2.51,8.74,0.93,23.200077804278212,0.006476439380760812,6,0.75,-1.0,6,7,0,0,0.0,4.646293915808188,0.06036494168867784,0.3099787685774947,0.13988657844990549,0.07561436672967864,0.47329974811083125,0.338617758186398,0.2852941176470588,4.442,0.3547221114281947
624413,Pete Alonso,R,BAL,1,Freddy Peralta,R,642547.0,824800,TB @ BAL,4:15 PM,21/08,Scheduled,0.7081808143697158,-186.0,194.0,65.0,False,1111111111,estimated,8,1,0.125,1,2023,0.44199649506213123,0.4985568859589201,0.6593756640273325,0.5430818859338391,0.2205393084595873,20,1,0.0069044879171461515,1.044,41.9,D,0.25763612217795484,2.0376841799668592,0.40360639057357967,0.19317734677391438,20,5,0,0.26582278481012656,0.2727272727272727,0.5367581930912312,0.24357838795394154,0.21966341895482727,0.2584821428571429,0.25912670007158195,0.27892561983471076,0.26103833090732653,0.27491408934707906,327,0.26344086021505375,225,False,False,0.6500904958676318,0.058090318502084015,3.7559055118110236,4.346456692913386,127,,,,,,,0.31271635233373746,20,5.27,1.48,128.0,5.0,10.0,123.0,53.0,0.0,0.0,0.0,25.0,SP,25.0,573.0,136.0,22.9,8.65,3.73,9.56,1.41,22.42789581061464,-0.030380814369715847,6,0.6666666666666666,-9.0,7,7,0,0,0.0,4.2804599021464105,0.08476519378033762,0.2638580931263858,0.23946360153256704,0.10727969348659004,0.5633946830265848,0.3907730061349693,0.2603550295857988,4.442,0.35140045093008004
666176,Jo Adell,R,CLE,5,Tanner Gordon,R,685299.0,824317,CLE @ COL,5:40 PM,21/08,Scheduled,0.7066818031169532,,,,False,1011001010,estimated,0,0,0.0,0,0,0.19258333805970926,0.444633976536845,0.633374833805938,0.3281465989737013,0.39534092806750776,20,1,-0.021028991425071475,1.148,57.2,C,0.2761394101876676,6.306201967827025,0.44545328332363104,0.21133451096768394,17,6,0,0.2468354430379747,0.22580645161290322,0.45994599459945995,0.32943294329432943,0.21062106210621062,0.2338334195550957,0.24120171673819743,0.20626151012891344,0.23150684931506849,0.2392857142857143,300,0.22340425531914893,209,False,False,0.6122033979550497,0.09447840516190342,3.774193548387097,4.104838709677419,124,,,,,,,-0.19506215506609065,20,5.55,1.44,71.1,0.0,3.0,62.0,13.0,0.0,0.0,0.0,5.0,RP,17.0,312.0,90.0,18.4,7.82,1.64,11.36,1.89,18.440323049756138,-0.007310374545524634,7,0.7777777777777778,5.0,5,6,0,0,-2.0,3.865160681324037,0.06507181445557264,0.23178807947019867,0.2413793103448276,0.04056795131845842,0.4486027944111777,0.3520543912175649,0.3023255813953488,4.024,0.3323887527252394
677951,Bobby Witt,R,KC,2,Troy Melton,R,675512.0,824072,DET @ KC,5:10 PM,21/08,Scheduled,0.7064140463387313,-212.0,233.0,68.0,False,0111011101,estimated,0,0,0.0,0,0,0.2807068951350089,0.3472215219102591,0.41785150574855384,0.33653247958147964,0.16929496611955083,20,1,0.03707564026206078,1.028,76.5,B,0.27942353883106485,3.0507859461158793,0.3500852046856267,0.23209108768820572,14,6,0,0.2608695652173913,0.2979452054794521,0.655724579663731,0.23298638911128902,0.11128903122497999,0.2628712871287129,0.26179875333926983,0.2785515320334262,0.26480637813211844,0.29454545454545455,299,0.2709677419354839,187,False,False,0.6878658303526032,0.018548215986128103,3.909090909090909,4.418181818181818,110,,,,,,,-0.07739780034532173,20,1.49,0.96,84.1,7.0,1.0,73.0,25.0,0.0,0.0,0.0,14.0,SP,14.0,329.0,56.0,23.5,7.79,2.67,5.98,0.85,23.310422085347668,0.006797064772379957,9,1.0,-5.0,6,7,0,0,0.0,4.520412908598173,0.11000088485307802,0.28450106157112526,0.1724137931034483,0.08237547892720307,0.5168416447944006,0.36533705161854774,0.1732283464566929,4.35,0.2834937672091071
808982,Jung Hoo Lee,L,SF,1,Sonny Gray,R,543243.0,824721,SF @ BOS,4:10 PM,21/08,Scheduled,0.6988104137772874,,,,False,0010001111,estimated,5,1,0.2,1,2025,0.2606122844298389,0.28834198047052073,0.29835669235026924,0.3011552803160544,0.1154092025849925,20,1,0.03524684270952927,1.063,71.5,B,0.28029121164846593,3.5916194288197607,0.3687887608609703,0.22944844469235434,20,6,0,0.2692307692307692,0.3044776119402985,0.5803432137285491,0.36973478939157567,0.0499219968798752,0.29207920792079206,0.27292576419213976,0.3018867924528302,0.28745588707090153,0.2786885245901639,258,0.31794871794871793,210,False,False,0.685026858412758,0.013783555364529354,3.8173913043478263,4.069565217391304,115,,,,,,,-0.047633502247734605,20,2.65,1.15,132.2,15.0,3.0,117.0,34.0,0.0,0.0,0.0,23.0,SP,23.0,536.0,118.0,23.3,7.94,2.31,8.01,0.88,24.342081059509837,0.0013895862227126798,6,0.75,15.0,7,6,0,0,0.0,4.34337296812867,0.04009068746927622,0.30376940133037694,0.0995850622406639,0.043568464730290454,0.30231596360628615,0.31687531017369724,0.22641509433962265,4.442,0.308456347396527
678882,Ceddanne Rafaela,R,BOS,2,Logan Webb,R,657277.0,824721,SF @ BOS,4:10 PM,21/08,Scheduled,0.6970436457463028,,,,False,0111110110,estimated,0,0,0.0,0,0,0.2840066988480083,0.320679355856027,0.2490049970690188,0.36046201045095255,0.21702765917254305,20,2,-0.009062499999999973,1.063,79.0,B,0.2732323232323232,3.9773303411286984,0.3469041995548466,0.1963998299788344,20,6,0,0.2890625,0.28,0.5538150581101566,0.1955533097524002,0.25063163213744316,0.27897838899803534,0.26500857632933106,0.2562814070351759,0.2726266260725159,0.2669039145907473,299,0.30456852791878175,210,False,False,0.6702902630358207,0.02675338271048211,4.016806722689076,4.277310924369748,119,,,,,,,0.1279810897225161,20,3.5,1.06,139.0,8.0,7.0,110.0,32.0,0.0,0.0,0.0,22.0,SP,22.0,560.0,116.0,25.5,7.12,2.07,7.51,0.58,25.28737473559094,-0.011268645746302819,8,1.0,-18.0,7,6,0,0,0.0,4.770643349179294,0.008896579503926109,0.2926315789473684,0.20315581854043394,0.03944773175542406,0.3333781362007168,0.31043100358422937,0.20105820105820105,4.35,0.3059202805574401
664983,Jake Mccarthy,L,COL,1,Joey Cantillo,L,676282.0,824317,CLE @ COL,5:40 PM,21/08,Scheduled,0.6957732863731695,,,,False,1100011011,estimated,0,0,0.0,0,0,0.26219711661987294,0.33261202451206123,0.2451350530570851,0.32207528019275233,0.14979512410325593,20,2,0.012530840150629774,1.148,60.5,C,0.3166590178981184,2.8793017620483576,0.41664926818831644,0.28873878610554304,20,6,0,0.30392156862745096,0.2913907284768212,0.39981617647058826,0.3446691176470588,0.2555147058823529,0.2767253044654939,0.2603305785123967,0.26066350710900477,0.269471488178025,0.29615384615384616,277,0.2916666666666667,162,False,False,0.6787492161607865,0.017024070212382947,3.740740740740741,4.064814814814815,108,,,,,,,-0.005957370236988525,20,3.8,1.44,125.2,9.0,7.0,139.0,59.0,0.0,0.0,0.0,26.0,SP,26.0,542.0,122.0,20.8,9.95,4.23,8.74,1.07,20.508010062888584,0.03120171362683044,4,0.5,16.0,7,6,0,0,0.0,4.53655098947183,0.060481886682676934,0.296127562642369,0.1673728813559322,0.04025423728813559,0.2727777777777778,0.3166111111111111,0.23931623931623933,4.442,0.31444815016719074
672515,Gabriel Moreno,R,AZ,3,Nick Lodolo,L,666157.0,825045,CIN @ AZ,6:40 PM,21/08,Scheduled,0.6926497734615018,,,,False,1111111111,estimated,5,1,0.2,1,2025,0.3074432120898677,0.3530687286267391,0.44060400653523085,0.40197084995859755,0.19795065420472674,20,2,-0.07691376946035333,1.0,40.1,D,0.26422764227642276,2.094740847228031,0.39522424662760747,0.18836451383446226,14,5,0,0.25510204081632654,0.33201581027667987,0.5203252032520326,0.24390243902439024,0.23577235772357724,0.3181818181818182,0.2942430703624733,0.3088235294117647,0.3072227873855544,0.3103448275862069,230,0.3108108108108108,180,False,False,0.6743568547803235,0.018292918681178327,3.5816326530612246,4.183673469387755,98,,,,,,,0.26293607138367986,20,4.52,1.42,71.2,3.0,2.0,57.0,29.0,0.0,0.0,0.0,14.0,SP,14.0,316.0,73.0,22.6,7.16,3.64,9.17,1.51,22.24663468750609,-0.020616440128168434,6,0.75,17.0,7,6,0,0,-3.0,4.547606966595175,0.08893702668478524,0.3104265402843602,0.14859437751004015,0.12048192771084337,0.4182950191570881,0.3525919540229885,0.25742574257425743,4.249,0.3304239895378791
670541,Yordan Álvarez,L,HOU,2,J. T. Ginn,R,669372.0,824152,ATH @ HOU,5:10 PM,21/08,Scheduled,0.6913977086834334,-233.0,257.0,70.0,False,0101101011,estimated,0,0,0.0,0,0,0.3062243213691309,0.3152429796127499,0.4747937355625585,0.3600516919938604,0.17188888482616305,20,1,0.0679650238473768,0.998,64.2,C,0.275844930417495,2.2433283176872787,0.3437237315353901,0.21919703642813992,20,6,0,0.2702702702702703,0.3382352941176471,0.6409362549800797,0.1553784860557769,0.20368525896414344,0.31983621474067336,0.30671859785783834,0.3744740532959327,0.32771205638056883,0.3525423728813559,350,0.26282051282051283,198,False,False,0.6861258545737402,0.005271854109693219,3.608,4.384,125,,,,,,,0.12310629036786662,20,3.53,1.22,127.1,8.0,7.0,114.0,53.0,0.0,1.0,1.0,22.0,SP,25.0,533.0,102.0,21.3,8.06,3.75,7.21,0.99,23.869840294466552,0.015102291316566596,5,0.5555555555555556,-10.0,5,6,0,0,0.0,4.213818094063918,0.13088506265185149,0.325635103926097,0.166351606805293,0.11720226843100189,0.5407729468599034,0.4200289855072464,0.23809523809523808,4.35,0.37172447817528403
681198,Tj Rumfield,L,COL,3,Joey Cantillo,L,676282.0,824317,CLE @ COL,5:40 PM,21/08,Scheduled,0.6908629808771917,,,,False,1010110111,estimated,0,0,0.0,0,0,0.2545128946686518,0.3038231712821069,0.17245996425685375,0.29949647669529067,0.12649978851518495,20,2,-0.017356806347632037,1.148,60.5,C,0.3166590178981184,2.8793017620483576,0.41664926818831644,0.28873878610554304,20,6,0,0.27927927927927926,0.2966360856269113,0.39981617647058826,0.3446691176470588,0.2555147058823529,0.3008474576271186,0.25401322001888577,0.23694029850746268,0.2763480392156863,0.26717557251908397,296,0.32954545454545453,202,True,False,0.6632911112016705,0.027571869675521166,3.5609756097560976,4.048780487804878,123,,,,,,,0.06827338111915396,20,3.8,1.44,125.2,9.0,7.0,139.0,59.0,0.0,0.0,0.0,26.0,SP,26.0,542.0,122.0,20.8,9.95,4.23,8.74,1.07,20.508010062888584,0.01993701912280832,4,0.5,16.0,7,6,0,0,0.0,4.169166980652449,0.05657059071370403,0.29107981220657275,0.1446280991735537,0.09710743801652892,0.2701310861423221,0.3047437265917603,0.23931623931623933,4.249,0.31444815016719074
682998,Corbin Carroll,L,AZ,2,Nick Lodolo,L,666157.0,825045,CIN @ AZ,6:40 PM,21/08,Scheduled,0.6888688640273554,-194.0,203.0,66.0,False,0111111001,estimated,0,0,0.0,0,0,0.2397479268785827,0.2677450225551156,0.4109057637854783,0.297141517846184,0.14808271137921267,20,2,0.15507188096913643,1.0,40.1,D,0.26422764227642276,2.094740847228031,0.39522424662760747,0.18836451383446226,14,5,0,0.3620689655172414,0.20699708454810495,0.5203252032520326,0.24390243902439024,0.23577235772357724,0.23952359947066607,0.2695829094608342,0.21187800963081863,0.24258064516129033,0.2611683848797251,327,0.22023809523809523,207,False,False,0.6338284882059054,0.05504037582144994,3.731707317073171,4.341463414634147,123,,,,,,,0.09887015988717733,20,4.52,1.42,71.2,3.0,2.0,57.0,29.0,0.0,0.0,0.0,14.0,SP,14.0,316.0,73.0,22.6,7.16,3.64,9.17,1.51,22.24663468750609,-0.044168864027355426,6,0.75,17.0,7,6,0,0,-3.0,4.331729717119444,0.14059801866849742,0.24833702882483372,0.21839080459770116,0.1111111111111111,0.49010880316518296,0.33899604352126605,0.31343283582089554,4.35,0.3304239895378791
802415,Chandler Simpson,L,TB,4,Trevor Rogers,L,669432.0,824800,TB @ BAL,4:15 PM,21/08,Scheduled,0.6878658303526032,,,,False,1111111111,estimated,5,1,0.2,1,2025,0.3639921028751589,0.25988822659845817,0.1147513213842767,0.3837393776418478,0.05460842712011246,20,1,-0.061422413793103425,1.044,61.7,C,0.2822990844354018,3.484507727787618,0.4153323492765008,0.22065443429044732,20,5,0,0.2604166666666667,0.3218390804597701,0.6529262086513995,0.13078880407124682,0.21628498727735368,0.31612559872272483,0.27705627705627706,0.28110599078341014,0.30270984798413747,0.3271375464684015,289,0.28,191,False,False,0.6823103341839492,0.005555496168654028,3.860869565217391,4.173913043478261,115,,,,,,,0.38701885193449514,20,4.15,1.25,125.2,8.0,8.0,108.0,35.0,0.0,0.0,0.0,23.0,SP,23.0,529.0,122.0,23.0,7.73,2.51,8.74,0.93,23.200077804278212,0.011817502980730143,6,0.75,-1.0,6,7,0,0,0.0,4.399452006028471,0.011828574547273298,0.304635761589404,0.08384458077709611,0.04294478527607362,0.14583333333333334,0.2755930420711974,0.17886178861788618,4.159,0.3547221114281947
663993,Nathaniel Lowe,L,CLE,4,Tanner Gordon,R,685299.0,824317,CLE @ COL,5:40 PM,21/08,Scheduled,0.6864840522461774,,,,False,1010011100,estimated,0,0,1.0,0,0,0.23195372933738845,0.3075376560549131,0.437873586856133,0.3035990791084339,0.21970150364557484,20,1,-0.015785157851578524,1.148,57.2,C,0.2761394101876676,6.306201967827025,0.44545328332363104,0.21133451096768394,17,6,0,0.2777777777777778,0.26199261992619927,0.45994599459945995,0.32943294329432943,0.21062106210621062,0.25530546623794215,0.28598848368522073,0.2686084142394822,0.2626094205919133,0.30409356725146197,189,0.2033898305084746,134,False,False,0.6116644539315895,0.07481959831458784,3.10752688172043,3.4731182795698925,93,,,,,,,0.10711316271122624,20,5.55,1.44,71.1,0.0,3.0,62.0,13.0,0.0,0.0,0.0,5.0,RP,17.0,312.0,90.0,18.4,7.82,1.64,11.36,1.89,18.440323049756138,0.008287376325251117,7,0.7777777777777778,5.0,5,6,0,0,-2.0,3.8438580073730693,0.044576453702394055,0.2638888888888889,0.2438423645320197,0.09113300492610837,0.4284802043422733,0.33990804597701146,0.3148148148148148,4.159,0.3323887527252394
677800,Wilyer Abreu,L,BOS,3,Logan Webb,R,657277.0,824721,SF @ BOS,4:10 PM,21/08,Scheduled,0.6864028857807409,,,,False,0111110101,estimated,0,0,0.0,0,0,0.2973882184679824,0.3327875760956308,0.5450329393265697,0.3570540242437432,0.11256593602166437,20,2,-0.06473327259844111,1.063,79.0,B,0.2732323232323232,3.9773303411286984,0.3469041995548466,0.1963998299788344,20,6,0,0.3063063063063063,0.24157303370786518,0.5538150581101566,0.1955533097524002,0.25063163213744316,0.23549934583515045,0.24655963302752293,0.24613003095975233,0.24024102698454283,0.2563176895306859,322,0.2578947368421053,216,False,False,0.6422576664177463,0.04414521936299465,3.796747967479675,4.373983739837398,123,,,,,,,-0.061182742129525985,20,3.5,1.06,139.0,8.0,7.0,110.0,32.0,0.0,0.0,0.0,22.0,SP,22.0,560.0,116.0,25.5,7.12,2.07,7.51,0.58,25.28737473559094,-0.012340385780740926,8,1.0,-18.0,7,6,0,0,0.0,4.50179902470312,0.16958893345326664,0.25877192982456143,0.1988527724665392,0.09751434034416825,0.44299242424242424,0.33944460227272727,0.22549019607843138,4.249,0.3059202805574401
691406,Junior Caminero,R,TB,3,Trevor Rogers,L,669432.0,824800,TB @ BAL,4:15 PM,21/08,Scheduled,0.6861258545737402,-203.0,223.0,67.0,False,1110101111,estimated,7,3,0.42857142857142855,1,2025,0.21729466989850899,0.27994941862747125,0.4536371480245481,0.2785391250269298,0.23244683634089958,20,1,-0.021060739436619735,1.044,61.7,C,0.2822990844354018,3.484507727787618,0.4153323492765008,0.22065443429044732,20,5,0,0.2578125,0.27887323943661974,0.6529262086513995,0.13078880407124682,0.21628498727735368,0.29214607303651824,0.26490066225165565,0.29780033840947545,0.28414481897627963,0.2947019867549669,333,0.23756906077348067,220,False,False,0.6632911112016705,0.0228347433720697,3.8333333333333335,4.388888888888889,126,,,,,,,-0.013834702285210873,20,4.15,1.25,125.2,8.0,8.0,108.0,35.0,0.0,0.0,0.0,23.0,SP,23.0,529.0,122.0,23.0,7.73,2.51,8.74,0.93,23.200077804278212,-0.013175854573740153,6,0.75,-1.0,6,7,0,0,0.0,4.377204663350373,0.06502424452418988,0.27391304347826084,0.18525519848771266,0.09640831758034027,0.5023020257826888,0.34500276243093925,0.2852941176470588,4.249,0.3547221114281947
672695,Geraldo Perdomo,L,AZ,1,Nick Lodolo,L,666157.0,825045,CIN @ AZ,6:40 PM,21/08,Scheduled,0.6861258545737402,,,,False,1101100010,estimated,6,2,0.3333333333333333,1,2025,0.243443827922294,0.2848911977463946,0.3304506838151823,0.26282001835873886,0.1491510928961974,20,2,0.06950096380381235,1.0,40.1,D,0.26422764227642276,2.094740847228031,0.39522424662760747,0.18836451383446226,14,5,0,0.29310344827586204,0.2236024844720497,0.5203252032520326,0.24390243902439024,0.23577235772357724,0.2543103448275862,0.26609442060085836,0.2629310344827586,0.25847243297926153,0.2835820895522388,320,0.17647058823529413,209,False,False,0.6490622447104242,0.03706360986331603,3.5901639344262297,4.336065573770492,122,,,,,,,0.006938812024416094,20,4.52,1.42,71.2,3.0,2.0,57.0,29.0,0.0,0.0,0.0,14.0,SP,14.0,316.0,73.0,22.6,7.16,3.64,9.17,1.51,22.24663468750609,-0.029109187907073508,6,0.75,17.0,7,6,0,0,-3.0,4.419765378522389,0.09614115325940184,0.24883720930232558,0.12162162162162163,0.14285714285714285,0.30154405086285196,0.29385921889191646,0.31343283582089554,4.442,0.3304239895378791
683002,Gunnar Henderson,L,BAL,2,Freddy Peralta,R,642547.0,824800,TB @ BAL,4:15 PM,21/08,Scheduled,0.685391880199996,-170.0,186.0,63.0,False,0101101011,estimated,0,0,0.0,0,0,0.23016810041421043,0.37035076495108077,0.45779061016384776,0.3332548288033307,0.156973948326658,20,1,-0.014845938375350143,1.044,41.9,D,0.25763612217795484,2.0376841799668592,0.40360639057357967,0.19317734677391438,20,5,0,0.23333333333333334,0.2184873949579832,0.5367581930912312,0.24357838795394154,0.21966341895482727,0.2057142857142857,0.213520197856554,0.18948655256723718,0.20449802921400417,0.21935483870967742,340,0.22842639593908629,232,False,False,0.642838654482373,0.04255322571762299,4.023809523809524,4.5396825396825395,126,,,,,,,0.005997529404099494,20,5.27,1.48,128.0,5.0,10.0,123.0,53.0,0.0,0.0,0.0,25.0,SP,25.0,573.0,136.0,22.9,8.65,3.73,9.56,1.41,22.42789581061464,-0.025025213533329316,6,0.6666666666666666,-9.0,7,7,0,0,0.0,4.276319901054865,0.16666113022451406,0.22474226804123712,0.21794871794871795,0.08608058608058608,0.45719489981785066,0.32437158469945354,0.26875,4.35,0.35140045093008004
805808,Kevin Mcgonigle,L,DET,2,Noah Cameron,L,702070.0,824072,DET @ KC,5:10 PM,21/08,Scheduled,0.6853543015139847,,,,False,1101100111,estimated,0,0,0.0,0,0,0.2563564486279478,0.27511865441192707,0.3553192547816982,0.32504366119136996,0.16309198125913094,20,2,-0.09624495525530793,1.028,69.9,B,0.2778268551236749,2.975081070059542,0.3616257623393376,0.21970296833419894,20,5,0,0.20863309352517986,0.3048780487804878,0.49800973020787265,0.2901371074745688,0.2118531623175586,0.2768804799261652,0.28135593220338984,0.2689075630252101,0.27637078927956726,0.2826855123674912,333,0.266304347826087,220,True,False,0.6563140860956831,0.029040215418301596,3.8278688524590163,4.532786885245901,122,,,,,,,0.10235901581579189,20,4.16,1.22,138.1,7.0,8.0,126.0,43.0,0.0,0.0,0.0,23.0,SP,24.0,580.0,126.0,24.2,8.2,2.8,8.2,0.91,25.051058982333544,0.011662365152682042,6,0.6666666666666666,15.0,7,6,0,0,-1.0,4.735936318609446,0.1069115014749169,0.28322440087145967,0.13812154696132597,0.13812154696132597,0.36493055555555554,0.30808854166666666,0.2748091603053435,4.35,0.28983121450892146
669364,Xavier Edwards,L,MIA,1,Brad Lord,R,695418.0,823830,WSH @ MIA,4:10 PM,21/08,Scheduled,0.6837406588991503,,,,False,0110111111,estimated,0,0,0.0,0,0,0.30102408127362207,0.34195347995418296,0.3715236921274466,0.3865738840704847,0.13084651832092462,20,2,-0.014154704944178587,1.0,50.4,C,0.2689844464775846,1.5987325419546696,0.3626970217666058,0.2207129928965606,20,6,0,0.2982456140350877,0.2840909090909091,0.5965073529411765,0.359375,0.04411764705882353,0.2801615345784957,0.3124397299903568,0.2721598002496879,0.28679540709812107,0.2887323943661972,327,0.2857142857142857,210,False,False,0.6787492161607865,0.004991442738363716,3.6984126984126986,4.261904761904762,126,,,,,,,0.0786747069536557,20,4.04,1.25,62.1,5.0,2.0,57.0,25.0,1.0,1.0,2.0,3.0,RP,30.0,269.0,53.0,9.0,8.23,3.61,7.65,1.01,8.892515646487634,-0.006153158899150135,8,1.0,4.0,7,6,0,0,0.0,4.336327418947353,0.1167269821655448,0.28442437923250563,0.1350293542074364,0.10763209393346379,0.2920231729055259,0.30877807486631015,0.25961538461538464,4.442,0.3142328583844634
666160,Mickey Moniak,L,COL,4,Joey Cantillo,L,676282.0,824317,CLE @ COL,5:40 PM,21/08,Scheduled,0.6831668034889985,,,,False,0100100101,estimated,0,0,0.0,0,0,0.1994748150133181,0.27197447064740005,0.36544794372961975,0.3138111127851127,0.29021025081302315,20,2,-0.02582582582582585,1.148,60.5,C,0.3166590178981184,2.8793017620483576,0.41664926818831644,0.28873878610554304,20,6,0,0.24444444444444444,0.2702702702702703,0.39981617647058826,0.3446691176470588,0.2555147058823529,0.23485554520037277,0.2685459940652819,0.28294573643410853,0.25602805786935556,0.2568306010928962,196,0.2809917355371901,136,False,False,0.6098176603814355,0.07334914310756302,3.4545454545454546,3.772727272727273,88,,,,,,,-0.08731945185613676,20,3.8,1.44,125.2,9.0,7.0,139.0,59.0,0.0,0.0,0.0,26.0,SP,26.0,542.0,122.0,20.8,9.95,4.23,8.74,1.07,20.508010062888584,0.04160819651100145,4,0.5,16.0,7,6,0,0,0.0,4.070749271951007,0.04779672469662119,0.27427184466019416,0.2595936794582393,0.04966139954853273,0.4207631874298541,0.32211616161616163,0.23931623931623933,4.159,0.31444815016719074
672640,Otto Lopez,R,MIA,2,Brad Lord,R,695418.0,823830,WSH @ MIA,4:10 PM,21/08,Scheduled,0.6823103341839492,,,,False,1100101101,estimated,0,0,1.0,0,0,0.21385516376243244,0.31129279839786117,0.3704682428252266,0.24892210478989812,0.08169197812652713,20,2,-0.08989279606223671,1.0,50.4,C,0.2689844464775846,1.5987325419546696,0.3626970217666058,0.2207129928965606,20,6,0,0.37404580152671757,0.28415300546448086,0.5965073529411765,0.359375,0.04411764705882353,0.3336864406779661,0.2761474793077502,0.33277310924369746,0.31348373557187825,0.3059210526315789,327,0.31088082901554404,213,False,False,0.6823103341839492,0.0,4.008064516129032,4.354838709677419,124,,,,,,,0.04166795041225783,20,4.04,1.25,62.1,5.0,2.0,57.0,25.0,1.0,1.0,2.0,3.0,RP,30.0,269.0,53.0,9.0,8.23,3.61,7.65,1.01,8.892515646487634,0.006439665816050821,8,1.0,4.0,7,6,0,0,0.0,4.422082189718533,0.08568506041755737,0.3084886128364389,0.13026819923371646,0.04597701149425287,0.41116465863453816,0.32416666666666666,0.18181818181818182,4.35,0.3142328583844634
807799,Masataka Yoshida,L,BOS,5,Logan Webb,R,657277.0,824721,SF @ BOS,4:10 PM,21/08,Scheduled,0.6818307621768335,,,,False,1011010111,estimated,0,0,0.0,0,0,0.31359845198393327,0.2638819972019839,0.41099590918215423,0.35751886790411685,0.1133520412441614,20,6,0.0,1.063,79.0,B,0.2732323232323232,3.9773303411286984,0.3469041995548466,0.1963998299788344,20,6,0,,0.2737642585551331,0.5538150581101566,0.1955533097524002,0.25063163213744316,0.23452157598499063,0.2261072261072261,0.26430517711171664,0.2379421221864952,0.24516129032258063,172,0.3148148148148148,125,False,False,0.6470379181337731,0.03479284404306038,3.0229885057471266,3.413793103448276,87,,,,,,,0.05167529589574409,20,3.5,1.06,139.0,8.0,7.0,110.0,32.0,0.0,0.0,0.0,22.0,SP,22.0,560.0,116.0,25.5,7.12,2.07,7.51,0.58,25.28737473559094,-0.010243262176833356,8,1.0,-18.0,7,6,0,0,0.0,3.9109883191673753,0.07031423191180247,0.28191489361702127,0.10501193317422435,0.07875894988066826,0.42153614457831323,0.29651506024096386,0.22549019607843138,4.024,0.3059202805574401
682829,Elly De La Cruz,L,CIN,1,Eduardo Rodríguez,L,593958.0,825045,CIN @ AZ,6:40 PM,21/08,Scheduled,0.6818295531273407,-186.0,203.0,65.0,False,0100010011,estimated,0,0,0.0,0,0,0.1683062630383153,0.3324244948541554,0.46948252504129434,0.2541590700433496,0.31038429751729485,20,1,0.034180543382997364,1.0,56.7,C,0.2533726812816189,2.658340065915358,0.3412373141734607,0.1789889094969121,20,6,0,0.2857142857142857,0.25153374233128833,0.6109704641350211,0.1270042194092827,0.2620253164556962,0.23875802997858672,0.23954703832752614,0.23833543505674654,0.23925576519916142,0.2518248175182482,303,0.2733333333333333,181,False,False,0.6372589193592008,0.04457063376813997,3.925925925925926,4.481481481481482,108,,,,,,,-0.08159207075409737,20,2.71,1.21,149.1,12.0,4.0,106.0,47.0,0.0,0.0,0.0,25.0,SP,25.0,613.0,134.0,24.5,6.39,2.83,8.08,0.84,24.85761391892604,-0.03700955312734078,5,0.7142857142857143,24.0,6,8,0,0,-3.0,4.337927793501519,0.13729855420983164,0.2619047619047619,0.26857142857142857,0.10857142857142857,0.5249221183800623,0.3743042575285566,0.24855491329479767,4.442,0.29649873378810815
682657,Angel Martínez,L,CLE,6,Tanner Gordon,R,685299.0,824317,CLE @ COL,5:40 PM,21/08,Scheduled,0.6818295531273407,,,,False,1111100111,estimated,0,0,0.0,0,0,0.29897186669059655,0.37323411448210464,0.28459746771165,0.38221701455699514,0.20779536575087323,20,1,-0.09071294128448787,1.148,57.2,C,0.2761394101876676,6.306201967827025,0.44545328332363104,0.21133451096768394,17,6,0,0.291970802919708,0.20125786163522014,0.45994599459945995,0.32943294329432943,0.21062106210621062,0.238716148445336,0.26436781609195403,0.23515981735159816,0.2440264361972547,0.24025974025974026,165,0.24647887323943662,151,False,False,0.6076984037811876,0.07413114934615317,3.7,3.95,80,,,,,,,0.09399645140821815,20,5.55,1.44,71.1,0.0,3.0,62.0,13.0,0.0,0.0,0.0,5.0,RP,17.0,312.0,90.0,18.4,7.82,1.64,11.36,1.89,18.440323049756138,0.002127589729802315,7,0.7777777777777778,5.0,5,6,0,0,-2.0,3.8517715811909863,0.009566214520350657,0.23618090452261306,0.23201856148491878,0.03944315545243619,0.3243847874720358,0.3047046979865772,0.3148148148148148,3.896,0.3323887527252394
686765,Nick Sogard,L,BOS,1,Logan Webb,R,657277.0,824721,SF @ BOS,4:10 PM,21/08,Scheduled,0.6814657403895956,,,,False,1110100111,estimated,0,0,0.0,0,0,0.2953544791515057,0.3143422896254223,0.29129026314329143,0.34042446337516885,0.17962815029652116,20,2,-0.15205724508050092,1.063,79.0,B,0.2732323232323232,3.9773303411286984,0.3469041995548466,0.1963998299788344,20,6,0,0.38461538461538464,0.23255813953488372,0.5538150581101566,0.1955533097524002,0.25063163213744316,0.24029126213592233,0.24553571428571427,0.27450980392156865,0.25,0.2542372881355932,72,0.2830188679245283,66,False,False,0.6278157605341916,0.053649979855403984,3.6129032258064515,4.451612903225806,31,,,,,,,0.12329926824878104,20,3.5,1.06,139.0,8.0,7.0,110.0,32.0,0.0,0.0,0.0,22.0,SP,22.0,560.0,116.0,25.5,7.12,2.07,7.51,0.58,25.28737473559094,-0.015703240389595696,8,1.0,-18.0,7,6,0,0,0.0,4.7715363271380395,0.14420138042878575,0.2565789473684211,0.22443181818181818,0.09943181818181818,0.27155555555555555,0.3169822222222222,0.22549019607843138,4.442,0.3059202805574401
671277,Luis García,L,NYY,4,Mason Fluharty,L,689254.0,823510,TOR @ NYY,4:05 PM,21/08,Scheduled,0.6787492161607865,,,,False,0101011011,estimated,0,0,0.0,0,0,0.2719500130575757,0.34661278454262684,0.48371462283123196,0.3500905466719673,0.21842566613342024,20,1,-0.07919268712100644,1.007,93.0,A,0.29550827423167847,4.288467793198914,0.31457719808781,0.24112832543142793,20,2,0,0.20689655172413793,0.28608923884514437,0.49166666666666664,0.4119047619047619,0.09642857142857143,0.2245762711864407,0.24385026737967913,0.26163522012578616,0.2398477157360406,0.256198347107438,254,0.31547619047619047,177,False,False,0.6787492161607865,0.0,3.5042735042735043,3.6837606837606836,117,,,,,,,0.055665758258476826,20,3.71,1.24,51.0,5.0,1.0,56.0,20.0,1.0,0.0,1.0,3.0,RP,67.0,213.0,43.0,3.2,9.88,3.53,7.59,1.06,2.7415480414642843,-0.009109216160786526,5,0.7142857142857143,11.0,5,6,0,0,0.0,4.24841002287878,0.033840268797394026,0.27053140096618356,0.16820276497695852,0.041474654377880185,0.4638318670576735,0.3291432062561095,0.15384615384615385,4.159,0.2833383289952749
703607,Henry Bolte,R,ATH,1,Hayden Wesneski,R,669713.0,824152,ATH @ HOU,5:10 PM,21/08,Scheduled,0.6787492161607865,,,,False,1100111111,estimated,0,0,0.0,0,0,0.3068352498443889,0.37357275205718016,0.4743472831269755,0.39619345955325563,0.2392499576022603,20,1,0.007402961184473811,0.998,60.5,C,0.2866043613707165,,,,4,6,0,0.2647058823529412,0.272108843537415,0.6074766355140186,0.29906542056074764,0.09345794392523364,0.2720647773279352,0.26260869565217393,0.33534743202416917,0.2800743149094287,0.296969696969697,185,0.2288135593220339,134,True,False,0.6490622447104242,0.029686971450362365,3.4096385542168677,3.8433734939759034,83,,,,,,,0.2059831506126815,20,5.16,1.32,22.2,2.0,1.0,18.0,7.0,0.0,0.0,0.0,4.0,SP,4.0,95.0,23.0,23.8,7.15,2.78,9.13,0.79,,-0.027729216160786607,5,0.7142857142857143,3.0,7,7,0,0,0.0,4.311403866499472,0.024830800860548365,0.2717391304347826,0.28115015974440893,0.0670926517571885,0.4663120567375887,0.3278723404255319,0.2857142857142857,4.442,0.3231557507704159
668227,Randy Arozarena,R,SEA,2,Matt Boyd,L,571510.0,823101,CHC @ SEA,7:10 PM,21/08,Scheduled,0.6772531096479072,-186.0,194.0,65.0,False,0111101010,estimated,0,0,0.0,0,0,0.20811141418056694,0.35129685421757956,0.5233675472324032,0.3064161496341406,0.2351876694257064,20,1,-0.03680435320306702,0.906,57.4,C,0.26813880126182965,2.218994372475629,0.3551057952696352,0.17009302675756807,14,6,0,0.24615384615384617,0.2829581993569132,0.4558359621451104,0.27681388012618297,0.26735015772870663,0.2456876456876457,0.23714036617262424,0.2490974729241877,0.24370620295873346,0.24907063197026022,321,0.3081395348837209,192,False,False,0.6496727998015038,0.02758030984640336,3.7058823529411766,4.310924369747899,119,,,,,,,0.14116502419409116,20,4.02,1.24,85.0,8.0,2.0,68.0,26.0,0.0,0.0,0.0,15.0,SP,15.0,354.0,79.0,23.6,7.2,2.75,8.36,1.38,24.771031578225305,-0.03581310964790718,5,0.8333333333333334,36.0,6,6,0,0,-2.0,4.521092138139811,0.07712201452013209,0.2772727272727273,0.21372549019607842,0.09215686274509804,0.43358509566968784,0.33998942598187315,0.2510822510822511,4.35,0.3053731214237843
606466,Ketel Marte,L,AZ,4,Nick Lodolo,L,666157.0,825045,CIN @ AZ,6:40 PM,21/08,Scheduled,0.6770456100184421,,,,False,0100111100,estimated,6,2,0.3333333333333333,1,2025,0.20661608156593872,0.3046175417699791,0.4258480116763252,0.25605348961883856,0.15202716812413491,20,5,-0.005010315355142958,1.0,40.1,D,0.26422764227642276,2.094740847228031,0.39522424662760747,0.18836451383446226,14,5,0,0.24786324786324787,0.25287356321839083,0.5203252032520326,0.24390243902439024,0.23577235772357724,0.24286546301688994,0.21708542713567838,0.23681377825618946,0.2345035655512891,0.2517241379310345,317,0.25142857142857145,198,False,False,0.6442071652718299,0.03283844474661224,3.9743589743589745,4.401709401709402,117,,,,,,,-0.007940627960142447,20,4.52,1.42,71.2,3.0,2.0,57.0,29.0,0.0,0.0,0.0,14.0,SP,14.0,316.0,73.0,22.6,7.16,3.64,9.17,1.51,22.24663468750609,-0.0348956100184421,6,0.75,17.0,7,6,0,0,-3.0,4.16790163515524,0.11304437451796599,0.2510548523206751,0.14666666666666667,0.07238095238095238,0.4262804366078925,0.3281381192275399,0.31343283582089554,4.159,0.3304239895378791
695506,Jac Caglianone,L,KC,3,Troy Melton,R,675512.0,824072,DET @ KC,5:10 PM,21/08,Scheduled,0.6770456100184421,,,,False,1111110111,estimated,0,0,0.0,0,0,0.4694006015844708,0.40747465089880774,0.5127418225904343,0.5258727790804215,0.12336940301585662,20,2,-0.01890989988876529,1.028,76.5,B,0.27942353883106485,3.0507859461158793,0.3500852046856267,0.23209108768820572,14,6,0,0.29310344827586204,0.27419354838709675,0.655724579663731,0.23298638911128902,0.11128903122497999,0.2665736217725052,0.23919308357348704,0.2637571157495256,0.25614617940199336,0.27125506072874495,271,0.2905027932960894,190,False,False,0.6632911112016705,0.013754498816771599,3.5798319327731094,3.8739495798319328,119,,,,,,,0.24915775543741386,20,1.49,0.96,84.1,7.0,1.0,73.0,25.0,0.0,0.0,0.0,14.0,SP,14.0,329.0,56.0,23.5,7.79,2.67,5.98,0.85,23.310422085347668,0.0035543899815579927,9,1.0,-5.0,6,7,0,0,0.0,3.8989213646686713,0.0,0.27014218009478674,0.26535087719298245,0.06140350877192982,0.5514950166112956,0.38575747508305647,0.20114942528735633,4.249,0.2834937672091071
666018,Jonathan Aranda,L,TB,2,Trevor Rogers,L,669432.0,824800,TB @ BAL,4:15 PM,21/08,Scheduled,0.6770456100184421,-170.0,186.0,63.0,False,1011101101,estimated,5,2,0.4,1,2025,0.2516744714884261,0.34688545894012246,0.5439547657602735,0.3429474607223945,0.27445953446062715,20,1,-0.03082876326174977,1.044,61.7,C,0.2822990844354018,3.484507727787618,0.4153323492765008,0.22065443429044732,20,5,0,0.25688073394495414,0.2877094972067039,0.6529262086513995,0.13078880407124682,0.21628498727735368,0.25508607198748046,0.24595842956120093,0.27533460803059273,0.2551585304479114,0.27526132404181186,328,0.28888888888888886,211,False,False,0.6632911112016705,0.013754498816771599,3.796747967479675,4.382113821138211,123,,,,,,,-0.005344339877230053,20,4.15,1.25,125.2,8.0,8.0,108.0,35.0,0.0,0.0,0.0,23.0,SP,23.0,529.0,122.0,23.0,7.73,2.51,8.74,0.93,23.200077804278212,0.0056543899815579834,6,0.75,-1.0,6,7,0,0,0.0,4.598890744893919,0.03626138448445614,0.2860310421286031,0.22476190476190477,0.10476190476190476,0.4491991991991992,0.3598438438438439,0.17886178861788618,4.35,0.3547221114281947
660271,Shohei Ohtani,L,LAD,1,Bubba Chandler,R,696149.0,823911,PIT @ LAD,7:10 PM,21/08,Scheduled,0.6743568547803235,-194.0,212.0,66.0,False,1011011110,estimated,0,0,0.0,0,0,0.2787140575158746,0.3734319604793042,0.516385599479544,0.3736734507224136,0.25266200958397,20,2,-0.015655577299412915,0.973,54.1,C,0.2604517059106199,1.9283948509284898,0.3752958468625052,0.20485898910237982,20,7,0,0.3013698630136986,0.2857142857142857,0.5525554484088717,0.29026036644165865,0.15718418514946964,0.30422401518747033,0.29029217719132894,0.2683923705722071,0.2950570342205323,0.3049645390070922,330,0.26744186046511625,206,False,False,0.6743568547803235,0.0,3.8803418803418803,4.581196581196581,117,,,,,,,0.1581418182044195,20,4.23,1.37,121.1,6.0,8.0,108.0,64.0,0.0,0.0,0.0,23.0,SP,24.0,528.0,102.0,22.0,8.01,4.75,7.57,0.74,22.12207198391911,-0.004531854780323363,8,0.8888888888888888,2.0,7,6,0,0,-1.0,4.436753377949398,0.05903833525041066,0.2910284463894967,0.23204419889502761,0.10313075506445672,0.5342396777442094,0.39899244712990933,0.22950819672131148,4.442,0.32618350577985683
643446,Jeff Mcneil,L,ATH,2,Hayden Wesneski,R,669713.0,824152,ATH @ HOU,5:10 PM,21/08,Scheduled,0.6743568547803235,,,,False,1111001110,estimated,0,0,0.0,0,0,0.3012060604679011,0.31443415281244613,0.2502769695510673,0.3327038895762278,0.0741249385018114,20,1,0.03137254901960784,0.998,60.5,C,0.2866043613707165,,,,4,6,0,0.23529411764705882,0.26666666666666666,0.6074766355140186,0.29906542056074764,0.09345794392523364,0.24230465666929754,0.23471400394477318,0.25121951219512195,0.2421340629274966,0.2777777777777778,215,0.23870967741935484,173,False,False,0.6653154377783216,0.009041417002001895,3.1517857142857144,3.4642857142857144,112,,,,,,,0.19079886784782307,20,5.16,1.32,22.2,2.0,1.0,18.0,7.0,0.0,0.0,0.0,4.0,SP,4.0,95.0,23.0,23.8,7.15,2.78,9.13,0.79,,-0.013536854780323515,5,0.7142857142857143,3.0,7,7,0,0,0.0,3.799732617854143,0.034013968335207964,0.24528301886792453,0.12224938875305623,0.06601466992665037,0.31557632398753893,0.3045451713395639,0.2558139534883721,4.35,0.3231557507704159
607208,Trea Turner,R,PHI,2,,R,,823420,STL @ PHI,3:40 PM,21/08,Scheduled,0.6743568547803235,-223.0,257.0,69.0,False,0101011101,estimated,0,0,0.0,0,0,0.2635686310771096,0.3280416107780244,0.29769389307862754,0.3604640791882591,0.17794850951680902,20,2,-0.004868784530386749,1.009,,,,,,,0,0,0,0.24861878453038674,0.24375,,,,0.2288888888888889,0.23081841432225064,0.2543103448275862,0.23186377420107301,0.24522292993630573,337,0.24598930481283424,206,False,False,0.6362962709909962,0.03806058378932731,4.10655737704918,4.450819672131147,122,,,,,,,0.026801737928217276,20,,,,,,,,,,,,,,,,,,,,,,-0.002881854780323434,4,0.5,30.0,7,5,0,0,0.0,4.606997511864526,0.07941792034155953,0.24746450304259635,0.21575984990619138,0.06378986866791744,0.39726631393298056,0.32602116402116404,,4.35,0.295200673129295
518692,Freddie Freeman,L,LAD,3,Bubba Chandler,R,696149.0,823911,PIT @ LAD,7:10 PM,21/08,Scheduled,0.6740361343460167,-203.0,212.0,67.0,False,1101000111,estimated,0,0,0.0,0,0,0.3090802107232648,0.39739336085698956,0.33108043829132383,0.4220891255265421,0.17258962396394703,20,2,-0.06327900287631832,0.973,54.1,C,0.2604517059106199,1.9283948509284898,0.3752958468625052,0.20485898910237982,20,7,0,0.348993288590604,0.2857142857142857,0.5525554484088717,0.29026036644165865,0.15718418514946964,0.30613185799907794,0.2857142857142857,0.31221719457013575,0.3009950248756219,0.30405405405405406,329,0.30952380952380953,198,False,False,0.6743568547803235,-0.0003207204343067538,3.772357723577236,4.284552845528455,123,,,,,,,0.026272848493161464,20,4.23,1.37,121.1,6.0,8.0,108.0,64.0,0.0,0.0,0.0,23.0,SP,24.0,528.0,102.0,22.0,8.01,4.75,7.57,0.74,22.12207198391911,-0.0010236343460167108,8,0.8888888888888888,2.0,7,6,0,0,-1.0,4.182304823439704,0.06151218336628129,0.3008849557522124,0.1617933723196881,0.10136452241715399,0.4261517615176152,0.3658035230352304,0.22950819672131148,4.249,0.32618350577985683
665487,Fernando Tatís,R,SD,1,Connor Prielipp,L,687570.0,823262,MIN @ SD,6:40 PM,21/08,Scheduled,0.6736075117929996,-203.0,212.0,67.0,False,1010101011,estimated,0,0,0.0,0,0,0.24229187260252463,0.34484098995484846,0.4577520513814018,0.26801665828968846,0.09905630140755173,20,2,0.058481976960237825,0.954,48.4,D,0.2780358327803583,2.645581551659846,0.42130093942258995,0.25387651065451905,17,6,0,0.3247863247863248,0.266304347826087,0.42297476759628155,0.46879150066401065,0.10823373173970784,0.2764811490125673,0.2580357142857143,0.22282608695652173,0.2636968766001024,0.25838926174496646,343,0.3155080213903743,208,False,True,0.6834370993356215,-0.009829587542621865,3.88,4.408,125,,,,,,,0.07573704359217566,20,5.34,1.38,87.2,3.0,6.0,94.0,36.0,0.0,0.0,0.0,17.0,SP,17.0,382.0,85.0,22.5,9.65,3.7,8.73,1.23,22.851861219791502,0.0013524882070004018,5,0.625,-7.0,7,6,0,0,-3.0,4.286076707049358,0.1482023396997704,0.2817204301075269,0.1890359168241966,0.09073724007561437,0.5236986301369864,0.3696356164383562,0.2330508474576271,4.442,0.334062801460213
702616,Jackson Holliday,L,BAL,3,Freddy Peralta,R,642547.0,824800,TB @ BAL,4:15 PM,21/08,Scheduled,0.6726486490828201,,,,False,1001111000,estimated,0,0,0.0,0,0,0.16913784524932374,0.2783231763235154,0.22479672846422438,0.22049038909706548,0.2477294597557797,20,1,0.0754779902178746,1.044,41.9,D,0.25763612217795484,2.0376841799668592,0.40360639057357967,0.19317734677391438,20,5,0,0.17307692307692307,0.24855491329479767,0.5367581930912312,0.24357838795394154,0.21966341895482727,0.1980074719800747,0.2190721649484536,0.18025751072961374,0.2007017543859649,0.226890756302521,138,0.2358490566037736,126,False,False,0.6076433370685882,0.06500531201423188,2.960526315789474,3.473684210526316,76,,,,,,,-0.05519951509756229,20,5.27,1.48,128.0,5.0,10.0,123.0,53.0,0.0,0.0,0.0,25.0,SP,25.0,573.0,136.0,22.9,8.65,3.73,9.56,1.41,22.42789581061464,-0.03816531574948678,6,0.6666666666666666,-9.0,7,7,0,0,0.0,4.3009086495272495,0.06702704407236376,0.22391857506361323,0.210752688172043,0.13333333333333333,0.33954802259887007,0.3060372881355932,0.26875,4.249,0.35140045093008004
694249,Cole Carrigg,L,COL,2,Joey Cantillo,L,676282.0,824317,CLE @ COL,5:40 PM,21/08,Scheduled,0.6697077991587848,,,,False,1101111011,estimated,0,0,0.0,0,0,0.23579260153021697,0.35561963994812057,0.2782060689645042,0.31316438899254767,0.22217757149479103,20,2,0.08309630231613166,1.148,60.5,C,0.3166590178981184,2.8793017620483576,0.41664926818831644,0.28873878610554304,20,6,0,0.32608695652173914,0.24299065420560748,0.39981617647058826,0.3446691176470588,0.2555147058823529,0.2868525896414343,0.2514124293785311,0.2521489971346705,0.26936257710760797,0.28688524590163933,134,0.2727272727272727,99,True,False,0.652072127972425,0.01763567118635978,3.5535714285714284,4.160714285714286,56,,,,,,,0.27369297415133237,20,3.8,1.44,125.2,9.0,7.0,139.0,59.0,0.0,0.0,0.0,26.0,SP,26.0,542.0,122.0,20.8,9.95,4.23,8.74,1.07,20.508010062888584,0.03279220084121526,4,0.5,16.0,7,6,0,0,0.0,4.613454973459555,0.07322999969586302,0.2864583333333333,0.2088888888888889,0.09777777777777778,0.33678160919540234,0.33395172413793106,0.23931623931623933,4.35,0.31444815016719074
676475,Alec Burleson,L,STL,3,Jesús Luzardo,L,666200.0,823420,STL @ PHI,3:40 PM,21/08,Scheduled,0.6690805800174361,,,,False,1101111111,estimated,0,0,0.0,0,0,0.3173150997480644,0.3628028804645017,0.4955833656778557,0.46274818291817743,0.23563500682204291,20,1,-0.033453569700435504,1.009,98.2,A,0.3281378178835111,4.153463133192454,0.3325694896631574,0.31177090833639565,20,6,0,0.25984251968503935,0.29329608938547486,0.43150123051681705,0.38187038556193603,0.18662838392124692,0.2976769313884387,0.24622222222222223,0.33905579399141633,0.28940217391304346,0.288135593220339,324,0.2789473684210526,215,False,False,0.6804891919396496,-0.01140861192221354,3.8188976377952755,4.244094488188976,127,,,,,,,0.05160215706440785,20,3.23,1.15,150.1,11.0,5.0,185.0,46.0,0.0,0.0,0.0,25.0,SP,25.0,621.0,127.0,24.8,11.08,2.75,7.6,0.72,25.61276122713265,0.01694441998256402,8,1.0,-11.0,7,8,0,0,0.0,4.37214694702384,0.07612274836992673,0.2807017543859649,0.16568047337278108,0.08086785009861933,0.49641577060931896,0.3634274193548387,0.15384615384615385,4.249,0.33164086644129775
686527,Dominic Canzone,L,SEA,3,Matt Boyd,L,571510.0,823101,CHC @ SEA,7:10 PM,21/08,Scheduled,0.6680442583358036,,,,False,1110111111,estimated,0,0,0.0,0,0,0.27763215618045217,0.36645519958638206,0.40853780905189646,0.39895036882009616,0.23311465404554432,20,1,-0.01587006385221007,0.906,57.4,C,0.26813880126182965,2.218994372475629,0.3551057952696352,0.17009302675756807,14,6,0,0.24561403508771928,0.26148409893992935,0.4558359621451104,0.27681388012618297,0.26735015772870663,0.25554569653948533,0.23870967741935484,0.2327150084317032,0.24449779911964786,0.2524752475247525,226,0.26811594202898553,156,False,False,0.6442379409092704,0.023806317426533163,3.0357142857142856,3.4107142857142856,112,,,,,,,0.1358889059137372,20,4.02,1.24,85.0,8.0,2.0,68.0,26.0,0.0,0.0,0.0,15.0,SP,15.0,354.0,79.0,23.6,7.2,2.75,8.36,1.38,24.771031578225305,-0.028044258335803707,5,0.8333333333333334,36.0,6,6,0,0,-2.0,4.521092138139811,0.0933535387304898,0.2534435261707989,0.2109181141439206,0.0794044665012407,0.4595323741007194,0.33282374100719425,0.20270270270270271,4.249,0.3053731214237843
701398,Sal Stewart,R,CIN,2,Eduardo Rodríguez,L,593958.0,825045,CIN @ AZ,6:40 PM,21/08,Scheduled,0.6680041930164403,,,,False,1111011111,estimated,0,0,0.0,0,0,0.28943266008387947,0.3897649538857986,0.32076171249468094,0.39470246356146793,0.20750419652589888,20,1,-0.049405589007256445,1.0,56.7,C,0.2533726812816189,2.658340065915358,0.3412373141734607,0.1789889094969121,20,6,0,0.21568627450980393,0.2650918635170604,0.6109704641350211,0.1270042194092827,0.2620253164556962,0.2596685082872928,0.2695214105793451,0.2818627450980392,0.2651325662831416,0.2682119205298013,335,0.23204419889502761,215,False,False,0.6289111236655113,0.039093069350929044,3.8031496062992125,4.330708661417323,127,,,,,,,0.17644323775735452,20,2.71,1.21,149.1,12.0,4.0,106.0,47.0,0.0,0.0,0.0,25.0,SP,25.0,613.0,134.0,24.5,6.39,2.83,8.08,0.84,24.85761391892604,-0.03582419301644035,5,0.7142857142857143,24.0,6,8,0,0,-3.0,4.236451349130466,0.041858270719763765,0.2543859649122807,0.2230769230769231,0.09230769230769231,0.3933333333333333,0.3302392156862745,0.23333333333333334,4.35,0.29649873378810815
665161,Jeremy Peña,R,HOU,1,J. T. Ginn,R,669372.0,824152,ATH @ HOU,5:10 PM,21/08,Scheduled,0.6653555030976849,,,,False,0010111100,estimated,0,0,0.0,0,0,0.14853349580468805,0.30578212212413497,0.37390181689336155,0.2434112370005194,0.34285451377940473,20,2,0.10727868852459016,0.998,64.2,C,0.275844930417495,2.2433283176872787,0.3437237315353901,0.21919703642813992,20,6,0,0.19672131147540983,0.304,0.6409362549800797,0.1553784860557769,0.20368525896414344,0.2881487219209915,0.271523178807947,0.2674772036474164,0.27928994082840236,0.2885572139303483,218,0.2727272727272727,123,False,False,0.6563140860956831,0.009041417002001784,3.9871794871794872,4.371794871794871,78,,,,,,,-0.11970206424531331,20,3.53,1.22,127.1,8.0,7.0,114.0,53.0,0.0,1.0,1.0,22.0,SP,25.0,533.0,102.0,21.3,8.06,3.75,7.21,0.99,23.869840294466552,0.012984496902315179,5,0.5555555555555556,-10.0,5,6,0,0,0.0,4.263051579914577,0.03127159580122457,0.2809917355371901,0.19736842105263158,0.06578947368421052,0.4225593667546174,0.3466042216358839,0.19170984455958548,4.442,0.37172447817528403
668939,Adley Rutschman,L,BOS,4,Logan Webb,R,657277.0,824721,SF @ BOS,4:10 PM,21/08,Scheduled,0.6653154377783216,,,,False,1010000110,estimated,5,1,0.2,1,2023,0.18586095046327772,0.25888662455443184,0.3422194826752471,0.2107348572049012,0.18229769472411067,20,2,-0.03888888888888889,1.063,79.0,B,0.2732323232323232,3.9773303411286984,0.3469041995548466,0.1963998299788344,20,6,0,0.26666666666666666,0.22777777777777777,0.5538150581101566,0.1955533097524002,0.25063163213744316,0.26957223567393057,0.2515625,0.2620192307692308,0.26382237701349587,0.25161290322580643,186,0.22608695652173913,127,False,False,0.6247914026302737,0.04052403514804792,3.6486486486486487,4.22972972972973,74,,,,,,,-0.17915121689972538,20,3.5,1.06,139.0,8.0,7.0,110.0,32.0,0.0,0.0,0.0,22.0,SP,22.0,560.0,116.0,25.5,7.12,2.07,7.51,0.58,25.28737473559094,-0.017815437778321508,8,1.0,-18.0,7,6,0,0,0.0,4.154578072492813,0.14792635968095533,0.24018475750577367,0.15,0.112,0.4103817504655493,0.28919832402234635,0.22549019607843138,4.159,0.3059202805574401
547180,Bryce Harper,L,PHI,3,,R,,823420,STL @ PHI,3:40 PM,21/08,Scheduled,0.6653154377783216,-194.0,203.0,66.0,False,0001111101,estimated,0,0,0.0,0,0,0.28523260868534683,0.33385833445975815,0.487252600618299,0.4000807277238785,0.14504676800703514,20,2,0.1315567399511437,1.009,,,,,,,0,0,0,0.17721518987341772,0.3087719298245614,,,,0.24939613526570048,0.2440828402366864,0.26608695652173914,0.25020804438280164,0.28113879003558717,332,0.22839506172839505,210,False,False,0.6246410710426672,0.04067436673565439,3.515873015873016,4.301587301587301,126,,,,,,,0.07705888435824898,20,,,,,,,,,,,,,,,,,,,,,,9.56222167836085e-06,4,0.5,30.0,7,5,0,0,0.0,4.578456634279167,0.2925791562740498,0.26004728132387706,0.21165048543689322,0.15728155339805824,0.45355626326963905,0.36887261146496814,,4.249,0.295200673129295
803011,Sam Antonacci,L,CWS,1,Sean Manaea,L,640455.0,824559,NYM @ CWS,4:40 PM,21/08,Scheduled,0.6632911112016705,,,,False,1110100100,estimated,0,0,0.0,0,0,0.16098502677581322,0.25964885628254125,0.2572024257812807,0.22817156890072052,0.192689373171584,20,1,-0.00913043478260872,0.968,51.8,C,0.2785412262156448,3.2689235224621025,0.44916116997803607,0.24616848191059928,20,6,0,0.2608695652173913,0.27,0.6559196617336153,0.3091966173361522,0.03488372093023256,0.2675461741424802,0.23044692737430167,0.24652087475149106,0.2554557124518614,0.26339285714285715,254,0.27586206896551724,177,True,False,0.6653154377783216,-0.002024326576651081,3.481132075471698,4.066037735849057,106,,,,,,,-0.14186867421833374,20,4.22,1.32,111.0,4.0,5.0,113.0,37.0,0.0,0.0,0.0,12.0,RP,26.0,481.0,109.0,18.5,9.16,3.0,8.84,1.3,21.992824161282954,4.222213166271693e-05,9,1.0,-7.0,6,7,0,0,0.0,4.082442947449273,0.10808269853020061,0.28133704735376047,0.15201900237529692,0.07600950118764846,0.3612994350282486,0.33642485875706213,0.2357142857142857,4.442,0.31019017288230805
702332,Caleb Durbin,R,BOS,7,Logan Webb,R,657277.0,824721,SF @ BOS,4:10 PM,21/08,Scheduled,0.66294824285811,,,,False,0011011110,estimated,5,2,0.4,1,2025,0.2935656851891543,0.30674521566276963,0.1732404703086958,0.32278598675448983,0.11591461575760986,20,2,-0.007955320323408122,1.063,79.0,B,0.2732323232323232,3.9773303411286984,0.3469041995548466,0.1963998299788344,20,6,0,0.2621359223300971,0.25418060200668896,0.5538150581101566,0.1955533097524002,0.25063163213744316,0.24734540911930045,0.23972602739726026,0.27364864864864863,0.2493358633776091,0.27312775330396477,257,0.2342857142857143,200,False,False,0.6309463270418899,0.03200191581622014,3.4358974358974357,3.905982905982906,117,,,,,,,0.034858871857515406,20,3.5,1.06,139.0,8.0,7.0,110.0,32.0,0.0,0.0,0.0,22.0,SP,22.0,560.0,116.0,25.5,7.12,2.07,7.51,0.58,25.28737473559094,-0.010798242858110041,8,1.0,-18.0,7,6,0,0,0.0,4.492627875717462,0.12360226854061368,0.25307125307125306,0.13882863340563992,0.0737527114967462,0.2741010689990282,0.2705597667638484,0.20105820105820105,3.76,0.3059202805574401
677587,Brayan Rocchio,L,CLE,9,Tanner Gordon,R,685299.0,824317,CLE @ COL,5:40 PM,21/08,Scheduled,0.6627449525466983,,,,False,1101110101,estimated,0,0,0.0,0,0,0.17617301662043933,0.2525015473539721,0.2707904378250169,0.20791828294441,0.1309228928571594,20,1,-0.01816870944484497,1.148,57.2,C,0.2761394101876676,6.306201967827025,0.44545328332363104,0.21133451096768394,17,6,0,0.2602739726027397,0.24210526315789474,0.45994599459945995,0.32943294329432943,0.21062106210621062,0.2359781121751026,0.24074074074074073,0.22596964586846544,0.23713490959666203,0.25116279069767444,241,0.24537037037037038,238,False,False,0.5958355362927331,0.06690941625396518,3.5040650406504064,3.894308943089431,123,,,,,,,0.005520332486051937,20,5.55,1.44,71.1,0.0,3.0,62.0,13.0,0.0,0.0,0.0,5.0,RP,17.0,312.0,90.0,18.4,7.82,1.64,11.36,1.89,18.440323049756138,0.0038979045961589076,7,0.7777777777777778,5.0,5,6,0,0,-2.0,3.9018920661928185,0.0557115096618654,0.25415676959619954,0.14498933901918976,0.06609808102345416,0.3102455146364495,0.2917355996222852,0.3148148148148148,3.442,0.3323887527252394
681624,Andy Pages,R,LAD,2,Bubba Chandler,R,696149.0,823911,PIT @ LAD,7:10 PM,21/08,Scheduled,0.6610413464043537,,,,False,0110101111,estimated,0,0,0.0,0,0,0.30117182323535513,0.36805396322327893,0.36017543720398987,0.3728167229813829,0.1322638806752707,20,2,-0.008381311939594183,0.973,54.1,C,0.2604517059106199,1.9283948509284898,0.3752958468625052,0.20485898910237982,20,7,0,0.27607361963190186,0.2676923076923077,0.5525554484088717,0.29026036644165865,0.15718418514946964,0.2746422893481717,0.22764976958525346,0.2676056338028169,0.26208777584924375,0.24912280701754386,317,0.30049261083743845,229,False,False,0.6588941502660485,0.002147196138305274,3.904,4.368,125,,,,,,,0.16478725322556334,20,4.23,1.37,121.1,6.0,8.0,108.0,64.0,0.0,0.0,0.0,23.0,SP,24.0,528.0,102.0,22.0,8.01,4.75,7.57,0.74,22.12207198391911,-0.004753846404353723,8,0.8888888888888888,2.0,7,6,0,0,-1.0,4.439431918015097,0.0771514383454412,0.2692307692307692,0.1965648854961832,0.08015267175572519,0.4273972602739726,0.3453917808219178,0.21904761904761905,4.35,0.32618350577985683
694384,Nolan Schanuel,L,LAA,3,Mackenzie Gore,L,669022.0,822857,LAA @ TEX,5:15 PM,21/08,Scheduled,0.6610413464043537,,,,False,1010111100,estimated,5,0,0.0,1,2024,0.31812014496655455,0.3627828560856176,0.32841204326989126,0.32033851302656674,0.07547004977463179,20,1,-0.034280936454849475,0.964,64.9,C,0.2729957805907173,3.270439792491694,0.38724145377278074,0.2523690830822124,20,6,0,0.25,0.2842809364548495,0.593077247783875,0.28704094554664417,0.1198818066694808,0.26839565741857657,0.28072289156626506,0.3182711198428291,0.2804918577600532,0.2815126050420168,268,0.2684563758389262,173,False,False,0.6632911112016705,-0.0022497647973167556,3.6857142857142855,4.2,105,,,,,,,-0.024777158497447785,20,4.45,1.26,139.2,7.0,9.0,154.0,51.0,0.0,0.0,0.0,26.0,SP,26.0,597.0,125.0,23.0,9.92,3.29,8.05,1.16,23.62511154416514,-0.0008913464043537322,8,0.8888888888888888,7.0,6,6,0,0,0.0,4.145581127565167,0.10504021745774807,0.26869158878504673,0.13157894736842105,0.10526315789473684,0.3283287419651056,0.32498898071625343,0.25757575757575757,4.249,0.32140420764430694
670623,Isaac Paredes,R,HOU,3,J. T. Ginn,R,669372.0,824152,ATH @ HOU,5:10 PM,21/08,Scheduled,0.6609184768426996,,,,False,0110111011,estimated,0,0,0.0,0,0,0.2963420011788672,0.2961543865116948,0.2369209465405839,0.30002882991450164,0.037336641836357994,20,1,-0.0024897837676923773,0.998,64.2,C,0.275844930417495,2.2433283176872787,0.3437237315353901,0.21919703642813992,20,6,0,0.26548672566371684,0.26299694189602446,0.6409362549800797,0.1553784860557769,0.20368525896414344,0.2608886933567972,0.2549467275494673,0.34271523178807944,0.27056019070321813,0.27598566308243727,315,0.2422360248447205,195,False,False,0.6681430668975153,-0.007224590054815794,3.6666666666666665,4.25,120,,,,,,,0.13494433470666334,20,3.53,1.22,127.1,8.0,7.0,114.0,53.0,0.0,1.0,1.0,22.0,SP,25.0,533.0,102.0,21.3,8.06,3.75,7.21,0.99,23.869840294466552,0.036541523157300304,5,0.5555555555555556,-10.0,5,6,0,0,0.0,4.224019483913829,0.09861199765689767,0.25740318906605925,0.14201183431952663,0.09270216962524655,0.2901907356948229,0.2934850136239782,0.19170984455958548,4.249,0.37172447817528403
677594,Julio Rodríguez,R,SEA,4,Matt Boyd,L,571510.0,823101,CHC @ SEA,7:10 PM,21/08,Scheduled,0.6570533424797182,,,,False,0011111001,estimated,0,0,0.0,0,0,0.21690014032148666,0.37029298330660504,0.40732511223894996,0.31145132656831137,0.2675833115377813,20,1,-0.007234726688102877,0.906,57.4,C,0.26813880126182965,2.218994372475629,0.3551057952696352,0.17009302675756807,14,6,0,0.25,0.2572347266881029,0.4558359621451104,0.27681388012618297,0.26735015772870663,0.23487179487179488,0.24693376941946035,0.22388059701492538,0.23745544282972306,0.2508710801393728,313,0.2619047619047619,192,False,False,0.6278157605341916,0.029237581945526614,3.9224137931034484,4.353448275862069,116,,,,,,,0.06094037418050371,20,4.02,1.24,85.0,8.0,2.0,68.0,26.0,0.0,0.0,0.0,15.0,SP,15.0,354.0,79.0,23.6,7.2,2.75,8.36,1.38,24.771031578225305,-0.033633342479718165,5,0.8333333333333334,36.0,6,6,0,0,-2.0,4.521092138139811,0.08845215013237558,0.25806451612903225,0.2054263565891473,0.07751937984496124,0.4287372330547818,0.3474526462395543,0.2510822510822511,4.159,0.3053731214237843
664761,Alec Bohm,R,PHI,5,,R,,823420,STL @ PHI,3:40 PM,21/08,Scheduled,0.6563140860956831,,,,False,0111111110,estimated,0,0,0.0,0,0,0.33844212819733155,0.3278014633673126,0.4062618418889001,0.36444462109219766,0.06195575388501518,20,2,-0.03596080295109422,1.009,,,,,,,0,0,0,0.26573426573426573,0.2297734627831715,,,,0.22138930534732634,0.2186192468619247,0.2463768115942029,0.22280593325092707,0.23938223938223938,279,0.24352331606217617,220,False,False,0.6629995751030737,-0.0066854890073906326,3.7355371900826446,4.12396694214876,121,,,,,,,0.07224293832473969,20,,,,,,,,,,,,,,,,,,,,,,0.004710913904316882,4,0.5,30.0,7,5,0,0,0.0,4.222615594103228,0.044533523203269365,0.23927765237020315,0.14052953156822812,0.06517311608961303,0.42379679144385024,0.30393404634581106,,4.024,0.295200673129295
671056,Iván Herrera,R,STL,2,Jesús Luzardo,L,666200.0,823420,STL @ PHI,3:40 PM,21/08,Scheduled,0.6560283930166841,,,,False,0110110001,estimated,0,0,0.0,0,0,0.19827434572461775,0.2902387135334787,0.4334371900855391,0.25123537611757224,0.18945351549488595,20,1,-0.01940292292959156,1.009,98.2,A,0.3281378178835111,4.153463133192454,0.3325694896631574,0.31177090833639565,20,6,0,0.2328767123287671,0.25227963525835867,0.43150123051681705,0.38187038556193603,0.18662838392124692,0.21843154630039877,0.21934501142421933,0.25045372050816694,0.22284055165739172,0.23129251700680273,349,0.27071823204419887,219,False,False,0.6609239162814587,-0.004895523264774604,3.7401574803149606,4.47244094488189,127,,,,,,,-0.0351855759893029,20,3.23,1.15,150.1,11.0,5.0,185.0,46.0,0.0,0.0,0.0,25.0,SP,25.0,621.0,127.0,24.8,11.08,2.75,7.6,0.72,25.61276122713265,0.006334106983315824,8,1.0,-11.0,7,8,0,0,0.0,4.677596303212822,0.13930591929083846,0.25055432372505543,0.17383177570093458,0.09532710280373832,0.41564245810055866,0.3158938547486034,0.2517985611510791,4.35,0.33164086644129775
693307,Dillon Dingler,R,DET,3,Noah Cameron,L,702070.0,824072,DET @ KC,5:10 PM,21/08,Scheduled,0.654289759519032,,,,False,0000001100,estimated,1,0,0.0,0,0,0.132385675206272,0.3065053397964065,0.365255795960756,0.20650798590683667,0.31777227670614255,20,2,-0.0076477200096973785,1.028,69.9,B,0.2778268551236749,2.975081070059542,0.3616257623393376,0.21970296833419894,20,5,0,0.2484076433121019,0.2560553633217993,0.49800973020787265,0.2901371074745688,0.2118531623175586,0.24395061728395062,0.21,0.2678185745140389,0.23799705449189984,0.24796747967479674,270,0.26,225,False,False,0.6369590547136038,0.0173307048054282,3.8119658119658117,4.230769230769231,117,,,,,,,-0.1763377194182113,20,4.16,1.22,138.1,7.0,8.0,126.0,43.0,0.0,0.0,0.0,23.0,SP,24.0,580.0,126.0,24.2,8.2,2.8,8.2,0.91,25.051058982333544,0.033843573814301364,6,0.6666666666666666,15.0,7,6,0,0,-1.0,4.506182225947445,0.05385668358319036,0.26269315673289184,0.2155688622754491,0.05788423153692615,0.43125603864734297,0.348804347826087,0.22784810126582278,4.249,0.28983121450892146
682928,Cj Abrams,L,WSH,1,Ryan Gusto,R,687473.0,823830,WSH @ MIA,4:10 PM,21/08,Scheduled,0.6539468911754716,,,,False,1110100011,estimated,0,0,0.0,0,0,0.18922650987980258,0.334225096701426,0.32709356000407597,0.30835500989249226,0.30647351420842733,20,2,-0.009438009438009431,1.0,66.2,B,0.289044289044289,4.876970612447689,0.4306126181400849,0.22449607049897505,16,6,0,0.2857142857142857,0.27627627627627627,0.5466200466200466,0.29953379953379955,0.15384615384615385,0.2528801843317972,0.24380495603517185,0.24271844660194175,0.2479362368346143,0.28517110266159695,303,0.270935960591133,229,False,False,0.6373180910678445,0.016628800107627018,3.7886178861788617,4.32520325203252,123,,,,,,,-0.11211235279227377,20,4.7,1.32,53.2,0.0,3.0,49.0,14.0,0.0,0.0,0.0,11.0,SP,16.0,237.0,57.0,14.8,8.22,2.35,9.56,1.34,15.727044166562216,0.0020308866023062144,9,1.0,14.0,6,6,0,0,1.0,4.520055963555257,0.072737866178528,0.2803532008830022,0.22928709055876687,0.08477842003853564,0.420808383233533,0.34940119760479044,0.256,4.442,0.31025126824534566
666182,Bo Bichette,R,NYM,3,Sean Burke,R,680732.0,824559,NYM @ CWS,4:40 PM,21/08,Scheduled,0.653789505019095,,,,False,1101111110,estimated,0,0,0.0,0,0,0.313024564386659,0.3667897392400884,0.41188236187969235,0.378554335953993,0.19788834600740404,20,2,-0.05798930481283421,0.968,77.1,B,0.30350022153300843,3.783898208365373,0.38117321288885875,0.28924177290657405,20,5,0,0.312,0.2540106951871658,0.6015070921985816,0.3772163120567376,0.02127659574468085,0.26878488621726065,0.2518518518518518,0.2796610169491525,0.2653922542204568,0.27672955974842767,344,0.2541436464088398,199,False,False,0.6680041930164403,-0.014214687997345266,3.9603174603174605,4.309523809523809,126,,,,,,,0.04628697871942866,20,3.15,1.11,140.0,7.0,6.0,154.0,42.0,0.0,0.0,0.0,21.0,SP,25.0,571.0,113.0,22.8,9.9,2.7,7.26,1.03,23.203170867394938,0.014953352123762143,7,0.7,4.0,7,6,0,0,-1.0,4.217024733150276,0.08975304066483587,0.2673684210526316,0.172147001934236,0.06576402321083172,0.4052677029360967,0.34559758203799656,0.2169811320754717,4.249,0.29359396392552123
650489,Willi Castro,L,COL,5,Joey Cantillo,L,676282.0,824317,CLE @ COL,5:40 PM,21/08,Scheduled,0.6517509999485429,,,,False,1101011110,estimated,0,0,0.0,0,0,0.28201685386133696,0.38848371165009865,0.4913192536545092,0.44741443346329474,0.30147293311598317,20,2,-0.013661504424778759,1.148,60.5,C,0.3166590178981184,2.8793017620483576,0.41664926818831644,0.28873878610554304,20,6,0,0.25625,0.26991150442477874,0.39981617647058826,0.3446691176470588,0.2555147058823529,0.25365853658536586,0.25316455696202533,0.21815519765739386,0.24490466798159105,0.2863636363636364,244,0.23493975903614459,191,False,False,0.5951321886035216,0.056618811345021336,3.574074074074074,4.027777777777778,108,,,,,,,0.12440537224544458,20,3.8,1.44,125.2,9.0,7.0,139.0,59.0,0.0,0.0,0.0,26.0,SP,26.0,542.0,122.0,20.8,9.95,4.23,8.74,1.07,20.508010062888584,0.03277400005145703,4,0.5,16.0,7,6,0,0,0.0,3.976619250119265,0.10498719483764685,0.26252983293556087,0.2727272727272727,0.08668076109936575,0.39425287356321836,0.32026637931034485,0.23931623931623933,4.024,0.31444815016719074
689414,Liam Hicks,L,TB,5,Trevor Rogers,L,669432.0,824800,TB @ BAL,4:15 PM,21/08,Scheduled,0.6496030495223296,,,,False,0100110011,estimated,0,0,0.0,0,0,0.250055190528758,0.2638297684125749,0.13474985746714752,0.28282190873705015,0.13488882742170463,20,2,-0.07791837665298679,1.044,61.7,C,0.2822990844354018,3.484507727787618,0.4153323492765008,0.22065443429044732,20,5,0,0.21568627450980393,0.2936046511627907,0.6529262086513995,0.13078880407124682,0.21628498727735368,0.29664769133459834,0.2911392405063291,0.2774774774774775,0.2922056384742952,0.3056768558951965,265,0.25301204819277107,196,False,False,0.6296760490953209,0.01992700042700868,3.4649122807017543,4.043859649122807,114,,,,,,,-0.002124206345417106,20,4.15,1.25,125.2,8.0,8.0,108.0,35.0,0.0,0.0,0.0,23.0,SP,23.0,529.0,122.0,23.0,7.73,2.51,8.74,0.93,23.200077804278212,0.019913617144337037,6,0.75,-1.0,6,7,0,0,0.0,3.9621769542334055,0.13564505163254192,0.2787286063569682,0.0880503144654088,0.09643605870020965,0.2794732061762034,0.27474931880108994,0.17886178861788618,4.024,0.3547221114281947
678246,Miguel Vargas,R,CWS,3,Sean Manaea,L,640455.0,824559,NYM @ CWS,4:40 PM,21/08,Scheduled,0.6488549006267986,,,,False,1101111110,estimated,10,1,0.1,1,2022,0.2593468995907858,0.3317289291833294,0.44057849774277996,0.31474169312787964,0.1881721868396171,20,1,-0.0823837452869711,0.968,51.8,C,0.2785412262156448,3.2689235224621025,0.44916116997803607,0.24616848191059928,20,6,0,0.1870967741935484,0.2694805194805195,0.6559196617336153,0.3091966173361522,0.03488372093023256,0.2467076382791923,0.2775891341256367,0.2639751552795031,0.25837951966218,0.2704626334519573,324,0.1978021978021978,223,False,False,0.6465459641208381,0.002308936505960535,3.7338709677419355,4.411290322580645,124,,,,,,,0.09940435983937544,20,4.22,1.32,111.0,4.0,5.0,113.0,37.0,0.0,0.0,0.0,12.0,RP,26.0,481.0,109.0,18.5,9.16,3.0,8.84,1.3,21.992824161282954,-0.004677122849020887,9,1.0,-7.0,6,7,0,0,0.0,4.645589144695321,0.1268445888292112,0.23883928571428573,0.17803030303030304,0.12121212121212122,0.46374764595103574,0.33358474576271185,0.26666666666666666,4.249,0.31019017288230805
693304,Nick Gonzales,R,PIT,5,Yoshinobu Yamamoto,R,808967.0,823911,PIT @ LAD,7:10 PM,21/08,Scheduled,0.6486888934998393,,,,False,1110011011,estimated,0,0,0.0,0,0,0.3249594568746714,0.3419384179427852,0.2874553847572981,0.34057105683503963,0.09964294246825657,20,2,0.05589933993399343,0.973,84.3,A,0.2930951231289232,3.709619790964891,0.35996946039974076,0.2520615023765238,20,7,0,0.2708333333333333,0.32673267326732675,0.5472154963680388,0.18595641646489103,0.26682808716707024,0.2847718526663002,0.28359788359788357,0.2649350649350649,0.28223767383059417,0.29259259259259257,281,0.3333333333333333,209,False,False,0.6646171288766819,-0.015928235376842625,3.7563025210084033,4.117647058823529,119,,,,,,,0.08021564923208643,20,2.6,0.89,145.1,12.0,7.0,136.0,34.0,0.0,0.0,0.0,22.0,SP,22.0,556.0,96.0,25.3,8.42,2.11,5.94,0.93,25.677116021380222,-0.005528893499839205,5,0.7142857142857143,13.0,7,6,0,0,-3.0,4.021924645554297,0.09716072756377704,0.3082039911308204,0.1670061099796334,0.06109979633401222,0.34814814814814815,0.34145076784101175,0.19166666666666668,4.024,0.31797911463806594
663757,Trent Grisham,L,NYY,1,Mason Fluharty,L,689254.0,823510,TOR @ NYY,4:05 PM,21/08,Scheduled,0.6485120322832382,,,,False,1111100111,estimated,0,0,1.0,0,0,0.26519596850893545,0.3378815616732879,0.48902467522347554,0.35996292326568696,0.24708600791145907,20,1,0.062352848846334935,1.007,93.0,A,0.29550827423167847,4.288467793198914,0.31457719808781,0.24112832543142793,20,2,0,0.2717391304347826,0.20938628158844766,0.49166666666666664,0.4119047619047619,0.09642857142857143,0.22462203023758098,0.2162516382699869,0.20905172413793102,0.2199870214146658,0.22624434389140272,251,0.22297297297297297,173,False,False,0.6416030592415397,0.006908973041698463,3.5142857142857142,4.038095238095238,105,,,,,,,0.1201062624021458,20,3.71,1.24,51.0,5.0,1.0,56.0,20.0,1.0,0.0,1.0,3.0,RP,67.0,213.0,43.0,3.2,9.88,3.53,7.59,1.06,2.7415480414642843,0.0066679677167618134,5,0.7142857142857143,11.0,5,6,0,0,0.0,4.246576443949232,0.08484188417774148,0.21686746987951808,0.18333333333333332,0.12708333333333333,0.46452599388379207,0.29865749235474004,0.15384615384615385,4.442,0.2833383289952749
596019,Francisco Lindor,L,NYM,2,Sean Burke,R,680732.0,824559,NYM @ CWS,4:40 PM,21/08,Scheduled,0.6470379181337731,-150.0,170.0,60.0,False,1110111001,estimated,0,0,0.0,0,0,0.2582039174768935,0.3098322167481275,0.39673670778890774,0.3494915234545888,0.21294566939969203,20,2,0.03611902710583867,0.968,77.1,B,0.30350022153300843,3.783898208365373,0.38117321288885875,0.28924177290657405,20,5,0,0.21518987341772153,0.2513089005235602,0.6015070921985816,0.3772163120567376,0.02127659574468085,0.2298507462686567,0.2380191693290735,0.21507352941176472,0.22841225626740946,0.21965317919075145,190,0.27835051546391754,114,False,False,0.6609184768426996,-0.01388055870892646,3.9130434782608696,4.405797101449275,69,,,,,,,-0.008996531247572749,20,3.15,1.11,140.0,7.0,6.0,154.0,42.0,0.0,0.0,0.0,21.0,SP,25.0,571.0,113.0,22.8,9.9,2.7,7.26,1.03,23.203170867394938,0.016019224723369807,7,0.7,4.0,7,6,0,0,-1.0,4.397563691819454,0.1322806366647059,0.26382978723404255,0.17222222222222222,0.11296296296296296,0.4916003536693192,0.3295994694960212,0.22039473684210525,4.35,0.29359396392552123
690993,Colt Keith,L,DET,4,Noah Cameron,L,702070.0,824072,DET @ KC,5:10 PM,21/08,Scheduled,0.6470379181337731,,,,False,0000101111,estimated,0,0,0.0,0,0,0.2982043447422095,0.3824768775677745,0.516834170691562,0.35948972635714815,0.1643545466145607,20,2,0.0662525879917184,1.028,69.9,B,0.2778268551236749,2.975081070059542,0.3616257623393376,0.21970296833419894,20,5,0,0.3333333333333333,0.2670807453416149,0.49800973020787265,0.2901371074745688,0.2118531623175586,0.26970354302241506,0.2332089552238806,0.2592,0.25892506865437426,0.31527093596059114,224,0.192,134,False,False,0.6258397288664569,0.021198189267316203,2.8275862068965516,3.086206896551724,116,,,,,,,0.003654850878976915,20,4.16,1.22,138.1,7.0,8.0,126.0,43.0,0.0,0.0,0.0,23.0,SP,24.0,580.0,126.0,24.2,8.2,2.8,8.2,0.91,25.051058982333544,0.00777874853289362,6,0.6666666666666666,15.0,7,6,0,0,-1.0,2.9314395746169786,0.16183218029087584,0.26548672566371684,0.18598382749326145,0.07277628032345014,0.4235802469135802,0.3241,0.2748091603053435,4.159,0.28983121450892146
671218,Heliot Ramos,R,NYY,3,Mason Fluharty,L,689254.0,823510,TOR @ NYY,4:05 PM,21/08,Scheduled,0.646487705706587,,,,False,0000001011,estimated,0,0,0.0,0,0,0.15108555436748158,0.3232131432639719,0.46130186830663367,0.22788240018769307,0.2542652403934246,20,1,0.06511001347103729,1.007,93.0,A,0.29550827423167847,4.288467793198914,0.31457719808781,0.24112832543142793,20,2,0,0.29411764705882354,0.22900763358778625,0.49166666666666664,0.4119047619047619,0.09642857142857143,0.22420382165605096,0.24074074074074073,0.2572347266881029,0.23474001507159006,0.22388059701492538,214,0.2713178294573643,142,False,False,0.6303249043036504,0.016162801402936577,3.793103448275862,4.091954022988506,87,,,,,,,-0.04808139045858228,20,3.71,1.24,51.0,5.0,1.0,56.0,20.0,1.0,0.0,1.0,3.0,RP,67.0,213.0,43.0,3.2,9.88,3.53,7.59,1.06,2.7415480414642843,-0.004367705706586955,5,0.7142857142857143,11.0,5,6,0,0,0.0,3.951938936235785,0.0665352289358635,0.23706896551724138,0.25,0.052,0.4886922320550639,0.3508861848574238,0.3176470588235294,4.249,0.2833383289952749
694197,Angel Genao,L,CLE,8,Tanner Gordon,R,685299.0,824317,CLE @ COL,5:40 PM,21/08,Scheduled,0.6454285026706764,,,,False,1001010111,estimated,0,0,0.0,0,0,0.31895391933732997,0.309997520022222,0.5108543653109044,0.3338429945548011,0.08063746893889556,13,1,0.0,1.148,57.2,C,0.2761394101876676,6.306201967827025,0.44545328332363104,0.21133451096768394,17,6,0,0.3333333333333333,0.3333333333333333,0.45994599459945995,0.32943294329432943,0.21062106210621062,0.2573099415204678,0.1864406779661017,0.18181818181818182,0.22992700729927007,0.3157894736842105,20,0.34615384615384615,30,True,False,0.5529466348293768,0.09248186784129964,3.4615384615384617,3.8461538461538463,13,,,,,,,-0.1595319834124248,13,5.55,1.44,71.1,0.0,3.0,62.0,13.0,0.0,0.0,0.0,5.0,RP,17.0,312.0,90.0,18.4,7.82,1.64,11.36,1.89,18.440323049756138,0.0008143544721807006,7,0.7777777777777778,5.0,5,6,0,0,-2.0,3.8354946462185318,0.1328361176337966,,,,,,0.3148148148148148,3.598,0.3323887527252394
647304,Josh Naylor,L,SEA,6,Matt Boyd,L,571510.0,823101,CHC @ SEA,7:10 PM,21/08,Scheduled,0.6447881533364564,,,,False,1111111110,estimated,0,0,0.0,0,0,0.30481470031533886,0.36040887492747603,0.4341765932837522,0.37093397184438653,0.13729684298374495,20,1,0.009445873275660543,0.906,57.4,C,0.26813880126182965,2.218994372475629,0.3551057952696352,0.17009302675756807,14,6,0,0.27692307692307694,0.2674772036474164,0.4558359621451104,0.27681388012618297,0.26735015772870663,0.25045592705167175,0.2708779443254818,0.23758099352051837,0.2550115018074269,0.2490842490842491,303,0.3010752688172043,205,False,False,0.6493925440834728,-0.004604390747016351,3.889830508474576,4.305084745762712,118,,,,,,,0.12324824945569816,20,4.02,1.24,85.0,8.0,2.0,68.0,26.0,0.0,0.0,0.0,15.0,SP,15.0,354.0,79.0,23.6,7.2,2.75,8.36,1.38,24.771031578225305,-0.014528153336456517,5,0.8333333333333334,36.0,6,6,0,0,-2.0,4.2849585592875705,0.06294005176575093,0.26898047722342733,0.12720156555772993,0.07436399217221135,0.3681818181818182,0.31054545454545457,0.20270270270270271,3.896,0.3053731214237843
575929,Willson Contreras,R,BOS,6,Logan Webb,R,657277.0,824721,SF @ BOS,4:10 PM,21/08,Scheduled,0.643627385818191,,,,False,0001110111,estimated,0,0,0.0,0,0,0.27619581383044933,0.3002398317360737,0.3048065328074519,0.41168596365269733,0.2725239888353024,20,2,-0.0017721186663166022,1.063,79.0,B,0.2732323232323232,3.9773303411286984,0.3469041995548466,0.1963998299788344,20,6,0,0.28846153846153844,0.28668941979522183,0.5538150581101566,0.1955533097524002,0.25063163213744316,0.27679558011049726,0.29810901001112344,0.2661290322580645,0.2817645231438335,0.2979591836734694,295,0.26973684210526316,180,False,False,0.578897090268827,0.06473029554936405,3.482456140350877,4.166666666666667,114,,,,,,,0.07220545552641568,20,3.5,1.06,139.0,8.0,7.0,110.0,32.0,0.0,0.0,0.0,22.0,SP,22.0,560.0,116.0,25.5,7.12,2.07,7.51,0.58,25.28737473559094,-0.014814885818191015,8,1.0,-18.0,7,6,0,0,0.0,4.279054573832638,0.16083865908714298,0.2804878048780488,0.24796747967479674,0.10569105691056911,0.4552083333333333,0.3588559027777778,0.20105820105820105,3.896,0.3059202805574401
646240,Rafael Devers,L,SF,2,Sonny Gray,R,543243.0,824721,SF @ BOS,4:10 PM,21/08,Scheduled,0.643627385818191,-150.0,163.0,60.0,False,1000111011,estimated,13,4,0.3076923076923077,1,2022,0.20705424885030818,0.23387008038465326,0.46992982187344895,0.23249667579385963,0.2260239181261947,20,1,0.05141612200435733,1.063,71.5,B,0.28029121164846593,3.5916194288197607,0.3687887608609703,0.22944844469235434,20,6,0,0.2074074074074074,0.25882352941176473,0.5803432137285491,0.36973478939157567,0.0499219968798752,0.23353535353535354,0.21358159912376778,0.2884990253411306,0.23863924854023863,0.2392857142857143,313,0.2512820512820513,221,False,False,0.6286185953380024,0.01500879048018866,3.7698412698412698,4.238095238095238,126,,,,,,,0.06398835564904935,20,2.65,1.15,132.2,15.0,3.0,117.0,34.0,0.0,0.0,0.0,23.0,SP,23.0,536.0,118.0,23.3,7.94,2.31,8.01,0.88,24.342081059509837,0.007522614181808995,6,0.75,15.0,7,6,0,0,0.0,4.238864353868862,0.12743457291783314,0.24390243902439024,0.2618110236220472,0.09448818897637795,0.504769392033543,0.3251446540880503,0.22641509433962265,4.35,0.308456347396527
802139,Jj Wetherholt,L,STL,1,Jesús Luzardo,L,666200.0,823420,STL @ PHI,3:40 PM,21/08,Scheduled,0.6425551308862439,,,,False,0100110011,estimated,0,0,0.0,0,0,0.20642611217615983,0.27516425303656117,0.46781635658907206,0.2629785136398641,0.14122605136932057,20,1,-0.10190625700829781,1.009,98.2,A,0.3281378178835111,4.153463133192454,0.3325694896631574,0.31177090833639565,20,6,0,0.16923076923076924,0.27113702623906705,0.43150123051681705,0.38187038556193603,0.18662838392124692,0.23314727350794331,0.24234234234234234,0.25163398692810457,0.24032337089661931,0.25435540069686413,335,0.22580645161290322,218,True,False,0.6656369980962286,-0.02308186720998462,3.909090909090909,4.570247933884297,121,,,,,,,-0.04304911281630348,20,3.23,1.15,150.1,11.0,5.0,185.0,46.0,0.0,0.0,0.0,25.0,SP,25.0,621.0,127.0,24.8,11.08,2.75,7.6,0.72,25.61276122713265,0.020607369113756047,8,1.0,-11.0,7,8,0,0,0.0,4.585718817760579,0.12310724585344143,0.23706896551724138,0.15625,0.11029411764705882,0.44327176781002636,0.3047994722955145,0.15384615384615385,4.442,0.33164086644129775
702284,Cole Young,L,SEA,5,Matt Boyd,L,571510.0,823101,CHC @ SEA,7:10 PM,21/08,Scheduled,0.6423111428177073,,,,False,1010010000,estimated,0,0,0.0,0,0,0.16789190754545805,0.2355445006121202,0.2999961888812141,0.19726592127328854,0.18827585838734714,20,1,0.027655896822231074,0.906,57.4,C,0.26813880126182965,2.218994372475629,0.3551057952696352,0.17009302675756807,14,6,0,0.2753623188405797,0.24770642201834864,0.4558359621451104,0.27681388012618297,0.26735015772870663,0.2390139335476956,0.23738532110091742,0.2435129740518962,0.23912372724467756,0.26492537313432835,295,0.2436548223350254,220,False,False,0.6423111428177073,0.0,3.661417322834646,4.05511811023622,127,,,,,,,-0.1440470211182614,20,4.02,1.24,85.0,8.0,2.0,68.0,26.0,0.0,0.0,0.0,15.0,SP,15.0,354.0,79.0,23.6,7.2,2.75,8.36,1.38,24.771031578225305,-0.017951142817707266,5,0.8333333333333334,36.0,6,6,0,0,-2.0,4.187314678270165,0.07172562288281747,0.2636363636363636,0.1522633744855967,0.06172839506172839,0.39116575591985425,0.3333333333333333,0.20270270270270271,4.024,0.3053731214237843
664770,Nathan Lukes,L,TOR,2,Cam Schlittler,R,693645.0,823510,TOR @ NYY,4:05 PM,21/08,Scheduled,0.6423111428177073,,,,False,1011010101,estimated,12,2,0.16666666666666666,1,2025,0.16899011816073456,0.30057601222811753,0.18474494013184112,0.2111070214926147,0.15580460656547182,20,1,0.030800639091070475,1.007,68.9,B,0.2963583089158644,4.710334010542249,0.4132230276930294,0.33232278275700694,20,6,0,0.23255813953488372,0.2633587786259542,0.90020964360587,0.09979035639412998,0.0,0.23679727427597955,0.2449725776965265,0.32320441988950277,0.25018698578908005,0.23404255319148937,208,0.29914529914529914,129,False,False,0.6743568547803235,-0.032045711962616186,3.3516483516483517,3.7032967032967035,91,,,,,,,-0.05066045921953113,20,2.19,0.94,152.0,10.0,6.0,189.0,34.0,0.0,0.0,0.0,26.0,SP,26.0,602.0,109.0,23.2,11.19,2.01,6.45,0.83,23.295032856228406,0.03828885718229269,3,0.375,2.0,6,6,0,0,0.0,4.072810476617916,0.04653763597142614,0.272264631043257,0.14022988505747128,0.06666666666666667,0.3085843373493976,0.2957078313253012,0.20058997050147492,4.35,0.2760397804790795
680869,Zack Gelof,R,ATH,3,Hayden Wesneski,R,669713.0,824152,ATH @ HOU,5:10 PM,21/08,Scheduled,0.6416030592415397,,,,False,1110011010,estimated,0,0,0.0,0,0,0.19075784567589782,0.2732815267443135,0.34618705580084225,0.28498339746744417,0.21102939490004188,20,1,-0.04461328657705049,0.998,60.5,C,0.2866043613707165,,,,4,6,0,0.2988505747126437,0.2542372881355932,0.6074766355140186,0.29906542056074764,0.09345794392523364,0.2649285113540791,0.25142857142857145,0.2850678733031674,0.2622107969151671,0.25,168,0.29464285714285715,122,False,False,0.6099884033953509,0.03161465584618883,3.6164383561643834,3.9726027397260273,73,,,,,,,-0.09627258825216403,20,5.16,1.32,22.2,2.0,1.0,18.0,7.0,0.0,0.0,0.0,4.0,SP,4.0,95.0,23.0,23.8,7.15,2.78,9.13,0.79,,-0.024403059241539626,5,0.7142857142857143,3.0,7,7,0,0,0.0,4.155149510257929,0.10392542750469469,0.24523809523809523,0.30735930735930733,0.0670995670995671,0.4259592326139089,0.30914748201438846,0.2857142857142857,4.249,0.3231557507704159
683953,Travis Bazzana,L,CLE,7,Tanner Gordon,R,685299.0,824317,CLE @ COL,5:40 PM,21/08,Scheduled,0.6416030592415397,,,,False,1010010011,estimated,0,0,0.0,0,0,0.1839014879966667,0.29944696379375246,0.346780243685382,0.2685305197311573,0.19783136537861384,20,1,-0.02674418604651163,1.148,57.2,C,0.2761394101876676,6.306201967827025,0.44545328332363104,0.21133451096768394,17,6,0,0.25,0.22325581395348837,0.45994599459945995,0.32943294329432943,0.21062106210621062,0.2233468286099865,0.26540284360189575,0.23399558498896247,0.23734290843806105,0.24742268041237114,224,0.21568627450980393,176,True,False,0.5576544566022371,0.0839486026393026,3.6914893617021276,4.25531914893617,94,,,,,,,0.006871415288713416,20,5.55,1.44,71.1,0.0,3.0,62.0,13.0,0.0,0.0,0.0,5.0,RP,17.0,312.0,90.0,18.4,7.82,1.64,11.36,1.89,18.440323049756138,0.0007826550441746294,7,0.7777777777777778,5.0,5,6,0,0,-2.0,3.8189460035894003,0.08673471645096058,0.2478386167146974,0.22139303482587064,0.11691542288557213,0.37629198966408267,0.28871317829457366,0.3148148148148148,3.76,0.3323887527252394
676356,Jonny Deluca,R,TB,6,Trevor Rogers,L,669432.0,824800,TB @ BAL,4:15 PM,21/08,Scheduled,0.6410040797091021,,,,False,1011000110,estimated,0,0,0.5,0,0,0.3145279806405932,0.267320084560618,0.33324841883069917,0.3908815344762909,0.19946833315493256,20,1,0.05929919137466305,1.044,61.7,C,0.2822990844354018,3.484507727787618,0.4153323492765008,0.22065443429044732,20,5,0,0.2857142857142857,0.22641509433962265,0.6529262086513995,0.13078880407124682,0.21628498727735368,0.23995535714285715,0.21940928270042195,0.25257731958762886,0.23484365028717294,0.2459016393442623,129,0.27350427350427353,124,False,False,0.6047153051156391,0.036288774593463025,3.2739726027397262,3.4657534246575343,73,,,,,,,0.029654717334302687,20,4.15,1.25,125.2,8.0,8.0,108.0,35.0,0.0,0.0,0.0,23.0,SP,23.0,529.0,122.0,23.0,7.73,2.51,8.74,0.93,23.200077804278212,-0.015137413042435433,6,0.75,-1.0,6,7,0,0,0.0,3.221001439877777,0.019000317067319125,0.27877237851662406,0.19184652278177458,0.045563549160671464,0.29517684887459805,0.28852733118971063,0.2852941176470588,3.896,0.3547221114281947
656941,Kyle Schwarber,L,PHI,1,,R,,823420,STL @ PHI,3:40 PM,21/08,Scheduled,0.6392941227355792,-170.0,178.0,63.0,False,1110101110,estimated,0,0,0.0,0,0,0.21083438583237193,0.3442141878063466,0.47141805386233443,0.3241243080793036,0.28897821019990005,20,2,0.013110103376388904,1.009,,,,,,,0,0,0,0.2360248447204969,0.2491349480968858,,,,0.2563274098007539,0.21561561561561562,0.1864406779661017,0.22947267035877678,0.2553191489361702,329,0.2261904761904762,213,False,False,0.6091757925749081,0.030118330160671114,3.71900826446281,4.479338842975206,121,,,,,,,-0.020700625854011025,20,,,,,,,,,,,,,,,,,,,,,,-0.003444122735579147,4,0.5,30.0,7,5,0,0,0.0,4.680517002188755,0.1198765336092546,0.24830699774266365,0.3395872420262664,0.13883677298311445,0.5286259541984732,0.3979408396946565,,4.442,0.295200673129295
700250,Ben Rice,L,NYY,2,Mason Fluharty,L,689254.0,823510,TOR @ NYY,4:05 PM,21/08,Scheduled,0.6392941227355792,,,,False,0010001011,estimated,6,0,0.0,1,2025,0.12961491741774803,0.2852317152239215,0.511017309074246,0.19088402658136847,0.26228871866557024,20,1,0.004163898117386516,1.007,93.0,A,0.29550827423167847,4.288467793198914,0.31457719808781,0.24112832543142793,20,2,0,0.25333333333333335,0.24916943521594684,0.49166666666666664,0.4119047619047619,0.09642857142857143,0.22623138602520046,0.22939346811819597,0.22727272727272727,0.22836344028039904,0.22878228782287824,308,0.2833333333333333,212,False,False,0.6283488726359158,0.010945250099663406,3.727272727272727,4.297520661157025,121,,,,,,,-0.20811107120174863,20,3.71,1.24,51.0,5.0,1.0,56.0,20.0,1.0,0.0,1.0,3.0,RP,67.0,213.0,43.0,3.2,9.88,3.53,7.59,1.06,2.7415480414642843,0.006245877264420829,5,0.7142857142857143,11.0,5,6,0,0,0.0,4.369299323871244,0.1113491258236277,0.251131221719457,0.25244618395303325,0.11350293542074363,0.4960063897763578,0.36683067092651755,0.15384615384615385,4.35,0.2833383289952749
608324,Alex Bregman,R,CHC,3,Emerson Hancock,R,676106.0,823101,CHC @ SEA,7:10 PM,21/08,Scheduled,0.6388054147604549,-163.0,170.0,62.0,False,1110010110,estimated,0,0,0.0,0,0,0.2967396986773942,0.3307934105975032,0.5037345068373823,0.3313318311513746,0.12407175137107683,20,2,-0.013168427793788018,0.906,55.7,C,0.2560914967677772,3.30339647310529,0.4173747664060709,0.2196416768415961,20,6,0,0.2638888888888889,0.2507204610951009,0.7422731804586241,0.20787637088733799,0.049850448654037885,0.2450574712643678,0.24194608809993426,0.2682926829268293,0.24605678233438485,0.2613240418118467,327,0.24509803921568626,240,False,False,0.6586026141674516,-0.019797199406996646,3.9596774193548385,4.57258064516129,124,,,,,,,0.00048791979504479146,20,3.3,1.11,128.0,7.0,7.0,119.0,32.0,0.0,0.0,0.0,23.0,SP,23.0,516.0,110.0,22.4,8.37,2.25,7.73,1.13,22.764346506381035,0.009927918572878336,6,0.75,-14.0,6,6,0,0,-2.0,4.43676653902044,0.10846885170338912,0.25263157894736843,0.15846994535519127,0.10564663023679417,0.3790378006872852,0.29788788659793813,0.23076923076923078,4.249,0.36684580978134823
650402,Gleyber Torres,R,DET,1,Noah Cameron,L,702070.0,824072,DET @ KC,5:10 PM,21/08,Scheduled,0.6381944376001161,,,,False,0110111111,estimated,0,0,0.0,0,0,0.2960497760991731,0.3462726225873834,0.3851666941034594,0.36194739185487584,0.15441501287232973,20,2,-0.03905775075987841,1.028,69.9,B,0.2778268551236749,2.975081070059542,0.3616257623393376,0.21970296833419894,20,5,0,0.24285714285714285,0.28191489361702127,0.49800973020787265,0.2901371074745688,0.2118531623175586,0.22476735862562633,0.24761904761904763,0.2706422018348624,0.23563474387527839,0.2641509433962264,187,0.2828282828282828,120,False,False,0.6233552730749227,0.014839164525193405,3.739130434782609,4.449275362318841,69,,,,,,,0.27793584790438686,20,4.16,1.22,138.1,7.0,8.0,126.0,43.0,0.0,0.0,0.0,23.0,SP,24.0,580.0,126.0,24.2,8.2,2.8,8.2,0.91,25.051058982333544,0.03787222906655063,6,0.6666666666666666,15.0,7,6,0,0,-1.0,4.6599358909385336,0.11051606266580363,0.25055432372505543,0.20747663551401868,0.1383177570093458,0.3445098039215686,0.3130852941176471,0.22784810126582278,4.442,0.28983121450892146
669016,Brandon Marsh,L,PHI,7,,R,,823420,STL @ PHI,3:40 PM,21/08,Scheduled,0.6362697648316614,,,,False,0111010011,estimated,0,0,0.0,0,0,0.24199055199868916,0.3155372195853947,0.4322046615335242,0.29971856024583865,0.15042386832686958,20,2,-0.01785714285714285,1.009,,,,,,,0,0,0,0.2857142857142857,0.26785714285714285,,,,0.2545668827342369,0.23214285714285715,0.2598752598752599,0.24776854416743613,0.25,261,0.29949238578680204,216,False,False,0.6083337414307364,0.027936023400925047,3.675,3.975,120,,,,,,,0.04494280314685087,20,,,,,,,,,,,,,,,,,,,,,,-0.004044764831661385,4,0.5,30.0,7,5,0,0,0.0,4.030133592156616,0.06288793656823378,0.2762557077625571,0.25158562367864695,0.052854122621564484,0.4592476489028213,0.35537539184952976,,3.76,0.295200673129295
679845,Nick Loftin,R,KC,1,Troy Melton,R,675512.0,824072,DET @ KC,5:10 PM,21/08,Scheduled,0.6361194332440548,,,,False,0100100001,estimated,0,0,0.0,0,0,0.15354883466590658,0.2676487203162411,0.19743854289870172,0.19053690067180706,0.27390577231294105,20,1,-0.06656995486782719,1.028,76.5,B,0.27942353883106485,3.0507859461158793,0.3500852046856267,0.23209108768820572,14,6,0,0.26515151515151514,0.19858156028368795,0.655724579663731,0.23298638911128902,0.11128903122497999,0.19234642497482377,0.16666666666666666,0.2518518518518518,0.19330453563714903,0.19310344827586207,169,0.2734375,153,False,False,0.6271502148121259,0.008969218431928994,3.033333333333333,3.577777777777778,90,,,,,,,-0.17275509612809492,20,1.49,0.96,84.1,7.0,1.0,73.0,25.0,0.0,0.0,0.0,14.0,SP,14.0,329.0,56.0,23.5,7.79,2.67,5.98,0.85,23.310422085347668,0.008691677867056269,9,1.0,-5.0,6,7,0,0,0.0,3.8112399499599325,0.13420205034471486,0.23636363636363636,0.15463917525773196,0.10309278350515463,0.28858024691358025,0.26933703703703704,0.1732283464566929,4.442,0.2834937672091071
663538,Nico Hoerner,R,CHC,6,Emerson Hancock,R,676106.0,823101,CHC @ SEA,7:10 PM,21/08,Scheduled,0.6351267736280944,,,,False,1111101110,estimated,0,0,0.0,0,0,0.3027560073296611,0.3626151926664842,0.23242753880104874,0.32105723782383855,0.09479337157548552,20,2,-0.010942662779397483,0.906,55.7,C,0.2560914967677772,3.30339647310529,0.4173747664060709,0.2196416768415961,20,6,0,0.2733333333333333,0.26239067055393583,0.7422731804586241,0.20787637088733799,0.049850448654037885,0.254601226993865,0.2534435261707989,0.26354679802955666,0.25578034682080925,0.2740740740740741,301,0.2556053811659193,245,False,False,0.654289759519032,-0.019162985890937567,3.975806451612903,4.403225806451613,124,,,,,,,0.16118402568707052,20,3.3,1.11,128.0,7.0,7.0,119.0,32.0,0.0,0.0,0.0,23.0,SP,23.0,516.0,110.0,22.4,8.37,2.25,7.73,1.13,22.764346506381035,0.009723226371905591,6,0.75,-14.0,6,6,0,0,-2.0,4.075102460540983,0.03944402117038629,0.2615062761506276,0.08490566037735849,0.07358490566037736,0.2867975365665897,0.3286181678214011,0.23076923076923078,3.896,0.36684580978134823
686948,Drake Baldwin,L,ATL,1,Jacob Misiorowski,R,694819.0,823746,ATL @ MIL,1:10 PM,21/08,Scheduled,0.6351267736280944,,,,False,1011111100,estimated,0,0,0.0,0,0,0.24038295887450628,0.3229821531437877,0.582173366641038,0.27726946268979663,0.16501486912775343,20,1,-0.00041073032986782554,0.97,94.6,A,0.36331658291457286,9.090909477400473,0.3578621576419709,0.4049007675947822,20,6,0,0.272108843537415,0.27169811320754716,0.77526395173454,0.21216691804927099,0.01256913021618904,0.2613997879109226,0.24872057318321392,0.2903885480572597,0.26229508196721313,0.28076923076923077,289,0.2565789473684211,177,False,False,0.6761779970246229,-0.04105122339652845,3.9238095238095236,4.438095238095238,105,,,,,,,0.12484831995611477,20,1.75,0.75,139.0,12.0,5.0,210.0,31.0,0.0,0.0,0.0,23.0,SP,23.0,527.0,73.0,22.9,13.6,2.01,4.73,0.84,22.845887729658934,0.04019822637190562,4,0.5714285714285714,15.0,7,7,0,0,0.0,4.334222309192674,0.04811956876091567,0.28205128205128205,0.19696969696969696,0.0946969696969697,0.5146520146520147,0.3463818681318681,0.11583011583011583,4.442,0.28897793523681603
663457,Lars Nootbaar,L,AZ,5,Nick Lodolo,L,666157.0,825045,CIN @ AZ,6:40 PM,21/08,Scheduled,0.6340842298676762,,,,False,1100001101,estimated,0,0,0.0,0,0,0.19852347786018387,0.27949564257650505,0.4630206945607466,0.25789603734720035,0.16876813948776287,20,2,0.022352941176470575,1.0,40.1,D,0.26422764227642276,2.094740847228031,0.39522424662760747,0.18836451383446226,14,5,0,0.24,0.21764705882352942,0.5203252032520326,0.24390243902439024,0.23577235772357724,0.2196319018404908,0.22095671981776766,0.2080745341614907,0.21863117870722434,0.22549019607843138,119,0.21505376344086022,109,False,False,0.5969840163405138,0.03710021352716242,3.25,3.8,60,,,,,,,-0.055588645928647956,20,4.52,1.42,71.2,3.0,2.0,57.0,29.0,0.0,0.0,0.0,14.0,SP,14.0,316.0,73.0,22.6,7.16,3.64,9.17,1.51,22.24663468750609,-0.03836756320100965,6,0.75,17.0,7,6,0,0,-3.0,3.6648514734233144,0.11589710620005378,0.23404255319148937,0.1991701244813278,0.10580912863070539,0.481651376146789,0.2979663608562691,0.31343283582089554,4.024,0.3304239895378791
681082,Bryson Stott,L,PHI,6,,R,,823420,STL @ PHI,3:40 PM,21/08,Scheduled,0.6338876599145493,,,,False,1111111110,estimated,0,0,0.0,0,0,0.3000092555829935,0.34427001812175595,0.3463535465812147,0.35013185451251855,0.05251768813243871,20,2,-0.0183770390253975,1.009,,,,,,,0,0,0,0.27586206896551724,0.25748502994011974,,,,0.24263959390862944,0.2717023675310034,0.24123711340206186,0.2494033412887828,0.2445414847161572,257,0.28125,220,False,False,0.623170999238499,0.010716660676050371,3.479338842975207,3.9421487603305785,121,,,,,,,0.30284978630090914,20,,,,,,,,,,,,,,,,,,,,,,0.006662340085450635,4,0.5,30.0,7,5,0,0,0.0,4.446480786853478,0.2200547579389234,0.2692307692307692,0.17057569296375266,0.09808102345415778,0.3995039682539682,0.3302901785714286,,3.896,0.295200673129295
701538,Jackson Merrill,L,SD,5,Connor Prielipp,L,687570.0,823262,MIN @ SD,6:40 PM,21/08,Scheduled,0.6319654316426074,-186.0,203.0,65.0,False,1111001100,estimated,0,0,0.0,0,0,0.2230973825291985,0.3783454146646319,0.4622222989646619,0.3182206207900187,0.3130803863449865,20,2,0.04517808485792138,0.954,48.4,D,0.2780358327803583,2.645581551659846,0.42130093942258995,0.25387651065451905,17,6,0,0.2767857142857143,0.23160762942779292,0.42297476759628155,0.46879150066401065,0.10823373173970784,0.25076319232446576,0.23184079601990049,0.20055325034578148,0.23752792256142963,0.22972972972972974,319,0.26229508196721313,202,False,True,0.6247914026302737,0.007174029012333771,3.894308943089431,4.235772357723577,123,,,,,,,0.15278417733399582,20,5.34,1.38,87.2,3.0,6.0,94.0,36.0,0.0,0.0,0.0,17.0,SP,17.0,382.0,85.0,22.5,9.65,3.7,8.73,1.23,22.851861219791502,-0.017965431642607332,5,0.625,-7.0,7,6,0,0,-3.0,4.074563654139539,0.04715353744093923,0.24358974358974358,0.23968565815324164,0.05893909626719057,0.47447013487475914,0.351400289017341,0.3125,4.024,0.334062801460213
621493,Taylor Ward,R,SEA,1,Matt Boyd,L,571510.0,823101,CHC @ SEA,7:10 PM,21/08,Scheduled,0.6318929124279261,,,,False,0110110110,estimated,0,0,0.0,0,0,0.1577110774382954,0.3262358990841938,0.35741060747543874,0.2657611371968708,0.26176621236264014,20,1,-0.015077945310503438,0.906,57.4,C,0.26813880126182965,2.218994372475629,0.3551057952696352,0.17009302675756807,14,6,0,0.23076923076923078,0.24584717607973422,0.4558359621451104,0.27681388012618297,0.26735015772870663,0.24762316335350043,0.2233169129720854,0.21558441558441557,0.2369160071483278,0.24354243542435425,328,0.23699421965317918,215,False,False,0.6127942288900053,0.01909868353792077,3.7,4.525,120,,,,,,,-0.02430556743432036,20,4.02,1.24,85.0,8.0,2.0,68.0,26.0,0.0,0.0,0.0,15.0,SP,15.0,354.0,79.0,23.6,7.2,2.75,8.36,1.38,24.771031578225305,-0.026812912427926272,5,0.8333333333333334,36.0,6,6,0,0,-2.0,4.105496195643795,0.09506102540627256,0.23820224719101124,0.2029520295202952,0.15682656826568267,0.3835820895522388,0.32597313432835817,0.2510822510822511,4.442,0.3053731214237843
605137,Josh Bell,L,MIN,3,,R,,823262,MIN @ SD,6:40 PM,21/08,Scheduled,0.6318929124279261,,,,False,0101011111,estimated,0,0,0.0,0,0,0.32505534270549613,0.34210784057301413,0.3843073137989898,0.3759689137023251,0.119857338450696,20,2,-0.011112127309310382,0.954,,,,,,,0,0,0,0.2676056338028169,0.2564935064935065,,,,0.26873239436619717,0.2357373519913886,0.24330357142857142,0.2538141470180305,0.2872727272727273,301,0.21714285714285714,195,False,False,0.6442379409092704,-0.012345028481344333,3.6885245901639343,4.065573770491803,122,,,,,,,0.07882439585206001,20,,,,,,,,,,,,,,,,,,,,,,-0.009364340999354681,7,1.0,15.0,7,5,0,0,-2.0,4.284794013837939,0.1213999322755337,0.25170068027210885,0.20781893004115226,0.08024691358024691,0.4178921568627451,0.32068529411764707,,4.249,0.27941975915656897
687462,Spencer Horwitz,L,PIT,4,Yoshinobu Yamamoto,R,808967.0,823911,PIT @ LAD,7:10 PM,21/08,Scheduled,0.6312745877586902,,,,False,0110001010,estimated,0,0,0.0,0,0,0.13955610197736787,0.24690728440315582,0.2457971500121953,0.17640370348782125,0.1393315552373443,20,2,-0.04870872834259565,0.973,84.3,A,0.2930951231289232,3.709619790964891,0.35996946039974076,0.2520615023765238,20,7,0,0.30434782608695654,0.2556390977443609,0.5472154963680388,0.18595641646489103,0.26682808716707024,0.26454615981380913,0.24742268041237114,0.26956521739130435,0.2622739018087855,0.26436781609195403,196,0.25217391304347825,148,False,False,0.6358189349045276,-0.004544347145837402,3.36046511627907,4.0,86,,,,,,,-0.07407511067746714,20,2.6,0.89,145.1,12.0,7.0,136.0,34.0,0.0,0.0,0.0,22.0,SP,22.0,556.0,96.0,25.3,8.42,2.11,5.94,0.93,25.677116021380222,0.0011254122413097978,5,0.7142857142857143,13.0,7,6,0,0,-3.0,4.220134736501538,0.0914660328860986,0.266839378238342,0.13755458515283842,0.1331877729257642,0.31052631578947365,0.2643498452012384,0.17716535433070865,4.159,0.31797911463806594
686681,Michael Massey,L,KC,6,Troy Melton,R,675512.0,824072,DET @ KC,5:10 PM,21/08,Scheduled,0.6303840760122942,,,,False,1100111111,estimated,0,0,0.0,0,0,0.3449683798090563,0.334686397251999,0.3186796902905877,0.45118714278810107,0.21505875106925904,20,1,0.07338483146067415,1.028,76.5,B,0.27942353883106485,3.0507859461158793,0.3500852046856267,0.23209108768820572,14,6,0,0.21875,0.29213483146067415,0.655724579663731,0.23298638911128902,0.11128903122497999,0.2709725315515961,0.2845394736842105,0.225201072386059,0.2684391080617496,0.25757575757575757,211,0.3082706766917293,145,False,False,0.6278157605341916,0.0025683154781025452,3.1826923076923075,3.423076923076923,104,,,,,,,0.16585166297580534,20,1.49,0.96,84.1,7.0,1.0,73.0,25.0,0.0,0.0,0.0,14.0,SP,14.0,329.0,56.0,23.5,7.79,2.67,5.98,0.85,23.310422085347668,0.015682590654372386,9,1.0,-5.0,6,7,0,0,0.0,3.718603895158747,0.041018992633167224,0.28346456692913385,0.17647058823529413,0.049019607843137254,0.40738942826321467,0.30681553398058253,0.20114942528735633,3.896,0.2834937672091071
695734,Daylen Lile,L,WSH,5,Ryan Gusto,R,687473.0,823830,WSH @ MIA,4:10 PM,21/08,Scheduled,0.6303249043036504,,,,False,1011100100,estimated,0,0,0.0,0,0,0.18309337057405556,0.31067466743793615,0.4398873130966533,0.26180282528802856,0.2920221848109684,20,1,-0.014680368343787525,1.0,66.2,B,0.289044289044289,4.876970612447689,0.4306126181400849,0.22449607049897505,16,6,0,0.25196850393700787,0.23728813559322035,0.5466200466200466,0.29953379953379955,0.15384615384615385,0.20833333333333334,0.2157068062827225,0.24440619621342513,0.2159709618874773,0.2379182156133829,289,0.24528301886792453,232,False,False,0.6278157605341916,0.002509143769458766,3.8174603174603177,4.134920634920635,126,,,,,,,-0.06292653803234068,20,4.7,1.32,53.2,0.0,3.0,49.0,14.0,0.0,0.0,0.0,11.0,SP,16.0,237.0,57.0,14.8,8.22,2.35,9.56,1.34,15.727044166562216,-0.0033693487480946915,9,1.0,14.0,6,6,0,0,1.0,3.966699850188101,0.02553806057435366,0.2445414847161572,0.18787878787878787,0.050505050505050504,0.36675799086757993,0.3157123287671233,0.256,4.024,0.31025126824534566
655316,Andruw Monasterio,R,BOS,9,Logan Webb,R,657277.0,824721,SF @ BOS,4:10 PM,21/08,Scheduled,0.6289111236655113,,,,False,0111110010,estimated,0,0,0.0,0,0,0.24352160115991922,0.24894791751414863,0.14952979342692888,0.3025050711982355,0.15512667977074202,20,2,0.03412518853695326,1.063,79.0,B,0.2732323232323232,3.9773303411286984,0.3469041995548466,0.1963998299788344,20,6,0,0.2403846153846154,0.27450980392156865,0.5538150581101566,0.1955533097524002,0.25063163213744316,0.2551984877126654,0.2672955974842767,0.25,0.2580477673935618,0.30578512396694213,137,0.22058823529411764,149,False,False,0.5876440957641109,0.041267027901400355,3.0595238095238093,3.4047619047619047,84,,,,,,,0.0030167890192308163,20,3.5,1.06,139.0,8.0,7.0,110.0,32.0,0.0,0.0,0.0,22.0,SP,22.0,560.0,116.0,25.5,7.12,2.07,7.51,0.58,25.28737473559094,-0.017236123665511194,8,1.0,-18.0,7,6,0,0,0.0,4.080594465118942,0.06654848236410299,0.27325581395348836,0.20954907161803712,0.06631299734748011,0.34150943396226413,0.29815094339622644,0.20105820105820105,3.442,0.3059202805574401
605141,Mookie Betts,R,LAD,5,Bubba Chandler,R,696149.0,823911,PIT @ LAD,7:10 PM,21/08,Scheduled,0.6289111236655113,-163.0,170.0,62.0,False,1110101101,estimated,0,0,0.0,0,0,0.24760314527751096,0.28751912380187666,0.33005256978577985,0.26889477804321144,0.08627467705280326,20,2,-0.08115722924683891,0.973,54.1,C,0.2604517059106199,1.9283948509284898,0.3752958468625052,0.20485898910237982,20,7,0,0.2867647058823529,0.205607476635514,0.5525554484088717,0.29026036644165865,0.15718418514946964,0.2254071661237785,0.23972602739726026,0.24662162162162163,0.23194064818430302,0.23696682464454977,226,0.23741007194244604,151,False,False,0.6283488726359158,0.0005622510295955063,3.888888888888889,4.188888888888889,90,,,,,,,0.06772869636590362,20,4.23,1.37,121.1,6.0,8.0,108.0,64.0,0.0,0.0,0.0,23.0,SP,24.0,528.0,102.0,22.0,8.01,4.75,7.57,0.74,22.12207198391911,-0.00596112366551127,8,0.8888888888888888,2.0,7,6,0,0,-1.0,4.000689462955995,0.03509745629052856,0.23399558498896247,0.11706349206349206,0.0873015873015873,0.38223350253807103,0.3028223350253807,0.21904761904761905,4.024,0.32618350577985683
805811,Bryce Eldridge,L,SF,3,Sonny Gray,R,543243.0,824721,SF @ BOS,4:10 PM,21/08,Scheduled,0.6287689269256088,,,,False,1110111101,estimated,0,0,0.0,0,0,0.24616592221758984,0.3365351534803616,0.5059314681608285,0.3559660753741488,0.28784124918149656,20,1,-0.030270270270270294,1.063,71.5,B,0.28029121164846593,3.5916194288197607,0.3687887608609703,0.22944844469235434,20,6,0,0.2702702702702703,0.24,0.5803432137285491,0.36973478939157567,0.0499219968798752,0.2694214876033058,0.2630952380952381,0.22135416666666666,0.2607626076260763,0.2694610778443114,189,0.2196969696969697,154,False,False,0.6166638854143187,0.012105041511290104,3.5595238095238093,4.083333333333333,84,,,,,,,0.18095768233525245,20,2.65,1.15,132.2,15.0,3.0,117.0,34.0,0.0,0.0,0.0,23.0,SP,23.0,536.0,118.0,23.3,7.94,2.31,8.01,0.88,24.342081059509837,0.009447739741057837,6,0.75,15.0,7,6,0,0,0.0,4.130894920288396,0.09097686663710003,0.23197492163009403,0.2776280323450135,0.1293800539083558,0.5254629629629629,0.34792129629629626,0.22641509433962265,4.249,0.308456347396527
668709,Jj Bleday,L,CIN,3,Eduardo Rodríguez,L,593958.0,825045,CIN @ AZ,6:40 PM,21/08,Scheduled,0.6280556457035461,,,,False,0011010001,estimated,5,2,0.4,1,2023,0.17331593376130094,0.21801354351317312,0.35899195370813286,0.2548132648930078,0.2519986021750802,20,1,0.05174825174825176,1.0,56.7,C,0.2533726812816189,2.658340065915358,0.3412373141734607,0.1789889094969121,20,6,0,0.26153846153846155,0.2097902097902098,0.6109704641350211,0.1270042194092827,0.2620253164556962,0.21703703703703703,0.21556122448979592,0.23891273247496422,0.22265212803376716,0.22380952380952382,251,0.2127659574468085,164,False,False,0.5792018911366265,0.04885375456691965,3.51,4.15,100,,,,,,,-0.07073641586637508,20,2.71,1.21,149.1,12.0,4.0,106.0,47.0,0.0,0.0,0.0,25.0,SP,25.0,613.0,134.0,24.5,6.39,2.83,8.08,0.84,24.85761391892604,-0.028315645703546166,5,0.7142857142857143,24.0,6,8,0,0,-3.0,3.8558329267247564,0.13168947785925406,0.2225,0.22580645161290322,0.12688172043010754,0.40706214689265535,0.31098700564971754,0.24855491329479767,4.249,0.29649873378810815
678545,Osleivis Basabe,R,SF,6,Sonny Gray,R,543243.0,824721,SF @ BOS,4:10 PM,21/08,Scheduled,0.6278749322428355,,,,False,0110111001,estimated,0,0,0.0,0,0,0.23220683912439363,0.2720611589472845,0.3918172624022077,0.298252590217089,0.19901393931398567,19,1,0.03463203463203465,1.063,71.5,B,0.28029121164846593,3.5916194288197607,0.3687887608609703,0.22944844469235434,20,6,0,0.22727272727272727,0.2619047619047619,0.5803432137285491,0.36973478939157567,0.0499219968798752,0.2425531914893617,0.265625,0.14516129032258066,0.2331002331002331,0.3055555555555556,38,0.17857142857142858,30,False,False,0.6098996991987308,0.017975233044104755,3.3684210526315788,3.5789473684210527,19,,,,,,,0.11635699222052069,19,2.65,1.15,132.2,15.0,3.0,117.0,34.0,0.0,0.0,0.0,23.0,SP,23.0,536.0,118.0,23.3,7.94,2.31,8.01,0.88,24.342081059509837,-0.0022582655761689274,6,0.75,15.0,7,6,0,0,0.0,3.7261679563344177,0.020231437151568804,0.2483221476510067,0.22641509433962265,0.0440251572327044,0.37168141592920356,0.26876991150442475,0.26136363636363635,3.896,0.308456347396527
664034,Ty France,R,SD,4,Connor Prielipp,L,687570.0,823262,MIN @ SD,6:40 PM,21/08,Scheduled,0.6278749322428355,,,,False,1111100111,estimated,0,0,0.0,0,0,0.29025560093204333,0.31452315218387855,0.5342446319247907,0.37191221856626544,0.2178037045086698,20,2,-0.0016061279960464248,0.954,48.4,D,0.2780358327803583,2.645581551659846,0.42130093942258995,0.25387651065451905,17,6,0,0.2894736842105263,0.29107981220657275,0.42297476759628155,0.46879150066401065,0.10823373173970784,0.27918088737201363,0.27605633802816903,0.3460207612456747,0.2884304207119741,0.3128491620111732,201,0.2635135135135135,167,False,True,0.6333097911350688,-0.005434858892233274,3.3711340206185567,3.7938144329896906,97,,,,,,,0.0192817816929736,20,5.34,1.38,87.2,3.0,6.0,94.0,36.0,0.0,0.0,0.0,17.0,SP,17.0,382.0,85.0,22.5,9.65,3.7,8.73,1.23,22.851861219791502,0.003845067757164422,5,0.625,-7.0,7,6,0,0,-3.0,4.234442206936958,0.09134247648431904,0.2845744680851064,0.22037914691943128,0.045023696682464455,0.4776207302709069,0.3173339222614841,0.2330508474576271,4.159,0.334062801460213
687952,Christian Encarnacion-Strand,R,BAL,6,Freddy Peralta,R,642547.0,824800,TB @ BAL,4:15 PM,21/08,Scheduled,0.627432424968657,,,,False,0101111000,estimated,0,0,0.0,0,0,0.17466580625571296,0.3331231946052216,0.35961853754055356,0.2620477925212814,0.34347035937983383,20,1,-0.05136268343815514,1.044,41.9,D,0.25763612217795484,2.0376841799668592,0.40360639057357967,0.19317734677391438,20,5,0,0.2777777777777778,0.22641509433962265,0.5367581930912312,0.24357838795394154,0.21966341895482727,0.26358695652173914,0.21481481481481482,0.2857142857142857,0.2558922558922559,0.29545454545454547,48,0.2,49,False,False,0.5787899611033792,0.04864246386527782,3.2962962962962963,3.5925925925925926,27,,,,,,,-0.15417066426419626,20,5.27,1.48,128.0,5.0,10.0,123.0,53.0,0.0,0.0,0.0,25.0,SP,25.0,573.0,136.0,22.9,8.65,3.73,9.56,1.41,22.42789581061464,-0.03746575830199039,6,0.6666666666666666,-9.0,7,7,0,0,0.0,3.4416606156778875,0.03307583693460482,0.24121779859484777,0.2386117136659436,0.04772234273318872,0.40063091482649843,0.28173186119873816,0.2603550295857988,3.896,0.35140045093008004
695720,Tommy White,R,ATH,5,Hayden Wesneski,R,669713.0,824152,ATH @ HOU,5:10 PM,21/08,Scheduled,0.6273005463997324,,,,False,1001111110,estimated,0,0,0.0,0,0,0.2736852005561955,0.27582570821653896,0.2833964945946491,0.3085323405682867,0.16236913027118383,20,2,-0.21628407460545196,0.998,60.5,C,0.2866043613707165,,,,4,6,0,0.3382352941176471,0.12195121951219512,0.6074766355140186,0.29906542056074764,0.09345794392523364,0.23774509803921567,0.16847826086956522,0.3333333333333333,0.2334293948126801,0.25757575757575757,67,0.2558139534883721,46,True,False,0.6246410710426672,0.002659475357065233,3.7586206896551726,3.896551724137931,29,,,,,,,0.0964916144831709,20,5.16,1.32,22.2,2.0,1.0,18.0,7.0,0.0,0.0,0.0,4.0,SP,4.0,95.0,23.0,23.8,7.15,2.78,9.13,0.79,,-0.013460546399732376,5,0.7142857142857143,3.0,7,7,0,0,0.0,3.7347287106374107,0.03686092072864353,0.24299065420560748,0.17699115044247787,0.05309734513274336,0.2988505747126437,0.28297701149425286,0.2857142857142857,4.024,0.3231557507704159
691023,Jordan Walker,R,STL,4,Jesús Luzardo,L,666200.0,823420,STL @ PHI,3:40 PM,21/08,Scheduled,0.6269503915942236,,,,False,0100111111,estimated,8,2,0.25,1,2023,0.30780463543327746,0.3302043488214848,0.4975903044111499,0.46371562861858784,0.20461791363688966,20,1,-0.010969649936027892,1.009,98.2,A,0.3281378178835111,4.153463133192454,0.3325694896631574,0.31177090833639565,20,6,0,0.2805755395683453,0.2915451895043732,0.43150123051681705,0.38187038556193603,0.18662838392124692,0.26543566070398156,0.2549019607843137,0.2637889688249401,0.26222476408350015,0.2768166089965398,315,0.30569948186528495,216,False,False,0.6303840760122942,-0.0034336844180705706,3.8870967741935485,4.282258064516129,124,,,,,,,0.03492255297087224,20,3.23,1.15,150.1,11.0,5.0,185.0,46.0,0.0,0.0,0.0,25.0,SP,25.0,621.0,127.0,24.8,11.08,2.75,7.6,0.72,25.61276122713265,0.009137108405776417,8,1.0,-11.0,7,8,0,0,0.0,4.439373276769391,0.07768136841709004,0.2817204301075269,0.24266144814090018,0.07632093933463796,0.48069403714565,0.3714193548387097,0.2517985611510791,4.159,0.33164086644129775
680977,Brendan Donovan,L,SEA,7,Matt Boyd,L,571510.0,823101,CHC @ SEA,7:10 PM,21/08,Scheduled,0.6260156928793162,,,,False,1110110111,estimated,10,1,0.1,1,2024,0.285077270463768,0.27897267473047765,0.2963029295283306,0.3816394260037,0.1403827440671468,20,1,0.016908212560386493,0.906,57.4,C,0.26813880126182965,2.218994372475629,0.3551057952696352,0.17009302675756807,14,6,0,0.2777777777777778,0.2608695652173913,0.4558359621451104,0.27681388012618297,0.26735015772870663,0.29207920792079206,0.27467811158798283,0.3557692307692308,0.2944915254237288,0.32,89,0.18867924528301888,62,False,False,0.6304004970555632,-0.004384804176246981,3.4594594594594597,4.081081081081081,37,,,,,,,0.15562662884286552,20,4.02,1.24,85.0,8.0,2.0,68.0,26.0,0.0,0.0,0.0,15.0,SP,15.0,354.0,79.0,23.6,7.2,2.75,8.36,1.38,24.771031578225305,-0.021715692879316184,5,0.8333333333333334,36.0,6,6,0,0,-2.0,4.298140808732447,0.10349690111143653,0.27802690582959644,0.1411764705882353,0.0784313725490196,0.37254901960784315,0.28904010695187166,0.20270270270270271,3.76,0.3053731214237843
680776,Jarren Duran,L,BOS,8,Logan Webb,R,657277.0,824721,SF @ BOS,4:10 PM,21/08,Scheduled,0.6253252885171681,,,,False,0111011111,estimated,6,4,0.6666666666666666,1,2023,0.2572512858150146,0.31717949445875065,0.4998558370096256,0.40986530458906634,0.26159305932827215,20,2,-0.016325464459463868,1.063,79.0,B,0.2732323232323232,3.9773303411286984,0.3469041995548466,0.1963998299788344,20,6,0,0.21686746987951808,0.2005420054200542,0.5538150581101566,0.1955533097524002,0.25063163213744316,0.18416619876473891,0.17787418655097614,0.20376175548589343,0.1860604247681723,0.18702290076335878,288,0.22631578947368422,216,False,False,0.5763015275545265,0.049023760962641605,3.830508474576271,4.271186440677966,118,,,,,,,0.008239619578145426,20,3.5,1.06,139.0,8.0,7.0,110.0,32.0,0.0,0.0,0.0,22.0,SP,22.0,560.0,116.0,25.5,7.12,2.07,7.51,0.58,25.28737473559094,-0.023737788517168013,8,1.0,-18.0,7,6,0,0,0.0,4.145399090667111,0.0517939091659129,0.20394736842105263,0.28180039138943247,0.06653620352250489,0.4025106837606837,0.3264166666666667,0.22549019607843138,3.598,0.3059202805574401
807712,Luke Keaschall,R,MIN,6,,R,,823262,MIN @ SD,6:40 PM,21/08,Scheduled,0.6249656381633298,,,,False,0110110111,estimated,0,0,0.0,0,0,0.3701055887147648,0.3495906222704241,0.3430058383476967,0.4470552233724437,0.15079199876850163,20,2,0.04680299141761182,0.954,,,,,,,0,0,0,0.24113475177304963,0.28793774319066145,,,,0.2807017543859649,0.2560553633217993,0.2528409090909091,0.2702104097452935,0.29646017699115046,261,0.23837209302325582,207,False,False,0.6278749322428355,-0.0029092940795056865,3.3728813559322033,3.9661016949152543,118,,,,,,,0.14518441135141813,20,,,,,,,,,,,,,,,,,,,,,,-0.015008495306186975,7,1.0,15.0,7,5,0,0,-2.0,4.249659965960775,0.07666859100592748,0.2731829573934837,0.14680851063829786,0.09787234042553192,0.31287878787878787,0.28124166666666667,,3.896,0.27941975915656897
571448,Nolan Arenado,R,AZ,6,Nick Lodolo,L,666157.0,825045,CIN @ AZ,6:40 PM,21/08,Scheduled,0.6246410710426672,,,,False,1101100101,estimated,7,0,0.0,1,2022,0.21770712069103534,0.20356039605195306,0.25385042246194617,0.30857784661986637,0.21301997315386,20,2,-0.017369131543422844,1.0,40.1,D,0.26422764227642276,2.094740847228031,0.39522424662760747,0.18836451383446226,14,5,0,0.23008849557522124,0.24745762711864408,0.5203252032520326,0.24390243902439024,0.23577235772357724,0.21857585139318886,0.20754716981132076,0.22349570200573066,0.21514073115496604,0.2127659574468085,261,0.2832369942196532,199,False,False,0.595789649587247,0.02885142145542019,3.457627118644068,3.8983050847457625,118,,,,,,,-0.053225477742762366,20,4.52,1.42,71.2,3.0,2.0,57.0,29.0,0.0,0.0,0.0,14.0,SP,14.0,316.0,73.0,22.6,7.16,3.64,9.17,1.51,22.24663468750609,-0.03135773770933392,6,0.75,17.0,7,6,0,0,-3.0,4.077297817224051,0.07292610335356885,0.24271844660194175,0.20043103448275862,0.08620689655172414,0.3263322884012539,0.29357366771159876,0.25742574257425743,3.896,0.3304239895378791
672386,Alejandro Kirk,R,TOR,3,Cam Schlittler,R,693645.0,823510,TOR @ NYY,4:05 PM,21/08,Scheduled,0.6244392132177098,,,,False,0111111111,estimated,9,1,0.1111111111111111,1,2025,0.36433028289720404,0.3048333031613814,0.3352976753680641,0.3872996358533897,0.05848761568504507,20,1,-0.09257362355953905,1.007,68.9,B,0.2963583089158644,4.710334010542249,0.4132230276930294,0.33232278275700694,20,6,0,0.3380281690140845,0.24545454545454545,0.90020964360587,0.09979035639412998,0.0,0.3124274099883856,0.26586102719033233,0.3671875,0.30582891748675245,0.3402061855670103,109,0.21428571428571427,98,False,False,0.6519225645988204,-0.027483351381110577,3.4150943396226414,3.9056603773584904,53,,,,,,,0.31311511486995924,20,2.19,0.94,152.0,10.0,6.0,189.0,34.0,0.0,0.0,0.0,26.0,SP,26.0,602.0,109.0,23.2,11.19,2.01,6.45,0.83,23.295032856228406,0.04492745344895677,3,0.375,2.0,6,6,0,0,0.0,4.359734158174792,0.11610465676196241,0.25609756097560976,0.1464968152866242,0.10191082802547771,0.40948191593352884,0.2947067448680352,0.18981481481481483,4.249,0.2760397804790795
641680,Jonah Heim,L,ATH,4,Hayden Wesneski,R,669713.0,824152,ATH @ HOU,5:10 PM,21/08,Scheduled,0.6231636822489466,,,,False,1100010000,estimated,0,0,0.0,0,0,0.11711503215843873,0.23078283557158522,0.33207849520362437,0.13776692549072336,0.12834911098931126,20,2,-0.0036329544122817303,0.998,60.5,C,0.2866043613707165,,,,4,6,0,0.2111801242236025,0.20754716981132076,0.6074766355140186,0.29906542056074764,0.09345794392523364,0.19622964867180806,0.1896551724137931,0.21148825065274152,0.19761668321747766,0.22151898734177214,172,0.1926605504587156,122,False,False,0.6196584070683997,0.003505275180546885,3.3797468354430378,3.721518987341772,79,,,,,,,-0.22655180351090118,20,5.16,1.32,22.2,2.0,1.0,18.0,7.0,0.0,0.0,0.0,4.0,SP,4.0,95.0,23.0,23.8,7.15,2.78,9.13,0.79,,-0.018963682248946623,5,0.7142857142857143,3.0,7,7,0,0,0.0,3.821678089965135,0.12248344378112529,0.21173469387755103,0.17620137299771166,0.08466819221967964,0.33656084656084656,0.2834,0.2558139534883721,4.159,0.3231557507704159
805300,Jakob Marsee,L,MIA,3,Brad Lord,R,695418.0,823830,WSH @ MIA,4:10 PM,21/08,Scheduled,0.6231636822489466,,,,False,1011010000,estimated,0,0,0.0,0,0,0.22363076793877956,0.2536643029887045,0.38129763503855957,0.24303744890639206,0.15139355112604808,20,2,-0.0199100834938985,1.0,50.4,C,0.2689844464775846,1.5987325419546696,0.3626970217666058,0.2207129928965606,20,6,0,0.2222222222222222,0.2023121387283237,0.5965073529411765,0.359375,0.04411764705882353,0.1889400921658986,0.20694259012016022,0.1926829268292683,0.1934657270980141,0.21645021645021645,274,0.19101123595505617,216,False,False,0.6002615600350486,0.02290212221389798,3.408333333333333,4.083333333333333,120,,,,,,,-0.0855875594714562,20,4.04,1.25,62.1,5.0,2.0,57.0,25.0,1.0,1.0,2.0,3.0,RP,30.0,269.0,53.0,9.0,8.23,3.61,7.65,1.01,8.892515646487634,-0.010401182248946705,8,1.0,4.0,7,6,0,0,0.0,3.9682338747521464,0.13024502351109715,0.20437956204379562,0.21224489795918366,0.12244897959183673,0.34527687296416937,0.2914804560260586,0.25961538461538464,4.249,0.3142328583844634
682674,Victor Bericoto,R,SF,5,Sonny Gray,R,543243.0,824721,SF @ BOS,4:10 PM,21/08,Scheduled,0.622756199253895,,,,False,1110011010,estimated,0,0,0.0,0,0,0.22046152126881904,0.30051835048125847,0.5517762883047368,0.2924054016811416,0.27239609995770925,20,1,-0.07048748353096176,1.063,71.5,B,0.28029121164846593,3.5916194288197607,0.3687887608609703,0.22944844469235434,20,6,0,0.2826086956521739,0.21212121212121213,0.5803432137285491,0.36973478939157567,0.0499219968798752,0.2967032967032967,0.15934065934065933,0.3853211009174312,0.26902654867256637,0.2765957446808511,47,0.21875,33,True,False,0.5919959355994378,0.030760263654457276,2.925925925925926,2.962962962962963,27,,,,,,,0.01789456524662417,20,2.65,1.15,132.2,15.0,3.0,117.0,34.0,0.0,0.0,0.0,23.0,SP,23.0,536.0,118.0,23.3,7.94,2.31,8.01,0.88,24.342081059509837,-0.013289532587228314,6,0.75,15.0,7,6,0,0,0.0,3.4032116796058682,0.011031758584868377,0.2727272727272727,0.26373626373626374,0.02197802197802198,0.46875,0.24278125,0.26136363636363635,4.024,0.308456347396527
668804,Bryan Reynolds,L,PIT,2,Yoshinobu Yamamoto,R,808967.0,823911,PIT @ LAD,7:10 PM,21/08,Scheduled,0.622756199253895,,,,False,1000101011,estimated,0,0,0.0,0,0,0.21929238156129902,0.3095789159148916,0.4744770862230172,0.27186741110043755,0.22731935742319148,20,2,-0.023955147808358834,0.973,84.3,A,0.2930951231289232,3.709619790964891,0.35996946039974076,0.2520615023765238,20,7,0,0.2777777777777778,0.25382262996941896,0.5472154963680388,0.18595641646489103,0.26682808716707024,0.23709050527484732,0.24064625850340135,0.26975476839237056,0.24435483870967742,0.2907801418439716,330,0.21693121693121692,227,False,False,0.6282897009272718,-0.0055335016733767395,3.6796875,4.3515625,128,,,,,,,-0.08104039526450266,20,2.6,0.89,145.1,12.0,7.0,136.0,34.0,0.0,0.0,0.0,22.0,SP,22.0,556.0,96.0,25.3,8.42,2.11,5.94,0.93,25.677116021380222,0.01152380074610504,5,0.7142857142857143,13.0,7,6,0,0,-3.0,4.299321376277526,0.08370442882825746,0.2654462242562929,0.236084452975048,0.1343570057581574,0.46602972399150744,0.3449331210191083,0.17716535433070865,4.35,0.31797911463806594
521692,Salvador Pérez,R,KC,5,Troy Melton,R,675512.0,824072,DET @ KC,5:10 PM,21/08,Scheduled,0.622756199253895,,,,False,1011011011,estimated,0,0,0.0,0,0,0.26833794354212537,0.3048129981786511,0.38188753651746016,0.30297544943442023,0.11716077260253945,20,1,-0.022944297082228116,1.028,76.5,B,0.27942353883106485,3.0507859461158793,0.3500852046856267,0.23209108768820572,14,6,0,0.23448275862068965,0.21153846153846154,0.655724579663731,0.23298638911128902,0.11128903122497999,0.2165680473372781,0.18726591760299627,0.2674698795180723,0.21084686774941996,0.22340425531914893,307,0.21142857142857144,192,False,False,0.6226058676662886,0.00015033158760646703,3.8403361344537816,4.19327731092437,119,,,,,,,0.11550897079081268,20,1.49,0.96,84.1,7.0,1.0,73.0,25.0,0.0,0.0,0.0,14.0,SP,14.0,329.0,56.0,23.5,7.79,2.67,5.98,0.85,23.310422085347668,0.011354911857215932,9,1.0,-5.0,6,7,0,0,0.0,4.010169960095258,0.03153961623105593,0.21444201312910285,0.20080321285140562,0.03413654618473896,0.4274976657329599,0.2855966386554622,0.1732283464566929,4.024,0.2834937672091071
607043,Brandon Nimmo,L,TEX,4,Reid Detmers,L,672282.0,822857,LAA @ TEX,5:15 PM,21/08,Scheduled,0.6213678184186553,,,,False,1100011100,estimated,7,3,0.42857142857142855,1,2025,0.2388836600516937,0.30425519487836616,0.4553484502285104,0.30219854394985396,0.1889346627116964,20,1,0.04138259077215789,0.964,76.4,B,0.3083910034602076,4.1346022807815075,0.40431736298505105,0.30752254277005325,20,6,0,0.3018867924528302,0.2605042016806723,0.4699003897791252,0.43265482893027285,0.097444781290602,0.2604570935748167,0.2530647985989492,0.22505307855626328,0.25424588086185046,0.27759197324414714,328,0.25609756097560976,182,False,False,0.6430707762897865,-0.02170295787113119,3.8264462809917354,4.214876033057851,121,,,,,,,0.09119095601394732,20,3.78,1.06,143.0,4.0,8.0,167.0,43.0,0.0,0.0,0.0,25.0,SP,25.0,579.0,108.0,23.2,10.51,2.71,6.8,1.07,22.611019141923713,0.029475038724201874,7,0.875,0.0,6,6,0,0,0.0,4.046854015435739,0.06344839654387313,0.2741228070175439,0.2099009900990099,0.07920792079207921,0.5157142857142857,0.37412,0.2196969696969697,4.159,0.29154318969235227
668930,Brice Turang,L,MIL,1,Chris Sale,L,519242.0,823746,ATL @ MIL,1:10 PM,21/08,Scheduled,0.6211357958621203,,,,False,1111011001,estimated,0,0,0.0,0,0,0.209008355144951,0.36997681638079816,0.4736419354186341,0.31097854524812524,0.26529020584857765,20,1,-0.07678332377127561,0.97,81.7,A,0.32483156881616937,6.931694951758693,0.3543554792415561,0.33488557535207875,20,7,0,0.20634920634920634,0.28313253012048195,0.49350024073182475,0.3943187289359653,0.11218103033220991,0.2460840890354493,0.2621753246753247,0.27988338192419826,0.25474937056534674,0.25084745762711863,331,0.2822085889570552,205,False,False,0.6361194332440548,-0.014983637381934534,3.9145299145299144,4.581196581196581,117,,,,,,,0.04311601511686701,20,2.16,1.02,129.0,12.0,8.0,160.0,28.0,0.0,0.0,0.0,22.0,SP,22.0,517.0,103.0,23.5,11.16,1.95,7.19,0.56,23.296430026314393,0.03201420413787959,4,0.5714285714285714,2.0,7,6,0,0,0.0,4.665858768158011,0.12647744687353876,0.26124197002141325,0.25183823529411764,0.11764705882352941,0.4338383838383838,0.3554454545454545,0.24786324786324787,4.442,0.29178445587492335
694374,Tim Tawa,R,AZ,7,Nick Lodolo,L,666157.0,825045,CIN @ AZ,6:40 PM,21/08,Scheduled,0.6211284788725681,,,,False,1010110110,estimated,0,0,0.0,0,0,0.2400011056436579,0.4088352367545643,0.5575294806268255,0.3929552881822733,0.27103827211982584,20,2,-0.09137803979366249,1.0,40.1,D,0.26422764227642276,2.094740847228031,0.39522424662760747,0.18836451383446226,14,5,0,0.1694915254237288,0.2608695652173913,0.5203252032520326,0.24390243902439024,0.23577235772357724,0.17397260273972603,0.24278846153846154,0.22,0.20123361603700848,0.2391304347826087,102,0.22857142857142856,120,False,False,0.5854641880948197,0.03566429077774835,3.078125,3.46875,64,,,,,,,0.06683287592491298,20,4.52,1.42,71.2,3.0,2.0,57.0,29.0,0.0,0.0,0.0,14.0,SP,14.0,316.0,73.0,22.6,7.16,3.64,9.17,1.51,22.24663468750609,-0.03982847887256802,6,0.75,17.0,7,6,0,0,-3.0,4.182342306425577,0.06405146860185583,0.2318840579710145,0.268733850129199,0.07235142118863049,0.44827109266943294,0.2919045643153527,0.25742574257425743,3.76,0.3304239895378791
608369,Corey Seager,L,TEX,3,Reid Detmers,L,672282.0,822857,LAA @ TEX,5:15 PM,21/08,Scheduled,0.6211284788725681,,,,False,0101001111,estimated,20,4,0.2,1,2022,0.306248656503715,0.3192609097180159,0.5870466339267663,0.41158695085366487,0.19361412201421122,20,1,0.011166945840312664,0.964,76.4,B,0.3083910034602076,4.1346022807815075,0.40431736298505105,0.30752254277005325,20,6,0,0.2222222222222222,0.21105527638190955,0.4699003897791252,0.43265482893027285,0.097444781290602,0.21834496510468593,0.21360759493670886,0.25290697674418605,0.21984047856430708,0.2275449101796407,186,0.18181818181818182,96,False,False,0.6278749322428355,-0.006746453370267469,3.696969696969697,4.2727272727272725,66,,,,,,,-0.031533844613689764,20,3.78,1.06,143.0,4.0,8.0,167.0,43.0,0.0,0.0,0.0,25.0,SP,25.0,579.0,108.0,23.2,10.51,2.71,6.8,1.07,22.611019141923713,0.021042949698860447,7,0.875,0.0,6,6,0,0,0.0,4.0304553318990886,0.09678914126270338,0.24434389140271492,0.2263056092843327,0.1102514506769826,0.5145641025641026,0.34288,0.2196969696969697,4.249,0.29154318969235227
592518,Manny Machado,R,SD,3,Connor Prielipp,L,687570.0,823262,MIN @ SD,6:40 PM,21/08,Scheduled,0.6203133616496861,-178.0,194.0,64.0,False,1010100110,estimated,0,0,0.0,0,0,0.22637661088089267,0.35620632367185445,0.49224282291315236,0.26230850930796556,0.23677494081644626,20,2,0.06777898927403203,0.954,48.4,D,0.2780358327803583,2.645581551659846,0.42130093942258995,0.25387651065451905,17,6,0,0.26548672566371684,0.1977077363896848,0.42297476759628155,0.46879150066401065,0.10823373173970784,0.19856566562079786,0.20272435897435898,0.24288840262582057,0.20486815415821502,0.21694915254237288,326,0.20958083832335328,203,False,True,0.6303249043036504,-0.010011542653964312,3.725806451612903,4.266129032258065,124,,,,,,,0.027923372557822082,20,5.34,1.38,87.2,3.0,6.0,94.0,36.0,0.0,0.0,0.0,17.0,SP,17.0,382.0,85.0,22.5,9.65,3.7,8.73,1.23,22.851861219791502,0.0073266383503138854,5,0.625,-7.0,7,6,0,0,-3.0,4.341809757451504,0.09821663362728358,0.21205357142857142,0.2172211350293542,0.09980430528375733,0.45598417408506425,0.32515281899109794,0.2330508474576271,4.249,0.334062801460213
691718,Pete Crow-Armstrong,L,CHC,1,Emerson Hancock,R,676106.0,823101,CHC @ SEA,7:10 PM,21/08,Scheduled,0.6198053389382837,-178.0,186.0,64.0,False,1110001110,estimated,0,0,0.0,0,0,0.22790363201733715,0.31677357442414755,0.49257975237091156,0.3500995977885849,0.28820248807869786,20,2,-0.012198231893913614,0.906,55.7,C,0.2560914967677772,3.30339647310529,0.4173747664060709,0.2196416768415961,20,6,0,0.2867647058823529,0.2745664739884393,0.7422731804586241,0.20787637088733799,0.049850448654037885,0.25497195308516063,0.26503923278116825,0.30441400304414,0.2667900581702803,0.2743682310469314,318,0.28292682926829266,247,False,False,0.6346493614398865,-0.014844022501602772,3.795275590551181,4.448818897637795,127,,,,,,,-0.012961570546038945,20,3.3,1.11,128.0,7.0,7.0,119.0,32.0,0.0,0.0,0.0,23.0,SP,23.0,516.0,110.0,22.4,8.37,2.25,7.73,1.13,22.764346506381035,0.009311327728382945,6,0.75,-14.0,6,6,0,0,-2.0,4.786009738906024,0.10654212578829299,0.2753303964757709,0.2706766917293233,0.11090225563909774,0.4806451612903226,0.37019677419354835,0.23048327137546468,4.442,0.36684580978134823
661388,William Contreras,R,MIL,4,Chris Sale,L,519242.0,823746,ATL @ MIL,1:10 PM,21/08,Scheduled,0.6186571234877526,,,,False,0000001110,estimated,9,4,0.4444444444444444,1,2024,0.16804577768459314,0.28361779749611876,0.4996724779572693,0.21914835020877754,0.12597110912078535,20,2,0.014270500532481356,0.97,81.7,A,0.32483156881616937,6.931694951758693,0.3543554792415561,0.33488557535207875,20,7,0,0.26666666666666666,0.2523961661341853,0.49350024073182475,0.3943187289359653,0.11218103033220991,0.2723735408560311,0.22633002705139765,0.2853185595567867,0.2601279317697228,0.2623574144486692,298,0.24864864864864866,206,False,False,0.6632911112016705,-0.04463398771391791,3.8290598290598292,4.3076923076923075,117,,,,,,,-0.05961122594648239,20,2.16,1.02,129.0,12.0,8.0,160.0,28.0,0.0,0.0,0.0,22.0,SP,22.0,517.0,103.0,23.5,11.16,1.95,7.19,0.56,23.296430026314393,0.04001787651224742,4,0.5714285714285714,2.0,7,6,0,0,0.0,4.516715016259259,0.15092831989043384,0.26535087719298245,0.14313725490196078,0.0803921568627451,0.4418624891209747,0.3033054830287206,0.20612813370473537,4.159,0.29178445587492335
694192,Jackson Chourio,R,MIL,2,Chris Sale,L,519242.0,823746,ATL @ MIL,1:10 PM,21/08,Scheduled,0.6182957117946261,,,,False,1001101111,estimated,12,5,0.4166666666666667,1,2024,0.29952526714789734,0.3758103949649205,0.4838636128033819,0.3910213892455566,0.24297371179829438,20,1,0.019029374201787963,0.97,81.7,A,0.32483156881616937,6.931694951758693,0.3543554792415561,0.33488557535207875,20,7,0,0.29310344827586204,0.2740740740740741,0.49350024073182475,0.3943187289359653,0.11218103033220991,0.25874867444326616,0.29355149181905676,0.28,0.27205882352941174,0.29694323144104806,251,0.25477707006369427,174,False,False,0.6565269553458367,-0.03823124355121066,4.1063829787234045,4.5212765957446805,94,,,,,,,0.11035015444059455,20,2.16,1.02,129.0,12.0,8.0,160.0,28.0,0.0,0.0,0.0,22.0,SP,22.0,517.0,103.0,23.5,11.16,1.95,7.19,0.56,23.296430026314393,0.053254288205374034,4,0.5714285714285714,2.0,7,6,0,0,0.0,4.35953977462887,0.07962220325294171,0.26844262295081966,0.24440298507462688,0.06529850746268656,0.4986461251167134,0.3375014005602241,0.20612813370473537,4.35,0.29178445587492335
691781,Brady House,R,WSH,4,Ryan Gusto,R,687473.0,823830,WSH @ MIA,4:10 PM,21/08,Scheduled,0.6181453802070195,,,,False,0111110001,estimated,0,0,0.0,0,0,0.2613546676259609,0.3914465622870819,0.42861219905700404,0.358676817810341,0.27667618487036294,20,1,-0.08158730158730162,1.0,66.2,B,0.289044289044289,4.876970612447689,0.4306126181400849,0.22449607049897505,16,6,0,0.28,0.1984126984126984,0.5466200466200466,0.29953379953379955,0.15384615384615385,0.22620380739081747,0.24,0.28695652173913044,0.23939393939393938,0.2459016393442623,133,0.22115384615384615,114,False,False,0.5958355362927331,0.022309843914286365,3.53125,3.859375,64,,,,,,,-0.08494944826016744,20,4.7,1.32,53.2,0.0,3.0,49.0,14.0,0.0,0.0,0.0,11.0,SP,16.0,237.0,57.0,14.8,8.22,2.35,9.56,1.34,15.727044166562216,-0.016445380207019467,9,1.0,14.0,6,6,0,0,1.0,3.349624317420561,0.08145833198620152,0.24162679425837322,0.29213483146067415,0.0449438202247191,0.48668981481481477,0.3594861111111111,0.2631578947368421,4.159,0.31025126824534566
641343,Jake Bauers,L,MIL,3,Chris Sale,L,519242.0,823746,ATL @ MIL,1:10 PM,21/08,Scheduled,0.618133957218487,,,,False,1011101101,estimated,0,0,0.0,0,0,0.35662767772074166,0.4802964492895142,0.6669840740368174,0.5104390263523914,0.2179708151258705,20,1,0.07893816146243332,0.97,81.7,A,0.32483156881616937,6.931694951758693,0.3543554792415561,0.33488557535207875,20,7,0,0.33783783783783783,0.2588996763754045,0.49350024073182475,0.3943187289359653,0.11218103033220991,0.2613195342820181,0.2750775594622544,0.2523020257826888,0.26278085314229893,0.2831050228310502,260,0.2621951219512195,196,False,False,0.625780557157813,-0.0076465999393260375,3.3596491228070176,4.0,114,,,,,,,0.13859335094767475,20,2.16,1.02,129.0,12.0,8.0,160.0,28.0,0.0,0.0,0.0,22.0,SP,22.0,517.0,103.0,23.5,11.16,1.95,7.19,0.56,23.296430026314393,0.024441042781513045,4,0.5714285714285714,2.0,7,6,0,0,0.0,4.360924687442835,0.20278961428620962,0.2706766917293233,0.24680851063829787,0.13191489361702127,0.5406360424028268,0.34070848056537106,0.24786324786324787,4.249,0.29178445587492335
685133,Wade Meckler,L,LAA,1,Mackenzie Gore,L,669022.0,822857,LAA @ TEX,5:15 PM,21/08,Scheduled,0.6166753084028512,,,,False,1111100101,estimated,0,0,0.0,0,0,0.2671888206435481,0.2824551077339733,0.359356288325211,0.35095980802779253,0.1533520635817431,20,1,-0.02716468590831922,0.964,64.9,C,0.2729957805907173,3.270439792491694,0.38724145377278074,0.2523690830822124,20,6,0,0.2631578947368421,0.2903225806451613,0.593077247783875,0.28704094554664417,0.1198818066694808,0.2987012987012987,0.2976190476190476,0.28530259365994237,0.29538061158100193,0.33088235294117646,147,0.2028985507246377,82,False,False,0.6196584070683997,-0.002983098665548467,3.0597014925373136,3.417910447761194,67,,,,,,,0.16688764959466143,20,4.45,1.26,139.2,7.0,9.0,154.0,51.0,0.0,0.0,0.0,26.0,SP,26.0,597.0,125.0,23.0,9.92,3.29,8.05,1.16,23.62511154416514,0.004937191597148893,8,0.8888888888888888,7.0,6,6,0,0,0.0,3.8040969428840965,0.07932056124175975,0.2740740740740741,0.25742574257425743,0.09570957095709572,0.2916666666666667,0.3174427083333333,0.25757575757575757,4.442,0.32140420764430694
671732,Lawrence Butler,L,ATH,6,Hayden Wesneski,R,669713.0,824152,ATH @ HOU,5:10 PM,21/08,Scheduled,0.6166565684247663,,,,False,1111011111,estimated,0,0,0.0,0,0,0.29952779327848666,0.3668789451872883,0.4515464188046189,0.4093995110114045,0.19065490219521913,20,1,0.015108783239323131,0.998,60.5,C,0.2866043613707165,,,,4,6,0,0.2054794520547945,0.22058823529411764,0.6074766355140186,0.29906542056074764,0.09345794392523364,0.1742627345844504,0.18396226415094338,0.22121896162528218,0.18547140649149924,0.2087912087912088,203,0.22699386503067484,192,False,False,0.5921622446473341,0.024494323777432214,3.0,3.4347826086956523,115,,,,,,,-0.01852088346907311,20,5.16,1.32,22.2,2.0,1.0,18.0,7.0,0.0,0.0,0.0,4.0,SP,4.0,95.0,23.0,23.8,7.15,2.78,9.13,0.79,,-0.03123656842476641,5,0.7142857142857143,3.0,7,7,0,0,0.0,4.049652933826735,0.09334133794788825,0.1994459833795014,0.25609756097560976,0.1048780487804878,0.4375,0.31088671875,0.2558139534883721,3.896,0.3231557507704159
630105,Jake Cronenworth,L,SD,2,Connor Prielipp,L,687570.0,823262,MIN @ SD,6:40 PM,21/08,Scheduled,0.6165757349756588,,,,False,0111111110,estimated,0,0,0.0,0,0,0.25396028609418897,0.2544358235925806,0.21755901010650813,0.34621640381875207,0.23489065927683075,20,2,0.027227722772277224,0.954,48.4,D,0.2780358327803583,2.645581551659846,0.42130093942258995,0.25387651065451905,17,6,0,0.25,0.22277227722772278,0.42297476759628155,0.46879150066401065,0.10823373173970784,0.2234910277324633,0.24263038548752835,0.2037037037037037,0.22451029633350075,0.2080536912751678,170,0.2571428571428571,121,False,True,0.6136477030227097,0.002928031952949106,3.4324324324324325,3.9324324324324325,74,,,,,,,0.1538630265511052,20,5.34,1.38,87.2,3.0,6.0,94.0,36.0,0.0,0.0,0.0,17.0,SP,17.0,382.0,85.0,22.5,9.65,3.7,8.73,1.23,22.851861219791502,-0.0010757349756588264,5,0.625,-7.0,7,6,0,0,-3.0,4.372471420216155,0.07363011443109262,0.22691292875989447,0.21286031042128603,0.1130820399113082,0.357773851590106,0.29311660777385157,0.3125,4.35,0.334062801460213
686611,Dylan Crews,R,WSH,3,Ryan Gusto,R,687473.0,823830,WSH @ MIA,4:10 PM,21/08,Scheduled,0.6164221044656979,,,,False,1101000100,estimated,0,0,0.0,0,0,0.1274400515679665,0.29877783784089634,0.44328095593978817,0.21254801424152006,0.32039784842282104,20,1,-0.09053884711779447,1.0,66.2,B,0.289044289044289,4.876970612447689,0.4306126181400849,0.22449607049897505,16,6,0,0.2631578947368421,0.17261904761904762,0.5466200466200466,0.29953379953379955,0.15384615384615385,0.21219931271477663,0.19005328596802842,0.32653061224489793,0.2198581560283688,0.23170731707317074,176,0.17796610169491525,134,False,False,0.6047153051156391,0.011706799350058805,3.76,4.133333333333334,75,,,,,,,-0.0661897653900539,20,4.7,1.32,53.2,0.0,3.0,49.0,14.0,0.0,0.0,0.0,11.0,SP,16.0,237.0,57.0,14.8,8.22,2.35,9.56,1.34,15.727044166562216,-0.0014887711323644526,9,1.0,14.0,6,6,0,0,1.0,3.7280013038534285,0.03799613287434547,0.2146118721461187,0.2309278350515464,0.07835051546391752,0.3987730061349693,0.30709815950920244,0.2631578947368421,4.249,0.31025126824534566
592663,J. T. Realmuto,R,PHI,8,,R,,823420,STL @ PHI,3:40 PM,21/08,Scheduled,0.61567480420064,,,,False,1110001010,estimated,0,0,0.0,0,0,0.19739018915771372,0.3610082519252331,0.43928157663871786,0.2311136217434546,0.24451186274161904,20,3,-0.029747474747474745,1.009,,,,,,,0,0,0,0.23863636363636365,0.2088888888888889,,,,0.2215431627196333,0.1865771812080537,0.20553359683794467,0.2115467470917708,0.2411764705882353,187,0.1888111888111888,167,False,False,0.5854164967882335,0.030258307412406538,3.402173913043478,3.847826086956522,92,,,,,,,-0.06397130543700659,20,,,,,,,,,,,,,,,,,,,,,,-0.012024804200640005,4,0.5,30.0,7,5,0,0,0.0,4.094236856286647,0.09911592254753515,0.22303921568627452,0.21212121212121213,0.06926406926406926,0.41424731182795693,0.32294193548387096,,3.598,0.295200673129295
665750,Leody Taveras,L,BAL,7,Freddy Peralta,R,642547.0,824800,TB @ BAL,4:15 PM,21/08,Scheduled,0.6148709110859345,,,,False,1110110110,estimated,5,1,0.2,1,2023,0.24817964864726944,0.282672666400621,0.4450566392280125,0.321829844257226,0.22729003240611953,20,1,0.026421475375184966,1.044,41.9,D,0.25763612217795484,2.0376841799668592,0.40360639057357967,0.19317734677391438,20,5,0,0.21052631578947367,0.23694779116465864,0.5367581930912312,0.24357838795394154,0.21966341895482727,0.20535714285714285,0.21162444113263784,0.17735849056603772,0.2009038619556286,0.23626373626373626,207,0.2222222222222222,184,False,False,0.5651069948498484,0.049763916236086114,3.2149532710280373,3.6542056074766354,107,,,,,,,0.031869490236423735,20,5.27,1.48,128.0,5.0,10.0,123.0,53.0,0.0,0.0,0.0,25.0,SP,25.0,573.0,136.0,22.9,8.65,3.73,9.56,1.41,22.42789581061464,-0.03672091108593445,6,0.6666666666666666,-9.0,7,7,0,0,0.0,3.5664768122027724,0.03468351560033616,0.21818181818181817,0.24423963133640553,0.08525345622119816,0.33721624850657106,0.29335483870967743,0.26875,3.76,0.35140045093008004
514888,José Altuve,R,HOU,4,J. T. Ginn,R,669372.0,824152,ATH @ HOU,5:10 PM,21/08,Scheduled,0.6144597600851922,,,,False,1000111110,estimated,8,1,0.125,1,2025,0.27336713464176954,0.26849075847210696,0.19404322559887377,0.3337289028053503,0.18292104481226637,20,1,-0.03408242243193699,0.998,64.2,C,0.275844930417495,2.2433283176872787,0.3437237315353901,0.21919703642813992,20,6,0,0.27184466019417475,0.23776223776223776,0.6409362549800797,0.1553784860557769,0.20368525896414344,0.23127463863337713,0.23967774420946628,0.20058997050147492,0.23031151557577878,0.24583333333333332,263,0.2483221476510067,166,False,False,0.6166753084028512,-0.002215548317659022,3.8514851485148514,4.247524752475248,101,,,,,,,0.06470027691391898,20,3.53,1.22,127.1,8.0,7.0,114.0,53.0,0.0,1.0,1.0,22.0,SP,25.0,533.0,102.0,21.3,8.06,3.75,7.21,0.99,23.869840294466552,0.013820239914807741,5,0.5555555555555556,-10.0,5,6,0,0,0.0,3.8753180769691014,0.07123374430578217,0.24330357142857142,0.20850202429149797,0.0728744939271255,0.32768115942028986,0.2898978260869565,0.19170984455958548,4.159,0.37172447817528403
641933,Tyler O'Neill,R,BAL,4,Freddy Peralta,R,642547.0,824800,TB @ BAL,4:15 PM,21/08,Scheduled,0.6142055176053677,,,,False,1101111100,estimated,5,2,0.4,1,2022,0.29738822394854825,0.38364117149321647,0.44182648960152665,0.3569067634390002,0.22149112738774931,20,2,0.00439560439560438,1.044,41.9,D,0.25763612217795484,2.0376841799668592,0.40360639057357967,0.19317734677391438,20,5,0,0.2153846153846154,0.21978021978021978,0.5367581930912312,0.24357838795394154,0.21966341895482727,0.20361990950226244,0.15869565217391304,0.13688212927756654,0.17983820784069696,0.16379310344827586,132,0.2761904761904762,117,False,False,0.5693835742137079,0.04482194339165979,2.7625,3.1125,80,,,,,,,-0.17762351961610515,20,5.27,1.48,128.0,5.0,10.0,123.0,53.0,0.0,0.0,0.0,25.0,SP,25.0,573.0,136.0,22.9,8.65,3.73,9.56,1.41,22.42789581061464,-0.032405517605367695,6,0.6666666666666666,-9.0,7,7,0,0,0.0,3.3636907427614946,0.11670918624833282,0.2034383954154728,0.2619647355163728,0.10579345088161209,0.40476190476190477,0.3173551020408163,0.2603550295857988,4.159,0.35140045093008004
595879,Javier Báez,R,DET,7,Noah Cameron,L,702070.0,824072,DET @ KC,5:10 PM,21/08,Scheduled,0.613673469759218,,,,False,1011110000,estimated,0,0,0.0,0,0,0.1851725349747574,0.2645553237181686,0.40380069626554455,0.22359001937602044,0.16567555594053834,20,3,0.011904761904761918,1.028,69.9,B,0.2778268551236749,2.975081070059542,0.3616257623393376,0.21970296833419894,20,5,0,0.2619047619047619,0.25,0.49800973020787265,0.2901371074745688,0.2118531623175586,0.2661064425770308,0.22188449848024316,0.17142857142857143,0.23514538558786346,0.20270270270270271,77,0.31666666666666665,63,False,False,0.5876440957641109,0.026029373995107075,3.526315789473684,3.6842105263157894,38,,,,,,,-0.2278061797149119,20,4.16,1.22,138.1,7.0,8.0,126.0,43.0,0.0,0.0,0.0,23.0,SP,24.0,580.0,126.0,24.2,8.2,2.8,8.2,0.91,25.051058982333544,0.02344319690744867,6,0.6666666666666666,15.0,7,6,0,0,-1.0,3.8130460581244763,0.03077477711902545,0.2616136919315403,0.22377622377622378,0.02564102564102564,0.369542066027689,0.2983482428115016,0.22784810126582278,3.76,0.28983121450892146
665019,Kody Clemens,L,MIN,4,,R,,823262,MIN @ SD,6:40 PM,21/08,Scheduled,0.6136477030227097,,,,False,1010101111,estimated,0,0,0.0,0,0,0.24278441485170887,0.31508134515043157,0.390731414854911,0.28676095721933154,0.2005899438253754,20,2,-0.04772727272727276,0.954,,,,,,,0,0,0,0.275,0.22727272727272727,,,,0.23519553072625698,0.24004305705059203,0.20327102803738317,0.23238095238095238,0.2708333333333333,265,0.18823529411764706,183,False,False,0.618133957218487,-0.004486254195777306,3.761467889908257,4.110091743119266,109,,,,,,,-0.023883352052435098,20,,,,,,,,,,,,,,,,,,,,,,-0.02726198873699537,7,1.0,15.0,7,5,0,0,-2.0,4.180537713753069,0.0680323728730024,0.22818791946308725,0.23505154639175257,0.05567010309278351,0.4618618618618619,0.31119969969969974,,4.159,0.27941975915656897
701807,Carson Benge,L,NYM,4,Sean Burke,R,680732.0,824559,NYM @ CWS,4:40 PM,21/08,Scheduled,0.6131630928868753,,,,False,1011110101,estimated,0,0,0.0,0,0,0.33519736485461055,0.32400508448725074,0.5056948249737271,0.40584465575850914,0.1479651440063437,20,2,-0.004335986040240103,0.968,77.1,B,0.30350022153300843,3.783898208365373,0.38117321288885875,0.28924177290657405,20,5,0,0.27522935779816515,0.27089337175792505,0.6015070921985816,0.3772163120567376,0.02127659574468085,0.24389097744360902,0.25646123260437376,0.27147766323024053,0.2516146393972013,0.2518518518518518,296,0.3010752688172043,202,True,False,0.6278749322428355,-0.01471183935596021,3.8,4.15,120,,,,,,,0.2319430885398444,20,3.15,1.11,140.0,7.0,6.0,154.0,42.0,0.0,0.0,0.0,21.0,SP,25.0,571.0,113.0,22.8,9.9,2.7,7.26,1.03,23.203170867394938,0.02839404997026751,7,0.7,4.0,7,6,0,0,-1.0,4.074548121958569,0.06062360132041323,0.2737306843267108,0.21887550200803213,0.07630522088353414,0.40988372093023256,0.3663105620155039,0.22039473684210525,4.159,0.29359396392552123
642715,Willy Adames,R,SF,4,Sonny Gray,R,543243.0,824721,SF @ BOS,4:10 PM,21/08,Scheduled,0.6131630928868753,,,,False,1011101111,estimated,12,2,0.16666666666666666,1,2024,0.27586390306614356,0.3020469308216056,0.321007779608142,0.3478510166130314,0.20337141854821666,20,1,0.03106060606060604,1.063,71.5,B,0.28029121164846593,3.5916194288197607,0.3687887608609703,0.22944844469235434,20,6,0,0.20833333333333334,0.23939393939393938,0.5803432137285491,0.36973478939157567,0.0499219968798752,0.23266806722689076,0.21195652173913043,0.22164948453608246,0.2247585601404741,0.26104417670682734,274,0.19402985074626866,215,False,False,0.578529126530404,0.03463396635647131,3.8461538461538463,4.17948717948718,117,,,,,,,0.39894838351889383,20,2.65,1.15,132.2,15.0,3.0,117.0,34.0,0.0,0.0,0.0,23.0,SP,23.0,536.0,118.0,23.3,7.94,2.31,8.01,0.88,24.342081059509837,-0.0019797595535420154,6,0.75,15.0,7,6,0,0,0.0,4.0250310776431855,0.10473123581787792,0.2236842105263158,0.27565392354124746,0.0744466800804829,0.3824451410658307,0.30277429467084643,0.26136363636363635,4.159,0.308456347396527
694673,Abimelec Ortiz,L,WSH,2,Ryan Gusto,R,687473.0,823830,WSH @ MIA,4:10 PM,21/08,Scheduled,0.6122033979550497,,,,False,1111011010,estimated,0,0,0.0,0,0,0.28644141057488864,0.39494515647441986,0.5004031776206594,0.35736287979965015,0.2326226362969604,17,1,0.0,1.0,66.2,B,0.289044289044289,4.876970612447689,0.4306126181400849,0.22449607049897505,16,6,0,,0.26,0.5466200466200466,0.29953379953379955,0.15384615384615385,0.3104693140794224,0.3114754098360656,0.20238095238095238,0.2907216494845361,0.3125,32,0.16666666666666666,21,True,False,0.5876440957641109,0.024559302190938825,2.9411764705882355,3.1176470588235294,17,,,,,,,0.16167819663943298,17,4.7,1.32,53.2,0.0,3.0,49.0,14.0,0.0,0.0,0.0,11.0,SP,16.0,237.0,57.0,14.8,8.22,2.35,9.56,1.34,15.727044166562216,-0.009058953510605261,9,1.0,14.0,6,6,0,0,1.0,3.233822934644991,0.029482481389524796,,,,,,0.256,4.35,0.31025126824534566
662139,Daulton Varsho,L,HOU,5,J. T. Ginn,R,669372.0,824152,ATH @ HOU,5:10 PM,21/08,Scheduled,0.612170314228989,,,,False,0101011001,estimated,0,0,0.0,0,0,0.14137536821915145,0.23793688921700284,0.4407823434653645,0.1821712176117447,0.22000381673440367,20,1,0.03887753363992505,0.998,64.2,C,0.275844930417495,2.2433283176872787,0.3437237315353901,0.21919703642813992,20,6,0,0.19736842105263158,0.23624595469255663,0.6409362549800797,0.1553784860557769,0.20368525896414344,0.24969843184559712,0.21940928270042195,0.1901840490797546,0.23373083475298126,0.2324561403508772,250,0.2229299363057325,174,False,False,0.6047153051156391,0.007455009113349953,3.5981308411214954,3.9626168224299065,107,,,,,,,-0.1410904782270529,20,3.53,1.22,127.1,8.0,7.0,114.0,53.0,0.0,1.0,1.0,22.0,SP,25.0,533.0,102.0,21.3,8.06,3.75,7.21,0.99,23.869840294466552,0.004669685771011012,5,0.5555555555555556,-10.0,5,6,0,0,0.0,4.0874849656576915,0.0777913239021448,0.22863741339491916,0.19665271966527198,0.07740585774058577,0.38421828908554573,0.2838952802359882,0.23809523809523808,4.024,0.37172447817528403
686797,Brooks Lee,L,MIN,7,,R,,823262,MIN @ SD,6:40 PM,21/08,Scheduled,0.6121152475163898,,,,False,1111011011,estimated,0,0,0.0,0,0,0.22885247362466282,0.2665118004987529,0.3676578158216078,0.2568323090054403,0.16595512176068317,20,2,0.041543872991729264,0.954,,,,,,,0,0,0,0.21641791044776118,0.25796178343949044,,,,0.25,0.23940886699507388,0.25237449118046135,0.24688199552286536,0.2596899224806202,272,0.22631578947368422,216,False,False,0.622756199253895,-0.010640951737505233,3.764705882352941,4.100840336134453,119,,,,,,,0.10799945886734096,20,,,,,,,,,,,,,,,,,,,,,,-0.026043818944961217,7,1.0,15.0,7,5,0,0,-2.0,3.948825923279195,0.03375658547522553,0.25,0.16188524590163936,0.06967213114754098,0.3252032520325203,0.263929539295393,,3.76,0.27941975915656897
694208,Moisés Ballesteros,L,LAA,5,Mackenzie Gore,L,669022.0,822857,LAA @ TEX,5:15 PM,21/08,Scheduled,0.6112297338247302,,,,False,1001100001,estimated,0,0,0.0,0,0,0.13275727723219582,0.29617918784904623,0.48484524089132475,0.21362208923003437,0.21149083719492612,20,1,-0.14908424908424908,0.964,64.9,C,0.2729957805907173,3.270439792491694,0.38724145377278074,0.2523690830822124,20,6,0,0.07142857142857142,0.2205128205128205,0.593077247783875,0.28704094554664417,0.1198818066694808,0.1885245901639344,0.171021377672209,0.2744479495268139,0.2040677966101695,0.23577235772357724,137,0.1744186046511628,96,False,False,0.6125401178505142,-0.0013103840257839838,2.863013698630137,3.191780821917808,73,,,,,,,-0.10495275206289033,20,4.45,1.26,139.2,7.0,9.0,154.0,51.0,0.0,0.0,0.0,26.0,SP,26.0,597.0,125.0,23.0,9.92,3.29,8.05,1.16,23.62511154416514,0.009395266175269756,8,0.8888888888888888,7.0,6,6,0,0,0.0,4.076637914251164,0.08903445517360599,0.23826714801444043,0.1987179487179487,0.10256410256410256,0.4409302325581395,0.29277674418604654,0.25757575757575757,4.024,0.32140420764430694
650859,Luis Rengifo,L,SD,6,Connor Prielipp,L,687570.0,823262,MIN @ SD,6:40 PM,21/08,Scheduled,0.6109560706145637,,,,False,0101111101,estimated,0,0,0.0,0,0,0.23732592946899425,0.31030048770770924,0.1628312913995929,0.33131242604386624,0.19242636342477226,20,2,0.016293482606957232,0.954,48.4,D,0.2780358327803583,2.645581551659846,0.42130093942258995,0.25387651065451905,17,6,0,0.2540983606557377,0.23780487804878048,0.42297476759628155,0.46879150066401065,0.10823373173970784,0.23858742463393626,0.2263056092843327,0.21652421652421652,0.23506366307541626,0.2345679012345679,180,0.25806451612903225,147,False,True,0.6173469727869145,-0.006390902172350832,3.364705882352941,3.847058823529412,85,,,,,,,0.16439176275563494,20,5.34,1.38,87.2,3.0,6.0,94.0,36.0,0.0,0.0,0.0,17.0,SP,17.0,382.0,85.0,22.5,9.65,3.7,8.73,1.23,22.851861219791502,-0.011156070614563696,5,0.625,-7.0,7,6,0,0,-3.0,4.093003997593894,0.11956640478929564,0.22842639593908629,0.15192743764172337,0.08616780045351474,0.31855249745158004,0.28280428134556573,0.3125,3.896,0.334062801460213
703601,Max Clark,L,DET,6,Noah Cameron,L,702070.0,824072,DET @ KC,5:10 PM,21/08,Scheduled,0.6106917510845625,,,,False,0110101101,estimated,0,0,0.0,0,0,0.23873006191993013,0.3470999049152432,0.38710285412189904,0.3354552868123373,0.17820177518990385,18,2,0.0787878787878788,1.028,69.9,B,0.2778268551236749,2.975081070059542,0.3616257623393376,0.21970296833419894,20,5,0,0.3333333333333333,0.2545454545454545,0.49800973020787265,0.2901371074745688,0.2118531623175586,0.2523076923076923,0.3424657534246575,0.2222222222222222,0.26327433628318586,0.2903225806451613,36,0.2564102564102564,39,True,False,0.5815887086974768,0.02910304238708572,3.888888888888889,4.166666666666667,18,,,,,,,0.14869047447418227,18,4.16,1.22,138.1,7.0,8.0,126.0,43.0,0.0,0.0,0.0,23.0,SP,24.0,580.0,126.0,24.2,8.2,2.8,8.2,0.91,25.051058982333544,0.020274915582104036,6,0.6666666666666666,15.0,7,6,0,0,-1.0,3.9900556050545664,0.025471641206824963,,,,,,0.2748091603053435,3.896,0.28983121450892146
805999,A. J. Ewing,L,NYM,1,Sean Burke,R,680732.0,824559,NYM @ CWS,4:40 PM,21/08,Scheduled,0.6099884033953509,,,,False,0101000101,estimated,0,0,0.0,0,0,0.15671848626945947,0.37172540366400597,0.4409974585656263,0.25421044562654915,0.3138921355467861,20,2,0.02123076923076922,0.968,77.1,B,0.30350022153300843,3.783898208365373,0.38117321288885875,0.28924177290657405,20,5,0,0.23076923076923078,0.252,0.6015070921985816,0.3772163120567376,0.02127659574468085,0.21385083713850836,0.22373806275579808,0.24130434782608695,0.22177901874750697,0.25824175824175827,201,0.23308270676691728,157,True,False,0.632846180620043,-0.022857777224692177,3.6206896551724137,4.114942528735632,87,,,,,,,-0.03645585455245568,20,3.15,1.11,140.0,7.0,6.0,154.0,42.0,0.0,0.0,0.0,21.0,SP,25.0,571.0,113.0,22.8,9.9,2.7,7.26,1.03,23.203170867394938,0.03184016803322054,7,0.7,4.0,7,6,0,0,-1.0,4.317018157447713,0.1236242438806921,0.2508250825082508,0.2565597667638484,0.09329446064139942,0.44108527131782943,0.36386976744186045,0.22039473684210525,4.442,0.29359396392552123
680777,Ryan Jeffers,R,MIN,2,,R,,823262,MIN @ SD,6:40 PM,21/08,Scheduled,0.6092197246786276,,,,False,1011110010,estimated,0,0,0.0,0,0,0.2508428779171972,0.3036809094921173,0.3998680373114943,0.37793244737342874,0.21691582430056724,20,2,-0.006435006435006441,0.954,,,,,,,0,0,0,0.2857142857142857,0.27927927927927926,,,,0.2600561272217025,0.24423963133640553,0.20229007633587787,0.2472250252270434,0.24812030075187969,153,0.3373493975903614,103,False,False,0.6181453802070195,-0.008925655528391863,3.375,4.0,64,,,,,,,0.00848588878903202,20,,,,,,,,,,,,,,,,,,,,,,-0.010576867535770584,7,1.0,15.0,7,5,0,0,-2.0,3.7656922188747455,0.13370786001588406,0.28741092636579574,0.17901234567901234,0.11728395061728394,0.39620758483033935,0.2939236526946108,,4.35,0.27941975915656897
663616,Trevor Larnach,L,MIN,1,,R,,823262,MIN @ SD,6:40 PM,21/08,Scheduled,0.6092197246786276,,,,False,0100011100,estimated,0,0,0.0,0,0,0.14212493942837812,0.29578952261998653,0.4644058083675968,0.19200305096131612,0.24935027843376809,20,2,-0.017972350230414713,0.954,,,,,,,0,0,0,0.2857142857142857,0.267741935483871,,,,0.2606707317073171,0.28162291169451076,0.2484375,0.26468481375358166,0.2783018867924528,239,0.25210084033613445,139,False,False,0.61725986651536,-0.008040141836732406,3.2135922330097086,3.6699029126213594,103,,,,,,,-0.06578599657626778,20,,,,,,,,,,,,,,,,,,,,,,-0.013634010392913343,7,1.0,15.0,7,5,0,0,-2.0,3.68617017529245,0.061174788710230944,0.2630208333333333,0.19090909090909092,0.10454545454545454,0.3871111111111111,0.3189133333333333,,4.442,0.27941975915656897
643289,Mauricio Dubón,R,ATL,6,Jacob Misiorowski,R,694819.0,823746,ATL @ MIL,1:10 PM,21/08,Scheduled,0.6063384239218913,,,,False,1100100011,estimated,0,0,0.0,0,0,0.2649909961500498,0.3141771073220195,0.2873881999456832,0.3165918239830858,0.08047641022593298,20,1,-0.010871774029668768,0.97,94.6,A,0.36331658291457286,9.090909477400473,0.3578621576419709,0.4049007675947822,20,6,0,0.2702702702702703,0.2593984962406015,0.77526395173454,0.21216691804927099,0.01256913021618904,0.2653282691264243,0.26206140350877194,0.2299168975069252,0.26096701889209095,0.2558139534883721,274,0.27461139896373055,214,False,False,0.6392941227355792,-0.03295569881368787,3.727272727272727,4.033057851239669,121,,,,,,,0.04831592539637279,20,1.75,0.75,139.0,12.0,5.0,210.0,31.0,0.0,0.0,0.0,23.0,SP,23.0,527.0,73.0,22.9,13.6,2.01,4.73,0.84,22.845887729658934,0.01988657607810873,4,0.5714285714285714,15.0,7,7,0,0,0.0,3.5686948798866056,0.026611036312250216,0.2639821029082774,0.12422360248447205,0.057971014492753624,0.30288544358311803,0.3065245478036176,0.19617224880382775,3.896,0.28897793523681603
664040,Brandon Lowe,L,PIT,1,Yoshinobu Yamamoto,R,808967.0,823911,PIT @ LAD,7:10 PM,21/08,Scheduled,0.6053820785870988,,,,False,0011111101,estimated,0,0,0.0,0,0,0.24538097248780805,0.3561927368079059,0.6679322529549526,0.4685251191693756,0.3743439165653678,20,2,0.05479797979797982,0.973,84.3,A,0.2930951231289232,3.709619790964891,0.35996946039974076,0.2520615023765238,20,7,0,0.20909090909090908,0.2638888888888889,0.5472154963680388,0.18595641646489103,0.26682808716707024,0.24266666666666667,0.2222222222222222,0.266347687400319,0.24127310061601642,0.24820143884892087,315,0.2552083333333333,212,False,False,0.6147622461170849,-0.00938016752998605,3.9495798319327733,4.428571428571429,119,,,,,,,0.05408494884213747,20,2.6,0.89,145.1,12.0,7.0,136.0,34.0,0.0,0.0,0.0,22.0,SP,22.0,556.0,96.0,25.3,8.42,2.11,5.94,0.93,25.677116021380222,0.010157921412901172,5,0.7142857142857143,13.0,7,6,0,0,-3.0,4.25347295687209,0.07309178190003038,0.2515991471215352,0.2889733840304182,0.08935361216730038,0.46319663512092535,0.34667507886435334,0.17716535433070865,4.442,0.31797911463806594
671739,Michael Harris,L,ATL,4,Jacob Misiorowski,R,694819.0,823746,ATL @ MIL,1:10 PM,21/08,Scheduled,0.6040851190858025,,,,False,1101011111,estimated,0,0,0.0,0,0,0.2765588270647014,0.3124287232711807,0.4133042985139897,0.3442181125059682,0.23023918719568254,20,1,0.013358900607222779,0.97,94.6,A,0.36331658291457286,9.090909477400473,0.3578621576419709,0.4049007675947822,20,6,0,0.28187919463087246,0.29523809523809524,0.77526395173454,0.21216691804927099,0.01256913021618904,0.2568862275449102,0.24168297455968688,0.30721649484536084,0.2609915809167446,0.27099236641221375,278,0.31683168316831684,213,False,False,0.6386121336662441,-0.034527014580441606,3.80327868852459,4.024590163934426,122,,,,,,,0.13218204677459694,20,1.75,0.75,139.0,12.0,5.0,210.0,31.0,0.0,0.0,0.0,23.0,SP,23.0,527.0,73.0,22.9,13.6,2.01,4.73,0.84,22.845887729658934,0.03383988091419754,4,0.5714285714285714,15.0,7,7,0,0,0.0,3.8552671219886827,0.020482819270366538,0.2831858407079646,0.1941544885177453,0.037578288100208766,0.4947075208913649,0.3576406685236769,0.11583011583011583,4.159,0.28897793523681603
673548,Seiya Suzuki,R,CHC,2,Emerson Hancock,R,676106.0,823101,CHC @ SEA,7:10 PM,21/08,Scheduled,0.6033123676184228,,,,False,0110111100,estimated,6,1,0.16666666666666666,1,2024,0.23543885354283658,0.3165881196860704,0.2944274049738418,0.32282816544214,0.2554024226523753,20,2,-0.012034895942821144,0.906,55.7,C,0.2560914967677772,3.30339647310529,0.4173747664060709,0.2196416768415961,20,6,0,0.27611940298507465,0.2640845070422535,0.7422731804586241,0.20787637088733799,0.049850448654037885,0.26356589147286824,0.19138056975894813,0.31095406360424027,0.23974763406940064,0.25,266,0.2903225806451613,217,False,False,0.6101387349829573,-0.006826367364534569,3.8,4.390909090909091,110,,,,,,,-0.10736561768593667,20,3.3,1.11,128.0,7.0,7.0,119.0,32.0,0.0,0.0,0.0,23.0,SP,23.0,516.0,110.0,22.4,8.37,2.25,7.73,1.13,22.764346506381035,0.013670965714910555,6,0.75,-14.0,6,6,0,0,-2.0,4.515765268412503,0.14173373047535118,0.2725274725274725,0.25,0.10384615384615385,0.4076923076923077,0.3491107692307692,0.23076923076923078,4.35,0.36684580978134823
665052,Griffin Conine,L,MIA,4,Brad Lord,R,695418.0,823830,WSH @ MIA,4:10 PM,21/08,Scheduled,0.6031842296002122,,,,False,1111010110,estimated,0,0,0.0,0,0,0.31507790778056716,0.39095385617660605,0.5736017254383428,0.4068368820939745,0.3109222262898286,20,2,0.005485232067510559,1.0,50.4,C,0.2689844464775846,1.5987325419546696,0.3626970217666058,0.2207129928965606,20,6,0,0.26666666666666666,0.2721518987341772,0.5965073529411765,0.359375,0.04411764705882353,0.24814814814814815,0.24060150375939848,0.21153846153846154,0.23860811930405965,0.26804123711340205,110,0.27631578947368424,88,False,False,0.5854641880948197,0.017720041505392525,2.8833333333333333,3.3,60,,,,,,,0.08373477460250983,20,4.04,1.25,62.1,5.0,2.0,57.0,25.0,1.0,1.0,2.0,3.0,RP,30.0,269.0,53.0,9.0,8.23,3.61,7.65,1.01,8.892515646487634,-0.00910922960021232,8,1.0,4.0,7,6,0,0,0.0,3.6200095147342273,0.1509173747974186,0.26912181303116145,0.29949238578680204,0.09137055837563451,0.4787234042553192,0.33837872340425534,0.25961538461538464,4.159,0.3142328583844634
545121,Ildemaro Vargas,L,AZ,8,Nick Lodolo,L,666157.0,825045,CIN @ AZ,6:40 PM,21/08,Scheduled,0.6012257715418173,,,,False,1000111011,estimated,10,2,0.2,1,2022,0.18554741262221575,0.2713262330065959,0.35050302686627094,0.2217605373182802,0.12148277168762729,20,2,0.05832763727500567,1.0,40.1,D,0.26422764227642276,2.094740847228031,0.39522424662760747,0.18836451383446226,14,5,0,0.3007518796992481,0.24242424242424243,0.5203252032520326,0.24390243902439024,0.23577235772357724,0.2707317073170732,0.266857962697274,0.2505694760820046,0.26548672566371684,0.25133689839572193,198,0.2768361581920904,194,False,False,0.5860172193698147,0.015208552172002676,3.4339622641509435,3.69811320754717,106,,,,,,,-0.11796491186233482,20,4.52,1.42,71.2,3.0,2.0,57.0,29.0,0.0,0.0,0.0,14.0,SP,14.0,316.0,73.0,22.6,7.16,3.64,9.17,1.51,22.24663468750609,-0.021509104875150564,6,0.75,17.0,7,6,0,0,-3.0,3.372672516822647,0.07958991729791245,0.2704714640198511,0.09425287356321839,0.052873563218390804,0.36556169429097607,0.2991657458563536,0.31343283582089554,3.598,0.3304239895378791
808959,Munetaka Murakami,L,CWS,2,Sean Manaea,L,640455.0,824559,NYM @ CWS,4:40 PM,21/08,Scheduled,0.601030238751772,,,,False,1001110100,estimated,0,0,0.0,0,0,0.15349854443167912,0.410891135513814,0.5658098042115458,0.3120768938933309,0.3350474828769553,20,1,-0.05674281503316139,0.968,51.8,C,0.2785412262156448,3.2689235224621025,0.44916116997803607,0.24616848191059928,20,6,0,0.18478260869565216,0.24152542372881355,0.6559196617336153,0.3091966173361522,0.03488372093023256,0.2376453488372093,0.19,0.21822033898305085,0.21602434077079108,0.22872340425531915,231,0.22142857142857142,167,True,False,0.601030238751772,0.0,3.6043956043956045,4.373626373626373,91,,,,,,,-0.10066304370428213,20,4.22,1.32,111.0,4.0,5.0,113.0,37.0,0.0,0.0,0.0,12.0,RP,26.0,481.0,109.0,18.5,9.16,3.0,8.84,1.3,21.992824161282954,0.011169761248227994,9,1.0,-7.0,6,7,0,0,0.0,4.466363023357715,0.12467348548192667,0.2331288343558282,0.32575757575757575,0.15151515151515152,0.5930626057529611,0.3461852791878172,0.2357142857142857,4.35,0.31019017288230805
681715,Heriberto Hernandez,R,MIA,5,Brad Lord,R,695418.0,823830,WSH @ MIA,4:10 PM,21/08,Scheduled,0.6002721578221025,,,,False,1101111011,estimated,0,0,0.0,0,0,0.20543130622178862,0.3822295683313569,0.4249707766775961,0.35126058080500805,0.36871087720165974,20,2,0.054396423248882275,1.0,50.4,C,0.2689844464775846,1.5987325419546696,0.3626970217666058,0.2207129928965606,20,6,0,0.19696969696969696,0.25136612021857924,0.5965073529411765,0.359375,0.04411764705882353,0.2,0.1925,0.199438202247191,0.19914712153518124,0.17791411042944785,184,0.28289473684210525,167,False,False,0.5944236067530121,0.005848551069090435,3.28125,3.65625,96,,,,,,,-0.21585396562182224,20,4.04,1.25,62.1,5.0,2.0,57.0,25.0,1.0,1.0,2.0,3.0,RP,30.0,269.0,53.0,9.0,8.23,3.61,7.65,1.01,8.892515646487634,-0.004172157822102451,8,1.0,4.0,7,6,0,0,0.0,4.276453270974898,0.09821782560474508,0.23746701846965698,0.26666666666666666,0.11264367816091954,0.5,0.3543726235741445,0.18181818181818182,4.024,0.3142328583844634
663968,Jake Mangum,L,PIT,6,Yoshinobu Yamamoto,R,808967.0,823911,PIT @ LAD,7:10 PM,21/08,Scheduled,0.6002615600350486,,,,False,1001011010,estimated,0,0,0.0,0,0,0.24572070499237333,0.31234844485855934,0.4245068365797508,0.3178021243790927,0.24707072130501653,20,2,0.05820983995257856,0.973,84.3,A,0.2930951231289232,3.709619790964891,0.35996946039974076,0.2520615023765238,20,7,0,0.2571428571428571,0.3153526970954357,0.5472154963680388,0.18595641646489103,0.26682808716707024,0.2809388335704125,0.31542461005199307,0.2882205513784461,0.29074151654796815,0.3247422680412371,207,0.2631578947368421,175,False,False,0.6119349025751094,-0.011673342540060805,3.494949494949495,3.8585858585858586,99,,,,,,,0.03264870202183211,20,2.6,0.89,145.1,12.0,7.0,136.0,34.0,0.0,0.0,0.0,22.0,SP,22.0,556.0,96.0,25.3,8.42,2.11,5.94,0.93,25.677116021380222,-0.0021215600350484864,5,0.7142857142857143,13.0,7,6,0,0,-3.0,3.8220782549502874,0.07770771585598753,0.2961165048543689,0.19555555555555557,0.04666666666666667,0.2862654320987654,0.30866203703703704,0.17716535433070865,3.896,0.31797911463806594
687637,Dylan Beavers,L,BAL,5,Freddy Peralta,R,642547.0,824800,TB @ BAL,4:15 PM,21/08,Scheduled,0.6002615600350486,,,,False,0101100011,estimated,0,0,0.0,0,0,0.2423942539878305,0.3587374837715873,0.4750554749178763,0.49583726670019057,0.44790738927482837,20,1,0.017973856209150346,1.044,41.9,D,0.25763612217795484,2.0376841799668592,0.40360639057357967,0.19317734677391438,20,5,0,0.2222222222222222,0.24019607843137256,0.5367581930912312,0.24357838795394154,0.21966341895482727,0.2110497237569061,0.19924098671726756,0.17869415807560138,0.2019733023795705,0.20634920634920634,141,0.28735632183908044,99,False,False,0.5476071991796169,0.05265436085543174,3.0,3.380281690140845,71,,,,,,,0.04833993804857363,20,5.27,1.48,128.0,5.0,10.0,123.0,53.0,0.0,0.0,0.0,25.0,SP,25.0,573.0,136.0,22.9,8.65,3.73,9.56,1.41,22.42789581061464,-0.02946156003504874,6,0.6666666666666666,-9.0,7,7,0,0,0.0,3.0216651282010893,0.0489261763570321,0.24307692307692308,0.26052631578947366,0.12894736842105264,0.3480825958702065,0.31284365781710916,0.26875,4.024,0.35140045093008004
545361,Mike Trout,R,LAA,2,Mackenzie Gore,L,669022.0,822857,LAA @ TEX,5:15 PM,21/08,Scheduled,0.5995528499580515,-138.0,156.0,58.0,False,1011110010,estimated,9,2,0.2222222222222222,1,2023,0.20153402112533242,0.32933925496146543,0.28890577365591474,0.2861616529956189,0.30154463761286193,20,1,0.05211406096361848,0.964,64.9,C,0.2729957805907173,3.270439792491694,0.38724145377278074,0.2523690830822124,20,6,0,0.2743362831858407,0.2222222222222222,0.593077247783875,0.28704094554664417,0.1198818066694808,0.2523076923076923,0.23567567567567568,0.28888888888888886,0.25176342919153555,0.27165354330708663,300,0.17391304347826086,184,False,False,0.6046616183939327,-0.005108768435881261,3.6296296296296298,4.481481481481482,108,,,,,,,-0.04284917766479788,20,4.45,1.26,139.2,7.0,9.0,154.0,51.0,0.0,0.0,0.0,26.0,SP,26.0,597.0,125.0,23.0,9.92,3.29,8.05,1.16,23.62511154416514,0.026709650041948474,8,0.8888888888888888,7.0,6,6,0,0,0.0,4.3523108514275615,0.10898418393742877,0.25355450236966826,0.2591170825335892,0.14971209213051823,0.5,0.3820963995354239,0.22580645161290322,4.35,0.32140420764430694
660670,Ronald Acuña,R,ATL,2,Jacob Misiorowski,R,694819.0,823746,ATL @ MIL,1:10 PM,21/08,Scheduled,0.5973516387059613,,,,False,1010111010,estimated,0,0,0.0,0,0,0.21011982788328673,0.43176893213414963,0.4016525166561415,0.3698844514865201,0.28338746908366075,20,1,-0.0033058691892991765,0.97,94.6,A,0.36331658291457286,9.090909477400473,0.3578621576419709,0.4049007675947822,20,6,0,0.23893805309734514,0.23563218390804597,0.77526395173454,0.21216691804927099,0.01256913021618904,0.23386114494518878,0.22658610271903323,0.2204968944099379,0.23041825095057034,0.25133689839572193,218,0.21,116,False,False,0.6373180910678445,-0.03996645236188323,3.776315789473684,4.394736842105263,76,,,,,,,0.08215948288789919,20,1.75,0.75,139.0,12.0,5.0,210.0,31.0,0.0,0.0,0.0,23.0,SP,23.0,527.0,73.0,22.9,13.6,2.01,4.73,0.84,22.845887729658934,0.0497483612940387,4,0.5714285714285714,15.0,7,7,0,0,0.0,4.257814020287139,0.03434519759766948,0.24770642201834864,0.22413793103448276,0.13793103448275862,0.4890282131661442,0.3472131661442006,0.19617224880382775,4.35,0.28897793523681603
694671,Wyatt Langford,R,TEX,2,Reid Detmers,L,672282.0,822857,LAA @ TEX,5:15 PM,21/08,Scheduled,0.596569751292503,,,,False,0001010100,estimated,11,1,0.09090909090909091,1,2024,0.1494816025800407,0.2937963264890627,0.5011621468541716,0.1863356889469714,0.22544502618160564,20,1,-0.030856494611457758,0.964,76.4,B,0.3083910034602076,4.1346022807815075,0.40431736298505105,0.30752254277005325,20,6,0,0.23255813953488372,0.2634146341463415,0.4699003897791252,0.43265482893027285,0.097444781290602,0.24295774647887325,0.22268326417704012,0.2032258064516129,0.2323026851098454,0.24867724867724866,205,0.2647058823529412,115,False,False,0.6211357958621203,-0.024566044569617307,3.88,4.266666666666667,75,,,,,,,-0.24090280352288015,20,3.78,1.06,143.0,4.0,8.0,167.0,43.0,0.0,0.0,0.0,25.0,SP,25.0,579.0,108.0,23.2,10.51,2.71,6.8,1.07,22.611019141923713,0.027744534421782707,7,0.875,0.0,6,6,0,0,0.0,4.124698074321991,0.14356706876540726,0.25339366515837103,0.22504892367906065,0.11741682974559686,0.44546381243628946,0.31511620795107037,0.20256410256410257,4.35,0.29154318969235227
668904,Royce Lewis,R,MIN,5,,R,,823262,MIN @ SD,6:40 PM,21/08,Scheduled,0.5963860806377058,,,,False,0111011101,estimated,0,0,0.0,0,0,0.3074612418105972,0.4376857206650682,0.38692066694998717,0.4231383186618472,0.28340947135185873,20,2,0.0016835016835017036,0.954,,,,,,,0,0,0,0.24074074074074073,0.24242424242424243,,,,0.21417445482866043,0.2571785268414482,0.2579710144927536,0.2344006568144499,0.24083769633507854,209,0.24324324324324326,169,False,False,0.5994977832454521,-0.0031117026077462917,3.6847826086956523,4.108695652173913,92,,,,,,,0.27107065585352924,20,,,,,,,,,,,,,,,,,,,,,,-0.027800366351991457,7,1.0,15.0,7,5,0,0,-2.0,4.201691075807034,0.046994603274565006,0.24036281179138322,0.2572614107883817,0.06846473029045644,0.40536277602523657,0.31454574132492114,,4.024,0.27941975915656897
663886,Tyler Stephenson,R,CIN,4,Eduardo Rodríguez,L,593958.0,825045,CIN @ AZ,6:40 PM,21/08,Scheduled,0.595789649587247,,,,False,0110100000,estimated,0,0,0.0,0,0,0.19969551100743146,0.29154419042255547,0.3458237651450261,0.3160007735179427,0.36590871583766454,20,1,-0.05046185425932262,1.0,56.7,C,0.2533726812816189,2.658340065915358,0.3412373141734607,0.1789889094969121,20,6,0,0.20270270270270271,0.25316455696202533,0.6109704641350211,0.1270042194092827,0.2620253164556962,0.23015873015873015,0.23543990086741015,0.15217391304347827,0.2219720846465556,0.21965317919075145,196,0.26811594202898553,157,False,False,0.5746536471330611,0.021136002454185898,3.2061855670103094,3.6391752577319587,97,,,,,,,-0.20369461468432126,20,2.71,1.21,149.1,12.0,4.0,106.0,47.0,0.0,0.0,0.0,25.0,SP,25.0,613.0,134.0,24.5,6.39,2.83,8.08,0.84,24.85761391892604,-0.02274964958724701,5,0.7142857142857143,24.0,6,8,0,0,-3.0,3.6108826846893582,0.08093707141651474,0.2388451443569554,0.2748267898383372,0.09468822170900693,0.46055979643765904,0.348219465648855,0.23333333333333334,4.159,0.29649873378810815
703520,Brett Bateman,L,TOR,1,Cam Schlittler,R,693645.0,823510,TOR @ NYY,4:05 PM,21/08,Scheduled,0.5956392493906493,,,,False,0111111010,estimated,0,0,0.0,0,0,0.2708594729953463,0.3091561665150925,0.12249078027584635,0.3266042740523614,0.1731417561149363,11,2,0.0357142857142857,1.007,68.9,B,0.2963583089158644,4.710334010542249,0.4132230276930294,0.33232278275700694,20,6,0,0.25,0.2857142857142857,0.90020964360587,0.09979035639412998,0.0,0.2619047619047619,0.2727272727272727,0.21739130434782608,0.25825825825825827,0.27586206896551724,32,0.2631578947368421,19,True,False,0.6163755843455457,-0.020736334954896463,4.363636363636363,4.636363636363637,11,,,,,,,0.13383570552728405,11,2.19,0.94,152.0,10.0,6.0,189.0,34.0,0.0,0.0,0.0,26.0,SP,26.0,602.0,109.0,23.2,11.19,2.01,6.45,0.83,23.295032856228406,0.05069408394268404,3,0.375,2.0,6,6,0,0,0.0,4.558187233995248,0.05128307071188649,,,,,,0.20058997050147492,4.442,0.2760397804790795
676391,Ernie Clement,R,TOR,8,Cam Schlittler,R,693645.0,823510,TOR @ NYY,4:05 PM,21/08,Scheduled,0.5949107294348788,,,,False,1001011011,estimated,12,5,0.4166666666666667,1,2025,0.26018859993511817,0.2913150205314588,0.12246811659965175,0.29256596399669854,0.07543633286488849,20,1,0.03485838779956424,1.007,68.9,B,0.2963583089158644,4.710334010542249,0.4132230276930294,0.33232278275700694,20,6,0,0.26143790849673204,0.2962962962962963,0.90020964360587,0.09979035639412998,0.0,0.2706907280647169,0.27405857740585776,0.2216867469879518,0.2655045256453235,0.24468085106382978,293,0.3435897435897436,210,False,False,0.6199236481474077,-0.025012918712528975,3.816,4.024,125,,,,,,,-0.0695930580344623,20,2.19,0.94,152.0,10.0,6.0,189.0,34.0,0.0,0.0,0.0,26.0,SP,26.0,602.0,109.0,23.2,11.19,2.01,6.45,0.83,23.295032856228406,0.020622603898454606,3,0.375,2.0,6,6,0,0,0.0,3.805346901944019,0.059726666407791895,0.2807017543859649,0.09791666666666667,0.035416666666666666,0.20863895680521596,0.27795925020374895,0.18981481481481483,3.598,0.2760397804790795
645277,Ozzie Albies,L,ATL,5,Jacob Misiorowski,R,694819.0,823746,ATL @ MIL,1:10 PM,21/08,Scheduled,0.5944223527383986,,,,False,0100001111,estimated,0,0,0.0,0,0,0.17168047382417473,0.23630612712903531,0.2556888913476378,0.20913097898184982,0.11877894127255627,20,1,-0.07482993197278912,0.97,94.6,A,0.36331658291457286,9.090909477400473,0.3578621576419709,0.4049007675947822,20,6,0,0.29591836734693877,0.22108843537414966,0.77526395173454,0.21216691804927099,0.01256913021618904,0.24571428571428572,0.24291115311909262,0.22961104140526975,0.24197120708748615,0.26,331,0.23684210526315788,215,False,False,0.6278749322428355,-0.03345257950443692,3.828125,4.265625,128,,,,,,,0.018199115019859952,20,1.75,0.75,139.0,12.0,5.0,210.0,31.0,0.0,0.0,0.0,23.0,SP,23.0,527.0,73.0,22.9,13.6,2.01,4.73,0.84,22.845887729658934,0.031052647261601396,4,0.5714285714285714,15.0,7,7,0,0,0.0,3.865608372496417,0.0845454457526294,0.24945770065075923,0.14396887159533073,0.06809338521400778,0.2845822566752799,0.27391903531438416,0.11583011583011583,4.024,0.28897793523681603
663656,Kyle Tucker,L,LAD,6,Bubba Chandler,R,696149.0,823911,PIT @ LAD,7:10 PM,21/08,Scheduled,0.5935620506113695,,,,False,1000000011,estimated,0,0,0.0,0,0,0.17219025275863473,0.2648970177975131,0.3566458692040619,0.22926838946464326,0.16524350163051818,20,2,-0.017743136837625045,0.973,54.1,C,0.2604517059106199,1.9283948509284898,0.3752958468625052,0.20485898910237982,20,7,0,0.2440944881889764,0.22635135135135134,0.5525554484088717,0.29026036644165865,0.15718418514946964,0.2201670644391408,0.23804100227790434,0.17971014492753623,0.21593355890495233,0.2217573221757322,282,0.24456521739130435,207,False,False,0.5919141701899041,0.001647880421465353,3.5546218487394956,4.109243697478991,119,,,,,,,-0.1171525090951285,20,4.23,1.37,121.1,6.0,8.0,108.0,64.0,0.0,0.0,0.0,23.0,SP,24.0,528.0,102.0,22.0,8.01,4.75,7.57,0.74,22.12207198391911,-0.003362050611369405,8,0.8888888888888888,2.0,7,6,0,0,-1.0,3.9356718465315312,0.08202601116140312,0.23333333333333334,0.18813905930470348,0.12269938650306748,0.3760162601626016,0.32223018292682926,0.22950819672131148,3.896,0.32618350577985683
696285,Jacob Young,R,WSH,9,Ryan Gusto,R,687473.0,823830,WSH @ MIA,4:10 PM,21/08,Scheduled,0.5929522809342304,,,,False,1101111101,estimated,0,0,0.0,0,0,0.33981767255135686,0.33980245778310625,0.20500022591487627,0.4138420474548651,0.1423325439816672,20,2,-0.10586080586080585,1.0,66.2,B,0.289044289044289,4.876970612447689,0.4306126181400849,0.22449607049897505,16,6,0,0.3153846153846154,0.20952380952380953,0.5466200466200466,0.29953379953379955,0.15384615384615385,0.24815905743740796,0.2127107652399481,0.24528301886792453,0.23642439431913115,0.2537313432835821,222,0.2446043165467626,157,False,False,0.5883922200477688,0.004560060886461548,3.3009708737864076,3.679611650485437,103,,,,,,,0.19745605418281867,20,4.7,1.32,53.2,0.0,3.0,49.0,14.0,0.0,0.0,0.0,11.0,SP,16.0,237.0,57.0,14.8,8.22,2.35,9.56,1.34,15.727044166562216,-0.005863392045341476,9,1.0,14.0,6,6,0,0,1.0,3.6567893769811497,0.06350768010481626,0.24611398963730569,0.1744186046511628,0.06976744186046512,0.34994640943193994,0.32289281886388,0.2631578947368421,3.442,0.31025126824534566
695731,Braden Montgomery,L,CWS,5,Sean Manaea,L,640455.0,824559,NYM @ CWS,4:40 PM,21/08,Scheduled,0.5926942718951601,,,,False,0101111010,estimated,0,0,0.0,0,0,0.20489760918389857,0.33321177245896266,0.46126475414198,0.29641603015748696,0.2641844119242479,20,1,-0.0764599638771824,0.968,51.8,C,0.2785412262156448,3.2689235224621025,0.44916116997803607,0.24616848191059928,20,6,0,0.18181818181818182,0.2582781456953642,0.6559196617336153,0.3091966173361522,0.03488372093023256,0.2552594670406732,0.2492836676217765,0.1820580474934037,0.23024523160762944,0.24786324786324787,133,0.22,114,True,False,0.5956773705607087,-0.002983098665548578,3.6166666666666667,4.116666666666666,60,,,,,,,-0.07676418563555194,20,4.22,1.32,111.0,4.0,5.0,113.0,37.0,0.0,0.0,0.0,12.0,RP,26.0,481.0,109.0,18.5,9.16,3.0,8.84,1.3,21.992824161282954,0.0015168392159509159,9,1.0,-7.0,6,7,0,0,0.0,4.230215263215631,0.11052704156912169,0.23737373737373738,0.22566371681415928,0.10619469026548672,0.4189342403628118,0.31855555555555554,0.2357142857142857,4.024,0.31019017288230805
679529,Spencer Torkelson,R,DET,5,Noah Cameron,L,702070.0,824072,DET @ KC,5:10 PM,21/08,Scheduled,0.5921622446473341,,,,False,1111100000,estimated,2,0,0.0,0,0,0.22991890900039022,0.26766172059530813,0.3863226382563754,0.35686680329193865,0.3656410913703252,20,2,0.04851017441860464,1.028,69.9,B,0.2778268551236749,2.975081070059542,0.3616257623393376,0.21970296833419894,20,5,0,0.2578125,0.20930232558139536,0.49800973020787265,0.2901371074745688,0.2118531623175586,0.21329479768786128,0.20577281191806332,0.2127659574468085,0.21046115753636646,0.19369369369369369,255,0.2560386473429952,236,False,False,0.5628514662509424,0.029310778396391735,3.432,3.928,125,,,,,,,-0.0004948465409820077,20,4.16,1.22,138.1,7.0,8.0,126.0,43.0,0.0,0.0,0.0,23.0,SP,24.0,580.0,126.0,24.2,8.2,2.8,8.2,0.91,25.051058982333544,0.022587755352665884,6,0.6666666666666666,15.0,7,6,0,0,-1.0,3.9272051926777802,0.090380471218387,0.22946859903381642,0.3031578947368421,0.10736842105263159,0.4224074074074074,0.34320555555555554,0.22784810126582278,4.024,0.28983121450892146
687551,Drew Gilbert,L,SF,7,Sonny Gray,R,543243.0,824721,SF @ BOS,4:10 PM,21/08,Scheduled,0.5905721277170602,,,,False,0111011000,estimated,0,0,0.0,0,0,0.21425173995421706,0.4196850203471908,0.4456981258896501,0.31541032389552565,0.3170949005031467,20,1,0.06789023521026372,1.063,71.5,B,0.28029121164846593,3.5916194288197607,0.3687887608609703,0.22944844469235434,20,6,0,0.17391304347826086,0.24180327868852458,0.5803432137285491,0.36973478939157567,0.0499219968798752,0.26068821689259647,0.2217741935483871,0.2787456445993031,0.2517162471395881,0.2706766917293233,150,0.20149253731343283,156,False,False,0.5746536471330611,0.01591848058399914,2.696969696969697,3.090909090909091,99,,,,,,,0.0034890480971617077,20,2.65,1.15,132.2,15.0,3.0,117.0,34.0,0.0,0.0,0.0,23.0,SP,23.0,536.0,118.0,23.3,7.94,2.31,8.01,0.88,24.342081059509837,0.0035445389496063795,6,0.75,15.0,7,6,0,0,0.0,3.3049064881732364,0.1186610843777835,0.24624624624624625,0.1566579634464752,0.09138381201044386,0.3437118437118437,0.2972148962148962,0.22641509433962265,3.76,0.308456347396527
572233,Christian Walker,R,HOU,6,J. T. Ginn,R,669372.0,824152,ATH @ HOU,5:10 PM,21/08,Scheduled,0.5900400079223609,-138.0,156.0,58.0,False,1100010000,estimated,6,2,0.3333333333333333,1,2025,0.16916482907407393,0.31211715240724647,0.3295546484480449,0.2260908533727637,0.2671088438497353,20,2,-0.03035876112799188,0.998,64.2,C,0.275844930417495,2.2433283176872787,0.3437237315353901,0.21919703642813992,20,6,0,0.25225225225225223,0.22189349112426035,0.6409362549800797,0.1553784860557769,0.20368525896414344,0.19919110212335692,0.21634615384615385,0.2579710144927536,0.21074727120067172,0.22181818181818183,304,0.2413793103448276,197,False,False,0.5854164967882335,0.0046235111341274004,3.7107438016528924,4.140495867768595,121,,,,,,,-0.07654171714413423,20,3.53,1.22,127.1,8.0,7.0,114.0,53.0,0.0,1.0,1.0,22.0,SP,25.0,533.0,102.0,21.3,8.06,3.75,7.21,0.99,23.869840294466552,0.014839992077639086,5,0.5555555555555556,-10.0,5,6,0,0,0.0,4.135887124429119,0.07800906536259612,0.23820224719101124,0.23138832997987926,0.08048289738430583,0.41818181818181815,0.3059,0.19170984455958548,3.896,0.37172447817528403
669242,Tommy Edman,L,LAD,7,Bubba Chandler,R,696149.0,823911,PIT @ LAD,7:10 PM,21/08,Scheduled,0.5883474434533226,,,,False,0110010011,estimated,0,0,0.0,0,0,0.17570028731176932,0.21596884400414415,0.24930458426380703,0.21441490489850776,0.18408736207496038,20,3,0.059807256235827666,0.973,54.1,C,0.2604517059106199,1.9283948509284898,0.3752958468625052,0.20485898910237982,20,7,0,0.2361111111111111,0.29591836734693877,0.5525554484088717,0.29026036644165865,0.15718418514946964,0.2533136966126657,0.20477815699658702,0.23465703971119134,0.2377902321857486,0.27,110,0.2714285714285714,80,False,False,0.5919141701899041,-0.003566726736581538,3.4,3.8,50,,,,,,,-0.05898607721864146,20,4.23,1.37,121.1,6.0,8.0,108.0,64.0,0.0,0.0,0.0,23.0,SP,24.0,528.0,102.0,22.0,8.01,4.75,7.57,0.74,22.12207198391911,-0.004809943453322529,8,0.8888888888888888,2.0,7,6,0,0,-1.0,3.8312008637930166,0.04809178645771472,0.24178403755868544,0.19271948608137046,0.057815845824411134,0.37475198412698413,0.33155555555555555,0.22950819672131148,3.76,0.32618350577985683
682987,Spencer Jones,L,NYY,6,Mason Fluharty,L,689254.0,823510,TOR @ NYY,4:05 PM,21/08,Scheduled,0.5876440957641109,,,,False,0010110111,estimated,0,0,0.0,0,0,0.25265323056897787,0.3558273564312415,0.5233880978337327,0.39163539016813054,0.3556480576274927,20,1,0.10373325733827302,1.007,93.0,A,0.29550827423167847,4.288467793198914,0.31457719808781,0.24112832543142793,20,2,0,0.3103448275862069,0.2066115702479339,0.49166666666666664,0.4119047619047619,0.09642857142857143,0.25611510791366904,0.23835616438356164,0.1853932584269663,0.2433734939759036,0.2708333333333333,104,0.14814814814814814,64,True,False,0.5876440957641109,0.0,2.8846153846153846,3.230769230769231,52,,,,,,,0.10055013490363059,20,3.71,1.24,51.0,5.0,1.0,56.0,20.0,1.0,0.0,1.0,3.0,RP,67.0,213.0,43.0,3.2,9.88,3.53,7.59,1.06,2.7415480414642843,0.0026559042358890173,5,0.7142857142857143,11.0,5,6,0,0,0.0,3.8305074460664144,0.048877844578248106,0.23684210526315788,0.3314285714285714,0.10857142857142857,0.5638297872340425,0.3222553191489361,0.15384615384615385,3.896,0.2833383289952749
665953,Andrés Chaparro,R,WSH,6,Ryan Gusto,R,687473.0,823830,WSH @ MIA,4:10 PM,21/08,Scheduled,0.5876440957641109,,,,False,1100110110,estimated,0,0,0.0,0,0,0.3175261663644396,0.33897875020470186,0.4767790694989906,0.41808205140171406,0.24264248871133764,20,1,0.05555555555555558,1.0,66.2,B,0.289044289044289,4.876970612447689,0.4306126181400849,0.22449607049897505,16,6,0,0.2222222222222222,0.2777777777777778,0.5466200466200466,0.29953379953379955,0.15384615384615385,0.195852534562212,0.17525773195876287,0.1593625498007968,0.18032786885245902,0.15789473684210525,88,0.36585365853658536,49,False,False,0.5767171825995357,0.01092691316457517,2.1666666666666665,2.537037037037037,54,,,,,,,-0.004740823758265537,20,4.7,1.32,53.2,0.0,3.0,49.0,14.0,0.0,0.0,0.0,11.0,SP,16.0,237.0,57.0,14.8,8.22,2.35,9.56,1.34,15.727044166562216,-0.010988540208555442,9,1.0,14.0,6,6,0,0,1.0,2.9036871615210895,0.06048891756963748,0.20512820512820512,0.22598870056497175,0.0847457627118644,0.4022988505747126,0.27893534482758625,0.2631578947368421,3.896,0.31025126824534566
656775,Cedric Mullins,L,TB,7,Trevor Rogers,L,669432.0,824800,TB @ BAL,4:15 PM,21/08,Scheduled,0.5876440957641109,,,,False,1101111100,estimated,0,0,0.0,0,0,0.23121812947611137,0.23079118595248949,0.34035974101073446,0.2709726684538696,0.14182605953556948,20,1,0.03743194192377497,1.044,61.7,C,0.2822990844354018,3.484507727787618,0.4153323492765008,0.22065443429044732,20,5,0,0.2413793103448276,0.20394736842105263,0.6529262086513995,0.13078880407124682,0.21628498727735368,0.20089001907183726,0.21954887218045113,0.20512820512820512,0.20676253400699574,0.22388059701492538,231,0.19254658385093168,186,False,False,0.5773121293336173,0.010331966430493611,3.447619047619048,3.9714285714285715,105,,,,,,,0.058457345661367385,20,4.15,1.25,125.2,8.0,8.0,108.0,35.0,0.0,0.0,0.0,23.0,SP,23.0,529.0,122.0,23.0,7.73,2.51,8.74,0.93,23.200077804278212,0.014339237569222507,6,0.75,-1.0,6,7,0,0,0.0,3.978201772963664,0.09910064138763257,0.20959595959595959,0.20614035087719298,0.08771929824561403,0.311037527593819,0.23325331125827814,0.17886178861788618,3.76,0.3547221114281947
621566,Matt Olson,L,ATL,3,Jacob Misiorowski,R,694819.0,823746,ATL @ MIL,1:10 PM,21/08,Scheduled,0.5837686163667682,104.0,104.0,49.0,False,1100111010,estimated,0,0,0.0,0,0,0.23443745312365552,0.3782089374202869,0.4123350389363903,0.3352781993230737,0.2910351315887278,20,1,0.013468013468013462,0.97,94.6,A,0.36331658291457286,9.090909477400473,0.3578621576419709,0.4049007675947822,20,6,0,0.25252525252525254,0.265993265993266,0.77526395173454,0.21216691804927099,0.01256913021618904,0.2601980198019802,0.2519913106444605,0.254416961130742,0.25708547199285875,0.2516778523489933,334,0.27411167512690354,223,False,False,0.6303840760122942,-0.046615459645525936,3.8671875,4.3515625,128,,,,,,,-0.10935928909875726,20,1.75,0.75,139.0,12.0,5.0,210.0,31.0,0.0,0.0,0.0,23.0,SP,23.0,527.0,73.0,22.9,13.6,2.01,4.73,0.84,22.845887729658934,0.045731383633231704,4,0.5714285714285714,15.0,7,7,0,0,0.0,4.08315830170131,0.07331319767668938,0.26394849785407726,0.24571428571428572,0.09523809523809523,0.4997032640949555,0.34840652818991097,0.11583011583011583,4.249,0.28897793523681603
667472,Dane Myers,R,CIN,6,Eduardo Rodríguez,L,593958.0,825045,CIN @ AZ,6:40 PM,21/08,Scheduled,0.5837686163667682,,,,False,0010111110,estimated,5,0,0.0,1,2025,0.26979333217597584,0.26521210044708415,0.4465825124324015,0.3315827469042301,0.16903499176528192,20,1,0.01817489770672759,1.0,56.7,C,0.2533726812816189,2.658340065915358,0.3412373141734607,0.1789889094969121,20,6,0,0.26548672566371684,0.24731182795698925,0.6109704641350211,0.1270042194092827,0.2620253164556962,0.23550295857988165,0.2762557077625571,0.25862068965517243,0.2501708817498291,0.2717391304347826,107,0.24561403508771928,132,False,False,0.56927644504826,0.014492171318508218,2.5121951219512195,2.9146341463414633,82,,,,,,,-0.01997342761565831,20,2.71,1.21,149.1,12.0,4.0,106.0,47.0,0.0,0.0,0.0,25.0,SP,25.0,613.0,134.0,24.5,6.39,2.83,8.08,0.84,24.85761391892604,-0.022448616366768204,5,0.7142857142857143,24.0,6,8,0,0,-3.0,3.6038755012324684,0.11791808161869487,0.22039473684210525,0.25501432664756446,0.11174785100286533,0.39224806201550383,0.30252790697674414,0.23333333333333334,3.896,0.29649873378810815
687093,Vaughn Grissom,R,LAA,6,Mackenzie Gore,L,669022.0,822857,LAA @ TEX,5:15 PM,21/08,Scheduled,0.5837686163667682,,,,False,0110101101,estimated,12,5,0.4166666666666667,1,2024,0.22234514102763744,0.33400887506666427,0.3253662318631804,0.3336873021404033,0.31627239253228845,20,1,0.00835421888053467,0.964,64.9,C,0.2729957805907173,3.270439792491694,0.38724145377278074,0.2523690830822124,20,6,0,0.25396825396825395,0.24561403508771928,0.593077247783875,0.28704094554664417,0.1198818066694808,0.22864117168429618,0.22638680659670166,0.24175824175824176,0.22959889349930843,0.25,187,0.24806201550387597,142,False,False,0.595789649587247,-0.01202103322047876,3.5357142857142856,3.9166666666666665,84,,,,,,,0.15452413897195674,20,4.45,1.26,139.2,7.0,9.0,154.0,51.0,0.0,0.0,0.0,26.0,SP,26.0,597.0,125.0,23.0,9.92,3.29,8.05,1.16,23.62511154416514,0.022631383633231694,8,0.8888888888888888,7.0,6,6,0,0,0.0,4.107816836601405,0.028948015671581562,0.23039215686274508,0.1973392461197339,0.06651884700665188,0.36295715778474397,0.31553605015673986,0.22580645161290322,3.896,0.32140420764430694
683737,Michael Busch,L,CHC,4,Emerson Hancock,R,676106.0,823101,CHC @ SEA,7:10 PM,21/08,Scheduled,0.5837686163667682,,,,False,1101111010,estimated,0,0,0.0,0,0,0.23379147880769616,0.3104314173467571,0.337916298992746,0.29627064758975585,0.1907738745287067,20,2,-0.06364074057863175,0.906,55.7,C,0.2560914967677772,3.30339647310529,0.4173747664060709,0.2196416768415961,20,6,0,0.2835820895522388,0.21994134897360704,0.7422731804586241,0.20787637088733799,0.049850448654037885,0.22424892703862662,0.24878048780487805,0.19402985074626866,0.22874058127018299,0.24814814814814815,316,0.22439024390243903,245,False,False,0.5876440957641109,-0.0038754793973426738,3.8,4.488,125,,,,,,,0.024106639149327855,20,3.3,1.11,128.0,7.0,7.0,119.0,32.0,0.0,0.0,0.0,23.0,SP,23.0,516.0,110.0,22.4,8.37,2.25,7.73,1.13,22.764346506381035,0.009898050299898431,6,0.75,-14.0,6,6,0,0,-2.0,4.260786921533619,0.05489169679121637,0.24342105263157895,0.22407407407407406,0.12222222222222222,0.3892537313432836,0.3188865671641791,0.23048327137546468,4.159,0.36684580978134823
695600,Carter Jensen,L,KC,4,Troy Melton,R,675512.0,824072,DET @ KC,5:10 PM,21/08,Scheduled,0.5835793026614532,,,,False,0000001111,estimated,0,0,0.0,0,0,0.15200768063302367,0.31663866211400316,0.5221787686054995,0.23199214354768669,0.3027199992842085,20,2,0.043956043956043966,1.028,76.5,B,0.27942353883106485,3.0507859461158793,0.3500852046856267,0.23209108768820572,14,6,0,0.18681318681318682,0.23076923076923078,0.655724579663731,0.23298638911128902,0.11128903122497999,0.18621778011572857,0.20411985018726592,0.22696245733788395,0.199663959675161,0.21739130434782608,277,0.22699386503067484,196,False,False,0.5813637543437942,0.002215548317659022,3.5254237288135593,4.008474576271187,118,,,,,,,-0.20020899855631447,20,1.49,0.96,84.1,7.0,1.0,73.0,25.0,0.0,0.0,0.0,14.0,SP,14.0,329.0,56.0,23.5,7.79,2.67,5.98,0.85,23.310422085347668,0.016309586227435724,9,1.0,-5.0,6,7,0,0,0.0,4.128783962296704,0.15860948799450084,0.21342925659472423,0.2917547568710359,0.1014799154334038,0.4330943847072879,0.2868709677419355,0.20114942528735633,4.159,0.2834937672091071
805367,Chase Meidroth,R,CWS,7,Sean Manaea,L,640455.0,824559,NYM @ CWS,4:40 PM,21/08,Scheduled,0.5815887086974768,,,,False,1111100110,estimated,0,0,0.0,0,0,0.23411893961087868,0.3085158598400234,0.3515429706748901,0.28606486023339606,0.21967133837160152,20,1,0.014153859742095043,0.968,51.8,C,0.2785412262156448,3.2689235224621025,0.44916116997803607,0.24616848191059928,20,6,0,0.28104575163398693,0.2668918918918919,0.6559196617336153,0.3091966173361522,0.03488372093023256,0.25905030559473435,0.254341164453524,0.2549450549450549,0.25763091570988517,0.27091633466135456,287,0.2727272727272727,223,False,False,0.5804232075319756,0.0011655011655011815,3.7107438016528924,4.214876033057851,121,,,,,,,0.1031123640449762,20,4.22,1.32,111.0,4.0,5.0,113.0,37.0,0.0,0.0,0.0,12.0,RP,26.0,481.0,109.0,18.5,9.16,3.0,8.84,1.3,21.992824161282954,-0.005699819808587914,9,1.0,-7.0,6,7,0,0,0.0,4.246272474780029,0.08399480605518611,0.2811791383219955,0.2222222222222222,0.09722222222222222,0.35921985815602836,0.31210182370820666,0.26666666666666666,3.76,0.31019017288230805
702222,Justin Crawford,L,PHI,9,,R,,823420,STL @ PHI,3:40 PM,21/08,Scheduled,0.5815887086974768,,,,False,1101101111,estimated,0,0,0.0,0,0,0.3727615971608873,0.2985698219096696,0.4101559717801241,0.4166384544761398,0.07396943376581713,20,2,0.07419354838709674,1.009,,,,,,,0,0,0,0.2,0.27419354838709675,,,,0.2540792540792541,0.2878464818763326,0.25793650793650796,0.26218905472636816,0.28735632183908044,188,0.2469879518072289,182,True,False,0.5576544566022371,0.023934252095239694,3.0088495575221237,3.274336283185841,113,,,,,,,0.22753820790670654,20,,,,,,,,,,,,,,,,,,,,,,-0.0063137086974768275,4,0.5,30.0,7,5,0,0,0.0,3.1082398625988903,0.035610140197796916,0.26420454545454547,0.18848167539267016,0.05759162303664921,0.3523809523809524,0.30775714285714284,,3.442,0.295200673129295
571970,Max Muncy,L,LAD,4,Bubba Chandler,R,696149.0,823911,PIT @ LAD,7:10 PM,21/08,Scheduled,0.5794920370029087,,,,False,1101101110,estimated,0,0,0.0,0,0,0.20543129828303888,0.31095862274972924,0.6077353905838663,0.32717957286534943,0.3199174348820564,20,2,0.0040610854943102515,0.973,54.1,C,0.2604517059106199,1.9283948509284898,0.3752958468625052,0.20485898910237982,20,7,0,0.24675324675324675,0.250814332247557,0.5525554484088717,0.29026036644165865,0.15718418514946964,0.26435877261998425,0.22341463414634147,0.2457757296466974,0.24551303758889265,0.271889400921659,245,0.2215568862275449,192,False,False,0.5837686163667682,-0.004276579363859501,3.310344827586207,3.7672413793103448,116,,,,,,,-0.08037111838273205,20,4.23,1.37,121.1,6.0,8.0,108.0,64.0,0.0,0.0,0.0,23.0,SP,24.0,528.0,102.0,22.0,8.01,4.75,7.57,0.74,22.12207198391911,-0.005567037002908837,8,0.8888888888888888,2.0,7,6,0,0,-1.0,3.4015622355312556,0.05716629684284599,0.25699745547073793,0.2577777777777778,0.1111111111111111,0.4620938628158845,0.3265126353790614,0.22950819672131148,4.159,0.32618350577985683
643217,Andrew Benintendi,L,CWS,4,Sean Manaea,L,640455.0,824559,NYM @ CWS,4:40 PM,21/08,Scheduled,0.578897090268827,,,,False,0011101011,estimated,0,0,0.0,0,0,0.28221807442999947,0.3393639749278732,0.4197010941989627,0.4031305314290546,0.22529399308538298,20,1,-0.02937013446567588,0.968,51.8,C,0.2785412262156448,3.2689235224621025,0.44916116997803607,0.24616848191059928,20,6,0,0.2222222222222222,0.2515923566878981,0.6559196617336153,0.3091966173361522,0.03488372093023256,0.24158563949139866,0.22406639004149378,0.21928166351606806,0.23245109321058688,0.23529411764705882,225,0.27007299270072993,155,False,False,0.5837686163667682,-0.004871526097941281,3.044642857142857,3.392857142857143,112,,,,,,,0.1763080113976948,20,4.22,1.32,111.0,4.0,5.0,113.0,37.0,0.0,0.0,0.0,12.0,RP,26.0,481.0,109.0,18.5,9.16,3.0,8.84,1.3,21.992824161282954,0.002725131953395299,9,1.0,-7.0,6,7,0,0,0.0,3.098582659077179,0.0864644011103323,0.23978201634877383,0.24754901960784315,0.08088235294117647,0.44956140350877194,0.31341604010025065,0.2357142857142857,4.159,0.31019017288230805
814439,Ryan Waldschmidt,R,AZ,9,Nick Lodolo,L,666157.0,825045,CIN @ AZ,6:40 PM,21/08,Scheduled,0.5786531687920287,,,,False,0010001011,estimated,0,0,0.0,0,0,0.2801395588092786,0.32898381945668614,0.20373399855554108,0.32138755810890196,0.15249586899160522,20,2,0.20871327254305974,1.0,40.1,D,0.26422764227642276,2.094740847228031,0.39522424662760747,0.18836451383446226,14,5,0,0.42857142857142855,0.2198581560283688,0.5203252032520326,0.24390243902439024,0.23577235772357724,0.2568149210903874,0.2642706131078224,0.2152777777777778,0.25455927051671734,0.24299065420560748,114,0.32222222222222224,108,True,False,0.5576544566022371,0.020998712189791546,3.283333333333333,3.7,60,,,,,,,0.020961769203025588,20,4.52,1.42,71.2,3.0,2.0,57.0,29.0,0.0,0.0,0.0,14.0,SP,14.0,316.0,73.0,22.6,7.16,3.64,9.17,1.51,22.24663468750609,-0.015069835458695224,6,0.75,17.0,7,6,0,0,-3.0,3.792479722576813,0.10750995791857679,0.2766990291262136,0.2826086956521739,0.06086956521739131,0.3333333333333333,0.33599290780141844,0.25742574257425743,3.442,0.3304239895378791
543807,George Springer,R,TOR,4,Cam Schlittler,R,693645.0,823510,TOR @ NYY,4:05 PM,21/08,Scheduled,0.578529126530404,,,,False,1110000101,estimated,10,3,0.3,1,2025,0.22858156665646526,0.2802175725031419,0.24272172378673856,0.3153875712984814,0.1773126506548946,20,1,0.023616734143049933,1.007,68.9,B,0.2963583089158644,4.710334010542249,0.4132230276930294,0.33232278275700694,20,6,0,0.21929824561403508,0.242914979757085,0.90020964360587,0.09979035639412998,0.0,0.2326975476839237,0.23413111342351717,0.19035532994923857,0.22789968652037618,0.22072072072072071,254,0.2589928057553957,155,False,False,0.6121152475163898,-0.03358612098598579,3.8,4.3052631578947365,95,,,,,,,-0.22970906677141145,20,2.19,0.94,152.0,10.0,6.0,189.0,34.0,0.0,0.0,0.0,26.0,SP,26.0,602.0,109.0,23.2,11.19,2.01,6.45,0.83,23.295032856228406,0.0503708734695959,3,0.375,2.0,6,6,0,0,0.0,3.7928457043372314,0.07759944043222516,0.25820568927789933,0.18846153846153846,0.1,0.4052924791086351,0.2972005571030641,0.18981481481481483,4.159,0.2760397804790795
691594,Javier Sanoja,R,MIA,8,Brad Lord,R,695418.0,823830,WSH @ MIA,4:10 PM,21/08,Scheduled,0.578529126530404,,,,False,1110001111,estimated,0,0,0.0,0,0,0.33635493365778785,0.2901985489382928,0.2830897617068683,0.37098171507075484,0.09354234934463532,20,2,-0.028667585759467984,1.0,50.4,C,0.2689844464775846,1.5987325419546696,0.3626970217666058,0.2207129928965606,20,6,0,0.2966101694915254,0.2679425837320574,0.5965073529411765,0.359375,0.04411764705882353,0.27281947261663286,0.27639751552795033,0.2885572139303483,0.27589967284623773,0.2839506172839506,171,0.2727272727272727,178,False,False,0.5854641880948197,-0.006935061564415701,3.2058823529411766,3.4215686274509802,102,,,,,,,0.14871843503486656,20,4.04,1.25,62.1,5.0,2.0,57.0,25.0,1.0,1.0,2.0,3.0,RP,30.0,269.0,53.0,9.0,8.23,3.61,7.65,1.01,8.892515646487634,0.008595873469596005,8,1.0,4.0,7,6,0,0,0.0,3.4062197091740543,0.049856404019942,0.2619047619047619,0.08188585607940446,0.052109181141439205,0.3154589371980676,0.26896690821256036,0.18181818181818182,3.598,0.3142328583844634
665877,José Fermín,R,STL,7,Jesús Luzardo,L,666200.0,823420,STL @ PHI,3:40 PM,21/08,Scheduled,0.578529126530404,,,,False,0110100111,estimated,0,0,0.0,0,0,0.3144660024539857,0.3714695144957215,0.36156733969518434,0.3667749852155313,0.09927846734520404,20,1,0.07292059422366337,1.009,98.2,A,0.3281378178835111,4.153463133192454,0.3325694896631574,0.31177090833639565,20,6,0,0.2751677852348993,0.20224719101123595,0.43150123051681705,0.38187038556193603,0.18662838392124692,0.2565130260521042,0.2542372881355932,0.27699530516431925,0.25832376578645233,0.24369747899159663,133,0.25210084033613445,139,False,False,0.594354202974844,-0.01582507644443998,2.7045454545454546,3.090909090909091,88,,,,,,,-0.02999245772442144,20,3.23,1.15,150.1,11.0,5.0,185.0,46.0,0.0,0.0,0.0,25.0,SP,25.0,621.0,127.0,24.8,11.08,2.75,7.6,0.72,25.61276122713265,0.006833373469596005,8,1.0,-11.0,7,8,0,0,0.0,3.157288062554525,0.13346512425269857,0.24600638977635783,0.12359550561797752,0.0898876404494382,0.3141263940520446,0.2765055762081784,0.2517985611510791,3.76,0.33164086644129775
701358,Cam Smith,R,HOU,8,J. T. Ginn,R,669372.0,824152,ATH @ HOU,5:10 PM,21/08,Scheduled,0.5763186357781236,,,,False,1011010100,estimated,5,1,0.2,1,2025,0.22749146810638995,0.3201453396998606,0.438655313659656,0.3492903348476424,0.2672750801040209,20,1,-0.003947368421052644,0.998,64.2,C,0.275844930417495,2.2433283176872787,0.3437237315353901,0.21919703642813992,20,6,0,0.225,0.22105263157894736,0.6409362549800797,0.1553784860557769,0.20368525896414344,0.2236503856041131,0.2167707404103479,0.1875,0.21627756160830092,0.21304347826086956,255,0.2342857142857143,198,False,False,0.5693835742137079,0.006935061564415701,3.4615384615384617,3.871794871794872,117,,,,,,,0.04648011793265816,20,3.53,1.22,127.1,8.0,7.0,114.0,53.0,0.0,1.0,1.0,22.0,SP,25.0,533.0,102.0,21.3,8.06,3.75,7.21,0.99,23.869840294466552,0.005501364221876415,5,0.5555555555555556,-10.0,5,6,0,0,0.0,3.935757139444482,0.028453453548575147,0.2216867469879518,0.23706896551724138,0.07543103448275862,0.454535519125683,0.3269016393442623,0.19170984455958548,3.598,0.37172447817528403
701675,Nathan Church,L,STL,6,Jesús Luzardo,L,666200.0,823420,STL @ PHI,3:40 PM,21/08,Scheduled,0.5746536471330611,,,,False,0111100111,estimated,0,0,0.0,0,0,0.2605733007518679,0.29879206895783816,0.2174068001203179,0.33567415293293734,0.156980127672267,20,1,-0.03952648475120385,1.009,98.2,A,0.3281378178835111,4.153463133192454,0.3325694896631574,0.31177090833639565,20,6,0,0.19642857142857142,0.23595505617977527,0.43150123051681705,0.38187038556193603,0.18662838392124692,0.26069078947368424,0.2309124767225326,0.27358490566037735,0.2549109182275011,0.29239766081871343,187,0.15789473684210525,165,False,False,0.5942524549735176,-0.019598807840456534,3.23,3.52,100,,,,,,,0.15793697140777832,20,3.23,1.15,150.1,11.0,5.0,185.0,46.0,0.0,0.0,0.0,25.0,SP,25.0,621.0,127.0,24.8,11.08,2.75,7.6,0.72,25.61276122713265,0.027596352866938845,8,1.0,-11.0,7,8,0,0,0.0,3.8502091699435903,0.05080114631733988,0.22955145118733508,0.20334928229665072,0.05502392344497608,0.31439909297052154,0.29246258503401357,0.15384615384615385,3.896,0.33164086644129775
687263,Zach Neto,R,LAA,4,Mackenzie Gore,L,669022.0,822857,LAA @ TEX,5:15 PM,21/08,Scheduled,0.5746536471330611,,,,False,1010100111,estimated,10,2,0.2,1,2024,0.2360551020088507,0.26432533627577953,0.39476936856350636,0.2836788040286423,0.25785110052732174,20,1,-0.017461543030231036,0.964,64.9,C,0.2729957805907173,3.270439792491694,0.38724145377278074,0.2523690830822124,20,6,0,0.2214765100671141,0.23893805309734514,0.593077247783875,0.28704094554664417,0.1198818066694808,0.2356902356902357,0.2139945652173913,0.23670886075949368,0.22901816509542425,0.2356687898089172,349,0.22988505747126436,200,False,False,0.5830810385434276,-0.008427391410366525,3.967479674796748,4.463414634146342,123,,,,,,,-0.02588082948614169,20,4.45,1.26,139.2,7.0,9.0,154.0,51.0,0.0,0.0,0.0,26.0,SP,26.0,597.0,125.0,23.0,9.92,3.29,8.05,1.16,23.62511154416514,0.02325885286693896,8,0.8888888888888888,7.0,6,6,0,0,0.0,4.400690411185822,0.05273102955147545,0.2231578947368421,0.31902985074626866,0.09514925373134328,0.3958333333333333,0.3071546052631579,0.22580645161290322,4.159,0.32140420764430694
677649,Ezequiel Duran,R,TEX,5,Reid Detmers,L,672282.0,822857,LAA @ TEX,5:15 PM,21/08,Scheduled,0.5718423932230247,,,,False,1100100101,estimated,25,3,0.12,1,2022,0.25382506800671945,0.2860884615862714,0.4395788750727943,0.378656217007366,0.32044206988382645,20,1,0.059392987964416555,0.964,76.4,B,0.3083910034602076,4.1346022807815075,0.40431736298505105,0.30752254277005325,20,6,0,0.3076923076923077,0.24829931972789115,0.4699003897791252,0.43265482893027285,0.097444781290602,0.24325842696629213,0.24440298507462688,0.21035598705501618,0.23991172761664564,0.24896265560165975,272,0.28823529411764703,183,False,False,0.5979855826170047,-0.026143189393980082,3.543103448275862,3.9224137931034484,116,,,,,,,0.07242604442056694,20,3.78,1.06,143.0,4.0,8.0,167.0,43.0,0.0,0.0,0.0,25.0,SP,25.0,579.0,108.0,23.2,10.51,2.71,6.8,1.07,22.611019141923713,0.024900463919832472,7,0.875,0.0,6,6,0,0,0.0,4.0685233359179955,0.11336467634533642,0.2619047619047619,0.23427331887201736,0.06724511930585683,0.3641025641025641,0.3211266025641026,0.20256410256410257,4.024,0.29154318969235227
676724,Jared Young,L,NYM,6,Sean Burke,R,680732.0,824559,NYM @ CWS,4:40 PM,21/08,Scheduled,0.5718423932230247,,,,False,0111111001,estimated,0,0,0.0,0,0,0.292753000857746,0.27057183322647954,0.4484231666424264,0.3554325733450323,0.14977210435388755,20,2,0.12229849987287061,0.968,77.1,B,0.30350022153300843,3.783898208365373,0.38117321288885875,0.28924177290657405,20,5,0,0.15789473684210525,0.28019323671497587,0.6015070921985816,0.3772163120567376,0.02127659574468085,0.265466816647919,0.2466281310211946,0.2608695652173913,0.2586002372479241,0.3007518796992481,142,0.22580645161290322,110,False,False,0.6047153051156391,-0.03287291189261443,2.973684210526316,3.3157894736842106,76,,,,,,,0.19982179678141954,20,3.15,1.11,140.0,7.0,6.0,154.0,42.0,0.0,0.0,0.0,21.0,SP,25.0,571.0,113.0,22.8,9.9,2.7,7.26,1.03,23.203170867394938,0.03590046391983248,7,0.7,4.0,7,6,0,0,-1.0,3.700309515686092,0.04519347713545473,0.23795180722891565,0.23056300268096513,0.08042895442359249,0.44959349593495934,0.2957357723577236,0.22039473684210525,3.896,0.29359396392552123
683734,Andrew Vaughn,R,MIL,5,Chris Sale,L,519242.0,823746,ATL @ MIL,1:10 PM,21/08,Scheduled,0.5718423932230247,,,,False,0010101111,estimated,7,2,0.2857142857142857,1,2023,0.32908379840977786,0.36348101998994903,0.47148389620136577,0.43725946468389504,0.20337399827197622,20,2,0.057772337821297426,0.97,81.7,A,0.32483156881616937,6.931694951758693,0.3543554792415561,0.33488557535207875,20,7,0,0.3368421052631579,0.27906976744186046,0.49350024073182475,0.3943187289359653,0.11218103033220991,0.30794341675734493,0.27740863787375414,0.31277533039647576,0.3017583664208735,0.28,147,0.3333333333333333,116,False,False,0.618133957218487,-0.046291563995462304,2.765432098765432,3.246913580246914,81,,,,,,,0.2139844102945954,20,2.16,1.02,129.0,12.0,8.0,160.0,28.0,0.0,0.0,0.0,22.0,SP,22.0,517.0,103.0,23.5,11.16,1.95,7.19,0.56,23.296430026314393,0.03270760677697537,4,0.5714285714285714,2.0,7,6,0,0,0.0,3.585910447703814,0.10555372982173322,0.2910662824207493,0.15346534653465346,0.10396039603960396,0.4172514619883041,0.31040350877192985,0.20612813370473537,4.024,0.29178445587492335
691458,Blaze Jordan,R,STL,8,Jesús Luzardo,L,666200.0,823420,STL @ PHI,3:40 PM,21/08,Scheduled,0.5711524675897456,,,,False,1001111010,estimated,0,0,0.0,0,0,0.2311075638908982,0.34513778731530254,0.3744489550676991,0.3470330764387703,0.17339932681783185,20,1,0.06126202603282402,1.009,98.2,A,0.3281378178835111,4.153463133192454,0.3325694896631574,0.31177090833639565,20,6,0,0.27631578947368424,0.21505376344086022,0.43150123051681705,0.38187038556193603,0.18662838392124692,0.22459016393442624,0.26253687315634217,0.18699186991869918,0.23255813953488372,0.23711340206185566,100,0.25,81,True,False,0.5997769498992143,-0.02862448230946868,3.3137254901960786,3.549019607843137,51,,,,,,,0.04698331574164167,20,3.23,1.15,150.1,11.0,5.0,185.0,46.0,0.0,0.0,0.0,25.0,SP,25.0,621.0,127.0,24.8,11.08,2.75,7.6,0.72,25.61276122713265,0.014560032410254387,8,1.0,-11.0,7,8,0,0,0.0,3.529122672359303,0.045391398238263804,0.25333333333333335,0.1375,0.03125,0.4479166666666667,0.3088515625,0.2517985611510791,3.598,0.33164086644129775
664954,Brett Sullivan,L,COL,8,Joey Cantillo,L,676282.0,824317,CLE @ COL,5:40 PM,21/08,Scheduled,0.5698595910860061,,,,False,0101101100,estimated,0,0,0.0,0,0,0.2256666055142823,0.27421279739851645,0.3389545246296483,0.263474400499417,0.11429702467242067,20,2,0.24586288416075647,1.148,60.5,C,0.3166590178981184,2.8793017620483576,0.41664926818831644,0.28873878610554304,20,6,0,0.4444444444444444,0.19858156028368795,0.39981617647058826,0.3446691176470588,0.2555147058823529,0.22693726937269373,0.204,0.24647887323943662,0.22611464968152867,0.2261904761904762,92,0.25,92,False,False,0.5356637151382316,0.03419587594777451,2.847457627118644,3.1186440677966103,59,,,,,,,-0.14090580914467601,20,3.8,1.44,125.2,9.0,7.0,139.0,59.0,0.0,0.0,0.0,26.0,SP,26.0,542.0,122.0,20.8,9.95,4.23,8.74,1.07,20.508010062888584,0.023365408913993857,4,0.5,16.0,7,6,0,0,0.0,3.1696285175365917,0.10644671030567385,0.23728813559322035,0.18808777429467086,0.0438871473354232,0.3148936170212766,0.2455872340425532,0.23931623931623933,3.598,0.31444815016719074
806146,George Lombard,R,NYY,7,Mason Fluharty,L,689254.0,823510,TOR @ NYY,4:05 PM,21/08,Scheduled,0.5695381995583216,,,,False,0110011110,estimated,0,0,0.0,0,0,0.31489199977637866,0.3544429800558762,0.38149428749908065,0.41414418057292574,0.23954229317604078,14,1,0.3441860465116279,1.007,93.0,A,0.29550827423167847,4.288467793198914,0.31457719808781,0.24112832543142793,20,2,0,0.6,0.2558139534883721,0.49166666666666664,0.4119047619047619,0.09642857142857143,0.28,0.25,0.0,0.2492836676217765,0.23076923076923078,30,0.36363636363636365,24,True,False,0.5576544566022371,0.01188374295608452,3.4285714285714284,3.857142857142857,14,,,,,,,0.15176578493182644,14,3.71,1.24,51.0,5.0,1.0,56.0,20.0,1.0,0.0,1.0,3.0,RP,67.0,213.0,43.0,3.2,9.88,3.53,7.59,1.06,2.7415480414642843,-0.01083819955832166,5,0.7142857142857143,11.0,5,6,0,0,0.0,3.848257265603849,0.0868170667896139,,,,,,0.3176470588235294,3.76,0.2833383289952749
699013,Esmerlyn Valdez,R,PIT,3,Yoshinobu Yamamoto,R,808967.0,823911,PIT @ LAD,7:10 PM,21/08,Scheduled,0.5695381995583216,,,,False,0111111000,estimated,0,0,0.0,0,0,0.1742058243141324,0.27671873387871165,0.4085860383691635,0.3492876749939617,0.41001241244027825,20,2,0.0017115960633290461,0.973,84.3,A,0.2930951231289232,3.709619790964891,0.35996946039974076,0.2520615023765238,20,7,0,0.24390243902439024,0.24561403508771928,0.5472154963680388,0.18595641646489103,0.26682808716707024,0.2222222222222222,0.21767241379310345,0.19066147859922178,0.2184115523465704,0.24347826086956523,138,0.24691358024691357,97,True,False,0.5813637543437942,-0.011825554785472536,3.3220338983050848,3.983050847457627,59,,,,,,,-0.06842660650102482,20,2.6,0.89,145.1,12.0,7.0,136.0,34.0,0.0,0.0,0.0,22.0,SP,22.0,556.0,96.0,25.3,8.42,2.11,5.94,0.93,25.677116021380222,0.02426180044167847,5,0.7142857142857143,13.0,7,6,0,0,-3.0,4.231443216249826,0.15055112085816755,0.25824175824175827,0.35454545454545455,0.15454545454545454,0.4703525641025641,0.3627403846153846,0.19166666666666668,4.249,0.31797911463806594
699393,Pedro Ramírez,L,CHC,7,Emerson Hancock,R,676106.0,823101,CHC @ SEA,7:10 PM,21/08,Scheduled,0.56927644504826,,,,False,1001011010,estimated,0,0,0.0,0,0,0.1859288325027799,0.34525838836234746,0.352854671620071,0.27478829355379175,0.2997391157476243,20,2,-0.0013106159895150404,0.906,55.7,C,0.2560914967677772,3.30339647310529,0.4173747664060709,0.2196416768415961,20,6,0,0.2857142857142857,0.28440366972477066,0.7422731804586241,0.20787637088733799,0.049850448654037885,0.2979214780600462,0.2723404255319149,0.2865853658536585,0.2875739644970414,0.2711864406779661,65,0.2948717948717949,87,True,False,0.5746536471330611,-0.00537720208480108,2.74,3.04,50,,,,,,,-0.15692922502793863,20,3.3,1.11,128.0,7.0,7.0,119.0,32.0,0.0,0.0,0.0,23.0,SP,23.0,516.0,110.0,22.4,8.37,2.25,7.73,1.13,22.764346506381035,-0.00200977838159333,6,0.75,-14.0,6,6,0,0,-2.0,3.3716049686685223,0.09094630682976365,0.30303030303030304,0.17123287671232876,0.07534246575342465,0.43457943925233644,0.30997196261682247,0.23048327137546468,3.76,0.36684580978134823
682663,Agustín Ramírez,R,MIA,6,Brad Lord,R,695418.0,823830,WSH @ MIA,4:10 PM,21/08,Scheduled,0.5691211914725601,,,,False,1101000110,estimated,0,0,0.0,0,0,0.24933146770482675,0.31353665041853385,0.46461546179175334,0.40045345057418263,0.3016144725024468,20,3,-0.010869565217391297,1.0,50.4,C,0.2689844464775846,1.5987325419546696,0.3626970217666058,0.2207129928965606,20,6,0,0.25,0.2391304347826087,0.5965073529411765,0.359375,0.04411764705882353,0.23547880690737832,0.2888198757763975,0.2967741935483871,0.2594254937163375,0.24096385542168675,97,0.2459016393442623,67,False,False,0.5752798169886323,-0.006158625516072158,3.3488372093023258,3.813953488372093,43,,,,,,,-0.09243676752555412,20,4.04,1.25,62.1,5.0,2.0,57.0,25.0,1.0,1.0,2.0,3.0,RP,30.0,269.0,53.0,9.0,8.23,3.61,7.65,1.01,8.892515646487634,0.0004288085274398723,8,1.0,4.0,7,6,0,0,0.0,3.357946903573297,0.1694428904527401,0.22272727272727272,0.20977596741344195,0.07128309572301425,0.443620178041543,0.3068152818991098,0.18181818181818182,3.896,0.3142328583844634
695657,Colson Montgomery,L,CWS,6,Sean Manaea,L,640455.0,824559,NYM @ CWS,4:40 PM,21/08,Scheduled,0.5679669138256819,,,,False,1010011110,estimated,0,0,0.0,0,0,0.2188102430231719,0.30963472327521974,0.39797097245914786,0.41746627112934376,0.42480866098742354,20,1,0.03925729442970824,0.968,51.8,C,0.2785412262156448,3.2689235224621025,0.44916116997803607,0.24616848191059928,20,6,0,0.24615384615384617,0.20689655172413793,0.6559196617336153,0.3091966173361522,0.03488372093023256,0.21364357482813326,0.19527235354573483,0.23348017621145375,0.21302130213021303,0.2480916030534351,292,0.17647058823529413,211,False,False,0.5672769881924027,0.000689925633279187,3.773109243697479,4.226890756302521,119,,,,,,,0.0754191359087139,20,4.22,1.32,111.0,4.0,5.0,113.0,37.0,0.0,0.0,0.0,12.0,RP,26.0,481.0,109.0,18.5,9.16,3.0,8.84,1.3,21.992824161282954,0.003644197285429196,9,1.0,-7.0,6,7,0,0,0.0,4.201655209263624,0.07261429710036199,0.20575221238938052,0.33201581027667987,0.07509881422924901,0.4183098591549296,0.3222605633802817,0.2357142857142857,3.896,0.31019017288230805
553993,Eugenio Suárez,R,CIN,5,Eduardo Rodríguez,L,593958.0,825045,CIN @ AZ,6:40 PM,21/08,Scheduled,0.5663381834269433,,,,False,0110110001,estimated,8,2,0.25,1,2022,0.29890895334488965,0.3709334022708287,0.4505109088266248,0.39562916006949367,0.31540197723049557,20,1,-0.01022505395128967,1.0,56.7,C,0.2533726812816189,2.658340065915358,0.3412373141734607,0.1789889094969121,20,6,0,0.20270270270270271,0.21292775665399238,0.6109704641350211,0.1270042194092827,0.2620253164556962,0.20813232253618194,0.21301775147928995,0.18888888888888888,0.20747372518489685,0.22772277227722773,224,0.18518518518518517,156,False,False,0.5316475803128142,0.03469060311412908,3.5104166666666665,3.9583333333333335,96,,,,,,,-0.05308202739499621,20,2.71,1.21,149.1,12.0,4.0,106.0,47.0,0.0,0.0,0.0,25.0,SP,25.0,613.0,134.0,24.5,6.39,2.83,8.08,0.84,24.85761391892604,-0.024698183426943188,5,0.7142857142857143,24.0,6,8,0,0,-3.0,3.7049920998929187,0.11803136093025653,0.2073732718894009,0.36382536382536385,0.08316008316008316,0.38545688545688545,0.31757207207207205,0.23333333333333334,4.024,0.29649873378810815
681393,Connor Norby,R,COL,6,Joey Cantillo,L,676282.0,824317,CLE @ COL,5:40 PM,21/08,Scheduled,0.5661648477549254,,,,False,0000011111,estimated,0,0,0.0,0,0,0.23150747952428424,0.33829221236631407,0.3998249434192699,0.41428101326761346,0.3581074962851838,20,2,-0.028273809523809534,1.148,60.5,C,0.3166590178981184,2.8793017620483576,0.41664926818831644,0.28873878610554304,20,6,0,0.19047619047619047,0.21875,0.39981617647058826,0.3446691176470588,0.2555147058823529,0.17786069651741293,0.17473684210526316,0.196,0.17938682322243965,0.2222222222222222,151,0.1958762886597938,109,False,False,0.5332230956303596,0.03294175212456574,3.0972222222222223,3.611111111111111,72,,,,,,,0.031248230694762534,20,3.8,1.44,125.2,9.0,7.0,139.0,59.0,0.0,0.0,0.0,26.0,SP,26.0,542.0,122.0,20.8,9.95,4.23,8.74,1.07,20.508010062888584,0.034035152245074585,4,0.5,16.0,7,6,0,0,0.0,3.2149792926837577,0.10117401243431186,0.2268041237113402,0.2747747747747748,0.0945945945945946,0.36716791979949875,0.3150375939849624,0.2611111111111111,3.896,0.31444815016719074
694378,Jacob Gonzalez,L,PIT,7,Yoshinobu Yamamoto,R,808967.0,823911,PIT @ LAD,7:10 PM,21/08,Scheduled,0.5629245295215904,,,,False,1010110001,estimated,0,0,0.0,0,0,0.26203708844721213,0.3072916185590794,0.26628119335147976,0.28968665371371105,0.1116476798477172,20,2,0.017006802721088454,0.973,84.3,A,0.2930951231289232,3.709619790964891,0.35996946039974076,0.2520615023765238,20,7,0,0.21428571428571427,0.23129251700680273,0.5472154963680388,0.18595641646489103,0.26682808716707024,0.2,0.19655172413793104,0.22429906542056074,0.20211827007943514,0.1827956989247312,100,0.29411764705882354,75,True,False,0.5832365891189422,-0.020312059597351717,2.7288135593220337,2.9661016949152543,59,,,,,,,-0.14569129761052843,20,2.6,0.89,145.1,12.0,7.0,136.0,34.0,0.0,0.0,0.0,22.0,SP,22.0,556.0,96.0,25.3,8.42,2.11,5.94,0.93,25.677116021380222,0.0033354704784095413,5,0.7142857142857143,13.0,7,6,0,0,-3.0,2.63613067262365,0.01271889736265946,0.2375,0.17714285714285713,0.05142857142857143,0.3772609819121447,0.31155813953488376,0.17716535433070865,3.76,0.31797911463806594
665862,Jazz Chisholm,L,NYY,5,Mason Fluharty,L,689254.0,823510,TOR @ NYY,4:05 PM,21/08,Scheduled,0.5626968409063285,,,,False,1110101011,estimated,0,0,0.0,0,0,0.24516147965267487,0.3014655238787906,0.4015443241517992,0.3237424046846156,0.3048791373926282,20,1,-0.0071573456968994364,1.007,93.0,A,0.29550827423167847,4.288467793198914,0.31457719808781,0.24112832543142793,20,2,0,0.21008403361344538,0.21724137931034482,0.49166666666666664,0.4119047619047619,0.09642857142857143,0.19711236660389203,0.1891304347826087,0.19140625,0.1941428101349128,0.19815668202764977,241,0.234375,219,False,False,0.5626968409063285,0.0,3.4957264957264957,3.9316239316239314,117,,,,,,,-0.025360228369505668,20,3.71,1.24,51.0,5.0,1.0,56.0,20.0,1.0,0.0,1.0,3.0,RP,67.0,213.0,43.0,3.2,9.88,3.53,7.59,1.06,2.7415480414642843,0.004223159093671325,5,0.7142857142857143,11.0,5,6,0,0,0.0,3.6837721343030703,0.1072359347521709,0.21445783132530122,0.3076923076923077,0.09615384615384616,0.4215867158671587,0.3062693726937269,0.15384615384615385,4.024,0.2833383289952749
622268,Donovan Walton,L,ATH,8,Hayden Wesneski,R,669713.0,824152,ATH @ HOU,5:10 PM,21/08,Scheduled,0.5612289940514118,,,,False,0101101011,estimated,0,0,0.0,0,0,0.2495710556985233,0.23879273686863747,0.1833624066662074,0.25892426806116664,0.11884781743600077,20,1,0.08676470588235291,0.998,60.5,C,0.2866043613707165,,,,4,6,0,0.2,0.2867647058823529,0.6074766355140186,0.29906542056074764,0.09345794392523364,0.265748031496063,0.23509933774834438,0.23828125,0.2511715089034677,0.26744186046511625,94,0.3,74,False,False,0.5342493317821995,0.026979662269212334,2.8076923076923075,3.230769230769231,52,,,,,,,0.017801657833001864,20,5.16,1.32,22.2,2.0,1.0,18.0,7.0,0.0,0.0,0.0,4.0,SP,4.0,95.0,23.0,23.8,7.15,2.78,9.13,0.79,,-0.03308899405141186,5,0.7142857142857143,3.0,7,7,0,0,0.0,3.0054495317158483,0.10955334991252881,0.21132075471698114,0.1760797342192691,0.08637873754152824,0.32193396226415094,0.2537971698113208,0.2558139534883721,3.598,0.3231557507704159
683766,Christian Koss,R,SF,9,Sonny Gray,R,543243.0,824721,SF @ BOS,4:10 PM,21/08,Scheduled,0.5601132756115539,,,,False,1111111100,estimated,0,0,0.0,0,0,0.18602882499435472,0.32740258269850014,0.4241801877731678,0.2726112714658935,0.3425967014718131,20,1,-0.03395784543325525,1.063,71.5,B,0.28029121164846593,3.5916194288197607,0.3687887608609703,0.22944844469235434,20,6,0,0.21428571428571427,0.18032786885245902,0.5803432137285491,0.36973478939157567,0.0499219968798752,0.12203389830508475,0.1721311475409836,0.14814814814814814,0.1371308016877637,0.11363636363636363,47,0.26666666666666666,47,False,False,0.531178397378971,0.028934878232582895,2.78125,2.9375,32,,,,,,,-0.07248148940235112,20,2.65,1.15,132.2,15.0,3.0,117.0,34.0,0.0,0.0,0.0,23.0,SP,23.0,536.0,118.0,23.3,7.94,2.31,8.01,0.88,24.342081059509837,0.0044533910551127764,6,0.75,15.0,7,6,0,0,0.0,3.45345732438666,0.04570615926588358,0.24315068493150685,0.23174603174603176,0.044444444444444446,0.3082191780821918,0.28800000000000003,0.26136363636363635,3.442,0.308456347396527
691026,Masyn Winn,R,STL,5,Jesús Luzardo,L,666200.0,823420,STL @ PHI,3:40 PM,21/08,Scheduled,0.5599974078268003,,,,False,1000011100,estimated,0,0,0.0,0,0,0.2031718262563626,0.32454632295277985,0.33224979351778966,0.3415035656509513,0.37440776829705574,20,1,0.06644518272425248,1.009,98.2,A,0.3281378178835111,4.153463133192454,0.3325694896631574,0.31177090833639565,20,6,0,0.2857142857142857,0.21926910299003322,0.43150123051681705,0.38187038556193603,0.18662838392124692,0.2287117903930131,0.24434876210979548,0.2795031055900621,0.23749596644078735,0.2425531914893617,264,0.234375,221,False,False,0.578897090268827,-0.018899682442026666,3.588235294117647,4.07563025210084,119,,,,,,,-0.1790000764608836,20,3.23,1.15,150.1,11.0,5.0,185.0,46.0,0.0,0.0,0.0,25.0,SP,25.0,621.0,127.0,24.8,11.08,2.75,7.6,0.72,25.61276122713265,0.020927592173199727,8,1.0,-11.0,7,8,0,0,0.0,3.8077804355563063,0.07661957330960027,0.234192037470726,0.20987654320987653,0.09259259259259259,0.34912820512820514,0.31721846153846156,0.2517985611510791,4.024,0.33164086644129775
664728,Kyle Isbel,L,KC,8,Troy Melton,R,675512.0,824072,DET @ KC,5:10 PM,21/08,Scheduled,0.5576544566022371,,,,False,0001011101,estimated,0,0,0.0,0,0,0.16452993249785114,0.2564053935238646,0.2873596559333206,0.22262266567522035,0.26576420886400576,20,2,0.20511010728402035,1.028,76.5,B,0.27942353883106485,3.0507859461158793,0.3500852046856267,0.23209108768820572,14,6,0,0.06818181818181818,0.2732919254658385,0.655724579663731,0.23298638911128902,0.11128903122497999,0.23869346733668342,0.2,0.24342105263157895,0.22824427480916032,0.23275862068965517,126,0.2247191011235955,102,False,False,0.5421335724665245,0.01552088413571262,3.014705882352941,3.3529411764705883,68,,,,,,,-0.08576053266064994,20,1.49,0.96,84.1,7.0,1.0,73.0,25.0,0.0,0.0,0.0,14.0,SP,14.0,329.0,56.0,23.5,7.79,2.67,5.98,0.85,23.310422085347668,0.00808998784220738,9,1.0,-5.0,6,7,0,0,0.0,3.5204307558627304,0.055686845928071375,0.2579710144927536,0.19329896907216496,0.06958762886597938,0.38765432098765434,0.28179629629629627,0.20114942528735633,3.598,0.2834937672091071
656716,Zach Mckinstry,L,DET,8,Noah Cameron,L,702070.0,824072,DET @ KC,5:10 PM,21/08,Scheduled,0.5576544566022371,,,,False,1010000101,estimated,0,0,0.0,0,0,0.2370367874880065,0.25777808862205087,0.15127398651030213,0.3254896812173192,0.17724062001483445,20,2,-0.0367965367965368,1.028,69.9,B,0.2778268551236749,2.975081070059542,0.3616257623393376,0.21970296833419894,20,5,0,0.19047619047619047,0.22727272727272727,0.49800973020787265,0.2901371074745688,0.2118531623175586,0.2535087719298246,0.18336886993603413,0.2118380062305296,0.23152454780361756,0.23225806451612904,175,0.2119205298013245,176,False,False,0.5172484616941927,0.04040599490804442,3.06,3.51,100,,,,,,,-0.1174716073879035,20,4.16,1.22,138.1,7.0,8.0,126.0,43.0,0.0,0.0,0.0,23.0,SP,24.0,580.0,126.0,24.2,8.2,2.8,8.2,0.91,25.051058982333544,0.013745543397762905,6,0.6666666666666666,15.0,7,6,0,0,-1.0,3.3553067798757086,0.11689402757673605,0.21311475409836064,0.17067307692307693,0.0889423076923077,0.2211864406779661,0.2752225988700565,0.2748091603053435,3.598,0.28983121450892146
686555,Isaac Collins,L,KC,7,Troy Melton,R,675512.0,824072,DET @ KC,5:10 PM,21/08,Scheduled,0.5576544566022371,,,,False,0001000001,estimated,0,0,0.0,0,0,0.11449170822979533,0.2494221064697203,0.4269788949688581,0.13742174626470222,0.18158638333548152,20,1,0.05310150375939848,1.028,76.5,B,0.27942353883106485,3.0507859461158793,0.3500852046856267,0.23209108768820572,14,6,0,0.1875,0.24060150375939848,0.655724579663731,0.23298638911128902,0.11128903122497999,0.21182586094866795,0.2283464566929134,0.2096069868995633,0.21522518931845358,0.22660098522167488,228,0.22641509433962265,196,False,False,0.5261229234067102,0.03153153319552693,3.175438596491228,3.719298245614035,114,,,,,,,-0.20273738895702437,20,1.49,0.96,84.1,7.0,1.0,73.0,25.0,0.0,0.0,0.0,14.0,SP,14.0,329.0,56.0,23.5,7.79,2.67,5.98,0.85,23.310422085347668,0.007512210064429703,9,1.0,-5.0,6,7,0,0,0.0,3.4783521149529766,0.12592151144606611,0.22432432432432434,0.2296983758700696,0.1136890951276102,0.39821648216482164,0.3014059040590406,0.20114942528735633,3.76,0.2834937672091071
665926,Andrés Giménez,L,TOR,7,Cam Schlittler,R,693645.0,823510,TOR @ NYY,4:05 PM,21/08,Scheduled,0.5559647499397391,,,,False,1110111101,estimated,11,3,0.2727272727272727,1,2025,0.278714008158448,0.2902501620130044,0.20544356000111025,0.3696673938510024,0.1769530571954813,20,1,-0.13260915867944623,1.007,68.9,B,0.2963583089158644,4.710334010542249,0.4132230276930294,0.33232278275700694,20,6,0,0.3466666666666667,0.21405750798722045,0.90020964360587,0.09979035639412998,0.0,0.24849296718017413,0.22816901408450704,0.20580474934036938,0.23599845500193126,0.2619047619047619,225,0.21348314606741572,197,False,False,0.5935620506113695,-0.03759730067163036,3.288135593220339,3.5762711864406778,118,,,,,,,0.18656177566374088,20,2.19,0.94,152.0,10.0,6.0,189.0,34.0,0.0,0.0,0.0,26.0,SP,26.0,602.0,109.0,23.2,11.19,2.01,6.45,0.83,23.295032856228406,0.05796858339359423,3,0.375,2.0,6,6,0,0,0.0,3.7995071753384067,0.019714290912122158,0.23979591836734693,0.19534883720930232,0.03488372093023256,0.25016233766233764,0.2881298701298701,0.20058997050147492,3.76,0.2760397804790795
701785,Kaelen Culpepper,R,MIN,9,,R,,823262,MIN @ SD,6:40 PM,21/08,Scheduled,0.5558367720404415,,,,False,1001111111,estimated,0,0,0.0,0,0,0.3234190829061221,0.4079959087363174,0.4592364101513862,0.4725604530926701,0.23743713333602792,10,2,0.15359477124183007,0.954,,,,,,,0,0,0,0.23529411764705882,0.3888888888888889,,,,0.25892857142857145,0.3026315789473684,0.36363636363636365,0.29310344827586204,0.2631578947368421,23,0.375,17,True,False,0.5381174376411072,0.017719334399334263,3.5,4.0,10,,,,,,,-0.04014429719165182,10,,,,,,,,,,,,,,,,,,,,,,-0.018436772040441363,7,1.0,15.0,7,5,0,0,-2.0,3.9554648234407446,0.04625602862309529,,,,,,,3.442,0.27941975915656897
691777,Max Muncy,R,ATH,7,Hayden Wesneski,R,669713.0,824152,ATH @ HOU,5:10 PM,21/08,Scheduled,0.5549242473823526,,,,False,0100001010,estimated,0,0,0.0,0,0,0.14321113478234063,0.3101542000449459,0.35023699923677115,0.25844395967706707,0.3546245088327448,20,1,0.0634648370497427,0.998,60.5,C,0.2866043613707165,,,,4,6,0,0.18181818181818182,0.24528301886792453,0.6074766355140186,0.29906542056074764,0.09345794392523364,0.23054755043227665,0.18706697459584296,0.1568627450980392,0.20418848167539266,0.22115384615384615,119,0.2111111111111111,101,False,False,0.5156574884645865,0.0392667589177661,3.129032258064516,3.5483870967741935,62,,,,,,,-0.24645502546234632,20,5.16,1.32,22.2,2.0,1.0,18.0,7.0,0.0,0.0,0.0,4.0,SP,4.0,95.0,23.0,23.8,7.15,2.78,9.13,0.79,,-0.04692424738235257,5,0.7142857142857143,3.0,7,7,0,0,0.0,3.078949247685698,0.11666459923833294,0.21391752577319587,0.3247058823529412,0.058823529411764705,0.38666666666666666,0.304904,0.2857142857142857,3.76,0.3231557507704159
683083,Nasim Nuñez,L,WSH,8,Ryan Gusto,R,687473.0,823830,WSH @ MIA,4:10 PM,21/08,Scheduled,0.5517055209235701,,,,False,0011101100,estimated,0,0,0.0,0,0,0.12150096813744682,0.2778256876442838,0.29528332723801126,0.15071381786707652,0.1710247275418623,20,1,-0.023637374860956628,1.0,66.2,B,0.289044289044289,4.876970612447689,0.4306126181400849,0.22449607049897505,16,6,0,0.2413793103448276,0.21774193548387097,0.5466200466200466,0.29953379953379955,0.15384615384615385,0.21396825396825397,0.20272904483430798,0.2639593908629442,0.22052927024859664,0.22448979591836735,225,0.2261904761904762,190,False,False,0.5421335724665245,0.009571948457045565,3.279279279279279,3.7387387387387387,111,,,,,,,-0.177037717481011,20,4.7,1.32,53.2,0.0,3.0,49.0,14.0,0.0,0.0,0.0,11.0,SP,16.0,237.0,57.0,14.8,8.22,2.35,9.56,1.34,15.727044166562216,0.00019447907642977658,9,1.0,14.0,6,6,0,0,1.0,3.874262250628802,0.08050059381797756,0.22631578947368422,0.21541950113378686,0.11564625850340136,0.2307017543859649,0.28309122807017545,0.256,3.598,0.31025126824534566
687597,Jordan Beck,R,COL,7,Joey Cantillo,L,676282.0,824317,CLE @ COL,5:40 PM,21/08,Scheduled,0.5505725596727795,,,,False,1111010000,estimated,0,0,0.0,0,0,0.20799985216692984,0.334521200934504,0.3575133115413014,0.32741134450448195,0.32423140164056574,20,2,0.14193548387096774,1.148,60.5,C,0.3166590178981184,2.8793017620483576,0.41664926818831644,0.28873878610554304,20,6,0,0.24193548387096775,0.1,0.39981617647058826,0.3446691176470588,0.2555147058823529,0.24390243902439024,0.23616236162361623,0.20481927710843373,0.23586206896551723,0.23333333333333334,63,0.11538461538461539,59,False,False,0.531178397378971,0.019394162293808526,2.871794871794872,3.128205128205128,39,,,,,,,0.06730331590160651,20,3.8,1.44,125.2,9.0,7.0,139.0,59.0,0.0,0.0,0.0,26.0,SP,26.0,542.0,122.0,20.8,9.95,4.23,8.74,1.07,20.508010062888584,0.04490244032722046,4,0.5,16.0,7,6,0,0,0.0,3.292842740157535,0.08606449993799047,0.23950617283950618,0.2984054669703872,0.0683371298405467,0.3372262773722628,0.31016423357664236,0.2611111111111111,3.76,0.31444815016719074
669003,Garrett Mitchell,L,MIL,6,Chris Sale,L,519242.0,823746,ATL @ MIL,1:10 PM,21/08,Scheduled,0.5505364808858569,,,,False,0101010011,estimated,0,0,0.0,0,0,0.22653334921858978,0.37820142822553376,0.676408377690694,0.33803674778417514,0.36709327622087573,20,1,-0.01366559485530544,0.97,81.7,A,0.32483156881616937,6.931694951758693,0.3543554792415561,0.33488557535207875,20,7,0,0.25,0.26366559485530544,0.49350024073182475,0.3943187289359653,0.11218103033220991,0.24174372523117568,0.2713498622589532,0.21308016877637131,0.24596774193548387,0.2524752475247525,228,0.2727272727272727,196,False,False,0.5837686163667682,-0.03323213548091131,3.247787610619469,3.752212389380531,113,,,,,,,-0.07522628568823257,20,2.16,1.02,129.0,12.0,8.0,160.0,28.0,0.0,0.0,0.0,22.0,SP,22.0,517.0,103.0,23.5,11.16,1.95,7.19,0.56,23.296430026314393,0.04553851911414308,4,0.5714285714285714,2.0,7,6,0,0,0.0,3.9710006095308725,0.10118888478693742,0.2388451443569554,0.327313769751693,0.11512415349887133,0.510593220338983,0.38469491525423727,0.24786324786324787,3.896,0.29178445587492335
608348,Carson Kelly,R,CHC,8,Emerson Hancock,R,676106.0,823101,CHC @ SEA,7:10 PM,21/08,Scheduled,0.5502777976615788,,,,False,1011101110,estimated,6,1,0.16666666666666666,1,2024,0.26136240681262535,0.36829535241843875,0.21023435695175288,0.3675316918412107,0.20149749282412951,20,2,-0.037733100233100225,0.906,55.7,C,0.2560914967677772,3.30339647310529,0.4173747664060709,0.2196416768415961,20,6,0,0.28205128205128205,0.24431818181818182,0.7422731804586241,0.20787637088733799,0.049850448654037885,0.2467889908256881,0.20208023774145617,0.3031674208144796,0.23766364551863042,0.2597402597402597,166,0.2589928057553957,163,False,False,0.5629245295215904,-0.01264673186001164,3.292134831460674,3.696629213483146,89,,,,,,,0.16098580781051133,20,3.3,1.11,128.0,7.0,7.0,119.0,32.0,0.0,0.0,0.0,23.0,SP,23.0,516.0,110.0,22.4,8.37,2.25,7.73,1.13,22.764346506381035,0.005205535671754524,6,0.75,-14.0,6,6,0,0,-2.0,3.639392453418995,0.039544681311847914,0.2518518518518518,0.2043956043956044,0.09010989010989011,0.3766025641025641,0.2833974358974359,0.23076923076923078,3.598,0.36684580978134823
680574,Matt Mclain,R,CIN,8,Eduardo Rodríguez,L,593958.0,825045,CIN @ AZ,6:40 PM,21/08,Scheduled,0.5502777976615788,,,,False,0001010011,estimated,0,0,0.0,0,0,0.2433755867770993,0.3819968082226845,0.39630931630483335,0.30102463884588637,0.23393878404960952,20,1,0.030555555555555558,1.0,56.7,C,0.2533726812816189,2.658340065915358,0.3412373141734607,0.1789889094969121,20,6,0,0.225,0.19444444444444445,0.6109704641350211,0.1270042194092827,0.2620253164556962,0.21718213058419245,0.18141592920353983,0.2,0.20369657296881016,0.21649484536082475,222,0.18115942028985507,159,False,False,0.5273142879981189,0.022963509663459947,3.3535353535353534,3.8484848484848486,99,,,,,,,-0.013585276673637308,20,2.71,1.21,149.1,12.0,4.0,106.0,47.0,0.0,0.0,0.0,25.0,SP,25.0,613.0,134.0,24.5,6.39,2.83,8.08,0.84,24.85761391892604,-0.02325779766157876,5,0.7142857142857143,24.0,6,8,0,0,-3.0,3.6414950002940367,0.10436821980619462,0.20099255583126552,0.2962962962962963,0.10457516339869281,0.4101123595505618,0.31539637952559296,0.23333333333333334,3.598,0.29649873378810815
592626,Joc Pederson,L,TEX,1,Reid Detmers,L,672282.0,822857,LAA @ TEX,5:15 PM,21/08,Scheduled,0.5496608226721814,,,,False,0110000000,estimated,0,0,0.0,0,0,0.15250839132406604,0.285775828404593,0.5827730903903473,0.22902172017061373,0.29915557160195055,20,1,-0.24307692307692308,0.964,76.4,B,0.3083910034602076,4.1346022807815075,0.40431736298505105,0.30752254277005325,20,6,0,0.0,0.24307692307692308,0.4699003897791252,0.43265482893027285,0.097444781290602,0.24485733244857333,0.23269012485811577,0.27162629757785467,0.24647887323943662,0.24770642201834864,254,0.22321428571428573,128,False,False,0.5667694258359441,-0.017108603163762726,2.869565217391304,3.3217391304347825,115,,,,,,,-0.2386569584007508,20,3.78,1.06,143.0,4.0,8.0,167.0,43.0,0.0,0.0,0.0,25.0,SP,25.0,579.0,108.0,23.2,10.51,2.71,6.8,1.07,22.611019141923713,0.01233917732781864,7,0.875,0.0,6,6,0,0,0.0,2.7547744926903026,0.11513956091120885,0.24277456647398843,0.24,0.11,0.512,0.33562000000000003,0.2196969696969697,4.442,0.29154318969235227
699302,Héctor Rodríguez,L,CIN,7,Eduardo Rodríguez,L,593958.0,825045,CIN @ AZ,6:40 PM,21/08,Scheduled,0.5483842337928303,,,,False,1100000101,estimated,0,0,0.0,0,0,0.1492027030204658,0.22828441846654704,0.37125750554483267,0.21510905463396596,0.2700408790748419,12,1,0.0,1.0,56.7,C,0.2533726812816189,2.658340065915358,0.3412373141734607,0.1789889094969121,20,6,0,,0.11764705882352941,0.6109704641350211,0.1270042194092827,0.2620253164556962,0.11403508771929824,0.11538461538461539,0.12121212121212122,0.11555555555555555,0.16666666666666666,21,0.0625,16,True,False,0.5267532383020667,0.021630995490763638,2.8333333333333335,3.0833333333333335,12,,,,,,,-0.17362903537750318,12,2.71,1.21,149.1,12.0,4.0,106.0,47.0,0.0,0.0,0.0,25.0,SP,25.0,613.0,134.0,24.5,6.39,2.83,8.08,0.84,24.85761391892604,-0.01748423379283026,5,0.7142857142857143,24.0,6,8,0,0,-3.0,3.0708931026245176,0.07451139230643478,,,,,,0.24855491329479767,3.76,0.29649873378810815
678662,Ezequiel Tovar,R,COL,9,Joey Cantillo,L,676282.0,824317,CLE @ COL,5:40 PM,21/08,Scheduled,0.5483842337928303,,,,False,1011110000,estimated,0,0,0.0,0,0,0.22552445466992954,0.2980944402249787,0.37442664506415735,0.2956095546427462,0.24070173808375991,20,2,0.06858024108519811,1.148,60.5,C,0.3166590178981184,2.8793017620483576,0.41664926818831644,0.28873878610554304,20,6,0,0.25210084033613445,0.18352059925093633,0.39981617647058826,0.3446691176470588,0.2555147058823529,0.1864754098360656,0.16880093131548313,0.25757575757575757,0.19149751053236308,0.2081447963800905,240,0.2,185,False,False,0.5151697783313686,0.033214455461461734,3.356521739130435,3.6956521739130435,115,,,,,,,-0.006270847095544629,20,3.8,1.44,125.2,9.0,7.0,139.0,59.0,0.0,0.0,0.0,26.0,SP,26.0,542.0,122.0,20.8,9.95,4.23,8.74,1.07,20.508010062888584,0.04149076620716974,4,0.5,16.0,7,6,0,0,0.0,3.1240088551350764,0.07056297889890828,0.2121951219512195,0.2544642857142857,0.05803571428571429,0.34082207207207205,0.2972567567567568,0.2611111111111111,3.442,0.31444815016719074
543760,Marcus Semien,R,NYM,7,Sean Burke,R,680732.0,824559,NYM @ CWS,4:40 PM,21/08,Scheduled,0.5481136648707158,,,,False,0110010101,estimated,0,0,0.0,0,0,0.16722810357915457,0.28818229044446114,0.16730004892912279,0.26243266273175847,0.21420016683814705,20,2,0.02299638989169675,0.968,77.1,B,0.30350022153300843,3.783898208365373,0.38117321288885875,0.28924177290657405,20,5,0,0.19,0.21299638989169675,0.6015070921985816,0.3772163120567376,0.02127659574468085,0.2171837708830549,0.17192268565615462,0.21785714285714286,0.1994459833795014,0.19718309859154928,231,0.21951219512195122,186,False,False,0.56978212103512,-0.02166845616440427,3.5233644859813085,3.897196261682243,107,,,,,,,0.004487636078857267,20,3.15,1.11,140.0,7.0,6.0,154.0,42.0,0.0,0.0,0.0,21.0,SP,25.0,571.0,113.0,22.8,9.9,2.7,7.26,1.03,23.203170867394938,0.03191490655785567,7,0.7,4.0,7,6,0,0,-1.0,3.6293932876626958,0.0834600471700948,0.2161520190023753,0.21019108280254778,0.07643312101910828,0.3521739130434783,0.3181785714285714,0.2169811320754717,3.76,0.29359396392552123
606192,Teoscar Hernández,R,LAD,8,Bubba Chandler,R,696149.0,823911,PIT @ LAD,7:10 PM,21/08,Scheduled,0.5475475884416943,,,,False,0101111011,estimated,0,0,0.0,0,0,0.26717582936894707,0.38839768762505145,0.5377169830134658,0.35522331343667735,0.2878297566683422,20,2,-0.0172421225052804,0.973,54.1,C,0.2604517059106199,1.9283948509284898,0.3752958468625052,0.20485898910237982,20,7,0,0.26126126126126126,0.24401913875598086,0.5525554484088717,0.29026036644165865,0.15718418514946964,0.27514367816091956,0.2673611111111111,0.1953727506426735,0.2594159966144731,0.2677595628415301,201,0.22627737226277372,153,False,False,0.5549242473823526,-0.007376658940658309,3.4782608695652173,3.847826086956522,92,,,,,,,0.0357764780078675,20,4.23,1.37,121.1,6.0,8.0,108.0,64.0,0.0,0.0,0.0,23.0,SP,24.0,528.0,102.0,22.0,8.01,4.75,7.57,0.74,22.12207198391911,-0.011485088441694269,8,0.8888888888888888,2.0,7,6,0,0,-1.0,3.4710402819637305,0.039937085014991526,0.2576832151300236,0.2676659528907923,0.07708779443254818,0.45553691275167785,0.3294563758389262,0.21904761904761905,3.598,0.32618350577985683
680700,Richie Palacios,L,TB,8,Trevor Rogers,L,669432.0,824800,TB @ BAL,4:15 PM,21/08,Scheduled,0.5455740961190925,,,,False,0111101110,estimated,0,0,0.0,0,0,0.22643788029120418,0.3378990147300702,0.3836394458952337,0.3057613329046847,0.15526769225832043,20,1,-0.021777777777777785,1.044,61.7,C,0.2822990844354018,3.484507727787618,0.4153323492765008,0.22065443429044732,20,5,0,0.2222222222222222,0.244,0.6529262086513995,0.13078880407124682,0.21628498727735368,0.2664015904572565,0.21688741721854304,0.2478134110787172,0.24784591991890523,0.25477707006369427,182,0.22522522522522523,130,False,False,0.516283230705462,0.029290865413630462,2.881720430107527,3.3548387096774195,93,,,,,,,0.0820661891701837,20,4.15,1.25,125.2,8.0,8.0,108.0,35.0,0.0,0.0,0.0,23.0,SP,23.0,529.0,122.0,23.0,7.73,2.51,8.74,0.93,23.200077804278212,0.01292590388090753,6,0.75,-1.0,6,7,0,0,0.0,3.2989726273185305,0.10720422435489602,0.23493975903614459,0.17766497461928935,0.13451776649746192,0.3012086513994911,0.3030925572519084,0.17886178861788618,3.598,0.3547221114281947
669394,Jake Burger,R,TEX,6,Reid Detmers,L,672282.0,822857,LAA @ TEX,5:15 PM,21/08,Scheduled,0.545538080995445,,,,False,1110011110,estimated,11,2,0.18181818181818182,1,2023,0.26791636097385874,0.3247373718631059,0.48708032022082126,0.3512092315753212,0.24062159571263902,20,1,0.002124935995903715,0.964,76.4,B,0.3083910034602076,4.1346022807815075,0.40431736298505105,0.30752254277005325,20,6,0,0.23387096774193547,0.23174603174603176,0.4699003897791252,0.43265482893027285,0.097444781290602,0.19694072657743786,0.20363062352012629,0.21079691516709512,0.19987680936248844,0.208955223880597,292,0.26900584795321636,188,False,False,0.5883474434533226,-0.04280936245787759,3.658333333333333,4.0,120,,,,,,,0.10971890900883077,20,3.78,1.06,143.0,4.0,8.0,167.0,43.0,0.0,0.0,0.0,25.0,SP,25.0,579.0,108.0,23.2,10.51,2.71,6.8,1.07,22.611019141923713,0.03939049043312648,7,0.875,0.0,6,6,0,0,0.0,3.786837155983828,0.07133991421568808,0.23908045977011494,0.26359832635983266,0.0794979079497908,0.4707659115426106,0.319205501618123,0.20256410256410257,3.896,0.29154318969235227
675961,Alika Williams,R,ATH,9,Hayden Wesneski,R,669713.0,824152,ATH @ HOU,5:10 PM,21/08,Scheduled,0.5454940965817655,,,,False,0001111100,estimated,0,0,0.0,0,0,0.3002640937264605,0.3069745591353064,0.3603473422659061,0.37460928086956485,0.1203273973885704,20,3,-0.012896405919661735,0.998,60.5,C,0.2866043613707165,,,,4,6,0,0.26744186046511625,0.2545454545454545,0.6074766355140186,0.29906542056074764,0.09345794392523364,0.3493975903614458,0.2537313432835821,0.29375,0.3133047210300429,0.3246753246753247,83,0.1875,69,False,False,0.5109006975250838,0.034593399056681684,2.611111111111111,2.814814814814815,54,,,,,,,-0.07642465940440361,20,5.16,1.32,22.2,2.0,1.0,18.0,7.0,0.0,0.0,0.0,4.0,SP,4.0,95.0,23.0,23.8,7.15,2.78,9.13,0.79,,-0.020434096581765426,5,0.7142857142857143,3.0,7,7,0,0,0.0,2.643449941189571,0.056458833981757404,0.2271186440677966,0.25,0.051829268292682924,0.29773082942097023,0.26854929577464787,0.2857142857142857,3.442,0.3231557507704159
593428,Xander Bogaerts,R,SD,9,Connor Prielipp,L,687570.0,823262,MIN @ SD,6:40 PM,21/08,Scheduled,0.5453834556508311,,,,False,0011101001,estimated,0,0,0.0,0,0,0.2639435307791141,0.3607569734093607,0.5686673251057691,0.32673819403453885,0.14284963051215013,20,2,0.06616240133939252,0.954,48.4,D,0.2780358327803583,2.645581551659846,0.42130093942258995,0.25387651065451905,17,6,0,0.26548672566371684,0.19932432432432431,0.42297476759628155,0.46879150066401065,0.10823373173970784,0.22253206915783602,0.21676300578034682,0.2037914691943128,0.21803127874885003,0.22924901185770752,290,0.1987179487179487,188,False,True,0.5562377962142112,-0.010854340563380083,3.408333333333333,3.9833333333333334,120,,,,,,,0.01783881673187204,20,5.34,1.38,87.2,3.0,6.0,94.0,36.0,0.0,0.0,0.0,17.0,SP,17.0,382.0,85.0,22.5,9.65,3.7,8.73,1.23,22.851861219791502,0.010336544349168864,5,0.625,-7.0,7,6,0,0,-3.0,3.7532532685537365,0.14665460305481096,0.22058823529411764,0.17970401691331925,0.11627906976744186,0.40294117647058825,0.307937048503612,0.2330508474576271,3.442,0.334062801460213
672960,Kazuma Okamoto,R,TOR,5,Cam Schlittler,R,693645.0,823510,TOR @ NYY,4:05 PM,21/08,Scheduled,0.5449077661000886,,,,False,0110111111,estimated,9,2,0.2222222222222222,1,2026,0.2620502959701284,0.38209234303392364,0.31974139669815066,0.3416885066481693,0.2637560364403304,20,1,0.0010537161054652855,1.007,68.9,B,0.2963583089158644,4.710334010542249,0.4132230276930294,0.33232278275700694,20,6,0,0.22900763358778625,0.23006134969325154,0.90020964360587,0.09979035639412998,0.0,0.20639269406392693,0.24198250728862974,0.24269662921348314,0.22238843181251558,0.24723247232472326,302,0.20430107526881722,205,True,False,0.578529126530404,-0.03362136043031538,3.7154471544715446,4.121951219512195,123,,,,,,,0.27917318011030173,20,2.19,0.94,152.0,10.0,6.0,189.0,34.0,0.0,0.0,0.0,26.0,SP,26.0,602.0,109.0,23.2,11.19,2.01,6.45,0.83,23.295032856228406,0.0751255672332447,3,0.375,2.0,6,6,0,0,0.0,4.153678962530229,0.053463617833713804,0.22747747747747749,0.30628803245436104,0.08316430020283976,0.43401592718998866,0.3169453924914676,0.18981481481481483,4.024,0.2760397804790795
592885,Christian Yelich,L,MIL,7,Chris Sale,L,519242.0,823746,ATL @ MIL,1:10 PM,21/08,Scheduled,0.5433387573994426,,,,False,1110100111,estimated,0,0,0.0,0,0,0.21013487835364564,0.38989556246478796,0.5480542037872419,0.30815485893748734,0.2614244634490724,20,1,-0.015396264512872293,0.97,81.7,A,0.32483156881616937,6.931694951758693,0.3543554792415561,0.33488557535207875,20,7,0,0.21428571428571427,0.22968197879858657,0.49350024073182475,0.3943187289359653,0.11218103033220991,0.21368004522328998,0.19101123595505617,0.2565789473684211,0.2140456989247312,0.2233502538071066,221,0.2323943661971831,165,False,False,0.578529126530404,-0.03519036913096141,3.896551724137931,4.436781609195402,87,,,,,,,0.09023041375739754,20,2.16,1.02,129.0,12.0,8.0,160.0,28.0,0.0,0.0,0.0,22.0,SP,22.0,517.0,103.0,23.5,11.16,1.95,7.19,0.56,23.296430026314393,0.04761124260055749,4,0.5714285714285714,2.0,7,6,0,0,0.0,4.242999664266366,0.0792381556154923,0.2172043010752688,0.26145038167938933,0.08587786259541985,0.43140243902439024,0.31614939024390243,0.24786324786324787,3.76,0.29178445587492335
701678,Hao-Yu Lee,R,DET,9,Noah Cameron,L,702070.0,824072,DET @ KC,5:10 PM,21/08,Scheduled,0.5422048572384749,,,,False,0011010101,estimated,2,1,0.5,0,0,0.3288755454208646,0.3230995115505757,0.31126297947936904,0.4288416996534584,0.16293475346237907,20,2,-0.0729847494553377,1.028,69.9,B,0.2778268551236749,2.975081070059542,0.3616257623393376,0.21970296833419894,20,5,0,0.24074074074074073,0.3137254901960784,0.49800973020787265,0.2901371074745688,0.2118531623175586,0.24175824175824176,0.25069637883008355,0.23717948717948717,0.24376508447304907,0.2962962962962963,114,0.2549019607843137,113,True,False,0.5159561714973447,0.02624868574113015,2.727272727272727,2.948051948051948,77,,,,,,,0.02729660307482801,20,4.16,1.22,138.1,7.0,8.0,126.0,43.0,0.0,0.0,0.0,23.0,SP,24.0,580.0,126.0,24.2,8.2,2.8,8.2,0.91,25.051058982333544,0.03814514276152514,6,0.6666666666666666,15.0,7,6,0,0,-1.0,2.6552828697373023,0.14855698100263115,0.26066350710900477,0.24444444444444444,0.04888888888888889,0.38675213675213677,0.30733333333333335,0.22784810126582278,3.442,0.28983121450892146
665966,Carlos Narváez,R,BAL,9,Freddy Peralta,R,642547.0,824800,TB @ BAL,4:15 PM,21/08,Scheduled,0.5401965134455917,,,,False,1001000000,estimated,0,0,0.0,0,0,0.04532228973008363,0.23957203066563756,0.4926549489331456,0.05946979989881116,0.33815173255714603,20,1,0.07937763713080169,1.044,41.9,D,0.25763612217795484,2.0376841799668592,0.40360639057357967,0.19317734677391438,20,5,0,0.10416666666666667,0.18354430379746836,0.5367581930912312,0.24357838795394154,0.21966341895482727,0.12962962962962962,0.1407766990291262,0.14516129032258066,0.13428571428571429,0.14912280701754385,129,0.18478260869565216,106,False,False,0.48080671249287166,0.05938980095272006,2.9014084507042255,3.3098591549295775,71,,,,,,,-0.33169363298067706,20,5.27,1.48,128.0,5.0,10.0,123.0,53.0,0.0,0.0,0.0,25.0,SP,25.0,573.0,136.0,22.9,8.65,3.73,9.56,1.41,22.42789581061464,-0.033646513445591664,6,0.6666666666666666,-9.0,7,7,0,0,0.0,2.941518840071272,0.05223839825637711,0.17567567567567569,0.3050847457627119,0.06537530266343826,0.41632513661202186,0.2921885245901639,0.2603550295857988,3.442,0.35140045093008004
669707,Jared Triolo,R,PIT,8,Yoshinobu Yamamoto,R,808967.0,823911,PIT @ LAD,7:10 PM,21/08,Scheduled,0.5376470507369309,,,,False,0101001010,estimated,0,0,0.0,0,0,0.17884997545787087,0.31544339428958723,0.41848989395218766,0.199669212237031,0.12723904410149542,20,2,-0.0843253968253968,0.973,84.3,A,0.2930951231289232,3.709619790964891,0.35996946039974076,0.2520615023765238,20,7,0,0.2857142857142857,0.2013888888888889,0.5472154963680388,0.18595641646489103,0.26682808716707024,0.20502092050209206,0.2153846153846154,0.265,0.21596534653465346,0.25874125874125875,159,0.21238938053097345,128,False,False,0.5549242473823526,-0.01727719664542171,3.0476190476190474,3.4166666666666665,84,,,,,,,-0.1251178774402242,20,2.6,0.89,145.1,12.0,7.0,136.0,34.0,0.0,0.0,0.0,22.0,SP,22.0,556.0,96.0,25.3,8.42,2.11,5.94,0.93,25.677116021380222,0.0008329492630690938,5,0.7142857142857143,13.0,7,6,0,0,-3.0,3.023284634724997,0.07328815225920954,0.2512690355329949,0.21363636363636362,0.08181818181818182,0.3933333333333333,0.31148000000000003,0.19166666666666668,3.598,0.31797911463806594
677588,José Tena,L,WSH,7,Ryan Gusto,R,687473.0,823830,WSH @ MIA,4:10 PM,21/08,Scheduled,0.5356637151382316,,,,False,1100100010,estimated,0,0,0.0,0,0,0.19457866468936832,0.35100004726813755,0.41642002668748146,0.3568887835776989,0.4574409436467877,20,1,-0.2695852534562212,1.0,66.2,B,0.289044289044289,4.876970612447689,0.4306126181400849,0.22449607049897505,16,6,0,0.5,0.2304147465437788,0.5466200466200466,0.29953379953379955,0.15384615384615385,0.23096446700507614,0.21951219512195122,0.19607843137254902,0.22,0.20930232558139536,142,0.2765957446808511,107,False,False,0.5172484616941927,0.018415253444038937,2.3473684210526318,2.6210526315789475,95,,,,,,,-0.1776000412777743,20,4.7,1.32,53.2,0.0,3.0,49.0,14.0,0.0,0.0,0.0,11.0,SP,16.0,237.0,57.0,14.8,8.22,2.35,9.56,1.34,15.727044166562216,-0.014430381804898307,9,1.0,14.0,6,6,0,0,1.0,2.4810267529548073,0.14301917099951672,0.2376237623762376,0.2708333333333333,0.08333333333333333,0.47287735849056606,0.33093396226415095,0.256,3.76,0.31025126824534566
681297,Colton Cowser,L,BAL,8,Freddy Peralta,R,642547.0,824800,TB @ BAL,4:15 PM,21/08,Scheduled,0.5347569135258662,,,,False,1110110000,estimated,0,0,0.0,0,0,0.19378139059978258,0.35069083648933913,0.43858766109674424,0.3576208380441074,0.3828471617540015,20,1,0.011155378486055773,1.044,41.9,D,0.25763612217795484,2.0376841799668592,0.40360639057357967,0.19317734677391438,20,5,0,0.2,0.21115537848605578,0.5367581930912312,0.24357838795394154,0.21966341895482727,0.22641509433962265,0.1808,0.19916142557651992,0.20442571127502634,0.2,150,0.22137404580152673,152,False,False,0.4714235598301298,0.0633333536957364,2.4622641509433962,2.849056603773585,106,,,,,,,-0.08189062696859163,20,5.27,1.48,128.0,5.0,10.0,123.0,53.0,0.0,0.0,0.0,25.0,SP,25.0,573.0,136.0,22.9,8.65,3.73,9.56,1.41,22.42789581061464,-0.035640246859199476,6,0.6666666666666666,-9.0,7,7,0,0,0.0,2.7762705821911022,0.050376824901564705,0.19736842105263158,0.323943661971831,0.1267605633802817,0.3924162257495591,0.3166613756613757,0.26875,3.598,0.35140045093008004
545341,Randal Grichuk,R,CWS,9,Sean Manaea,L,640455.0,824559,NYM @ CWS,4:40 PM,21/08,Scheduled,0.534733966863613,,,,False,1101111010,estimated,13,5,0.38461538461538464,1,2022,0.3142877188543849,0.3111297079577038,0.414918406887768,0.41552833674714273,0.16417121603096727,20,1,0.14375,0.968,51.8,C,0.2785412262156448,3.2689235224621025,0.44916116997803607,0.24616848191059928,20,6,0,0.3,0.15625,0.6559196617336153,0.3091966173361522,0.03488372093023256,0.2413793103448276,0.3009118541033435,0.33624454148471616,0.2728658536585366,0.29,105,0.2608695652173913,96,False,False,0.547702213786308,-0.012968246922695048,2.2588235294117647,2.364705882352941,85,,,,,,,0.15231912437456993,20,4.22,1.32,111.0,4.0,5.0,113.0,37.0,0.0,0.0,0.0,12.0,RP,26.0,481.0,109.0,18.5,9.16,3.0,8.84,1.3,21.992824161282954,0.0035215886919425232,9,1.0,-7.0,6,7,0,0,0.0,2.1532297956274333,0.009541368000052659,0.24817518248175183,0.22184300341296928,0.04778156996587031,0.4700956937799043,0.3366602870813397,0.26666666666666666,3.442,0.31019017288230805
669134,Luis Campusano,R,SD,7,Connor Prielipp,L,687570.0,823262,MIN @ SD,6:40 PM,21/08,Scheduled,0.5316475803128142,,,,False,1010111000,estimated,0,0,0.0,0,0,0.27529596059540623,0.31736512978717624,0.363063477891038,0.3167918910040427,0.16261500809533652,20,2,0.07142857142857145,0.954,48.4,D,0.2780358327803583,2.645581551659846,0.42130093942258995,0.25387651065451905,17,6,0,0.35714285714285715,0.2857142857142857,0.42297476759628155,0.46879150066401065,0.10823373173970784,0.29955947136563876,0.21806853582554517,0.33076923076923076,0.278814489571899,0.28378378378378377,91,0.3220338983050847,66,False,True,0.560113351404301,-0.028465771091486736,2.8297872340425534,3.3404255319148937,47,,,,,,,-0.008691494474605767,20,5.34,1.38,87.2,3.0,6.0,94.0,36.0,0.0,0.0,0.0,17.0,SP,17.0,382.0,85.0,22.5,9.65,3.7,8.73,1.23,22.851861219791502,0.010052419687185843,5,0.625,-7.0,7,6,0,0,-3.0,3.743648535091667,0.1815820817255785,0.23423423423423423,0.20316622691292877,0.11081794195250659,0.4205729166666667,0.292171875,0.2330508474576271,3.76,0.334062801460213
701852,Drew Cavanaugh,L,SF,8,Sonny Gray,R,543243.0,824721,SF @ BOS,4:10 PM,21/08,Scheduled,0.5312976491500757,,,,False,1000110100,estimated,0,0,0.0,0,0,0.22997236640513022,0.30839861724677836,0.28790502855435335,0.29644222486071276,0.26305247287374917,20,1,0.09615384615384615,1.063,71.5,B,0.28029121164846593,3.5916194288197607,0.3687887608609703,0.22944844469235434,20,6,0,0.15384615384615385,0.25,0.5803432137285491,0.36973478939157567,0.0499219968798752,0.18631178707224336,0.1780821917808219,0.25925925925925924,0.19313304721030042,0.20512820512820512,47,0.2619047619047619,49,True,False,0.5045355807932627,0.02676206835681305,2.53125,3.0,32,,,,,,,-0.1478207037143558,20,2.65,1.15,132.2,15.0,3.0,117.0,34.0,0.0,0.0,0.0,23.0,SP,23.0,536.0,118.0,23.3,7.94,2.31,8.01,0.88,24.342081059509837,0.015252350849924268,6,0.75,15.0,7,6,0,0,0.0,3.0229920170975526,0.12928464466800335,0.23943661971830985,0.22093023255813954,0.1511627906976744,0.3076923076923077,0.3294134615384615,0.22641509433962265,3.598,0.308456347396527
664023,Ian Happ,L,CHC,5,Emerson Hancock,R,676106.0,823101,CHC @ SEA,7:10 PM,21/08,Scheduled,0.5294834475219513,,,,False,1110001110,estimated,6,2,0.3333333333333333,1,2024,0.17604437343309187,0.24328001380947092,0.3472968433723614,0.20936703871480536,0.26667948104739797,20,2,0.02146713404805159,0.906,55.7,C,0.2560914967677772,3.30339647310529,0.4173747664060709,0.2196416768415961,20,6,0,0.19834710743801653,0.21981424148606812,0.7422731804586241,0.20787637088733799,0.049850448654037885,0.19337606837606838,0.20153340635268346,0.1913716814159292,0.1962843295638126,0.212,292,0.21649484536082475,228,False,False,0.5434058430978553,-0.013922395575904023,3.639344262295082,4.262295081967213,122,,,,,,,-0.06475436086213528,20,3.3,1.11,128.0,7.0,7.0,119.0,32.0,0.0,0.0,0.0,23.0,SP,23.0,516.0,110.0,22.4,8.37,2.25,7.73,1.13,22.764346506381035,0.007466552478048727,6,0.75,-14.0,6,6,0,0,-2.0,3.672530451294043,0.10900946824614663,0.2128146453089245,0.3111545988258317,0.12133072407045009,0.4184652278177458,0.3126834532374101,0.23048327137546468,4.024,0.36684580978134823
670764,Taylor Walls,L,TB,9,Trevor Rogers,L,669432.0,824800,TB @ BAL,4:15 PM,21/08,Scheduled,0.5289173710929297,,,,False,1111111111,estimated,6,1,0.16666666666666666,1,2022,0.2658618068115767,0.25872802818379714,0.17973182278505553,0.315302769367664,0.18236495853835838,20,2,0.012227538543328004,1.044,61.7,C,0.2822990844354018,3.484507727787618,0.4153323492765008,0.22065443429044732,20,5,0,0.23232323232323232,0.22009569377990432,0.6529262086513995,0.13078880407124682,0.21628498727735368,0.214468085106383,0.17586912065439672,0.1884498480243161,0.20069547938400398,0.23170731707317074,188,0.2152777777777778,172,False,False,0.5104149327280834,0.01850243836484633,3.142857142857143,3.673469387755102,98,,,,,,,0.07251247014235987,20,4.15,1.25,125.2,8.0,8.0,108.0,35.0,0.0,0.0,0.0,23.0,SP,23.0,529.0,122.0,23.0,7.73,2.51,8.74,0.93,23.200077804278212,0.016965962240403587,6,0.75,-1.0,6,7,0,0,0.0,3.4612091319786686,0.0517418242392849,0.22631578947368422,0.24429223744292236,0.0958904109589041,0.21978021978021978,0.2683846153846154,0.17886178861788618,3.442,0.3547221114281947
605170,Víctor Caratini,L,MIN,8,,R,,823262,MIN @ SD,6:40 PM,21/08,Scheduled,0.5289173710929297,,,,False,0000010100,estimated,0,0,0.0,0,0,0.13692062556369874,0.24222636248222293,0.34954711951959283,0.1787312636805402,0.281865171465267,20,2,0.09521443947673455,0.954,,,,,,,0,0,0,0.16161616161616163,0.2568306010928962,,,,0.21428571428571427,0.2301255230125523,0.23076923076923078,0.22144772117962466,0.21476510067114093,180,0.23308270676691728,152,False,False,0.5261229234067102,0.0027944476862195033,3.1333333333333333,3.688888888888889,90,,,,,,,-0.21830117955616432,20,,,,,,,,,,,,,,,,,,,,,,-0.018617371092929713,7,1.0,15.0,7,5,0,0,-2.0,3.5300482283938717,0.10242112110547022,0.23184357541899442,0.20623501199040767,0.08393285371702638,0.41801470588235295,0.3077720588235294,,3.598,0.27941975915656897
800325,Luis Lara,L,MIL,8,Chris Sale,L,519242.0,823746,ATL @ MIL,1:10 PM,21/08,Scheduled,0.5280361534251202,,,,False,0110110110,estimated,0,0,0.0,0,0,0.19126000846724875,0.322612589730033,0.48921984232420673,0.25523549549176405,0.25487483422006013,20,1,-0.11355311355311354,0.97,81.7,A,0.32483156881616937,6.931694951758693,0.3543554792415561,0.33488557535207875,20,7,0,0.14285714285714285,0.2564102564102564,0.49350024073182475,0.3943187289359653,0.11218103033220991,0.18453865336658354,0.19337016574585636,0.125,0.18435754189944134,0.14,57,0.32653061224489793,56,True,False,0.557809081946851,-0.029772928521730746,3.193548387096774,3.6451612903225805,31,,,,,,,-0.22537381353877814,20,2.16,1.02,129.0,12.0,8.0,160.0,28.0,0.0,0.0,0.0,22.0,SP,22.0,517.0,103.0,23.5,11.16,1.95,7.19,0.56,23.296430026314393,0.04693884657487979,4,0.5714285714285714,2.0,7,6,0,0,0.0,3.9067900718063613,0.05889745069846754,0.25,0.22131147540983606,0.09836065573770492,0.4074074074074074,0.2674691358024691,0.24786324786324787,3.598,0.29178445587492335
666211,Taylor Trammell,L,HOU,7,J. T. Ginn,R,669372.0,824152,ATH @ HOU,5:10 PM,21/08,Scheduled,0.527642152675952,,,,False,1101000000,estimated,5,2,0.4,1,2025,0.13992073608378805,0.2880223824884529,0.44888883456384837,0.2588208048478035,0.4190120483215086,20,1,0.04720616570327554,0.998,64.2,C,0.275844930417495,2.2433283176872787,0.3437237315353901,0.21919703642813992,20,6,0,0.16666666666666666,0.2138728323699422,0.6409362549800797,0.1553784860557769,0.20368525896414344,0.19696969696969696,0.2123456790123457,0.1943127962085308,0.20125293657008614,0.26666666666666666,116,0.1375,93,False,False,0.5202141157744694,0.0074280369014826375,2.7611940298507465,3.1194029850746268,67,,,,,,,-0.10368679181679308,20,3.53,1.22,127.1,8.0,7.0,114.0,53.0,0.0,1.0,1.0,22.0,SP,25.0,533.0,102.0,21.3,8.06,3.75,7.21,0.99,23.869840294466552,0.012697847324047884,5,0.5555555555555556,-10.0,5,6,0,0,0.0,3.5833582035122507,0.07396908248173603,0.21103896103896103,0.3096590909090909,0.10511363636363637,0.3852596314907873,0.2928693467336683,0.23809523809523808,3.76,0.37172447817528403
671976,Tristan Peters,L,CWS,8,Sean Manaea,L,640455.0,824559,NYM @ CWS,4:40 PM,21/08,Scheduled,0.526872672841541,,,,False,0101110100,estimated,0,0,0.0,0,0,0.23911401691910947,0.28612322905097615,0.3465562911290108,0.293277142723039,0.19147348860631996,20,1,-0.15705128205128205,0.968,51.8,C,0.2785412262156448,3.2689235224621025,0.44916116997803607,0.24616848191059928,20,6,0,0.125,0.28205128205128205,0.6559196617336153,0.3091966173361522,0.03488372093023256,0.2328278322925959,0.2673611111111111,0.23964497041420119,0.24474841231069858,0.2388888888888889,195,0.3076923076923077,180,False,False,0.5354468391591453,-0.008574166317604215,2.896551724137931,3.2327586206896552,116,,,,,,,-0.1095736112283194,20,4.22,1.32,111.0,4.0,5.0,113.0,37.0,0.0,0.0,0.0,12.0,RP,26.0,481.0,109.0,18.5,9.16,3.0,8.84,1.3,21.992824161282954,0.002538438269570009,9,1.0,-7.0,6,7,0,0,0.0,3.1402993745920287,0.11116288170232916,0.26900584795321636,0.19109947643979058,0.07068062827225131,0.31802973977695165,0.30289591078066913,0.2357142857142857,3.598,0.31019017288230805
682626,Francisco Álvarez,R,NYM,8,Sean Burke,R,680732.0,824559,NYM @ CWS,4:40 PM,21/08,Scheduled,0.5267532383020667,,,,False,1110001000,estimated,0,0,0.0,0,0,0.14182609239984226,0.3021857746902197,0.44607915950044474,0.2940110000863517,0.37493254220743777,20,2,0.028988868274582552,0.968,77.1,B,0.30350022153300843,3.783898208365373,0.38117321288885875,0.28924177290657405,20,5,0,0.2159090909090909,0.24489795918367346,0.6015070921985816,0.3772163120567376,0.02127659574468085,0.23022222222222222,0.234375,0.1925925925925926,0.22645099904852523,0.2645161290322581,178,0.20155038759689922,147,False,False,0.5529466348293768,-0.02619339652731012,3.264367816091954,3.735632183908046,87,,,,,,,-0.1671359903496804,20,3.15,1.11,140.0,7.0,6.0,154.0,42.0,0.0,0.0,0.0,21.0,SP,25.0,571.0,113.0,22.8,9.9,2.7,7.26,1.03,23.203170867394938,0.029961047412219055,7,0.7,4.0,7,6,0,0,-1.0,3.9192134666626077,0.14134045773893292,0.25392670157068065,0.27816091954022987,0.09655172413793103,0.48339719029374206,0.337639846743295,0.2169811320754717,3.598,0.29359396392552123
673357,Luis Robert,R,NYM,5,Sean Burke,R,680732.0,824559,NYM @ CWS,4:40 PM,21/08,Scheduled,0.5266839731027624,,,,False,1101111010,estimated,0,0,0.0,0,0,0.19443198759867958,0.36148651275815097,0.30306444646430447,0.30599453035289215,0.3203012357797377,20,2,0.050051599587203316,0.968,77.1,B,0.30350022153300843,3.783898208365373,0.38117321288885875,0.28924177290657405,20,5,0,0.17543859649122806,0.22549019607843138,0.6015070921985816,0.3772163120567376,0.02127659574468085,0.19420289855072465,0.15894039735099338,0.15300546448087432,0.17790893760539628,0.1702127659574468,106,0.26153846153846155,72,False,False,0.5720420564142641,-0.04535808331150171,3.382978723404255,3.7872340425531914,47,,,,,,,-0.059406498731480864,20,3.15,1.11,140.0,7.0,6.0,154.0,42.0,0.0,0.0,0.0,21.0,SP,25.0,571.0,113.0,22.8,9.9,2.7,7.26,1.03,23.203170867394938,0.036073169754380574,7,0.7,4.0,7,6,0,0,-1.0,3.480444007123141,0.1435799269954557,0.23459715639810427,0.24145299145299146,0.07692307692307693,0.39536138079827404,0.3231499460625674,0.2169811320754717,4.024,0.29359396392552123
683357,Owen Caissie,L,MIA,7,Brad Lord,R,695418.0,823830,WSH @ MIA,4:10 PM,21/08,Scheduled,0.5215662960968271,,,,False,0110010100,estimated,0,0,0.0,0,0,0.1514730956316363,0.2753737452573586,0.41924812216992685,0.2594709063306579,0.3636205629183343,20,2,-0.030082987551867224,1.0,50.4,C,0.2689844464775846,1.5987325419546696,0.3626970217666058,0.2207129928965606,20,6,0,0.25,0.21991701244813278,0.5965073529411765,0.359375,0.04411764705882353,0.2034412955465587,0.19334389857369255,0.24793388429752067,0.21013039117352056,0.22641509433962265,178,0.21428571428571427,114,False,False,0.5172484616941927,0.004317834402634446,2.7934782608695654,3.1739130434782608,92,,,,,,,-0.18082919959117638,20,4.04,1.25,62.1,5.0,2.0,57.0,25.0,1.0,1.0,2.0,3.0,RP,30.0,269.0,53.0,9.0,8.23,3.61,7.65,1.01,8.892515646487634,-3.7960968271022466e-06,8,1.0,4.0,7,6,0,0,0.0,3.4111109411788916,0.06559299729592921,0.2214765100671141,0.378698224852071,0.07988165680473373,0.4200980392156863,0.33933529411764707,0.25961538461538464,3.76,0.3142328583844634
666139,Josh Lowe,L,LAA,7,Mackenzie Gore,L,669022.0,822857,LAA @ TEX,5:15 PM,21/08,Scheduled,0.5215662960968271,,,,False,0101100111,estimated,0,0,0.0,0,0,0.298507353866575,0.3976731064887398,0.43685790658722096,0.3770028650432927,0.2760693912879125,20,1,-0.08851674641148327,0.964,64.9,C,0.2729957805907173,3.270439792491694,0.38724145377278074,0.2523690830822124,20,6,0,0.13636363636363635,0.22488038277511962,0.593077247783875,0.28704094554664417,0.1198818066694808,0.15660184237461616,0.17061611374407584,0.20860927152317882,0.17008797653958943,0.21739130434782608,150,0.21505376344086022,103,False,False,0.5261229234067102,-0.004556627309883043,2.9240506329113924,3.2025316455696204,79,,,,,,,-0.04295039107637569,20,4.45,1.26,139.2,7.0,9.0,154.0,51.0,0.0,0.0,0.0,26.0,SP,26.0,597.0,125.0,23.0,9.92,3.29,8.05,1.16,23.62511154416514,0.008396203903172972,8,0.8888888888888888,7.0,6,6,0,0,0.0,3.14411962355452,0.11226677240597548,0.2047244094488189,0.2973621103117506,0.06474820143884892,0.3754863813229572,0.30166536964980545,0.25757575757575757,3.76,0.32140420764430694
670231,John Rave,L,KC,9,Troy Melton,R,675512.0,824072,DET @ KC,5:10 PM,21/08,Scheduled,0.5208444306698259,,,,False,0010000010,estimated,0,0,0.0,0,0,0.1138346415572934,0.2576708021291152,0.2610139601963061,0.14638466709229062,0.23400438554744704,20,1,0.07943262411347518,1.028,76.5,B,0.27942353883106485,3.0507859461158793,0.3500852046856267,0.23209108768820572,14,6,0,0.13333333333333333,0.2127659574468085,0.655724579663731,0.23298638911128902,0.11128903122497999,0.19047619047619047,0.19548872180451127,0.2625,0.20567375886524822,0.18421052631578946,41,0.20833333333333334,29,False,False,0.5018068587833824,0.019037571886443505,2.5833333333333335,2.9166666666666665,24,,,,,,,-0.2739122181648137,20,1.49,0.96,84.1,7.0,1.0,73.0,25.0,0.0,0.0,0.0,14.0,SP,14.0,329.0,56.0,23.5,7.79,2.67,5.98,0.85,23.310422085347668,0.0150333471079519,9,1.0,-5.0,6,7,0,0,0.0,2.976109930038408,0.028498032853742927,0.211864406779661,0.24354243542435425,0.09225092250922509,0.3588235294117647,0.27605882352941175,0.20114942528735633,3.442,0.2834937672091071
663647,Ke'Bryan Hayes,R,CIN,9,Eduardo Rodríguez,L,593958.0,825045,CIN @ AZ,6:40 PM,21/08,Scheduled,0.5187997324184374,,,,False,0001110011,estimated,8,2,0.25,1,2023,0.20565814837146848,0.27271241959580406,0.3608131613965939,0.2688637153746564,0.2589761350767182,20,1,0.020959034614163236,1.0,56.7,C,0.2533726812816189,2.658340065915358,0.3412373141734607,0.1789889094969121,20,6,0,0.1702127659574468,0.14925373134328357,0.6109704641350211,0.1270042194092827,0.2620253164556962,0.14675767918088736,0.1366120218579235,0.18556701030927836,0.1482889733840304,0.16822429906542055,114,0.13513513513513514,79,False,False,0.5020262358125663,0.01677349660587102,3.0166666666666666,3.216666666666667,60,,,,,,,0.017701032026738138,20,2.71,1.21,149.1,12.0,4.0,106.0,47.0,0.0,0.0,0.0,25.0,SP,25.0,613.0,134.0,24.5,6.39,2.83,8.08,0.84,24.85761391892604,-0.007219732418437208,5,0.7142857142857143,24.0,6,8,0,0,-3.0,2.6180554854820293,0.0456375413886773,0.18548387096774194,0.1769041769041769,0.07616707616707617,0.3961111111111111,0.2884472222222222,0.23333333333333334,3.442,0.29649873378810815
657757,Gavin Sheets,L,SD,8,Connor Prielipp,L,687570.0,823262,MIN @ SD,6:40 PM,21/08,Scheduled,0.5180943881137527,,,,False,1100010111,estimated,0,0,0.0,0,0,0.25181702825809005,0.33901575666136347,0.36416335259377003,0.3280745906002232,0.21873459412007495,20,2,-0.06633064516129034,0.954,48.4,D,0.2780358327803583,2.645581551659846,0.42130093942258995,0.25387651065451905,17,6,0,0.15625,0.22258064516129034,0.42297476759628155,0.46879150066401065,0.10823373173970784,0.19235836627140976,0.18646080760095013,0.2126865671641791,0.19579455360220613,0.19704433497536947,237,0.2446043165467626,161,False,True,0.511339654061952,0.006754734051800715,2.9482758620689653,3.4310344827586206,116,,,,,,,-0.02452753822831445,20,5.34,1.38,87.2,3.0,6.0,94.0,36.0,0.0,0.0,0.0,17.0,SP,17.0,382.0,85.0,22.5,9.65,3.7,8.73,1.23,22.851861219791502,-0.012334388113752648,5,0.625,-7.0,7,6,0,0,-3.0,2.590991705172883,0.10831336592840653,0.21690140845070421,0.1975609756097561,0.11463414634146342,0.4148418491484185,0.2838138686131387,0.3125,3.598,0.334062801460213
641857,Ryan Mcmahon,L,NYY,8,Mason Fluharty,L,689254.0,823510,TOR @ NYY,4:05 PM,21/08,Scheduled,0.5172484616941927,,,,False,0011010001,estimated,0,0,0.0,0,0,0.174810866501938,0.318411086977213,0.3617575754169299,0.3031458905808778,0.3667184463833234,20,2,0.057237002684891375,1.007,93.0,A,0.29550827423167847,4.288467793198914,0.31457719808781,0.24112832543142793,20,2,0,0.2647058823529412,0.2074688796680498,0.49166666666666664,0.4119047619047619,0.09642857142857143,0.1918997107039537,0.19753086419753085,0.24,0.1984,0.1793103448275862,158,0.25384615384615383,144,False,False,0.5172484616941927,0.0,2.806122448979592,3.0816326530612246,98,,,,,,,-0.04191991051662279,20,3.71,1.24,51.0,5.0,1.0,56.0,20.0,1.0,0.0,1.0,3.0,RP,67.0,213.0,43.0,3.2,9.88,3.53,7.59,1.06,2.7415480414642843,-0.0037084616941925885,5,0.7142857142857143,11.0,5,6,0,0,0.0,3.020179847014799,0.10591395135615443,0.21700879765395895,0.2994652406417112,0.07219251336898395,0.4978165938864629,0.33605094614264924,0.15384615384615385,3.598,0.2833383289952749
660821,Jesús Sánchez,L,TOR,6,Cam Schlittler,R,693645.0,823510,TOR @ NYY,4:05 PM,21/08,Scheduled,0.5128139275434939,,,,False,0110000010,estimated,9,3,0.3333333333333333,1,2025,0.13361912979103854,0.2725663116580527,0.4226405074822805,0.24195124715781946,0.3377641925518603,20,2,0.08990495761623427,1.007,68.9,B,0.2963583089158644,4.710334010542249,0.4132230276930294,0.33232278275700694,20,6,0,0.17647058823529413,0.2663755458515284,0.90020964360587,0.09979035639412998,0.0,0.28420123565754635,0.22541966426858512,0.2702020202020202,0.27100409836065575,0.2948717948717949,175,0.2,98,False,False,0.5693835742137079,-0.056569646670214024,2.8275862068965516,3.1379310344827585,87,,,,,,,-0.11814348806014444,20,2.19,0.94,152.0,10.0,6.0,189.0,34.0,0.0,0.0,0.0,26.0,SP,26.0,602.0,109.0,23.2,11.19,2.01,6.45,0.83,23.295032856228406,0.07645273912317285,3,0.375,2.0,6,6,0,0,0.0,2.843895590061206,0.15079116866294356,0.24925816023738873,0.24,0.072,0.43387314439946023,0.32902226720647776,0.20058997050147492,3.896,0.2760397804790795
669224,Austin Wells,L,NYY,9,Mason Fluharty,L,689254.0,823510,TOR @ NYY,4:05 PM,21/08,Scheduled,0.511339654061952,,,,False,1111010001,estimated,0,0,0.0,0,0,0.20389944475383967,0.24404948420706532,0.3417089865527581,0.3041544385692564,0.2214516616291023,20,1,-0.03129760420994321,1.007,93.0,A,0.29550827423167847,4.288467793198914,0.31457719808781,0.24112832543142793,20,2,0,0.14942528735632185,0.18072289156626506,0.49166666666666664,0.4119047619047619,0.09642857142857143,0.1530120481927711,0.11861313868613138,0.12867647058823528,0.13932448733413752,0.14965986394557823,161,0.19811320754716982,128,False,False,0.511339654061952,0.0,2.811111111111111,3.2111111111111112,90,,,,,,,-0.072912481827805,20,3.71,1.24,51.0,5.0,1.0,56.0,20.0,1.0,0.0,1.0,3.0,RP,67.0,213.0,43.0,3.2,9.88,3.53,7.59,1.06,2.7415480414642843,0.0013003459380479532,5,0.7142857142857143,11.0,5,6,0,0,0.0,2.9021663319206623,0.06852440660018444,0.20408163265306123,0.2729591836734694,0.09438775510204081,0.4456214689265537,0.31860310734463276,0.15384615384615385,3.442,0.2833383289952749
663494,Bryan Torres,L,STL,9,Jesús Luzardo,L,666200.0,823420,STL @ PHI,3:40 PM,21/08,Scheduled,0.5063440702152008,,,,False,0000101111,estimated,0,0,0.0,0,0,0.2854870687839808,0.2655105535479366,0.22178953590677442,0.3398320916248148,0.1381631563899602,20,1,0.22539682539682537,1.009,98.2,A,0.3281378178835111,4.153463133192454,0.3325694896631574,0.31177090833639565,20,6,0,0.4444444444444444,0.21904761904761905,0.43150123051681705,0.38187038556193603,0.18662838392124692,0.2267818574514039,0.2233502538071066,0.24242424242424243,0.22793148880105402,0.25806451612903225,68,0.21153846153846154,59,True,False,0.5215662960968271,-0.015222225881626361,2.4782608695652173,2.760869565217391,46,,,,,,,-0.030930769379367347,20,3.23,1.15,150.1,11.0,5.0,185.0,46.0,0.0,0.0,0.0,25.0,SP,25.0,621.0,127.0,24.8,11.08,2.75,7.6,0.72,25.61276122713265,0.03560592978479915,8,1.0,-11.0,7,8,0,0,0.0,2.8085100129413005,0.07963741424990374,0.2336448598130841,0.211864406779661,0.07627118644067797,0.3252032520325203,0.3148536585365853,0.15384615384615385,3.442,0.33164086644129775
676439,Hunter Feduccia,L,LAD,9,Bubba Chandler,R,696149.0,823911,PIT @ LAD,7:10 PM,21/08,Scheduled,0.5020262358125663,,,,False,1110101100,estimated,0,0,0.0,0,0,0.2518478293995681,0.3642970801952315,0.4343029810212915,0.2858746240556364,0.11388396455442813,20,3,0.059561128526645774,0.973,54.1,C,0.2604517059106199,1.9283948509284898,0.3752958468625052,0.20485898910237982,20,7,0,0.18181818181818182,0.2413793103448276,0.5525554484088717,0.29026036644165865,0.15718418514946964,0.2031523642732049,0.1969309462915601,0.26108374384236455,0.20985556499575192,0.23711340206185566,112,0.22857142857142856,78,False,False,0.4960287820115779,0.005997453800988428,2.4558823529411766,2.7941176470588234,68,,,,,,,0.07985256191440544,20,4.23,1.37,121.1,6.0,8.0,108.0,64.0,0.0,0.0,0.0,23.0,SP,24.0,528.0,102.0,22.0,8.01,4.75,7.57,0.74,22.12207198391911,0.008048764187433721,8,0.8888888888888888,2.0,7,6,0,0,-1.0,2.8826308184697207,0.09738750877221106,0.2007042253521127,0.270516717325228,0.11246200607902736,0.3525641025641026,0.3066102564102564,0.22950819672131148,3.442,0.32618350577985683
663586,Austin Riley,R,ATL,8,Jacob Misiorowski,R,694819.0,823746,ATL @ MIL,1:10 PM,21/08,Scheduled,0.5020262358125663,,,,False,1010011001,estimated,0,0,0.0,0,0,0.2466000790319899,0.44495299443366537,0.6191506975776397,0.425120521053347,0.4027219068567419,20,1,0.01435144147566586,0.97,94.6,A,0.36331658291457286,9.090909477400473,0.3578621576419709,0.4049007675947822,20,6,0,0.2138364779874214,0.22818791946308725,0.77526395173454,0.21216691804927099,0.01256913021618904,0.21302083333333333,0.2010919017288444,0.229957805907173,0.21212121212121213,0.22134387351778656,281,0.22549019607843138,227,False,False,0.5502777976615788,-0.04825156184901247,3.5984251968503935,4.0,127,,,,,,,0.06493872758603321,20,1.75,0.75,139.0,12.0,5.0,210.0,31.0,0.0,0.0,0.0,23.0,SP,23.0,527.0,73.0,22.9,13.6,2.01,4.73,0.84,22.845887729658934,0.0434987641874337,4,0.5714285714285714,15.0,7,7,0,0,0.0,3.7224653145410986,0.04890182138782207,0.21577726218097448,0.3125,0.075,0.45848161328588377,0.322932384341637,0.19617224880382775,3.598,0.28897793523681603
694203,Denzer Guzman,R,LAA,9,Mackenzie Gore,L,669022.0,822857,LAA @ TEX,5:15 PM,21/08,Scheduled,0.5020262358125663,,,,False,0011100111,estimated,0,0,0.0,0,0,0.22498082016896528,0.3082051336917446,0.3139451890454665,0.3563861948758731,0.3060359368576558,20,1,-0.0405148456925552,0.964,64.9,C,0.2729957805907173,3.270439792491694,0.38724145377278074,0.2523690830822124,20,6,0,0.20754716981132076,0.24806201550387597,0.593077247783875,0.28704094554664417,0.1198818066694808,0.2410596026490066,0.15862068965517243,0.2185430463576159,0.21471025260029716,0.24107142857142858,118,0.22857142857142856,78,False,False,0.5106343097572674,-0.008608073944701089,3.64,3.92,50,,,,,,,0.11176227511270083,20,4.45,1.26,139.2,7.0,9.0,154.0,51.0,0.0,0.0,0.0,26.0,SP,26.0,597.0,125.0,23.0,9.92,3.29,8.05,1.16,23.62511154416514,0.015611264187433638,8,0.8888888888888888,7.0,6,6,0,0,0.0,3.370619647454385,0.028797204471534707,0.22624434389140272,0.288135593220339,0.046610169491525424,0.34967320261437906,0.30441830065359476,0.22580645161290322,3.442,0.32140420764430694
642215,Weston Wilson,R,SEA,9,Matt Boyd,L,571510.0,823101,CHC @ SEA,7:10 PM,21/08,Scheduled,0.4995170471947903,,,,False,1001001000,estimated,0,0,0.0,0,0,0.14223136851608764,0.2717324253422012,0.41881270272585525,0.24895158842978612,0.40053204843193824,20,1,0.049977283053157656,0.906,57.4,C,0.26813880126182965,2.218994372475629,0.3551057952696352,0.17009302675756807,14,6,0,0.2112676056338028,0.16129032258064516,0.4558359621451104,0.27681388012618297,0.26735015772870663,0.1875,0.1875,0.23717948717948717,0.1977715877437326,0.18333333333333332,68,0.21428571428571427,50,False,False,0.4935195933938017,0.005997453800988595,2.3181818181818183,2.6818181818181817,44,,,,,,,-0.09357463795970036,20,4.02,1.24,85.0,8.0,2.0,68.0,26.0,0.0,0.0,0.0,15.0,SP,15.0,354.0,79.0,23.6,7.2,2.75,8.36,1.38,24.771031578225305,-0.016537047194790322,5,0.8333333333333334,36.0,6,6,0,0,-2.0,2.804151056431302,0.1376736802197053,0.2226148409893993,0.290625,0.096875,0.42280701754385963,0.3228859649122807,0.2510822510822511,3.442,0.3053731214237843
670032,Nicky Lopez,L,TEX,9,Reid Detmers,L,672282.0,822857,LAA @ TEX,5:15 PM,21/08,Scheduled,0.4995170471947903,,,,False,0100010100,estimated,0,0,0.0,0,0,0.1300395246748111,0.2065255013673832,0.12630535848545263,0.15632567504886744,0.21195895699008965,20,1,0.154320987654321,0.964,76.4,B,0.3083910034602076,4.1346022807815075,0.40431736298505105,0.30752254277005325,20,6,0,0.3888888888888889,0.2345679012345679,0.4699003897791252,0.43265482893027285,0.097444781290602,0.29646017699115046,0.2246153846153846,0.2422680412371134,0.2681704260651629,0.29906542056074764,116,0.21978021978021978,105,False,False,0.5282870561975733,-0.028770009002783037,2.75,3.0694444444444446,72,,,,,,,-0.18124085769424136,20,3.78,1.06,143.0,4.0,8.0,167.0,43.0,0.0,0.0,0.0,25.0,SP,25.0,579.0,108.0,23.2,10.51,2.71,6.8,1.07,22.611019141923713,0.030182952805209773,7,0.875,0.0,6,6,0,0,0.0,2.721496506660687,0.01860035067278466,0.2441860465116279,0.15544041450777202,0.07512953367875648,0.22241784037558684,0.2648732394366197,0.2196969696969697,3.442,0.29154318969235227
663728,Cal Raleigh,L,SEA,8,Matt Boyd,L,571510.0,823101,CHC @ SEA,7:10 PM,21/08,Scheduled,0.4978374277964363,-117.0,127.0,54.0,False,0010001000,estimated,0,0,0.0,0,0,0.1155032057657483,0.24561374798338073,0.5212495770238569,0.20947748519705595,0.26875769579499675,20,1,-0.02660352991820919,0.906,57.4,C,0.26813880126182965,2.218994372475629,0.3551057952696352,0.17009302675756807,14,6,0,0.13861386138613863,0.16521739130434782,0.4558359621451104,0.27681388012618297,0.26735015772870663,0.14974937343358397,0.16940581542351454,0.13688212927756654,0.1527634740817027,0.16831683168316833,233,0.13953488372093023,156,False,False,0.4960287820115779,0.0018086457848583981,3.5591397849462365,4.182795698924731,93,,,,,,,-0.16595107102329,20,4.02,1.24,85.0,8.0,2.0,68.0,26.0,0.0,0.0,0.0,15.0,SP,15.0,354.0,79.0,23.6,7.2,2.75,8.36,1.38,24.771031578225305,-0.0016174277964363104,5,0.8333333333333334,36.0,6,6,0,0,-2.0,3.6553037693307138,0.2915174341658014,0.1927437641723356,0.3157894736842105,0.11306042884990253,0.37216248506571087,0.30098924731182797,0.20270270270270271,3.598,0.3053731214237843
665923,Esteury Ruiz,R,MIA,9,Brad Lord,R,695418.0,823830,WSH @ MIA,4:10 PM,21/08,Scheduled,0.4961175845432457,,,,False,0110001100,estimated,0,0,0.0,0,0,0.20448788712776136,0.2982595724670553,0.25505680149700116,0.35304130173846204,0.38099648711130607,20,2,0.06776556776556775,1.0,50.4,C,0.2689844464775846,1.5987325419546696,0.3626970217666058,0.2207129928965606,20,6,0,0.21794871794871795,0.2857142857142857,0.5965073529411765,0.359375,0.04411764705882353,0.1871559633027523,0.16613418530351437,0.2251655629139073,0.1863230921704658,0.24050632911392406,96,0.2608695652173913,83,False,False,0.48909397788245235,0.00702360666079338,2.176470588235294,2.6323529411764706,68,,,,,,,-0.1140860841577388,20,4.04,1.25,62.1,5.0,2.0,57.0,25.0,1.0,1.0,2.0,3.0,RP,30.0,269.0,53.0,9.0,8.23,3.61,7.65,1.01,8.892515646487634,0.003794915456754311,8,1.0,4.0,7,6,0,0,0.0,2.951657535055195,0.05399988398066915,0.22932330827067668,0.2961783439490446,0.08917197452229299,0.25626204238921,0.2641849710982659,0.18181818181818182,3.442,0.3142328583844634
573262,Mike Yastrzemski,L,ATL,7,Jacob Misiorowski,R,694819.0,823746,ATL @ MIL,1:10 PM,21/08,Scheduled,0.4960287820115779,,,,False,1100100001,estimated,0,0,0.0,0,0,0.20345096350595088,0.3255863788214284,0.3964816835735919,0.3042669852117922,0.23919729353821068,20,2,0.10808270676691728,0.97,94.6,A,0.36331658291457286,9.090909477400473,0.3578621576419709,0.4049007675947822,20,6,0,0.125,0.23308270676691728,0.77526395173454,0.21216691804927099,0.01256913021618904,0.21511627906976744,0.1694290976058932,0.23574144486692014,0.2062314540059347,0.22448979591836735,161,0.22962962962962963,159,False,False,0.5443288619829117,-0.04830007997133384,2.611111111111111,2.962962962962963,108,,,,,,,-0.12037737285329293,20,1.75,0.75,139.0,12.0,5.0,210.0,31.0,0.0,0.0,0.0,23.0,SP,23.0,527.0,73.0,22.9,13.6,2.01,4.73,0.84,22.845887729658934,0.04292121798842213,4,0.5714285714285714,15.0,7,7,0,0,0.0,2.523624671828111,0.11198911816463328,0.2391304347826087,0.22493224932249323,0.10569105691056911,0.45034867503486753,0.31484100418410044,0.11583011583011583,3.76,0.28897793523681603
680779,Henry Davis,R,PIT,9,Yoshinobu Yamamoto,R,808967.0,823911,PIT @ LAD,7:10 PM,21/08,Scheduled,0.4920819588777665,,,,False,0010100010,estimated,0,0,0.0,0,0,0.1614403463192365,0.2567385566929096,0.37878866143542805,0.22019047764536664,0.2341028646899488,20,2,0.0523967628138618,0.973,84.3,A,0.2930951231289232,3.709619790964891,0.35996946039974076,0.2520615023765238,20,7,0,0.13114754098360656,0.18354430379746836,0.5472154963680388,0.18595641646489103,0.26682808716707024,0.17662682602921648,0.1382716049382716,0.18617021276595744,0.1644640234948605,0.1532258064516129,141,0.18947368421052632,112,False,False,0.49821397941089085,-0.006132020533124338,3.0,3.4657534246575343,73,,,,,,,-0.16884757740343953,20,2.6,0.89,145.1,12.0,7.0,136.0,34.0,0.0,0.0,0.0,22.0,SP,22.0,556.0,96.0,25.3,8.42,2.11,5.94,0.93,25.677116021380222,0.010198041122233548,5,0.7142857142857143,13.0,7,6,0,0,-3.0,3.413604478545333,0.08552143828127076,0.16348773841961853,0.2446043165467626,0.07673860911270983,0.40503144654088047,0.26413207547169815,0.19166666666666668,3.442,0.31797911463806594
679822,Justin Foscue,R,TEX,7,Reid Detmers,L,672282.0,822857,LAA @ TEX,5:15 PM,21/08,Scheduled,0.48623559896208784,,,,False,0110100111,estimated,7,1,0.14285714285714285,1,2026,0.3304979413920173,0.3313238212565495,0.40486442070499623,0.4089951937577816,0.19094655498950935,20,1,0.21916411824668708,0.964,76.4,B,0.3083910034602076,4.1346022807815075,0.40431736298505105,0.30752254277005325,20,6,0,0.3302752293577982,0.1111111111111111,0.4699003897791252,0.43265482893027285,0.097444781290602,0.24569640062597808,0.3079268292682927,0.3312883435582822,0.2761061946902655,0.2926829268292683,89,0.2361111111111111,82,False,False,0.5208444306698259,-0.03460883170773804,2.2,2.442857142857143,70,,,,,,,-0.14544924114305183,20,3.78,1.06,143.0,4.0,8.0,167.0,43.0,0.0,0.0,0.0,25.0,SP,25.0,579.0,108.0,23.2,10.51,2.71,6.8,1.07,22.611019141923713,0.04035011532362637,7,0.875,0.0,6,6,0,0,0.0,2.1013938301422654,0.10107928613184144,0.18828451882845187,0.2965779467680608,0.06463878326996197,0.3198757763975155,0.24861490683229814,0.20256410256410257,3.76,0.29154318969235227
664774,Lamonte Wade,L,HOU,9,J. T. Ginn,R,669372.0,824152,ATH @ HOU,5:10 PM,21/08,Scheduled,0.48331590111064787,,,,False,1000100110,estimated,0,0,0.0,0,0,0.2659838542841871,0.32113433087326615,0.419857929517871,0.34975286604092365,0.2249745282518129,20,1,0.08214285714285716,0.998,64.2,C,0.275844930417495,2.2433283176872787,0.3437237315353901,0.21919703642813992,20,6,0,0.14285714285714285,0.225,0.6409362549800797,0.1553784860557769,0.20368525896414344,0.22026431718061673,0.20786516853932585,0.12903225806451613,0.2013157894736842,0.18181818181818182,63,0.28125,41,False,False,0.4830965240814638,0.00021937702918406465,2.5588235294117645,3.0588235294117645,34,,,,,,,-0.03823089777013937,20,3.53,1.22,127.1,8.0,7.0,114.0,53.0,0.0,1.0,1.0,22.0,SP,25.0,533.0,102.0,21.3,8.06,3.75,7.21,0.99,23.869840294466552,0.028384098889352172,5,0.5555555555555556,-10.0,5,6,0,0,0.0,2.6406391968818057,0.1476659241614578,0.1926605504587156,0.22739018087855298,0.13178294573643412,0.3353556485355649,0.2601589958158996,0.23809523809523808,3.442,0.37172447817528403
666152,David Hamilton,L,MIL,9,Chris Sale,L,519242.0,823746,ATL @ MIL,1:10 PM,21/08,Scheduled,0.48331590111064787,,,,False,1010110011,estimated,0,0,0.0,0,0,0.23844028345114404,0.34403128860585963,0.2842175681060851,0.37068563592295894,0.24304275309542547,20,1,-0.053525641025641,0.97,81.7,A,0.32483156881616937,6.931694951758693,0.3543554792415561,0.33488557535207875,20,7,0,0.19230769230769232,0.24583333333333332,0.49350024073182475,0.3943187289359653,0.11218103033220991,0.23974082073434125,0.20428015564202334,0.16901408450704225,0.2181922855497985,0.22535211267605634,163,0.25806451612903225,144,False,False,0.5215662960968271,-0.03825039498617927,2.9555555555555557,3.411111111111111,90,,,,,,,0.008714399672845702,20,2.16,1.02,129.0,12.0,8.0,160.0,28.0,0.0,0.0,0.0,22.0,SP,22.0,517.0,103.0,23.5,11.16,1.95,7.19,0.56,23.296430026314393,0.04630909888935214,4,0.5714285714285714,2.0,7,6,0,0,0.0,3.3598217595196966,0.10453714911773634,0.2441860465116279,0.22,0.0975,0.3050130208333333,0.266994140625,0.24786324786324787,3.442,0.29178445587492335
805347,Jim Jarvis,L,ATL,9,Jacob Misiorowski,R,694819.0,823746,ATL @ MIL,1:10 PM,21/08,Scheduled,0.48080671249287166,,,,False,0010000100,estimated,0,0,0.0,0,0,0.1107127318463371,0.2657293187827571,0.31559957074205763,0.14994619681386623,0.19329455636439533,20,2,-0.13541666666666666,0.97,94.6,A,0.36331658291457286,9.090909477400473,0.3578621576419709,0.4049007675947822,20,6,0,0.3333333333333333,0.19791666666666666,0.77526395173454,0.21216691804927099,0.01256913021618904,0.20699708454810495,0.21052631578947367,0.2,0.20634920634920634,0.21666666666666667,66,0.20833333333333334,55,True,False,0.5116675187397851,-0.030860806246913453,2.918918918918919,3.27027027027027,37,,,,,,,-0.2512595183083737,20,1.75,0.75,139.0,12.0,5.0,210.0,31.0,0.0,0.0,0.0,23.0,SP,23.0,527.0,73.0,22.9,13.6,2.01,4.73,0.84,22.845887729658934,0.03601828750712832,4,0.5714285714285714,15.0,7,7,0,0,0.0,3.0749734418074226,0.09215674296980657,0.21153846153846154,0.19130434782608696,0.06086956521739131,0.3556910569105691,0.2850853658536585,0.11583011583011583,3.442,0.28897793523681603
694497,Evan Carter,L,TEX,8,Reid Detmers,L,672282.0,822857,LAA @ TEX,5:15 PM,21/08,Scheduled,0.48080671249287166,,,,False,0011111010,estimated,0,0,0.0,0,0,0.16421703718855013,0.25047577975739405,0.19370676728471434,0.2777663890528023,0.2996402236808585,20,1,0.03005140371688414,0.964,76.4,B,0.3083910034602076,4.1346022807815075,0.40431736298505105,0.30752254277005325,20,6,0,0.2222222222222222,0.19217081850533807,0.4699003897791252,0.43265482893027285,0.097444781290602,0.20066061106523533,0.16692913385826771,0.17726396917148363,0.18784297171802447,0.2215909090909091,207,0.1590909090909091,155,False,False,0.5106343097572674,-0.029827597264395767,2.8518518518518516,3.3518518518518516,108,,,,,,,-0.044488602323557114,20,3.78,1.06,143.0,4.0,8.0,167.0,43.0,0.0,0.0,0.0,25.0,SP,25.0,579.0,108.0,23.2,10.51,2.71,6.8,1.07,22.611019141923713,0.025036144649985492,7,0.875,0.0,6,6,0,0,0.0,3.1786752235233493,0.02220678786399957,0.195906432748538,0.23209876543209876,0.11851851851851852,0.36794354838709675,0.28626612903225807,0.2196969696969697,3.598,0.29154318969235227
642350,José Siri,R,LAA,8,Mackenzie Gore,L,669022.0,822857,LAA @ TEX,5:15 PM,21/08,Scheduled,0.4733033410319738,,,,False,0100111000,estimated,9,1,0.1111111111111111,1,2025,0.21758773282019975,0.4479172592447302,0.6843416777184679,0.40149953092374957,0.37155931027137545,20,1,-0.1439066551426102,0.964,64.9,C,0.2729957805907173,3.270439792491694,0.38724145377278074,0.2523690830822124,20,6,0,0.20224719101123595,0.34615384615384615,0.593077247783875,0.28704094554664417,0.1198818066694808,0.2629399585921325,0.2326388888888889,0.20437956204379562,0.2445414847161572,0.25333333333333335,79,0.25757575757575757,77,False,False,0.48331590111064787,-0.010012560078674071,2.3114754098360657,2.557377049180328,61,,,,,,,-0.028305844676906562,20,4.45,1.26,139.2,7.0,9.0,154.0,51.0,0.0,0.0,0.0,26.0,SP,26.0,597.0,125.0,23.0,9.92,3.29,8.05,1.16,23.62511154416514,0.030046658968026163,8,0.8888888888888888,7.0,6,6,0,0,0.0,2.562258098139179,0.07791194830399203,0.19938650306748465,0.3898305084745763,0.05649717514124294,0.425531914893617,0.30620744680851064,0.22580645161290322,3.598,0.32140420764430694
664702,Myles Straw,R,TOR,9,Cam Schlittler,R,693645.0,823510,TOR @ NYY,4:05 PM,21/08,Scheduled,0.47249459145471,,,,False,1011000000,estimated,0,0,0.0,0,0,0.12766080287307538,0.2036031236133229,0.14055466494475363,0.13415321532520408,0.15057542994429537,20,1,0.030813097866078,1.007,68.9,B,0.2963583089158644,4.710334010542249,0.4132230276930294,0.33232278275700694,20,6,0,0.2052980132450331,0.2361111111111111,0.90020964360587,0.09979035639412998,0.0,0.2136150234741784,0.19852941176470587,0.14201183431952663,0.20083974807557733,0.25,118,0.1826086956521739,129,False,False,0.513701266877194,-0.04120667542248396,2.2525252525252526,2.494949494949495,99,,,,,,,-0.23762394062876643,20,2.19,0.94,152.0,10.0,6.0,189.0,34.0,0.0,0.0,0.0,26.0,SP,26.0,602.0,109.0,23.2,11.19,2.01,6.45,0.83,23.295032856228406,0.05377207521195665,3,0.375,2.0,6,6,0,0,0.0,2.936527009705017,0.0881191862314227,0.21509433962264152,0.1541095890410959,0.06164383561643835,0.25681818181818183,0.2856681818181818,0.18981481481481483,3.442,0.2760397804790795
683146,Brett Baty,L,NYM,9,Sean Burke,R,680732.0,824559,NYM @ CWS,4:40 PM,21/08,Scheduled,0.46266384548922757,,,,False,0110010010,estimated,0,0,0.0,0,0,0.13810476302224386,0.28131835121832843,0.5871793231126732,0.20144423004250822,0.31988127070794126,20,2,0.03205619412515964,0.968,77.1,B,0.30350022153300843,3.783898208365373,0.38117321288885875,0.28924177290657405,20,5,0,0.18518518518518517,0.21724137931034482,0.6015070921985816,0.3772163120567376,0.02127659574468085,0.21728786677240286,0.1858678955453149,0.24,0.21343711593609177,0.24120603015075376,219,0.1724137931034483,167,False,False,0.5020262358125663,-0.03936239032333877,3.1559633027522938,3.541284403669725,109,,,,,,,-0.055972441798045315,20,3.15,1.11,140.0,7.0,6.0,154.0,42.0,0.0,0.0,0.0,21.0,SP,25.0,571.0,113.0,22.8,9.9,2.7,7.26,1.03,23.203170867394938,0.04692186879648674,7,0.7,4.0,7,6,0,0,-1.0,3.3016553596578584,0.06552312880710101,0.2125984251968504,0.2746478873239437,0.08450704225352113,0.40744949494949495,0.31830681818181816,0.22039473684210525,3.442,0.29359396392552123
624424,Michael Conforto,L,CHC,9,Emerson Hancock,R,676106.0,823101,CHC @ SEA,7:10 PM,21/08,Scheduled,0.4615555904549414,,,,False,0110010000,estimated,0,0,0.0,0,0,0.15116386333217585,0.2523565656089699,0.3076012153894792,0.24920870676553641,0.3726031053657332,20,2,0.0,0.906,55.7,C,0.2560914967677772,3.30339647310529,0.4173747664060709,0.2196416768415961,20,6,0,,0.22279792746113988,0.7422731804586241,0.20787637088733799,0.049850448654037885,0.2037914691943128,0.15862068965517243,0.16296296296296298,0.18013343217197925,0.19791666666666666,110,0.24742268041237114,115,False,False,0.4776922556107781,-0.016136665155836727,2.2976190476190474,2.6785714285714284,84,,,,,,,-0.23635466163511068,20,3.3,1.11,128.0,7.0,7.0,119.0,32.0,0.0,0.0,0.0,23.0,SP,23.0,516.0,110.0,22.4,8.37,2.25,7.73,1.13,22.764346506381035,0.01502774287839198,6,0.75,-14.0,6,6,0,0,-2.0,2.940583532949964,0.0846264499414396,0.24333333333333335,0.28695652173913044,0.10434782608695652,0.4767827529021559,0.3238507462686567,0.23048327137546468,3.442,0.36684580978134823
