batter_id,name,batter_hand,team,slot,pitcher,pitcher_hand,opp_pitcher_id,game_pk,matchup,start_time,game_date,game_state,p_hit,hit_odds,no_hit_odds,yes_cents,has_hit,last5,lineup_source,bvp_ab,bvp_h,bvp_avg,bvp_career,bvp_since,b_hit_rate,b_xba,b_hardhit,b_babip,b_k_rate,b_n_games,b_days_rest,split_diff,park_factor,p_rating,p_grade,p_csw,p_k_bb,p_hardhit_allowed,p_k_rate,p_n_games,p_days_rest,is_opener,b_hit_rate_vs_L,b_hit_rate_vs_R,p_use_fb,p_use_bb,p_use_os,b_hr_vs_fb,b_hr_vs_bb,b_hr_vs_os,b_hr_overall,b_hit_rate_vs_sp,b_pa_vs_sp,b_hit_rate_vs_rp,b_pa_vs_rp,b_is_rookie,p_is_rookie,base_p_hit,matchup_delta,b_avg_ab,b_avg_pa,b_games_played,p_multihit,base_p_multihit,p_multihit_matchup_delta,p_hrRbi,base_p_hrRbi,p_hrRbi_matchup_delta,b_quality_first3,b_n_games_first3,p_era,p_whip_official,p_ip,p_wins,p_losses,p_so,p_bb_official,p_saves,p_blown_saves,p_save_opps,p_games_started,p_role,p_games_pitched,p_bf_official,p_hits_allowed,p_bf_per_g,p_k9,p_bb9,p_h9,p_hr9,p_avg_bf,pen_delta,pen_available_n,pen_rested_frac,def_oaa_tonight,def_oaa_n,sched_games_7d,sched_day_after_night,sched_getaway,sched_tz_shift,b_pa,b_bb_rate,b_hit_rate_long,b_k_rate_long,b_bb_rate_long,b_hardhit_long,b_xba_long,p_hit_rate_vs_hand,slot_pa_exp,def_babip_allowed
666160,Mickey Moniak,L,COL,2,Seth Lugo,R,607625,824323,KC @ COL,12:10 PM,02/08,Scheduled,0.7871349108940023,,,,False,1111011111,estimated,10,3,0.3,1,2023,0.24340806865616268,0.3056865773206693,0.3691320140704748,0.3858559175994562,0.26541070874691464,20,1,0.015110631408526698,1.148,33.8,F,0.26676829268292684,2.2035862949276055,0.4889004065107112,0.1744198416160473,20,5,0,0.2647058823529412,0.2798165137614679,0.5175394001016776,0.39501779359430605,0.08744280630401627,0.25144175317185696,0.2775800711743772,0.28502415458937197,0.2673480365788058,0.2702702702702703,159,0.28846153846153844,114,False,False,0.6479142862184789,0.13922062467552343,3.452054794520548,3.73972602739726,73,,,,,,,0.016621122724640412,20,4.22,1.37,123.2,4.0,6.0,96.0,40.0,0.0,0.0,0.0,22.0,SP,22.0,523.0,129.0,23.8,6.99,2.91,9.39,1.09,23.651683166036136,-0.04660991089400235,4,0.5,5.0,5,5,1,1,0.0,4.55,0.04836005877369148,0.27163461538461536,0.25170068027210885,0.04081632653061224,0.42950819672131146,0.3245360655737705,0.2838283828382838,4.348,0.3020618656836683
664983,Jake Mccarthy,L,COL,1,Seth Lugo,R,607625,824323,KC @ COL,12:10 PM,02/08,Scheduled,0.7772430314369053,,,,False,1111101001,estimated,0,0,0.0,0,0,0.2192754357374355,0.2969212454147,0.1806468227701562,0.2757074797220291,0.21326162842309698,20,1,-0.00723379629629628,1.148,33.8,F,0.26676829268292684,2.2035862949276055,0.4889004065107112,0.1744198416160473,20,5,0,0.2962962962962963,0.2890625,0.5175394001016776,0.39501779359430605,0.08744280630401627,0.27387529597474347,0.26037735849056604,0.24057971014492754,0.265424430641822,0.29439252336448596,230,0.2845528455284553,136,False,False,0.6857548271844749,0.09148820425243043,3.6630434782608696,3.9782608695652173,92,,,,,,,0.11822469362339286,20,4.22,1.37,123.2,4.0,6.0,96.0,40.0,0.0,0.0,0.0,22.0,SP,22.0,523.0,129.0,23.8,6.99,2.91,9.39,1.09,23.651683166036136,-0.06476803143690524,4,0.5,5.0,5,5,1,1,0.0,4.65,0.022208326794322157,0.2894736842105263,0.17738359201773837,0.03991130820399113,0.2617357001972387,0.3069378698224852,0.2838283828382838,4.44,0.3020618656836683
521692,Salvador Pérez,R,KC,4,Kyle Freeland,L,607536,824323,KC @ COL,12:10 PM,02/08,Scheduled,0.7539269408083703,,,,False,1011011011,estimated,12,4,0.3333333333333333,1,2022,0.23589512847149038,0.37399918218217515,0.4736799922405059,0.34046650670572937,0.24478612747825193,20,1,0.021184385986180138,1.148,49.9,D,0.27808471454880296,4.490100931643858,0.431094077103974,0.1878767906030378,19,7,0,0.23008849557522124,0.2089041095890411,0.532842234499693,0.32535297728667895,0.141804788213628,0.20969945355191258,0.17959527824620575,0.26253687315634217,0.2032032032032032,0.21721311475409835,266,0.2111801242236025,174,False,False,0.6353906810577485,0.11853625975062176,3.894230769230769,4.230769230769231,104,,,,,,,0.08026388332420159,20,7.34,1.55,99.1,2.0,10.0,85.0,21.0,0.0,0.0,0.0,19.0,SP,19.0,452.0,133.0,23.8,7.7,1.9,12.05,1.9,24.150923446104215,-0.043764440808370275,8,1.0,6.0,7,6,1,1,0.0,4.35,0.0325156460089468,0.21739130434782608,0.20278330019880716,0.03777335984095427,0.4337057728119181,0.29084916201117317,0.31545741324921134,4.159,0.3725724466978415
695506,Jac Caglianone,L,KC,3,Kyle Freeland,L,607536,824323,KC @ COL,12:10 PM,02/08,Scheduled,0.7539269408083703,,,,False,0000001101,estimated,0,0,0.0,0,0,0.18737007786148224,0.3230038859149428,0.563057452836571,0.22080730850511646,0.18779191713182666,20,1,0.014051808406647104,1.148,49.9,D,0.27808471454880296,4.490100931643858,0.431094077103974,0.1878767906030378,19,7,0,0.26136363636363635,0.24731182795698925,0.532842234499693,0.32535297728667895,0.141804788213628,0.23983402489626557,0.22932745314222713,0.21739130434782608,0.23182173573103987,0.25728155339805825,229,0.2422360248447205,170,False,False,0.6448595690215777,0.1090673717867926,3.563106796116505,3.8737864077669903,103,,,,,,,-0.02693043983913255,20,7.34,1.55,99.1,2.0,10.0,85.0,21.0,0.0,0.0,0.0,19.0,SP,19.0,452.0,133.0,23.8,7.7,1.9,12.05,1.9,24.150923446104215,-0.055739440808370344,8,1.0,6.0,7,6,1,1,0.0,4.45,0.034190584308224345,0.23891625615763548,0.2825112107623318,0.07623318385650224,0.5285714285714286,0.3641464285714286,0.3113207547169811,4.248,0.3725724466978415
657041,Lane Thomas,R,KC,2,Kyle Freeland,L,607536,824323,KC @ COL,12:10 PM,02/08,Scheduled,0.7353462437195626,,,,False,1000111011,estimated,9,1,0.1111111111111111,1,2022,0.22357901801060054,0.3455999454852272,0.5000689433916378,0.37322467613853455,0.3290961056574903,20,1,0.01364040723534643,1.148,49.9,D,0.27808471454880296,4.490100931643858,0.431094077103974,0.1878767906030378,19,7,0,0.23880597014925373,0.2251655629139073,0.532842234499693,0.32535297728667895,0.141804788213628,0.22386895475819032,0.18206157965194109,0.22957198443579765,0.211353711790393,0.24375,179,0.216,149,False,False,0.6080346199175991,0.12731162380196348,3.0319148936170213,3.4893617021276597,94,,,,,,,-0.052401041611828125,20,7.34,1.55,99.1,2.0,10.0,85.0,21.0,0.0,0.0,0.0,19.0,SP,19.0,452.0,133.0,23.8,7.7,1.9,12.05,1.9,24.150923446104215,-0.04392124371956252,8,1.0,6.0,7,6,1,1,0.0,4.55,0.06038806521850369,0.21153846153846154,0.25176470588235295,0.12941176470588237,0.39948119325551235,0.30698054474708175,0.31545741324921134,4.348,0.3725724466978415
695600,Carter Jensen,L,KC,1,Kyle Freeland,L,607536,824323,KC @ COL,12:10 PM,02/08,Scheduled,0.7276827202949255,,,,False,0101001011,estimated,0,0,0.0,0,0,0.17113575317243349,0.28063310850311285,0.4625511929979415,0.26682720717682484,0.3564625943722043,20,1,-0.03316326530612243,1.148,49.9,D,0.27808471454880296,4.490100931643858,0.431094077103974,0.1878767906030378,19,7,0,0.20833333333333334,0.24149659863945577,0.532842234499693,0.32535297728667895,0.141804788213628,0.20473876063183474,0.21224489795918366,0.23246492985971945,0.21298949379178606,0.22972972972972974,241,0.24305555555555555,171,False,False,0.627562721445181,0.10011999884974454,3.5533980582524274,4.0,103,,,,,,,-0.14440399177362126,20,7.34,1.55,99.1,2.0,10.0,85.0,21.0,0.0,0.0,0.0,19.0,SP,19.0,452.0,133.0,23.8,7.7,1.9,12.05,1.9,24.150923446104215,-0.03780772029492552,8,1.0,6.0,7,6,1,1,0.0,4.65,0.12822221145945592,0.24396135265700483,0.2698072805139186,0.09635974304068523,0.45428240740740744,0.31011458333333336,0.3113207547169811,4.44,0.3725724466978415
650333,Luis Arráez,L,SF,1,Mike King,R,650633,823270,SF @ SD,1:10 PM,02/08,Scheduled,0.726705215574845,,,,False,0011111101,estimated,0,0,0.0,0,0,0.3182869131832483,0.33896352496861404,0.1527682572966422,0.3656542412786454,0.09274657453458404,20,2,-0.024991245105217885,0.954,68.3,B,0.2852216748768473,2.161377032259961,0.322687093471506,0.20493064572233569,20,5,0,0.3465346534653465,0.3215434083601286,0.4714285714285714,0.2458128078817734,0.2827586206896552,0.36297728371193816,0.33241379310344826,0.31234866828087166,0.34851301115241634,0.3699186991869919,268,0.26506024096385544,187,False,False,0.7340870052399868,-0.0073817896651418025,4.0,4.41747572815534,103,,,,,,,0.17031314930856134,20,3.38,1.17,125.1,6.0,7.0,109.0,50.0,0.0,0.0,0.0,22.0,SP,22.0,515.0,97.0,23.4,7.83,3.59,6.97,0.93,23.783289580222306,-0.00028854890817842094,6,0.8571428571428571,7.0,6,7,0,1,0.0,4.65,0.02900612333225031,0.32983193277310924,0.045714285714285714,0.047619047619047616,0.20737463126843658,0.3082245575221239,0.20938628158844766,4.44,0.31348301546667906
694249,Cole Carrigg,L,COL,4,Seth Lugo,R,607625,824323,KC @ COL,12:10 PM,02/08,Scheduled,0.7254959839867814,,,,False,1110111100,estimated,0,0,0.0,0,0,0.26628696271286867,0.3538799241289504,0.3230024494027857,0.31432937799208654,0.2073976163585575,20,1,-0.08333333333333331,1.148,33.8,F,0.26676829268292684,2.2035862949276055,0.4889004065107112,0.1744198416160473,20,5,0,0.3333333333333333,0.25,0.5175394001016776,0.39501779359430605,0.08744280630401627,0.277992277992278,0.25833333333333336,0.20320855614973263,0.2576557550158395,0.27710843373493976,92,0.3148148148148148,72,True,False,0.6300921251781265,0.09540385880865487,3.341463414634146,4.0,41,,,,,,,0.07816980974905016,20,4.22,1.37,123.2,4.0,6.0,96.0,40.0,0.0,0.0,0.0,22.0,SP,22.0,523.0,129.0,23.8,6.99,2.91,9.39,1.09,23.651683166036136,-0.03924598398678136,4,0.5,5.0,5,5,1,1,0.0,4.35,0.1064086492412479,0.2805755395683453,0.2147239263803681,0.09202453987730061,0.3541666666666667,0.3061153846153846,0.2838283828382838,4.159,0.3020618656836683
691720,Kyle Karros,R,COL,6,Seth Lugo,R,607625,824323,KC @ COL,12:10 PM,02/08,Scheduled,0.7241678857641762,,,,False,0110111011,estimated,0,0,0.0,0,0,0.31656144275362735,0.31977375074990355,0.3650947984656755,0.4385787973629707,0.22413469387268362,20,1,-0.05088495575221241,1.148,33.8,F,0.26676829268292684,2.2035862949276055,0.4889004065107112,0.1744198416160473,20,5,0,0.3008849557522124,0.25,0.5175394001016776,0.39501779359430605,0.08744280630401627,0.26785714285714285,0.24838292367399742,0.2568493150684932,0.26007636826474334,0.2681564245810056,205,0.26865671641791045,161,False,False,0.5985437059246375,0.12562417983953877,3.099009900990099,3.623762376237624,101,,,,,,,0.07201658506596918,20,4.22,1.37,123.2,4.0,6.0,96.0,40.0,0.0,0.0,0.0,22.0,SP,22.0,523.0,129.0,23.8,6.99,2.91,9.39,1.09,23.651683166036136,-0.03169288576417617,4,0.5,5.0,5,5,1,1,0.0,4.12,0.10614604923999368,0.2561307901907357,0.21445221445221446,0.11655011655011654,0.42363636363636364,0.3132618181818182,0.25748502994011974,3.895,0.3020618656836683
686681,Michael Massey,L,KC,7,Kyle Freeland,L,607536,824323,KC @ COL,12:10 PM,02/08,Scheduled,0.7161750201332646,,,,False,1110101001,estimated,0,0,0.0,0,0,0.24875899227623607,0.3011938974467771,0.3967264205973223,0.35778333096731096,0.15291226025515445,20,1,-0.14104116222760293,1.148,49.9,D,0.27808471454880296,4.490100931643858,0.431094077103974,0.1878767906030378,19,7,0,0.14285714285714285,0.2838983050847458,0.532842234499693,0.32535297728667895,0.141804788213628,0.24266666666666667,0.269449715370019,0.23389830508474577,0.2501281394156843,0.23952095808383234,179,0.2972972972972973,122,False,False,0.6158143405695884,0.10036067956367623,3.1235955056179776,3.3820224719101124,89,,,,,,,0.08651924640330252,20,7.34,1.55,99.1,2.0,10.0,85.0,21.0,0.0,0.0,0.0,19.0,SP,19.0,452.0,133.0,23.8,7.7,1.9,12.05,1.9,24.150923446104215,-0.0377375201332647,8,1.0,6.0,7,6,1,1,0.0,4.0,0.04156064037265481,0.27631578947368424,0.16461916461916462,0.051597051597051594,0.3968583599574015,0.2954888178913738,0.3113207547169811,3.761,0.3725724466978415
676475,Alec Burleson,L,STL,3,Max Scherzer,R,453286,822783,STL @ TOR,10:37 AM,02/08,Pre-Game,0.7043279501957928,,,,False,1011001111,estimated,0,0,0.0,0,0,0.3111415797037779,0.37771288773767336,0.5519054242342146,0.4402955878871506,0.19333200256508346,20,1,0.021970844096077913,0.995,25.8,F,0.2055888223552894,1.2256831259977927,0.3806848687482133,0.16375034234877564,7,6,0,0.26605504587155965,0.28802588996763756,0.476,0.35,0.174,0.29854522454142945,0.24920127795527156,0.34395973154362414,0.2918936238385133,0.28627450980392155,276,0.27607361963190186,186,False,False,0.6800130248330972,0.024314925362695528,3.834862385321101,4.238532110091743,109,,,,,,,0.15029808925573598,20,9.49,1.82,24.2,1.0,4.0,18.0,14.0,0.0,0.0,0.0,7.0,SP,7.0,117.0,31.0,16.7,6.57,5.11,11.31,3.28,16.694239216172473,-0.019385093052935787,7,0.875,18.0,7,7,0,1,0.0,4.45,0.10827028659937707,0.29912663755458513,0.15643564356435644,0.07326732673267326,0.48592788038698326,0.3516543535620053,0.3333333333333333,4.248,0.32087843469655114
682829,Elly De La Cruz,L,CIN,1,Mitch Keller,R,656605,824483,PIT @ CIN,10:40 AM,02/08,Scheduled,0.7043279501957928,-194.0,212.0,66.0,False,0111010110,estimated,22,4,0.18181818181818182,1,2023,0.2759183810450921,0.3946984768147608,0.6355786351176141,0.34383318359415915,0.22749706388977456,20,1,-0.04779846659364734,1.083,34.4,F,0.2611324903793293,2.250926709205063,0.43509531890392383,0.18218933473744403,20,6,0,0.3132530120481928,0.26545454545454544,0.5682068206820682,0.3404840484048405,0.09130913091309131,0.2498442367601246,0.25078043704474506,0.2575301204819277,0.252241112828439,0.26956521739130435,253,0.2890625,153,False,False,0.6537676791072354,0.05056027108855732,3.977777777777778,4.511111111111111,90,,,,,,,0.06755192937440054,20,4.83,1.31,113.2,6.0,7.0,87.0,38.0,0.0,0.0,0.0,21.0,SP,21.0,487.0,111.0,23.2,6.89,3.01,8.79,1.03,23.027725276251157,-0.02130795019579268,5,0.625,6.0,6,8,1,1,0.0,4.65,0.14195329195129433,0.2603036876355748,0.2706333973128599,0.10556621880998081,0.521875,0.3718458333333333,0.28321678321678323,4.44,0.34753713900434463
670541,Yordan Álvarez,L,HOU,2,Kumar Rocker,R,677958,824163,TEX @ HOU,11:10 AM,02/08,Scheduled,0.7043279501957928,-223.0,233.0,69.0,False,1110011011,estimated,0,0,0.5,0,0,0.34807482456911776,0.44421014624970073,0.5729404227834999,0.4333242726115799,0.17124588086118303,20,1,0.07243585558529736,0.998,48.6,D,0.2616933096506809,2.795413054106867,0.4038878127862497,0.22683743361231498,20,6,0,0.27358490566037735,0.3460207612456747,0.5628706998813761,0.38256227758007116,0.054567022538552785,0.3306288032454361,0.2952275249722531,0.3836477987421384,0.33229813664596275,0.3549618320610687,308,0.2706766917293233,172,False,False,0.6916839397580475,0.012644010437745212,3.623853211009174,4.4036697247706424,109,,,,,,,0.12920625238214503,20,4.03,1.29,102.2,4.0,8.0,93.0,38.0,0.0,0.0,0.0,18.0,SP,20.0,436.0,94.0,21.8,8.15,3.33,8.24,1.14,21.995090734140856,0.0003320498042074238,5,0.625,7.0,6,6,1,1,0.0,4.55,0.10483725028409518,0.31627906976744186,0.18323586744639375,0.10916179337231968,0.5344246031746032,0.41611607142857143,0.27314814814814814,4.348,0.3449035819399034
679845,Nick Loftin,R,KC,5,Kyle Freeland,L,607536,824323,KC @ COL,12:10 PM,02/08,Scheduled,0.7042434956116154,,,,False,1111111001,estimated,0,0,0.0,0,0,0.32473260111066715,0.3281700964889853,0.25098055753978654,0.4218072143558503,0.19001964707621152,20,1,0.11674796747967481,1.148,49.9,D,0.27808471454880296,4.490100931643858,0.431094077103974,0.1878767906030378,19,7,0,0.32,0.2032520325203252,0.532842234499693,0.32535297728667895,0.141804788213628,0.22510231923601637,0.20045045045045046,0.3146067415730337,0.2290748898678414,0.21428571428571427,129,0.2972972972972973,132,False,False,0.6327137689790695,0.07152972663254586,3.0135135135135136,3.527027027027027,74,,,,,,,-0.032257633468112876,20,7.34,1.55,99.1,2.0,10.0,85.0,21.0,0.0,0.0,0.0,19.0,SP,19.0,452.0,133.0,23.8,7.7,1.9,12.05,1.9,24.150923446104215,-0.030705995611615355,8,1.0,6.0,7,6,1,1,0.0,4.25,0.05413054910686371,0.24624624624624625,0.14136125654450263,0.08638743455497382,0.3022700119474313,0.2702096774193548,0.31545741324921134,4.023,0.3725724466978415
696100,Hunter Goodman,R,COL,3,Seth Lugo,R,607625,824323,KC @ COL,12:10 PM,02/08,Scheduled,0.7020067996434988,,,,False,0111110001,estimated,0,0,0.0,0,0,0.2980932479994745,0.35983939647263136,0.3765990218157316,0.44987158212648276,0.40750608162342,20,1,-0.016922981903526646,1.148,33.8,F,0.26676829268292684,2.2035862949276055,0.4889004065107112,0.1744198416160473,20,5,0,0.2698412698412698,0.2529182879377432,0.5175394001016776,0.39501779359430605,0.08744280630401627,0.22666666666666666,0.23491179201485607,0.2493150684931507,0.23314699112134166,0.21333333333333335,253,0.3227848101265823,173,False,False,0.627562721445181,0.07444407819831778,3.7549019607843137,4.176470588235294,102,,,,,,,0.03950886444650452,20,4.22,1.37,123.2,4.0,6.0,96.0,40.0,0.0,0.0,0.0,22.0,SP,22.0,523.0,129.0,23.8,6.99,2.91,9.39,1.09,23.651683166036136,-0.02155679964349877,4,0.5,5.0,5,5,1,1,0.0,4.45,0.11186227602076097,0.26741573033707866,0.3048780487804878,0.07723577235772358,0.46485875706214685,0.34938847457627115,0.25748502994011974,4.248,0.3020618656836683
681198,Tj Rumfield,L,COL,5,Seth Lugo,R,607625,824323,KC @ COL,12:10 PM,02/08,Scheduled,0.7002723887924343,,,,False,0111010111,estimated,0,0,0.0,0,0,0.3051993586880868,0.32978686512081046,0.1990104481695145,0.3735343997595167,0.1759682681683084,20,1,0.04985915492957743,1.148,33.8,F,0.26676829268292684,2.2035862949276055,0.4889004065107112,0.1744198416160473,20,5,0,0.26,0.30985915492957744,0.5175394001016776,0.39501779359430605,0.08744280630401627,0.3065187239944521,0.24371584699453552,0.23625254582484725,0.27603074772886094,0.26521739130434785,261,0.34415584415584416,177,True,False,0.6412550042810415,0.05901738451139271,3.5555555555555554,4.055555555555555,108,,,,,,,0.12022734863909641,20,4.22,1.37,123.2,4.0,6.0,96.0,40.0,0.0,0.0,0.0,22.0,SP,22.0,523.0,129.0,23.8,6.99,2.91,9.39,1.09,23.651683166036136,-0.03069738879243422,4,0.5,5.0,5,5,1,1,0.0,4.25,0.1002354777492942,0.286783042394015,0.14596949891067537,0.10239651416122005,0.2849301397205589,0.27752924151696606,0.2838283828382838,4.023,0.3020618656836683
700250,Ben Rice,L,NYY,1,Colin Rea,R,607067,824648,NYY @ CHC,11:20 AM,02/08,Scheduled,0.6973987885965958,,,,False,0001101010,estimated,0,0,0.0,0,0,0.21009556115626696,0.40094873448047935,0.47246488364581213,0.2999082457680648,0.2902280952623686,20,1,0.024126362873916674,0.983,44.1,D,0.2637837837837838,1.9310164356616257,0.3844604138596893,0.16116828148376242,20,5,0,0.2534246575342466,0.27755102040816326,0.5594594594594594,0.2556756756756757,0.18486486486486486,0.24444444444444444,0.25472547254725475,0.2490842490842491,0.24976258309591642,0.24786324786324787,264,0.29936305732484075,186,False,False,0.6577451029679204,0.03965368562867533,3.723809523809524,4.285714285714286,105,,,,,,,-0.16047825104437066,20,4.67,1.4,111.2,8.0,7.0,83.0,40.0,1.0,0.0,1.0,18.0,SP,22.0,486.0,116.0,22.1,6.69,3.22,9.35,1.37,22.969772186507374,-0.02133212192992906,6,0.75,39.0,7,7,1,1,0.0,4.65,0.09147237782459484,0.2737556561085973,0.2396039603960396,0.100990099009901,0.4846832814122534,0.36333956386292837,0.2980392156862745,4.44,0.3006305881233481
650490,Yandy Díaz,R,TB,1,Anthony Kay,L,641743,822943,CWS @ TB,10:40 AM,02/08,Scheduled,0.6948316921725999,,,,False,0101001111,estimated,0,0,0.0,0,0,0.24181932330467193,0.30941505211845793,0.44638796991840046,0.30773987598294983,0.2001548083360668,20,1,0.031085979411338227,0.96,54.0,C,0.26346356916578667,2.360038775002667,0.3794729606694877,0.19868611379626921,20,5,0,0.32231404958677684,0.2912280701754386,0.5755015839493136,0.28141499472016895,0.14308342133051744,0.2693345323741007,0.2785114045618247,0.25069637883008355,0.2700495771361913,0.25193798449612403,290,0.38513513513513514,169,False,False,0.6916839397580475,0.0031477524145523406,3.8666666666666667,4.371428571428571,105,,,,,,,0.0675531900120333,20,4.25,1.36,103.2,7.0,5.0,87.0,41.0,0.0,0.0,0.0,20.0,SP,22.0,467.0,100.0,21.2,7.55,3.56,8.68,1.22,21.303631651730925,-0.005131692172600011,6,0.8571428571428571,8.0,7,6,0,1,0.0,4.65,0.06071242826367228,0.3185840707964602,0.13733075435203096,0.09284332688588008,0.49015748031496065,0.328751968503937,0.27972027972027974,4.44,0.2824065996224369
676391,Ernie Clement,R,TOR,3,Matthew Liberatore,L,669461,822783,STL @ TOR,10:37 AM,02/08,Pre-Game,0.6935530817209762,,,,False,0101111101,estimated,5,3,0.6,1,2024,0.26194317233728437,0.23865504852425462,0.12305467246505156,0.2914566259630556,0.09871384377127573,20,1,-0.02365771812080536,0.995,39.3,D,0.2810615199034982,2.727903277136824,0.4273336198094741,0.2348532397350715,20,6,0,0.275,0.2986577181208054,0.44659022329511167,0.4049487024743512,0.14846107423053712,0.28185595567867033,0.27878103837471785,0.24566473988439305,0.27676240208877284,0.26104417670682734,258,0.33727810650887574,181,False,False,0.6795166249485156,0.01403645677246057,3.8703703703703702,4.064814814814815,108,,,,,,,0.10310124477821166,20,5.26,1.56,102.2,5.0,8.0,100.0,40.0,0.0,0.0,0.0,21.0,SP,21.0,456.0,120.0,21.7,8.77,3.51,10.52,1.67,21.58258158709563,0.0014869182790238078,5,0.7142857142857143,17.0,7,6,0,1,0.0,4.45,0.03654439937901812,0.30128205128205127,0.09775967413441955,0.03054989816700611,0.24107142857142858,0.2906190476190476,0.2906574394463668,4.248,0.33929815095861576
686948,Drake Baldwin,L,ATL,1,Cade Cavalli,R,676917,824891,WSH @ ATL,10:35 AM,02/08,Scheduled,0.6916839397580475,,,,False,1111111001,estimated,0,0,0.0,0,0,0.3163390370680946,0.34841178757856,0.5552904774248466,0.38115462530115496,0.14299770601667824,20,1,0.024818204840635294,1.018,64.1,C,0.29809725158562367,4.028613892286458,0.4256753589163245,0.26481726383842463,20,5,0,0.2595419847328244,0.2843601895734597,0.5389094759131816,0.38433033350979356,0.07676019057702488,0.2657894736842105,0.23677884615384615,0.2982885085574572,0.262301013024602,0.27488151658767773,239,0.2748091603053435,154,False,False,0.6857548271844749,0.005929112573572648,3.8863636363636362,4.465909090909091,88,,,,,,,0.13319339589303128,20,3.55,1.29,116.2,8.0,4.0,130.0,36.0,0.0,0.0,0.0,23.0,SP,23.0,503.0,115.0,21.9,10.03,2.78,8.87,0.77,22.08756791953745,0.0018160602419524663,7,0.7777777777777778,4.0,7,8,1,1,0.0,4.65,0.12901143309256785,0.27876106194690264,0.187984496124031,0.10465116279069768,0.5107981220657277,0.33498591549295775,0.2681992337164751,4.44,0.31880757873558524
650489,Willi Castro,L,COL,7,Seth Lugo,R,607625,824323,KC @ COL,12:10 PM,02/08,Scheduled,0.6916839397580475,,,,False,1110101111,estimated,10,4,0.4,1,2024,0.27624183816999504,0.37443226573311805,0.3966704287014626,0.5318985509180328,0.3507093325498291,20,1,0.011696557870112534,1.148,33.8,F,0.26676829268292684,2.2035862949276055,0.4889004065107112,0.1744198416160473,20,5,0,0.2553191489361702,0.2670157068062827,0.5175394001016776,0.39501779359430605,0.08744280630401627,0.2477383437717467,0.2533783783783784,0.2198581560283688,0.2422145328719723,0.2804232804232804,209,0.23776223776223776,165,False,False,0.579956941467939,0.11172699829010857,3.5698924731182795,4.021505376344086,93,,,,,,,0.15105276859347322,20,4.22,1.37,123.2,4.0,6.0,96.0,40.0,0.0,0.0,0.0,22.0,SP,22.0,523.0,129.0,23.8,6.99,2.91,9.39,1.09,23.651683166036136,-0.030658939758047565,4,0.5,5.0,5,5,1,1,0.0,4.0,0.08076344543289309,0.24938271604938272,0.2719298245614035,0.08114035087719298,0.38018979833926453,0.3071432384341637,0.2838283828382838,3.761,0.3020618656836683
660271,Shohei Ohtani,L,LAD,1,Jake Bennett,L,687562,823919,BOS @ LAD,4:20 PM,02/08,Scheduled,0.6916839397580475,-203.0,212.0,67.0,False,0101011111,estimated,0,0,0.0,0,0,0.32918560839770467,0.4605881833085435,0.6164106264446717,0.4465514680961086,0.2303025117845514,20,1,0.008976129414085654,0.973,81.6,A,0.27039106145251396,4.662790343574347,0.3494011348965562,0.18022612938024243,11,5,0,0.2972972972972973,0.28832116788321166,0.6453423120089786,0.09988776655443322,0.2547699214365881,0.31327334083239594,0.27332601536772777,0.2857142857142857,0.29810867607325126,0.3076923076923077,278,0.26490066225165565,183,False,True,0.6746637675436601,0.017020172214387452,3.85,4.61,100,,,,,,,0.2969338217586879,20,2.74,0.97,65.2,6.0,4.0,46.0,11.0,0.0,0.0,0.0,11.0,SP,11.0,256.0,53.0,23.3,6.3,1.51,7.26,0.69,23.679475766274102,-0.030267273091380886,6,0.8571428571428571,22.0,7,6,1,1,0.0,4.65,0.011080082949343154,0.28104575163398693,0.24094202898550723,0.1068840579710145,0.5618609406952965,0.39574539877300613,0.15254237288135594,4.44,0.3396755676533206
665489,Vladimir Guerrero,R,TOR,2,Matthew Liberatore,L,669461,822783,STL @ TOR,10:37 AM,02/08,Pre-Game,0.6914696760230231,-203.0,212.0,67.0,False,0111101111,estimated,0,0,0.0,0,0,0.3029011251241557,0.3404633238611329,0.4187481805385591,0.33643163350300576,0.13349059202193617,20,1,-0.008965517241379284,0.995,39.3,D,0.2810615199034982,2.727903277136824,0.4273336198094741,0.2348532397350715,20,6,0,0.26,0.2689655172413793,0.44659022329511167,0.4049487024743512,0.14846107423053712,0.2637931034482759,0.26102502979737785,0.2359882005899705,0.26078028747433263,0.2459016393442623,273,0.3013698630136986,172,False,False,0.6857548271844749,0.0057148488385482255,3.7142857142857144,4.238095238095238,105,,,,,,,0.11487704455522028,20,5.26,1.56,102.2,5.0,8.0,100.0,40.0,0.0,0.0,0.0,21.0,SP,21.0,456.0,120.0,21.7,8.77,3.51,10.52,1.67,21.58258158709563,-0.005009676023023046,5,0.7142857142857143,17.0,7,6,0,1,0.0,4.55,0.059800488476914264,0.28125,0.12548262548262548,0.0945945945945946,0.45778938207136644,0.3377650130548303,0.2906574394463668,4.348,0.33929815095861576
664770,Nathan Lukes,L,TOR,1,Matthew Liberatore,L,669461,822783,STL @ TOR,10:37 AM,02/08,Pre-Game,0.6898356207724494,,,,False,1011001000,estimated,0,0,0.0,0,0,0.19777582242239541,0.22398092690393073,0.23479560511116365,0.23586815169976422,0.11844724043289355,20,1,-0.03037383177570091,0.995,39.3,D,0.2810615199034982,2.727903277136824,0.4273336198094741,0.2348532397350715,20,6,0,0.25,0.2803738317757009,0.44659022329511167,0.4049487024743512,0.14846107423053712,0.24805102763997164,0.25272331154684097,0.31899641577060933,0.25824431026474687,0.24342105263157895,167,0.3333333333333333,101,False,False,0.6800130248330972,0.009822595939352197,3.27027027027027,3.6216216216216215,74,,,,,,,-0.06319407950486527,20,5.26,1.56,102.2,5.0,8.0,100.0,40.0,0.0,0.0,0.0,21.0,SP,21.0,456.0,120.0,21.7,8.77,3.51,10.52,1.67,21.58258158709563,-0.006455620772449322,5,0.7142857142857143,17.0,7,6,0,1,0.0,4.65,0.10621927176372138,0.2803030303030303,0.1543778801843318,0.059907834101382486,0.33814589665653494,0.30451063829787234,0.30851063829787234,4.44,0.33929815095861576
672640,Otto Lopez,R,MIA,1,Robert Stock,R,476594,823592,MIA @ NYM,10:40 AM,02/08,Scheduled,0.6893642652309385,,,,False,1110101001,estimated,0,0,0.0,0,0,0.21453564680870743,0.2997740022274597,0.35515069718683245,0.23001882686385258,0.13578954849672398,20,1,-0.08199287487854906,0.949,,,,,,,0,0,0,0.3813559322033898,0.29936305732484075,,,,0.35184067592033796,0.29141886151231944,0.33659491193737767,0.32825112107623317,0.3231939163498099,286,0.31952662721893493,184,False,False,0.6973987885965958,-0.008034523365657242,4.0,4.351851851851852,108,,,,,,,-0.05352459156226709,20,,,,,,,,,,,,,,,,,,,,,,-0.00880712237379555,7,0.875,-4.0,6,7,0,1,0.0,4.65,0.05500828945117412,0.31524008350730687,0.13565891472868216,0.044573643410852716,0.4169519152404238,0.3240908720456398,,4.44,0.31147965071251243
663457,Lars Nootbaar,L,STL,1,Max Scherzer,R,453286,822783,STL @ TOR,10:37 AM,02/08,Pre-Game,0.6878752276057162,,,,False,1000111001,estimated,0,0,0.0,0,0,0.20206030548242515,0.23517643704518715,0.5086726404500228,0.23469010564566087,0.18501162416941577,20,1,-0.005624999999999991,0.995,25.8,F,0.2055888223552894,1.2256831259977927,0.3806848687482133,0.16375034234877564,7,6,0,0.24,0.234375,0.476,0.35,0.174,0.2334384858044164,0.22562674094707522,0.21145374449339208,0.22831423895253683,0.2375,92,0.2328767123287671,86,False,False,0.6463833596770078,0.041491867928708404,3.25531914893617,3.7872340425531914,47,,,,,,,-0.05027813840093815,20,9.49,1.82,24.2,1.0,4.0,18.0,14.0,0.0,0.0,0.0,7.0,SP,7.0,117.0,31.0,16.7,6.57,5.11,11.31,3.28,16.694239216172473,-0.04063237046285906,7,0.875,18.0,7,7,0,1,0.0,4.65,0.13635607962126023,0.22685185185185186,0.21951219512195122,0.10365853658536585,0.48919753086419754,0.2960679012345679,0.3333333333333333,4.44,0.32087843469655114
687859,Troy Johnston,L,COL,8,Seth Lugo,R,607625,824323,KC @ COL,12:10 PM,02/08,Scheduled,0.6867323319045554,,,,False,1010100100,estimated,0,0,0.0,0,0,0.11583994558431253,0.27260999851600315,0.5068275671730681,0.12898002827571756,0.15230051499018699,20,2,0.020782726045883937,1.148,33.8,F,0.26676829268292684,2.2035862949276055,0.4889004065107112,0.1744198416160473,20,5,0,0.26666666666666666,0.2874493927125506,0.5175394001016776,0.39501779359430605,0.08744280630401627,0.23829087921117503,0.30584192439862545,0.22715404699738903,0.2583143507972665,0.26373626373626374,202,0.312,146,False,False,0.5872274783285811,0.09950485357597427,3.1649484536082473,3.5876288659793816,97,,,,,,,-0.4463835838505071,20,4.22,1.37,123.2,4.0,6.0,96.0,40.0,0.0,0.0,0.0,22.0,SP,22.0,523.0,129.0,23.8,6.99,2.91,9.39,1.09,23.651683166036136,-0.02490733190455552,4,0.5,5.0,5,5,1,1,0.0,3.88,0.11685038685213965,0.29476584022038566,0.18004866180048662,0.08759124087591241,0.40455594002306805,0.3352341407151096,0.2838283828382838,3.599,0.3020618656836683
681624,Andy Pages,R,LAD,2,Jake Bennett,L,687562,823919,BOS @ LAD,4:20 PM,02/08,Scheduled,0.6857548271844749,,,,False,1111011111,estimated,0,0,0.0,0,0,0.281459380355872,0.37391472347281657,0.4463718239353574,0.35488510100879384,0.2181116161669308,20,1,0.0045351473922902175,0.973,81.6,A,0.27039106145251396,4.662790343574347,0.3494011348965562,0.18022612938024243,11,5,0,0.2698412698412698,0.2653061224489796,0.6453423120089786,0.09988776655443322,0.2547699214365881,0.27277039848197343,0.2301166489925769,0.25287356321839083,0.2599118942731278,0.24066390041493776,268,0.3016759776536313,203,False,True,0.6614361318796816,0.024318695304793247,3.888888888888889,4.361111111111111,108,,,,,,,0.2676357260504167,20,2.74,0.97,65.2,6.0,4.0,46.0,11.0,0.0,0.0,0.0,11.0,SP,11.0,256.0,53.0,23.3,6.3,1.51,7.26,0.69,23.679475766274102,-0.03478816051780831,6,0.8571428571428571,22.0,7,6,1,1,0.0,4.55,0.09395484666497861,0.2544642857142857,0.19483101391650098,0.0775347912524851,0.43261904761904757,0.32209714285714286,0.24719101123595505,4.348,0.3396755676533206
800050,Chase Delauter,L,CLE,3,Merrill Kelly,R,518876,824404,AZ @ CLE,10:40 AM,02/08,Scheduled,0.6857548271844749,,,,False,1101001101,estimated,0,0,0.0,0,0,0.24576222162201158,0.2774702390571927,0.47492232756082764,0.3082239041879296,0.1579681585514656,20,1,-0.10232092837134854,0.987,24.0,F,0.244,1.9754196899109453,0.47078545664289745,0.15932091916391752,19,6,0,0.3431372549019608,0.24081632653061225,0.5103211009174312,0.22190366972477063,0.2677752293577982,0.26300784034212404,0.22899728997289973,0.206,0.24146981627296588,0.24083769633507854,218,0.3076923076923077,171,False,False,0.669529728575695,0.016225098608779853,3.7311827956989245,4.182795698924731,93,,,,,,,0.016509845327128018,20,4.86,1.45,109.1,8.0,8.0,71.0,42.0,0.0,0.0,0.0,19.0,SP,19.0,473.0,116.0,24.9,5.84,3.46,9.55,1.81,24.46677939072583,-0.007571493851141642,6,0.6666666666666666,24.0,7,7,1,1,0.0,4.45,0.12251363350734887,0.3002754820936639,0.13902439024390245,0.10975609756097561,0.46132897603485834,0.309391339869281,0.26639344262295084,4.248,0.31810737317132626
805779,Jacob Wilson,R,ATH,1,Keider Montero,R,672456,824971,DET @ ATH,1:05 PM,02/08,Scheduled,0.6857548271844749,-270.0,285.0,73.0,False,1000011111,estimated,0,0,0.0,0,0,0.25362694771127686,0.3330705745204439,0.29766193087750775,0.29221606392851013,0.10369739603998178,20,1,0.031226802593160796,0.977,82.8,A,0.27125,4.856373999438966,0.33912020320310216,0.20368364073849918,20,6,0,0.256198347107438,0.2874251497005988,0.5382685069008782,0.32747804265997493,0.1342534504391468,0.28172205438066467,0.28859060402684567,0.2610619469026549,0.28106095858538854,0.28651685393258425,187,0.2545454545454545,117,False,False,0.6857548271844749,0.0,4.056338028169014,4.28169014084507,71,,,,,,,0.1310962436930774,20,3.34,1.02,110.1,7.0,6.0,79.0,23.0,1.0,0.0,1.0,17.0,SP,23.0,443.0,89.0,19.3,6.44,1.88,7.26,0.9,17.954657890021068,0.003720172815525169,8,1.0,-3.0,6,7,1,1,0.0,4.65,0.02700936366394964,0.26394849785407726,0.09696969696969697,0.04040404040404041,0.2632775119617225,0.2754250398724083,0.21465968586387435,4.44,0.2916429598225816
608070,José Ramírez,L,CLE,2,Merrill Kelly,R,518876,824404,AZ @ CLE,10:40 AM,02/08,Scheduled,0.6857548271844749,,,,False,1101001100,estimated,5,2,0.4,1,2025,0.19065509537070502,0.2814481904365601,0.33300265061260514,0.20309422646430625,0.10662568151359952,20,1,-0.036320214936066464,0.987,24.0,F,0.244,1.9754196899109453,0.47078545664289745,0.15932091916391752,19,6,0,0.25742574257425743,0.22110552763819097,0.5103211009174312,0.22190366972477063,0.2677752293577982,0.2200920245398773,0.2344931921331316,0.1945392491467577,0.22001557632398755,0.25555555555555554,211,0.2,140,False,False,0.6515416263650502,0.034213200819424694,3.75,4.3875,80,,,,,,,0.10879522065693394,20,4.86,1.45,109.1,8.0,8.0,71.0,42.0,0.0,0.0,0.0,19.0,SP,19.0,473.0,116.0,24.9,5.84,3.46,9.55,1.81,24.46677939072583,-0.024921493851141507,6,0.6666666666666666,24.0,7,7,1,1,0.0,4.55,0.06284784467466657,0.24829157175398633,0.13163064833005894,0.10412573673870335,0.40913978494623654,0.3176989247311828,0.26639344262295084,4.348,0.31810737317132626
691023,Jordan Walker,R,STL,2,Max Scherzer,R,453286,822783,STL @ TOR,10:37 AM,02/08,Pre-Game,0.6857548271844749,,,,False,1010001111,estimated,0,0,0.0,0,0,0.21611087540944068,0.3163720992173082,0.3131316479066221,0.3146101830044163,0.27031658769292655,20,1,-0.013143176733780793,0.995,25.8,F,0.2055888223552894,1.2256831259977927,0.3806848687482133,0.16375034234877564,7,6,0,0.2916666666666667,0.2785234899328859,0.476,0.35,0.174,0.2632600258732212,0.26334841628959277,0.2841225626740947,0.2669086110194655,0.2845528455284553,271,0.27906976744186046,190,False,False,0.6490050034779508,0.03674982370652413,3.8703703703703702,4.268518518518518,108,,,,,,,0.14731862929898257,20,9.49,1.82,24.2,1.0,4.0,18.0,14.0,0.0,0.0,0.0,7.0,SP,7.0,117.0,31.0,16.7,6.57,5.11,11.31,3.28,16.694239216172473,-0.03444054147018927,7,0.875,18.0,7,7,0,1,0.0,4.55,0.06060625822001276,0.2743362831858407,0.251984126984127,0.08531746031746032,0.5135897435897435,0.3763969230769231,0.25,4.348,0.32087843469655114
663968,Jake Mangum,L,PIT,1,Chase Burns,R,695505,824483,PIT @ CIN,10:40 AM,02/08,Scheduled,0.6857548271844749,,,,False,0111111111,estimated,0,0,0.0,0,0,0.2929147779224536,0.3072397568069134,0.2356181190575364,0.3769771995633952,0.18320415400487924,20,1,0.02801120448179273,1.083,75.0,B,0.2934841141626279,2.8481329309719143,0.35937652663409475,0.27405216951049327,20,5,0,0.2857142857142857,0.3137254901960784,0.5665051157781368,0.3780290791599354,0.05546580506192784,0.29732065687121867,0.3387096774193548,0.2873900293255132,0.3054581872809214,0.34394904458598724,164,0.2595419847328244,151,False,False,0.6857548271844749,0.0,3.5121951219512195,3.841463414634146,82,,,,,,,0.17056319874728157,20,2.4,1.12,112.2,12.0,1.0,128.0,41.0,0.0,0.0,0.0,20.0,SP,20.0,455.0,85.0,22.8,10.22,3.28,6.79,1.04,22.697492150997526,0.019220172815525127,4,0.5,6.0,7,7,1,1,0.0,4.65,0.029071352359996912,0.30900243309002434,0.17194570135746606,0.038461538461538464,0.27487562189054726,0.30872487562189055,0.2151394422310757,4.44,0.29243927847489665
701398,Sal Stewart,R,CIN,2,Mitch Keller,R,656605,824483,PIT @ CIN,10:40 AM,02/08,Scheduled,0.6857548271844749,,,,False,1111011110,estimated,6,1,0.16666666666666666,1,2026,0.2872634284559744,0.3612665619099676,0.361808967929638,0.4455093540416053,0.27573945132426375,20,1,0.05383964459488047,1.083,34.4,F,0.2611324903793293,2.250926709205063,0.43509531890392383,0.18218933473744403,20,6,0,0.20689655172413793,0.2607361963190184,0.5682068206820682,0.3404840484048405,0.09130913091309131,0.2542077771329077,0.26495079485238454,0.2868632707774799,0.26108518086347726,0.26459143968871596,287,0.22435897435897437,187,False,False,0.6452926424175359,0.04046218476693897,3.7889908256880735,4.348623853211009,109,,,,,,,-0.01579065242321772,20,4.83,1.31,113.2,6.0,7.0,87.0,38.0,0.0,0.0,0.0,21.0,SP,21.0,487.0,111.0,23.2,6.89,3.01,8.79,1.03,23.027725276251157,-0.013694827184475011,5,0.625,6.0,6,8,1,1,0.0,4.55,0.0772419047743184,0.25517241379310346,0.2152917505030181,0.1006036217303823,0.43211382113821134,0.31634146341463415,0.19607843137254902,4.348,0.34753713900434463
686555,Isaac Collins,L,KC,6,Kyle Freeland,L,607536,824323,KC @ COL,12:10 PM,02/08,Scheduled,0.6857548271844749,,,,False,0110100111,estimated,7,3,0.42857142857142855,1,2024,0.284315051581859,0.28334165316823456,0.36320698083094766,0.39179089814093226,0.22845786790264488,20,1,-0.050499871827736464,1.148,49.9,D,0.27808471454880296,4.490100931643858,0.431094077103974,0.1878767906030378,19,7,0,0.20481927710843373,0.2553191489361702,0.532842234499693,0.32535297728667895,0.141804788213628,0.228486646884273,0.24439461883408073,0.2248062015503876,0.23157894736842105,0.23595505617977527,200,0.25,172,False,False,0.5814539606963411,0.10430086648813375,3.212121212121212,3.757575757575758,99,,,,,,,0.0751403142771316,20,7.34,1.55,99.1,2.0,10.0,85.0,21.0,0.0,0.0,0.0,19.0,SP,19.0,452.0,133.0,23.8,7.7,1.9,12.05,1.9,24.150923446104215,-0.021179827184474864,8,1.0,6.0,7,6,1,1,0.0,4.12,0.09720775410664281,0.22527472527472528,0.2331002331002331,0.12354312354312354,0.3974116161616162,0.3062310606060606,0.3113207547169811,3.895,0.3725724466978415
671277,Luis García,L,WSH,2,Jr Ritchie,R,702275,824891,WSH @ ATL,10:35 AM,02/08,Scheduled,0.6857548271844749,,,,False,1001111101,estimated,0,0,0.0,0,0,0.2557622400480081,0.3283090708438105,0.400958804965663,0.30953995183804073,0.21775532490739846,20,1,0.08451449122064733,1.018,49.4,D,0.266384778012685,1.6315135726843062,0.36185997003616716,0.2104080605863932,13,12,0,0.20689655172413793,0.29141104294478526,0.4840764331210191,0.3481953290870488,0.16772823779193205,0.22794117647058823,0.25060827250608275,0.25229357798165136,0.2409460458240946,0.2560386473429952,217,0.32432432432432434,155,False,True,0.6800130248330972,0.005741802351377667,3.4466019417475726,3.6116504854368934,103,,,,,,,-0.09305998324502403,20,4.5,1.41,54.0,1.0,2.0,49.0,33.0,1.0,0.0,1.0,7.0,SP,13.0,236.0,43.0,18.2,8.17,5.5,7.17,1.5,16.90848698049998,-0.0060976843273320425,7,0.7777777777777778,9.0,7,7,1,1,0.0,4.55,0.029144009586318607,0.25735294117647056,0.17330210772833723,0.03981264637002342,0.4585828343313373,0.32849650698602795,0.22608695652173913,4.348,0.3021698882630711
518692,Freddie Freeman,L,LAD,3,Jake Bennett,L,687562,823919,BOS @ LAD,4:20 PM,02/08,Scheduled,0.6857548271844749,-203.0,212.0,67.0,False,1111111111,estimated,0,0,0.0,0,0,0.42961339003485555,0.43724755984702895,0.4019591640458808,0.4946143334391943,0.15410290916853334,20,1,0.05668436850611869,0.973,81.6,A,0.27039106145251396,4.662790343574347,0.3494011348965562,0.18022612938024243,11,5,0,0.3524590163934426,0.29577464788732394,0.6453423120089786,0.09988776655443322,0.2547699214365881,0.3185462319615179,0.2872340425531915,0.3193717277486911,0.30928427709111816,0.3176470588235294,284,0.304635761589404,178,False,True,0.6766637041216602,0.009091123062814677,3.794392523364486,4.317757009345795,107,,,,,,,0.32113498020496967,20,2.74,0.97,65.2,6.0,4.0,46.0,11.0,0.0,0.0,0.0,11.0,SP,11.0,256.0,53.0,23.3,6.3,1.51,7.26,0.69,23.679475766274102,-0.01870482718447486,6,0.8571428571428571,22.0,7,6,1,1,0.0,4.45,0.02936296316663799,0.29082774049217003,0.1669902912621359,0.11262135922330097,0.44321329639889195,0.34755955678670364,0.15254237288135594,4.248,0.3396755676533206
671739,Michael Harris,L,ATL,4,Cade Cavalli,R,676917,824891,WSH @ ATL,10:35 AM,02/08,Scheduled,0.6857548271844749,,,,False,1111100010,estimated,0,0,0.0,0,0,0.20835568985161418,0.31556223707206393,0.4238132872580975,0.24549916231147287,0.15406671133352462,20,1,-0.011930346613765352,1.018,64.1,C,0.29809725158562367,4.028613892286458,0.4256753589163245,0.26481726383842463,20,5,0,0.2971014492753623,0.28517110266159695,0.5389094759131816,0.38433033350979356,0.07676019057702488,0.2673684210526316,0.24573378839590443,0.302158273381295,0.2672727272727273,0.2818181818181818,235,0.2983425414364641,191,False,False,0.6769900463027558,0.008764780881719059,3.8190476190476192,4.057142857142857,105,,,,,,,0.05067252580817014,20,3.55,1.29,116.2,8.0,4.0,130.0,36.0,0.0,0.0,0.0,23.0,SP,23.0,503.0,115.0,21.9,10.03,2.78,8.87,0.77,22.08756791953745,-0.0010119700416177935,7,0.7777777777777778,4.0,7,8,1,1,0.0,4.35,0.017095292154112172,0.29933481152993346,0.18410041841004185,0.03556485355648536,0.4956841138659321,0.3606831955922865,0.2681992337164751,4.159,0.31880757873558524
663993,Nathaniel Lowe,L,CIN,5,Mitch Keller,R,656605,824483,PIT @ CIN,10:40 AM,02/08,Scheduled,0.6824055064730379,,,,False,1011010111,estimated,10,1,0.1,1,2024,0.2512732093351321,0.38313206163885427,0.43884252467223056,0.3493181189328487,0.28651094246344555,20,1,-0.1933806146572104,1.083,34.4,F,0.2611324903793293,2.250926709205063,0.43509531890392383,0.18218933473744403,20,6,0,0.4444444444444444,0.251063829787234,0.5682068206820682,0.3404840484048405,0.09130913091309131,0.24683072334079045,0.26327433628318586,0.27137546468401486,0.2528957528957529,0.28859060402684567,165,0.21052631578947367,108,False,False,0.6209083684206567,0.06149713805238122,3.05,3.4125,80,,,,,,,0.06767083572722082,20,4.83,1.31,113.2,6.0,7.0,87.0,38.0,0.0,0.0,0.0,21.0,SP,21.0,487.0,111.0,23.2,6.89,3.01,8.79,1.03,23.027725276251157,-0.026065506473037958,5,0.625,6.0,6,8,1,1,0.0,4.25,0.022431558010546113,0.26,0.24189526184538654,0.10473815461346633,0.41752305665349143,0.3397707509881423,0.28321678321678323,4.023,0.34753713900434463
516782,Starling Marte,R,KC,8,Kyle Freeland,L,607536,824323,KC @ COL,12:10 PM,02/08,Scheduled,0.6800130248330972,,,,False,0111001000,estimated,7,2,0.2857142857142857,1,2022,0.14567512278641181,0.26888280433836576,0.38567108191005867,0.21836699363314888,0.14165056555307717,20,1,0.056410256410256376,1.148,49.9,D,0.27808471454880296,4.490100931643858,0.431094077103974,0.1878767906030378,19,7,0,0.2564102564102564,0.2,0.532842234499693,0.32535297728667895,0.141804788213628,0.25738396624472576,0.22270742358078602,0.21301775147928995,0.2391304347826087,0.28169014084507044,78,0.21311475409836064,68,False,False,0.5915054524157423,0.08850757241735496,2.693877551020408,2.979591836734694,49,,,,,,,-0.05822952654291056,20,7.34,1.55,99.1,2.0,10.0,85.0,21.0,0.0,0.0,0.0,19.0,SP,19.0,452.0,133.0,23.8,7.7,1.9,12.05,1.9,24.150923446104215,-0.021163024833097177,8,1.0,6.0,7,6,1,1,0.0,3.88,0.0344720392259967,0.281767955801105,0.22942643391521197,0.06483790523690773,0.4067901234567901,0.32249320987654323,0.31545741324921134,3.599,0.3725724466978415
645277,Ozzie Albies,L,ATL,2,Cade Cavalli,R,676917,824891,WSH @ ATL,10:35 AM,02/08,Scheduled,0.6800130248330972,,,,False,1110101111,estimated,0,0,0.0,0,0,0.25428208998078344,0.2789281287703699,0.34935844771892466,0.3247929186350414,0.19472558063447248,20,1,-0.09225721784776902,1.018,64.1,C,0.29809725158562367,4.028613892286458,0.4256753589163245,0.26481726383842463,20,5,0,0.31666666666666665,0.22440944881889763,0.5389094759131816,0.38433033350979356,0.07676019057702488,0.2546916890080429,0.25278396436525613,0.23876404494382023,0.25120617561917014,0.2702702702702703,287,0.25142857142857145,194,False,False,0.6761673042370787,0.0038457205960185092,3.90990990990991,4.333333333333333,111,,,,,,,0.015843556858403954,20,3.55,1.29,116.2,8.0,4.0,130.0,36.0,0.0,0.0,0.0,23.0,SP,23.0,503.0,115.0,21.9,10.03,2.78,8.87,0.77,22.08756791953745,-5.588197595440825e-05,7,0.7777777777777778,4.0,7,8,1,1,0.0,4.55,0.04421514820415613,0.25757575757575757,0.13953488372093023,0.06782945736434108,0.2823076923076923,0.27143504273504276,0.2681992337164751,4.348,0.31880757873558524
666182,Bo Bichette,R,NYM,3,Sandy Alcántara,R,645261,823592,MIA @ NYM,10:40 AM,02/08,Scheduled,0.6795166249485156,,,,False,1011100101,estimated,0,0,0.0,0,0,0.23345356030802544,0.2713640239707215,0.20479892325344906,0.27880726355375784,0.17369098013986284,20,1,-0.06444906444906445,0.949,63.0,C,0.2702702702702703,2.9865326399112417,0.35840728210305794,0.1897982654393428,20,5,0,0.3076923076923077,0.24324324324324326,0.5963668586619406,0.19627824545857334,0.20735489587948605,0.2669003505257887,0.23161764705882354,0.30310880829015546,0.2601835915088927,0.2724014336917563,301,0.23417721518987342,173,False,False,0.6749267133543154,0.004589911594200191,3.9727272727272727,4.3090909090909095,110,,,,,,,0.13643730829704337,20,3.82,1.21,150.2,11.0,6.0,115.0,39.0,0.0,0.0,0.0,23.0,SP,23.0,625.0,143.0,27.2,6.87,2.33,8.54,1.02,27.319457506964657,-0.03013329161518219,6,0.6666666666666666,13.0,7,8,0,1,0.0,4.45,0.06303280098892722,0.2754880694143167,0.17519685039370078,0.07480314960629922,0.4258960573476703,0.34139964157706093,0.26495726495726496,4.248,0.31057595184526077
677587,Brayan Rocchio,L,CLE,4,Merrill Kelly,R,518876,824404,AZ @ CLE,10:40 AM,02/08,Scheduled,0.6795166249485156,,,,False,1010001100,estimated,0,0,0.0,0,0,0.17740355405300215,0.22603433271952403,0.2520745748749595,0.21545666121056517,0.1902802318685097,20,1,-0.0038425196850393473,0.987,24.0,F,0.244,1.9754196899109453,0.47078545664289745,0.15932091916391752,19,6,0,0.25984251968503935,0.256,0.5103211009174312,0.22190366972477063,0.2677752293577982,0.24271844660194175,0.24645892351274787,0.23048327137546468,0.2432757928542754,0.24736842105263157,212,0.26737967914438504,208,False,False,0.6497937297359311,0.029722895212584532,3.490740740740741,3.888888888888889,108,,,,,,,0.008429421344637235,20,4.86,1.45,109.1,8.0,8.0,71.0,42.0,0.0,0.0,0.0,19.0,SP,19.0,473.0,116.0,24.9,5.84,3.46,9.55,1.81,24.46677939072583,-0.032699958281848907,6,0.6666666666666666,24.0,7,7,1,1,0.0,4.35,0.017095292154112172,0.2682926829268293,0.14945054945054945,0.06593406593406594,0.34507797270955165,0.28954288499025344,0.26639344262295084,4.159,0.31810737317132626
665161,Jeremy Peña,R,HOU,1,Kumar Rocker,R,677958,824163,TEX @ HOU,11:10 AM,02/08,Scheduled,0.6795166249485156,,,,False,1111111111,estimated,5,2,0.4,1,2026,0.3981903814919205,0.4683741308451445,0.5566426130556077,0.5930400357431949,0.26999203666960847,20,1,0.11093931194433704,0.998,48.6,D,0.2616933096506809,2.795413054106867,0.4038878127862497,0.22683743361231498,20,6,0,0.23076923076923078,0.3417085427135678,0.5628706998813761,0.38256227758007116,0.054567022538552785,0.3259827420901246,0.30551816958277256,0.2972027972027972,0.3142444658325313,0.32098765432098764,177,0.3146067415730337,99,False,False,0.6857548271844749,-0.006238202235959278,3.984126984126984,4.380952380952381,63,,,,,,,0.2915289805482104,20,4.03,1.29,102.2,4.0,8.0,93.0,38.0,0.0,0.0,0.0,18.0,SP,20.0,436.0,94.0,21.8,8.15,3.33,8.24,1.14,21.995090734140856,0.011503375051484355,5,0.625,7.0,6,6,1,1,0.0,4.65,0.015305943232561051,0.301255230125523,0.18666666666666668,0.06666666666666667,0.42407894736842106,0.3561921052631579,0.2,4.44,0.3449035819399034
680757,Steven Kwan,L,CLE,1,Merrill Kelly,R,518876,824404,AZ @ CLE,10:40 AM,02/08,Scheduled,0.6774532920000752,-194.0,203.0,66.0,False,1111101111,estimated,0,0,0.0,0,0,0.4349939326932021,0.4286571071909263,0.045899164787866535,0.4644092817607711,0.08722176310475863,20,1,0.08518107908351807,0.987,24.0,F,0.244,1.9754196899109453,0.47078545664289745,0.15932091916391752,19,6,0,0.1951219512195122,0.2803030303030303,0.5103211009174312,0.22190366972477063,0.2677752293577982,0.2634498058790904,0.2627257799671593,0.24857142857142858,0.2615606936416185,0.2660098522167488,224,0.2517482517482518,188,False,False,0.6463833596770078,0.03106993232306743,3.4257425742574257,4.079207920792079,101,,,,,,,0.3135849893571119,20,4.86,1.45,109.1,8.0,8.0,71.0,42.0,0.0,0.0,0.0,19.0,SP,19.0,473.0,116.0,24.9,5.84,3.46,9.55,1.81,24.46677939072583,-0.019603292000075268,6,0.6666666666666666,24.0,7,7,1,1,0.0,4.65,0.12496661973781233,0.24096385542168675,0.09572301425661914,0.12423625254582485,0.10054347826086957,0.2995942028985507,0.26639344262295084,4.44,0.31810737317132626
802415,Chandler Simpson,L,TB,5,Anthony Kay,L,641743,822943,CWS @ TB,10:40 AM,02/08,Scheduled,0.6769900463027558,,,,False,1101110011,estimated,0,0,0.0,0,0,0.32542861787366634,0.27013814847264267,0.10702352294811504,0.3568632875135972,0.08413285792192261,20,1,-0.0973581213307241,0.96,54.0,C,0.26346356916578667,2.360038775002667,0.3794729606694877,0.19868611379626921,20,5,0,0.21428571428571427,0.3116438356164384,0.5755015839493136,0.28141499472016895,0.14308342133051744,0.29378172588832485,0.2562814070351759,0.266839378238342,0.28189220628150446,0.30131004366812225,247,0.272108843537415,161,False,False,0.6795166249485156,-0.0025265786457597805,3.797979797979798,4.121212121212121,99,,,,,,,0.0970203832440314,20,4.25,1.36,103.2,7.0,5.0,87.0,41.0,0.0,0.0,0.0,20.0,SP,22.0,467.0,100.0,21.2,7.55,3.56,8.68,1.22,21.303631651730925,0.003443287030577502,6,0.8571428571428571,8.0,7,6,0,1,0.0,4.25,0.02384865386432413,0.3030973451327434,0.08847736625514403,0.04526748971193416,0.15558272208638957,0.2898638956805216,0.18181818181818182,4.023,0.2824065996224369
665487,Fernando Tatís,R,SD,1,Landen Roupp,R,694738,823270,SF @ SD,1:10 PM,02/08,Scheduled,0.6769900463027558,-233.0,245.0,70.0,False,1100011110,estimated,10,6,0.6,1,2025,0.27216625495270474,0.34440498636386463,0.5130560486178152,0.3146062236867814,0.15611826232156698,20,1,-0.06876981610653138,0.954,65.3,B,0.2772523643603783,2.039794422563589,0.303065598638351,0.2207891036263508,20,5,0,0.3368421052631579,0.2680722891566265,0.5383466135458167,0.25747011952191234,0.20418326693227093,0.2708547888774459,0.25872093023255816,0.2170212765957447,0.26,0.25287356321839083,298,0.3313253012048193,185,False,False,0.6857278736716456,-0.008737827368889728,3.9174311926605503,4.431192660550459,109,,,,,,,-0.10241638528232043,20,4.12,1.26,113.2,7.0,9.0,114.0,48.0,0.0,0.0,0.0,21.0,SP,21.0,475.0,95.0,22.6,9.03,3.8,7.52,0.63,22.68196917403796,0.006569953697244224,5,0.7142857142857143,-15.0,5,6,0,1,0.0,4.65,0.11776515445876651,0.27608695652173915,0.20961538461538462,0.08653846153846154,0.5246438746438746,0.3666894586894587,0.24043715846994534,4.44,0.32086721293973025
805808,Kevin Mcgonigle,L,DET,1,Gage Jump,L,695611,824971,DET @ ATH,1:05 PM,02/08,Scheduled,0.6766637041216602,,,,False,1110111011,estimated,0,0,0.0,0,0,0.3371858299214461,0.3171422150155278,0.37063599727067664,0.39565938010101565,0.14825518317346975,20,1,-0.0864680450574983,0.977,44.8,D,0.28677839851024206,2.751668795605044,0.4285918896365957,0.27065830868283186,12,5,0,0.2231404958677686,0.3096085409252669,0.5065420560747663,0.4205607476635514,0.07289719626168224,0.2931854199683043,0.29586935638808837,0.2857142857142857,0.2924554959027974,0.3008130081300813,290,0.2564102564102564,188,True,True,0.6809019697796194,-0.0042382656579591504,3.792452830188679,4.509433962264151,106,,,,,,,0.1591054723703103,20,4.0,1.4,63.0,4.0,6.0,68.0,25.0,0.0,0.0,0.0,12.0,SP,12.0,267.0,63.0,22.2,9.71,3.57,9.0,1.0,22.17864954429283,-0.0031970374549935565,6,0.6666666666666666,-17.0,7,6,1,1,0.0,4.65,0.10832164468409554,0.2822384428223844,0.13814432989690723,0.13814432989690723,0.3691860465116279,0.3038575581395349,0.2786885245901639,4.44,0.3646801872283064
803011,Sam Antonacci,L,CWS,1,Griffin Jax,R,643377,822943,CWS @ TB,10:40 AM,02/08,Scheduled,0.6761673042370787,,,,False,0101001110,estimated,0,0,0.0,0,0,0.24480047732025076,0.34958336849578014,0.45083081187627444,0.3073054079086611,0.20469087900506322,20,1,0.03125,0.96,64.6,C,0.3097412480974125,3.8770291189912416,0.4038218735214904,0.2774986284761015,20,5,0,0.25,0.28125,0.41807044410413474,0.3445635528330781,0.23736600306278713,0.277744451109778,0.24695652173913044,0.2744186046511628,0.2703814510097233,0.27979274611398963,218,0.2689075630252101,145,True,False,0.6857548271844749,-0.009587522947396176,3.50561797752809,4.078651685393258,89,,,,,,,0.006199966252481166,20,3.74,1.23,86.2,6.0,8.0,92.0,30.0,0.0,2.0,2.0,17.0,SP,28.0,358.0,77.0,12.8,9.55,3.12,8.0,1.35,18.621191787184095,0.005316029096254615,6,0.6666666666666666,-11.0,7,7,0,1,0.0,4.65,0.07583400847318042,0.2847682119205298,0.1452513966480447,0.08100558659217877,0.3703333333333333,0.3389413333333333,0.25,4.44,0.2588348360463079
691406,Junior Caminero,R,TB,3,Anthony Kay,L,641743,822943,CWS @ TB,10:40 AM,02/08,Scheduled,0.6761673042370787,-223.0,233.0,69.0,False,1011010010,estimated,0,0,0.0,0,0,0.2582803582086951,0.38989643253063627,0.4050917120520757,0.33931481909077366,0.19362049415832683,20,1,-0.02757459654011374,0.96,54.0,C,0.26346356916578667,2.360038775002667,0.3794729606694877,0.19868611379626921,20,5,0,0.25862068965517243,0.28619528619528617,0.5755015839493136,0.28141499472016895,0.14308342133051744,0.30581947743467935,0.2729613733905579,0.3076923076923077,0.2952297847585806,0.3038461538461538,286,0.23529411764705882,191,False,False,0.6746637675436601,0.0015035366934186278,3.7889908256880735,4.376146788990826,109,,,,,,,0.08470888588811629,20,4.25,1.36,103.2,7.0,5.0,87.0,41.0,0.0,0.0,0.0,20.0,SP,22.0,467.0,100.0,21.2,7.55,3.56,8.68,1.22,21.303631651730925,-0.012083970903745356,6,0.8571428571428571,8.0,7,6,0,1,0.0,4.45,0.08339022822110187,0.28475336322869954,0.17533718689788053,0.10982658959537572,0.5131455399061032,0.33102535211267603,0.27972027972027974,4.248,0.2824065996224369
668709,Jj Bleday,L,CIN,3,Mitch Keller,R,656605,824483,PIT @ CIN,10:40 AM,02/08,Scheduled,0.6746637675436601,,,,False,1110100010,estimated,12,3,0.25,1,2022,0.1878323198582193,0.3268904894705497,0.3357537035250762,0.27108223959978445,0.26156566892895083,20,1,-0.1023398542385884,1.083,34.4,F,0.2611324903793293,2.250926709205063,0.43509531890392383,0.18218933473744403,20,6,0,0.3090909090909091,0.20675105485232068,0.5682068206820682,0.3404840484048405,0.09130913091309131,0.21517857142857144,0.22997032640949555,0.24451939291736932,0.22736754276178556,0.2215909090909091,210,0.23275862068965517,135,False,False,0.6050845196374336,0.0695792479062265,3.5609756097560976,4.2073170731707314,82,,,,,,,-0.0744226124415491,20,4.83,1.31,113.2,6.0,7.0,87.0,38.0,0.0,0.0,0.0,21.0,SP,21.0,487.0,111.0,23.2,6.89,3.01,8.79,1.03,23.027725276251157,-0.03728376754366003,5,0.625,6.0,6,8,1,1,0.0,4.45,0.1975573800525481,0.2379746835443038,0.23788546255506607,0.1145374449339207,0.41144018583042974,0.32498315911730546,0.28321678321678323,4.248,0.34753713900434463
607208,Trea Turner,R,PHI,1,Kyle Bradish,R,680694,824807,PHI @ BAL,10:35 AM,02/08,Scheduled,0.6746637675436601,-233.0,245.0,70.0,False,1001110111,estimated,0,0,0.0,0,0,0.3110199487126428,0.37051373888107114,0.4958104361317218,0.39240646322187195,0.18929504949101872,20,1,0.00028477546549837696,1.044,54.6,C,0.2776927003573252,2.1942815248265184,0.38794885619268465,0.2159625329941029,20,6,0,0.2469879518072289,0.24727272727272728,0.5168539325842697,0.48314606741573035,0.0,0.22588582677165353,0.22958057395143489,0.2471655328798186,0.22910700338453527,0.2446043165467626,297,0.25153374233128833,177,False,False,0.6501594095026125,0.024504358041047558,4.121495327102804,4.429906542056075,107,,,,,,,0.13357325141275922,20,3.74,1.36,118.0,7.0,9.0,114.0,52.0,0.0,0.0,0.0,21.0,SP,21.0,501.0,109.0,23.9,8.69,3.97,8.31,0.92,24.32705421236846,0.006002899123006555,9,1.0,-3.0,7,6,1,1,0.0,4.65,0.04913856885854071,0.24539877300613497,0.22433460076045628,0.060836501901140684,0.4155435759209344,0.3129865229110512,0.2556818181818182,4.44,0.32289962608493045
664761,Alec Bohm,R,PHI,4,Kyle Bradish,R,680694,824807,PHI @ BAL,10:35 AM,02/08,Scheduled,0.6736407255913188,,,,False,1100111101,estimated,7,3,0.42857142857142855,1,2023,0.2225887504196546,0.3250463813015281,0.4479036612626229,0.28893680733442184,0.18309463304951268,20,1,-0.013211978860833834,1.044,54.6,C,0.2776927003573252,2.1942815248265184,0.38794885619268465,0.2159625329941029,20,6,0,0.23076923076923078,0.21755725190839695,0.5168539325842697,0.48314606741573035,0.0,0.19830028328611898,0.18625,0.24583333333333332,0.19907407407407407,0.21585903083700442,246,0.23030303030303031,186,False,False,0.6626626532140124,0.010978072377306414,3.7333333333333334,4.114285714285714,105,,,,,,,-0.008625872927634967,20,3.74,1.36,118.0,7.0,9.0,114.0,52.0,0.0,0.0,0.0,21.0,SP,21.0,501.0,109.0,23.9,8.69,3.97,8.31,0.92,24.32705421236846,-0.0007962811468743558,9,1.0,-3.0,7,6,1,1,0.0,4.35,0.04387514987366688,0.24489795918367346,0.1425661914460285,0.06720977596741344,0.43912848158131174,0.30233243486073674,0.2556818181818182,4.159,0.32289962608493045
691176,Jasson Domínguez,L,NYY,5,Colin Rea,R,607067,824648,NYY @ CHC,11:20 AM,02/08,Scheduled,0.670489374157596,,,,False,1110110101,estimated,0,0,0.0,0,0,0.23496090059352237,0.3225536895256275,0.38591277616868447,0.30898659562095204,0.21806024981155095,20,1,-0.06228296180127699,0.983,44.1,D,0.2637837837837838,1.9310164356616257,0.3844604138596893,0.16116828148376242,20,5,0,0.26582278481012656,0.20353982300884957,0.5594594594594594,0.2556756756756757,0.18486486486486486,0.20079787234042554,0.20833333333333334,0.22900763358778625,0.21004884856943476,0.20535714285714285,121,0.2625,85,False,False,0.6401642870215696,0.03032508713602644,3.84,4.12,50,,,,,,,0.2177454740793344,20,4.67,1.4,111.2,8.0,7.0,83.0,40.0,1.0,0.0,1.0,18.0,SP,22.0,486.0,116.0,22.1,6.69,3.22,9.35,1.37,22.969772186507374,-0.023406040824262675,6,0.75,39.0,7,7,1,1,0.0,4.25,0.04975877819355717,0.2542372881355932,0.22595078299776286,0.05592841163310962,0.4508547008547008,0.3154935897435897,0.2980392156862745,4.023,0.3006305881233481
502671,Paul Goldschmidt,R,NYY,3,Colin Rea,R,607067,824648,NYY @ CHC,11:20 AM,02/08,Scheduled,0.669529728575695,,,,False,0111101000,estimated,6,1,0.16666666666666666,1,2023,0.14894817311228015,0.29368642766999836,0.2186700067828154,0.21685624465390818,0.291825734637898,20,1,-0.05288438674085699,0.983,44.1,D,0.2637837837837838,1.9310164356616257,0.3844604138596893,0.16116828148376242,20,5,0,0.26993865030674846,0.21705426356589147,0.5594594594594594,0.2556756756756757,0.18486486486486486,0.22900158478605387,0.23820754716981132,0.1978319783197832,0.22771084337349398,0.26011560693641617,188,0.226890756302521,131,False,False,0.6331468423750278,0.03638288620066721,3.5609756097560976,3.8902439024390243,82,,,,,,,-0.09750765070824598,20,4.67,1.4,111.2,8.0,7.0,83.0,40.0,1.0,0.0,1.0,18.0,SP,22.0,486.0,116.0,22.1,6.69,3.22,9.35,1.37,22.969772186507374,-0.022613061909028342,6,0.75,39.0,7,7,1,1,0.0,4.45,0.0684475772338148,0.2582278481012658,0.22453703703703703,0.0625,0.4211409395973154,0.3176275167785235,0.22346368715083798,4.248,0.3006305881233481
702284,Cole Young,L,SEA,1,Taj Bradley,R,671737,823107,MIN @ SEA,1:10 PM,02/08,Scheduled,0.668507033597919,,,,False,0101111111,estimated,0,0,0.0,0,0,0.3089931149693894,0.34016954045878856,0.4823098892381156,0.3711441511008325,0.12221571378757572,20,1,-0.05087719298245613,0.906,55.1,C,0.28522671867381766,2.850784074485702,0.46721369715317485,0.2848306597976569,20,5,0,0.3,0.24912280701754386,0.7068292682926829,0.09121951219512195,0.20195121951219513,0.24469413233458176,0.2534854245880862,0.2293144208037825,0.24467329545454544,0.2680851063829787,258,0.25882352941176473,191,False,False,0.6795166249485156,-0.011009591350596648,3.6486486486486487,4.045045045045045,111,,,,,,,0.2727392412849762,20,3.65,1.21,120.2,9.0,4.0,139.0,49.0,0.0,0.0,0.0,21.0,SP,21.0,504.0,97.0,24.0,10.37,3.65,7.23,1.27,24.213263484941745,-0.0045820335979189775,4,0.4444444444444444,-18.0,6,7,0,1,0.0,4.65,0.05075615533749271,0.24764150943396226,0.17057569296375266,0.06183368869936034,0.39098837209302323,0.3234127906976744,0.19230769230769232,4.44,0.30139161988540525
663757,Trent Grisham,L,NYY,2,Colin Rea,R,607067,824648,NYY @ CHC,11:20 AM,02/08,Scheduled,0.6680737075410654,,,,False,0000010100,estimated,0,0,0.0,0,0,0.12527314013827096,0.22930807557927357,0.37473713627420235,0.1509777324700784,0.09933317243437657,20,1,-0.08291245791245788,0.983,44.1,D,0.2637837837837838,1.9310164356616257,0.3844604138596893,0.16116828148376242,20,5,0,0.2727272727272727,0.18981481481481483,0.5594594594594594,0.2556756756756757,0.18486486486486486,0.22048271363339855,0.2106969205834684,0.20391061452513967,0.21545201115093587,0.22346368715083798,207,0.2,149,False,False,0.6268104255748418,0.04126328196622364,3.4157303370786516,4.0,89,,,,,,,-0.27777905953184606,20,4.67,1.4,111.2,8.0,7.0,83.0,40.0,1.0,0.0,1.0,18.0,SP,22.0,486.0,116.0,22.1,6.69,3.22,9.35,1.37,22.969772186507374,-0.025823707541065444,6,0.75,39.0,7,7,1,1,0.0,4.55,0.17107005812329043,0.2009685230024213,0.20824742268041238,0.13814432989690723,0.46474358974358976,0.29827884615384614,0.2980392156862745,4.348,0.3006305881233481
605141,Mookie Betts,R,LAD,5,Jake Bennett,L,687562,823919,BOS @ LAD,4:20 PM,02/08,Scheduled,0.6674663956272546,-170.0,186.0,63.0,False,0011011110,estimated,0,0,0.0,0,0,0.18544725718671906,0.24454602374072767,0.31693690542180336,0.221201451295445,0.15136889101565704,20,1,0.05928601784955376,0.973,81.6,A,0.27039106145251396,4.662790343574347,0.3494011348965562,0.18022612938024243,11,5,0,0.2692307692307692,0.20994475138121546,0.6453423120089786,0.09988776655443322,0.2547699214365881,0.2227450980392157,0.23316912972085385,0.24336283185840707,0.22796208530805687,0.22941176470588234,184,0.23478260869565218,125,False,True,0.6401642870215696,0.02730210860568505,3.904109589041096,4.232876712328767,73,,,,,,,0.0878664042923483,20,2.74,0.97,65.2,6.0,4.0,46.0,11.0,0.0,0.0,0.0,11.0,SP,11.0,256.0,53.0,23.3,6.3,1.51,7.26,0.69,23.679475766274102,-0.037816395627254695,6,0.8571428571428571,22.0,7,6,1,1,0.0,4.25,0.042324852684633506,0.24838012958963282,0.1138996138996139,0.0888030888030888,0.39603960396039606,0.30773267326732673,0.24719101123595505,4.023,0.3396755676533206
694192,Jackson Chourio,R,MIL,2,Walbert Ureña,R,700712,823996,MIL @ LAA,12:15 PM,02/08,Scheduled,0.6674663956272546,,,,False,1111111011,estimated,0,0,0.0,0,0,0.21814162249577834,0.30653071986398184,0.36465164811517,0.30254835842629524,0.23386134468053071,20,1,-0.043939393939393945,0.979,73.3,B,0.2870603015075377,1.832994199414209,0.3159763935171778,0.21958208249312372,18,6,0,0.30303030303030304,0.2590909090909091,0.5242596093257719,0.15311909262759923,0.32262129804662887,0.25493945188017847,0.27921279212792127,0.2932330827067669,0.26654135338345863,0.29508196721311475,199,0.2426470588235294,148,False,True,0.6647085276875099,0.0027578679397447514,4.197368421052632,4.565789473684211,76,,,,,,,0.059337487748096586,20,2.7,1.26,93.1,6.0,7.0,88.0,49.0,0.0,0.0,0.0,17.0,SP,19.0,401.0,69.0,21.1,8.49,4.73,6.65,0.58,22.40271883570706,-0.004433062293921375,6,0.6666666666666666,-8.0,7,6,1,1,0.0,4.55,0.029773944030087103,0.2822085889570552,0.23277467411545624,0.0633147113594041,0.49592490842490844,0.3344505494505494,0.19254658385093168,4.348,0.3083547371513855
678882,Ceddanne Rafaela,R,BOS,2,Emmet Sheehan,R,686218,823919,BOS @ LAD,4:20 PM,02/08,Scheduled,0.6669931056885955,,,,False,1101111111,estimated,0,0,0.0,0,0,0.32961363841900004,0.36273028883302233,0.3793561195815699,0.4571960385261209,0.22105731085201738,20,1,0.008533427495291901,0.973,71.4,B,0.2934386391251519,3.332087834273528,0.38685625799416873,0.2613815439564114,19,7,0,0.2796610169491525,0.2881944444444444,0.42560975609756097,0.40792682926829266,0.16646341463414635,0.289756649688738,0.2720812182741117,0.2540983606557377,0.28069053708439895,0.2809917355371901,257,0.2926829268292683,175,False,False,0.6736407255913188,-0.006647619902723334,3.941747572815534,4.194174757281553,103,,,,,,,0.27663508019062544,20,4.95,1.25,92.2,4.0,7.0,104.0,29.0,0.0,0.0,0.0,19.0,SP,19.0,396.0,87.0,20.8,10.1,2.82,8.45,1.65,20.763744123413314,-0.0032645342600239324,7,0.875,10.0,6,7,1,1,0.0,4.55,0.004951397509947329,0.28665207877461707,0.19959266802443992,0.05295315682281059,0.3465645311049211,0.2998644382544104,0.23870967741935484,4.348,0.2925660343716699
690993,Colt Keith,L,DET,3,Gage Jump,L,695611,824971,DET @ ATH,1:05 PM,02/08,Scheduled,0.6663598267196431,,,,False,0011111101,estimated,0,0,0.0,0,0,0.32729468834395864,0.3197839662518012,0.30366126250291486,0.3944776501350666,0.22078287166339722,20,1,0.0,0.977,44.8,D,0.28677839851024206,2.751668795605044,0.4285918896365957,0.27065830868283186,12,5,0,,0.2631578947368421,0.5065420560747663,0.4205607476635514,0.07289719626168224,0.26736672051696286,0.2280334728033473,0.2619047619047619,0.2571680635200706,0.3089887640449438,195,0.1926605504587156,115,False,True,0.6460176799103263,0.020342146809316786,2.87,3.1,100,,,,,,,0.02977124986180935,20,4.0,1.4,63.0,4.0,6.0,68.0,25.0,0.0,0.0,0.0,12.0,SP,12.0,267.0,63.0,22.2,9.71,3.57,9.0,1.0,22.17864954429283,-0.010326493386309754,6,0.6666666666666666,-17.0,7,6,1,1,0.0,4.45,0.05749947043492617,0.25146198830409355,0.19571045576407506,0.06166219839142091,0.4177199504337051,0.32476208178438665,0.2786885245901639,4.248,0.3646801872283064
642708,Amed Rosario,R,NYY,4,Colin Rea,R,607067,824648,NYY @ CHC,11:20 AM,02/08,Scheduled,0.66555230471501,,,,False,0000111011,estimated,5,1,0.2,1,2024,0.19847032662896702,0.4392550335818643,0.3594975067921405,0.42478214694878935,0.47213456244318924,20,1,0.045776918117343635,0.983,44.1,D,0.2637837837837838,1.9310164356616257,0.3844604138596893,0.16116828148376242,20,5,0,0.22695035460992907,0.2727272727272727,0.5594594594594594,0.2556756756756757,0.18486486486486486,0.2164073550212164,0.2073490813648294,0.20689655172413793,0.21723122238586157,0.205607476635514,115,0.2835820895522388,73,False,False,0.6438766480819845,0.02167565663302551,2.6769230769230767,2.8923076923076922,65,,,,,,,-0.19760804711386806,20,4.67,1.4,111.2,8.0,7.0,83.0,40.0,1.0,0.0,1.0,18.0,SP,22.0,486.0,116.0,22.1,6.69,3.22,9.35,1.37,22.969772186507374,-0.012968971381676742,6,0.75,39.0,7,7,1,1,0.0,4.35,0.047334255577114404,0.2619047619047619,0.2111111111111111,0.05,0.44358974358974357,0.33181794871794873,0.22346368715083798,4.159,0.3006305881233481
663616,Trevor Larnach,L,MIN,1,George Kirby,R,669923,823107,MIN @ SEA,1:10 PM,02/08,Scheduled,0.66555230471501,,,,False,1111100001,estimated,9,3,0.3333333333333333,1,2023,0.24152841957199475,0.3196221374758161,0.3643066581335144,0.3172664900846998,0.21878358708306964,20,1,-0.051851851851851816,0.906,55.3,C,0.2714757709251101,4.981789622994654,0.4214914584259961,0.22097746128116122,20,6,0,0.3333333333333333,0.2814814814814815,0.5350248207391064,0.39327082184225043,0.07170435741864313,0.2728077945084145,0.29778393351800553,0.26570915619389585,0.27925311203319503,0.2983425414364641,206,0.2616822429906542,126,False,False,0.6680788833607699,-0.0025265786457598916,3.1648351648351647,3.6483516483516483,91,,,,,,,0.013161853311702427,20,3.98,1.3,120.0,8.0,9.0,107.0,25.0,0.0,0.0,0.0,20.0,SP,20.0,497.0,131.0,24.9,8.03,1.88,9.83,1.13,24.588135964408472,-0.008195161857867173,7,1.0,-10.0,7,6,0,1,0.0,4.65,0.08921147878260503,0.28717948717948716,0.18120805369127516,0.10514541387024609,0.3725997842502697,0.3202621359223301,0.2697095435684647,4.44,0.33998943548983895
671056,Iván Herrera,R,STL,4,Max Scherzer,R,453286,822783,STL @ TOR,10:37 AM,02/08,Pre-Game,0.6649297727401552,,,,False,0011101101,estimated,0,0,0.0,0,0,0.20445194741382605,0.286427749363916,0.29155376746855594,0.244471394839848,0.2169103460155709,20,1,0.00911032028469752,0.995,25.8,F,0.2055888223552894,1.2256831259977927,0.3806848687482133,0.16375034234877564,7,6,0,0.24,0.2491103202846975,0.476,0.35,0.174,0.21488912354804646,0.21467889908256882,0.25892857142857145,0.22038327526132404,0.2289156626506024,295,0.27388535031847133,189,False,False,0.6322934535672835,0.032636319172871686,3.7247706422018347,4.440366972477064,109,,,,,,,-0.09800801831351316,20,9.49,1.82,24.2,1.0,4.0,18.0,14.0,0.0,0.0,0.0,7.0,SP,7.0,117.0,31.0,16.7,6.57,5.11,11.31,3.28,16.694239216172473,-0.03275834416872658,7,0.875,18.0,7,7,0,1,0.0,4.35,0.006189246887434161,0.24545454545454545,0.17045454545454544,0.09848484848484848,0.4059047619047619,0.3036104761904762,0.25,4.159,0.32087843469655114
695578,James Wood,L,WSH,1,Jr Ritchie,R,702275,824891,WSH @ ATL,10:35 AM,02/08,Scheduled,0.6642976577154607,-156.0,163.0,61.0,False,0111101010,estimated,0,0,0.0,0,0,0.2229752011442926,0.3937759944327988,0.5034540866571681,0.3366827635644112,0.2550442698013292,20,1,0.03158844765342961,1.018,49.4,D,0.266384778012685,1.6315135726843062,0.36185997003616716,0.2104080605863932,13,12,0,0.25,0.2815884476534296,0.4840764331210191,0.3481953290870488,0.16772823779193205,0.26156299840510366,0.256908140403286,0.25980392156862747,0.26013513513513514,0.2749003984063745,311,0.26436781609195403,213,False,True,0.6405238448950216,0.02377381282043911,3.828828828828829,4.7207207207207205,111,,,,,,,-0.11642528984013926,20,4.5,1.41,54.0,1.0,2.0,49.0,33.0,1.0,0.0,1.0,7.0,SP,13.0,236.0,43.0,18.2,8.17,5.5,7.17,1.5,16.90848698049998,-0.02528337200117503,7,0.7777777777777778,9.0,7,7,1,1,0.0,4.65,0.17270342079023168,0.2678185745140389,0.29642857142857143,0.14107142857142857,0.5828282828282828,0.41599326599326597,0.22608695652173913,4.44,0.3021698882630711
663494,Bryan Torres,L,STL,6,Max Scherzer,R,453286,822783,STL @ TOR,10:37 AM,02/08,Pre-Game,0.664043592201887,,,,False,0011101110,estimated,0,0,0.0,0,0,0.32468753013439383,0.36825825222873776,0.4930240158885447,0.40413835290999206,0.20700600534181532,20,1,-0.3609022556390977,0.995,25.8,F,0.2055888223552894,1.2256831259977927,0.3806848687482133,0.16375034234877564,7,6,0,0.5714285714285714,0.21052631578947367,0.476,0.35,0.174,0.2088235294117647,0.2248062015503876,0.3269230769230769,0.22456813819577734,0.2857142857142857,46,0.1951219512195122,44,True,False,0.621695987509041,0.04234760469284604,2.4411764705882355,2.6470588235294117,34,,,,,,,-0.005518099222537204,20,9.49,1.82,24.2,1.0,4.0,18.0,14.0,0.0,0.0,0.0,7.0,SP,7.0,117.0,31.0,16.7,6.57,5.11,11.31,3.28,16.694239216172473,-0.047615020773315586,7,0.875,18.0,7,7,0,1,0.0,4.12,0.02750143582241042,0.23076923076923078,0.2,0.07058823529411765,0.37158469945355194,0.3337540983606557,0.3333333333333333,3.895,0.32087843469655114
596019,Francisco Lindor,L,NYM,2,Sandy Alcántara,R,645261,823592,MIA @ NYM,10:40 AM,02/08,Scheduled,0.6633162077314853,-178.0,194.0,64.0,False,1001100111,estimated,26,7,0.2692307692307692,1,2022,0.2939919110546585,0.36214114869304587,0.49540008397658897,0.3808045396334723,0.21893664174884128,20,1,0.01696293714418498,0.949,63.0,C,0.2702702702702703,2.9865326399112417,0.35840728210305794,0.1897982654393428,20,5,0,0.22807017543859648,0.24503311258278146,0.5963668586619406,0.19627824545857334,0.20735489587948605,0.23349282296650717,0.25149700598802394,0.2085201793721973,0.23208020050125314,0.22627737226277372,146,0.2676056338028169,86,False,False,0.655222611035472,0.008093596696013283,3.9245283018867925,4.377358490566038,53,,,,,,,0.17097821682041844,20,3.82,1.21,150.2,11.0,6.0,115.0,39.0,0.0,0.0,0.0,23.0,SP,23.0,625.0,143.0,27.2,6.87,2.33,8.54,1.02,27.319457506964657,-0.020866207731485176,6,0.6666666666666666,13.0,7,8,0,1,0.0,4.55,0.12395933604271228,0.2520833333333333,0.1801470588235294,0.10110294117647059,0.4694589877835951,0.3180157068062827,0.2375366568914956,4.348,0.31057595184526077
543807,George Springer,R,TOR,4,Matthew Liberatore,L,669461,822783,STL @ TOR,10:37 AM,02/08,Pre-Game,0.6630105060082061,,,,False,0101111111,estimated,0,0,0.0,0,0,0.3321912512150651,0.33825863376623894,0.4566392497007351,0.3912329759500176,0.11682926729454977,20,1,-0.007575757575757569,0.995,39.3,D,0.2810615199034982,2.727903277136824,0.4273336198094741,0.2348532397350715,20,6,0,0.23333333333333334,0.2409090909090909,0.44659022329511167,0.4049487024743512,0.14846107423053712,0.24470134874759153,0.24352941176470588,0.18658892128279883,0.2370909090909091,0.23809523809523808,216,0.2396694214876033,136,False,False,0.6486393237112692,0.014371182296936902,3.875,4.4,80,,,,,,,0.15926541889853865,20,5.26,1.56,102.2,5.0,8.0,100.0,40.0,0.0,0.0,0.0,21.0,SP,21.0,456.0,120.0,21.7,8.77,3.51,10.52,1.67,21.58258158709563,-0.010190506008206146,5,0.7142857142857143,17.0,7,6,0,1,0.0,4.35,0.09524771645141179,0.26824034334763946,0.19507575757575757,0.0946969696969697,0.4256198347107438,0.3095289256198347,0.2906574394463668,4.159,0.33929815095861576
686475,Tyler Tolbert,R,KC,9,Kyle Freeland,L,607536,824323,KC @ COL,12:10 PM,02/08,Scheduled,0.6622254904720134,,,,False,1000000111,estimated,0,0,0.0,0,0,0.3135279378112566,0.30685300659260345,0.30843246168291405,0.3656324059308475,0.14192326493142468,20,1,0.0,1.148,49.9,D,0.27808471454880296,4.490100931643858,0.431094077103974,0.1878767906030378,19,7,0,0.34210526315789475,0.34210526315789475,0.532842234499693,0.32535297728667895,0.141804788213628,0.29777777777777775,0.33088235294117646,0.4264705882352941,0.33178654292343385,0.2894736842105263,44,0.39473684210526316,43,False,False,0.5687391346667711,0.09348635580524234,2.4516129032258065,2.806451612903226,31,,,,,,,-0.04841925151176296,20,7.34,1.55,99.1,2.0,10.0,85.0,21.0,0.0,0.0,0.0,19.0,SP,19.0,452.0,133.0,23.8,7.7,1.9,12.05,1.9,24.150923446104215,-0.02765049047201329,8,1.0,6.0,7,6,1,1,0.0,3.76,0.06282968512280468,0.2903225806451613,0.19662921348314608,0.056179775280898875,0.2909722222222222,0.24591666666666664,0.31545741324921134,3.443,0.3725724466978415
621566,Matt Olson,L,ATL,3,Cade Cavalli,R,676917,824891,WSH @ ATL,10:35 AM,02/08,Scheduled,0.6621719048004105,-170.0,178.0,63.0,False,0101011011,estimated,0,0,0.0,0,0,0.23889217364245674,0.351551717553426,0.46350027663466375,0.3912806199769571,0.3111991224668199,20,1,0.009758241758241748,1.018,64.1,C,0.29809725158562367,4.028613892286458,0.4256753589163245,0.26481726383842463,20,5,0,0.25824175824175827,0.268,0.5389094759131816,0.38433033350979356,0.07676019057702488,0.27607076350093107,0.2564315352697095,0.26963906581740976,0.2694516971279373,0.2637795275590551,287,0.2640449438202247,200,False,False,0.6379872220079221,0.02418468279248842,3.891891891891892,4.387387387387387,111,,,,,,,0.08477134735758168,20,3.55,1.29,116.2,8.0,4.0,130.0,36.0,0.0,0.0,0.0,23.0,SP,23.0,503.0,115.0,21.9,10.03,2.78,8.87,0.77,22.08756791953745,0.0009852380567323404,7,0.7777777777777778,4.0,7,8,1,1,0.0,4.45,0.11692364992486974,0.25862068965517243,0.248565965583174,0.09751434034416825,0.49820359281437127,0.3264341317365269,0.2681992337164751,4.248,0.31880757873558524
663538,Nico Hoerner,R,CHC,6,Gerrit Cole,R,543037,824648,NYY @ CHC,11:20 AM,02/08,Scheduled,0.6614608132714311,,,,False,0111110101,estimated,0,0,0.0,0,0,0.3161604098407151,0.42035963107612584,0.3438305941851516,0.35614448432529633,0.1274784290637168,20,1,-0.027264850814967212,0.983,68.1,B,0.2952202436738519,5.758718939586668,0.43484979030430454,0.27476589336915835,12,5,0,0.2796610169491525,0.2523961661341853,0.5130183220829315,0.33461909353905495,0.1523625843780135,0.25145518044237486,0.25674217907227614,0.2611111111111111,0.25481088254810885,0.27310924369747897,266,0.24352331606217617,213,False,False,0.655222611035472,0.006238202235959167,3.990740740740741,4.435185185185185,108,,,,,,,0.20989265388947764,20,3.57,1.09,68.0,4.0,5.0,73.0,14.0,0.0,0.0,0.0,12.0,SP,12.0,279.0,60.0,23.2,9.66,1.85,7.94,1.46,23.43423843698862,0.0020791867285688825,5,0.625,2.0,7,7,1,1,0.0,4.12,0.01943223332860351,0.27061310782241016,0.08206106870229007,0.07251908396946564,0.29403100775193797,0.31810852713178295,0.2727272727272727,3.895,0.2989308918554812
666018,Jonathan Aranda,L,TB,2,Anthony Kay,L,641743,822943,CWS @ TB,10:40 AM,02/08,Scheduled,0.6588995089925823,-144.0,156.0,59.0,False,1100111110,estimated,0,0,0.0,0,0,0.22950779134351573,0.3635717565185418,0.4946893797942114,0.33951798947022704,0.2803382436399068,20,2,-0.02432909604519773,0.96,54.0,C,0.26346356916578667,2.360038775002667,0.3794729606694877,0.19868611379626921,20,5,0,0.2604166666666667,0.2847457627118644,0.5755015839493136,0.28141499472016895,0.14308342133051744,0.2624821683309558,0.2572944297082228,0.27539503386004516,0.26224091318714327,0.2821576763485477,278,0.2733333333333333,181,False,False,0.6549220851318973,0.003977423860685003,3.688679245283019,4.330188679245283,106,,,,,,,0.19879225249616767,20,4.25,1.36,103.2,7.0,5.0,87.0,41.0,0.0,0.0,0.0,20.0,SP,22.0,467.0,100.0,21.2,7.55,3.56,8.68,1.22,21.303631651730925,-0.012016175659248951,6,0.8571428571428571,8.0,7,6,0,1,0.0,4.55,0.0422135837978759,0.2831050228310502,0.24124513618677043,0.10894941634241245,0.44771762208067944,0.34977707006369424,0.18181818181818182,4.348,0.2824065996224369
607043,Brandon Nimmo,L,TEX,3,Peter Lambert,R,663567,824163,TEX @ HOU,11:10 AM,02/08,Scheduled,0.6588995089925823,,,,False,1101101001,estimated,7,0,0.0,1,2023,0.277039969713917,0.37884843292358583,0.487865390520832,0.3567916041454351,0.23311557163075403,20,1,-0.04831730769230769,0.998,69.4,B,0.27076023391812865,2.748627193979088,0.3652957809353025,0.23577470691970062,18,5,0,0.3076923076923077,0.259375,0.4964871194379391,0.2693208430913349,0.234192037470726,0.26321087065928533,0.24820512820512822,0.2200488997555012,0.25384160756501184,0.28125,281,0.24647887323943662,160,False,False,0.6588995089925823,0.0,3.826923076923077,4.240384615384615,104,,,,,,,-0.0015954201472632764,20,3.06,1.15,103.0,8.0,5.0,100.0,39.0,0.0,0.0,0.0,18.0,SP,18.0,429.0,79.0,23.8,8.74,3.41,6.9,0.96,23.903130110826957,-0.012799508992582309,6,0.75,0.0,7,7,1,1,0.0,4.45,0.1029529971363983,0.2683982683982684,0.22396856581532418,0.07269155206286837,0.5100574712643678,0.3599741379310345,0.14358974358974358,4.248,0.32063241856314684
691016,Tyler Soderstrom,L,ATH,2,Keider Montero,R,672456,824971,DET @ ATH,1:05 PM,02/08,Scheduled,0.658726296137285,,,,False,1111100001,estimated,0,0,0.0,0,0,0.21578353814336546,0.33397009679235967,0.48078354213431557,0.3204391736272797,0.27899283847516637,20,1,-0.01113360323886639,0.977,82.8,A,0.27125,4.856373999438966,0.33912020320310216,0.20368364073849918,20,6,0,0.25,0.2388663967611336,0.5382685069008782,0.32747804265997493,0.1342534504391468,0.25082726671078753,0.24284077892325315,0.2774327122153209,0.25304984315092366,0.26046511627906976,250,0.2152777777777778,162,False,False,0.6599852866647568,-0.0012589905274718038,3.6262626262626263,4.161616161616162,99,,,,,,,0.1429523154767216,20,3.34,1.02,110.1,7.0,6.0,79.0,23.0,1.0,0.0,1.0,17.0,SP,23.0,443.0,89.0,19.3,6.44,1.88,7.26,0.9,17.954657890021068,0.007286203862715057,8,1.0,-3.0,6,7,1,1,0.0,4.55,0.05141907682664765,0.26265060240963856,0.18526315789473685,0.1031578947368421,0.4612640163098879,0.3237818552497452,0.21818181818181817,4.348,0.2916429598225816
672515,Gabriel Moreno,R,AZ,3,Gavin Williams,R,668909,824404,AZ @ CLE,10:40 AM,02/08,Scheduled,0.6582530061986258,,,,False,1111101110,estimated,0,0,0.0,0,0,0.3248847586090132,0.38569591670641973,0.4349347911694751,0.3795342112997215,0.1263613272646695,20,1,0.06753340556157461,0.987,62.7,C,0.329004329004329,6.011703672390437,0.4982556917295959,0.33477968647374234,20,5,0,0.2564102564102564,0.323943661971831,0.50634765625,0.49365234375,0.0,0.31458966565349544,0.3068920676202861,0.30689655172413793,0.30843071786310516,0.2976190476190476,191,0.3170731707317073,152,False,False,0.674310738929762,-0.0160577327311362,3.5060240963855422,4.132530120481928,83,,,,,,,0.17606160311551391,20,3.71,1.07,133.1,10.0,6.0,168.0,38.0,0.0,0.0,0.0,22.0,SP,22.0,532.0,105.0,24.2,11.34,2.57,7.09,1.42,24.10325512461824,0.00900413665851707,7,0.875,6.0,7,6,1,1,0.0,4.45,0.10906577866186247,0.3076923076923077,0.15778688524590165,0.11475409836065574,0.4146509341199607,0.360259587020649,0.23529411764705882,4.248,0.34643659119081477
665019,Kody Clemens,L,MIN,3,George Kirby,R,669923,823107,MIN @ SEA,1:10 PM,02/08,Scheduled,0.6577309194891828,,,,False,1110111100,estimated,9,3,0.3333333333333333,1,2022,0.19332734732030843,0.2742005691105911,0.38936476751424337,0.2376346723209547,0.22489218942599803,20,1,-0.05626223091976515,0.906,55.3,C,0.2714757709251101,4.981789622994654,0.4214914584259961,0.22097746128116122,20,6,0,0.2857142857142857,0.22945205479452055,0.5350248207391064,0.39327082184225043,0.07170435741864313,0.23440577806959947,0.24083129584352078,0.21467391304347827,0.23377581120943952,0.2780487804878049,227,0.18666666666666668,162,False,False,0.6463833596770078,0.011347559812175056,3.736842105263158,4.094736842105263,95,,,,,,,-0.10274337499362707,20,3.98,1.3,120.0,8.0,9.0,107.0,25.0,0.0,0.0,0.0,20.0,SP,20.0,497.0,131.0,24.9,8.03,1.88,9.83,1.13,24.588135964408472,-0.023302348060611378,7,1.0,-10.0,7,6,0,1,0.0,4.45,0.050284846939926436,0.2398190045248869,0.23651452282157676,0.06016597510373444,0.47195121951219515,0.3205106707317073,0.2697095435684647,4.248,0.33998943548983895
643289,Mauricio Dubón,R,ATL,5,Cade Cavalli,R,676917,824891,WSH @ ATL,10:35 AM,02/08,Scheduled,0.6562208046378236,,,,False,1111001101,estimated,0,0,0.0,0,0,0.1928464843913306,0.28400127433089095,0.2880896801198451,0.23508065248552906,0.09604713718609305,20,2,-0.026522063169797744,1.018,64.1,C,0.29809725158562367,4.028613892286458,0.4256753589163245,0.26481726383842463,20,5,0,0.2754491017964072,0.24892703862660945,0.5389094759131816,0.38433033350979356,0.07676019057702488,0.2669039145907473,0.26658624849215923,0.2261904761904762,0.2625131256562828,0.25217391304347825,246,0.27058823529411763,188,False,False,0.6621719048004105,-0.005951100162586931,3.7735849056603774,4.09433962264151,106,,,,,,,-0.07363863008552514,20,3.55,1.29,116.2,8.0,4.0,130.0,36.0,0.0,0.0,0.0,23.0,SP,23.0,503.0,115.0,21.9,10.03,2.78,8.87,0.77,22.08756791953745,0.009950623933604907,7,0.7777777777777778,4.0,7,8,1,1,0.0,4.25,0.02377938356956275,0.25396825396825395,0.13626834381551362,0.06079664570230608,0.31529255319148936,0.29725265957446806,0.24,4.023,0.31880757873558524
682928,Cj Abrams,L,WSH,4,Jr Ritchie,R,702275,824891,WSH @ ATL,10:35 AM,02/08,Scheduled,0.6561896732501854,-178.0,186.0,64.0,False,1111010011,estimated,0,0,0.0,0,0,0.33077212226471475,0.37721810454203836,0.45932143816274246,0.4391131064275584,0.20992769285896162,20,1,-0.027504548117541827,1.018,49.4,D,0.266384778012685,1.6315135726843062,0.36185997003616716,0.2104080605863932,13,12,0,0.30973451327433627,0.28222996515679444,0.4840764331210191,0.3481953290870488,0.16772823779193205,0.2724039829302987,0.25806451612903225,0.24390243902439024,0.2624914442162902,0.30357142857142855,260,0.2727272727272727,199,False,True,0.6439403368471744,0.012249336403010957,3.7383177570093458,4.289719626168225,107,,,,,,,-0.01419675346061392,20,4.5,1.41,54.0,1.0,2.0,49.0,33.0,1.0,0.0,1.0,7.0,SP,13.0,236.0,43.0,18.2,8.17,5.5,7.17,1.5,16.90848698049998,-0.01606110182161391,7,0.7777777777777778,9.0,7,7,1,1,0.0,4.35,0.13406180642332208,0.2866666666666667,0.22593320235756384,0.07662082514734773,0.42154228855721393,0.32929253731343283,0.22608695652173913,4.159,0.3021698882630711
661388,William Contreras,R,MIL,4,Walbert Ureña,R,700712,823996,MIL @ LAA,12:15 PM,02/08,Scheduled,0.6548473056460873,,,,False,0001110111,estimated,0,0,0.0,0,0,0.18867184193215153,0.2703145468803257,0.4568816496905161,0.24967089772940884,0.20380553719686828,20,1,-0.007938230642810629,0.979,73.3,B,0.2870603015075377,1.832994199414209,0.3159763935171778,0.21958208249312372,18,6,0,0.2773109243697479,0.2693726937269373,0.5242596093257719,0.15311909262759923,0.32262129804662887,0.2923864363403711,0.2470076169749728,0.3081761006289308,0.27965799786248663,0.2782608695652174,256,0.2625,177,False,True,0.6669931056885955,-0.012145800042508204,3.8613861386138613,4.287128712871287,101,,,,,,,0.10234305944833415,20,2.7,1.26,93.1,6.0,7.0,88.0,49.0,0.0,0.0,0.0,17.0,SP,19.0,401.0,69.0,21.1,8.49,4.73,6.65,0.58,22.40271883570706,-0.014030638979420584,6,0.6666666666666666,-8.0,7,6,1,1,0.0,4.35,0.052749773753171116,0.2687224669603524,0.1482213438735178,0.07905138339920949,0.4544415127528584,0.31442480211081797,0.19254658385093168,4.159,0.3083547371513855
694671,Wyatt Langford,R,TEX,2,Peter Lambert,R,663567,824163,TEX @ HOU,11:10 AM,02/08,Scheduled,0.653682658193392,,,,False,0111010111,estimated,0,0,0.0,0,0,0.2547407543724471,0.31752793892329284,0.4557852441157672,0.34391212001629184,0.262815902516266,20,1,0.02929180571004819,0.998,69.4,B,0.27076023391812865,2.748627193979088,0.3652957809353025,0.23577470691970062,18,5,0,0.25806451612903225,0.28735632183908044,0.4964871194379391,0.2693208430913349,0.234192037470726,0.2729613733905579,0.26763110307414106,0.20634920634920634,0.26329113924050634,0.2733333333333333,160,0.29069767441860467,91,False,False,0.6452926424175359,0.008390015775856074,4.068965517241379,4.327586206896552,58,,,,,,,0.20397226478600528,20,3.06,1.15,103.0,8.0,5.0,100.0,39.0,0.0,0.0,0.0,18.0,SP,18.0,429.0,79.0,23.8,8.74,3.41,6.9,0.96,23.903130110826957,-0.025899324860058637,6,0.75,0.0,7,7,1,1,0.0,4.55,0.0415166289611027,0.268018018018018,0.2318271119842829,0.11394891944990176,0.44683026584867075,0.32950920245398774,0.27419354838709675,4.348,0.32063241856314684
805999,A. J. Ewing,L,NYM,1,Sandy Alcántara,R,645261,823592,MIA @ NYM,10:40 AM,02/08,Scheduled,0.6531246508026597,,,,False,1100111011,estimated,0,0,0.0,0,0,0.2698754073718603,0.3323199472681651,0.39642300927194624,0.37074373831058927,0.2525762804835055,20,1,0.0029865604778496757,0.949,63.0,C,0.2702702702702703,2.9865326399112417,0.35840728210305794,0.1897982654393428,20,5,0,0.2653061224489796,0.2682926829268293,0.5963668586619406,0.19627824545857334,0.20735489587948605,0.22351797862001943,0.24635332252836303,0.25825825825825827,0.23648307225871654,0.2653061224489796,160,0.27102803738317754,127,True,False,0.6397312136256115,0.013393437177048217,3.5774647887323945,4.042253521126761,71,,,,,,,0.1533676669876357,20,3.82,1.21,150.2,11.0,6.0,115.0,39.0,0.0,0.0,0.0,23.0,SP,23.0,625.0,143.0,27.2,6.87,2.33,8.54,1.02,27.319457506964657,-0.024607984135992966,6,0.6666666666666666,13.0,7,8,0,1,0.0,4.65,0.06678741468652784,0.2697095435684647,0.26838235294117646,0.09558823529411764,0.41964285714285715,0.36273214285714284,0.2375366568914956,4.44,0.31057595184526077
670623,Isaac Paredes,R,HOU,3,Kumar Rocker,R,677958,824163,TEX @ HOU,11:10 AM,02/08,Scheduled,0.6526025640932165,,,,False,1101000111,estimated,5,1,0.2,1,2026,0.2786523016625275,0.3352985575794387,0.26370664863746063,0.31006587530270957,0.08644470647546815,20,1,0.026763399055817844,0.998,48.6,D,0.2616933096506809,2.795413054106867,0.4038878127862497,0.22683743361231498,20,6,0,0.2403846153846154,0.26714801444043323,0.5628706998813761,0.38256227758007116,0.054567022538552785,0.26047904191616766,0.25766871165644173,0.33271028037383177,0.2698154180238871,0.27346938775510204,274,0.23529411764705882,170,False,False,0.6551234591669775,-0.0025208950737609648,3.6634615384615383,4.269230769230769,104,,,,,,,0.06902000668537943,20,4.03,1.29,102.2,4.0,8.0,93.0,38.0,0.0,0.0,0.0,18.0,SP,20.0,436.0,94.0,21.8,8.15,3.33,8.24,1.14,21.995090734140856,0.0015974359067836286,5,0.625,7.0,6,6,1,1,0.0,4.45,0.1207074001241986,0.2523148148148148,0.15831663326653306,0.09418837675350701,0.3073654390934844,0.2866968838526912,0.2,4.248,0.3449035819399034
678662,Ezequiel Tovar,R,COL,9,Seth Lugo,R,607625,824323,KC @ COL,12:10 PM,02/08,Scheduled,0.6520442387938125,,,,False,0100111000,estimated,10,2,0.2,1,2023,0.13121379516365686,0.2153415395128068,0.3824057718522436,0.18478409416340733,0.231765013496339,20,1,-0.037820512820512825,1.148,33.8,F,0.26676829268292684,2.2035862949276055,0.4889004065107112,0.1744198416160473,20,5,0,0.22115384615384615,0.18333333333333332,0.5175394001016776,0.39501779359430605,0.08744280630401627,0.1794871794871795,0.15978695073235685,0.23275862068965517,0.1825975139305615,0.19387755102040816,212,0.19594594594594594,164,False,False,0.5506928959914099,0.10135134280240254,3.44,3.76,100,,,,,,,-0.2258894198815085,20,4.22,1.37,123.2,4.0,6.0,96.0,40.0,0.0,0.0,0.0,22.0,SP,22.0,523.0,129.0,23.8,6.99,2.91,9.39,1.09,23.651683166036136,-0.019394238793812524,4,0.5,5.0,5,5,1,1,0.0,3.76,0.06770531808243885,0.19424460431654678,0.2647702407002188,0.05470459518599562,0.3385698198198198,0.29573310810810816,0.25748502994011974,3.443,0.3020618656836683
668885,Austin Martin,R,MIN,2,George Kirby,R,669923,823107,MIN @ SEA,1:10 PM,02/08,Scheduled,0.6514465612098671,,,,False,1000111000,estimated,0,0,0.0,0,0,0.22385530455018443,0.29182860687567014,0.3542257383495954,0.2748385994679817,0.1563796503834286,20,1,-0.0802017654476671,0.906,55.3,C,0.2714757709251101,4.981789622994654,0.4214914584259961,0.22097746128116122,20,6,0,0.27692307692307694,0.19672131147540983,0.5350248207391064,0.39327082184225043,0.07170435741864313,0.21593625498007968,0.23454545454545456,0.20149253731343283,0.2190062711046792,0.2108843537414966,174,0.2761904761904762,129,False,False,0.6435468234253631,0.007899737784504035,2.8636363636363638,3.4431818181818183,88,,,,,,,-0.2558424707704458,20,3.98,1.3,120.0,8.0,9.0,107.0,25.0,0.0,0.0,0.0,20.0,SP,20.0,497.0,131.0,24.9,8.03,1.88,9.83,1.13,24.588135964408472,-0.01443227549558146,7,1.0,-10.0,7,6,0,1,0.0,4.55,0.1618196254190735,0.27019498607242337,0.17782909930715934,0.14318706697459585,0.32417257683215134,0.31695390070921986,0.2907488986784141,4.348,0.33998943548983895
547180,Bryce Harper,L,PHI,3,Kyle Bradish,R,680694,824807,PHI @ BAL,10:35 AM,02/08,Scheduled,0.6511460353062924,-186.0,194.0,65.0,False,1000111111,estimated,5,0,0.0,1,2023,0.21387652081517583,0.3502082802563022,0.3311832816430187,0.2842936806919164,0.2565816389193859,20,1,0.1374090985963132,1.044,54.6,C,0.2776927003573252,2.1942815248265184,0.38794885619268465,0.2159625329941029,20,6,0,0.17123287671232876,0.30864197530864196,0.5168539325842697,0.48314606741573035,0.0,0.24385245901639344,0.22983521248915872,0.27419354838709675,0.24370015948963317,0.276,289,0.22302158273381295,175,False,False,0.6317681493524839,0.019377885953808516,3.5688073394495414,4.256880733944954,109,,,,,,,0.10360228890539662,20,3.74,1.36,118.0,7.0,9.0,114.0,52.0,0.0,0.0,0.0,21.0,SP,21.0,501.0,109.0,23.9,8.69,3.97,8.31,0.92,24.32705421236846,0.004509520249262988,9,1.0,-3.0,7,6,1,1,0.0,4.45,0.09709739669687348,0.24882629107981222,0.20710059171597633,0.13806706114398423,0.44055036344755966,0.34770716510903427,0.24060150375939848,4.248,0.32289962608493045
664034,Ty France,R,SD,4,Landen Roupp,R,694738,823270,SF @ SD,1:10 PM,02/08,Scheduled,0.6490050034779508,,,,False,0111111011,estimated,0,0,0.0,0,0,0.4352313738780806,0.4221931549782592,0.5802790670319363,0.5271935372842317,0.1934137843536056,20,1,-0.02382797365362266,0.954,65.3,B,0.2772523643603783,2.039794422563589,0.303065598638351,0.2207891036263508,20,5,0,0.3103448275862069,0.28651685393258425,0.5383466135458167,0.25747011952191234,0.20418326693227093,0.28677150786308975,0.28719723183391005,0.3898305084745763,0.30157894736842106,0.32142857142857145,155,0.264,141,False,False,0.6634889717665696,-0.014483968288618865,3.3125,3.7,80,,,,,,,0.07392439380804465,20,4.12,1.26,113.2,7.0,9.0,114.0,48.0,0.0,0.0,0.0,21.0,SP,21.0,475.0,95.0,22.6,9.03,3.8,7.52,0.63,22.68196917403796,0.006394996522049223,5,0.7142857142857143,-15.0,5,6,0,1,0.0,4.35,0.03784459517550767,0.2809917355371901,0.21641791044776118,0.03731343283582089,0.49184782608695654,0.32090760869565216,0.24043715846994534,4.159,0.32086721293973025
693307,Dillon Dingler,R,DET,4,Gage Jump,L,695611,824971,DET @ ATH,1:05 PM,02/08,Scheduled,0.6490050034779508,,,,False,1100110111,estimated,0,0,0.0,0,0,0.28793578860560715,0.33643778029060123,0.2569955239461402,0.35963956911761924,0.24151792685248996,20,1,0.018032887095788208,0.977,44.8,D,0.28677839851024206,2.751668795605044,0.4285918896365957,0.27065830868283186,12,5,0,0.2781954887218045,0.2601626016260163,0.5065420560747663,0.4205607476635514,0.07289719626168224,0.25757575757575757,0.2186287192755498,0.2882205513784461,0.25103734439834025,0.2619047619047619,231,0.27218934911242604,191,False,True,0.6438766480819845,0.005128355395966233,3.7524752475247523,4.178217821782178,101,,,,,,,0.13799910286575534,20,4.0,1.4,63.0,4.0,6.0,68.0,25.0,0.0,0.0,0.0,12.0,SP,12.0,267.0,63.0,22.2,9.71,3.57,9.0,1.0,22.17864954429283,-0.003855003477950758,6,0.6666666666666666,-17.0,7,6,1,1,0.0,4.35,0.039747275567648455,0.27522935779816515,0.2167689161554192,0.06952965235173825,0.46904040404040404,0.36431969696969696,0.26436781609195403,4.159,0.3646801872283064
641680,Jonah Heim,L,ATH,3,Keider Montero,R,672456,824971,DET @ ATH,1:05 PM,02/08,Scheduled,0.6486393237112692,,,,False,1100101110,estimated,0,0,0.0,0,0,0.23797154118988528,0.3537399902417677,0.4458673205966684,0.31119353368553065,0.1722147758240321,20,1,0.028526875802605045,0.977,82.8,A,0.27125,4.856373999438966,0.33912020320310216,0.20368364073849918,20,6,0,0.2246376811594203,0.25316455696202533,0.5382685069008782,0.32747804265997493,0.1342534504391468,0.22469410456062291,0.2066115702479339,0.23411371237458195,0.22229340166559897,0.24603174603174602,135,0.21978021978021978,102,False,False,0.6463833596770078,0.0022559640342614262,3.390625,3.703125,64,,,,,,,0.030361453221046504,20,3.34,1.02,110.1,7.0,6.0,79.0,23.0,1.0,0.0,1.0,17.0,SP,23.0,443.0,89.0,19.3,6.44,1.88,7.26,0.9,17.954657890021068,0.009110676288730746,8,1.0,-3.0,6,7,1,1,0.0,4.45,0.038348656212748036,0.2153846153846154,0.1889400921658986,0.08294930875576037,0.3507034632034632,0.27220779220779223,0.21818181818181817,4.248,0.2916429598225816
693304,Nick Gonzales,R,PIT,6,Chase Burns,R,695505,824483,PIT @ CIN,10:40 AM,02/08,Scheduled,0.6486393237112692,,,,False,1111111110,estimated,9,1,0.1111111111111111,1,2025,0.32592537227914764,0.3241007169673502,0.3440423433625993,0.38183917798102823,0.11763577717160568,20,1,0.06201550387596899,1.083,75.0,B,0.2934841141626279,2.8481329309719143,0.35937652663409475,0.27405216951049327,20,5,0,0.2713178294573643,0.3333333333333333,0.5665051157781368,0.3780290791599354,0.05546580506192784,0.29242979242979245,0.2805164319248826,0.24926686217008798,0.28450704225352114,0.29411764705882354,247,0.3416149068322981,188,False,False,0.6511460353062924,-0.0025067115950232477,3.8,4.142857142857143,105,,,,,,,0.29553833673516766,20,2.4,1.12,112.2,12.0,1.0,128.0,41.0,0.0,0.0,0.0,20.0,SP,20.0,455.0,85.0,22.8,10.22,3.28,6.79,1.04,22.697492150997526,0.021610676288730812,4,0.5,6.0,7,7,1,1,0.0,4.12,0.031479766267655744,0.29398663697104677,0.18275154004106775,0.059548254620123205,0.37074074074074076,0.32718564814814816,0.19375,3.895,0.29243927847489665
624641,Edmundo Sosa,R,PHI,6,Kyle Bradish,R,680694,824807,PHI @ BAL,10:35 AM,02/08,Scheduled,0.6486393237112692,,,,False,1010001001,estimated,8,3,0.375,1,2023,0.189536124438963,0.3531794045319201,0.44391736303248835,0.2134107165160778,0.1769658131943737,20,4,0.0014080540692762433,1.044,54.6,C,0.2776927003573252,2.1942815248265184,0.38794885619268465,0.2159625329941029,20,6,0,0.20754716981132076,0.208955223880597,0.5168539325842697,0.48314606741573035,0.0,0.19617224880382775,0.21951219512195122,0.1890547263681592,0.2018348623853211,0.17346938775510204,107,0.25333333333333335,81,False,False,0.621695987509041,0.02694333620222822,2.8833333333333333,3.1333333333333333,60,,,,,,,-0.031104625174250448,20,3.74,1.36,118.0,7.0,9.0,114.0,52.0,0.0,0.0,0.0,21.0,SP,21.0,501.0,109.0,23.9,8.69,3.97,8.31,0.92,24.32705421236846,0.005760676288730782,9,1.0,-3.0,7,6,1,1,0.0,4.12,0.021017169395356892,0.2411764705882353,0.20821917808219179,0.0273972602739726,0.4053030303030303,0.31461174242424245,0.2556818181818182,3.895,0.32289962608493045
677594,Julio Rodríguez,R,SEA,3,Taj Bradley,R,671737,823107,MIN @ SEA,1:10 PM,02/08,Scheduled,0.6467273214978918,,,,False,1101110011,estimated,12,4,0.3333333333333333,1,2023,0.25932318636169244,0.3477301806469056,0.37310344011213514,0.3174261426670063,0.14973905570747248,20,1,-0.026403743315507988,0.906,55.1,C,0.28522671867381766,2.850784074485702,0.46721369715317485,0.2848306597976569,20,5,0,0.2727272727272727,0.24632352941176472,0.7068292682926829,0.09121951219512195,0.20195121951219513,0.22820362785254536,0.25022665457842247,0.22549019607843138,0.23534883720930233,0.2450592885375494,273,0.2714285714285714,161,False,False,0.6577451029679204,-0.011017781470028631,3.93,4.34,100,,,,,,,0.06223172047921105,20,3.65,1.21,120.2,9.0,4.0,139.0,49.0,0.0,0.0,0.0,21.0,SP,21.0,504.0,97.0,24.0,10.37,3.65,7.23,1.27,24.213263484941745,-0.009302321497891897,4,0.4444444444444444,-18.0,6,7,0,1,0.0,4.45,0.07151082042130798,0.25,0.21814671814671815,0.07722007722007722,0.44420702754036084,0.34759686609686613,0.24736842105263157,4.248,0.30139161988540525
691718,Pete Crow-Armstrong,L,CHC,1,Gerrit Cole,R,543037,824648,NYY @ CHC,11:20 AM,02/08,Scheduled,0.6452926424175359,-144.0,150.0,59.0,False,0111001101,estimated,0,0,0.0,0,0,0.24204063662636008,0.31793300998590673,0.5044487553445302,0.34802636452574365,0.31667456800908766,20,1,-0.012944983818770184,0.983,68.1,B,0.2952202436738519,5.758718939586668,0.43484979030430454,0.27476589336915835,12,5,0,0.2912621359223301,0.2783171521035599,0.5130183220829315,0.33461909353905495,0.1523625843780135,0.25919117647058826,0.274468085106383,0.31762652705061084,0.274596646630813,0.2723404255319149,273,0.2937853107344633,210,False,False,0.6490050034779508,-0.003712361060414837,3.7454545454545456,4.390909090909091,110,,,,,,,-0.16799834370688835,20,3.57,1.09,68.0,4.0,5.0,73.0,14.0,0.0,0.0,0.0,12.0,SP,12.0,279.0,60.0,23.2,9.66,1.85,7.94,1.46,23.43423843698862,0.008827357582464113,5,0.625,2.0,7,7,1,1,0.0,4.65,0.11766499094594136,0.27954545454545454,0.2709551656920078,0.10331384015594541,0.47674418604651164,0.3638571428571429,0.20689655172413793,4.44,0.2989308918554812
672386,Alejandro Kirk,R,TOR,6,Matthew Liberatore,L,669461,822783,STL @ TOR,10:37 AM,02/08,Pre-Game,0.6452926424175359,,,,False,0011111011,estimated,0,0,0.0,0,0,0.3036049589881482,0.36932703971690684,0.4927116968596385,0.34946998271863305,0.09345626695892302,20,1,0.08536585365853658,0.995,39.3,D,0.2810615199034982,2.727903277136824,0.4273336198094741,0.2348532397350715,20,6,0,0.2926829268292683,0.2073170731707317,0.44659022329511167,0.4049487024743512,0.14846107423053712,0.23314065510597304,0.26146788990825687,0.24193548387096775,0.24125,0.25,69,0.2222222222222222,71,False,False,0.621695987509041,0.02359665490849494,3.324324324324324,3.7837837837837838,37,,,,,,,0.1366221215492089,20,5.26,1.56,102.2,5.0,8.0,100.0,40.0,0.0,0.0,0.0,21.0,SP,21.0,456.0,120.0,21.7,8.77,3.51,10.52,1.67,21.58258158709563,-0.012672642417535962,5,0.7142857142857143,17.0,7,6,0,1,0.0,4.12,0.1279611945162463,0.23891625615763548,0.14346895074946467,0.10706638115631692,0.42763028515240903,0.2960884955752212,0.2906574394463668,3.895,0.33929815095861576
669016,Brandon Marsh,L,PHI,5,Kyle Bradish,R,680694,824807,PHI @ BAL,10:35 AM,02/08,Scheduled,0.6450310541066463,,,,False,0100100101,estimated,0,0,0.0,0,0,0.18582484036806787,0.28791316157041463,0.3842101668481644,0.24546583981532002,0.24687306124607528,20,1,-0.013444502344971299,1.044,54.6,C,0.2776927003573252,2.1942815248265184,0.38794885619268465,0.2159625329941029,20,6,0,0.2871287128712871,0.2736842105263158,0.5168539325842697,0.48314606741573035,0.0,0.2550032278889606,0.24079915878023134,0.26700251889168763,0.25172176308539945,0.26146788990825687,232,0.2976190476190476,181,False,False,0.6371095698246685,0.007921484281977809,3.7115384615384617,3.9711538461538463,104,,,,,,,-0.12527944948364864,20,3.74,1.36,118.0,7.0,9.0,114.0,52.0,0.0,0.0,0.0,21.0,SP,21.0,501.0,109.0,23.9,8.69,3.97,8.31,0.92,24.32705421236846,0.012124501448909308,9,1.0,-3.0,7,6,1,1,0.0,4.25,0.037622717786084024,0.271889400921659,0.2740899357601713,0.04925053533190578,0.45751633986928103,0.35456781045751634,0.24060150375939848,4.023,0.32289962608493045
669065,Kyle Stowers,L,MIA,2,Robert Stock,R,476594,823592,MIA @ NYM,10:40 AM,02/08,Scheduled,0.6450310541066463,,,,False,0111110111,estimated,0,0,0.0,0,0,0.23869304655467308,0.332761354542752,0.5919768243358409,0.3281902210223795,0.2959967524738943,20,1,0.09699503210953592,0.949,,,,,,,0,0,0,0.15873015873015872,0.25572519083969464,,,,0.19850187265917604,0.22925457102672292,0.24436090225563908,0.21675067855758046,0.21354166666666666,221,0.2706766917293233,149,False,False,0.6379872220079221,0.007043832098724168,3.735632183908046,4.252873563218391,87,,,,,,,0.11313539395919388,20,,,,,,,,,,,,,,,,,,,,,,-0.023231054106646276,7,0.875,-4.0,6,7,0,1,0.0,4.55,0.11222737917884254,0.2545871559633027,0.2965931863727455,0.09018036072144289,0.525462962962963,0.3625173611111111,,4.348,0.31147965071251243
695734,Daylen Lile,L,WSH,6,Jr Ritchie,R,702275,824891,WSH @ ATL,10:35 AM,02/08,Scheduled,0.6438766480819845,,,,False,0011111110,estimated,0,0,0.0,0,0,0.21575365934255528,0.283339199599449,0.324253150558031,0.2907925111511146,0.20835065082431217,20,1,-0.02772556390977443,1.018,49.4,D,0.266384778012685,1.6315135726843062,0.36185997003616716,0.2104080605863932,13,12,0,0.26785714285714285,0.24013157894736842,0.4840764331210191,0.3481953290870488,0.16772823779193205,0.2090970807875085,0.22058823529411764,0.2484725050916497,0.21837026447462474,0.23684210526315788,246,0.26063829787234044,207,False,True,0.6353481707641846,0.008528477317799932,3.81651376146789,4.155963302752293,109,,,,,,,-0.07897759760229386,20,4.5,1.41,54.0,1.0,2.0,49.0,33.0,1.0,0.0,1.0,7.0,SP,13.0,236.0,43.0,18.2,8.17,5.5,7.17,1.5,16.90848698049998,-0.018833790939127404,7,0.7777777777777778,9.0,7,7,1,1,0.0,4.12,0.03550626839515939,0.25327510917030566,0.1814516129032258,0.05443548387096774,0.35561594202898555,0.30682608695652175,0.22608695652173913,3.895,0.3021698882630711
672695,Geraldo Perdomo,L,AZ,2,Gavin Williams,R,668909,824404,AZ @ CLE,10:40 AM,02/08,Scheduled,0.6431866539740162,,,,False,0000111011,estimated,5,2,0.4,1,2025,0.21744647647742432,0.2381070171150831,0.21129251683284903,0.22753658853636818,0.10602435996743309,20,1,-0.060575539568345355,0.987,62.7,C,0.329004329004329,6.011703672390437,0.4982556917295959,0.33477968647374234,20,5,0,0.28,0.21942446043165467,0.50634765625,0.49365234375,0.0,0.2317574511819116,0.24474660074165636,0.23275862068965517,0.23495959293624663,0.27074235807860264,277,0.18120805369127516,183,False,False,0.6503558439503953,-0.007169189976379053,3.5660377358490565,4.339622641509434,106,,,,,,,0.017149048259049178,20,3.71,1.07,133.1,10.0,6.0,168.0,38.0,0.0,0.0,0.0,22.0,SP,22.0,532.0,105.0,24.2,11.34,2.57,7.09,1.42,24.10325512461824,0.00982763174026946,7,0.875,6.0,7,6,1,1,0.0,4.55,0.15061885182583354,0.2458233890214797,0.12085769980506822,0.15009746588693956,0.31395891690009337,0.28745751633986927,0.20198675496688742,4.348,0.34643659119081477
807799,Masataka Yoshida,L,BOS,5,Emmet Sheehan,R,686218,823919,BOS @ LAD,4:20 PM,02/08,Scheduled,0.6427762850893892,,,,False,1000110110,estimated,0,0,0.0,0,0,0.24352357196267088,0.32605180737087863,0.2825819055132479,0.2621797449206419,0.07754271221390936,20,1,0.0,0.973,71.4,B,0.2934386391251519,3.332087834273528,0.38685625799416873,0.2613815439564114,19,7,0,,0.2600896860986547,0.42560975609756097,0.40792682926829266,0.16646341463414635,0.22323462414578588,0.20448179271708683,0.2586750788643533,0.22557840616966582,0.23076923076923078,146,0.3010752688172043,104,False,False,0.6569258326906803,-0.014149547601291057,2.9342105263157894,3.289473684210526,76,,,,,,,-0.05435941892460115,20,4.95,1.25,92.2,4.0,7.0,104.0,29.0,0.0,0.0,0.0,19.0,SP,19.0,396.0,87.0,20.8,10.1,2.82,8.45,1.65,20.763744123413314,-0.014547713660817863,7,0.875,10.0,6,7,1,1,0.0,4.25,0.06584806228363627,0.2707774798927614,0.10551558752997602,0.0815347721822542,0.41534954407294833,0.29670212765957443,0.25,4.023,0.2925660343716699
808982,Jung Hoo Lee,L,SF,6,Mike King,R,650633,823270,SF @ SD,1:10 PM,02/08,Scheduled,0.6427762850893892,,,,False,1110111101,estimated,6,1,0.16666666666666666,1,2024,0.2407727348316905,0.3209026534137844,0.2851908207954699,0.299779943499418,0.15232163729017928,20,1,0.024615384615384595,0.954,68.3,B,0.2852216748768473,2.161377032259961,0.322687093471506,0.20493064572233569,20,5,0,0.28205128205128205,0.30666666666666664,0.4714285714285714,0.2458128078817734,0.2827586206896552,0.2938076416337286,0.2883895131086142,0.2929936305732484,0.2918714555765595,0.27884615384615385,220,0.32941176470588235,183,False,False,0.6588995089925823,-0.016123223903193096,3.78,4.03,100,,,,,,,-0.030380127421529145,20,3.38,1.17,125.1,6.0,7.0,109.0,50.0,0.0,0.0,0.0,22.0,SP,22.0,515.0,97.0,23.4,7.83,3.59,6.97,0.93,23.783289580222306,-0.009876285089389203,6,0.8571428571428571,7.0,6,7,0,1,0.0,4.12,0.05016917298198479,0.30855855855855857,0.09894736842105263,0.04631578947368421,0.3037363560033585,0.32169521410579344,0.20938628158844766,3.895,0.31348301546667906
678011,Anthony Seigler,L,BOS,1,Emmet Sheehan,R,686218,823919,BOS @ LAD,4:20 PM,02/08,Scheduled,0.6422379252206348,,,,False,0011000100,estimated,0,0,0.0,0,0,0.13947755708376594,0.2885985706123805,0.3791302969262981,0.14993952750978903,0.17693152217382596,20,1,0.018379594898724677,0.973,71.4,B,0.2934386391251519,3.332087834273528,0.38685625799416873,0.2613815439564114,19,7,0,0.22580645161290322,0.2441860465116279,0.42560975609756097,0.40792682926829266,0.16646341463414635,0.2395644283121597,0.19487179487179487,0.20261437908496732,0.2234513274336283,0.25,83,0.21951219512195122,48,False,False,0.6463833596770078,-0.004145434456372943,3.4411764705882355,3.8529411764705883,34,,,,,,,-0.12972400030212777,20,4.95,1.25,92.2,4.0,7.0,104.0,29.0,0.0,0.0,0.0,19.0,SP,19.0,396.0,87.0,20.8,10.1,2.82,8.45,1.65,20.763744123413314,-0.002952210934920485,7,0.875,10.0,6,7,1,1,0.0,4.65,0.08956044632164842,0.23493975903614459,0.19473684210526315,0.09473684210526316,0.389922480620155,0.32196124031007756,0.25,4.44,0.2925660343716699
665877,José Fermín,R,STL,7,Max Scherzer,R,453286,822783,STL @ TOR,10:37 AM,02/08,Pre-Game,0.6416087430858465,,,,False,0010010010,estimated,0,0,0.0,0,0,0.15903676419314464,0.25449576598450685,0.3807085036288167,0.15903676419314464,0.08691323260668057,20,2,-0.06659619450317128,0.995,25.8,F,0.2055888223552894,1.2256831259977927,0.3806848687482133,0.16375034234877564,7,6,0,0.26356589147286824,0.19696969696969696,0.476,0.35,0.174,0.25570228091236497,0.25061425061425063,0.3057324840764331,0.25984251968503935,0.2553191489361702,104,0.22772277227722773,115,False,False,0.6212215307611327,0.020387212324713744,2.7083333333333335,3.0416666666666665,72,,,,,,,-0.0725238778402207,20,9.49,1.82,24.2,1.0,4.0,18.0,14.0,0.0,0.0,0.0,7.0,SP,7.0,117.0,31.0,16.7,6.57,5.11,11.31,3.28,16.694239216172473,-0.019865885942989214,7,0.875,18.0,7,7,0,1,0.0,4.0,0.08191292556480705,0.24919093851132687,0.12427745664739884,0.08092485549132948,0.29699248120300753,0.2527406015037594,0.25,3.761,0.32087843469655114
682622,Noelvi Marte,R,CIN,7,Mitch Keller,R,656605,824483,PIT @ CIN,10:40 AM,02/08,Scheduled,0.6402149378492613,,,,False,1000101010,estimated,0,0,0.0,0,0,0.17647498495893854,0.23833286514197768,0.4395902198441044,0.24644343487622647,0.3004862531620853,20,1,0.027350427350427337,1.083,34.4,F,0.2611324903793293,2.250926709205063,0.43509531890392383,0.18218933473744403,20,6,0,0.17777777777777778,0.20512820512820512,0.5682068206820682,0.3404840484048405,0.09130913091309131,0.17667238421955403,0.14794520547945206,0.1557377049180328,0.16448598130841122,0.16483516483516483,96,0.23943661971830985,75,False,False,0.5814539606963411,0.05876097715292017,3.306122448979592,3.489795918367347,49,,,,,,,-0.11974516267200315,20,4.83,1.31,113.2,6.0,7.0,87.0,38.0,0.0,0.0,0.0,21.0,SP,21.0,487.0,111.0,23.2,6.89,3.01,8.79,1.03,23.027725276251157,-0.01743493784926131,5,0.625,6.0,6,8,1,1,0.0,4.0,0.008896579503926109,0.23185011709601874,0.2549889135254989,0.04212860310421286,0.3563034188034188,0.30430288461538463,0.19607843137254902,3.761,0.34753713900434463
669477,Casey Schmitt,R,SF,5,Mike King,R,650633,823270,SF @ SD,1:10 PM,02/08,Scheduled,0.6380136094601044,,,,False,1010011101,estimated,0,0,0.0,0,0,0.2734716616715538,0.3180080265169126,0.533789973867584,0.35743506256443486,0.22020855824569927,20,6,-0.052083333333333315,0.954,68.3,B,0.2852216748768473,2.161377032259961,0.322687093471506,0.20493064572233569,20,5,0,0.3125,0.2604166666666667,0.4714285714285714,0.2458128078817734,0.2827586206896552,0.2541334966319657,0.22770199370409233,0.2533783783783784,0.2454136379370024,0.25877192982456143,235,0.2948717948717949,170,False,False,0.6526167475719541,-0.014603138111849656,4.0,4.21875,96,,,,,,,0.09054585799134353,20,3.38,1.17,125.1,6.0,7.0,109.0,50.0,0.0,0.0,0.0,22.0,SP,22.0,515.0,97.0,23.4,7.83,3.59,6.97,0.93,23.783289580222306,-0.03476360946010437,6,0.8571428571428571,7.0,6,7,0,1,0.0,4.25,0.030668856922745742,0.26490066225165565,0.20164609053497942,0.03497942386831276,0.44239436619718314,0.35108638497652583,0.22285714285714286,4.023,0.31348301546667906
682985,Riley Greene,L,DET,5,Gage Jump,L,695611,824971,DET @ ATH,1:05 PM,02/08,Scheduled,0.6379872220079221,,,,False,1101010000,estimated,0,0,0.0,0,0,0.1711141529256494,0.334230326317361,0.43830870601058397,0.23154051672703785,0.21717213310498718,20,1,-0.0064204456911329255,0.977,44.8,D,0.28677839851024206,2.751668795605044,0.4285918896365957,0.27065830868283186,12,5,0,0.26956521739130435,0.27598566308243727,0.5065420560747663,0.4205607476635514,0.07289719626168224,0.27170035671819265,0.29763560500695413,0.24370860927152319,0.2709125475285171,0.29333333333333333,256,0.2485207100591716,204,False,True,0.6287134321555828,0.009273789852339287,3.614678899082569,4.220183486238532,109,,,,,,,-0.162610330440904,20,4.0,1.4,63.0,4.0,6.0,68.0,25.0,0.0,0.0,0.0,12.0,SP,12.0,267.0,63.0,22.2,9.71,3.57,9.0,1.0,22.17864954429283,-0.007670555341255381,6,0.6666666666666666,-17.0,7,6,1,1,0.0,4.25,0.125297624174238,0.2798165137614679,0.26452905811623245,0.10420841683366733,0.4923245614035087,0.3593092105263158,0.2786885245901639,4.023,0.3646801872283064
669364,Xavier Edwards,L,MIA,4,Robert Stock,R,476594,823592,MIA @ NYM,10:40 AM,02/08,Scheduled,0.6374754879035711,,,,False,0101111110,estimated,0,0,0.0,0,0,0.23684906041927103,0.3088312013157282,0.20986233141222702,0.3023069773657197,0.198421619979637,20,1,-0.0008798391151332297,0.949,,,,,,,0,0,0,0.28846153846153844,0.2875816993464052,,,,0.2808413871517908,0.31921824104234525,0.26944444444444443,0.2883094052153531,0.29365079365079366,289,0.27848101265822783,183,False,False,0.6578999775847277,-0.02042448968115662,3.6936936936936937,4.252252252252252,111,,,,,,,0.06051760509639503,20,,,,,,,,,,,,,,,,,,,,,,-0.010489773617856857,7,0.875,-4.0,6,7,0,1,0.0,4.35,0.07398201986835794,0.29024943310657597,0.1388888888888889,0.10119047619047619,0.2896675651392633,0.30898921832884096,,4.159,0.31147965071251243
592626,Joc Pederson,L,TEX,1,Peter Lambert,R,663567,824163,TEX @ HOU,11:10 AM,02/08,Scheduled,0.6371095698246685,,,,False,1111110011,estimated,10,1,0.1,1,2023,0.3233950390503205,0.3568931464057592,0.46871418346751975,0.45880616191141965,0.2339548947068681,20,1,0.2605633802816901,0.998,69.4,B,0.27076023391812865,2.748627193979088,0.3652957809353025,0.23577470691970062,18,5,0,0.0,0.2605633802816901,0.4964871194379391,0.2693208430913349,0.234192037470726,0.2669260700389105,0.24371859296482412,0.2964509394572025,0.26544889234356783,0.2617801047120419,224,0.24489795918367346,111,False,False,0.6402642489187328,-0.0031546790940643055,2.919191919191919,3.3838383838383836,99,,,,,,,0.23688722650319002,20,3.06,1.15,103.0,8.0,5.0,100.0,39.0,0.0,0.0,0.0,18.0,SP,18.0,429.0,79.0,23.8,8.74,3.41,6.9,0.96,23.903130110826957,-0.014792903158001747,6,0.75,0.0,7,7,1,1,0.0,4.65,0.09233459046597696,0.24068767908309455,0.23267326732673269,0.10643564356435643,0.4843137254901961,0.333235294117647,0.14358974358974358,4.44,0.32063241856314684
691026,Masyn Winn,R,STL,5,Max Scherzer,R,453286,822783,STL @ TOR,10:37 AM,02/08,Pre-Game,0.6359588591142665,,,,False,0011110111,estimated,0,0,0.0,0,0,0.2556866845327802,0.3245212969592235,0.40585467892589,0.3402055582702156,0.2384906476415575,20,1,-0.03902023271325872,0.995,25.8,F,0.2055888223552894,1.2256831259977927,0.3806848687482133,0.16375034234877564,7,6,0,0.27184466019417475,0.23282442748091603,0.476,0.35,0.174,0.23746031746031745,0.24399494310998734,0.26337448559670784,0.24056423942051086,0.24378109452736318,227,0.24390243902439024,189,False,False,0.6045627543960189,0.03139610471824761,3.613861386138614,4.118811881188119,101,,,,,,,0.004035681528754955,20,9.49,1.82,24.2,1.0,4.0,18.0,14.0,0.0,0.0,0.0,7.0,SP,7.0,117.0,31.0,16.7,6.57,5.11,11.31,3.28,16.694239216172473,-0.029716001971409334,7,0.875,18.0,7,7,0,1,0.0,4.25,0.13130042183102456,0.22632794457274827,0.20528455284552846,0.08536585365853659,0.3423694779116466,0.3049759036144578,0.25,4.023,0.32087843469655114
669242,Tommy Edman,L,LAD,6,Jake Bennett,L,687562,823919,BOS @ LAD,4:20 PM,02/08,Scheduled,0.6353481707641846,,,,False,1010011000,estimated,0,0,0.0,0,0,0.24019791060552592,0.35675415246805703,0.31776290978497673,0.3091351309766618,0.22470576127142664,20,1,-0.06550802139037437,0.973,81.6,A,0.27039106145251396,4.662790343574347,0.3494011348965562,0.18022612938024243,11,5,0,0.2727272727272727,0.3382352941176471,0.6453423120089786,0.09988776655443322,0.2547699214365881,0.2894736842105263,0.2127659574468085,0.25806451612903225,0.26533166458072593,0.3114754098360656,70,0.3137254901960784,59,False,True,0.6300921251781265,0.005256045586058078,3.2941176470588234,3.7941176470588234,34,,,,,,,-0.06596968166866972,20,2.74,0.97,65.2,6.0,4.0,46.0,11.0,0.0,0.0,0.0,11.0,SP,11.0,256.0,53.0,23.3,6.3,1.51,7.26,0.69,23.679475766274102,-0.019248170764184613,6,0.8571428571428571,22.0,7,6,1,1,0.0,4.12,0.05180109530452335,0.24113475177304963,0.1841541755888651,0.057815845824411134,0.3857072205736894,0.34334322453016813,0.15254237288135594,3.895,0.3396755676533206
682998,Corbin Carroll,L,AZ,1,Gavin Williams,R,668909,824404,AZ @ CLE,10:40 AM,02/08,Scheduled,0.6352276997282466,-156.0,163.0,61.0,False,1110111101,estimated,0,0,0.0,0,0,0.2045721761316858,0.30040904319848094,0.588471810947377,0.2709361896769389,0.20123333182011746,20,1,-0.1853020134228188,0.987,62.7,C,0.329004329004329,6.011703672390437,0.4982556917295959,0.33477968647374234,20,5,0,0.39,0.20469798657718122,0.50634765625,0.49365234375,0.0,0.2420448617631716,0.27796610169491526,0.20488721804511278,0.24550359712230216,0.264,279,0.22972972972972974,182,False,False,0.6379872220079221,-0.0027595222796755747,3.7547169811320753,4.349056603773585,106,,,,,,,0.09044737361508991,20,3.71,1.07,133.1,10.0,6.0,168.0,38.0,0.0,0.0,0.0,22.0,SP,22.0,532.0,105.0,24.2,11.34,2.57,7.09,1.42,24.10325512461824,0.01701515741461057,7,0.875,6.0,7,6,1,1,0.0,4.65,0.12175992354145929,0.248868778280543,0.23106796116504855,0.1145631067961165,0.4969040247678019,0.34281940144478845,0.20198675496688742,4.44,0.34643659119081477
545121,Ildemaro Vargas,L,AZ,8,Gavin Williams,R,668909,824404,AZ @ CLE,10:40 AM,02/08,Scheduled,0.6345089554059539,,,,False,1111111101,estimated,0,0,0.0,0,0,0.35590922945387216,0.43856581628354274,0.4431878758381108,0.393901259191026,0.06748257907237323,20,1,-0.07022084195997241,0.987,62.7,C,0.329004329004329,6.011703672390437,0.4982556917295959,0.33477968647374234,20,5,0,0.32142857142857145,0.25120772946859904,0.50634765625,0.49365234375,0.0,0.281767955801105,0.2779605263157895,0.26208651399491095,0.2766364070711897,0.26785714285714285,179,0.2847682119205298,165,False,False,0.6537676791072354,-0.019258723701281566,3.5054945054945055,3.78021978021978,91,,,,,,,0.04759226415627478,20,3.71,1.07,133.1,10.0,6.0,168.0,38.0,0.0,0.0,0.0,22.0,SP,22.0,532.0,105.0,24.2,11.34,2.57,7.09,1.42,24.10325512461824,0.00039104459404615266,7,0.875,6.0,7,6,1,1,0.0,3.88,0.09124161858988857,0.2751842751842752,0.08924485125858124,0.04576659038901602,0.36322463768115937,0.29994021739130433,0.20198675496688742,3.599,0.34643659119081477
664040,Brandon Lowe,L,PIT,2,Chase Burns,R,695505,824483,PIT @ CIN,10:40 AM,02/08,Scheduled,0.6341206223471273,,,,False,1001111111,estimated,6,1,0.16666666666666666,1,2026,0.31301442893818615,0.36566991696939405,0.371938986986391,0.47688673732535924,0.31848331820212317,20,1,0.07503795272175232,1.083,75.0,B,0.2934841141626279,2.8481329309719143,0.35937652663409475,0.27405216951049327,20,5,0,0.19540229885057472,0.27044025157232704,0.5665051157781368,0.3780290791599354,0.05546580506192784,0.2517263025737602,0.23367697594501718,0.26582278481012656,0.24879372738238842,0.25316455696202533,269,0.25595238095238093,188,False,False,0.6209508787142205,0.013169743632906794,3.9705882352941178,4.480392156862745,102,,,,,,,0.044061170737657016,20,2.4,1.12,112.2,12.0,1.0,128.0,41.0,0.0,0.0,0.0,20.0,SP,20.0,455.0,85.0,22.8,10.22,3.28,6.79,1.04,22.697492150997526,0.020254377652872746,4,0.5,6.0,7,7,1,1,0.0,4.55,0.0625106543111052,0.24307036247334754,0.2838095238095238,0.08571428571428572,0.4526041666666667,0.342803125,0.2151394422310757,4.348,0.29243927847489665
668227,Randy Arozarena,R,SEA,2,Taj Bradley,R,671737,823107,MIN @ SEA,1:10 PM,02/08,Scheduled,0.6341206223471273,-144.0,150.0,59.0,False,1111100101,estimated,0,0,0.0,0,0,0.26463306526035374,0.2991035286326657,0.4042308878718774,0.31241919998122536,0.21235256229035637,20,1,0.02390777940725075,0.906,55.1,C,0.28522671867381766,2.850784074485702,0.46721369715317485,0.2848306597976569,20,5,0,0.26605504587155965,0.2899628252788104,0.7068292682926829,0.09121951219512195,0.20195121951219513,0.25055309734513276,0.23615160349854228,0.25055432372505543,0.24613050075872533,0.2532188841201717,278,0.3310344827586207,164,False,False,0.6452926424175359,-0.011172020070408628,3.6699029126213594,4.29126213592233,103,,,,,,,0.12370414004604538,20,3.65,1.21,120.2,9.0,4.0,139.0,49.0,0.0,0.0,0.0,21.0,SP,21.0,504.0,97.0,24.0,10.37,3.65,7.23,1.27,24.213263484941745,-0.013345622347127217,4,0.4444444444444444,-18.0,6,7,0,1,0.0,4.55,0.10548895731356935,0.273972602739726,0.22807017543859648,0.0935672514619883,0.42840083073727936,0.33129127725856694,0.24736842105263157,4.348,0.30139161988540525
701807,Carson Benge,L,NYM,4,Sandy Alcántara,R,645261,823592,MIA @ NYM,10:40 AM,02/08,Scheduled,0.6338681750037314,,,,False,1101011111,estimated,0,0,0.0,0,0,0.3085359625729346,0.3503528960658132,0.38436174226805514,0.3976707609192572,0.2719180397028974,20,1,0.001657824933686991,0.949,63.0,C,0.2702702702702703,2.9865326399112417,0.35840728210305794,0.1897982654393428,20,5,0,0.26436781609195403,0.266025641025641,0.5963668586619406,0.19627824545857334,0.20735489587948605,0.2370600414078675,0.26179775280898876,0.26337448559670784,0.24758162031438935,0.2457627118644068,259,0.294478527607362,176,True,False,0.6256814113292151,0.008186763674516317,3.8,4.142857142857143,105,,,,,,,0.18143884450511857,20,3.82,1.21,150.2,11.0,6.0,115.0,39.0,0.0,0.0,0.0,23.0,SP,23.0,625.0,143.0,27.2,6.87,2.33,8.54,1.02,27.319457506964657,-0.028518175003731328,6,0.6666666666666666,13.0,7,8,0,1,0.0,4.35,0.07723817619504446,0.2614213197969543,0.22298850574712645,0.08045977011494253,0.39730639730639733,0.36006004489337823,0.2375366568914956,4.159,0.31057595184526077
689414,Liam Hicks,L,MIA,5,Robert Stock,R,476594,823592,MIA @ NYM,10:40 AM,02/08,Scheduled,0.6318873116050109,,,,False,1000110101,estimated,0,0,0.0,0,0,0.26002319289574527,0.26658112048574634,0.24837184822122182,0.28011258354054014,0.08565130634594925,20,1,0.07333333333333333,0.949,,,,,,,0,0,0,0.22,0.29333333333333333,,,,0.294953802416489,0.2877604166666667,0.2824267782426778,0.29140067592940294,0.29850746268656714,233,0.26174496644295303,173,False,False,0.6345815214553836,-0.0026942098503727197,3.5,4.06,100,,,,,,,0.05311669778222761,20,,,,,,,,,,,,,,,,,,,,,,0.006784116966417675,7,0.875,-4.0,6,7,0,1,0.0,4.25,0.12730246848693388,0.2593516209476309,0.09247311827956989,0.09462365591397849,0.3032588454376164,0.26354189944134077,,4.023,0.31147965071251243
665953,Andrés Chaparro,R,WSH,3,Jr Ritchie,R,702275,824891,WSH @ ATL,10:35 AM,02/08,Scheduled,0.6317681493524839,,,,False,0101101010,estimated,0,0,0.0,0,0,0.2184506713367549,0.3326608073152123,0.4716896229307721,0.31341760665047635,0.204612354063792,20,1,0.0,1.018,49.4,D,0.266384778012685,1.6315135726843062,0.36185997003616716,0.2104080605863932,13,12,0,0.19736842105263158,,0.4840764331210191,0.3481953290870488,0.16772823779193205,0.1774193548387097,0.14857142857142858,0.1348314606741573,0.1583710407239819,0.1509433962264151,61,0.32,32,False,True,0.6287134321555828,0.003054717196901091,2.0,2.3846153846153846,39,,,,,,,-0.0867876747312713,20,4.5,1.41,54.0,1.0,2.0,49.0,33.0,1.0,0.0,1.0,7.0,SP,13.0,236.0,43.0,18.2,8.17,5.5,7.17,1.5,16.90848698049998,-0.0028395779239124286,7,0.7777777777777778,9.0,7,7,1,1,0.0,4.45,0.050372062208857586,0.20344827586206896,0.22085889570552147,0.08282208588957055,0.40061162079510704,0.27007339449541284,0.20481927710843373,4.248,0.3021698882630711
647304,Josh Naylor,L,SEA,5,Taj Bradley,R,671737,823107,MIN @ SEA,1:10 PM,02/08,Scheduled,0.6309775564959901,,,,False,1001111101,estimated,12,1,0.08333333333333333,1,2023,0.2900263130413009,0.374900320346928,0.2980335950785485,0.3523538042639715,0.13315296205018232,20,1,-0.00925332111772792,0.906,55.1,C,0.28522671867381766,2.850784074485702,0.46721369715317485,0.2848306597976569,20,5,0,0.2702702702702703,0.26101694915254237,0.7068292682926829,0.09121951219512195,0.20195121951219513,0.25390359809911744,0.2672811059907834,0.22885572139303484,0.2544659132336857,0.2540322580645161,274,0.27848101265822783,174,False,False,0.6675372330623605,-0.03655967656637038,3.9038461538461537,4.3076923076923075,104,,,,,,,-0.0065060594198737415,20,3.65,1.21,120.2,9.0,4.0,139.0,49.0,0.0,0.0,0.0,21.0,SP,21.0,504.0,97.0,24.0,10.37,3.65,7.23,1.27,24.213263484941745,0.01027244350400991,4,0.4444444444444444,-18.0,6,7,0,1,0.0,4.25,0.07525565420689509,0.27370689655172414,0.12156862745098039,0.06862745098039216,0.3756218905472637,0.3111592039800995,0.19230769230769232,4.023,0.30139161988540525
656811,Ryan O'Hearn,L,PIT,5,Chase Burns,R,695505,824483,PIT @ CIN,10:40 AM,02/08,Scheduled,0.6300921251781265,,,,False,0011101001,estimated,7,0,0.0,1,2026,0.2062001229993918,0.24476872890353202,0.40364746182411726,0.2449809298242338,0.17548086726020468,20,2,0.09650097195223548,1.083,75.0,B,0.2934841141626279,2.8481329309719143,0.35937652663409475,0.27405216951049327,20,5,0,0.19230769230769232,0.2888086642599278,0.5665051157781368,0.3780290791599354,0.05546580506192784,0.25846579129232894,0.24189814814814814,0.25507246376811593,0.25300751879699246,0.24489795918367346,221,0.29559748427672955,174,False,False,0.6331468423750278,-0.003054717196901313,3.736842105263158,4.157894736842105,95,,,,,,,-0.19050994850384706,20,2.4,1.12,112.2,12.0,1.0,128.0,41.0,0.0,0.0,0.0,20.0,SP,20.0,455.0,85.0,22.8,10.22,3.28,6.79,1.04,22.697492150997526,0.028957874821873508,4,0.5,6.0,7,7,1,1,0.0,4.25,0.07547910729351552,0.2672811059907834,0.2286902286902287,0.07484407484407485,0.43364197530864196,0.33400925925925923,0.2151394422310757,4.023,0.29243927847489665
677649,Ezequiel Duran,R,TEX,4,Peter Lambert,R,663567,824163,TEX @ HOU,11:10 AM,02/08,Scheduled,0.6300921251781265,,,,False,1111110010,estimated,6,3,0.5,1,2023,0.2317867400472659,0.2683932593480805,0.25379591817824326,0.3140917235034053,0.23756771344814392,20,1,-0.08095076975131113,0.998,69.4,B,0.27076023391812865,2.748627193979088,0.3652957809353025,0.23577470691970062,18,5,0,0.32608695652173914,0.245136186770428,0.4964871194379391,0.2693208430913349,0.234192037470726,0.24850099933377748,0.24971623155505107,0.22433460076045628,0.24585843373493976,0.2560386473429952,231,0.28169014084507044,155,False,False,0.6230597675282721,0.007032357649854437,3.525252525252525,3.898989898989899,99,,,,,,,0.13828445919041588,20,3.06,1.15,103.0,8.0,5.0,100.0,39.0,0.0,0.0,0.0,18.0,SP,18.0,429.0,79.0,23.8,8.74,3.41,6.9,0.96,23.903130110826957,-0.029492125178126494,6,0.75,0.0,7,7,1,1,0.0,4.35,0.05209143747183498,0.26535626535626533,0.23529411764705882,0.06334841628959276,0.3485148514851485,0.3268910891089109,0.27419354838709675,4.159,0.32063241856314684
671218,Heliot Ramos,R,SF,3,Mike King,R,650633,823270,SF @ SD,1:10 PM,02/08,Scheduled,0.6298705027195503,,,,False,0011011101,estimated,5,1,0.2,1,2024,0.2195626863521773,0.2964283941742512,0.34407165105057813,0.37000360187887316,0.2994388151181775,20,1,-0.07316512002454173,0.954,68.3,B,0.2852216748768473,2.161377032259961,0.322687093471506,0.20493064572233569,20,5,0,0.3220338983050847,0.248868778280543,0.4714285714285714,0.2458128078817734,0.2827586206896552,0.2409823484267076,0.2410575427682737,0.2736842105263158,0.24733096085409254,0.23668639053254437,179,0.3063063063063063,119,False,False,0.6371095698246685,-0.007239067105118235,3.888888888888889,4.138888888888889,72,,,,,,,-0.04059300544005727,20,3.38,1.17,125.1,6.0,7.0,109.0,50.0,0.0,0.0,0.0,22.0,SP,22.0,515.0,97.0,23.4,7.83,3.59,6.97,0.93,23.783289580222306,-0.020170502719550232,6,0.8571428571428571,7.0,6,7,0,1,0.0,4.45,0.05817823082946126,0.2468354430379747,0.24803149606299213,0.051181102362204724,0.48180076628352486,0.34462476053639846,0.22285714285714286,4.248,0.31348301546667906
571970,Max Muncy,L,LAD,4,Jake Bennett,L,687562,823919,BOS @ LAD,4:20 PM,02/08,Scheduled,0.6289414144677247,,,,False,1110011001,estimated,0,0,0.0,0,0,0.16435080914216443,0.2614298732600593,0.4987481269977302,0.3001292745924759,0.34616583389638345,20,1,-0.01132827088260921,0.973,81.6,A,0.27039106145251396,4.662790343574347,0.3494011348965562,0.18022612938024243,11,5,0,0.2413793103448276,0.2527075812274368,0.6453423120089786,0.09988776655443322,0.2547699214365881,0.2632066728452271,0.2294557097118463,0.2596685082872928,0.24951267056530213,0.28421052631578947,213,0.20689655172413793,169,False,True,0.6045627543960189,0.02437866007170575,3.35,3.82,100,,,,,,,-0.026827918614824992,20,2.74,0.97,65.2,6.0,4.0,46.0,11.0,0.0,0.0,0.0,11.0,SP,11.0,256.0,53.0,23.3,6.3,1.51,7.26,0.69,23.679475766274102,-0.033458081134391304,6,0.8571428571428571,22.0,7,6,1,1,0.0,4.35,0.08126121942722793,0.2512690355329949,0.24780701754385964,0.1206140350877193,0.44483985765124556,0.3274697508896797,0.15254237288135594,4.159,0.3396755676533206
669394,Jake Burger,R,TEX,5,Peter Lambert,R,663567,824163,TEX @ HOU,11:10 AM,02/08,Scheduled,0.6287134321555828,,,,False,1010111010,estimated,5,1,0.2,1,2026,0.16998923140510297,0.28652601744708556,0.5015464112167711,0.23868774410501406,0.3089547073739991,20,1,0.023172905525846693,0.998,69.4,B,0.27076023391812865,2.748627193979088,0.3652957809353025,0.23577470691970062,18,5,0,0.21212121212121213,0.23529411764705882,0.4964871194379391,0.2693208430913349,0.234192037470726,0.19020581973030518,0.20343580470162748,0.21518987341772153,0.19663512092534174,0.2017167381974249,255,0.2709677419354839,169,False,False,0.6187070400314997,0.010006392124083163,3.6952380952380954,4.038095238095238,105,,,,,,,0.036973415663937324,20,3.06,1.15,103.0,8.0,5.0,100.0,39.0,0.0,0.0,0.0,18.0,SP,18.0,429.0,79.0,23.8,8.74,3.41,6.9,0.96,23.903130110826957,-0.03499676548891617,6,0.75,0.0,7,7,1,1,0.0,4.25,0.03584770478016375,0.23448275862068965,0.26834381551362685,0.07337526205450734,0.4653637350705755,0.3130765472312704,0.27419354838709675,4.023,0.32063241856314684
650402,Gleyber Torres,R,DET,2,Gage Jump,L,695611,824971,DET @ ATH,1:05 PM,02/08,Scheduled,0.6287134321555828,,,,False,0110001101,estimated,0,0,0.0,0,0,0.2264871465903118,0.3292158356584101,0.3803659475345704,0.366962537344204,0.35669783783990466,20,1,-0.1276223776223776,0.977,44.8,D,0.28677839851024206,2.751668795605044,0.4285918896365957,0.27065830868283186,12,5,0,0.17307692307692307,0.3006993006993007,0.5065420560747663,0.4205607476635514,0.07289719626168224,0.21435059037238874,0.23413566739606126,0.2469879518072289,0.22273781902552203,0.2540983606557377,143,0.2876712328767123,90,False,True,0.621695987509041,0.007017444646541859,3.6792452830188678,4.39622641509434,53,,,,,,,-0.01662865751118416,20,4.0,1.4,63.0,4.0,6.0,68.0,25.0,0.0,0.0,0.0,12.0,SP,12.0,267.0,63.0,22.2,9.71,3.57,9.0,1.0,22.17864954429283,0.0036532345110837916,6,0.6666666666666666,-17.0,7,6,1,1,0.0,4.55,0.0968581137205344,0.24944320712694878,0.20722433460076045,0.12927756653992395,0.362156862745098,0.3252176470588235,0.26436781609195403,4.348,0.3646801872283064
608324,Alex Bregman,R,CHC,4,Gerrit Cole,R,543037,824648,NYY @ CHC,11:20 AM,02/08,Scheduled,0.627562721445181,-127.0,133.0,56.0,False,1000111111,estimated,7,3,0.42857142857142855,1,2022,0.30370080029990093,0.2896201353451827,0.30754588700252716,0.33188317240450316,0.15343933850428504,20,1,-0.016888270907563507,0.983,68.1,B,0.2952202436738519,5.758718939586668,0.43484979030430454,0.27476589336915835,12,5,0,0.26126126126126126,0.24437299035369775,0.5130183220829315,0.33461909353905495,0.1523625843780135,0.24209962506695232,0.24002954209748892,0.25,0.24212872666480914,0.264,285,0.22674418604651161,206,False,False,0.6146646255323335,0.012898095912847518,3.94392523364486,4.588785046728972,107,,,,,,,0.12880889778200852,20,3.57,1.09,68.0,4.0,5.0,73.0,14.0,0.0,0.0,0.0,12.0,SP,12.0,279.0,60.0,23.2,9.66,1.85,7.94,1.46,23.43423843698862,-0.008662721445180988,5,0.625,2.0,7,7,1,1,0.0,4.35,0.11506293220503042,0.2478448275862069,0.15837937384898712,0.1141804788213628,0.38112874779541445,0.28150661375661373,0.2727272727272727,4.159,0.2989308918554812
606466,Ketel Marte,L,AZ,4,Gavin Williams,R,668909,824404,AZ @ CLE,10:40 AM,02/08,Scheduled,0.6272003260805628,-163.0,170.0,62.0,False,0110111111,estimated,5,0,0.0,1,2025,0.21529924128849884,0.3221677070328083,0.36375042867457574,0.3229478950594614,0.211818305282762,20,1,0.0071428571428571175,0.987,62.7,C,0.329004329004329,6.011703672390437,0.4982556917295959,0.33477968647374234,20,5,0,0.25,0.2571428571428571,0.50634765625,0.49365234375,0.0,0.24024767801857586,0.21374045801526717,0.23742690058479532,0.23281203894954264,0.250936329588015,287,0.2625,180,False,False,0.6675372330623605,-0.040336906981797704,4.066666666666666,4.447619047619048,105,,,,,,,0.16486292844068165,20,3.71,1.07,133.1,10.0,6.0,168.0,38.0,0.0,0.0,0.0,22.0,SP,22.0,532.0,105.0,24.2,11.34,2.57,7.09,1.42,24.10325512461824,0.02809967391943735,7,0.875,6.0,7,6,1,1,0.0,4.35,0.024836610862785533,0.2551440329218107,0.1471698113207547,0.06037735849056604,0.4460375816993464,0.3336147875816994,0.20198675496688742,4.159,0.34643659119081477
681715,Heriberto Hernandez,R,MIA,3,Robert Stock,R,476594,823592,MIA @ NYM,10:40 AM,02/08,Scheduled,0.6271031777005853,,,,False,1100101000,estimated,0,0,0.0,0,0,0.1823371945818253,0.3206181346969135,0.436789025051581,0.33266991757014547,0.37996140784685734,20,1,0.036411455289304506,0.949,,,,,,,0,0,0,0.211864406779661,0.2482758620689655,,,,0.2074074074074074,0.19519519519519518,0.22483221476510068,0.20677083333333332,0.18248175182481752,154,0.2857142857142857,138,False,False,0.6188686664368176,0.00823451126376773,3.207317073170732,3.5609756097560976,82,,,,,,,-0.01962923312160044,20,,,,,,,,,,,,,,,,,,,,,,-0.01914603484344246,7,0.875,-4.0,6,7,0,1,0.0,4.45,0.07926307101013244,0.24396782841823056,0.2523364485981308,0.10514018691588785,0.4962264150943396,0.35173962264150943,,4.248,0.31147965071251243
694384,Nolan Schanuel,L,LAA,3,Jacob Misiorowski,R,694819,823996,MIL @ LAA,12:15 PM,02/08,Scheduled,0.6271031777005853,,,,False,1011011110,estimated,0,0,0.0,0,0,0.28137128353045354,0.3396693486176794,0.3595403734465308,0.3415761824464372,0.11324607561986964,20,1,0.04357846218311334,0.979,92.6,A,0.3638483965014577,8.442050643981068,0.37175444686389014,0.42139435246265405,19,7,0,0.24324324324324326,0.2868217054263566,0.780630105017503,0.20478413068844808,0.014585764294049008,0.2803672316384181,0.27709190672153633,0.33916849015317285,0.2899770466717674,0.28921568627450983,226,0.2578125,148,False,False,0.656304301994335,-0.02920112429374966,3.730337078651685,4.202247191011236,89,,,,,,,0.2049940993692039,20,1.58,0.75,120.0,11.0,4.0,185.0,28.0,0.0,0.0,0.0,20.0,SP,20.0,456.0,62.0,22.8,13.88,2.1,4.65,0.75,22.610386988653033,0.022176822299414645,5,0.625,7.0,7,6,1,1,0.0,4.45,0.10210593198602702,0.2597701149425287,0.1437125748502994,0.10379241516966067,0.3108815426997245,0.3220275482093664,0.10407239819004525,4.248,0.31483620192533673
695490,Edwin Arroyo,L,CIN,9,Mitch Keller,R,656605,824483,PIT @ CIN,10:40 AM,02/08,Scheduled,0.6271031777005853,,,,False,0111110011,estimated,0,0,0.0,0,0,0.2333687212906913,0.36378185618064784,0.32717863913725065,0.33141260742282064,0.22619435089701667,20,4,0.04800540906017578,1.083,34.4,F,0.2611324903793293,2.250926709205063,0.43509531890392383,0.18218933473744403,20,6,0,0.20689655172413793,0.2549019607843137,0.5682068206820682,0.3404840484048405,0.09130913091309131,0.1994750656167979,0.2151394422310757,0.272108843537415,0.21822849807445444,0.27631578947368424,80,0.2,62,True,False,0.5719464450065612,0.0551567326940241,3.275,3.55,40,,,,,,,0.08260761142079756,20,4.83,1.31,113.2,6.0,7.0,87.0,38.0,0.0,0.0,0.0,21.0,SP,21.0,487.0,111.0,23.2,6.89,3.01,8.79,1.03,23.027725276251157,-0.014903177700585357,5,0.625,6.0,6,8,1,1,0.0,3.76,0.034232912251597934,0.22388059701492538,0.21379310344827587,0.034482758620689655,0.255663430420712,0.36566990291262136,0.28321678321678323,3.443,0.34753713900434463
691458,Blaze Jordan,R,STL,9,Max Scherzer,R,453286,822783,STL @ TOR,10:37 AM,02/08,Pre-Game,0.627038699675245,,,,False,1011000111,estimated,0,0,0.0,0,0,0.21772948218623553,0.33772981673705915,0.45523358856675455,0.3080438389335449,0.13133613520663528,20,1,-0.11928651059085843,0.995,25.8,F,0.2055888223552894,1.2256831259977927,0.3806848687482133,0.16375034234877564,7,6,0,0.3076923076923077,0.18840579710144928,0.476,0.35,0.174,0.22799097065462753,0.234375,0.16049382716049382,0.2230769230769231,0.2,72,0.29411764705882354,58,True,False,0.6003128406198052,0.026725859055439782,3.361111111111111,3.611111111111111,36,,,,,,,0.02700646997069692,20,9.49,1.82,24.2,1.0,4.0,18.0,14.0,0.0,0.0,0.0,7.0,SP,7.0,117.0,31.0,16.7,6.57,5.11,11.31,3.28,16.694239216172473,-0.020524413960959276,7,0.875,18.0,7,7,0,1,0.0,3.76,0.04066857999785485,0.24107142857142858,0.1322314049586777,0.04132231404958678,0.44097222222222227,0.29219791666666667,0.25,3.443,0.32087843469655114
673548,Seiya Suzuki,R,CHC,2,Gerrit Cole,R,543037,824648,NYY @ CHC,11:20 AM,02/08,Scheduled,0.6250104535476578,,,,False,0101111101,estimated,6,1,0.16666666666666666,1,2023,0.2693615443347978,0.34399258451099296,0.3373826942384663,0.42625492668891973,0.25278531201001414,20,1,0.007705347511172744,0.983,68.1,B,0.2952202436738519,5.758718939586668,0.43484979030430454,0.27476589336915835,12,5,0,0.2621359223300971,0.2698412698412698,0.5130183220829315,0.33461909353905495,0.1523625843780135,0.2702169625246548,0.19930374238468232,0.32340425531914896,0.24718718036140472,0.2663316582914573,227,0.2692307692307692,184,False,False,0.6257244846780416,-0.0007140311303838187,3.776595744680851,4.372340425531915,94,,,,,,,-0.012500955454387284,20,3.57,1.09,68.0,4.0,5.0,73.0,14.0,0.0,0.0,0.0,12.0,SP,12.0,279.0,60.0,23.2,9.66,1.85,7.94,1.46,23.43423843698862,0.005109546452342184,5,0.625,2.0,7,7,1,1,0.0,4.55,0.17539619973870224,0.2583518930957684,0.2587548638132296,0.10311284046692606,0.42141350210970463,0.3436487341772152,0.2727272727272727,4.348,0.2989308918554812
668804,Bryan Reynolds,L,PIT,3,Chase Burns,R,695505,824483,PIT @ CIN,10:40 AM,02/08,Scheduled,0.6239398261917617,,,,False,0001111011,estimated,10,2,0.2,1,2025,0.2167688882887241,0.32187257799499136,0.41020982125936684,0.3047633102220022,0.2913178376485969,20,1,0.002564102564102555,1.083,75.0,B,0.2934841141626279,2.8481329309719143,0.35937652663409475,0.27405216951049327,20,5,0,0.26666666666666666,0.2692307692307692,0.5665051157781368,0.3780290791599354,0.05546580506192784,0.24185136897001303,0.25542406311637084,0.27340267459138184,0.2527131782945736,0.2975206611570248,284,0.22560975609756098,200,False,False,0.621695987509041,0.0022438386827207113,3.6576576576576576,4.36036036036036,111,,,,,,,-0.057949669307632796,20,2.4,1.12,112.2,12.0,1.0,128.0,41.0,0.0,0.0,0.0,20.0,SP,20.0,455.0,85.0,22.8,10.22,3.28,6.79,1.04,22.697492150997526,0.037110173808238334,4,0.5,6.0,7,7,1,1,0.0,4.45,0.07822793251779779,0.27102803738317754,0.23529411764705882,0.13137254901960785,0.47510822510822515,0.34414285714285714,0.2151394422310757,4.248,0.29243927847489665
665862,Jazz Chisholm,L,NYY,6,Colin Rea,R,607067,824648,NYY @ CHC,11:20 AM,02/08,Scheduled,0.6238214780973005,,,,False,1101010110,estimated,0,0,0.0,0,0,0.2154510323088651,0.41678574491879494,0.41034504032390706,0.39243365070906716,0.42539834357402273,20,1,0.008059994393047387,0.983,44.1,D,0.2637837837837838,1.9310164356616257,0.3844604138596893,0.16116828148376242,20,5,0,0.21551724137931033,0.22357723577235772,0.5594594594594594,0.2556756756756757,0.18486486486486486,0.1994261119081779,0.19687875150060025,0.1935483870967742,0.19813084112149532,0.20430107526881722,209,0.23863636363636365,197,False,False,0.5792186897036282,0.044602788393672266,3.549019607843137,3.980392156862745,102,,,,,,,0.005199260330093689,20,4.67,1.4,111.2,8.0,7.0,83.0,40.0,1.0,0.0,1.0,18.0,SP,22.0,486.0,116.0,22.1,6.69,3.22,9.35,1.37,22.969772186507374,-0.030138144763967145,6,0.75,39.0,7,7,1,1,0.0,4.12,0.03163216309227144,0.22439024390243903,0.2950108459869848,0.09327548806941431,0.416970802919708,0.29871167883211674,0.2980392156862745,3.895,0.3006305881233481
691594,Javier Sanoja,R,MIA,7,Robert Stock,R,476594,823592,MIA @ NYM,10:40 AM,02/08,Scheduled,0.6237663038674167,,,,False,1001001011,estimated,0,0,0.0,0,0,0.22289600474145005,0.22092148419474503,0.3047491833831745,0.24169674202119226,0.0772777481203748,20,1,-0.0158640864086409,0.949,,,,,,,0,0,0,0.27722772277227725,0.26136363636363635,,,,0.26022304832713755,0.2718808193668529,0.28654970760233917,0.26697429136453527,0.29411764705882354,144,0.24113475177304963,151,False,False,0.6249975805867376,-0.001231276719320884,3.2209302325581395,3.4302325581395348,86,,,,,,,0.09511647311466487,20,,,,,,,,,,,,,,,,,,,,,,0.004547981846868998,7,0.875,-4.0,6,7,0,1,0.0,4.0,0.03428065627763849,0.256,0.0825,0.0525,0.3211500974658869,0.26545492202729043,,3.761,0.31147965071251243
683953,Travis Bazzana,L,CLE,6,Merrill Kelly,R,518876,824404,AZ @ CLE,10:40 AM,02/08,Scheduled,0.6237055348405124,,,,False,0001011101,estimated,0,0,0.0,0,0,0.24773968955455564,0.3079912697562924,0.3778849240483079,0.3403255195811156,0.25878237093607637,20,1,-0.017826825127334467,0.987,24.0,F,0.244,1.9754196899109453,0.47078545664289745,0.15932091916391752,19,6,0,0.2543859649122807,0.23655913978494625,0.5103211009174312,0.22190366972477063,0.2677752293577982,0.22399392558845863,0.26649076517150394,0.22613065326633167,0.23678902783380396,0.25149700598802394,193,0.23308270676691728,154,True,False,0.5973124292053166,0.026393105635195813,3.75,4.3375,80,,,,,,,-0.03893447126361955,20,4.86,1.45,109.1,8.0,8.0,71.0,42.0,0.0,0.0,0.0,19.0,SP,19.0,473.0,116.0,24.9,5.84,3.46,9.55,1.81,24.46677939072583,-0.03157220150717899,6,0.6666666666666666,24.0,7,7,1,1,0.0,4.12,0.10568731391641115,0.25170068027210885,0.21114369501466276,0.11436950146627566,0.3652402402402402,0.2824504504504505,0.26639344262295084,3.895,0.31810737317132626
681082,Bryson Stott,L,PHI,7,Kyle Bradish,R,680694,824807,PHI @ BAL,10:35 AM,02/08,Scheduled,0.621695987509041,,,,False,1100110101,estimated,7,2,0.2857142857142857,1,2023,0.2759250715138279,0.35685483186641287,0.47769532820395844,0.3493584674243393,0.23005301747771628,20,1,-0.02447552447552445,1.044,54.6,C,0.2776927003573252,2.1942815248265184,0.38794885619268465,0.2159625329941029,20,6,0,0.2692307692307692,0.24475524475524477,0.5168539325842697,0.48314606741573035,0.0,0.22445363260484347,0.2496493688639551,0.2301980198019802,0.23085106382978723,0.22727272727272727,220,0.27710843373493976,182,False,False,0.6019887617062705,0.01970722580277051,3.5,3.8653846153846154,104,,,,,,,0.11089927530641841,20,3.74,1.36,118.0,7.0,9.0,114.0,52.0,0.0,0.0,0.0,21.0,SP,21.0,501.0,109.0,23.9,8.69,3.97,8.31,0.92,24.32705421236846,0.016881790268736818,9,1.0,-3.0,7,6,1,1,0.0,4.0,0.12312666867715943,0.2571428571428571,0.19213973799126638,0.06550218340611354,0.3842871485943775,0.31741114457831326,0.24060150375939848,3.761,0.32289962608493045
663886,Tyler Stephenson,R,CIN,6,Mitch Keller,R,656605,824483,PIT @ CIN,10:40 AM,02/08,Scheduled,0.621695987509041,,,,False,1011001111,estimated,25,7,0.28,1,2022,0.3452582322702271,0.43710064883869537,0.32802430875073485,0.5947389143826944,0.3002147811164907,20,2,0.036975977390485165,1.083,34.4,F,0.2611324903793293,2.250926709205063,0.43509531890392383,0.18218933473744403,20,6,0,0.22727272727272727,0.26424870466321243,0.5682068206820682,0.3404840484048405,0.09130913091309131,0.24572649572649571,0.2530487804878049,0.1680327868852459,0.2375,0.23809523809523808,168,0.2767857142857143,128,False,False,0.5706436983830976,0.051052289125943395,3.197530864197531,3.654320987654321,81,,,,,,,0.12931979914400546,20,4.83,1.31,113.2,6.0,7.0,87.0,38.0,0.0,0.0,0.0,21.0,SP,21.0,487.0,111.0,23.2,6.89,3.01,8.79,1.03,23.027725276251157,0.0027240124909589936,5,0.625,6.0,6,8,1,1,0.0,4.12,0.0957112702016476,0.23421052631578948,0.2837209302325581,0.09534883720930233,0.4599483204134367,0.34195542635658915,0.19607843137254902,3.895,0.34753713900434463
683734,Andrew Vaughn,R,MIL,6,Walbert Ureña,R,700712,823996,MIL @ LAA,12:15 PM,02/08,Scheduled,0.621695987509041,,,,False,1101111100,estimated,0,0,0.0,0,0,0.20269743551662261,0.31506567897427545,0.45342773673480513,0.27732833531511014,0.10913359889473524,20,1,-0.05793010752688177,0.979,73.3,B,0.2870603015075377,1.832994199414209,0.3159763935171778,0.21958208249312372,18,6,0,0.3375,0.27956989247311825,0.5242596093257719,0.15311909262759923,0.32262129804662887,0.3226256983240223,0.2927927927927928,0.3236994219653179,0.3159851301115242,0.2903225806451613,112,0.325,92,False,True,0.6368965047484503,-0.015200517239409295,2.6615384615384614,3.1384615384615384,65,,,,,,,-0.08483179234939345,20,2.7,1.26,93.1,6.0,7.0,88.0,49.0,0.0,0.0,0.0,17.0,SP,19.0,401.0,69.0,21.1,8.49,4.73,6.65,0.58,22.40271883570706,-0.005229320842374263,6,0.6666666666666666,-8.0,7,6,1,1,0.0,4.12,0.12335268152704777,0.2833333333333333,0.13317191283292978,0.09685230024213075,0.42103825136612016,0.3072032786885246,0.19254658385093168,3.895,0.3083547371513855
621493,Taylor Ward,R,BAL,2,Zack Wheeler,R,554430,824807,PHI @ BAL,10:35 AM,02/08,Scheduled,0.6212606563097077,,,,False,1111100100,estimated,0,0,0.0,0,0,0.15840969087450754,0.3010210750609011,0.40677852617848226,0.24083793120324773,0.17669259134882132,20,1,0.0078125,1.044,85.0,A,0.29615861214374223,5.896894577864896,0.34898283162160865,0.3350981035680971,17,6,0,0.2421875,0.25,0.6164807930607187,0.22490706319702602,0.15861214374225527,0.25679475164011245,0.223267750213858,0.2219020172910663,0.24273972602739727,0.24497991967871485,305,0.25161290322580643,196,False,False,0.6298651427717429,-0.008604486462035155,3.706422018348624,4.5963302752293576,109,,,,,,,-0.2045588737151172,20,2.53,0.92,103.0,10.0,2.0,123.0,23.0,0.0,0.0,0.0,17.0,SP,17.0,396.0,72.0,23.3,10.75,2.01,6.29,1.14,23.06147852406809,0.011589343690292297,8,1.0,-15.0,7,6,1,1,0.0,4.55,0.19386709257605722,0.25227272727272726,0.21189591078066913,0.15985130111524162,0.3911042944785276,0.32920245398773,0.2,4.348,0.3091512567157343
686527,Dominic Canzone,L,SEA,4,Taj Bradley,R,671737,823107,MIN @ SEA,1:10 PM,02/08,Scheduled,0.6209508787142205,,,,False,1101111010,estimated,8,2,0.25,1,2023,0.213761867345395,0.35873998551682984,0.45270628815249814,0.2833272065073355,0.1946635140533076,20,1,0.021967293141322897,0.906,55.1,C,0.28522671867381766,2.850784074485702,0.46721369715317485,0.2848306597976569,20,5,0,0.23529411764705882,0.2572614107883817,0.7068292682926829,0.09121951219512195,0.20195121951219513,0.25921658986175117,0.24031007751937986,0.22267206477732793,0.24365987071108902,0.25301204819277107,187,0.25688073394495414,124,False,False,0.6439403368471744,-0.022989458132953944,2.8645833333333335,3.2395833333333335,96,,,,,,,0.007932856425329576,20,3.65,1.21,120.2,9.0,4.0,139.0,49.0,0.0,0.0,0.0,21.0,SP,21.0,504.0,97.0,24.0,10.37,3.65,7.23,1.27,24.213263484941745,-0.00040087871422045396,4,0.4444444444444444,-18.0,6,7,0,1,0.0,4.35,0.09938809025117944,0.26512968299711814,0.2193211488250653,0.07571801566579635,0.48447401774397975,0.3420437262357414,0.19230769230769232,4.159,0.30139161988540525
676724,Jared Young,L,NYM,6,Sandy Alcántara,R,645261,823592,MIA @ NYM,10:40 AM,02/08,Scheduled,0.6205313594684735,,,,False,0110101110,estimated,0,0,0.0,0,0,0.2690244505682392,0.31651309354887047,0.4626305258326428,0.30456338278187955,0.16574209936693918,20,1,0.08641975308641978,0.949,63.0,C,0.2702702702702703,2.9865326399112417,0.35840728210305794,0.1897982654393428,20,5,0,0.16666666666666666,0.25308641975308643,0.5963668586619406,0.19627824545857334,0.20735489587948605,0.24635568513119532,0.22966507177033493,0.24347826086956523,0.24122479462285287,0.2761904761904762,113,0.2028985507246377,82,False,False,0.5999516445889896,0.020579714879483846,2.8524590163934427,3.19672131147541,61,,,,,,,0.03809862089065401,20,3.82,1.21,150.2,11.0,6.0,115.0,39.0,0.0,0.0,0.0,23.0,SP,23.0,625.0,143.0,27.2,6.87,2.33,8.54,1.02,27.319457506964657,-0.031064692801806792,6,0.6666666666666666,13.0,7,8,0,1,0.0,4.12,0.05016041992698922,0.22377622377622378,0.24375,0.078125,0.42788461538461536,0.29302884615384617,0.2375366568914956,3.895,0.31057595184526077
592663,J. T. Realmuto,R,PHI,8,Kyle Bradish,R,680694,824807,PHI @ BAL,10:35 AM,02/08,Scheduled,0.6187070400314997,,,,False,1111101010,estimated,0,0,0.0,0,0,0.326319547228907,0.4282021319348796,0.5899953214485882,0.4117598125792552,0.2318386560307956,20,1,-0.014299642508937283,1.044,54.6,C,0.2776927003573252,2.1942815248265184,0.38794885619268465,0.2159625329941029,20,6,0,0.23529411764705882,0.22099447513812154,0.5168539325842697,0.48314606741573035,0.0,0.22879858657243815,0.18407960199004975,0.205,0.21600820933812212,0.23809523809523808,163,0.21008403361344538,138,False,False,0.5814539606963411,0.037253079335158534,3.367088607594937,3.810126582278481,79,,,,,,,0.14714154986456876,20,3.74,1.36,118.0,7.0,9.0,114.0,52.0,0.0,0.0,0.0,21.0,SP,21.0,501.0,109.0,23.9,8.69,3.97,8.31,0.92,24.32705421236846,0.009992959968500359,9,1.0,-3.0,7,6,1,1,0.0,3.88,0.07138899215666868,0.23284313725490197,0.2159827213822894,0.06911447084233262,0.43641774891774887,0.3235909090909091,0.2556818181818182,3.599,0.32289962608493045
624413,Pete Alonso,R,BAL,1,Zack Wheeler,R,554430,824807,PHI @ BAL,10:35 AM,02/08,Scheduled,0.6187070400314997,-144.0,150.0,59.0,False,1110110110,estimated,24,4,0.16666666666666666,1,2022,0.23429665740523029,0.41311149849568846,0.6452140872087365,0.34854001553894115,0.2643521241631275,20,1,-0.0009557945041815952,1.044,85.0,A,0.29615861214374223,5.896894577864896,0.34898283162160865,0.3350981035680971,17,6,0,0.2518518518518518,0.25089605734767023,0.6164807930607187,0.22490706319702602,0.15861214374225527,0.24390243902439024,0.22522522522522523,0.2655086848635236,0.23991093793487336,0.25984251968503935,287,0.2375,194,False,False,0.6501594095026125,-0.03145236947111285,3.7636363636363637,4.372727272727273,110,,,,,,,-0.010264219769177142,20,2.53,0.92,103.0,10.0,2.0,123.0,23.0,0.0,0.0,0.0,17.0,SP,17.0,396.0,72.0,23.3,10.75,2.01,6.29,1.14,23.06147852406809,0.025605459968500388,8,1.0,-15.0,7,6,1,1,0.0,4.65,0.07740713826695506,0.2505592841163311,0.25,0.1065891472868217,0.5618448637316562,0.36689622641509434,0.2,4.44,0.3091512567157343
677800,Wilyer Abreu,L,BOS,3,Emmet Sheehan,R,686218,823919,BOS @ LAD,4:20 PM,02/08,Scheduled,0.6187070400314997,,,,False,0001010110,estimated,0,0,0.0,0,0,0.15489732958641964,0.2872430567437282,0.3872702414120911,0.22859385695390394,0.2605867516152443,20,1,-0.07209173635022131,0.973,71.4,B,0.2934386391251519,3.332087834273528,0.38685625799416873,0.2613815439564114,19,7,0,0.29906542056074764,0.22697368421052633,0.42560975609756097,0.40792682926829266,0.16646341463414635,0.2234609791565681,0.23057324840764332,0.2110912343470483,0.2235569879871081,0.24,286,0.2546583850931677,180,False,False,0.6214743650504646,-0.002767325018964928,3.8411214953271027,4.355140186915888,107,,,,,,,-0.29414643342717905,20,4.95,1.25,92.2,4.0,7.0,104.0,29.0,0.0,0.0,0.0,19.0,SP,19.0,396.0,87.0,20.8,10.1,2.82,8.45,1.65,20.763744123413314,-0.004092754317213898,7,0.875,10.0,6,7,1,1,0.0,4.45,0.06363492827007987,0.2449438202247191,0.21912350597609562,0.08764940239043825,0.40975124378109457,0.3184671641791045,0.25,4.248,0.2925660343716699
592885,Christian Yelich,L,MIL,1,Walbert Ureña,R,700712,823996,MIL @ LAA,12:15 PM,02/08,Scheduled,0.6187070400314997,,,,False,0111101110,estimated,0,0,0.0,0,0,0.2150576637120883,0.28719127144609613,0.4040858102005881,0.2835219970806286,0.20395473392235536,20,1,0.0032733224222585844,0.979,73.3,B,0.2870603015075377,1.832994199414209,0.3159763935171778,0.21958208249312372,18,6,0,0.23076923076923078,0.23404255319148937,0.5242596093257719,0.15311909262759923,0.32262129804662887,0.22208040842373963,0.19204389574759945,0.25,0.21745969327565867,0.21951219512195122,185,0.25203252032520324,143,False,True,0.6257244846780416,-0.00701744464654197,3.9315068493150687,4.493150684931507,73,,,,,,,-0.002992872612854765,20,2.7,1.26,93.1,6.0,7.0,88.0,49.0,0.0,0.0,0.0,17.0,SP,19.0,401.0,69.0,21.1,8.49,4.73,6.65,0.58,22.40271883570706,-0.0012237066981664046,6,0.6666666666666666,-8.0,7,6,1,1,0.0,4.65,0.11132076467271078,0.23043478260869565,0.26053639846743293,0.09386973180076628,0.42746913580246915,0.31769135802469134,0.20786516853932585,4.44,0.3083547371513855
810938,Ben Williamson,R,TB,7,Anthony Kay,L,641743,822943,CWS @ TB,10:40 AM,02/08,Scheduled,0.616970570838226,,,,False,1001011010,estimated,0,0,0.0,0,0,0.2511534451866517,0.28781448086617273,0.250972730924278,0.30136037204296623,0.15305717310035208,20,1,-0.10143964562569213,0.96,54.0,C,0.26346356916578667,2.360038775002667,0.3794729606694877,0.19868611379626921,20,5,0,0.1937984496124031,0.29523809523809524,0.5755015839493136,0.28141499472016895,0.14308342133051744,0.24141749723145073,0.23732718894009217,0.20555555555555555,0.2350623768877216,0.2396694214876033,129,0.23893805309734514,129,False,False,0.5987203678696688,0.018250202968557283,3.038961038961039,3.3506493506493507,77,,,,,,,-0.01640440756434372,20,4.25,1.36,103.2,7.0,5.0,87.0,41.0,0.0,0.0,0.0,20.0,SP,22.0,467.0,100.0,21.2,7.55,3.56,8.68,1.22,21.303631651730925,-0.024720570838225986,6,0.8571428571428571,8.0,7,6,0,1,0.0,4.0,0.02557633531484169,0.256,0.18491484184914841,0.07542579075425791,0.3656633221850613,0.3049448160535117,0.27972027972027974,3.761,0.2824065996224369
703607,Henry Bolte,R,ATH,5,Keider Montero,R,672456,824971,DET @ ATH,1:05 PM,02/08,Scheduled,0.6158143405695884,,,,False,0010001011,estimated,0,0,0.0,0,0,0.2099525630293648,0.2765760389202733,0.49763232750020253,0.26481517459422355,0.2683137205947446,20,1,0.032342657342657316,0.977,82.8,A,0.27125,4.856373999438966,0.33912020320310216,0.20368364073849918,20,6,0,0.2403846153846154,0.2727272727272727,0.5382685069008782,0.32747804265997493,0.1342534504391468,0.2502744237102086,0.2561247216035635,0.32456140350877194,0.26375,0.28,143,0.2247191011235955,104,True,False,0.6192730366613078,-0.0034586960917194487,3.242424242424242,3.742424242424242,66,,,,,,,-0.05575083257114334,20,3.34,1.02,110.1,7.0,6.0,79.0,23.0,1.0,0.0,1.0,17.0,SP,23.0,443.0,89.0,19.3,6.44,1.88,7.26,0.9,17.954657890021068,0.004723159430411572,8,1.0,-3.0,6,7,1,1,0.0,4.25,0.07614441776732112,0.25806451612903225,0.2862903225806452,0.06854838709677419,0.44977168949771695,0.3043013698630137,0.21465968586387435,4.023,0.2916429598225816
641343,Jake Bauers,L,MIL,5,Walbert Ureña,R,700712,823996,MIL @ LAA,12:15 PM,02/08,Scheduled,0.6146646255323335,,,,False,0101111111,estimated,0,0,0.0,0,0,0.34138161667503764,0.4125581825647757,0.5198808878716221,0.4433544865370626,0.22225685997664887,20,1,-0.03405255544840885,0.979,73.3,B,0.2870603015075377,1.832994199414209,0.3159763935171778,0.21958208249312372,18,6,0,0.29508196721311475,0.2610294117647059,0.5242596093257719,0.15311909262759923,0.32262129804662887,0.255079006772009,0.2703349282296651,0.25054945054945055,0.25768500948766604,0.27956989247311825,219,0.25170068027210885,171,False,True,0.6368965047484503,-0.0222318792161168,3.3636363636363638,3.9393939393939394,99,,,,,,,0.07307279249631125,20,2.7,1.26,93.1,6.0,7.0,88.0,49.0,0.0,0.0,0.0,17.0,SP,19.0,401.0,69.0,21.1,8.49,4.73,6.65,0.58,22.40271883570706,-0.0020646255323334417,6,0.6666666666666666,-8.0,7,6,1,1,0.0,4.25,0.13364717011747226,0.27586206896551724,0.251131221719457,0.12895927601809956,0.5394736842105263,0.34322932330827066,0.20786516853932585,4.023,0.3083547371513855
678246,Miguel Vargas,R,CWS,3,Griffin Jax,R,643377,822943,CWS @ TB,10:40 AM,02/08,Scheduled,0.6144855133673212,,,,False,0011111010,estimated,0,0,0.0,0,0,0.19608427164173992,0.33807808495911146,0.5459028080271777,0.24029499227179837,0.2238600367646429,20,1,0.05328525641025639,0.96,64.6,C,0.3097412480974125,3.8770291189912416,0.4038218735214904,0.2774986284761015,20,5,0,0.203125,0.2564102564102564,0.41807044410413474,0.3445635528330781,0.23736600306278713,0.24069352371239164,0.2828282828282828,0.27547169811320754,0.2572845629262244,0.26337448559670784,280,0.20253164556962025,192,False,False,0.6515416263650502,-0.03705611299772904,3.712962962962963,4.37037037037037,108,,,,,,,-0.10118857026628,20,3.74,1.23,86.2,6.0,8.0,92.0,30.0,0.0,2.0,2.0,17.0,SP,28.0,358.0,77.0,12.8,9.55,3.12,8.0,1.35,18.621191787184095,0.020947819966012138,6,0.6666666666666666,-11.0,7,7,0,1,0.0,4.45,0.05880972446462139,0.2425629290617849,0.17148362235067438,0.12909441233140656,0.46551724137931033,0.331683908045977,0.22950819672131148,4.248,0.2588348360463079
702332,Caleb Durbin,R,BOS,6,Emmet Sheehan,R,686218,823919,BOS @ LAD,4:20 PM,02/08,Scheduled,0.6141960937119908,,,,False,1001111010,estimated,0,0,0.0,0,0,0.27822017295664914,0.2334576021383813,0.13898891128130897,0.3136471926566087,0.11871097445550345,20,1,0.0037963761863675505,0.973,71.4,B,0.2934386391251519,3.332087834273528,0.38685625799416873,0.2613815439564114,19,7,0,0.24210526315789474,0.2459016393442623,0.42560975609756097,0.40792682926829266,0.16646341463414635,0.2420520231213873,0.23960066555740434,0.25384615384615383,0.24444444444444444,0.26903553299492383,222,0.2112676056338028,158,False,False,0.6342375596344997,-0.020041465922508883,3.39,3.8,100,,,,,,,0.0219832811825152,20,4.95,1.25,92.2,4.0,7.0,104.0,29.0,0.0,0.0,0.0,19.0,SP,19.0,396.0,87.0,20.8,10.1,2.82,8.45,1.65,20.763744123413314,0.0028896205737234393,7,0.875,10.0,6,7,1,1,0.0,4.12,0.07033065320454475,0.23703703703703705,0.14855875831485588,0.06208425720620843,0.2964990138067061,0.2732721893491124,0.23870967741935484,3.895,0.2925660343716699
606192,Teoscar Hernández,R,LAD,7,Jake Bennett,L,687562,823919,BOS @ LAD,4:20 PM,02/08,Scheduled,0.6135139148219316,,,,False,1111101101,estimated,0,0,0.0,0,0,0.2808333011538899,0.30984851642558464,0.285247258710841,0.3721020558617105,0.21716721420543464,20,1,0.021969450763730886,0.973,81.6,A,0.27039106145251396,4.662790343574347,0.3494011348965562,0.18022612938024243,11,5,0,0.27058823529411763,0.24861878453038674,0.6453423120089786,0.09988776655443322,0.2547699214365881,0.2785349233390119,0.2625250501002004,0.18787878787878787,0.2588352414136386,0.26666666666666666,167,0.2413793103448276,131,False,True,0.5887042858870434,0.02480962893488825,3.546666666666667,3.973333333333333,75,,,,,,,0.14320319174650858,20,2.74,0.97,65.2,6.0,4.0,46.0,11.0,0.0,0.0,0.0,11.0,SP,11.0,256.0,53.0,23.3,6.3,1.51,7.26,0.69,23.679475766274102,-0.036047248155264944,6,0.8571428571428571,22.0,7,6,1,1,0.0,4.0,0.08861251024543061,0.2557603686635945,0.26141078838174275,0.08091286307053942,0.4569805194805195,0.33073051948051946,0.24719101123595505,3.761,0.3396755676533206
686797,Brooks Lee,L,MIN,7,George Kirby,R,669923,823107,MIN @ SEA,1:10 PM,02/08,Scheduled,0.6134221487108577,,,,False,1000110011,estimated,0,0,0.0,0,0,0.21691625001173837,0.22114949678807208,0.33546229224340635,0.24666312515292632,0.12028903082518456,20,1,0.03404388714733542,0.906,55.3,C,0.2714757709251101,4.981789622994654,0.4214914584259961,0.22097746128116122,20,6,0,0.22413793103448276,0.2581818181818182,0.5350248207391064,0.39327082184225043,0.07170435741864313,0.24322033898305084,0.2367816091954023,0.257001647446458,0.24398496240601503,0.25675675675675674,235,0.23668639053254437,193,False,False,0.6202435824242869,-0.006821433713429248,3.7596153846153846,4.115384615384615,104,,,,,,,-0.030780690628954686,20,3.98,1.3,120.0,8.0,9.0,107.0,25.0,0.0,0.0,0.0,20.0,SP,20.0,497.0,131.0,24.9,8.03,1.88,9.83,1.13,24.588135964408472,-0.01636500585371481,7,1.0,-10.0,7,6,0,1,0.0,4.0,0.08864298867535672,0.251685393258427,0.1652892561983471,0.06611570247933884,0.3287671232876712,0.25923287671232875,0.2697095435684647,3.761,0.33998943548983895
805811,Bryce Eldridge,L,SF,2,Mike King,R,650633,823270,SF @ SD,1:10 PM,02/08,Scheduled,0.6131707448465044,,,,False,0100010101,estimated,0,0,0.0,0,0,0.18686933040591244,0.3636416237453036,0.4959361239740216,0.31062564671516263,0.36299929065363395,20,1,-0.040816326530612235,0.954,68.3,B,0.2852216748768473,2.161377032259961,0.322687093471506,0.20493064572233569,20,5,0,0.2857142857142857,0.24489795918367346,0.4714285714285714,0.2458128078817734,0.2827586206896552,0.28456104944500504,0.28046989720998533,0.23372781065088757,0.27593052109181143,0.2835820895522388,153,0.21621621621621623,130,False,False,0.6132898609582583,-0.00011911611175396963,3.550724637681159,4.101449275362318,69,,,,,,,-0.030465841540304545,20,3.38,1.17,125.1,6.0,7.0,109.0,50.0,0.0,0.0,0.0,22.0,SP,22.0,515.0,97.0,23.4,7.83,3.59,6.97,0.93,23.783289580222306,-0.022787411513170985,6,0.8571428571428571,7.0,6,7,0,1,0.0,4.55,0.12704207603948528,0.23735408560311283,0.2786885245901639,0.14426229508196722,0.5494186046511628,0.3592558139534884,0.20938628158844766,4.348,0.31348301546667906
699013,Esmerlyn Valdez,R,PIT,4,Chase Burns,R,695505,824483,PIT @ CIN,10:40 AM,02/08,Scheduled,0.612987019497365,,,,False,0011010100,estimated,0,0,0.0,0,0,0.17457279709659748,0.34416745216309164,0.5515316480716792,0.3519339008217984,0.2585262163302211,20,1,-0.027235772357723564,1.083,75.0,B,0.2934841141626279,2.8481329309719143,0.35937652663409475,0.27405216951049327,20,5,0,0.2833333333333333,0.25609756097560976,0.5665051157781368,0.3780290791599354,0.05546580506192784,0.25745682888540034,0.24404761904761904,0.18681318681318682,0.24242424242424243,0.24096385542168675,98,0.3050847457627119,70,True,False,0.6352276997282466,-0.02224068023088155,3.302325581395349,3.9069767441860463,43,,,,,,,-0.15296125190077522,20,2.4,1.12,112.2,12.0,1.0,128.0,41.0,0.0,0.0,0.0,20.0,SP,20.0,455.0,85.0,22.8,10.22,3.28,6.79,1.04,22.697492150997526,0.038537980502635016,4,0.5,6.0,7,7,1,1,0.0,4.35,0.19085401211741507,0.29365079365079366,0.36486486486486486,0.13513513513513514,0.5347222222222222,0.39540277777777777,0.19375,4.159,0.29243927847489665
575929,Willson Contreras,R,BOS,4,Emmet Sheehan,R,686218,823919,BOS @ LAD,4:20 PM,02/08,Scheduled,0.6122416746846003,,,,False,1110000110,estimated,0,0,0.0,0,0,0.253695800567906,0.35411081262668465,0.47135674396684585,0.44251502671975373,0.25255577836554766,20,2,0.009440267335004193,0.973,71.4,B,0.2934386391251519,3.332087834273528,0.38685625799416873,0.2613815439564114,19,7,0,0.28421052631578947,0.29365079365079366,0.42560975609756097,0.40792682926829266,0.16646341463414635,0.2719242902208202,0.30434782608695654,0.2610619469026549,0.2799152841510766,0.29767441860465116,260,0.2803030303030303,155,False,False,0.6287134321555828,-0.016471757470982507,3.47,4.15,100,,,,,,,0.027878937056052693,20,4.95,1.25,92.2,4.0,7.0,104.0,29.0,0.0,0.0,0.0,19.0,SP,19.0,396.0,87.0,20.8,10.1,2.82,8.45,1.65,20.763744123413314,0.0006011824582567993,7,0.875,10.0,6,7,1,1,0.0,4.35,0.18363984967343022,0.2772511848341232,0.24949698189134809,0.09054325955734406,0.46761744966442953,0.3511593959731544,0.23870967741935484,4.159,0.2925660343716699
668904,Royce Lewis,R,MIN,5,George Kirby,R,669923,823107,MIN @ SEA,1:10 PM,02/08,Scheduled,0.6121019642839755,,,,False,1001111111,estimated,0,0,0.0,0,0,0.24997978091710937,0.3378975729498402,0.5528132528965234,0.3408002801315405,0.22177936474034665,20,1,0.022749937671403625,0.906,55.3,C,0.2714757709251101,4.981789622994654,0.4214914584259961,0.22097746128116122,20,6,0,0.20238095238095238,0.225130890052356,0.5350248207391064,0.39327082184225043,0.07170435741864313,0.19248826291079812,0.250381679389313,0.2157676348547718,0.21453990849008642,0.21476510067114093,166,0.2222222222222222,144,False,False,0.5999516445889896,0.012150319694985812,3.6184210526315788,4.078947368421052,76,,,,,,,-0.010362195568460453,20,3.98,1.3,120.0,8.0,9.0,107.0,25.0,0.0,0.0,0.0,20.0,SP,20.0,497.0,131.0,24.9,8.03,1.88,9.83,1.13,24.588135964408472,-0.029216249998261112,7,1.0,-10.0,7,6,0,1,0.0,4.25,0.11500844833602426,0.21839080459770116,0.25103734439834025,0.07883817427385892,0.37738853503184716,0.2835732484076433,0.2907488986784141,4.023,0.33998943548983895
701538,Jackson Merrill,L,SD,5,Landen Roupp,R,694738,823270,SF @ SD,1:10 PM,02/08,Scheduled,0.6118373044601101,-186.0,203.0,65.0,False,1001111101,estimated,8,0,0.0,1,2024,0.2906754959615399,0.3949957753559143,0.6118246094033227,0.39943448684036015,0.22104607438941062,20,1,-0.04642757853767027,0.954,65.3,B,0.2772523643603783,2.039794422563589,0.303065598638351,0.2207891036263508,20,5,0,0.2727272727272727,0.22629969418960244,0.5383466135458167,0.25747011952191234,0.20418326693227093,0.23682864450127877,0.23782559456398641,0.16666666666666666,0.2251732101616628,0.2222222222222222,272,0.25766871165644173,179,False,False,0.6371095698246685,-0.0252722653645584,3.9150943396226414,4.254716981132075,106,,,,,,,0.14473811625062288,20,4.12,1.26,113.2,7.0,9.0,114.0,48.0,0.0,0.0,0.0,21.0,SP,21.0,475.0,95.0,22.6,9.03,3.8,7.52,0.63,22.68196917403796,0.018402695539889824,5,0.7142857142857143,-15.0,5,6,0,1,0.0,4.25,0.025622113909615208,0.23160173160173161,0.2400793650793651,0.06349206349206349,0.47873900293255134,0.32872287390029326,0.21610169491525424,4.023,0.32086721293973025
592518,Manny Machado,R,SD,3,Landen Roupp,R,694738,823270,SF @ SD,1:10 PM,02/08,Scheduled,0.6116756780547923,-170.0,178.0,63.0,False,0111111010,estimated,13,4,0.3076923076923077,1,2024,0.2726580529819674,0.30440518104529574,0.39902828167023796,0.33019575444521987,0.24945894113616648,20,1,-0.02812160694896851,0.954,65.3,B,0.2772523643603783,2.039794422563589,0.303065598638351,0.2207891036263508,20,5,0,0.23333333333333334,0.20521172638436483,0.5383466135458167,0.25747011952191234,0.20418326693227093,0.19592875318066158,0.18582375478927204,0.23645320197044334,0.19748758399065147,0.21115537848605578,279,0.21232876712328766,177,False,False,0.621695987509041,-0.0100203094542487,3.710280373831776,4.261682242990654,107,,,,,,,0.12060702228758609,20,4.12,1.26,113.2,7.0,9.0,114.0,48.0,0.0,0.0,0.0,21.0,SP,21.0,475.0,95.0,22.6,9.03,3.8,7.52,0.63,22.68196917403796,0.009644321945207701,5,0.7142857142857143,-15.0,5,6,0,1,0.0,4.45,0.0826212875860746,0.20681818181818182,0.22310756972111553,0.099601593625498,0.4463922764227642,0.31153658536585366,0.24043715846994534,4.248,0.32086721293973025
643446,Jeff Mcneil,L,ATH,7,Keider Montero,R,672456,824971,DET @ ATH,1:05 PM,02/08,Scheduled,0.6115941163727263,,,,False,0101111101,estimated,0,0,0.0,0,0,0.33871196413844085,0.3222527666036237,0.2940169997940211,0.3665955588943133,0.07104693950330626,20,1,0.017695473251028826,0.977,82.8,A,0.27125,4.856373999438966,0.33912020320310216,0.20368364073849918,20,6,0,0.23333333333333334,0.25102880658436216,0.5382685069008782,0.32747804265997493,0.1342534504391468,0.23378995433789954,0.23515981735159816,0.2549019607843137,0.23802001053185887,0.2634730538922156,184,0.22794117647058823,150,False,False,0.6115941163727263,0.0,3.0918367346938775,3.4081632653061225,98,,,,,,,0.1342349786190081,20,3.34,1.02,110.1,7.0,6.0,79.0,23.0,1.0,0.0,1.0,17.0,SP,23.0,443.0,89.0,19.3,6.44,1.88,7.26,0.9,17.954657890021068,-0.00459411637272622,8,1.0,-3.0,6,7,1,1,0.0,4.0,0.059479299237953843,0.22010869565217392,0.12469437652811736,0.07579462102689487,0.3107255520504732,0.2982018927444795,0.21818181818181817,3.761,0.2916429598225816
667472,Dane Myers,R,CIN,8,Mitch Keller,R,656605,824483,PIT @ CIN,10:40 AM,02/08,Scheduled,0.6115941163727263,,,,False,1010111111,estimated,0,0,0.0,0,0,0.3430574377665445,0.26838595927644315,0.3858850016637318,0.4750411401932634,0.2612418771336879,20,2,0.052612868823320336,1.083,34.4,F,0.2611324903793293,2.250926709205063,0.43509531890392383,0.18218933473744403,20,6,0,0.25773195876288657,0.3103448275862069,0.5682068206820682,0.3404840484048405,0.09130913091309131,0.26533996683250416,0.28013029315960913,0.24,0.2662276575729069,0.3076923076923077,77,0.25555555555555554,104,False,False,0.5571750976399731,0.05441901873275323,2.3484848484848486,2.742424242424242,66,,,,,,,0.2391339109540477,20,4.83,1.31,113.2,6.0,7.0,87.0,38.0,0.0,0.0,0.0,21.0,SP,21.0,487.0,111.0,23.2,6.89,3.01,8.79,1.03,23.027725276251157,-0.007254116372726438,5,0.625,6.0,6,8,1,1,0.0,3.88,0.08801107897158517,0.21241830065359477,0.24566473988439305,0.09826589595375723,0.3834087481146305,0.2959570135746606,0.19607843137254902,3.599,0.34753713900434463
696285,Jacob Young,R,WSH,7,Jr Ritchie,R,702275,824891,WSH @ ATL,10:35 AM,02/08,Scheduled,0.6105948276386343,,,,False,1100110100,estimated,0,0,0.0,0,0,0.24300633444401276,0.3418239128855251,0.2640682220577801,0.25514798990542253,0.09496192529148705,20,1,-0.09423320042789071,1.018,49.4,D,0.266384778012685,1.6315135726843062,0.36185997003616716,0.2104080605863932,13,12,0,0.2920353982300885,0.1978021978021978,0.4840764331210191,0.3481953290870488,0.16772823779193205,0.23916666666666667,0.19969742813918306,0.21585903083700442,0.22413793103448276,0.2441860465116279,191,0.21951219512195122,136,False,True,0.5989862729058725,0.011608554732761789,3.3146067415730336,3.6741573033707864,89,,,,,,,-0.12125091942625954,20,4.5,1.41,54.0,1.0,2.0,49.0,33.0,1.0,0.0,1.0,7.0,SP,13.0,236.0,43.0,18.2,8.17,5.5,7.17,1.5,16.90848698049998,-0.0072519704957771935,7,0.7777777777777778,9.0,7,7,1,1,0.0,4.0,0.14612288307957688,0.23056994818652848,0.1990521327014218,0.061611374407582936,0.37941501103752756,0.32958333333333334,0.20481927710843373,3.761,0.3021698882630711
668930,Brice Turang,L,MIL,3,Walbert Ureña,R,700712,823996,MIL @ LAA,12:15 PM,02/08,Scheduled,0.608782978592881,,,,False,0111101111,estimated,0,0,0.0,0,0,0.29541808392312496,0.32504110070536024,0.3291779220977215,0.3460495889230316,0.1717807666491726,20,1,0.08960863697705801,0.979,73.3,B,0.2870603015075377,1.832994199414209,0.3159763935171778,0.21958208249312372,18,6,0,0.20512820512820512,0.29473684210526313,0.5242596093257719,0.15311909262759923,0.32262129804662887,0.2510479739170936,0.26152398871119475,0.28407224958949095,0.2577453788076022,0.25096525096525096,290,0.3006993006993007,181,False,True,0.6146646255323335,-0.005881646939452478,3.9029126213592233,4.572815533980583,103,,,,,,,0.096268350027149,20,2.7,1.26,93.1,6.0,7.0,88.0,49.0,0.0,0.0,0.0,17.0,SP,19.0,401.0,69.0,21.1,8.49,4.73,6.65,0.58,22.40271883570706,0.0020670214071190074,6,0.6666666666666666,-8.0,7,6,1,1,0.0,4.45,0.11769861210981666,0.25217391304347825,0.2542056074766355,0.11775700934579439,0.45267489711934156,0.34752469135802466,0.20786516853932585,4.248,0.3083547371513855
683737,Michael Busch,L,CHC,3,Gerrit Cole,R,543037,824648,NYY @ CHC,11:20 AM,02/08,Scheduled,0.6085866794179885,,,,False,1011010101,estimated,0,0,0.0,0,0,0.2451867693355962,0.3269546388912799,0.40454619041167306,0.3267778294534755,0.19410511911292408,20,1,-0.058066933066933085,0.983,68.1,B,0.2952202436738519,5.758718939586668,0.43484979030430454,0.27476589336915835,12,5,0,0.27884615384615385,0.22077922077922077,0.5130183220829315,0.33461909353905495,0.1523625843780135,0.21985383678440926,0.24476190476190476,0.1956521739130435,0.22567609574137396,0.24675324675324675,277,0.22099447513812154,215,False,False,0.6209508787142205,-0.012364199296232004,3.779816513761468,4.513761467889908,109,,,,,,,0.04796808484561132,20,3.57,1.09,68.0,4.0,5.0,73.0,14.0,0.0,0.0,0.0,12.0,SP,12.0,279.0,60.0,23.2,9.66,1.85,7.94,1.46,23.43423843698862,0.0308533205820114,5,0.625,2.0,7,7,1,1,0.0,4.45,0.03177963957260125,0.2437357630979499,0.22476190476190477,0.1295238095238095,0.41557632398753896,0.30562616822429906,0.20689655172413793,4.248,0.2989308918554812
545361,Mike Trout,R,LAA,2,Jacob Misiorowski,R,694819,823996,MIL @ LAA,12:15 PM,02/08,Scheduled,0.6085727620878231,-113.0,117.0,53.0,False,1101101101,estimated,0,0,0.0,0,0,0.30964814096685517,0.35277607064516275,0.3759761039836382,0.39867724803611254,0.2145745244338605,20,1,-0.08319921316165949,0.979,92.6,A,0.3638483965014577,8.442050643981068,0.37175444686389014,0.42139435246265405,19,7,0,0.3020833333333333,0.21888412017167383,0.780630105017503,0.20478413068844808,0.014585764294049008,0.2682277807344332,0.2453083109919571,0.3089887640449438,0.2661584355319854,0.27699530516431925,253,0.1810344827586207,157,False,False,0.6216820701788754,-0.013109308091052374,3.6153846153846154,4.5054945054945055,91,,,,,,,0.13597755692683766,20,1.58,0.75,120.0,11.0,4.0,185.0,28.0,0.0,0.0,0.0,20.0,SP,20.0,456.0,62.0,22.8,13.88,2.1,4.65,0.75,22.610386988653033,0.023467237912176975,5,0.625,7.0,7,6,1,1,0.0,4.55,0.111746150018375,0.24641148325358853,0.2695984703632887,0.16061185468451242,0.5036101083032491,0.3763309265944645,0.20670391061452514,4.348,0.31483620192533673
672960,Kazuma Okamoto,R,TOR,5,Matthew Liberatore,L,669461,822783,STL @ TOR,10:37 AM,02/08,Pre-Game,0.6080346199175991,,,,False,0011011110,estimated,0,0,0.0,0,0,0.20028009505750305,0.21719239701195803,0.34709248730795156,0.2668082102035913,0.2995226345223013,20,1,-0.022944297082228116,0.995,39.3,D,0.2810615199034982,2.727903277136824,0.4273336198094741,0.2348532397350715,20,6,0,0.21153846153846154,0.23448275862068965,0.44659022329511167,0.4049487024743512,0.14846107423053712,0.20182992465016147,0.24854045037531275,0.23218997361477572,0.22128525734225066,0.24034334763948498,262,0.2111801242236025,178,True,False,0.5845849965739507,0.023449623343648418,3.682242990654206,4.11214953271028,107,,,,,,,-0.02390797278772262,20,5.26,1.56,102.2,5.0,8.0,100.0,40.0,0.0,0.0,0.0,21.0,SP,21.0,456.0,120.0,21.7,8.77,3.51,10.52,1.67,21.58258158709563,-0.008054619917599037,5,0.7142857142857143,17.0,7,6,0,1,0.0,4.25,0.03697988391635511,0.2262210796915167,0.3082191780821918,0.09360730593607305,0.4612860892388452,0.31084251968503934,0.2906574394463668,4.023,0.33929815095861576
605137,Josh Bell,L,MIN,4,George Kirby,R,669923,823107,MIN @ SEA,1:10 PM,02/08,Scheduled,0.6080346199175991,,,,False,1110001001,estimated,10,4,0.4,1,2023,0.19303952772644326,0.26575724407191526,0.3264412378013341,0.2974004005459758,0.25228437945810145,20,2,0.012854030501089325,0.906,55.3,C,0.2714757709251101,4.981789622994654,0.4214914584259961,0.22097746128116122,20,6,0,0.23529411764705882,0.24814814814814815,0.5350248207391064,0.39327082184225043,0.07170435741864313,0.2538825118163403,0.2418379685610641,0.24370860927152319,0.24804432855280312,0.2796610169491525,255,0.1895424836601307,171,False,False,0.6128253930920472,-0.004790773174448093,3.669811320754717,4.018867924528302,106,,,,,,,0.0042718051033118305,20,3.98,1.3,120.0,8.0,9.0,107.0,25.0,0.0,0.0,0.0,20.0,SP,20.0,497.0,131.0,24.9,8.03,1.88,9.83,1.13,24.588135964408472,-0.019291762774741983,7,1.0,-10.0,7,6,0,1,0.0,4.35,0.10476401877311829,0.24,0.22055674518201285,0.07708779443254818,0.42261904761904767,0.31780434782608696,0.2697095435684647,4.159,0.33998943548983895
805347,Jim Jarvis,L,ATL,8,Cade Cavalli,R,676917,824891,WSH @ ATL,10:35 AM,02/08,Scheduled,0.6075517018735601,,,,False,1000001011,estimated,0,0,0.0,0,0,0.24880934445591132,0.3002324140403468,0.4384991173967662,0.28037870726772696,0.11964041938771833,20,1,-0.07179487179487176,1.018,64.1,C,0.29809725158562367,4.028613892286458,0.4256753589163245,0.26481726383842463,20,5,0,0.3333333333333333,0.26153846153846155,0.5389094759131816,0.38433033350979356,0.07676019057702488,0.2584745762711864,0.25833333333333336,0.23655913978494625,0.25333333333333335,0.2682926829268293,44,0.2777777777777778,42,True,False,0.5983799745750824,0.009171727298477705,3.08,3.44,25,,,,,,,0.02754894647849494,20,3.55,1.29,116.2,8.0,4.0,130.0,36.0,0.0,0.0,0.0,23.0,SP,23.0,503.0,115.0,21.9,10.03,2.78,8.87,0.77,22.08756791953745,0.00010544098358278298,7,0.7777777777777778,4.0,7,8,1,1,0.0,3.88,0.07138691906090709,0.23880597014925373,0.17333333333333334,0.05333333333333334,0.37345679012345684,0.3006666666666667,0.2681992337164751,3.599,0.31880757873558524
699393,Pedro Ramírez,L,CHC,7,Gerrit Cole,R,543037,824648,NYY @ CHC,11:20 AM,02/08,Scheduled,0.6058560084772621,,,,False,1111110010,estimated,0,0,0.0,0,0,0.3128615779970152,0.296386948054056,0.5589532056457451,0.36763344967372374,0.1524989398641029,20,1,0.021428571428571463,0.983,68.1,B,0.2952202436738519,5.758718939586668,0.43484979030430454,0.27476589336915835,12,5,0,0.3,0.32142857142857145,0.5130183220829315,0.33461909353905495,0.1523625843780135,0.2936802973977695,0.3108108108108108,0.29347826086956524,0.29693486590038315,0.2682926829268293,45,0.3584905660377358,60,True,False,0.6229792015193532,-0.01712319304209109,2.611111111111111,2.9166666666666665,36,,,,,,,-0.07357181702988043,20,3.57,1.09,68.0,4.0,5.0,73.0,14.0,0.0,0.0,0.0,12.0,SP,12.0,279.0,60.0,23.2,9.66,1.85,7.94,1.46,23.43423843698862,0.0251039915227379,5,0.625,2.0,7,7,1,1,0.0,4.0,0.15104160886647602,0.3076923076923077,0.14,0.07,0.42207792207792205,0.28670129870129873,0.20689655172413793,3.761,0.2989308918554812
630105,Jake Cronenworth,L,SD,2,Landen Roupp,R,694738,823270,SF @ SD,1:10 PM,02/08,Scheduled,0.6057940311153397,,,,False,1110110101,estimated,6,1,0.16666666666666666,1,2024,0.2649156290125982,0.37714245989755113,0.3731541051310675,0.41131567543348246,0.23357741453257314,20,1,0.01462243561763421,0.954,65.3,B,0.2772523643603783,2.039794422563589,0.303065598638351,0.2207891036263508,20,5,0,0.20689655172413793,0.22151898734177214,0.5383466135458167,0.25747011952191234,0.20418326693227093,0.19212962962962962,0.2202797202797203,0.20502092050209206,0.20014398848092152,0.17757009345794392,122,0.275,94,False,False,0.6287134321555828,-0.022919401040243148,3.280701754385965,3.789473684210526,57,,,,,,,-0.12910941551970642,20,4.12,1.26,113.2,7.0,9.0,114.0,48.0,0.0,0.0,0.0,21.0,SP,21.0,475.0,95.0,22.6,9.03,3.8,7.52,0.63,22.68196917403796,0.01346596888466034,5,0.7142857142857143,-15.0,5,6,0,1,0.0,4.55,0.07995231184138102,0.23369565217391305,0.20982142857142858,0.125,0.3905109489051095,0.3068211678832117,0.21610169491525424,4.348,0.32086721293973025
514888,José Altuve,R,HOU,4,Kumar Rocker,R,677958,824163,TEX @ HOU,11:10 AM,02/08,Scheduled,0.6051287510258269,,,,False,1010001100,estimated,0,0,0.0,0,0,0.19414361659077883,0.2425888017503041,0.3105734076911742,0.24609751022925183,0.20660627547174837,20,1,-0.05389830508474577,0.998,48.6,D,0.2616933096506809,2.795413054106867,0.4038878127862497,0.22683743361231498,20,6,0,0.27,0.21610169491525424,0.5628706998813761,0.38256227758007116,0.054567022538552785,0.22088655146506386,0.21668597914252608,0.18770226537216828,0.21508379888268156,0.23333333333333334,227,0.23015873015873015,143,False,False,0.6059556575206576,-0.0008269064948307481,3.9069767441860463,4.3023255813953485,86,,,,,,,-0.03750393844706153,20,4.03,1.29,102.2,4.0,8.0,93.0,38.0,0.0,0.0,0.0,18.0,SP,20.0,436.0,94.0,21.8,8.15,3.33,8.24,1.14,21.995090734140856,0.00877124897417314,5,0.625,7.0,6,6,1,1,0.0,4.35,0.05146215887119736,0.22417582417582418,0.21157684630738524,0.07385229540918163,0.3504297994269341,0.287560888252149,0.2,4.159,0.3449035819399034
665052,Griffin Conine,L,MIA,6,Robert Stock,R,476594,823592,MIA @ NYM,10:40 AM,02/08,Scheduled,0.6050845196374336,,,,False,0100111011,estimated,0,0,0.0,0,0,0.35721508652250195,0.4392539759801898,0.6921725056334149,0.4726337922955768,0.24248798560444676,20,1,0.006552006552006551,0.949,,,,,,,0,0,0,0.2727272727272727,0.27927927927927926,,,,0.28065395095367845,0.2517482517482518,0.23783783783783785,0.26040428061831156,0.29850746268656714,76,0.2545454545454545,63,False,False,0.6058332915284422,-0.0007487718910086372,2.772727272727273,3.159090909090909,44,,,,,,,0.25087355970368214,20,,,,,,,,,,,,,,,,,,,,,,-0.024655948208862077,7,0.875,-4.0,6,7,0,1,0.0,4.12,0.09542802143722336,0.26229508196721313,0.2997032640949555,0.0830860534124629,0.4632352941176471,0.3197892156862745,,3.895,0.31147965071251243
683002,Gunnar Henderson,L,BAL,3,Zack Wheeler,R,554430,824807,PHI @ BAL,10:35 AM,02/08,Scheduled,0.6047243808013367,-138.0,144.0,58.0,False,1101010111,estimated,0,0,0.0,0,0,0.20535840739305983,0.34835275517641323,0.534261438099785,0.3382134231497128,0.27917076775550825,20,1,-0.011275199249882795,1.044,85.0,A,0.29615861214374223,5.896894577864896,0.34898283162160865,0.3350981035680971,17,6,0,0.22962962962962963,0.21835443037974683,0.6164807930607187,0.22490706319702602,0.15861214374225527,0.20514064015518912,0.20667870036101083,0.1703601108033241,0.19876891510643754,0.21708185053380782,302,0.22941176470588234,199,False,False,0.632858866611956,-0.02813448581061928,4.137614678899083,4.5963302752293576,109,,,,,,,0.03621341837961012,20,2.53,0.92,103.0,10.0,2.0,123.0,23.0,0.0,0.0,0.0,17.0,SP,17.0,396.0,72.0,23.3,10.75,2.01,6.29,1.14,23.06147852406809,0.03406311919866334,8,1.0,-15.0,7,6,1,1,0.0,4.45,0.05922079580970688,0.22587268993839835,0.2265193370165746,0.07734806629834254,0.4478021978021978,0.30265384615384616,0.19090909090909092,4.248,0.3091512567157343
686611,Dylan Crews,R,WSH,5,Jr Ritchie,R,702275,824891,WSH @ ATL,10:35 AM,02/08,Scheduled,0.6045627543960189,,,,False,0110111011,estimated,0,0,0.0,0,0,0.2293266758846393,0.2936115120159262,0.4230117900534069,0.35437952303423337,0.28762177764622376,20,1,-0.13817878028404346,1.018,49.4,D,0.266384778012685,1.6315135726843062,0.36185997003616716,0.2104080605863932,13,12,0,0.3111111111111111,0.17293233082706766,0.4840764331210191,0.3481953290870488,0.16772823779193205,0.23068309070548712,0.20319634703196346,0.33678756476683935,0.23591087811271297,0.23809523809523808,138,0.21649484536082475,110,False,True,0.5987203678696688,0.005842386526350163,3.7796610169491527,4.203389830508475,59,,,,,,,-0.20013795281929447,20,4.5,1.41,54.0,1.0,2.0,49.0,33.0,1.0,0.0,1.0,7.0,SP,13.0,236.0,43.0,18.2,8.17,5.5,7.17,1.5,16.90848698049998,-0.006205611538875999,7,0.7777777777777778,9.0,7,7,1,1,0.0,4.25,0.11616681691548397,0.21627906976744185,0.23492723492723494,0.08108108108108109,0.4148264984227129,0.3081892744479495,0.20481927710843373,4.023,0.3021698882630711
702222,Justin Crawford,L,PHI,9,Kyle Bradish,R,680694,824807,PHI @ BAL,10:35 AM,02/08,Scheduled,0.6045627543960189,,,,False,0100110111,estimated,0,0,0.0,0,0,0.23190908955910286,0.30875382962156406,0.2659021560965722,0.28663755114240425,0.13358582926174237,20,1,0.051530414567996924,1.044,54.6,C,0.2776927003573252,2.1942815248265184,0.38794885619268465,0.2159625329941029,20,6,0,0.20689655172413793,0.25842696629213485,0.5168539325842697,0.48314606741573035,0.0,0.24957118353344768,0.2857142857142857,0.23214285714285715,0.25528364849833146,0.28,162,0.22602739726027396,158,True,False,0.5799198238947383,0.024642930501280635,3.051546391752577,3.2989690721649483,97,,,,,,,-0.0031501438479679725,20,3.74,1.36,118.0,7.0,9.0,114.0,52.0,0.0,0.0,0.0,21.0,SP,21.0,501.0,109.0,23.9,8.69,3.97,8.31,0.92,24.32705421236846,0.004515023381758909,9,1.0,-3.0,7,6,1,1,0.0,3.76,0.028662208078457468,0.2565789473684211,0.20426829268292682,0.054878048780487805,0.33544303797468356,0.30319831223628696,0.24060150375939848,3.443,0.32289962608493045
643217,Andrew Benintendi,L,CWS,5,Griffin Jax,R,643377,822943,CWS @ TB,10:40 AM,02/08,Scheduled,0.6045627543960189,,,,False,1001011110,estimated,10,3,0.3,1,2023,0.2896981079231562,0.29805865031077994,0.36189690118805085,0.4023044087732962,0.30212952627922524,20,1,0.02777777777777779,0.96,64.6,C,0.3097412480974125,3.8770291189912416,0.4038218735214904,0.2774986284761015,20,5,0,0.2222222222222222,0.25,0.41807044410413474,0.3445635528330781,0.23736600306278713,0.23905723905723905,0.21779141104294478,0.227765726681128,0.23113410952996982,0.23204419889502761,199,0.2711864406779661,135,False,False,0.621695987509041,-0.01713323311302206,3.082474226804124,3.443298969072165,97,,,,,,,0.12793942738156738,20,3.74,1.23,86.2,6.0,8.0,92.0,30.0,0.0,2.0,2.0,17.0,SP,28.0,358.0,77.0,12.8,9.55,3.12,8.0,1.35,18.621191787184095,-0.0005627543960189385,6,0.6666666666666666,-11.0,7,7,0,1,0.0,4.25,0.08377212724945513,0.25263157894736843,0.2376470588235294,0.08235294117647059,0.44922341696535245,0.3321182795698925,0.25,4.023,0.2588348360463079
641857,Ryan Mcmahon,L,NYY,8,Colin Rea,R,607067,824648,NYY @ CHC,11:20 AM,02/08,Scheduled,0.6045627543960189,,,,False,1110000100,estimated,0,0,0.0,0,0,0.17996184197078063,0.4029213501078203,0.6339137430484759,0.25482084896872087,0.30621317953264854,20,2,-0.10882352941176471,0.983,44.1,D,0.2637837837837838,1.9310164356616257,0.3844604138596893,0.16116828148376242,20,5,0,0.3,0.19117647058823528,0.5594594594594594,0.2556756756756757,0.18486486486486486,0.1844769403824522,0.20675105485232068,0.19895287958115182,0.19150285351934052,0.15702479338842976,130,0.25663716814159293,124,False,False,0.5683532605658156,0.03620949383020333,2.819277108433735,3.0602409638554215,83,,,,,,,-0.08067896095398217,20,4.67,1.4,111.2,8.0,7.0,83.0,40.0,1.0,0.0,1.0,18.0,SP,22.0,486.0,116.0,22.1,6.69,3.22,9.35,1.37,22.969772186507374,-0.021796087729352265,6,0.75,39.0,7,7,1,1,0.0,3.88,0.022760492531778632,0.21637426900584794,0.31648936170212766,0.07712765957446809,0.5257847533632287,0.3425545590433483,0.2980392156862745,3.599,0.3006305881233481
553993,Eugenio Suárez,R,CIN,4,Mitch Keller,R,656605,824483,PIT @ CIN,10:40 AM,02/08,Scheduled,0.6030693438003442,,,,False,0110001001,estimated,7,0,0.0,1,2023,0.15656162810873453,0.3624122473045538,0.6713905005956267,0.4252239286201982,0.4699738352411051,20,1,-0.033079625292740056,1.083,34.4,F,0.2611324903793293,2.250926709205063,0.43509531890392383,0.18218933473744403,20,6,0,0.22950819672131148,0.19642857142857142,0.5682068206820682,0.3404840484048405,0.09130913091309131,0.21124497991967872,0.2171344165435746,0.1896551724137931,0.21047751506722298,0.22485207100591717,186,0.1724137931034483,130,False,False,0.5748133698825142,0.02825597391782997,3.607594936708861,4.0,79,,,,,,,-0.10620778405821732,20,4.83,1.31,113.2,6.0,7.0,87.0,38.0,0.0,0.0,0.0,21.0,SP,21.0,487.0,111.0,23.2,6.89,3.01,8.79,1.03,23.027725276251157,0.004530656199655869,5,0.625,6.0,6,8,1,1,0.0,4.35,0.08044816138526992,0.20588235294117646,0.36475409836065575,0.08196721311475409,0.35542929292929293,0.3133415404040404,0.19607843137254902,4.159,0.34753713900434463
543760,Marcus Semien,R,NYM,7,Sandy Alcántara,R,645261,823592,MIA @ NYM,10:40 AM,02/08,Scheduled,0.6015553174412811,,,,False,1001100101,estimated,6,3,0.5,1,2023,0.215128114938242,0.29474455573201985,0.40100083969854877,0.26805939050651284,0.3212409156921781,20,1,0.030261969286359547,0.949,63.0,C,0.2702702702702703,2.9865326399112417,0.35840728210305794,0.1897982654393428,20,5,0,0.18518518518518517,0.21544715447154472,0.5963668586619406,0.19627824545857334,0.20735489587948605,0.21770551038843722,0.1749710312862109,0.21311475409836064,0.20008992805755396,0.19786096256684493,203,0.22142857142857142,156,False,False,0.5799198238947383,0.021635493546542817,3.5543478260869565,3.902173913043478,92,,,,,,,0.047304355030978275,20,3.82,1.21,150.2,11.0,6.0,115.0,39.0,0.0,0.0,0.0,23.0,SP,23.0,625.0,143.0,27.2,6.87,2.33,8.54,1.02,27.319457506964657,-0.04667198410794782,6,0.6666666666666666,13.0,7,8,0,1,0.0,4.0,0.036911344581257555,0.22119815668202766,0.18969072164948453,0.07216494845360824,0.3516081871345029,0.3155921052631579,0.26495726495726496,3.761,0.31057595184526077
605170,Víctor Caratini,L,MIN,6,George Kirby,R,669923,823107,MIN @ SEA,1:10 PM,02/08,Scheduled,0.6015553174412811,,,,False,1000110000,estimated,7,2,0.2857142857142857,1,2024,0.16555979690675945,0.2780410858895769,0.40227314794964697,0.19908025537556928,0.2854706199652594,20,1,0.07970725216234195,0.906,55.3,C,0.2714757709251101,4.981789622994654,0.4214914584259961,0.22097746128116122,20,6,0,0.17777777777777778,0.25748502994011974,0.5350248207391064,0.39327082184225043,0.07170435741864313,0.2167019027484144,0.24263038548752835,0.2391304347826087,0.22761849034523113,0.2222222222222222,161,0.23770491803278687,138,False,False,0.5987203678696688,0.002834949571612344,3.1728395061728394,3.691358024691358,81,,,,,,,-0.18570463549307614,20,3.98,1.3,120.0,8.0,9.0,107.0,25.0,0.0,0.0,0.0,20.0,SP,20.0,497.0,131.0,24.9,8.03,1.88,9.83,1.13,24.588135964408472,-0.02705531744128098,7,1.0,-10.0,7,6,0,1,0.0,4.12,0.018944199581235034,0.23595505617977527,0.19424460431654678,0.08633093525179857,0.39890909090909094,0.30700363636363637,0.2697095435684647,3.895,0.33998943548983895
656941,Kyle Schwarber,L,PHI,2,Kyle Bradish,R,680694,824807,PHI @ BAL,10:35 AM,02/08,Scheduled,0.6003013766828578,-163.0,170.0,62.0,False,0001111100,estimated,6,1,0.16666666666666666,1,2023,0.19880159774330353,0.3988197221970155,0.4528727735705979,0.33545302562671714,0.35169860746845844,20,1,-0.011370760900541482,1.044,54.6,C,0.2776927003573252,2.1942815248265184,0.38794885619268465,0.2159625329941029,20,6,0,0.25517241379310346,0.24380165289256198,0.5168539325842697,0.48314606741573035,0.0,0.2524330900243309,0.21674876847290642,0.18762475049900199,0.2286348501664817,0.25206611570247933,283,0.2413793103448276,180,False,False,0.5961515140659067,0.00414986261695105,3.7211538461538463,4.451923076923077,104,,,,,,,-0.13964308691178665,20,3.74,1.36,118.0,7.0,9.0,114.0,52.0,0.0,0.0,0.0,21.0,SP,21.0,501.0,109.0,23.9,8.69,3.97,8.31,0.92,24.32705421236846,0.01812084553936444,9,1.0,-3.0,7,6,1,1,0.0,4.55,0.16154661008603038,0.24168514412416853,0.35283018867924526,0.12641509433962264,0.5246212121212122,0.38180492424242424,0.24060150375939848,4.348,0.32289962608493045
646240,Rafael Devers,L,SF,4,Mike King,R,650633,823270,SF @ SD,1:10 PM,02/08,Scheduled,0.5999516445889896,-138.0,144.0,58.0,False,1110010101,estimated,5,1,0.2,1,2022,0.2646153310819652,0.31499568223244934,0.476574329443482,0.30049876834956396,0.1786747529016729,20,1,0.054752739117559984,0.954,68.3,B,0.2852216748768473,2.161377032259961,0.322687093471506,0.20493064572233569,20,5,0,0.20909090909090908,0.26384364820846906,0.4714285714285714,0.2458128078817734,0.2827586206896552,0.2314647377938517,0.21649484536082475,0.27839643652561247,0.23712230215827337,0.23577235772357724,272,0.26900584795321636,196,False,False,0.6188686664368176,-0.018917021847827953,3.790909090909091,4.254545454545455,110,,,,,,,0.07353652237048901,20,3.38,1.17,125.1,6.0,7.0,109.0,50.0,0.0,0.0,0.0,22.0,SP,22.0,515.0,97.0,23.4,7.83,3.59,6.97,0.93,23.783289580222306,-0.01125164458898964,6,0.8571428571428571,7.0,6,7,0,1,0.0,4.35,0.13974757282013625,0.24507658643326038,0.275390625,0.087890625,0.5123945147679324,0.32441772151898735,0.20938628158844766,4.159,0.31348301546667906
662139,Daulton Varsho,L,TOR,7,Matthew Liberatore,L,669461,822783,STL @ TOR,10:37 AM,02/08,Pre-Game,0.5993906431303627,,,,False,1011101101,estimated,0,0,0.0,0,0,0.24350703052777511,0.2574812656032948,0.2531403893539517,0.2740051778009585,0.15128556811658955,20,1,-0.04166666666666666,0.995,39.3,D,0.2810615199034982,2.727903277136824,0.4273336198094741,0.2348532397350715,20,6,0,0.21212121212121213,0.2537878787878788,0.44659022329511167,0.4049487024743512,0.14846107423053712,0.2622601279317697,0.23690773067331672,0.20921985815602837,0.24859663191659984,0.24615384615384617,214,0.24444444444444444,149,False,False,0.5988246465005546,0.0005659966298081631,3.5869565217391304,3.9456521739130435,92,,,,,,,0.014692656833800432,20,5.26,1.56,102.2,5.0,8.0,100.0,40.0,0.0,0.0,0.0,21.0,SP,21.0,456.0,120.0,21.7,8.77,3.51,10.52,1.67,21.58258158709563,0.003089356869637405,5,0.7142857142857143,17.0,7,6,0,1,0.0,4.0,0.07302380035187707,0.2420091324200913,0.200836820083682,0.06694560669456066,0.3925438596491228,0.29512134502923976,0.30851063829787234,3.761,0.33929815095861576
687093,Vaughn Grissom,R,LAA,5,Jacob Misiorowski,R,694819,823996,MIL @ LAA,12:15 PM,02/08,Scheduled,0.5987381366641489,,,,False,1011011110,estimated,0,0,0.0,0,0,0.2992221090658816,0.3536198471018106,0.46410944911801844,0.4120088247167685,0.22116811939372008,20,1,0.002279202279202308,0.979,92.6,A,0.3638483965014577,8.442050643981068,0.37175444686389014,0.42139435246265405,19,7,0,0.25925925925925924,0.26153846153846155,0.780630105017503,0.20478413068844808,0.014585764294049008,0.2337011033099298,0.2314990512333966,0.25,0.23498845265588914,0.26119402985074625,152,0.25961538461538464,117,False,False,0.6438766480819845,-0.04513851141783565,3.449275362318841,3.898550724637681,69,,,,,,,0.19046442844580042,20,1.58,0.75,120.0,11.0,4.0,185.0,28.0,0.0,0.0,0.0,20.0,SP,20.0,456.0,62.0,22.8,13.88,2.1,4.65,0.75,22.610386988653033,0.042261863335851135,5,0.625,7.0,7,6,1,1,0.0,4.25,0.06816720268880583,0.2419753086419753,0.17777777777777778,0.06888888888888889,0.3747179487179487,0.32222153846153845,0.20670391061452514,4.023,0.31483620192533673
700932,Kyle Manzardo,L,CLE,7,Merrill Kelly,R,518876,824404,AZ @ CLE,10:40 AM,02/08,Scheduled,0.5987203678696688,,,,False,0100001101,estimated,0,0,0.0,0,0,0.20527199818097416,0.3284581405609255,0.4644569403285879,0.3125771165067496,0.3448058636202805,20,1,0.021402089652847983,0.987,24.0,F,0.244,1.9754196899109453,0.47078545664289745,0.15932091916391752,19,6,0,0.1956521739130435,0.21705426356589147,0.5103211009174312,0.22190366972477063,0.2677752293577982,0.2078907435508346,0.19168900804289543,0.20466321243523317,0.20300446609825415,0.21893491124260356,193,0.2074074074074074,154,False,False,0.5573577503471976,0.04136261752247117,3.04,3.47,100,,,,,,,-0.20672034264340639,20,4.86,1.45,109.1,8.0,8.0,71.0,42.0,0.0,0.0,0.0,19.0,SP,19.0,473.0,116.0,24.9,5.84,3.46,9.55,1.81,24.46677939072583,-0.033670367869668816,6,0.6666666666666666,24.0,7,7,1,1,0.0,4.0,0.0632811996245221,0.20580474934036938,0.3191489361702128,0.0851063829787234,0.4057377049180328,0.3068811475409836,0.26639344262295084,3.761,0.31810737317132626
673357,Luis Robert,R,NYM,5,Sandy Alcántara,R,645261,823592,MIA @ NYM,10:40 AM,02/08,Scheduled,0.5987203678696688,,,,False,0101001010,estimated,7,0,0.0,1,2023,0.11249625927185862,0.2459516908917381,0.42170293850013807,0.13575953686066897,0.2907312502026607,20,2,0.10090415913200725,0.949,63.0,C,0.2702702702702703,2.9865326399112417,0.35840728210305794,0.1897982654393428,20,5,0,0.11428571428571428,0.21518987341772153,0.5963668586619406,0.19627824545857334,0.20735489587948605,0.1797979797979798,0.14678899082568808,0.14516129032258066,0.16548463356973994,0.16176470588235295,77,0.21739130434782608,52,False,False,0.5829032532788782,0.015817114590790604,3.4545454545454546,3.909090909090909,33,,,,,,,-0.22872214255130982,20,3.82,1.21,150.2,11.0,6.0,115.0,39.0,0.0,0.0,0.0,23.0,SP,23.0,625.0,143.0,27.2,6.87,2.33,8.54,1.02,27.319457506964657,-0.02845370120300217,6,0.6666666666666666,13.0,7,8,0,1,0.0,4.25,0.11123889823000065,0.23820754716981132,0.24,0.08842105263157894,0.41451612903225804,0.3299881720430108,0.26495726495726496,4.023,0.31057595184526077
656555,Rhys Hoskins,R,CLE,5,Merrill Kelly,R,518876,824404,AZ @ CLE,10:40 AM,02/08,Scheduled,0.5985829663377399,,,,False,0110000011,estimated,6,2,0.3333333333333333,1,2024,0.2198264642864978,0.3681146756216515,0.4780579115209153,0.3569463844076007,0.3497039954680262,20,1,0.09984332716137302,0.987,24.0,F,0.244,1.9754196899109453,0.47078545664289745,0.15932091916391752,19,6,0,0.11864406779661017,0.2184873949579832,0.5103211009174312,0.22190366972477063,0.2677752293577982,0.15784586815227483,0.18243243243243243,0.10328638497652583,0.160042395336513,0.183206106870229,154,0.1509433962264151,135,False,False,0.5658889491022914,0.032694017235448514,2.788235294117647,3.4,85,,,,,,,-0.18438760758670505,20,4.86,1.45,109.1,8.0,8.0,71.0,42.0,0.0,0.0,0.0,19.0,SP,19.0,473.0,116.0,24.9,5.84,3.46,9.55,1.81,24.46677939072583,-0.03079963300440658,6,0.6666666666666666,24.0,7,7,1,1,0.0,4.25,0.13934234377293708,0.18072289156626506,0.314214463840399,0.1371571072319202,0.4300161812297734,0.2643495145631068,0.28651685393258425,4.023,0.31810737317132626
650859,Luis Rengifo,L,SD,6,Landen Roupp,R,694738,823270,SF @ SD,1:10 PM,02/08,Scheduled,0.598333397731392,,,,False,1111100110,estimated,0,0,0.0,0,0,0.3532333936176427,0.34258767789501265,0.44445293208917974,0.4164210540113044,0.13565558355292195,20,1,-0.013098039215686252,0.954,65.3,B,0.2772523643603783,2.039794422563589,0.303065598638351,0.2207891036263508,20,5,0,0.24509803921568626,0.232,0.5383466135458167,0.25747011952191234,0.20418326693227093,0.2326388888888889,0.22167487684729065,0.19642857142857142,0.22776711452335252,0.21951219512195122,137,0.25961538461538464,124,False,False,0.6276691743303934,-0.02933577659900133,3.289855072463768,3.782608695652174,69,,,,,,,0.15394459642742314,20,4.12,1.26,113.2,7.0,9.0,114.0,48.0,0.0,0.0,0.0,21.0,SP,21.0,475.0,95.0,22.6,9.03,3.8,7.52,0.63,22.68196917403796,0.01170660226860798,5,0.7142857142857143,-15.0,5,6,0,1,0.0,4.12,0.13634887491247194,0.2351421188630491,0.1597222222222222,0.08333333333333333,0.3474842767295597,0.2870125786163522,0.21610169491525424,3.895,0.32086721293973025
701678,Hao-Yu Lee,R,DET,7,Gage Jump,L,695611,824971,DET @ ATH,1:05 PM,02/08,Scheduled,0.5980758746095459,,,,False,1111111100,estimated,0,0,0.0,0,0,0.29715387297194595,0.31078996385677654,0.4930178902792108,0.4293795381352323,0.258301680007545,20,2,-0.041468782578477914,0.977,44.8,D,0.28677839851024206,2.751668795605044,0.4285918896365957,0.27065830868283186,12,5,0,0.24719101123595505,0.28865979381443296,0.5065420560747663,0.4205607476635514,0.07289719626168224,0.23030303030303031,0.25153374233128833,0.2366412213740458,0.23724261414503134,0.28125,101,0.25555555555555554,97,True,True,0.5922334880831959,0.005842386526350052,2.8615384615384616,3.046153846153846,65,,,,,,,0.010966600848730851,20,4.0,1.4,63.0,4.0,6.0,68.0,25.0,0.0,0.0,0.0,12.0,SP,12.0,267.0,63.0,22.2,9.71,3.57,9.0,1.0,22.17864954429283,-0.0030092079428791774,6,0.6666666666666666,-17.0,7,6,1,1,0.0,4.0,0.060331964717365724,0.26842105263157895,0.24752475247524752,0.04950495049504951,0.3880952380952381,0.3069928571428571,0.26436781609195403,3.761,0.3646801872283064
572233,Christian Walker,R,HOU,6,Kumar Rocker,R,677958,824163,TEX @ HOU,11:10 AM,02/08,Scheduled,0.5940554236442308,-144.0,150.0,59.0,False,0111011111,estimated,5,0,0.0,1,2026,0.23829850070855135,0.33571489208549404,0.33743123120001917,0.4464234849610828,0.3296421364737237,20,1,-0.030946442635862464,0.998,48.6,D,0.2616933096506809,2.795413054106867,0.4038878127862497,0.22683743361231498,20,6,0,0.25961538461538464,0.22866894197952217,0.5628706998813761,0.38256227758007116,0.054567022538552785,0.20795454545454545,0.2253141831238779,0.26582278481012656,0.21961152882205515,0.2336065573770492,271,0.24183006535947713,172,False,False,0.5944423937825075,-0.0003869701382767099,3.710280373831776,4.140186915887851,107,,,,,,,0.12443398310306461,20,4.03,1.29,102.2,4.0,8.0,93.0,38.0,0.0,0.0,0.0,18.0,SP,20.0,436.0,94.0,21.8,8.15,3.33,8.24,1.14,21.995090734140856,0.005204576355769208,5,0.625,7.0,6,6,1,1,0.0,4.12,0.08237991574379726,0.22954545454545455,0.24948453608247423,0.06804123711340206,0.4231974921630094,0.30252978056426333,0.2,3.895,0.3449035819399034
573262,Mike Yastrzemski,L,ATL,7,Cade Cavalli,R,676917,824891,WSH @ ATL,10:35 AM,02/08,Scheduled,0.5929822599742045,,,,False,0010100011,estimated,5,0,0.0,1,2025,0.23360852349695715,0.34292278999755954,0.4359483316624175,0.3503964783145993,0.32346134418410605,20,1,0.11228813559322035,1.018,64.1,C,0.29809725158562367,4.028613892286458,0.4256753589163245,0.26481726383842463,20,5,0,0.125,0.23728813559322035,0.5389094759131816,0.38433033350979356,0.07676019057702488,0.2196478220574606,0.1690427698574338,0.2489451476793249,0.21090308370044053,0.23015873015873015,138,0.23015873015873015,147,False,False,0.5765959248978753,0.01638633507632925,2.6808510638297873,3.0319148936170213,94,,,,,,,-0.03822005670937307,20,3.55,1.29,116.2,8.0,4.0,130.0,36.0,0.0,0.0,0.0,23.0,SP,23.0,503.0,115.0,21.9,10.03,2.78,8.87,0.77,22.08756791953745,0.009403454311509685,7,0.7777777777777778,4.0,7,8,1,1,0.0,4.0,0.07569439678459325,0.2316715542521994,0.20918367346938777,0.1096938775510204,0.4413127413127413,0.306027027027027,0.2681992337164751,3.761,0.31880757873558524
665926,Andrés Giménez,L,TOR,8,Matthew Liberatore,L,669461,822783,STL @ TOR,10:37 AM,02/08,Pre-Game,0.5915743213098523,,,,False,0000110010,estimated,0,0,0.0,0,0,0.19533355460920546,0.31397948729122865,0.1831721040704393,0.2545174136247568,0.1781824411664223,20,1,0.1119851576994434,0.995,39.3,D,0.2810615199034982,2.727903277136824,0.4273336198094741,0.2348532397350715,20,6,0,0.32653061224489793,0.21454545454545454,0.44659022329511167,0.4049487024743512,0.14846107423053712,0.2545454545454545,0.22580645161290322,0.18360655737704917,0.23557692307692307,0.2634730538922156,181,0.19745222929936307,171,False,False,0.5799309021753369,0.011643419134515387,3.24,3.52,100,,,,,,,-0.09282528650838578,20,5.26,1.56,102.2,5.0,8.0,100.0,40.0,0.0,0.0,0.0,21.0,SP,21.0,456.0,120.0,21.7,8.77,3.51,10.52,1.67,21.58258158709563,-0.006934321309852387,5,0.7142857142857143,17.0,7,6,0,1,0.0,3.88,0.01194524649274793,0.2372448979591837,0.19212962962962962,0.03935185185185185,0.25501618122977343,0.29341747572815535,0.30851063829787234,3.599,0.33929815095861576
695720,Thomas White,R,ATH,4,Keider Montero,R,672456,824971,DET @ ATH,1:05 PM,02/08,Scheduled,0.5914700426789664,,,,False,0101010001,estimated,0,0,0.0,0,0,0.2866513032700979,0.3326202089614704,0.33359735329867135,0.2984831820668481,0.14945485675531547,14,1,-0.23252032520325203,0.977,82.8,A,0.27125,4.856373999438966,0.33912020320310216,0.20368364073849918,20,6,0,0.36585365853658536,0.13333333333333333,0.5382685069008782,0.32747804265997493,0.1342534504391468,0.2727272727272727,0.23529411764705882,0.2727272727272727,0.26331360946745563,0.2903225806451613,32,0.32,26,True,False,0.5944423937825075,-0.0029723511035411043,4.0,4.142857142857143,14,,,,,,,-0.043828941142371285,14,3.34,1.02,110.1,7.0,6.0,79.0,23.0,1.0,0.0,1.0,17.0,SP,23.0,443.0,89.0,19.3,6.44,1.88,7.26,0.9,17.954657890021068,0.006492457321033651,8,1.0,-3.0,6,7,1,1,0.0,4.35,0.02958580066648778,,,,,,0.21465968586387435,4.159,0.2916429598225816
701675,Nathan Church,L,STL,8,Max Scherzer,R,453286,822783,STL @ TOR,10:37 AM,02/08,Pre-Game,0.5910830725406897,,,,False,0010010011,estimated,0,0,0.0,0,0,0.13139887841864373,0.3029702588958548,0.32595891869491883,0.16692808851499516,0.21505365567338133,20,1,0.033180241822101414,0.995,25.8,F,0.2055888223552894,1.2256831259977927,0.3806848687482133,0.16375034234877564,7,6,0,0.19148936170212766,0.22466960352422907,0.476,0.35,0.174,0.2445759368836292,0.2079646017699115,0.26062322946175637,0.23835616438356164,0.28169014084507044,155,0.15151515151515152,141,False,False,0.5670485310705194,0.024034541470170256,3.186046511627907,3.441860465116279,86,,,,,,,-0.18232241677512123,20,9.49,1.82,24.2,1.0,4.0,18.0,14.0,0.0,0.0,0.0,7.0,SP,7.0,117.0,31.0,16.7,6.57,5.11,11.31,3.28,16.694239216172473,-0.029340215397832492,7,0.875,18.0,7,7,0,1,0.0,3.88,0.02957143636818324,0.21965317919075145,0.2073490813648294,0.06036745406824147,0.333083645443196,0.26937827715355805,0.3333333333333333,3.599,0.32087843469655114
621438,Tyrone Taylor,R,NYM,8,Sandy Alcántara,R,645261,823592,MIA @ NYM,10:40 AM,02/08,Scheduled,0.5910830725406897,,,,False,1101110001,estimated,0,0,0.0,0,0,0.29342236741029837,0.3675911969620056,0.569487440389238,0.401988570994624,0.280544257208271,20,1,-0.042156862745098056,0.949,63.0,C,0.2702702702702703,2.9865326399112417,0.35840728210305794,0.1897982654393428,20,5,0,0.25882352941176473,0.21666666666666667,0.5963668586619406,0.19627824545857334,0.20735489587948605,0.24497991967871485,0.21694915254237288,0.2524271844660194,0.2361419068736142,0.2647058823529412,76,0.22077922077922077,84,False,False,0.5824861286643802,0.008596943876309493,2.457627118644068,2.711864406779661,59,,,,,,,0.16053558412963817,20,3.82,1.21,150.2,11.0,6.0,115.0,39.0,0.0,0.0,0.0,23.0,SP,23.0,625.0,143.0,27.2,6.87,2.33,8.54,1.02,27.319457506964657,-0.041966405874023116,6,0.6666666666666666,13.0,7,8,0,1,0.0,3.88,0.10305440329692424,0.22388059701492538,0.2086720867208672,0.051490514905149054,0.3530361757105943,0.3098953488372093,0.26495726495726496,3.599,0.31057595184526077
656775,Cedric Mullins,L,TB,4,Anthony Kay,L,641743,822943,CWS @ TB,10:40 AM,02/08,Scheduled,0.5909580027964328,,,,False,0110101011,estimated,0,0,0.0,0,0,0.16213235936421572,0.19029520348912732,0.1833339794823931,0.25117119057773024,0.23981813714787983,20,2,0.06385696040868452,0.96,54.0,C,0.26346356916578667,2.360038775002667,0.3794729606694877,0.19868611379626921,20,5,0,0.25925925925925924,0.19540229885057472,0.5755015839493136,0.28141499472016895,0.14308342133051744,0.19144307469180566,0.21465968586387435,0.20078740157480315,0.19919246298788695,0.20689655172413793,197,0.20567375886524822,164,False,False,0.5979715959786601,-0.0070135931822272735,3.4615384615384617,3.967032967032967,91,,,,,,,-0.06825344064375134,20,4.25,1.36,103.2,7.0,5.0,87.0,41.0,0.0,0.0,0.0,20.0,SP,22.0,467.0,100.0,21.2,7.55,3.56,8.68,1.22,21.303631651730925,-0.01489133612976623,6,0.8571428571428571,8.0,7,6,0,1,0.0,4.35,0.05533664694523665,0.19896640826873385,0.21017699115044247,0.09955752212389381,0.3146118721461187,0.24210787671232875,0.18181818181818182,4.159,0.2824065996224369
672275,Patrick Bailey,L,CLE,8,Merrill Kelly,R,518876,824404,AZ @ CLE,10:40 AM,02/08,Scheduled,0.5903091275395566,,,,False,0011100000,estimated,16,4,0.25,1,2023,0.16145109325126186,0.29482413042413735,0.40202126440439295,0.23863320754406148,0.27429876085890786,20,1,-0.044817927170868355,0.987,24.0,F,0.244,1.9754196899109453,0.47078545664289745,0.15932091916391752,19,6,0,0.23529411764705882,0.19047619047619047,0.5103211009174312,0.22190366972477063,0.2677752293577982,0.1814404432132964,0.19210526315789472,0.13805970149253732,0.1781818181818182,0.16822429906542055,115,0.2222222222222222,112,False,False,0.5615055487875421,0.028803578752014447,2.942857142857143,3.242857142857143,70,,,,,,,-0.1251541546978911,20,4.86,1.45,109.1,8.0,8.0,71.0,42.0,0.0,0.0,0.0,19.0,SP,19.0,473.0,116.0,24.9,5.84,3.46,9.55,1.81,24.46677939072583,-0.027742460872889785,6,0.6666666666666666,24.0,7,7,1,1,0.0,3.88,0.053403886297585884,0.22133333333333333,0.2591687041564792,0.06356968215158924,0.37515489467162333,0.30442936802973974,0.26639344262295084,3.599,0.31810737317132626
663586,Austin Riley,R,ATL,6,Cade Cavalli,R,676917,824891,WSH @ ATL,10:35 AM,02/08,Scheduled,0.5896896273735339,,,,False,1110100011,estimated,0,0,0.0,0,0,0.22352609089637104,0.35105688862321516,0.4899504446620906,0.4027259999652973,0.40889698302503763,20,1,0.03524300841705133,1.018,64.1,C,0.29809725158562367,4.028613892286458,0.4256753589163245,0.26481726383842463,20,5,0,0.19310344827586207,0.2283464566929134,0.5389094759131816,0.38433033350979356,0.07676019057702488,0.21002949852507374,0.1822759315206445,0.2214765100671141,0.2035031847133758,0.2081447963800905,247,0.2247191011235955,199,False,False,0.5896896273735339,0.0,3.6272727272727274,4.054545454545455,110,,,,,,,0.0477154102759523,20,3.55,1.29,116.2,8.0,4.0,130.0,36.0,0.0,0.0,0.0,23.0,SP,23.0,503.0,115.0,21.9,10.03,2.78,8.87,0.77,22.08756791953745,0.024267515483608948,7,0.7777777777777778,4.0,7,8,1,1,0.0,4.12,0.06271645784826094,0.2119815668202765,0.3002070393374741,0.07867494824016563,0.4388696655132641,0.29686159169550175,0.24,3.895,0.31880757873558524
808959,Munetaka Murakami,L,CWS,2,Griffin Jax,R,643377,822943,CWS @ TB,10:40 AM,02/08,Scheduled,0.5881939636192678,,,,False,0111111111,estimated,0,0,0.0,0,0,0.26925985987235707,0.4401429867139128,0.69501758919346,0.4804898290314801,0.34101844282492305,20,1,0.06902761104441779,0.96,64.6,C,0.3097412480974125,3.8770291189912416,0.4038218735214904,0.2774986284761015,20,5,0,0.19117647058823528,0.2602040816326531,0.41807044410413474,0.3445635528330781,0.23736600306278713,0.25545454545454543,0.2080536912751678,0.23978201634877383,0.2340784479122733,0.24,187,0.24561403508771928,135,True,False,0.5912549333010467,-0.0030609696817789356,3.5675675675675675,4.351351351351352,74,,,,,,,0.14817513116321068,20,3.74,1.23,86.2,6.0,8.0,92.0,30.0,0.0,2.0,2.0,17.0,SP,28.0,358.0,77.0,12.8,9.55,3.12,8.0,1.35,18.621191787184095,0.002406036380732113,6,0.6666666666666666,-11.0,7,7,0,1,0.0,4.55,0.13300096637575817,0.2366412213740458,0.3136645962732919,0.16459627329192547,0.5952380952380952,0.34458695652173915,0.25,4.348,0.2588348360463079
683011,Anthony Volpe,R,NYY,7,Colin Rea,R,607067,824648,NYY @ CHC,11:20 AM,02/08,Scheduled,0.5879555139960347,,,,False,1111110000,estimated,5,0,0.0,1,2023,0.21841551473389342,0.26818074870464204,0.32533233195720157,0.3032080599752725,0.2477596526740685,20,1,-0.022151898734177222,0.983,44.1,D,0.2637837837837838,1.9310164356616257,0.3844604138596893,0.16116828148376242,20,5,0,0.25,0.22784810126582278,0.5594594594594594,0.2556756756756757,0.18486486486486486,0.19791666666666666,0.2195845697329377,0.2706766917293233,0.21254355400696864,0.23333333333333334,97,0.24691358024691357,97,False,False,0.5687391346667711,0.019216379329263678,3.109090909090909,3.5272727272727273,55,,,,,,,-0.07206642396009691,20,4.67,1.4,111.2,8.0,7.0,83.0,40.0,1.0,0.0,1.0,18.0,SP,22.0,486.0,116.0,22.1,6.69,3.22,9.35,1.37,22.969772186507374,-0.01060551399603471,6,0.75,39.0,7,7,1,1,0.0,4.0,0.056867560134534215,0.21707317073170732,0.2713004484304933,0.06950672645739911,0.395040369088812,0.32592272202998845,0.22346368715083798,3.761,0.3006305881233481
687263,Zach Neto,R,LAA,1,Jacob Misiorowski,R,694819,823996,MIL @ LAA,12:15 PM,02/08,Scheduled,0.5864690148943305,,,,False,1110011010,estimated,0,0,0.0,0,0,0.19157959667948565,0.3179420654783939,0.4079703264195411,0.3035439809631438,0.32992019384508653,20,1,-0.0049279554341421505,0.979,92.6,A,0.3638483965014577,8.442050643981068,0.37175444686389014,0.42139435246265405,19,7,0,0.23622047244094488,0.23129251700680273,0.780630105017503,0.20478413068844808,0.014585764294049008,0.24585635359116023,0.2166172106824926,0.25076452599388377,0.2369109947643979,0.23897058823529413,306,0.2214765100671141,173,False,False,0.6085866794179885,-0.022117664523658043,3.9345794392523366,4.4766355140186915,107,,,,,,,0.1316618379532197,20,1.58,0.75,120.0,11.0,4.0,185.0,28.0,0.0,0.0,0.0,20.0,SP,20.0,456.0,62.0,22.8,13.88,2.1,4.65,0.75,22.610386988653033,0.03471098510566961,5,0.625,7.0,7,6,1,1,0.0,4.65,0.08063065532248742,0.22637362637362637,0.3180952380952381,0.09523809523809523,0.4050925925925926,0.3171041666666667,0.20670391061452514,4.44,0.31483620192533673
671732,Lawrence Butler,L,ATH,6,Keider Montero,R,672456,824971,DET @ ATH,1:05 PM,02/08,Scheduled,0.5857319347835023,,,,False,1000011101,estimated,0,0,0.0,0,0,0.2806378867114151,0.3563245356175411,0.5361769856040823,0.3613491179945511,0.267093076422162,20,1,-0.002842809364548504,0.977,82.8,A,0.27125,4.856373999438966,0.33912020320310216,0.20368364073849918,20,6,0,0.21153846153846154,0.20869565217391303,0.5382685069008782,0.32747804265997493,0.1342534504391468,0.17028380634390652,0.16701461377870563,0.20797720797720798,0.17701711491442543,0.20422535211267606,160,0.21428571428571427,166,False,False,0.5844564494967391,0.0012754852867631339,2.877551020408163,3.326530612244898,98,,,,,,,-0.19809384038775674,20,3.34,1.02,110.1,7.0,6.0,79.0,23.0,1.0,0.0,1.0,17.0,SP,23.0,443.0,89.0,19.3,6.44,1.88,7.26,0.9,17.954657890021068,-0.0012694347835022768,8,1.0,-3.0,6,7,1,1,0.0,4.12,0.1251003895637054,0.21388888888888888,0.26811594202898553,0.11352657004830918,0.43373493975903615,0.3250562248995984,0.21818181818181817,3.895,0.2916429598225816
664702,Myles Straw,R,TOR,9,Matthew Liberatore,L,669461,822783,STL @ TOR,10:37 AM,02/08,Pre-Game,0.583097478197569,,,,False,0100001001,estimated,6,2,0.3333333333333333,1,2023,0.13150288253091982,0.2683599206665456,0.21346166416888815,0.14014605518755602,0.12128624064003568,20,1,-0.005555555555555536,0.995,39.3,D,0.2810615199034982,2.727903277136824,0.4273336198094741,0.2348532397350715,20,6,0,0.21666666666666667,0.2222222222222222,0.44659022329511167,0.4049487024743512,0.14846107423053712,0.21492537313432836,0.2079207920792079,0.15254237288135594,0.20623281393217233,0.24390243902439024,89,0.1956521739130435,105,False,False,0.567563044691812,0.015534433505757006,2.1219512195121952,2.3658536585365852,82,,,,,,,-0.3760677811975791,20,5.26,1.56,102.2,5.0,8.0,100.0,40.0,0.0,0.0,0.0,21.0,SP,21.0,456.0,120.0,21.7,8.77,3.51,10.52,1.67,21.58258158709563,-0.008097478197569008,5,0.7142857142857143,17.0,7,6,0,1,0.0,3.76,0.019714290912122158,0.2261904761904762,0.16725978647686832,0.07473309608540925,0.2573170731707317,0.2896829268292683,0.2906574394463668,3.443,0.33929815095861576
687637,Dylan Beavers,L,BAL,4,Zack Wheeler,R,554430,824807,PHI @ BAL,10:35 AM,02/08,Scheduled,0.5820523320445549,,,,False,1011010011,estimated,0,0,0.0,0,0,0.3002637792044451,0.3598051701720862,0.48333448095361975,0.37128441430823583,0.16755951098080904,20,1,0.026224982746721887,1.044,85.0,A,0.29615861214374223,5.896894577864896,0.34898283162160865,0.3350981035680971,17,6,0,0.2222222222222222,0.2484472049689441,0.6164807930607187,0.22490706319702602,0.15861214374225527,0.22281167108753316,0.2009132420091324,0.1782608695652174,0.2088607594936709,0.21153846153846154,118,0.30303030303030304,76,False,False,0.5987203678696688,-0.01666803582511389,3.0357142857142856,3.4642857142857144,56,,,,,,,0.0132569874919843,20,2.53,0.92,103.0,10.0,2.0,123.0,23.0,0.0,0.0,0.0,17.0,SP,17.0,396.0,72.0,23.3,10.75,2.01,6.29,1.14,23.06147852406809,0.030085167955445247,8,1.0,-15.0,7,6,1,1,0.0,4.35,0.08155839784726944,0.24647887323943662,0.24702380952380953,0.13690476190476192,0.3316749585406302,0.30406301824212273,0.19090909090909092,4.159,0.3091512567157343
670032,Nicky Lopez,L,TEX,7,Peter Lambert,R,663567,824163,TEX @ HOU,11:10 AM,02/08,Scheduled,0.5812910235995342,,,,False,0111100000,estimated,0,0,0.0,0,0,0.18165650452174856,0.25730082741823085,0.23264891030884635,0.20763953714345124,0.18188468389710521,20,1,-0.12755478946072396,0.998,69.4,B,0.27076023391812865,2.748627193979088,0.3652957809353025,0.23577470691970062,18,5,0,0.3870967741935484,0.2595419847328244,0.4964871194379391,0.2693208430913349,0.234192037470726,0.3156934306569343,0.2441860465116279,0.24242424242424243,0.2857142857142857,0.32954545454545453,95,0.22972972972972974,87,False,False,0.5887042858870434,-0.007413262287509159,2.8421052631578947,3.192982456140351,57,,,,,,,-0.03781793234293417,20,3.06,1.15,103.0,8.0,5.0,100.0,39.0,0.0,0.0,0.0,18.0,SP,18.0,429.0,79.0,23.8,8.74,3.41,6.9,0.96,23.903130110826957,-0.010107690266200953,6,0.75,0.0,7,7,1,1,0.0,4.0,0.0982025032775607,0.2535612535612536,0.14357682619647355,0.08564231738035265,0.20634920634920634,0.26728571428571424,0.14358974358974358,3.761,0.32063241856314684
695731,Braden Montgomery,L,CWS,6,Griffin Jax,R,643377,822943,CWS @ TB,10:40 AM,02/08,Scheduled,0.5799198238947383,,,,False,1110110001,estimated,0,0,0.0,0,0,0.23235850487016985,0.3899147289469861,0.4501908438055659,0.3745441909143175,0.23504328552308493,20,1,0.06593406593406592,0.96,64.6,C,0.3097412480974125,3.8770291189912416,0.4038218735214904,0.2774986284761015,20,5,0,0.19047619047619047,0.2564102564102564,0.41807044410413474,0.3445635528330781,0.23736600306278713,0.2410358565737052,0.24206349206349206,0.19047619047619047,0.222011385199241,0.2413793103448276,97,0.2361111111111111,81,True,False,0.6057940311153397,-0.02587420722060141,3.6136363636363638,4.045454545454546,44,,,,,,,0.042150848595543036,20,3.74,1.23,86.2,6.0,8.0,92.0,30.0,0.0,2.0,2.0,17.0,SP,28.0,358.0,77.0,12.8,9.55,3.12,8.0,1.35,18.621191787184095,0.01394684277192837,6,0.6666666666666666,-11.0,7,7,0,1,0.0,4.12,0.08260725736031688,0.24822695035460993,0.1962025316455696,0.08860759493670886,0.4022727272727273,0.31320909090909094,0.25,3.895,0.2588348360463079
677588,José Tena,L,WSH,8,Jr Ritchie,R,702275,824891,WSH @ ATL,10:35 AM,02/08,Scheduled,0.5799198238947383,,,,False,0011000110,estimated,0,0,0.0,0,0,0.31511765745164305,0.28169340839213797,0.4044431974327357,0.39622165985589725,0.1715203684525608,20,1,-0.2606382978723404,1.018,49.4,D,0.266384778012685,1.6315135726843062,0.36185997003616716,0.2104080605863932,13,12,0,0.5,0.2393617021276596,0.4840764331210191,0.3481953290870488,0.16772823779193205,0.23511904761904762,0.2222222222222222,0.2082018927444795,0.22567287784679088,0.21052631578947367,122,0.3,90,False,True,0.5683532605658156,0.011566563328922697,2.425,2.65,80,,,,,,,-0.0458559113137935,20,4.5,1.41,54.0,1.0,2.0,49.0,33.0,1.0,0.0,1.0,7.0,SP,13.0,236.0,43.0,18.2,8.17,5.5,7.17,1.5,16.90848698049998,-0.008876966751881099,7,0.7777777777777778,9.0,7,7,1,1,0.0,3.88,0.11265030560651154,0.23125,0.2627118644067797,0.0847457627118644,0.46806167400881055,0.33062555066079297,0.22608695652173913,3.599,0.3021698882630711
675961,Alika Williams,R,ATH,8,Keider Montero,R,672456,824971,DET @ ATH,1:05 PM,02/08,Scheduled,0.5799198238947383,,,,False,1010100101,estimated,0,0,0.0,0,0,0.2533547633851931,0.38914918538881377,0.41399580619792736,0.3731888057598664,0.21095402591580711,20,1,0.003586800573888105,0.977,82.8,A,0.27125,4.856373999438966,0.33912020320310216,0.20368364073849918,20,6,0,0.2647058823529412,0.2682926829268293,0.5382685069008782,0.32747804265997493,0.1342534504391468,0.35805626598465473,0.2895927601809955,0.29457364341085274,0.3279785809906292,0.36666666666666664,63,0.14285714285714285,54,False,False,0.5738623279904684,0.0060574959042698495,2.658536585365854,2.8536585365853657,41,,,,,,,-0.05835836150716051,20,3.34,1.02,110.1,7.0,6.0,79.0,23.0,1.0,0.0,1.0,17.0,SP,23.0,443.0,89.0,19.3,6.44,1.88,7.26,0.9,17.954657890021068,-0.010057323894738235,8,1.0,-3.0,6,7,1,1,0.0,3.88,0.03666001973135655,0.22077922077922077,0.2727272727272727,0.05571847507331378,0.3042635658914729,0.27962790697674417,0.21465968586387435,3.599,0.2916429598225816
683748,Victor Mesa,L,TB,6,Anthony Kay,L,641743,822943,CWS @ TB,10:40 AM,02/08,Scheduled,0.5796744388792324,,,,False,1111010100,estimated,0,0,0.0,0,0,0.20014940581951432,0.293089466992378,0.4276107675844903,0.33018172245597227,0.3013945446058564,20,1,-0.03246753246753245,0.96,54.0,C,0.26346356916578667,2.360038775002667,0.3794729606694877,0.19868611379626921,20,5,0,0.18181818181818182,0.21428571428571427,0.5755015839493136,0.28141499472016895,0.14308342133051744,0.22023809523809523,0.20948616600790515,0.26573426573426573,0.22369878183831673,0.2222222222222222,73,0.2,67,False,False,0.5814539606963411,-0.0017795218171087201,3.075,3.5,40,,,,,,,0.03032080134586669,20,4.25,1.36,103.2,7.0,5.0,87.0,41.0,0.0,0.0,0.0,20.0,SP,22.0,467.0,100.0,21.2,7.55,3.56,8.68,1.22,21.303631651730925,-0.010224438879232411,6,0.8571428571428571,8.0,7,6,0,1,0.0,4.12,0.06628469771068857,0.22972972972972974,0.21511627906976744,0.11627906976744186,0.40270270270270275,0.3012252252252252,0.18181818181818182,3.895,0.2824065996224369
687551,Drew Gilbert,L,SF,8,Mike King,R,650633,823270,SF @ SD,1:10 PM,02/08,Scheduled,0.5773840010619503,,,,False,0101101101,estimated,0,0,0.0,0,0,0.3097902980526013,0.4076813748878669,0.4655909291088462,0.3647455750953157,0.1294634629646723,20,1,0.02049622437971954,0.954,68.3,B,0.2852216748768473,2.161377032259961,0.322687093471506,0.20493064572233569,20,5,0,0.2222222222222222,0.24271844660194175,0.4714285714285714,0.2458128078817734,0.2827586206896552,0.24652338811630847,0.2325,0.26956521739130435,0.2452697967764541,0.26126126126126126,123,0.22123893805309736,132,False,False,0.5972905096989519,-0.019906508637001608,2.6666666666666665,3.0357142857142856,84,,,,,,,0.061891869363957144,20,3.38,1.17,125.1,6.0,7.0,109.0,50.0,0.0,0.0,0.0,22.0,SP,22.0,515.0,97.0,23.4,7.83,3.59,6.97,0.93,23.783289580222306,-0.013084001061950179,6,0.8571428571428571,7.0,6,7,0,1,0.0,3.88,0.08468553776456185,0.22255192878338279,0.1662269129287599,0.07387862796833773,0.3424574209245742,0.2759367396593674,0.20938628158844766,3.599,0.31348301546667906
679529,Spencer Torkelson,R,DET,6,Gage Jump,L,695611,824971,DET @ ATH,1:05 PM,02/08,Scheduled,0.5764830706085621,,,,False,1000110111,estimated,0,0,0.0,0,0,0.28140130131545943,0.2615806318756404,0.278823088609091,0.3353846155659284,0.2014013864939632,20,1,0.046153846153846156,0.977,44.8,D,0.28677839851024206,2.751668795605044,0.4285918896365957,0.27065830868283186,12,5,0,0.25,0.20384615384615384,0.5065420560747663,0.4205607476635514,0.07289719626168224,0.20836142953472692,0.20087815587266739,0.18732782369146006,0.2029720913374411,0.19270833333333334,223,0.24444444444444444,204,False,True,0.573480581808164,0.0030024888003981065,3.4128440366972477,3.9174311926605503,109,,,,,,,-0.06735452921241229,20,4.0,1.4,63.0,4.0,6.0,68.0,25.0,0.0,0.0,0.0,12.0,SP,12.0,267.0,63.0,22.2,9.71,3.57,9.0,1.0,22.17864954429283,-0.00241640394189524,6,0.6666666666666666,-17.0,7,6,1,1,0.0,4.12,0.07750941638717579,0.20681265206812652,0.3078556263269639,0.10191082802547771,0.42199248120300753,0.31529135338345865,0.26436781609195403,3.895,0.3646801872283064
664774,Lamonte Wade,L,HOU,5,Kumar Rocker,R,677958,824163,TEX @ HOU,11:10 AM,02/08,Scheduled,0.5763818062785618,,,,False,0001100011,estimated,0,0,0.0,0,0,0.1641578998150128,0.23444839093454425,0.260033043751136,0.2200353259529996,0.24323259661340932,20,1,0.046798029556650245,0.998,48.6,D,0.2616933096506809,2.795413054106867,0.4038878127862497,0.22683743361231498,20,6,0,0.14285714285714285,0.1896551724137931,0.5628706998813761,0.38256227758007116,0.054567022538552785,0.21100917431192662,0.20245398773006135,0.12745098039215685,0.1929530201342282,0.20454545454545456,51,0.14285714285714285,28,False,False,0.5633438495026871,0.013037956775874715,2.8260869565217392,3.4347826086956523,23,,,,,,,-0.06140717110041098,20,4.03,1.29,102.2,4.0,8.0,93.0,38.0,0.0,0.0,0.0,18.0,SP,20.0,436.0,94.0,21.8,8.15,3.33,8.24,1.14,21.995090734140856,-0.008261806278561878,5,0.625,7.0,6,6,1,1,0.0,4.25,0.18271958639633265,0.19420289855072465,0.22962962962962963,0.1259259259259259,0.35773809523809524,0.2647857142857143,0.27314814814814814,4.023,0.3449035819399034
669707,Jared Triolo,R,PIT,7,Chase Burns,R,695505,824483,PIT @ CIN,10:40 AM,02/08,Scheduled,0.5756529280881758,,,,False,1110001000,estimated,8,3,0.375,1,2025,0.201127993566743,0.26348042589339105,0.32508556901897373,0.2747011019197944,0.20965771409130457,20,1,-0.12771739130434784,1.083,75.0,B,0.2934841141626279,2.8481329309719143,0.35937652663409475,0.27405216951049327,20,5,0,0.31521739130434784,0.1875,0.5665051157781368,0.3780290791599354,0.05546580506192784,0.22142857142857142,0.21188630490956073,0.26256983240223464,0.22411347517730495,0.2833333333333333,135,0.19,113,False,False,0.5765959248978753,-0.0009429968096994479,3.0985915492957745,3.492957746478873,71,,,,,,,-0.0789832017051655,20,2.4,1.12,112.2,12.0,1.0,128.0,41.0,0.0,0.0,0.0,20.0,SP,20.0,455.0,85.0,22.8,10.22,3.28,6.79,1.04,22.697492150997526,0.05757207191182423,4,0.5,6.0,7,7,1,1,0.0,4.0,0.1384440608074144,0.254278728606357,0.2236842105263158,0.08114035087719298,0.3811074918566775,0.309071661237785,0.19375,3.761,0.29243927847489665
663656,Kyle Tucker,L,LAD,8,Jake Bennett,L,687562,823919,BOS @ LAD,4:20 PM,02/08,Scheduled,0.5738734062710671,,,,False,0011010010,estimated,0,0,0.0,0,0,0.17209611233598981,0.3100748752379261,0.416622709071661,0.2303653345843382,0.14617932254567317,20,1,0.016939409036906466,0.973,81.6,A,0.27039106145251396,4.662790343574347,0.3494011348965562,0.18022612938024243,11,5,0,0.24742268041237114,0.23048327137546468,0.6453423120089786,0.09988776655443322,0.2547699214365881,0.21987315010570824,0.24097938144329897,0.1825938566552901,0.21743810548977396,0.22058823529411764,244,0.25308641975308643,182,False,True,0.5662583151965157,0.007615091074551383,3.5533980582524274,4.135922330097087,103,,,,,,,-0.17608107455456587,20,2.74,0.97,65.2,6.0,4.0,46.0,11.0,0.0,0.0,0.0,11.0,SP,11.0,256.0,53.0,23.3,6.3,1.51,7.26,0.69,23.679475766274102,-0.01880673960440038,6,0.8571428571428571,22.0,7,6,1,1,0.0,3.88,0.08665072088257623,0.24528301886792453,0.1862348178137652,0.1194331983805668,0.3830321285140562,0.32440361445783134,0.15254237288135594,3.599,0.3396755676533206
695657,Colson Montgomery,L,CWS,4,Griffin Jax,R,643377,822943,CWS @ TB,10:40 AM,02/08,Scheduled,0.573480581808164,,,,False,0001100010,estimated,0,0,0.0,0,0,0.16356230097007202,0.2431777602031809,0.28649387050521885,0.2514922365694414,0.3590302819753323,20,1,-0.06486268716846841,0.96,64.6,C,0.3097412480974125,3.8770291189912416,0.4038218735214904,0.2774986284761015,20,5,0,0.2641509433962264,0.199288256227758,0.41807044410413474,0.3445635528330781,0.23736600306278713,0.2166469893742621,0.20173267326732675,0.23255813953488372,0.21694214876033058,0.25,256,0.16981132075471697,178,False,False,0.5896896273735339,-0.01620904556536995,3.7572815533980584,4.213592233009709,103,,,,,,,-0.14255083268953087,20,3.74,1.23,86.2,6.0,8.0,92.0,30.0,0.0,2.0,2.0,17.0,SP,28.0,358.0,77.0,12.8,9.55,3.12,8.0,1.35,18.621191787184095,0.008452751525169333,6,0.6666666666666666,-11.0,7,7,0,1,0.0,4.35,0.07010214232174633,0.2247191011235955,0.318,0.082,0.43356643356643354,0.3351853146853147,0.25,4.159,0.2588348360463079
596146,Max Kepler,L,AZ,5,Gavin Williams,R,668909,824404,AZ @ CLE,10:40 AM,02/08,Scheduled,0.5734782166985558,,,,False,1001001110,estimated,7,0,0.0,1,2023,0.22129339101295356,0.2744151464969752,0.45806531417868784,0.3117100941147571,0.18836381782725478,20,2,0.0,0.987,62.7,C,0.329004329004329,6.011703672390437,0.4982556917295959,0.33477968647374234,20,5,0,,0.23684210526315788,0.50634765625,0.49365234375,0.0,0.21708185053380782,0.24271844660194175,0.21768707482993196,0.2222222222222222,0.3488372093023256,48,0.10810810810810811,41,False,False,0.6059556575206576,-0.0324774408221018,3.2,3.56,25,,,,,,,0.021906768661588593,20,3.71,1.07,133.1,10.0,6.0,168.0,38.0,0.0,0.0,0.0,22.0,SP,22.0,532.0,105.0,24.2,11.34,2.57,7.09,1.42,24.10325512461824,0.026778926158587124,7,0.875,6.0,7,6,1,1,0.0,4.25,0.06780475769205968,0.20671834625322996,0.1958997722095672,0.09339407744874716,0.4371539313399779,0.2934119601328904,0.20198675496688742,4.023,0.34643659119081477
807712,Luke Keaschall,R,MIN,8,George Kirby,R,669923,823107,MIN @ SEA,1:10 PM,02/08,Scheduled,0.5734553881682454,,,,False,0110011011,estimated,0,0,0.0,0,0,0.2871601314310806,0.32262916931071084,0.30800382241829805,0.3953673429072326,0.15694452140655568,20,1,0.06890775072593253,0.906,55.3,C,0.2714757709251101,4.981789622994654,0.4214914584259961,0.22097746128116122,20,6,0,0.21487603305785125,0.28378378378378377,0.5350248207391064,0.39327082184225043,0.07170435741864313,0.26650755767700873,0.24124513618677043,0.23270440251572327,0.2548853016142736,0.27040816326530615,223,0.24489795918367346,180,False,False,0.5756529280881758,-0.0021975399199304357,3.3300970873786406,3.912621359223301,103,,,,,,,0.07067971268727258,20,3.98,1.3,120.0,8.0,9.0,107.0,25.0,0.0,0.0,0.0,20.0,SP,20.0,497.0,131.0,24.9,8.03,1.88,9.83,1.13,24.588135964408472,-0.014683959596816787,7,1.0,-10.0,7,6,0,1,0.0,3.88,0.10333077629703266,0.2623762376237624,0.15106382978723404,0.08936170212765958,0.30380380380380384,0.2680292792792793,0.2907488986784141,3.599,0.33998943548983895
571448,Nolan Arenado,R,AZ,6,Gavin Williams,R,668909,824404,AZ @ CLE,10:40 AM,02/08,Scheduled,0.5734058644785373,,,,False,1100001001,estimated,0,0,0.0,0,0,0.2757349765420459,0.34381591032512127,0.4476419904660069,0.37382648354115766,0.22063647093589386,20,1,0.008469987623762387,0.987,62.7,C,0.329004329004329,6.011703672390437,0.4982556917295959,0.33477968647374234,20,5,0,0.2376237623762376,0.24609375,0.50634765625,0.49365234375,0.0,0.22976878612716764,0.2218782249742002,0.22364217252396165,0.22611940298507463,0.22549019607843138,228,0.2679738562091503,175,False,False,0.6057940311153397,-0.03238816663680244,3.4326923076923075,3.875,104,,,,,,,-0.08076555645817192,20,3.71,1.07,133.1,10.0,6.0,168.0,38.0,0.0,0.0,0.0,22.0,SP,22.0,532.0,105.0,24.2,11.34,2.57,7.09,1.42,24.10325512461824,0.023494135521462733,7,0.875,6.0,7,6,1,1,0.0,4.12,0.1194628538992533,0.24205378973105135,0.2047930283224401,0.0784313725490196,0.3249206349206349,0.3011333333333333,0.23529411764705882,3.895,0.34643659119081477
694378,Jacob Gonzalez,L,PIT,8,Chase Burns,R,695505,824483,PIT @ CIN,10:40 AM,02/08,Scheduled,0.5731060269747893,,,,False,1110001100,estimated,0,0,0.0,0,0,0.15285878280114626,0.31250393306995294,0.251618948741343,0.20988087699363067,0.20535953185663333,20,2,0.08689458689458687,1.083,75.0,B,0.2934841141626279,2.8481329309719143,0.35937652663409475,0.27405216951049327,20,5,0,0.15384615384615385,0.24074074074074073,0.5665051157781368,0.3780290791599354,0.05546580506192784,0.21161825726141079,0.22624434389140272,0.21301775147928995,0.21195039458850057,0.18309859154929578,77,0.3,56,True,False,0.5756529280881758,-0.0025469011133865127,2.813953488372093,3.0930232558139537,43,,,,,,,0.010696691617231887,20,2.4,1.12,112.2,12.0,1.0,128.0,41.0,0.0,0.0,0.0,20.0,SP,20.0,455.0,85.0,22.8,10.22,3.28,6.79,1.04,22.697492150997526,0.03364397302521083,4,0.5,6.0,7,7,1,1,0.0,3.88,0.008252329183245546,0.24166666666666667,0.19696969696969696,0.06060606060606061,0.39007092198581556,0.3135531914893617,0.2151394422310757,3.599,0.29243927847489665
690984,Petey Halpin,L,CLE,9,Merrill Kelly,R,518876,824404,AZ @ CLE,10:40 AM,02/08,Scheduled,0.5706436983830976,,,,False,1000001101,estimated,0,0,0.0,0,0,0.204953586938785,0.28128025070560697,0.18780444697997203,0.23993089741695672,0.0667369166225434,20,1,0.16999999999999998,0.987,24.0,F,0.244,1.9754196899109453,0.47078545664289745,0.15932091916391752,19,6,0,0.08,0.25,0.5103211009174312,0.22190366972477063,0.2677752293577982,0.20597014925373133,0.1402439024390244,0.22535211267605634,0.18848167539267016,0.24444444444444444,49,0.18333333333333332,65,False,False,0.5615055487875421,0.009138149595555478,2.625,2.85,40,,,,,,,-0.1319909045498659,20,4.86,1.45,109.1,8.0,8.0,71.0,42.0,0.0,0.0,0.0,19.0,SP,19.0,473.0,116.0,24.9,5.84,3.46,9.55,1.81,24.46677939072583,-0.00829369838309757,6,0.6666666666666666,24.0,7,7,1,1,0.0,3.76,0.025369111092763456,0.19230769230769232,0.24561403508771928,0.043859649122807015,0.24561403508771926,0.26930263157894735,0.26639344262295084,3.443,0.31810737317132626
553869,Elías Díaz,R,TEX,8,Peter Lambert,R,663567,824163,TEX @ HOU,11:10 AM,02/08,Scheduled,0.569595432183906,,,,False,1010100101,estimated,0,0,0.0,0,0,0.18851348402777363,0.2464849012397736,0.3189480777157454,0.2712835790864204,0.3117707342593218,20,1,-0.0339366515837104,0.998,69.4,B,0.27076023391812865,2.748627193979088,0.3652957809353025,0.23577470691970062,18,5,0,0.2692307692307692,0.23529411764705882,0.4964871194379391,0.2693208430913349,0.234192037470726,0.2235294117647059,0.24644549763033174,0.25742574257425743,0.23783783783783785,0.24615384615384617,67,0.2545454545454545,59,False,False,0.5615055487875421,0.00808988339636385,3.0,3.15,40,,,,,,,-0.03970506241798674,20,3.06,1.15,103.0,8.0,5.0,100.0,39.0,0.0,0.0,0.0,18.0,SP,18.0,429.0,79.0,23.8,8.74,3.41,6.9,0.96,23.903130110826957,-0.028745432183906017,6,0.75,0.0,7,7,1,1,0.0,3.88,0.005324083344029385,0.21987951807228914,0.25210084033613445,0.04481792717086835,0.38636363636363635,0.29669628099173556,0.27419354838709675,3.599,0.32063241856314684
655316,Andruw Monasterio,R,BOS,8,Emmet Sheehan,R,686218,823919,BOS @ LAD,4:20 PM,02/08,Scheduled,0.569595432183906,,,,False,1111101111,estimated,0,0,0.0,0,0,0.34834385057979045,0.3492413975406491,0.48631533584014486,0.41693319954709457,0.1854753778280788,20,1,0.022577319587628875,0.973,71.4,B,0.2934386391251519,3.332087834273528,0.38685625799416873,0.2613815439564114,19,7,0,0.24742268041237114,0.27,0.42560975609756097,0.40792682926829266,0.16646341463414635,0.2515964240102171,0.2605042016806723,0.23979591836734693,0.252400548696845,0.3225806451612903,104,0.20192307692307693,112,False,False,0.5857319347835023,-0.016136502599596314,2.9402985074626864,3.2238805970149254,67,,,,,,,0.2689490792654836,20,4.95,1.25,92.2,4.0,7.0,104.0,29.0,0.0,0.0,0.0,19.0,SP,19.0,396.0,87.0,20.8,10.1,2.82,8.45,1.65,20.763744123413314,-0.007095432183905959,7,0.875,10.0,6,7,1,1,0.0,3.88,0.09398362026158437,0.25688073394495414,0.22033898305084745,0.06497175141242938,0.35542168674698793,0.2890200803212851,0.23870967741935484,3.599,0.2925660343716699
656716,Zach Mckinstry,L,DET,8,Gage Jump,L,695611,824971,DET @ ATH,1:05 PM,02/08,Scheduled,0.569595432183906,,,,False,1111011101,estimated,0,0,0.0,0,0,0.2303145634426161,0.31421036734811364,0.3480805064530793,0.2730764448669296,0.12076966237278115,20,1,-0.0521235521235521,0.977,44.8,D,0.28677839851024206,2.751668795605044,0.4285918896365957,0.27065830868283186,12,5,0,0.16216216216216217,0.21428571428571427,0.5065420560747663,0.4205607476635514,0.07289719626168224,0.2148936170212766,0.18858560794044665,0.19927536231884058,0.20715166461159062,0.23134328358208955,149,0.18110236220472442,147,False,True,0.5662583151965157,0.003337116987390254,3.107142857142857,3.5238095238095237,84,,,,,,,-0.2473811896660409,20,4.0,1.4,63.0,4.0,6.0,68.0,25.0,0.0,0.0,0.0,12.0,SP,12.0,267.0,63.0,22.2,9.71,3.57,9.0,1.0,22.17864954429283,-0.0022620988505726025,6,0.6666666666666666,-17.0,7,6,1,1,0.0,3.88,0.10109835768196311,0.20491803278688525,0.18072289156626506,0.08674698795180723,0.22651775486827036,0.28305383734249717,0.2786885245901639,3.599,0.3646801872283064
683083,Nasim Nuñez,L,WSH,9,Jr Ritchie,R,702275,824891,WSH @ ATL,10:35 AM,02/08,Scheduled,0.5687520443897728,,,,False,1100010000,estimated,0,0,0.0,0,0,0.15457075787542032,0.2562600030713644,0.26594468850077035,0.16875537268444943,0.04623568425756535,20,1,-0.0018582046883933723,1.018,49.4,D,0.266384778012685,1.6315135726843062,0.36185997003616716,0.2104080605863932,13,12,0,0.24242424242424243,0.24056603773584906,0.4840764331210191,0.3481953290870488,0.16772823779193205,0.23542770628311885,0.21875,0.26944444444444443,0.23897581792318634,0.24242424242424243,191,0.23972602739726026,165,False,True,0.5520451967454648,0.016706847644307965,3.2395833333333335,3.7083333333333335,96,,,,,,,-0.22920602871525264,20,4.5,1.41,54.0,1.0,2.0,49.0,33.0,1.0,0.0,1.0,7.0,SP,13.0,236.0,43.0,18.2,8.17,5.5,7.17,1.5,16.90848698049998,-0.00476633010405858,7,0.7777777777777778,9.0,7,7,1,1,0.0,3.76,0.1012251689242088,0.2493150684931507,0.2099056603773585,0.11084905660377359,0.2478864734299517,0.29128985507246374,0.22608695652173913,3.443,0.3021698882630711
669003,Garrett Mitchell,L,MIL,7,Walbert Ureña,R,700712,823996,MIL @ LAA,12:15 PM,02/08,Scheduled,0.5687436438407284,,,,False,1000001010,estimated,0,0,0.0,0,0,0.1936580462837164,0.39301019159934986,0.4910475627952444,0.3090795588397443,0.26468335975947294,20,1,0.022373540856031104,0.979,73.3,B,0.2870603015075377,1.832994199414209,0.3159763935171778,0.21958208249312372,18,6,0,0.25,0.2723735408560311,0.5242596093257719,0.15311909262759923,0.32262129804662887,0.2579890880748246,0.27948303715670436,0.24258760107816713,0.2610989010989011,0.26900584795321636,194,0.2676056338028169,167,False,True,0.5753964647920713,-0.006652820951342897,3.2268041237113403,3.7216494845360826,97,,,,,,,-0.13554549754839687,20,2.7,1.26,93.1,6.0,7.0,88.0,49.0,0.0,0.0,0.0,17.0,SP,19.0,401.0,69.0,21.1,8.49,4.73,6.65,0.58,22.40271883570706,-0.0146769771740618,6,0.6666666666666666,-8.0,7,6,1,1,0.0,4.0,0.1353253885825547,0.2473404255319149,0.3294663573085847,0.10904872389791183,0.49430199430199434,0.3896538461538462,0.20786516853932585,3.761,0.3083547371513855
694497,Evan Carter,L,TEX,6,Peter Lambert,R,663567,824163,TEX @ HOU,11:10 AM,02/08,Scheduled,0.5672095070391255,,,,False,0011110010,estimated,5,0,0.0,1,2026,0.22372112106111647,0.3284869437532266,0.3172610573325709,0.3804483813916383,0.23368895588343644,20,1,-0.20081300813008132,0.998,69.4,B,0.27076023391812865,2.748627193979088,0.3652957809353025,0.23577470691970062,18,5,0,0.4,0.1991869918699187,0.4964871194379391,0.2693208430913349,0.234192037470726,0.2209188660801564,0.17690875232774675,0.18181818181818182,0.20216962524654833,0.23448275862068965,174,0.17117117117117117,133,False,False,0.5706436983830976,-0.0034341913439720484,2.8131868131868134,3.3736263736263736,91,,,,,,,0.0584934164603512,20,3.06,1.15,103.0,8.0,5.0,100.0,39.0,0.0,0.0,0.0,18.0,SP,18.0,429.0,79.0,23.8,8.74,3.41,6.9,0.96,23.903130110826957,-0.019492840372458797,6,0.75,0.0,7,7,1,1,0.0,4.12,0.15038701679830035,0.19540229885057472,0.23658536585365852,0.11707317073170732,0.3745019920318725,0.29123904382470117,0.14358974358974358,3.895,0.32063241856314684
800325,Luis Lara,L,MIL,8,Walbert Ureña,R,700712,823996,MIL @ LAA,12:15 PM,02/08,Scheduled,0.5670485310705194,,,,False,1000110110,estimated,0,0,0.0,0,0,0.24138273088579468,0.3336197737330631,0.3970887751562128,0.27286468036769057,0.11717001301644282,16,2,0.01315789473684209,0.979,73.3,B,0.2870603015075377,1.832994199414209,0.3159763935171778,0.21958208249312372,18,6,0,0.25,0.2631578947368421,0.5242596093257719,0.15311909262759923,0.32262129804662887,0.23,0.22988505747126436,0.18181818181818182,0.21971830985915494,0.17391304347826086,27,0.34782608695652173,29,True,True,0.5841977979818994,-0.017149266911379968,2.875,3.5,16,,,,,,,-0.032540807871570626,16,2.7,1.26,93.1,6.0,7.0,88.0,49.0,0.0,0.0,0.0,17.0,SP,19.0,401.0,69.0,21.1,8.49,4.73,6.65,0.58,22.40271883570706,-0.0007985310705195259,6,0.6666666666666666,-8.0,7,6,1,1,0.0,3.88,0.1396600571646623,0.29508196721311475,0.18571428571428572,0.1,0.3958333333333333,0.23304166666666667,0.20786516853932585,3.599,0.3083547371513855
642201,Eli White,R,ATL,9,Cade Cavalli,R,676917,824891,WSH @ ATL,10:35 AM,02/08,Scheduled,0.5658889491022914,,,,False,1000010110,estimated,0,0,0.0,0,0,0.2861175482060702,0.2058731153598142,0.15676663254791348,0.38498896273934624,0.17147574849440125,20,3,-0.03654188948306597,1.018,64.1,C,0.29809725158562367,4.028613892286458,0.4256753589163245,0.26481726383842463,20,5,0,0.24242424242424243,0.20588235294117646,0.5389094759131816,0.38433033350979356,0.07676019057702488,0.24271844660194175,0.23481781376518218,0.2235294117647059,0.23850267379679144,0.22666666666666666,80,0.2413793103448276,64,False,False,0.5549959157811354,0.010893033321155987,2.2542372881355934,2.440677966101695,59,,,,,,,0.032550222823662614,20,3.55,1.29,116.2,8.0,4.0,130.0,36.0,0.0,0.0,0.0,23.0,SP,23.0,503.0,115.0,21.9,10.03,2.78,8.87,0.77,22.08756791953745,0.019839622326280115,7,0.7777777777777778,4.0,7,8,1,1,0.0,3.76,0.052214034531512646,0.2255892255892256,0.24605678233438485,0.04416403785488959,0.36453576864535764,0.31112100456621,0.24,3.443,0.31880757873558524
670042,Luke Raley,L,SEA,7,Taj Bradley,R,671737,823107,MIN @ SEA,1:10 PM,02/08,Scheduled,0.5648426657749323,,,,False,1101010000,estimated,5,0,0.0,1,2024,0.15249239421685815,0.3817637735416567,0.42527680336799845,0.29202350138877076,0.36139380485441164,20,3,0.23015873015873015,0.906,55.1,C,0.28522671867381766,2.850784074485702,0.46721369715317485,0.2848306597976569,20,5,0,0.0,0.23015873015873015,0.7068292682926829,0.09121951219512195,0.20195121951219513,0.22260668973471742,0.22532588454376165,0.22381930184804927,0.22357293868921777,0.2328767123287671,163,0.21428571428571427,120,False,False,0.5828716194200065,-0.018028953645074286,2.8351648351648353,3.10989010989011,91,,,,,,,-0.0601257101686888,20,3.65,1.21,120.2,9.0,4.0,139.0,49.0,0.0,0.0,0.0,21.0,SP,21.0,504.0,97.0,24.0,10.37,3.65,7.23,1.27,24.213263484941745,0.0030323342250677676,4,0.4444444444444444,-18.0,6,7,0,1,0.0,4.0,0.03953125714906272,0.2236024844720497,0.32590529247910865,0.05013927576601671,0.4666666666666667,0.3513414634146342,0.19230769230769232,3.761,0.30139161988540525
665750,Leody Taveras,L,BAL,5,Zack Wheeler,R,554430,824807,PHI @ BAL,10:35 AM,02/08,Scheduled,0.5645187253874876,,,,False,1000010100,estimated,0,0,0.0,0,0,0.12697251023787706,0.2923486262759482,0.34023161458326967,0.199281666882542,0.25649087849612673,20,1,0.05166887709991158,1.044,85.0,A,0.29615861214374223,5.896894577864896,0.34898283162160865,0.3350981035680971,17,6,0,0.1839080459770115,0.23557692307692307,0.6164807930607187,0.22490706319702602,0.15861214374225527,0.20239190432382706,0.21465076660988075,0.17123287671232876,0.1992427827733081,0.2375,183,0.2,157,False,False,0.5869540082784678,-0.02243528289098018,3.2065217391304346,3.6956521739130435,92,,,,,,,-0.18368932934399618,20,2.53,0.92,103.0,10.0,2.0,123.0,23.0,0.0,0.0,0.0,17.0,SP,17.0,396.0,72.0,23.3,10.75,2.01,6.29,1.14,23.06147852406809,0.028231274612512514,8,1.0,-15.0,7,6,1,1,0.0,4.25,0.10111845549035597,0.21243523316062177,0.2591743119266055,0.08486238532110092,0.3427960927960928,0.2954652014652015,0.19090909090909092,4.023,0.3091512567157343
682626,Francisco Álvarez,R,NYM,9,Sandy Alcántara,R,645261,823592,MIA @ NYM,10:40 AM,02/08,Scheduled,0.5644393974153364,,,,False,0111111000,estimated,0,0,0.0,0,0,0.24619424628067765,0.38162921702429037,0.4643824024248505,0.4046390447970363,0.2721670323409593,20,2,0.02065826330532211,0.949,63.0,C,0.2702702702702703,2.9865326399112417,0.35840728210305794,0.1897982654393428,20,5,0,0.23529411764705882,0.25595238095238093,0.5963668586619406,0.19627824545857334,0.20735489587948605,0.25742574257425743,0.24873949579831933,0.2205128205128205,0.24955960070463887,0.2846153846153846,148,0.20754716981132076,121,False,False,0.5554806770406687,0.008958720374667717,3.232876712328767,3.684931506849315,73,,,,,,,0.027925115523915457,20,3.82,1.21,150.2,11.0,6.0,115.0,39.0,0.0,0.0,0.0,23.0,SP,23.0,625.0,143.0,27.2,6.87,2.33,8.54,1.02,27.319457506964657,-0.01908939741533644,6,0.6666666666666666,13.0,7,8,0,1,0.0,3.76,0.19075776089262783,0.2617801047120419,0.2557603686635945,0.0967741935483871,0.49507995079950795,0.3330184501845019,0.26495726495726496,3.443,0.31057595184526077
680776,Jarren Duran,L,BOS,7,Emmet Sheehan,R,686218,823919,BOS @ LAD,4:20 PM,02/08,Scheduled,0.5636003127987916,,,,False,1101010011,estimated,0,0,0.0,0,0,0.22486169051320481,0.3287227974489011,0.35431422368348675,0.29710566702319263,0.1980570045687633,20,1,-0.03874553716325868,0.973,71.4,B,0.2934386391251519,3.332087834273528,0.38685625799416873,0.2613815439564114,19,7,0,0.22784810126582278,0.1891025641025641,0.42560975609756097,0.40792682926829266,0.16646341463414635,0.1835323695788812,0.17654171704957677,0.2038664323374341,0.1854082998661312,0.18614718614718614,255,0.2125,181,False,False,0.573480581808164,-0.009880269009372333,3.8333333333333335,4.2745098039215685,102,,,,,,,0.03137580758767961,20,4.95,1.25,92.2,4.0,7.0,104.0,29.0,0.0,0.0,0.0,19.0,SP,19.0,396.0,87.0,20.8,10.1,2.82,8.45,1.65,20.763744123413314,-0.005757455655934551,7,0.875,10.0,6,7,1,1,0.0,4.0,0.026029611240925524,0.2021978021978022,0.2837573385518591,0.07240704500978473,0.39301075268817204,0.32044193548387095,0.25,3.761,0.2925660343716699
641933,Tyler O'Neill,R,BAL,6,Zack Wheeler,R,554430,824807,PHI @ BAL,10:35 AM,02/08,Scheduled,0.5635633570856476,,,,False,1111100101,estimated,0,0,0.0,0,0,0.34005055059024325,0.3483884386082653,0.5133947140100861,0.43193300653417704,0.24913503974088874,20,1,0.024159663865546216,1.044,85.0,A,0.29615861214374223,5.896894577864896,0.34898283162160865,0.3350981035680971,17,6,0,0.19642857142857142,0.22058823529411764,0.6164807930607187,0.22490706319702602,0.15861214374225527,0.18421052631578946,0.17307692307692307,0.14084507042253522,0.17367168913560665,0.1702127659574468,107,0.2441860465116279,94,False,False,0.5893377629829243,-0.025774405897276642,2.727272727272727,3.0454545454545454,66,,,,,,,0.04815905707453785,20,2.53,0.92,103.0,10.0,2.0,123.0,23.0,0.0,0.0,0.0,17.0,SP,17.0,396.0,72.0,23.3,10.75,2.01,6.29,1.14,23.06147852406809,0.02283664291435239,8,1.0,-15.0,7,6,1,1,0.0,4.12,0.04126791987304342,0.19887955182072828,0.2679900744416873,0.09429280397022333,0.41432396251673365,0.3114016064257028,0.2,3.895,0.3091512567157343
666176,Jo Adell,R,LAA,6,Jacob Misiorowski,R,694819,823996,MIL @ LAA,12:15 PM,02/08,Scheduled,0.5631991060765242,-113.0,117.0,53.0,False,1011110100,estimated,0,0,0.0,0,0,0.22520416479372682,0.385371685943269,0.45021474431860153,0.3816274551219392,0.36612084983503534,20,1,0.0061961857246318475,0.979,92.6,A,0.3638483965014577,8.442050643981068,0.37175444686389014,0.42139435246265405,19,7,0,0.23255813953488372,0.23875432525951557,0.780630105017503,0.20478413068844808,0.014585764294049008,0.23587652882935353,0.2551594746716698,0.18383838383838383,0.23364770307271068,0.234375,271,0.24074074074074073,178,False,False,0.612987019497365,-0.04978791342084077,3.834862385321101,4.1192660550458715,109,,,,,,,-0.041109047390770266,20,1.58,0.75,120.0,11.0,4.0,185.0,28.0,0.0,0.0,0.0,20.0,SP,20.0,456.0,62.0,22.8,13.88,2.1,4.65,0.75,22.610386988653033,0.054080893923475815,5,0.625,7.0,7,6,1,1,0.0,4.12,0.057292402336600864,0.24342105263157895,0.24130879345603273,0.032719836400818,0.4442800788954635,0.33562771203155817,0.20670391061452514,3.895,0.31483620192533673
676609,José Caballero,R,NYY,9,Colin Rea,R,607067,824648,NYY @ CHC,11:20 AM,02/08,Scheduled,0.5622957646615457,,,,False,0100100111,estimated,5,2,0.4,1,2023,0.2073716812736939,0.3237666373125304,0.13163662852293923,0.2672485356641054,0.2553431442466276,20,1,0.018925283665168047,0.983,44.1,D,0.2637837837837838,1.9310164356616257,0.3844604138596893,0.16116828148376242,20,5,0,0.22962962962962963,0.24855491329479767,0.5594594594594594,0.2556756756756757,0.18486486486486486,0.23124448367166814,0.20238095238095238,0.20502092050209206,0.21953675730110775,0.23376623376623376,171,0.24675324675324675,166,False,False,0.5352096921218279,0.027086072539717843,3.347826086956522,3.6630434782608696,92,,,,,,,0.05148888005545852,20,4.67,1.4,111.2,8.0,7.0,83.0,40.0,1.0,0.0,1.0,18.0,SP,22.0,486.0,116.0,22.1,6.69,3.22,9.35,1.37,22.969772186507374,-0.013912431328212405,6,0.75,39.0,7,7,1,1,0.0,3.76,0.05312811012865735,0.23433242506811988,0.23645320197044334,0.06896551724137931,0.27060270602706027,0.2849889298892989,0.22346368715083798,3.443,0.3006305881233481
593428,Xander Bogaerts,R,SD,7,Landen Roupp,R,694738,823270,SF @ SD,1:10 PM,02/08,Scheduled,0.5616220532957288,,,,False,1100110111,estimated,9,2,0.2222222222222222,1,2024,0.20101969663574412,0.3008780977686764,0.41464986893132444,0.24412772537750435,0.17390220789698288,20,1,-0.0644649094950778,0.954,65.3,B,0.2772523643603783,2.039794422563589,0.303065598638351,0.2207891036263508,20,5,0,0.26595744680851063,0.20149253731343283,0.5383466135458167,0.25747011952191234,0.20418326693227093,0.21736453201970443,0.21390374331550802,0.20149253731343283,0.21416526138279932,0.21973094170403587,253,0.2158273381294964,165,False,False,0.5799198238947383,-0.0182977705990095,3.480769230769231,4.019230769230769,104,,,,,,,0.1320121481212868,20,4.12,1.26,113.2,7.0,9.0,114.0,48.0,0.0,0.0,0.0,21.0,SP,21.0,475.0,95.0,22.6,9.03,3.8,7.52,0.63,22.68196917403796,0.0068379467042711806,5,0.7142857142857143,-15.0,5,6,0,1,0.0,4.0,0.1108423851409848,0.22627737226277372,0.19616204690831557,0.1023454157782516,0.4215778474399164,0.3034973876698015,0.24043715846994534,3.761,0.32086721293973025
671976,Tristan Peters,L,CWS,7,Griffin Jax,R,643377,822943,CWS @ TB,10:40 AM,02/08,Scheduled,0.560945761594783,,,,False,0110000000,estimated,0,0,0.0,0,0,0.10774870881685315,0.22709473033476874,0.30287643496666333,0.13025242908932452,0.16302602527178026,20,1,0.14100862641008627,0.96,64.6,C,0.3097412480974125,3.8770291189912416,0.4038218735214904,0.2774986284761015,20,5,0,0.13636363636363635,0.2773722627737226,0.41807044410413474,0.3445635528330781,0.23736600306278713,0.2284313725490196,0.2698412698412698,0.21070234113712374,0.23814713896457765,0.21604938271604937,175,0.3283582089552239,153,False,False,0.5914481231726018,-0.030502361577818715,2.9306930693069306,3.2475247524752477,101,,,,,,,-0.2743896414532296,20,3.74,1.23,86.2,6.0,8.0,92.0,30.0,0.0,2.0,2.0,17.0,SP,28.0,358.0,77.0,12.8,9.55,3.12,8.0,1.35,18.621191787184095,0.009487571738550304,6,0.6666666666666666,-11.0,7,7,0,1,0.0,4.0,0.07998652011114289,0.26959247648902823,0.18873239436619718,0.0647887323943662,0.3236111111111111,0.29046428571428573,0.25,3.761,0.2588348360463079
680700,Richie Palacios,L,TB,8,Anthony Kay,L,641743,822943,CWS @ TB,10:40 AM,02/08,Scheduled,0.5596054942451728,,,,False,1100011000,estimated,0,0,0.0,0,0,0.17635128063186953,0.263792278189164,0.3210302901754233,0.24499197823110733,0.22027108482618923,20,2,0.008240977550440454,0.96,54.0,C,0.26346356916578667,2.360038775002667,0.3794729606694877,0.19868611379626921,20,5,0,0.23529411764705882,0.22705314009661837,0.5755015839493136,0.28141499472016895,0.14308342133051744,0.2509090909090909,0.19308943089430894,0.21933085501858737,0.22789539227895392,0.22727272727272727,150,0.22826086956521738,107,False,False,0.567563044691812,-0.00795755044663915,2.9473684210526314,3.3815789473684212,76,,,,,,,-0.11968272114843316,20,4.25,1.36,103.2,7.0,5.0,87.0,41.0,0.0,0.0,0.0,20.0,SP,22.0,467.0,100.0,21.2,7.55,3.56,8.68,1.22,21.303631651730925,-0.017655494245172876,6,0.8571428571428571,8.0,7,6,0,1,0.0,3.88,0.07050825391097236,0.22023809523809523,0.17,0.1375,0.28700248756218905,0.29326212686567166,0.18181818181818182,3.599,0.2824065996224369
666023,Freddy Fermin,R,SD,9,Landen Roupp,R,694738,823270,SF @ SD,1:10 PM,02/08,Scheduled,0.5582849363083385,,,,False,1101110111,estimated,0,0,0.0,0,0,0.26541737912042235,0.26958182263227376,0.27690392760709065,0.35477939480838105,0.12987451824461604,20,1,-0.07788671023965141,0.954,65.3,B,0.2772523643603783,2.039794422563589,0.303065598638351,0.2207891036263508,20,5,0,0.23529411764705882,0.1574074074074074,0.5383466135458167,0.25747011952191234,0.20418326693227093,0.17253521126760563,0.1320754716981132,0.2,0.16109422492401215,0.19753086419753085,92,0.16666666666666666,92,False,False,0.5582849363083385,0.0,2.890909090909091,3.3454545454545452,55,,,,,,,0.07663336255247861,20,4.12,1.26,113.2,7.0,9.0,114.0,48.0,0.0,0.0,0.0,21.0,SP,21.0,475.0,95.0,22.6,9.03,3.8,7.52,0.63,22.68196917403796,-0.010324936308338528,5,0.7142857142857143,-15.0,5,6,0,1,0.0,3.76,0.07063752456740674,0.21508379888268156,0.2,0.0675,0.31115107913669066,0.2677769784172662,0.24043715846994534,3.443,0.32086721293973025
624585,Jorge Soler,R,LAA,4,Jacob Misiorowski,R,694819,823996,MIL @ LAA,12:15 PM,02/08,Scheduled,0.5539503714248718,,,,False,0011010101,estimated,0,0,0.0,0,0,0.16850016515744862,0.3181491386268487,0.49018253711864873,0.3645815274393515,0.3679147213123302,20,1,-0.008333333333333331,0.979,92.6,A,0.3638483965014577,8.442050643981068,0.37175444686389014,0.42139435246265405,19,7,0,0.20833333333333334,0.2,0.780630105017503,0.20478413068844808,0.014585764294049008,0.2199546485260771,0.23529411764705882,0.141643059490085,0.21414538310412573,0.2422680412371134,216,0.13675213675213677,141,False,False,0.5893026572352572,-0.03535228581038541,3.6588235294117646,4.2,85,,,,,,,-0.11390940645609637,20,1.58,0.75,120.0,11.0,4.0,185.0,28.0,0.0,0.0,0.0,20.0,SP,20.0,456.0,62.0,22.8,13.88,2.1,4.65,0.75,22.610386988653033,0.04336962857512827,5,0.625,7.0,7,6,1,1,0.0,4.35,0.07988691015957002,0.20722891566265061,0.3270440251572327,0.09853249475890985,0.44684684684684683,0.3166216216216216,0.20670391061452514,4.159,0.31483620192533673
668952,Ryan Kreidler,R,MIN,9,George Kirby,R,669923,823107,MIN @ SEA,1:10 PM,02/08,Scheduled,0.5529879871618998,,,,False,0000111101,estimated,0,0,0.0,0,0,0.204503433447583,0.35526264460761364,0.4506051315789029,0.2450963031986018,0.2220065277699958,20,1,-0.04034113984025994,0.906,55.3,C,0.2714757709251101,4.981789622994654,0.4214914584259961,0.22097746128116122,20,6,0,0.26506024096385544,0.2247191011235955,0.5350248207391064,0.39327082184225043,0.07170435741864313,0.21863117870722434,0.22025316455696203,0.1885245901639344,0.21551724137931033,0.25,95,0.23809523809523808,90,False,False,0.5590751521823423,-0.0060871650204424865,2.7301587301587302,2.9365079365079363,63,,,,,,,-0.031305923997866136,20,3.98,1.3,120.0,8.0,9.0,107.0,25.0,0.0,0.0,0.0,20.0,SP,20.0,497.0,131.0,24.9,8.03,1.88,9.83,1.13,24.588135964408472,-0.011687987161899782,7,1.0,-10.0,7,6,0,1,0.0,3.76,0.0066551041800367305,0.20666666666666667,0.2326283987915408,0.0755287009063444,0.34417040358744394,0.24588340807174888,0.2907488986784141,3.443,0.33998943548983895
666211,Taylor Trammell,L,HOU,7,Kumar Rocker,R,677958,824163,TEX @ HOU,11:10 AM,02/08,Scheduled,0.5523056453647625,,,,False,1100110111,estimated,0,0,0.0,0,0,0.18989925627377083,0.2957663776453743,0.32575119351924003,0.313678294350972,0.2949544250033859,20,1,0.07760814249363868,0.998,48.6,D,0.2616933096506809,2.795413054106867,0.4038878127862497,0.22683743361231498,20,6,0,0.16666666666666666,0.24427480916030533,0.5628706998813761,0.38256227758007116,0.054567022538552785,0.23868312757201646,0.2534246575342466,0.22448979591836735,0.2408207343412527,0.3246753246753247,85,0.13636363636363635,75,False,False,0.539265319632065,0.013040325732697422,2.69811320754717,3.018867924528302,53,,,,,,,-0.015419889565906284,20,4.03,1.29,102.2,4.0,8.0,93.0,38.0,0.0,0.0,0.0,18.0,SP,20.0,436.0,94.0,21.8,8.15,3.33,8.24,1.14,21.995090734140856,-0.0029056453647624547,5,0.625,7.0,6,6,1,1,0.0,4.0,0.07764549837649667,0.2103448275862069,0.3263473053892216,0.11077844311377245,0.37384898710865566,0.28787292817679555,0.27314814814814814,3.761,0.3449035819399034
642715,Willy Adames,R,SF,7,Mike King,R,650633,823270,SF @ SD,1:10 PM,02/08,Scheduled,0.5520904703169315,,,,False,1011111100,estimated,9,3,0.3333333333333333,1,2023,0.195374084966956,0.3039504957527379,0.24798743780859056,0.23385971865692343,0.20721526593282866,20,1,0.05306975249116039,0.954,68.3,B,0.2852216748768473,2.161377032259961,0.322687093471506,0.20493064572233569,20,5,0,0.18627450980392157,0.23934426229508196,0.4714285714285714,0.2458128078817734,0.2827586206896552,0.22681630242173656,0.2037037037037037,0.22686567164179106,0.2191869918699187,0.2556053811659193,244,0.19021739130434784,197,False,False,0.5584612294832177,-0.006370759166286266,3.876190476190476,4.2,105,,,,,,,-0.00919910717367227,20,3.38,1.17,125.1,6.0,7.0,109.0,50.0,0.0,0.0,0.0,22.0,SP,22.0,515.0,97.0,23.4,7.83,3.59,6.97,0.93,23.783289580222306,-0.02437380365026487,6,0.8571428571428571,7.0,6,7,0,1,0.0,4.0,0.11089100924325754,0.2205240174672489,0.2874251497005988,0.07784431137724551,0.39171974522292996,0.3077261146496815,0.22285714285714286,3.761,0.31348301546667906
687221,Dalton Rushing,L,LAD,9,Jake Bennett,L,687562,823919,BOS @ LAD,4:20 PM,02/08,Scheduled,0.5496455200568815,,,,False,0010111110,estimated,0,0,0.0,0,0,0.2554722174891075,0.4089830539912947,0.482798244316757,0.42665527591492475,0.3310536689733467,20,1,-0.016482324875298188,0.973,81.6,A,0.27039106145251396,4.662790343574347,0.3494011348965562,0.18022612938024243,11,5,0,0.2413793103448276,0.2578616352201258,0.6453423120089786,0.09988776655443322,0.2547699214365881,0.23202170963364993,0.26170798898071623,0.23104693140794225,0.23809523809523808,0.23636363636363636,121,0.27102803738317754,124,False,True,0.5358865794537625,0.013758940603118996,3.013888888888889,3.4027777777777777,72,,,,,,,0.018919783661283326,20,2.74,0.97,65.2,6.0,4.0,46.0,11.0,0.0,0.0,0.0,11.0,SP,11.0,256.0,53.0,23.3,6.3,1.51,7.26,0.69,23.679475766274102,-0.010762186723548228,6,0.8571428571428571,22.0,7,6,1,1,0.0,3.76,0.12699697391657033,0.22551928783382788,0.30809399477806787,0.09921671018276762,0.4463470319634703,0.3422465753424657,0.15254237288135594,3.443,0.3396755676533206
664023,Ian Happ,L,CHC,5,Gerrit Cole,R,543037,824648,NYY @ CHC,11:20 AM,02/08,Scheduled,0.5495830573230444,,,,False,1101010110,estimated,7,1,0.14285714285714285,1,2023,0.20728696322790496,0.27647064765358753,0.29522849768495124,0.30606525832440357,0.2919266721353902,20,1,0.003356588126892185,0.983,68.1,B,0.2952202436738519,5.758718939586668,0.43484979030430454,0.27476589336915835,12,5,0,0.21495327102803738,0.21830985915492956,0.5130183220829315,0.33461909353905495,0.1523625843780135,0.19745608721986674,0.21799746514575413,0.19066147859922178,0.20259820600061862,0.21076233183856502,262,0.2261904761904762,197,False,False,0.5668091632047696,-0.01722610588172524,3.723809523809524,4.371428571428571,105,,,,,,,-0.10726306390388442,20,3.57,1.09,68.0,4.0,5.0,73.0,14.0,0.0,0.0,0.0,12.0,SP,12.0,279.0,60.0,23.2,9.66,1.85,7.94,1.46,23.43423843698862,0.012056942676955562,5,0.625,2.0,7,7,1,1,0.0,4.25,0.11598713008830842,0.21379310344827587,0.3131115459882583,0.1232876712328767,0.43272727272727274,0.30656727272727274,0.20689655172413793,4.023,0.2989308918554812
545341,Randal Grichuk,R,CWS,9,Griffin Jax,R,643377,822943,CWS @ TB,10:40 AM,02/08,Scheduled,0.5488626455577695,,,,False,1000110011,estimated,0,0,0.0,0,0,0.28839287073169306,0.2924035913025112,0.3633148684015493,0.4072541891827932,0.2583227274212621,20,1,-0.11458333333333334,0.96,64.6,C,0.3097412480974125,3.8770291189912416,0.4038218735214904,0.2774986284761015,20,5,0,0.28125,0.16666666666666666,0.41807044410413474,0.3445635528330781,0.23736600306278713,0.22432859399684044,0.2906574394463668,0.3076923076923077,0.2554347826086957,0.26506024096385544,88,0.25333333333333335,79,False,False,0.5706436983830976,-0.02178105282532805,2.257142857142857,2.3857142857142857,70,,,,,,,0.018382719401986564,20,3.74,1.23,86.2,6.0,8.0,92.0,30.0,0.0,2.0,2.0,17.0,SP,28.0,358.0,77.0,12.8,9.55,3.12,8.0,1.35,18.621191787184095,0.012504021108897145,6,0.6666666666666666,-11.0,7,7,0,1,0.0,3.76,0.028337818744847823,0.22695035460992907,0.21926910299003322,0.046511627906976744,0.4548611111111111,0.3317731481481481,0.22950819672131148,3.443,0.2588348360463079
694374,Tim Tawa,R,AZ,7,Gavin Williams,R,668909,824404,AZ @ CLE,10:40 AM,02/08,Scheduled,0.5453803423896773,,,,False,1111000000,estimated,0,0,0.0,0,0,0.1778603101140057,0.26828979837165073,0.48300308840307626,0.22965141355790544,0.2232718918459695,20,1,0.06818181818181818,0.987,62.7,C,0.329004329004329,6.011703672390437,0.4982556917295959,0.33477968647374234,20,5,0,0.1590909090909091,0.22727272727272727,0.50634765625,0.49365234375,0.0,0.1525096525096525,0.22847682119205298,0.1326530612244898,0.17519042437431992,0.20967741935483872,70,0.2,81,False,False,0.583202747587061,-0.03782240519738378,2.8085106382978724,3.2127659574468086,47,,,,,,,-0.1465908025238409,20,3.71,1.07,133.1,10.0,6.0,168.0,38.0,0.0,0.0,0.0,22.0,SP,22.0,532.0,105.0,24.2,11.34,2.57,7.09,1.42,24.10325512461824,0.02366251475318004,7,0.875,6.0,7,6,1,1,0.0,4.0,0.04432435247609827,0.22023809523809523,0.25654450261780104,0.08638743455497382,0.4254201680672269,0.28863865546218487,0.23529411764705882,3.761,0.34643659119081477
680779,Henry Davis,R,PIT,9,Chase Burns,R,695505,824483,PIT @ CIN,10:40 AM,02/08,Scheduled,0.5445778732337978,,,,False,1010110011,estimated,5,0,0.0,1,2025,0.25793189310730885,0.2779957486340779,0.4191048228690953,0.3098897904159935,0.1797276669117109,20,1,0.03726525821596244,1.083,75.0,B,0.2934841141626279,2.8481329309719143,0.35937652663409475,0.27405216951049327,20,5,0,0.14583333333333334,0.18309859154929578,0.5665051157781368,0.3780290791599354,0.05546580506192784,0.1819571865443425,0.13649025069637882,0.20945945945945946,0.16921768707482993,0.14814814814814814,121,0.2073170731707317,97,False,False,0.5352096921218279,0.009368181111969909,3.015873015873016,3.4603174603174605,63,,,,,,,0.02434064545840974,20,2.4,1.12,112.2,12.0,1.0,128.0,41.0,0.0,0.0,0.0,20.0,SP,20.0,455.0,85.0,22.8,10.22,3.28,6.79,1.04,22.697492150997526,0.031572126766202135,4,0.5,6.0,7,7,1,1,0.0,3.76,0.07413612089719282,0.16939890710382513,0.25,0.07692307692307693,0.4122137404580153,0.2678473282442748,0.19375,3.443,0.29243927847489665
828599,Lucas Spence,L,HOU,8,Kumar Rocker,R,677958,824163,TEX @ HOU,11:10 AM,02/08,Scheduled,0.5431392538813234,,,,False,0010100001,estimated,0,0,0.0,0,0,0.21268531611435978,0.27175541508531226,0.254328760505997,0.32840195047860693,0.3852528861985158,12,2,-0.275,0.998,48.6,D,0.2616933096506809,2.795413054106867,0.4038878127862497,0.22683743361231498,20,6,0,0.4,0.125,0.5628706998813761,0.38256227758007116,0.054567022538552785,0.19327731092436976,0.11428571428571428,0.08450704225352113,0.1520912547528517,0.2,24,0.11764705882352941,18,True,False,0.5314559411133044,0.011683312768019039,3.0833333333333335,3.5,12,,,,,,,-0.14130601135790938,12,4.03,1.29,102.2,4.0,8.0,93.0,38.0,0.0,0.0,0.0,18.0,SP,20.0,436.0,94.0,21.8,8.15,3.33,8.24,1.14,21.995090734140856,-0.0015792538813235169,5,0.625,7.0,6,6,1,1,0.0,3.88,0.05838369031933847,,,,,,0.27314814814814814,3.599,0.3449035819399034
702616,Jackson Holliday,L,BAL,8,Zack Wheeler,R,554430,824807,PHI @ BAL,10:35 AM,02/08,Scheduled,0.5421943739872388,,,,False,1111011110,estimated,0,0,0.0,0,0,0.34588499014593055,0.3495386739426299,0.3027518233208467,0.45502211182162583,0.21585559485474184,20,1,0.08381782945736432,1.044,85.0,A,0.29615861214374223,5.896894577864896,0.34898283162160865,0.3350981035680971,17,6,0,0.1875,0.2713178294573643,0.6164807930607187,0.22490706319702602,0.15861214374225527,0.22959183673469388,0.2440944881889764,0.23577235772357724,0.23395445134575568,0.2716049382716049,99,0.2375,94,False,False,0.5582849363083385,-0.016090562321099733,2.7288135593220337,3.2711864406779663,59,,,,,,,0.07189514271205145,20,2.53,0.92,103.0,10.0,2.0,123.0,23.0,0.0,0.0,0.0,17.0,SP,17.0,396.0,72.0,23.3,10.75,2.01,6.29,1.14,23.06147852406809,0.027943126012761277,8,1.0,-15.0,7,6,1,1,0.0,3.88,0.13711977047438634,0.22524752475247525,0.20464135021097046,0.12869198312236288,0.35884907709011943,0.297814332247557,0.19090909090909092,3.599,0.3091512567157343
701358,Cam Smith,R,HOU,9,Kumar Rocker,R,677958,824163,TEX @ HOU,11:10 AM,02/08,Scheduled,0.5399148872720428,,,,False,0001000111,estimated,0,0,0.0,0,0,0.14439464470396685,0.263068778780603,0.43972682618092124,0.1982872694649581,0.21641972789469077,20,1,0.005169172932330823,0.998,48.6,D,0.2616933096506809,2.795413054106867,0.4038878127862497,0.22683743361231498,20,6,0,0.20535714285714285,0.21052631578947367,0.5628706998813761,0.38256227758007116,0.054567022538552785,0.21701514059120403,0.20603015075376885,0.17955801104972377,0.207924391130498,0.2019704433497537,226,0.21794871794871795,176,False,False,0.5506928959914099,-0.010778008719367071,3.451923076923077,3.8653846153846154,104,,,,,,,-0.09689757944960689,20,4.03,1.29,102.2,4.0,8.0,93.0,38.0,0.0,0.0,0.0,18.0,SP,20.0,436.0,94.0,21.8,8.15,3.33,8.24,1.14,21.995090734140856,0.011125112727957243,5,0.625,7.0,6,6,1,1,0.0,3.76,0.08629891477284675,0.20157068062827224,0.23963133640552994,0.08525345622119816,0.44832134292565945,0.32028776978417267,0.2,3.443,0.3449035819399034
805300,Jakob Marsee,L,MIA,8,Robert Stock,R,476594,823592,MIA @ NYM,10:40 AM,02/08,Scheduled,0.5397544600606923,,,,False,0110100110,estimated,0,0,0.0,0,0,0.2064274097843867,0.22918521857371557,0.27568534472432077,0.27616187542076776,0.22979133247063485,20,1,-0.04854641373891572,0.949,,,,,,,0,0,0,0.23728813559322035,0.18874172185430463,,,,0.18144927536231883,0.19629057187017002,0.19736842105263158,0.18709209572153734,0.2107843137254902,239,0.17834394904458598,194,False,False,0.5415804512881143,-0.001825991227421997,3.4056603773584904,4.084905660377358,106,,,,,,,0.025362475602427617,20,,,,,,,,,,,,,,,,,,,,,,-0.014283031489263687,7,0.875,-4.0,6,7,0,1,0.0,3.88,0.10959365245660142,0.2023529411764706,0.21157684630738524,0.1157684630738523,0.335423197492163,0.29065987460815046,,3.599,0.31147965071251243
621020,Dansby Swanson,R,CHC,9,Gerrit Cole,R,543037,824648,NYY @ CHC,11:20 AM,02/08,Scheduled,0.5387504871281845,,,,False,1011110000,estimated,0,0,0.0,0,0,0.19778806978151253,0.31272829907428545,0.32135465787816575,0.25104649459736594,0.25503917423930034,20,1,-0.01563764809772611,0.983,68.1,B,0.2952202436738519,5.758718939586668,0.43484979030430454,0.27476589336915835,12,5,0,0.22429906542056074,0.20866141732283464,0.5130183220829315,0.33461909353905495,0.1523625843780135,0.19528301886792454,0.17142857142857143,0.20618556701030927,0.189010989010989,0.225130890052356,214,0.2,194,False,False,0.5340452919779696,0.004705195150214947,3.4711538461538463,3.923076923076923,104,,,,,,,-0.1257705176446767,20,3.57,1.09,68.0,4.0,5.0,73.0,14.0,0.0,0.0,0.0,12.0,SP,12.0,279.0,60.0,23.2,9.66,1.85,7.94,1.46,23.43423843698862,0.008869512871815477,5,0.625,2.0,7,7,1,1,0.0,3.76,0.05233558800872867,0.21375921375921375,0.2472885032537961,0.09978308026030369,0.4254835039817975,0.29654778156996586,0.2727272727272727,3.443,0.2989308918554812
622268,Donovan Walton,L,ATH,9,Keider Montero,R,672456,824971,DET @ ATH,1:05 PM,02/08,Scheduled,0.5358465729511072,,,,False,0110010101,estimated,0,0,0.0,0,0,0.3273494450071984,0.2991036685984418,0.28331422714304383,0.39230019944247463,0.1882444236882357,20,1,0.1076923076923077,0.977,82.8,A,0.27125,4.856373999438966,0.33912020320310216,0.20368364073849918,20,6,0,0.2,0.3076923076923077,0.5382685069008782,0.32747804265997493,0.1342534504391468,0.26229508196721313,0.25663716814159293,0.23115577889447236,0.2537878787878788,0.28125,69,0.32,61,False,False,0.5405095589128621,-0.004662985961754962,2.85,3.25,40,,,,,,,-0.07844302243022638,20,3.34,1.02,110.1,7.0,6.0,79.0,23.0,1.0,0.0,1.0,17.0,SP,23.0,443.0,89.0,19.3,6.44,1.88,7.26,0.9,17.954657890021068,1.5927048892860896e-05,8,1.0,-3.0,6,7,1,1,0.0,3.76,0.15606870383442734,0.21338912133891214,0.1814814814814815,0.08888888888888889,0.33289473684210524,0.2535578947368421,0.21818181818181817,3.443,0.2916429598225816
691723,Coby Mayo,R,BAL,7,Zack Wheeler,R,554430,824807,PHI @ BAL,10:35 AM,02/08,Scheduled,0.5346023336703101,,,,False,1010010100,estimated,0,0,0.0,0,0,0.1946970581855964,0.35366193394157375,0.5042936879355941,0.3103591411225787,0.4706599569016283,20,1,-0.09670314543327141,1.044,85.0,A,0.29615861214374223,5.896894577864896,0.34898283162160865,0.3350981035680971,17,6,0,0.26436781609195403,0.16766467065868262,0.6164807930607187,0.22490706319702602,0.15861214374225527,0.21035598705501618,0.1837837837837838,0.256198347107438,0.20586694604504976,0.19444444444444445,159,0.20909090909090908,119,False,False,0.5581479662212013,-0.02354563255089126,3.1358024691358026,3.432098765432099,81,,,,,,,-0.11057318024302112,20,2.53,0.92,103.0,10.0,2.0,123.0,23.0,0.0,0.0,0.0,17.0,SP,17.0,396.0,72.0,23.3,10.75,2.01,6.29,1.14,23.06147852406809,0.020697666329689945,8,1.0,-15.0,7,6,1,1,0.0,4.0,0.05574845423103029,0.20418848167539266,0.3270588235294118,0.08470588235294117,0.43209876543209874,0.31111522633744854,0.2,3.761,0.3091512567157343
679822,Justin Foscue,R,TEX,9,Peter Lambert,R,663567,824163,TEX @ HOU,11:10 AM,02/08,Scheduled,0.5321576492852039,,,,False,0011000000,estimated,0,0,0.0,0,0,0.10810046101949303,0.18776364861752984,0.24861119622025132,0.21941989635943973,0.4681639603427296,20,1,-0.19318181818181818,0.998,69.4,B,0.27076023391812865,2.748627193979088,0.3652957809353025,0.23577470691970062,18,5,0,0.3181818181818182,0.125,0.4964871194379391,0.2693208430913349,0.234192037470726,0.22286821705426357,0.31785714285714284,0.30434782608695654,0.2633832976445396,0.28125,69,0.234375,73,False,False,0.5224484637407412,0.009709185544462762,2.245614035087719,2.491228070175439,57,,,,,,,-0.18682327106590932,20,3.06,1.15,103.0,8.0,5.0,100.0,39.0,0.0,0.0,0.0,18.0,SP,18.0,429.0,79.0,23.8,8.74,3.41,6.9,0.96,23.903130110826957,-0.016957649285203935,6,0.75,0.0,7,7,1,1,0.0,3.76,0.020551780480442258,0.19158878504672897,0.2966101694915254,0.0635593220338983,0.3159722222222222,0.2544722222222222,0.27419354838709675,3.443,0.32063241856314684
665923,Esteury Ruiz,R,MIA,9,Robert Stock,R,476594,823592,MIA @ NYM,10:40 AM,02/08,Scheduled,0.5308485826617866,,,,False,1001010011,estimated,0,0,0.0,0,0,0.2583668019810786,0.3129263560396902,0.26459445108898444,0.4751589969551053,0.398509609971417,20,1,0.12437810945273631,0.949,,,,,,,0,0,0,0.208955223880597,0.3333333333333333,,,,0.20185614849187936,0.20161290322580644,0.2116788321167883,0.2034313725490196,0.22950819672131148,75,0.3,71,False,False,0.5308485826617866,0.0,2.1228070175438596,2.56140350877193,57,,,,,,,-0.08308677292034743,20,,,,,,,,,,,,,,,,,,,,,,-0.026805725518929457,7,0.875,-4.0,6,7,0,1,0.0,3.76,0.07751585512636432,0.23048327137546468,0.28205128205128205,0.08333333333333333,0.2670349907918969,0.26791160220994475,,3.443,0.31147965071251243
657136,Connor Wong,R,BOS,9,Emmet Sheehan,R,686218,823919,BOS @ LAD,4:20 PM,02/08,Scheduled,0.5308485826617866,,,,False,0101011000,estimated,0,0,0.0,0,0,0.24526840118837948,0.3249703911725986,0.4907445247058159,0.3287663581634431,0.2664556402733686,20,1,-0.03639846743295019,0.973,71.4,B,0.2934386391251519,3.332087834273528,0.38685625799416873,0.2613815439564114,19,7,0,0.2777777777777778,0.2413793103448276,0.42560975609756097,0.40792682926829266,0.16646341463414635,0.20522388059701493,0.1268882175226586,0.10638297872340426,0.16787564766839377,0.22093023255813954,100,0.3090909090909091,66,False,False,0.5340452919779696,-0.0031967093161829885,2.82,3.32,50,,,,,,,-0.056187777250911765,20,4.95,1.25,92.2,4.0,7.0,104.0,29.0,0.0,0.0,0.0,19.0,SP,19.0,396.0,87.0,20.8,10.1,2.82,8.45,1.65,20.763744123413314,-0.0018914398046436798,7,0.875,10.0,6,7,1,1,0.0,3.76,0.07526400762223981,0.22063037249283668,0.22942643391521197,0.09226932668329177,0.3312581063553826,0.28029961089494165,0.23870967741935484,3.443,0.2925660343716699
681546,James Outman,L,DET,9,Gage Jump,L,695611,824971,DET @ ATH,1:05 PM,02/08,Scheduled,0.529441544524423,,,,False,1100111010,estimated,0,0,0.0,0,0,0.22408417543835757,0.29426156029809647,0.5959591931300275,0.2927957622998763,0.3435930082879687,20,4,0.1582089552238806,0.977,44.8,D,0.28677839851024206,2.751668795605044,0.4285918896365957,0.27065830868283186,12,5,0,0.3,0.1417910447761194,0.5065420560747663,0.4205607476635514,0.07289719626168224,0.12946428571428573,0.17142857142857143,0.1,0.13394683026584867,0.15789473684210525,84,0.16666666666666666,86,False,True,0.5224484637407412,0.006993080783681882,2.610169491525424,2.8813559322033897,59,,,,,,,-0.025949074238131788,20,4.0,1.4,63.0,4.0,6.0,68.0,25.0,0.0,0.0,0.0,12.0,SP,12.0,267.0,63.0,22.2,9.71,3.57,9.0,1.0,22.17864954429283,-0.0022915445244230392,6,0.6666666666666666,-17.0,7,6,1,1,0.0,3.76,0.006189246887434161,0.1509433962264151,0.4096045197740113,0.07344632768361582,0.3815028901734104,0.2610115606936416,0.2786885245901639,3.443,0.3646801872283064
670764,Taylor Walls,L,TB,9,Anthony Kay,L,641743,822943,CWS @ TB,10:40 AM,02/08,Scheduled,0.5268450956834713,,,,False,1101000000,estimated,0,0,0.0,0,0,0.12133813540974546,0.19450788342556016,0.18000789309352108,0.21766876893343876,0.376097901328846,20,1,0.02958579881656806,0.96,54.0,C,0.26346356916578667,2.360038775002667,0.3794729606694877,0.19868611379626921,20,5,0,0.23076923076923078,0.20118343195266272,0.5755015839493136,0.28141499472016895,0.14308342133051744,0.2105798575788403,0.18138424821002386,0.16606498194945848,0.19599764567392583,0.2318840579710145,158,0.1885245901639344,147,False,False,0.5224484637407412,0.0043966319427301,3.1325301204819276,3.674698795180723,83,,,,,,,-0.24651889828647205,20,4.25,1.36,103.2,7.0,5.0,87.0,41.0,0.0,0.0,0.0,20.0,SP,22.0,467.0,100.0,21.2,7.55,3.56,8.68,1.22,21.303631651730925,-0.015178429016804662,6,0.8571428571428571,8.0,7,6,0,1,0.0,3.76,0.05345810034798478,0.225130890052356,0.2437357630979499,0.09111617312072894,0.25793939393939397,0.2747890909090909,0.18181818181818182,3.443,0.2824065996224369
657757,Gavin Sheets,L,SD,8,Landen Roupp,R,694738,823270,SF @ SD,1:10 PM,02/08,Scheduled,0.5268450956834713,,,,False,0110011000,estimated,6,1,0.16666666666666666,1,2025,0.17109549236709598,0.16766442704869833,0.29457327874181016,0.19962574820418508,0.17172626643614092,20,1,0.04050984351337708,0.954,65.3,B,0.2772523643603783,2.039794422563589,0.303065598638351,0.2207891036263508,20,5,0,0.17857142857142858,0.21908127208480566,0.5383466135458167,0.25747011952191234,0.20418326693227093,0.1914590747330961,0.1925133689839572,0.2151639344262295,0.1970499243570348,0.2,214,0.23809523809523808,147,False,False,0.5487241355505573,-0.02187903986708606,3.049019607843137,3.5392156862745097,102,,,,,,,-0.14517750882534547,20,4.12,1.26,113.2,7.0,9.0,114.0,48.0,0.0,0.0,0.0,21.0,SP,21.0,475.0,95.0,22.6,9.03,3.8,7.52,0.63,22.68196917403796,0.00971490431652866,5,0.7142857142857143,-15.0,5,6,0,1,0.0,3.88,0.11825337071758545,0.21066666666666667,0.20093457943925233,0.10514018691588785,0.42560553633217996,0.28496539792387543,0.21610169491525424,3.599,0.32086721293973025
694203,Denzer Guzman,R,LAA,7,Jacob Misiorowski,R,694819,823996,MIL @ LAA,12:15 PM,02/08,Scheduled,0.5265284985384794,,,,False,0101010111,estimated,0,0,0.0,0,0,0.2098834657238496,0.30449574882567315,0.27031884839025616,0.289343172937677,0.25249570942232996,20,1,0.0004528985507246397,0.979,92.6,A,0.3638483965014577,8.442050643981068,0.37175444686389014,0.42139435246265405,19,7,0,0.2391304347826087,0.23958333333333334,0.780630105017503,0.20478413068844808,0.014585764294049008,0.24390243902439024,0.15294117647058825,0.2440944881889764,0.21895124195032198,0.23595505617977527,94,0.24528301886792453,59,False,False,0.5734553881682454,-0.04692688962976599,3.8378378378378377,4.135135135135135,37,,,,,,,0.13133765023729577,20,1.58,0.75,120.0,11.0,4.0,185.0,28.0,0.0,0.0,0.0,20.0,SP,20.0,456.0,62.0,22.8,13.88,2.1,4.65,0.75,22.610386988653033,0.053611501461520716,5,0.625,7.0,7,6,1,1,0.0,4.0,0.020941439474448174,0.22282608695652173,0.3112244897959184,0.04591836734693878,0.36585365853658536,0.30511382113821134,0.20670391061452514,3.761,0.31483620192533673
805367,Chase Meidroth,R,CWS,8,Griffin Jax,R,643377,822943,CWS @ TB,10:40 AM,02/08,Scheduled,0.523055822192259,,,,False,1101111000,estimated,0,0,0.0,0,0,0.2298700699330033,0.2778962121617601,0.33871708035520554,0.2875990492728817,0.1640411682143288,20,1,-0.006318006318006275,0.96,64.6,C,0.3097412480974125,3.8770291189912416,0.4038218735214904,0.2774986284761015,20,5,0,0.2727272727272727,0.26640926640926643,0.41807044410413474,0.3445635528330781,0.23736600306278713,0.2587672688629118,0.24629418472063855,0.2578125,0.25562955915001584,0.2648401826484018,253,0.27325581395348836,192,False,False,0.5622957646615457,-0.03923994246928675,3.688679245283019,4.19811320754717,106,,,,,,,-0.07293077430661699,20,3.74,1.23,86.2,6.0,8.0,92.0,30.0,0.0,2.0,2.0,17.0,SP,28.0,358.0,77.0,12.8,9.55,3.12,8.0,1.35,18.621191787184095,0.016494177807740984,6,0.6666666666666666,-11.0,7,7,0,1,0.0,3.88,0.09064540352076904,0.26681614349775784,0.22111553784860558,0.08565737051792828,0.35696517412935325,0.3001567164179104,0.22950819672131148,3.599,0.2588348360463079
806198,Cooper Pratt,R,MIL,9,Walbert Ureña,R,700712,823996,MIL @ LAA,12:15 PM,02/08,Scheduled,0.5169098912401958,,,,False,1101101111,estimated,0,0,0.0,0,0,0.35912122861707235,0.2794786460718166,0.24185799111360373,0.547111451301337,0.2074509467925338,20,1,0.0548780487804878,0.979,73.3,B,0.2870603015075377,1.832994199414209,0.3159763935171778,0.21958208249312372,18,6,0,0.25,0.3048780487804878,0.5242596093257719,0.15311909262759923,0.32262129804662887,0.31887755102040816,0.32589285714285715,0.17105263157894737,0.3035971223021583,0.3103448275862069,68,0.26785714285714285,68,True,True,0.5506928959914099,-0.033783004751214096,3.1666666666666665,3.7777777777777777,36,,,,,,,0.0653302028314521,20,2.7,1.26,93.1,6.0,7.0,88.0,49.0,0.0,0.0,0.0,17.0,SP,19.0,401.0,69.0,21.1,8.49,4.73,6.65,0.58,22.40271883570706,0.001973442093137545,6,0.6666666666666666,-8.0,7,6,1,1,0.0,3.76,0.1562907407444192,0.29914529914529914,0.16666666666666666,0.12318840579710146,0.3537234042553192,0.3164308510638298,0.19254658385093168,3.443,0.3083547371513855
814439,Ryan Waldschmidt,R,AZ,9,Gavin Williams,R,668909,824404,AZ @ CLE,10:40 AM,02/08,Scheduled,0.5169098912401958,,,,False,1110111111,estimated,0,0,0.0,0,0,0.37776848102811206,0.3811992319217115,0.2883231293588761,0.5133592056665254,0.26692634108481766,20,1,-0.2374741200828157,0.987,62.7,C,0.329004329004329,6.011703672390437,0.4982556917295959,0.33477968647374234,20,5,0,0.45652173913043476,0.21904761904761905,0.50634765625,0.49365234375,0.0,0.27087198515769945,0.26631853785900783,0.25773195876288657,0.267909715407262,0.23170731707317074,86,0.36231884057971014,79,True,False,0.5507857387552594,-0.03387584751506356,3.3555555555555556,3.6666666666666665,45,,,,,,,0.22349469622854196,20,3.71,1.07,133.1,10.0,6.0,168.0,38.0,0.0,0.0,0.0,22.0,SP,22.0,532.0,105.0,24.2,11.34,2.57,7.09,1.42,24.10325512461824,0.032432965902661426,7,0.875,6.0,7,6,1,1,0.0,3.76,0.018560071111071344,0.2721518987341772,0.3179190751445087,0.05202312138728324,0.3640776699029126,0.3274077669902912,0.23529411764705882,3.443,0.34643659119081477
663728,Cal Raleigh,L,SEA,6,Taj Bradley,R,671737,823107,MIN @ SEA,1:10 PM,02/08,Scheduled,0.5144652068550896,-100.0,104.0,50.0,False,0110110010,estimated,6,2,0.3333333333333333,1,2023,0.14108051612468664,0.33991324523350075,0.47777223352186665,0.28137387566846717,0.35395815504018063,20,1,0.017154040985493918,0.906,55.1,C,0.28522671867381766,2.850784074485702,0.46721369715317485,0.2848306597976569,20,5,0,0.1511627906976744,0.16831683168316833,0.7068292682926829,0.09121951219512195,0.20195121951219513,0.15411436541143655,0.16526610644257703,0.1471861471861472,0.15593869731800766,0.17777777777777778,205,0.1388888888888889,129,False,False,0.5458072307484763,-0.031342023893386695,3.6923076923076925,4.282051282051282,78,,,,,,,-0.020371778283262056,20,3.65,1.21,120.2,9.0,4.0,139.0,49.0,0.0,0.0,0.0,21.0,SP,21.0,504.0,97.0,24.0,10.37,3.65,7.23,1.27,24.213263484941745,0.014159793144910449,4,0.4444444444444444,-18.0,6,7,0,1,0.0,4.12,0.12074706111105941,0.20224719101123595,0.3015267175572519,0.11450381679389313,0.3861788617886179,0.3006898954703833,0.19230769230769232,3.895,0.30139161988540525
624424,Michael Conforto,L,CHC,8,Gerrit Cole,R,543037,824648,NYY @ CHC,11:20 AM,02/08,Scheduled,0.513427163213974,,,,False,0100011000,estimated,0,0,0.0,0,0,0.1490393267220444,0.2162419849021279,0.34843345551109045,0.24866047608922204,0.2972271159869085,20,2,0.0,0.983,68.1,B,0.2952202436738519,5.758718939586668,0.43484979030430454,0.27476589336915835,12,5,0,,0.23353293413173654,0.5130183220829315,0.33461909353905495,0.1523625843780135,0.2125,0.17455621301775148,0.15217391304347827,0.18788410886742757,0.20481927710843373,94,0.2619047619047619,99,False,False,0.5314559411133044,-0.01802877789933044,2.287671232876712,2.643835616438356,73,,,,,,,-0.15359232703100112,20,3.57,1.09,68.0,4.0,5.0,73.0,14.0,0.0,0.0,0.0,12.0,SP,12.0,279.0,60.0,23.2,9.66,1.85,7.94,1.46,23.43423843698862,0.02269283678602596,5,0.625,2.0,7,7,1,1,0.0,3.88,0.09234546472373638,0.23255813953488372,0.282798833819242,0.10495626822157435,0.47467320261437906,0.317,0.20689655172413793,3.599,0.2989308918554812
642350,José Siri,R,LAA,8,Jacob Misiorowski,R,694819,823996,MIL @ LAA,12:15 PM,02/08,Scheduled,0.5120201250766104,,,,False,1001100001,estimated,0,0,0.0,0,0,0.19928660925155425,0.37144707480778294,0.4273077924365795,0.37915368725971454,0.3910937385031796,20,1,0.07239819004524889,0.979,92.6,A,0.3638483965014577,8.442050643981068,0.37175444686389014,0.42139435246265405,19,7,0,0.23529411764705882,0.3076923076923077,0.780630105017503,0.20478413068844808,0.014585764294049008,0.23832923832923833,0.2413793103448276,0.2777777777777778,0.2443502824858757,0.2631578947368421,61,0.26,59,False,False,0.5396619341130551,-0.027641809036444642,2.276595744680851,2.5531914893617023,47,,,,,,,-0.04558821038584109,20,1.58,0.75,120.0,11.0,4.0,185.0,28.0,0.0,0.0,0.0,20.0,SP,20.0,456.0,62.0,22.8,13.88,2.1,4.65,0.75,22.610386988653033,0.034399874923389584,5,0.625,7.0,7,6,1,1,0.0,3.88,0.06608001596101441,0.18950437317784258,0.3689839572192513,0.05614973262032086,0.41016260162601625,0.2898536585365854,0.20670391061452514,3.599,0.31483620192533673
642215,Weston Wilson,R,SEA,8,Taj Bradley,R,671737,823107,MIN @ SEA,1:10 PM,02/08,Scheduled,0.5087595082889421,,,,False,1010001100,estimated,0,0,0.0,0,0,0.15908579774093118,0.26747363398882523,0.22150680227199215,0.29741701748769145,0.37578825835634694,20,1,-0.0380952380952381,0.906,55.1,C,0.28522671867381766,2.850784074485702,0.46721369715317485,0.2848306597976569,20,5,0,0.21666666666666667,0.17857142857142858,0.7068292682926829,0.09121951219512195,0.20195121951219513,0.1875,0.18518518518518517,0.23076923076923078,0.19540229885057472,0.17307692307692307,57,0.25,42,False,False,0.5346023336703101,-0.02584282538136795,2.3783783783783785,2.675675675675676,37,,,,,,,-0.0017963929801061121,20,3.65,1.21,120.2,9.0,4.0,139.0,49.0,0.0,0.0,0.0,21.0,SP,21.0,504.0,97.0,24.0,10.37,3.65,7.23,1.27,24.213263484941745,0.006740491711057839,4,0.4444444444444444,-18.0,6,7,0,1,0.0,3.88,0.058069882843061686,0.2290909090909091,0.2857142857142857,0.08441558441558442,0.4175579322638146,0.318777183600713,0.24736842105263157,3.599,0.30139161988540525
685133,Wade Meckler,L,LAA,9,Jacob Misiorowski,R,694819,823996,MIL @ LAA,12:15 PM,02/08,Scheduled,0.4938885397649231,,,,False,0001000100,estimated,0,0,0.0,0,0,0.2452262008554117,0.38422334680048403,0.3036387043676246,0.32538127700733765,0.21242475059575971,20,1,0.15930113052415212,0.979,92.6,A,0.3638483965014577,8.442050643981068,0.37175444686389014,0.42139435246265405,19,7,0,0.14285714285714285,0.302158273381295,0.780630105017503,0.20478413068844808,0.014585764294049008,0.31893004115226337,0.30194805194805197,0.2779783393501805,0.3034547152194211,0.3402061855670103,106,0.20408163265306123,56,False,False,0.5494001999005586,-0.055511660135635466,2.92,3.24,50,,,,,,,-0.10761705656771847,20,1.58,0.75,120.0,11.0,4.0,185.0,28.0,0.0,0.0,0.0,20.0,SP,20.0,456.0,62.0,22.8,13.88,2.1,4.65,0.75,22.610386988653033,0.05897146023507693,5,0.625,7.0,7,6,1,1,0.0,3.76,0.07003236801011553,0.26976744186046514,0.26556016597510373,0.0995850622406639,0.2913907284768212,0.31850993377483444,0.10407239819004525,3.443,0.31483620192533673
806068,Colt Emerson,L,SEA,9,Taj Bradley,R,671737,823107,MIN @ SEA,1:10 PM,02/08,Scheduled,0.49258436985869336,,,,False,0011110001,estimated,0,0,0.0,0,0,0.16665266051954117,0.3316846579915617,0.21428444288688583,0.2424385708331548,0.3058704802198308,20,1,-0.08845577211394301,0.906,55.1,C,0.28522671867381766,2.850784074485702,0.46721369715317485,0.2848306597976569,20,5,0,0.2608695652173913,0.1724137931034483,0.7068292682926829,0.09121951219512195,0.20195121951219513,0.1893063583815029,0.17209302325581396,0.15841584158415842,0.17900302114803626,0.2,117,0.18604651162790697,94,True,False,0.5308485826617866,-0.03826421280309322,3.23728813559322,3.5762711864406778,59,,,,,,,-0.07040181092486275,20,3.65,1.21,120.2,9.0,4.0,139.0,49.0,0.0,0.0,0.0,21.0,SP,21.0,504.0,97.0,24.0,10.37,3.65,7.23,1.27,24.213263484941745,0.016090630141306628,4,0.4444444444444444,-18.0,6,7,0,1,0.0,3.76,0.028100473704187636,0.20967741935483872,0.3173076923076923,0.07692307692307693,0.2972222222222222,0.29039166666666666,0.19230769230769232,3.443,0.30139161988540525
687529,Grant Mccray,L,SF,9,Mike King,R,650633,823270,SF @ SD,1:10 PM,02/08,Scheduled,0.48988505278660766,,,,False,0000110100,estimated,0,0,0.0,0,0,0.10180182190454577,0.2905771317365288,0.07926351491851392,0.15536574733265315,0.3374955219484871,10,1,0.05555555555555555,0.954,68.3,B,0.2852216748768473,2.161377032259961,0.322687093471506,0.20493064572233569,20,5,0,0.1111111111111111,0.16666666666666666,0.4714285714285714,0.2458128078817734,0.2827586206896552,0.18571428571428572,0.1724137931034483,0.08,0.16129032258064516,0.25,11,0.07692307692307693,14,False,False,0.47987920226548714,0.010005850521120518,2.1,2.5,10,,,,,,,-0.23620610338499423,10,3.38,1.17,125.1,6.0,7.0,109.0,50.0,0.0,0.0,0.0,22.0,SP,22.0,515.0,97.0,23.4,7.83,3.59,6.97,0.93,23.783289580222306,-0.012168386119940922,6,0.8571428571428571,7.0,6,7,0,1,0.0,3.76,0.10699239945773123,0.18285714285714286,0.4,0.08205128205128205,0.38144329896907214,0.2975876288659794,0.20938628158844766,3.443,0.31348301546667906
681297,Colton Cowser,L,BAL,9,Zack Wheeler,R,554430,824807,PHI @ BAL,10:35 AM,02/08,Scheduled,0.4672374976859426,,,,False,0000010010,estimated,0,0,0.0,0,0,0.14758439091486114,0.26141379375489743,0.4255103669859862,0.21989165024385926,0.25102330323595645,20,2,-0.043427230046948345,1.044,85.0,A,0.29615861214374223,5.896894577864896,0.34898283162160865,0.3350981035680971,17,6,0,0.25,0.20657276995305165,0.6164807930607187,0.22490706319702602,0.15861214374225527,0.22154779969650987,0.16697588126159554,0.1893939393939394,0.19498432601880877,0.2072072072072072,131,0.20909090909090908,129,False,False,0.4721302418674093,-0.004892744181466735,2.4285714285714284,2.857142857142857,91,,,,,,,-0.28932661143469357,20,2.53,0.92,103.0,10.0,2.0,123.0,23.0,0.0,0.0,0.0,17.0,SP,17.0,396.0,72.0,23.3,10.75,2.01,6.29,1.14,23.06147852406809,0.03775000231405745,8,1.0,-15.0,7,6,1,1,0.0,3.76,0.2616497857717422,0.1786833855799373,0.3351206434316354,0.1260053619302949,0.3926116838487973,0.30496391752577323,0.19090909090909092,3.443,0.3091512567157343
