batter_id,name,batter_hand,team,slot,pitcher,pitcher_hand,opp_pitcher_id,game_pk,matchup,start_time,game_date,game_state,p_hit,hit_odds,no_hit_odds,yes_cents,has_hit,last5,lineup_source,bvp_ab,bvp_h,bvp_avg,bvp_career,bvp_since,b_hit_rate,b_xba,b_hardhit,b_babip,b_k_rate,b_n_games,b_days_rest,split_diff,park_factor,p_rating,p_grade,p_csw,p_k_bb,p_hardhit_allowed,p_k_rate,p_n_games,p_days_rest,is_opener,b_hit_rate_vs_L,b_hit_rate_vs_R,p_use_fb,p_use_bb,p_use_os,b_hr_vs_fb,b_hr_vs_bb,b_hr_vs_os,b_hr_overall,b_hit_rate_vs_sp,b_pa_vs_sp,b_hit_rate_vs_rp,b_pa_vs_rp,b_is_rookie,p_is_rookie,base_p_hit,matchup_delta,b_avg_ab,b_avg_pa,b_games_played,p_multihit,base_p_multihit,p_multihit_matchup_delta,p_hrRbi,base_p_hrRbi,p_hrRbi_matchup_delta,b_quality_first3,b_n_games_first3,p_era,p_whip_official,p_ip,p_wins,p_losses,p_so,p_bb_official,p_saves,p_blown_saves,p_save_opps,p_games_started,p_role,p_games_pitched,p_bf_official,p_hits_allowed,p_bf_per_g,p_k9,p_bb9,p_h9,p_hr9,p_avg_bf,pen_delta,pen_available_n,pen_rested_frac,def_oaa_tonight,def_oaa_n,sched_games_7d,sched_day_after_night,sched_getaway,sched_tz_shift,b_pa,b_bb_rate,b_hit_rate_long,b_k_rate_long,b_bb_rate_long,b_hardhit_long,b_xba_long,p_hit_rate_vs_hand,slot_pa_exp,def_babip_allowed
650333,Luis Arráez,L,PHI,4,George Kirby,R,669923.0,823098,PHI @ SEA,6:40 PM,25/08,Scheduled,0.7521545667156774,,,,False,1111111101,estimated,6,1,0.16666666666666666,1,2023,0.31492107270900105,0.31700348821138485,0.1421386519899978,0.33081969441232534,0.02798539599629829,20,1,-0.03799999999999998,0.906,44.4,D,0.26469248291571756,3.3600197201000532,0.43417298448544217,0.18560381057364803,20,5,0,0.35,0.312,0.5287671232876713,0.3963470319634703,0.07488584474885844,0.3510726072607261,0.324295010845987,0.3130081300813008,0.3389479139673491,0.3642611683848797,314,0.25980392156862747,228,False,False,0.7216812118632042,0.030473354852473156,4.024390243902439,4.40650406504065,123,,,,,,,0.17625169577905864,20,4.18,1.36,140.0,8.0,10.0,117.0,33.0,0.0,0.0,0.0,24.0,SP,24.0,587.0,157.0,24.5,7.52,2.12,10.09,1.09,23.837857570836032,-0.026504566715677358,4,0.5714285714285714,-15.0,7,6,0,0,0.0,4.067806476229778,0.01638625541629323,0.32510288065843623,0.0450281425891182,0.04127579737335835,0.19963924963924964,0.30563852813852815,0.2791519434628975,4.159,0.36490178504984117
676475,Alec Burleson,L,STL,3,Chris Bassitt,R,605135.0,823016,BAL @ STL,4:45 PM,25/08,Scheduled,0.7240422646629942,,,,False,1111111111,estimated,5,3,0.6,1,2023,0.3478420730456567,0.3644257064759692,0.5345908403540679,0.47936706442539756,0.2271833447047314,20,2,0.027590267701301685,1.031,38.2,D,0.2545141874462597,1.8397669027412662,0.3605591241529393,0.14797554603271407,14,6,0,0.26717557251908397,0.29476584022038566,0.6428571428571429,0.30206540447504304,0.055077452667814115,0.3001596593932943,0.24956521739130436,0.3405698778833107,0.2922301776717051,0.292358803986711,330,0.27979274611398963,218,False,False,0.6808791218748871,0.04316314278810707,3.8,4.2153846153846155,130,,,,,,,0.13763530094949397,20,5.08,1.62,67.1,4.0,4.0,46.0,26.0,0.0,0.0,0.0,12.0,SP,14.0,309.0,83.0,22.1,6.15,3.48,11.09,0.94,22.244744514546777,-0.028754764662994092,8,1.0,-1.0,6,6,0,0,-1.0,4.014874742270149,0.05261729568914909,0.29540481400437635,0.1746031746031746,0.07142857142857142,0.49232158988256547,0.3673658536585366,0.3333333333333333,4.25,0.33778577174360996
802139,Jj Wetherholt,L,STL,1,Chris Bassitt,R,605135.0,823016,BAL @ STL,4:45 PM,25/08,Scheduled,0.7215012691469052,,,,False,0110011011,estimated,0,0,0.0,0,0,0.23770413812240784,0.37407943987446834,0.5562514978217045,0.3057171249518739,0.20472883493421887,20,2,0.10234664470975707,1.031,38.2,D,0.2545141874462597,1.8397669027412662,0.3605591241529393,0.14797554603271407,14,6,0,0.17142857142857143,0.2737752161383285,0.6428571428571429,0.30206540447504304,0.055077452667814115,0.2331390507910075,0.24066029539530842,0.2551505546751189,0.24033214709371292,0.2558922558922559,345,0.22631578947368422,222,True,False,0.6697234424913971,0.05177782665550801,3.9274193548387095,4.57258064516129,124,,,,,,,0.022799038439984588,20,5.08,1.62,67.1,4.0,4.0,46.0,26.0,0.0,0.0,0.0,12.0,SP,14.0,309.0,83.0,22.1,6.15,3.48,11.09,0.94,22.244744514546777,-0.040713769146905054,8,1.0,-1.0,6,6,0,0,-1.0,4.601670031097446,0.08976134718794729,0.2425531914893617,0.16423357664233576,0.10583941605839416,0.45,0.31776973684210524,0.3333333333333333,4.442,0.33778577174360996
650490,Yandy Díaz,R,TB,1,Jackson Jobe,R,695549.0,824233,TB @ DET,3:40 PM,25/08,Pre-Game,0.7170191051123989,,,,False,1111110111,estimated,0,0,0.0,0,0,0.32815022928481763,0.3466790639397421,0.4869128302653476,0.3925436127062196,0.10838870694862862,20,1,-0.010713855784278303,1.004,50.0,C,0.22943722943722944,,,,3,6,0,0.30985915492957744,0.29914529914529914,0.5541125541125541,0.329004329004329,0.11688311688311688,0.27156789197299325,0.2903846153846154,0.23891625615763548,0.27345454545454545,0.26282051282051283,348,0.3701657458563536,206,False,False,0.7041721816377349,0.012846923474663985,3.944,4.432,125,,,,,,,0.18307410201921762,20,4.5,1.36,14.0,1.0,1.0,11.0,5.0,0.0,0.0,0.0,3.0,SP,3.0,61.0,14.0,20.3,7.07,3.21,9.0,1.29,,-0.003894105112398738,8,0.8888888888888888,-10.0,7,7,0,0,0.0,4.653936295600979,0.05913279259578753,0.2957446808510638,0.14528301886792452,0.07735849056603773,0.46539440203562343,0.3384408396946565,0.2631578947368421,4.442,0.3003683129124101
802415,Chandler Simpson,L,TB,4,Jackson Jobe,R,695549.0,824233,TB @ DET,3:40 PM,25/08,Pre-Game,0.7134534222084389,,,,False,1111111111,estimated,0,0,0.0,0,0,0.4006986805150893,0.26207859662111016,0.10451890864925603,0.41993855926822593,0.048080442753108445,20,1,0.05471289274106178,1.004,50.0,C,0.22943722943722944,,,,3,6,0,0.2692307692307692,0.323943661971831,0.5541125541125541,0.329004329004329,0.11688311688311688,0.3189077794951056,0.2803347280334728,0.2808219178082192,0.305198973042362,0.32857142857142857,300,0.2849162011173184,196,False,False,0.6990426858585437,0.014410736349895203,3.857142857142857,4.168067226890757,119,,,,,,,0.44805190984750115,20,4.5,1.36,14.0,1.0,1.0,11.0,5.0,0.0,0.0,0.0,3.0,SP,3.0,61.0,14.0,20.3,7.07,3.21,9.0,1.29,,-0.0017784222084389345,8,0.8888888888888888,-10.0,7,7,0,0,0.0,4.317330390306256,0.030101753024158497,0.3080260303687636,0.08450704225352113,0.04225352112676056,0.13385043754972156,0.27829435163086713,0.2647058823529412,4.159,0.3003683129124101
670541,Yordan Álvarez,L,HOU,2,Will Warren,R,701542.0,823505,HOU @ NYY,4:05 PM,25/08,Pre-Game,0.7116146267818212,-223.0,233.0,69.0,False,1101011101,estimated,5,4,0.8,1,2025,0.32119354242456977,0.3295431335114681,0.4676094148624331,0.35426593955122193,0.14754433397786668,20,2,0.07386649240977183,1.007,31.2,F,0.2848975702715579,2.232985165886097,0.4895624016548738,0.21363220326764623,20,6,0,0.2672413793103448,0.34110787172011664,0.6319809069212411,0.24391408114558472,0.12410501193317422,0.320392681838465,0.3029721955896453,0.3743016759776536,0.32624288894385356,0.3521594684385382,357,0.26582278481012656,204,False,False,0.6813970203322718,0.030217606449549406,3.5859375,4.3828125,128,,,,,,,0.14109773483557012,20,4.43,1.4,122.0,8.0,6.0,122.0,43.0,0.0,0.0,0.0,24.0,SP,25.0,535.0,128.0,21.4,9.0,3.17,9.44,1.4,20.740702023179768,-0.007047960115154517,9,1.0,12.0,7,6,0,0,1.0,4.203553110154301,0.09729194977347676,0.31494252873563217,0.17300380228136883,0.11406844106463879,0.536531007751938,0.4126686046511628,0.27205882352941174,4.35,0.29049470352001544
695506,Jac Caglianone,L,KC,3,Max Scherzer,R,453286.0,822773,KC @ TOR,4:07 PM,25/08,Pre-Game,0.708979753387709,,,,False,1111011101,estimated,0,0,0.0,0,0,0.4101661181836496,0.38421106350412637,0.5113951179327726,0.4798706385093849,0.190932392804661,20,3,-0.022663196703535005,0.995,51.0,C,0.22422062350119903,1.5130881988599554,0.31871999785160415,0.161693553189709,11,6,0,0.29310344827586204,0.27044025157232704,0.5126050420168067,0.33133253301320525,0.15606242496998798,0.26366120218579236,0.23931623931623933,0.26159554730983303,0.2544861337683524,0.26877470355731226,277,0.287292817679558,192,False,False,0.6683140864683071,0.04066566691940188,3.5867768595041323,3.87603305785124,121,,,,,,,0.2054791027356592,20,7.4,1.51,45.0,1.0,6.0,32.0,20.0,0.0,0.0,0.0,11.0,SP,11.0,202.0,48.0,18.4,6.4,4.0,9.6,2.4,18.75342280610798,-0.034279753387709055,8,1.0,13.0,7,6,0,0,1.0,3.89266363206739,0.0,0.27713625866050806,0.25854700854700857,0.057692307692307696,0.5512820512820513,0.3892051282051282,0.29464285714285715,4.25,0.2941783591610024
691023,Jordan Walker,R,STL,4,Chris Bassitt,R,605135.0,823016,BAL @ STL,4:45 PM,25/08,Scheduled,0.708979753387709,,,,False,0111111101,estimated,0,0,0.0,0,0,0.3048357276155462,0.32017790961697956,0.4985800932230722,0.4359245116404141,0.19444275898457047,20,2,-0.00235610250019469,1.031,38.2,D,0.2545141874462597,1.8397669027412662,0.3605591241529393,0.14797554603271407,14,6,0,0.2905405405405405,0.2881844380403458,0.6428571428571429,0.30206540447504304,0.055077452667814115,0.26852367688022283,0.25547445255474455,0.27191011235955054,0.2649407876618012,0.2785234899328859,324,0.30456852791878175,220,False,False,0.6521664717066799,0.05681328168102917,3.8976377952755907,4.283464566929134,127,,,,,,,0.03222457006220111,20,5.08,1.62,67.1,4.0,4.0,46.0,26.0,0.0,0.0,0.0,12.0,SP,14.0,309.0,83.0,22.1,6.15,3.48,11.09,0.94,22.244744514546777,-0.04370475338770896,8,1.0,-1.0,6,6,0,0,-1.0,4.394042514547854,0.06248355245586529,0.2923728813559322,0.2413127413127413,0.07335907335907337,0.46661863592699326,0.37567723342939485,0.2621359223300971,4.159,0.33778577174360996
677951,Bobby Witt,R,KC,2,Max Scherzer,R,453286.0,822773,KC @ TOR,4:07 PM,25/08,Pre-Game,0.7086498579395104,-203.0,223.0,67.0,False,1011101111,estimated,6,1,0.16666666666666666,1,2024,0.3020184511715006,0.3939927474287165,0.519514591502351,0.3922785978103357,0.20043904898213843,20,2,0.03847254004576661,0.995,51.0,C,0.22422062350119903,1.5130881988599554,0.31871999785160415,0.161693553189709,11,6,0,0.2608695652173913,0.2993421052631579,0.5126050420168067,0.33133253301320525,0.15606242496998798,0.2641509433962264,0.2672929120409906,0.2814207650273224,0.2675705589374654,0.2978723404255319,306,0.26875,193,False,False,0.6914894190840245,0.017160438855485904,3.911504424778761,4.415929203539823,113,,,,,,,0.10741711230765887,20,7.4,1.51,45.0,1.0,6.0,32.0,20.0,0.0,0.0,0.0,11.0,SP,11.0,202.0,48.0,18.4,6.4,4.0,9.6,2.4,18.75342280610798,-0.010874857939510485,8,1.0,13.0,7,6,0,0,1.0,4.471577113920399,0.10676244544412072,0.2890792291220557,0.1739961759082218,0.08604206500956023,0.518395390070922,0.37409685283687943,0.22388059701492538,4.35,0.2941783591610024
665489,Vladimir Guerrero,R,TOR,3,Seth Lugo,R,607625.0,822773,KC @ TOR,4:07 PM,25/08,Pre-Game,0.7073570028323073,-233.0,245.0,70.0,False,0111111110,estimated,0,0,0.0,0,0,0.26565592323098275,0.31717802310762816,0.40187964394531994,0.2836702853093125,0.11832901114306218,20,2,0.01432536928720135,0.995,34.9,F,0.26378794356562635,2.3624311043039183,0.4484878185877034,0.16624889689710257,20,6,0,0.25190839694656486,0.2662337662337662,0.5158254918733961,0.3939264328485885,0.0902480752780154,0.26435643564356437,0.2545649838882922,0.24050632911392406,0.25970149253731345,0.2490974729241877,307,0.2839506172839506,189,False,False,0.679026595252855,0.028330407579452266,3.752136752136752,4.239316239316239,117,,,,,,,0.25940149315616534,20,4.71,1.38,145.1,5.0,7.0,111.0,46.0,0.0,0.0,0.0,26.0,SP,26.0,619.0,155.0,23.8,6.87,2.85,9.6,0.99,23.566561946405876,-0.024379225054529385,9,1.0,15.0,7,6,0,0,0.0,4.203939363669447,0.03239901090131478,0.26948775055679286,0.13188976377952755,0.08464566929133858,0.4406631762652705,0.32527486910994763,0.26108374384236455,4.25,0.27360640784769436
664983,Jake Mccarthy,L,COL,1,Andrew Alvarez,L,674841.0,822693,COL @ WSH,3:45 PM,25/08,Pre-Game,0.7041721816377349,,,,False,0110110111,estimated,0,0,0.0,0,0,0.27484967855839454,0.36902975871750077,0.3350231900879346,0.3242569631171368,0.12220216588214118,20,1,2.9594554601997114e-05,1.04,45.4,D,0.28451563691838294,2.0018562310891417,0.42992405284802954,0.20882782737972497,19,5,0,0.29357798165137616,0.29354838709677417,0.4263920671243326,0.5339435545385202,0.03966437833714721,0.27802690582959644,0.26021934197407776,0.2585034013605442,0.26983073348821773,0.2962962962962963,289,0.28859060402684567,167,False,False,0.6915837981726414,0.0125883834650935,3.7410714285714284,4.071428571428571,112,,,,,,,0.06735745331589824,20,3.6,1.34,80.0,2.0,5.0,74.0,36.0,1.0,0.0,1.0,11.0,SP,19.0,339.0,71.0,17.8,8.33,4.05,7.99,0.45,18.933806204115022,-0.008057895923449188,7,0.7777777777777778,13.0,7,6,0,0,0.0,4.436260717610124,0.08120258861965593,0.298876404494382,0.16597510373443983,0.04771784232365145,0.28,0.3173808219178082,0.23863636363636365,4.442,0.31256686726255617
691406,Junior Caminero,R,TB,3,Jackson Jobe,R,695549.0,824233,TB @ DET,3:40 PM,25/08,Pre-Game,0.6944956928289915,-203.0,212.0,67.0,False,1011111111,estimated,0,0,0.0,0,0,0.2579200874768497,0.30178216177681066,0.5287607397131566,0.3097097545099182,0.18214879608408968,20,1,0.0123388581952118,1.004,50.0,C,0.22943722943722944,,,,3,6,0,0.26666666666666666,0.27900552486187846,0.5541125541125541,0.329004329004329,0.11688311688311688,0.2987012987012987,0.26671408250355616,0.3029801324503311,0.2887816646562123,0.3003194888178914,345,0.23369565217391305,224,False,False,0.681694244006611,0.012801448822380435,3.8230769230769233,4.376923076923077,130,,,,,,,0.12695813544831996,20,4.5,1.36,14.0,1.0,1.0,11.0,5.0,0.0,0.0,0.0,3.0,SP,3.0,61.0,14.0,20.3,7.07,3.21,9.0,1.29,,-0.003358192828991524,8,0.8888888888888888,-10.0,7,7,0,0,0.0,4.282168706600619,0.08348820335756667,0.27729257641921395,0.18666666666666668,0.09333333333333334,0.513425925925926,0.3427611111111111,0.2631578947368421,4.25,0.3003683129124101
691718,Pete Crow-Armstrong,L,CHC,1,Brandon Pfaadt,R,694297.0,825042,CHC @ AZ,6:40 PM,25/08,Scheduled,0.6935106558115723,-223.0,257.0,69.0,False,0011101110,estimated,6,0,0.0,1,2024,0.2376110832192362,0.3009198567102961,0.460436853485626,0.3352771814823741,0.21609563978910973,20,1,-0.012733784321528052,1.0,67.6,B,0.2700877785280216,3.613850639966852,0.3665753865992995,0.18022322329720386,20,6,0,0.2857142857142857,0.27298050139275765,0.5462525320729237,0.28966914247130315,0.16407832545577314,0.2509671179883946,0.26311336717428085,0.29781021897810217,0.26290485829959515,0.2708333333333333,330,0.2843601895734597,254,False,False,0.6593652089936287,0.034145446817943625,3.8091603053435112,4.458015267175573,131,,,,,,,-0.030384635371150718,20,3.39,1.14,98.1,7.0,1.0,69.0,24.0,0.0,0.0,0.0,13.0,SP,23.0,403.0,88.0,17.5,6.32,2.2,8.05,1.01,18.807720990429505,-0.03472494152585803,7,0.7,24.0,6,6,0,0,0.0,4.820706929834538,0.07566413963505282,0.2844638949671772,0.26394052044609667,0.11338289962825279,0.48412698412698413,0.3678190476190476,0.25961538461538464,4.442,0.3088278372024625
671056,Iván Herrera,R,STL,2,Chris Bassitt,R,605135.0,823016,BAL @ STL,4:45 PM,25/08,Scheduled,0.692882904842716,,,,False,0110001101,estimated,0,0,0.0,0,0,0.20078826954892798,0.25416809020374986,0.30990121244981395,0.2823419857841125,0.2552026194845356,20,2,0.015483015483015478,1.031,38.2,D,0.2545141874462597,1.8397669027412662,0.3605591241529393,0.14797554603271407,14,6,0,0.23376623376623376,0.24924924924924924,0.6428571428571429,0.30206540447504304,0.055077452667814115,0.21854592947322596,0.21886514369933677,0.2508710801393728,0.22287735849056603,0.23102310231023102,358,0.266304347826087,223,False,False,0.6434971304869058,0.04938577435581015,3.746153846153846,4.469230769230769,130,,,,,,,0.02475939065769955,20,5.08,1.62,67.1,4.0,4.0,46.0,26.0,0.0,0.0,0.0,12.0,SP,14.0,309.0,83.0,22.1,6.15,3.48,11.09,0.94,22.244744514546777,-0.03360790484271603,8,1.0,-1.0,6,6,0,0,-1.0,4.624091843961481,0.1349047709559628,0.24503311258278146,0.18435754189944134,0.09683426443202979,0.39962335216572503,0.310795197740113,0.2621359223300971,4.35,0.33778577174360996
808982,Jung Hoo Lee,L,SF,4,Brady Singer,R,663903.0,823181,CIN @ SF,6:45 PM,25/08,Scheduled,0.692882904842716,,,,False,0011110101,estimated,0,0,0.0,0,0,0.2204534741540354,0.28596311350776654,0.34570869831557643,0.25306449950200355,0.09748614039210386,20,1,0.04224101921470341,0.994,53.4,C,0.28596568411790585,2.420062388236224,0.40294190472031977,0.18909806764091744,20,5,0,0.25892857142857145,0.30116959064327486,0.5884683098591549,0.41153169014084506,0.0,0.2820378151260504,0.2670212765957447,0.2924281984334204,0.2787897499228157,0.27165354330708663,269,0.315,215,False,False,0.6776148217359642,0.015268083106751762,3.8151260504201683,4.067226890756302,119,,,,,,,-0.09432595322706941,20,4.72,1.42,131.2,5.0,11.0,107.0,43.0,0.0,0.0,0.0,25.0,SP,25.0,583.0,144.0,23.3,7.31,2.94,9.84,1.71,24.501867900341704,-0.013466238176049306,6,0.75,17.0,7,7,0,0,0.0,4.2213206726892905,0.04040657142417066,0.29605263157894735,0.10082304526748971,0.0411522633744856,0.3018018018018018,0.3184686732186732,0.30177514792899407,4.159,0.35124721020361643
678882,Ceddanne Rafaela,R,BOS,2,Tyler Phillips,R,663969.0,823826,BOS @ MIA,3:40 PM,25/08,Pre-Game,0.6913512469555613,,,,False,1101101111,live,0,0,0.0,0,0,0.3114565150860144,0.342702332580781,0.31770399853113784,0.37734208694855165,0.19220211209525154,20,1,-0.02203856749311295,1.0,48.4,D,0.2980828695114409,1.9841847866551596,0.4333439291590055,0.18383546550287966,20,7,0,0.30303030303030304,0.2809917355371901,0.3401360544217687,0.42547928262213974,0.23438466295609153,0.28116079923882015,0.2667217175887696,0.271689497716895,0.27603613177470776,0.27147766323024053,310,0.3088235294117647,218,False,False,0.6738949728098537,0.017456274145707606,4.024390243902439,4.2926829268292686,123,,,,,,,0.10849518031730573,20,3.67,1.37,100.2,3.0,6.0,79.0,42.0,2.0,1.0,3.0,14.0,RP,31.0,434.0,96.0,14.0,7.06,3.75,8.58,1.16,17.726383832084665,-0.0018112469555612298,5,0.5555555555555556,7.0,7,6,0,0,0.0,4.783347672942052,0.02246760703966182,0.28482328482328484,0.20428015564202334,0.038910505836575876,0.3280585106382979,0.3198085106382979,0.22285714285714286,4.35,0.2867833679494708
664770,Nathan Lukes,L,TOR,2,Seth Lugo,R,607625.0,822773,KC @ TOR,4:07 PM,25/08,Pre-Game,0.6910033341338538,,,,False,1101010101,estimated,0,0,0.0,0,0,0.20710109888506412,0.3103948561734609,0.26957930787937257,0.27399878142072964,0.16124348581549025,20,3,0.03236723359944463,0.995,34.9,F,0.26378794356562635,2.3624311043039183,0.4484878185877034,0.16624889689710257,20,6,0,0.23255813953488372,0.26492537313432835,0.5158254918733961,0.3939264328485885,0.0902480752780154,0.235,0.24635036496350365,0.3242506811989101,0.2493563810224347,0.23036649214659685,211,0.30833333333333335,132,False,False,0.6659315052842228,0.025071828849630995,3.3440860215053765,3.6881720430107525,93,,,,,,,-0.008377830803877542,20,4.71,1.38,145.1,5.0,7.0,111.0,46.0,0.0,0.0,0.0,26.0,SP,26.0,619.0,155.0,23.8,6.87,2.85,9.6,0.99,23.566561946405876,-0.01793666746718703,9,1.0,15.0,7,6,0,0,0.0,3.888046868757749,0.025147579347279993,0.2725,0.15192743764172337,0.061224489795918366,0.3076576576576577,0.29594894894894896,0.28732394366197184,4.35,0.27360640784769436
605141,Mookie Betts,R,LAD,3,Bryce Elder,R,693821.0,824881,LAD @ ATL,4:15 PM,25/08,Pre-Game,0.6897284964001598,-233.0,245.0,70.0,False,0101101101,live,11,2,0.18181818181818182,1,2023,0.2341304529839345,0.27852895088670526,0.3545219944251607,0.2465104864378889,0.0810407618356303,20,2,-0.08140756302521007,1.018,42.7,D,0.26453488372093026,2.200076575482736,0.4279022947396202,0.18510633319374148,20,9,0,0.2867647058823529,0.20535714285714285,0.6534173533688803,0.23654871546291809,0.11003393116820165,0.22555910543130991,0.24054054054054055,0.25,0.2326295585412668,0.2361111111111111,231,0.2361111111111111,159,False,False,0.6620182310770306,0.027710265323129146,3.870967741935484,4.193548387096774,93,,,,,,,0.10796601035638352,20,3.92,1.23,137.2,8.0,7.0,113.0,46.0,0.0,0.0,0.0,24.0,SP,24.0,579.0,124.0,24.1,7.39,3.01,8.11,1.44,24.117710536610335,-0.026914210685874074,7,1.0,7.0,7,5,0,0,3.0,4.143854044248322,0.04404338750910577,0.2324561403508772,0.11264822134387352,0.08300395256916997,0.38095238095238093,0.29922556390977445,0.2857142857142857,4.25,0.3126143425181119
518692,Freddie Freeman,L,LAD,2,Bryce Elder,R,693821.0,824881,LAD @ ATL,4:15 PM,25/08,Pre-Game,0.68890852147539,-233.0,257.0,70.0,False,1000111011,live,12,4,0.3333333333333333,1,2023,0.2923574489609405,0.3915920979122784,0.3437462149202231,0.3924475059591483,0.18174531382338283,20,2,-0.06458961886583336,1.018,42.7,D,0.26453488372093026,2.200076575482736,0.4279022947396202,0.18510633319374148,20,9,0,0.348993288590604,0.28440366972477066,0.6534173533688803,0.23654871546291809,0.11003393116820165,0.30248306997742663,0.28192371475953565,0.3109118086696562,0.2976800976800977,0.3023255813953488,335,0.30857142857142855,205,False,False,0.6772669089142568,0.011641612561133163,3.7777777777777777,4.285714285714286,126,,,,,,,-0.007057780209811938,20,3.92,1.23,137.2,8.0,7.0,113.0,46.0,0.0,0.0,0.0,24.0,SP,24.0,579.0,124.0,24.1,7.39,3.01,8.11,1.44,24.117710536610335,-0.009122807189675619,7,1.0,7.0,7,5,0,0,3.0,4.225700675165616,0.0707311193345878,0.3053097345132743,0.17248062015503876,0.10271317829457365,0.4228650137741047,0.3709600550964187,0.205607476635514,4.35,0.3126143425181119
660271,Shohei Ohtani,L,LAD,1,Bryce Elder,R,693821.0,824881,LAD @ ATL,4:15 PM,25/08,Pre-Game,0.68890852147539,-233.0,245.0,70.0,False,1011110100,live,10,2,0.2,1,2024,0.2230906097241814,0.3486740925905525,0.49596627946465993,0.3009157112705104,0.2619357715749358,20,2,-0.02061276522190053,1.018,42.7,D,0.26453488372093026,2.200076575482736,0.4279022947396202,0.18510633319374148,20,9,0,0.3013698630136986,0.2807570977917981,0.6534173533688803,0.23654871546291809,0.11003393116820165,0.30176415970287834,0.2874306839186691,0.2635761589403974,0.2919454770755886,0.30526315789473685,337,0.25842696629213485,213,False,False,0.669680487634455,0.019228033840934966,3.8583333333333334,4.583333333333333,120,,,,,,,0.06530669439422704,20,3.92,1.23,137.2,8.0,7.0,113.0,46.0,0.0,0.0,0.0,24.0,SP,24.0,579.0,124.0,24.1,7.39,3.01,8.11,1.44,24.117710536610335,-0.022551378618247075,7,1.0,7.0,7,5,0,0,3.0,4.49546815112537,0.13597136607302393,0.2894168466522678,0.2323049001814882,0.10707803992740472,0.5308457711442787,0.4092641791044776,0.205607476635514,4.442,0.3126143425181119
703520,Brett Bateman,L,TOR,1,Seth Lugo,R,607625.0,822773,KC @ TOR,4:07 PM,25/08,Pre-Game,0.688362107218896,,,,False,1111010110,estimated,0,0,0.0,0,0,0.31276524316385174,0.28195657839192506,0.18902559165578844,0.3656499254431088,0.19388711491046498,14,2,0.0641025641025641,0.995,34.9,F,0.26378794356562635,2.3624311043039183,0.4484878185877034,0.16624889689710257,20,6,0,0.2692307692307692,0.3333333333333333,0.5158254918733961,0.3939264328485885,0.0902480752780154,0.3345724907063197,0.36363636363636365,0.23076923076923078,0.32857142857142857,0.34285714285714286,39,0.25,26,True,False,0.6316047940718125,0.056757313147083543,4.214285714285714,4.642857142857143,14,,,,,,,0.15770826393456494,14,4.71,1.38,145.1,5.0,7.0,111.0,46.0,0.0,0.0,0.0,26.0,SP,26.0,619.0,155.0,23.8,6.87,2.85,9.6,0.99,23.566561946405876,-0.025450996107785007,9,1.0,15.0,7,6,0,0,0.0,4.583953232549986,0.055964938904969945,,,,,,0.28732394366197184,4.442,0.27360640784769436
646240,Rafael Devers,L,SF,1,Brady Singer,R,663903.0,823181,CIN @ SF,6:45 PM,25/08,Scheduled,0.6863967768532646,-163.0,194.0,62.0,False,1110111001,estimated,14,4,0.2857142857142857,1,2022,0.200507090740338,0.24125241879747872,0.4203440320650714,0.2317940390709493,0.22307714963505865,20,1,0.06506474002516541,0.994,53.4,C,0.28596568411790585,2.420062388236224,0.40294190472031977,0.18909806764091744,20,5,0,0.19718309859154928,0.2622478386167147,0.5884683098591549,0.41153169014084506,0.0,0.23161189358372458,0.21208907741251326,0.29063097514340347,0.237192118226601,0.2422145328719723,325,0.245,226,False,False,0.631997178447138,0.054399598406126626,3.7615384615384615,4.2384615384615385,130,,,,,,,0.013325703170445949,20,4.72,1.42,131.2,5.0,11.0,107.0,43.0,0.0,0.0,0.0,25.0,SP,25.0,583.0,144.0,23.3,7.31,2.94,9.84,1.71,24.501867900341704,-0.04154677685326469,6,0.75,17.0,7,7,0,0,0.0,4.220503949434472,0.13641067779659916,0.24611973392461198,0.25736738703339884,0.09823182711198428,0.5109895833333333,0.32373124999999997,0.30177514792899407,4.442,0.35124721020361643
807712,Luke Keaschall,R,MIN,1,Gage Jump,L,695611.0,824962,MIN @ ATH,6:40 PM,25/08,Scheduled,0.6850523837644937,,,,False,1101111111,estimated,0,0,0.0,0,0,0.36174182064804755,0.3486044460270601,0.35410541448544386,0.43147266412500196,0.16231796319266462,20,1,-0.045064866095136935,0.977,37.8,D,0.2811853893866299,2.077110401733848,0.39472420455819124,0.24422044088998468,16,5,0,0.24489795918367346,0.2899628252788104,0.5162629757785467,0.3972318339100346,0.08650519031141868,0.28406169665809766,0.2544444444444444,0.25067385444743934,0.2713178294573643,0.29535864978902954,272,0.24581005586592178,215,False,True,0.6738949728098537,0.011157410954640068,3.4098360655737703,3.9918032786885247,122,,,,,,,0.16062669551744607,20,4.83,1.51,82.0,5.0,8.0,88.0,40.0,0.0,0.0,0.0,16.0,SP,16.0,361.0,84.0,22.6,9.66,4.39,9.22,0.99,22.66855374605637,0.007130949568839529,6,0.6666666666666666,-10.0,5,6,0,0,0.0,4.487078761247817,0.05199901397291019,0.2733990147783251,0.1530398322851153,0.09643605870020965,0.2987987987987988,0.2983385885885886,0.27350427350427353,4.442,0.36707965170148615
694192,Jackson Chourio,R,MIL,1,Zac Thornton,L,804267.0,823585,MIL @ NYM,4:10 PM,25/08,Pre-Game,0.6841009497254157,,,,False,1101111101,estimated,0,0,0.0,0,0,0.28088719821325747,0.3566173978696227,0.4346756530650324,0.3533070817254801,0.21501344626365496,20,2,0.010521609538002963,0.949,44.1,D,0.2449255751014885,2.549465294078219,0.410501433405891,0.17785154300682526,9,7,0,0.28688524590163933,0.27636363636363637,0.6571815718157181,0.3048780487804878,0.037940379403794036,0.2576464489372732,0.29384328358208955,0.26628895184135976,0.27035056446821154,0.2911392405063291,260,0.2625,178,False,True,0.657567402941362,0.02653354678405373,4.092783505154639,4.515463917525773,97,,,,,,,0.04400954742503799,20,3.04,1.15,50.1,3.0,4.0,36.0,14.0,0.0,0.0,0.0,9.0,SP,9.0,200.0,44.0,22.2,6.44,2.5,7.87,1.07,22.305726557129013,-0.027543806868272958,7,0.7777777777777778,-1.0,7,6,0,0,0.0,4.362091138734796,0.09971058954215187,0.26954732510288065,0.24765478424015008,0.06566604127579738,0.4951035781544256,0.34341525423728814,0.256198347107438,4.442,0.3118053372838203
665487,Fernando Tatís,R,SD,1,Paul Skenes,R,694973.0,823259,PIT @ SD,6:40 PM,25/08,Scheduled,0.6827074639667242,-212.0,223.0,68.0,False,1010111110,estimated,0,0,0.0,0,0,0.3209564947093018,0.40289639044482667,0.6269586508376868,0.3451332211760589,0.11788844486274926,20,1,-0.06730250523272119,0.954,50.4,C,0.2788088044885628,3.200134471424085,0.42012905845054893,0.2968011332894177,20,6,0,0.33884297520661155,0.27154046997389036,0.5196374622356495,0.23521795425118688,0.24514458351316357,0.2788879235447437,0.2668947818648417,0.22920203735144312,0.2683226758484998,0.26129032258064516,355,0.32989690721649484,215,False,False,0.7006105062148206,-0.017903042248096357,3.9069767441860463,4.4186046511627906,129,,,,,,,0.051031535637473445,20,3.95,1.14,139.0,9.0,11.0,171.0,41.0,0.0,0.0,0.0,26.0,SP,26.0,573.0,118.0,22.0,11.07,2.65,7.64,0.91,22.786293599839624,0.0058258693666091155,6,0.6666666666666666,2.0,7,6,0,0,0.0,4.428162770020578,0.0985918885309845,0.2905982905982906,0.1792452830188679,0.08490566037735849,0.5276586237712243,0.37028418230563004,0.24170616113744076,4.442,0.30477878221078775
682829,Elly De La Cruz,L,CIN,1,Adrian Houser,R,605288.0,823181,CIN @ SF,6:45 PM,25/08,Scheduled,0.6822213790165538,-194.0,212.0,66.0,False,0100110111,estimated,0,0,0.0,0,0,0.20060909910502409,0.4197142825026007,0.41399532247403986,0.34887012183028865,0.3488970601997284,20,1,-0.011234125691957031,0.994,59.2,C,0.25205158264947247,2.571550441286369,0.3732943695308692,0.1569299391499639,20,6,0,0.2702702702702703,0.25903614457831325,0.6715542521994134,0.16774193548387098,0.16070381231671554,0.23956723338485317,0.24619289340101522,0.2388419782870929,0.24172770901742865,0.25704225352112675,313,0.27044025157232704,190,False,False,0.6325518295107903,0.04966954950576352,3.955357142857143,4.491071428571429,112,,,,,,,0.004762926745759665,20,4.08,1.31,108.0,4.0,7.0,73.0,34.0,0.0,0.0,0.0,15.0,SP,25.0,464.0,108.0,18.6,6.08,2.83,9.0,1.25,16.342692804013996,-0.03030137901655383,5,0.5555555555555556,-4.0,5,7,0,0,0.0,4.45878944546267,0.08648142924800536,0.25862068965517243,0.2746212121212121,0.10984848484848485,0.5282131661442007,0.38142528735632186,0.2804878048780488,4.442,0.3073890946381798
661388,William Contreras,R,MIL,3,Zac Thornton,L,804267.0,823585,MIL @ NYM,4:10 PM,25/08,Pre-Game,0.6817400502561619,,,,False,0001110111,estimated,0,0,0.0,0,0,0.2799845053023911,0.3138746180474797,0.5131638007512954,0.31930485735257924,0.09087010828000562,20,2,0.03898931257421823,0.949,44.1,D,0.2449255751014885,2.549465294078219,0.410501433405891,0.17785154300682526,9,7,0,0.2937062937062937,0.25471698113207547,0.6571815718157181,0.3048780487804878,0.037940379403794036,0.28348574502420654,0.23555555555555555,0.30864197530864196,0.2724066999706142,0.2730627306273063,306,0.2578947368421053,211,False,True,0.6745350394447124,0.00720501081144953,3.841666666666667,4.308333333333334,120,,,,,,,0.08416279361060705,20,3.04,1.15,50.1,3.0,4.0,36.0,14.0,0.0,0.0,0.0,9.0,SP,9.0,200.0,44.0,22.2,6.44,2.5,7.87,1.07,22.305726557129013,-0.029082907399019087,7,0.7777777777777778,-1.0,7,6,0,0,0.0,4.484229398396831,0.11711778689575626,0.2657952069716776,0.13733075435203096,0.0851063829787234,0.43960481099656357,0.31093298969072164,0.256198347107438,4.25,0.3118053372838203
643446,Jeff Mcneil,L,ATH,2,Taj Bradley,R,671737.0,824962,MIN @ ATH,6:40 PM,25/08,Scheduled,0.6816642665651987,,,,False,1001110111,estimated,0,0,0.0,0,0,0.3242918702073944,0.33784108119926226,0.2782690879377793,0.34605864978018624,0.05426983352555972,20,1,0.03895337399173715,0.977,51.0,C,0.27904092600248037,2.325372378945533,0.4517213856391622,0.2659295274531702,20,6,0,0.23529411764705882,0.27424749163879597,0.7067824648469809,0.09222497932175351,0.20099255583126552,0.24867724867724866,0.23941068139963168,0.25586854460093894,0.24771838331160365,0.2815533980582524,223,0.2484472049689441,179,False,False,0.6862379122707591,-0.004573645705560403,3.1913043478260867,3.4956521739130433,115,,,,,,,0.23925670392201032,20,3.9,1.28,140.2,9.0,5.0,158.0,62.0,0.0,0.0,0.0,25.0,SP,25.0,599.0,118.0,24.0,10.11,3.97,7.55,1.22,23.94039022020522,0.001802400101467816,6,0.75,-7.0,7,7,0,0,0.0,4.035252760300159,0.027359373528202877,0.25396825396825395,0.1111111111111111,0.06038647342995169,0.3081325301204819,0.3047560240963855,0.2108626198083067,4.35,0.35544513435863745
672640,Otto Lopez,R,MIA,1,Payton Tolle,L,801139.0,823826,BOS @ MIA,3:40 PM,25/08,Pre-Game,0.6811758060795694,,,,False,1011011101,live,0,0,0.0,0,0,0.23158626856425135,0.2891857896789042,0.34793776972639057,0.2560338044067513,0.05219750615753986,20,1,0.08884031382957958,1.0,87.8,A,0.28539944903581266,4.534523580415639,0.3359334969901632,0.2953521182045311,20,6,0,0.3722627737226277,0.28342245989304815,0.8757592490336831,0.09221424627277747,0.03202650469353948,0.3305785123966942,0.2766740250183959,0.3284072249589491,0.3114754098360656,0.3022508038585209,337,0.315,221,False,False,0.692882904842716,-0.011707098763146573,3.9921875,4.359375,128,,,,,,,0.018974741215330847,20,3.08,1.08,120.0,8.0,6.0,134.0,33.0,0.0,0.0,0.0,21.0,SP,21.0,483.0,97.0,23.0,10.05,2.48,7.28,0.98,22.987331975222382,0.015874193920430546,6,0.75,12.0,7,6,0,0,0.0,4.433616282106893,0.09810226416614265,0.3064182194616977,0.12619502868068833,0.0497131931166348,0.4115907274180655,0.329271382893685,0.2012779552715655,4.442,0.3083510417796791
664761,Alec Bohm,R,PHI,5,George Kirby,R,669923.0,823098,PHI @ SEA,6:40 PM,25/08,Scheduled,0.6810999836213032,,,,False,1111110110,estimated,0,0,0.0,0,0,0.3510209961152237,0.3377194169909165,0.41871832348090227,0.3688496975763053,0.06270466575315778,20,1,-0.039404441021691716,0.906,44.4,D,0.26469248291571756,3.3600197201000532,0.43417298448544217,0.18560381057364803,20,5,0,0.272108843537415,0.23270440251572327,0.5287671232876713,0.3963470319634703,0.07488584474885844,0.22434953362788415,0.22380467955239064,0.2491349480968858,0.22644927536231885,0.24436090225563908,286,0.24623115577889448,226,False,False,0.668460816228771,0.012639167392532236,3.75,4.129032258064516,124,,,,,,,0.0664235792483246,20,4.18,1.36,140.0,8.0,10.0,117.0,33.0,0.0,0.0,0.0,24.0,SP,24.0,587.0,157.0,24.5,7.52,2.12,10.09,1.09,23.837857570836032,-0.022749983621303205,4,0.5714285714285714,-15.0,7,6,0,0,0.0,4.258124925724216,0.031190972548680772,0.2511111111111111,0.13737373737373737,0.05858585858585859,0.4306282722513089,0.31083071553228625,0.29213483146067415,4.024,0.36490178504984117
624413,Pete Alonso,R,BAL,2,,R,,823016,BAL @ STL,4:45 PM,25/08,Scheduled,0.679865362445117,-186.0,203.0,65.0,False,1111111110,estimated,0,0,0.0,0,0,0.42119873683897524,0.4603888729957794,0.6491839111867749,0.5084952763537686,0.17143492620309436,20,2,0.0005663155510250428,1.031,,,,,,,0,0,0,0.2716049382716049,0.27217125382262997,,,,0.26157205240174675,0.2624113475177305,0.29273084479371314,0.2655581947743468,0.2809364548494983,335,0.2578947368421053,229,False,False,0.6671450183767584,0.012720344068358536,3.7615384615384615,4.338461538461538,130,,,,,,,0.2710980492322935,20,,,,,,,,,,,,,,,,,,,,,,0.0255568597771052,9,1.0,30.0,7,6,0,0,-1.0,4.18855085691453,0.06818147697357103,0.27839643652561247,0.23461538461538461,0.1076923076923077,0.5616717635066258,0.39980122324159023,,4.35,0.3190486082316438
680977,Brendan Donovan,L,SEA,1,Aaron Nola,R,605400.0,823098,PHI @ SEA,6:40 PM,25/08,Scheduled,0.679865362445117,,,,False,1101101111,estimated,11,2,0.18181818181818182,1,2022,0.2978351806679155,0.28738242511429485,0.2848484053247362,0.3876379853200522,0.13055595198244654,20,4,-0.03181336161187698,0.906,62.1,C,0.30147368421052634,3.607817220335518,0.44531032511850954,0.25909202400926157,20,6,0,0.2926829268292683,0.2608695652173913,0.4970414201183432,0.34023668639053256,0.16272189349112426,0.29373996789727125,0.2791666666666667,0.36792452830188677,0.2979381443298969,0.32051282051282054,92,0.2,64,False,False,0.6745350394447124,0.005330323000404591,3.5,4.105263157894737,38,,,,,,,0.21244092709992352,20,5.12,1.42,137.0,5.0,9.0,146.0,46.0,0.0,0.0,0.0,26.0,SP,26.0,593.0,148.0,22.8,9.59,3.02,9.72,2.04,23.13560368421319,-0.018085362445116937,5,0.625,-11.0,7,7,0,0,0.0,4.347270952121176,0.09625211803363597,0.2808988764044944,0.142578125,0.083984375,0.37186379928315416,0.29086290322580644,0.2693498452012384,4.442,0.3539566038238833
663538,Nico Hoerner,R,CHC,6,Brandon Pfaadt,R,694297.0,825042,CHC @ AZ,6:40 PM,25/08,Scheduled,0.6794895095470093,,,,False,1011101110,estimated,14,3,0.21428571428571427,1,2023,0.26697253512856456,0.3212887972585212,0.20211050288460247,0.2841785423161247,0.10302591745550684,20,1,-0.015354874344103875,1.0,67.6,B,0.2700877785280216,3.613850639966852,0.3665753865992995,0.18022322329720386,20,6,0,0.27450980392156865,0.2591549295774648,0.5462525320729237,0.28966914247130315,0.16407832545577314,0.2498760535448686,0.246684350132626,0.25415676959619954,0.24986025712688653,0.2642857142857143,311,0.2631578947368421,252,False,False,0.6720971667575868,0.007392342789422468,3.96875,4.3984375,128,,,,,,,0.005170779065660151,20,3.39,1.14,98.1,7.0,1.0,69.0,24.0,0.0,0.0,0.0,13.0,SP,23.0,403.0,88.0,17.5,6.32,2.2,8.05,1.01,18.807720990429505,-0.012046652404152147,7,0.7,24.0,6,6,0,0,0.0,4.182772071689072,0.029506179318990026,0.26195426195426197,0.08128544423440454,0.0661625708884688,0.2823820395738204,0.33095243531202434,0.2073170731707317,3.896,0.3088278372024625
677800,Wilyer Abreu,L,BOS,3,Tyler Phillips,R,663969.0,823826,BOS @ MIA,3:40 PM,25/08,Pre-Game,0.6788494429121504,,,,False,1101011001,live,0,0,0.0,0,0,0.29085279529801045,0.33648361295539236,0.5205058708534706,0.3487307582366125,0.1758059990136559,20,1,-0.051749734888653254,1.0,48.4,D,0.2980828695114409,1.9841847866551596,0.4333439291590055,0.18383546550287966,20,7,0,0.2956521739130435,0.24390243902439024,0.3401360544217687,0.42547928262213974,0.23438466295609153,0.2319932998324958,0.23650107991360692,0.24464831804281345,0.23553095118268746,0.2517482517482518,332,0.26262626262626265,225,False,False,0.6364464618592311,0.042402981052919286,3.811023622047244,4.3858267716535435,127,,,,,,,-0.0559868480785027,20,3.67,1.37,100.2,3.0,6.0,79.0,42.0,2.0,1.0,3.0,14.0,RP,31.0,434.0,96.0,14.0,7.06,3.75,8.58,1.16,17.726383832084665,-0.015229442912150448,5,0.5555555555555556,7.0,7,6,0,0,0.0,4.582238135640558,0.15586674266236844,0.25,0.20075757575757575,0.10606060606060606,0.4398095238095238,0.33551142857142857,0.2688679245283019,4.25,0.2867833679494708
682998,Corbin Carroll,L,AZ,1,Clay Holmes,R,605280.0,825042,CHC @ AZ,6:40 PM,25/08,Scheduled,0.6788494429121504,-212.0,223.0,68.0,False,1110011110,estimated,0,0,0.0,0,0,0.29213746138429947,0.34619685494419344,0.5143866665704506,0.3552260905141591,0.15835494494674002,20,1,-0.16600653186019038,1.0,45.9,D,0.26973684210526316,2.1112838673796923,0.4232290436131771,0.17286313035905398,12,6,0,0.37398373983739835,0.20797720797720798,0.581766917293233,0.26785714285714285,0.15037593984962405,0.24475823705605476,0.28431372549019607,0.2121684867394696,0.2495,0.2691029900332226,339,0.21965317919075145,213,False,False,0.6495135102555544,0.029335932656596064,3.732283464566929,4.346456692913386,127,,,,,,,0.13536129140168016,20,2.49,1.11,68.2,5.0,6.0,50.0,23.0,0.0,0.0,0.0,12.0,SP,12.0,278.0,53.0,23.2,6.55,3.01,6.95,0.52,22.960655497093345,-0.030974442912150457,4,0.6666666666666666,36.0,6,6,0,0,0.0,4.360914821794227,0.1294314701794831,0.24611973392461198,0.21606118546845124,0.11281070745697896,0.49457593688362916,0.33528599605522685,0.22077922077922077,4.442,0.29526760530665064
670623,Isaac Paredes,R,HOU,3,Will Warren,R,701542.0,823505,HOU @ NYY,4:05 PM,25/08,Pre-Game,0.6788494429121504,,,,False,0111011101,estimated,0,0,0.0,0,0,0.2769321370507742,0.23671359848293094,0.18899135972869088,0.27989766355208284,0.04758145041657819,20,2,0.005303030303030254,1.007,31.2,F,0.2848975702715579,2.232985165886097,0.4895624016548738,0.21363220326764623,20,6,0,0.25833333333333336,0.2636363636363636,0.6319809069212411,0.24391408114558472,0.12410501193317422,0.26295503211991433,0.25445103857566764,0.3425324675324675,0.27154471544715447,0.2746478873239437,323,0.24096385542168675,201,False,False,0.6738949728098537,0.004954470102296771,3.658536585365854,4.260162601626016,123,,,,,,,0.06815981468054942,20,4.43,1.4,122.0,8.0,6.0,122.0,43.0,0.0,0.0,0.0,24.0,SP,25.0,535.0,128.0,21.4,9.0,3.17,9.44,1.4,20.740702023179768,0.0017172237545162172,9,1.0,12.0,7,6,0,0,1.0,4.290821183787932,0.10114538689295578,0.2642369020501139,0.12941176470588237,0.09411764705882353,0.2801608579088472,0.29680428954423593,0.2608695652173913,4.25,0.29049470352001544
671277,Luis García,L,NYY,3,Ethan Pecko,R,814490.0,823505,HOU @ NYY,4:05 PM,25/08,Pre-Game,0.6783921590838493,,,,False,1011011010,estimated,0,0,0.0,0,0,0.2263564475517909,0.3467825128956882,0.5193885198374856,0.3263960981949311,0.26832149778430703,20,2,0.07660860291503732,1.007,50.0,C,0.23595505617977527,,,,1,6,0,0.20689655172413793,0.28350515463917525,0.7078651685393258,0.21348314606741572,0.07865168539325842,0.22229965156794426,0.23924449108079748,0.2564734895191122,0.2361934477379095,0.2530612244897959,260,0.313953488372093,181,False,True,0.6745878852305759,0.003804273853273421,3.475,3.675,120,,,,,,,-0.043927270062156694,20,4.91,1.64,3.2,0.0,0.0,4.0,3.0,0.0,0.0,0.0,1.0,SP,1.0,18.0,3.0,18.0,9.82,7.36,7.36,0.0,,-0.0035088257505160314,6,0.8571428571428571,3.0,7,6,0,0,0.0,4.015602145877429,0.08503794856040821,0.27884615384615385,0.1689497716894977,0.045662100456621,0.4673489278752437,0.3467714424951267,0.16666666666666666,4.25,0.3334930694553643
672515,Gabriel Moreno,R,AZ,2,Clay Holmes,R,605280.0,825042,CHC @ AZ,6:40 PM,25/08,Scheduled,0.6780960237883176,,,,False,1111111100,estimated,0,0,0.0,0,0,0.25834542697141843,0.3099192628785668,0.40279188202130833,0.32881979425135494,0.15202226424074736,20,1,0.06481209630064588,1.0,45.9,D,0.26973684210526316,2.1112838673796923,0.4232290436131771,0.17286313035905398,12,6,0,0.25961538461538464,0.3244274809160305,0.581766917293233,0.26785714285714285,0.15037593984962405,0.3095652173913043,0.290625,0.3059125964010283,0.3011308562197092,0.3051643192488263,242,0.30718954248366015,186,False,False,0.6714782936867217,0.006617730101595831,3.588235294117647,4.196078431372549,102,,,,,,,0.09457065325336872,20,2.49,1.11,68.2,5.0,6.0,50.0,23.0,0.0,0.0,0.0,12.0,SP,12.0,278.0,53.0,23.2,6.55,3.01,6.95,0.52,22.960655497093345,-0.011696023788317467,4,0.6666666666666666,36.0,6,6,0,0,0.0,4.507966967753397,0.10061325597416178,0.31002331002331,0.15476190476190477,0.11706349206349206,0.4346628679962013,0.35184615384615386,0.1958762886597938,4.35,0.29526760530665064
701398,Sal Stewart,R,CIN,2,Adrian Houser,R,605288.0,823181,CIN @ SF,6:45 PM,25/08,Scheduled,0.6764327637890185,,,,False,0111111111,estimated,0,0,0.0,0,0,0.3097043271538339,0.38284805257619486,0.34364536988562877,0.42446092145703856,0.23039906531608986,20,1,0.04264689360745985,0.994,59.2,C,0.25205158264947247,2.571550441286369,0.3732943695308692,0.1569299391499639,20,6,0,0.22608695652173913,0.268733850129199,0.6715542521994134,0.16774193548387098,0.16070381231671554,0.26180048661800487,0.27390499691548426,0.28604118993135014,0.26842870999030066,0.2724358974358974,345,0.23684210526315788,224,False,False,0.6471140332758215,0.029318730513197,3.83206106870229,4.343511450381679,131,,,,,,,0.27304770413255736,20,4.08,1.31,108.0,4.0,7.0,73.0,34.0,0.0,0.0,0.0,15.0,SP,25.0,464.0,108.0,18.6,6.08,2.83,9.0,1.25,16.342692804013996,-0.025292763789018458,5,0.5555555555555556,-4.0,5,7,0,0,0.0,4.38287978728325,0.021329205339570265,0.2548596112311015,0.22413793103448276,0.08045977011494253,0.3836223506743738,0.3361859344894027,0.22674418604651161,4.35,0.3073890946381798
665161,Jeremy Peña,R,HOU,1,Will Warren,R,701542.0,823505,HOU @ NYY,4:05 PM,25/08,Pre-Game,0.6761455135190064,,,,False,1011110011,estimated,0,0,0.0,0,0,0.1780197570395553,0.34159540204037153,0.3237043063139502,0.3290488029775586,0.3717646512371905,20,2,0.08971428571428572,1.007,31.2,F,0.2848975702715579,2.232985165886097,0.4895624016548738,0.21363220326764623,20,6,0,0.21428571428571427,0.304,0.6319809069212411,0.24391408114558472,0.12410501193317422,0.28507462686567164,0.267590618336887,0.2694610778443114,0.2766119801602442,0.28780487804878047,222,0.2782608695652174,128,False,False,0.6633892509901437,0.01275626252886275,4.0,4.375,80,,,,,,,-0.07829662850291094,20,4.43,1.4,122.0,8.0,6.0,122.0,43.0,0.0,0.0,0.0,24.0,SP,25.0,535.0,128.0,21.4,9.0,3.17,9.44,1.4,20.740702023179768,-0.003267735741228628,9,1.0,12.0,7,6,0,0,1.0,4.277599855233574,0.02704680320847913,0.27800829875518673,0.20415879017013233,0.0661625708884688,0.4201871657754011,0.3468422459893048,0.2608695652173913,4.442,0.29049470352001544
607208,Trea Turner,R,PHI,2,George Kirby,R,669923.0,823098,PHI @ SEA,6:40 PM,25/08,Scheduled,0.6756852356937358,-194.0,223.0,66.0,False,0111010100,estimated,0,0,0.0,0,0,0.20131879891733634,0.28099014205799183,0.333106618516112,0.27150521386376497,0.2179663809705412,20,1,-0.017748413006866165,0.906,44.4,D,0.26469248291571756,3.3600197201000532,0.43417298448544217,0.18560381057364803,20,5,0,0.25268817204301075,0.23493975903614459,0.5287671232876713,0.3963470319634703,0.07488584474885844,0.22664359861591696,0.22406384284837325,0.24897959183673468,0.2277027027027027,0.24074074074074073,347,0.2422680412371134,214,False,False,0.6398225011943126,0.03586273449942323,4.111111111111111,4.4523809523809526,126,,,,,,,-0.11718517804972613,20,4.18,1.36,140.0,8.0,10.0,117.0,33.0,0.0,0.0,0.0,24.0,SP,24.0,587.0,157.0,24.5,7.52,2.12,10.09,1.09,23.837857570836032,-0.032110235693735834,4,0.5714285714285714,-15.0,7,6,0,0,0.0,4.569519756878839,0.07411436260097483,0.25,0.2153558052434457,0.06367041198501873,0.4089301503094606,0.3246286472148541,0.29213483146067415,4.35,0.36490178504984117
805811,Bryce Eldridge,L,SF,3,Brady Singer,R,663903.0,823181,CIN @ SF,6:45 PM,25/08,Scheduled,0.6738949728098537,,,,False,0111101111,estimated,0,0,0.0,0,0,0.27862008329519844,0.3784583972001228,0.5163182600540593,0.38600307069913126,0.25023930061353794,20,2,-0.04377594479486763,0.994,53.4,C,0.28596568411790585,2.420062388236224,0.40294190472031977,0.18909806764091744,20,5,0,0.2839506172839506,0.24017467248908297,0.5884683098591549,0.41153169014084506,0.0,0.2762738853503185,0.27005649717514124,0.22506393861892582,0.2672447772960189,0.28,198,0.21481481481481482,158,False,False,0.6120187323637366,0.06187624044611706,3.5632183908045976,4.091954022988506,87,,,,,,,0.25026847773171107,20,4.72,1.42,131.2,5.0,11.0,107.0,43.0,0.0,0.0,0.0,25.0,SP,25.0,583.0,144.0,23.3,7.31,2.94,9.84,1.71,24.501867900341704,-0.04557830614318692,6,0.75,17.0,7,7,0,0,0.0,4.129060470632103,0.10386435263901134,0.23529411764705882,0.2770780856423174,0.13350125944584382,0.5282608695652173,0.35208260869565217,0.30177514792899407,4.25,0.35124721020361643
800050,Chase Delauter,L,CLE,2,Walbert Ureña,R,700712.0,823989,CLE @ LAA,6:38 PM,25/08,Scheduled,0.6720971667575868,,,,False,0111110101,estimated,0,0,0.0,0,0,0.32211465811532475,0.30169341972272723,0.49110137034557916,0.36550962910510826,0.13335613678758335,20,2,-0.09345314505776636,0.979,68.1,B,0.28764278296988577,1.8574865266042089,0.3587884039557087,0.2326280754234348,20,6,0,0.34959349593495936,0.256140350877193,0.5210827693909422,0.1494013534617387,0.3295158771473191,0.2851985559566787,0.25396825396825395,0.23129251700680273,0.26495726495726496,0.26785714285714285,257,0.30434782608695654,204,False,True,0.6738949728098537,-0.0017978060522668704,3.743119266055046,4.229357798165138,109,,,,,,,0.17635619447193265,20,2.8,1.24,112.2,8.0,9.0,109.0,59.0,0.0,0.0,0.0,21.0,SP,23.0,479.0,81.0,20.8,8.71,4.71,6.47,0.56,21.732772477352487,-0.007557166757586775,5,0.7142857142857143,-5.0,5,7,0,0,0.0,4.369450731348009,0.12760528790793593,0.2984054669703872,0.14228456913827656,0.11422845691382766,0.45765398550724634,0.31042595108695653,0.205607476635514,4.35,0.28933015242667737
672695,Geraldo Perdomo,L,AZ,3,Clay Holmes,R,605280.0,825042,CHC @ AZ,6:40 PM,25/08,Scheduled,0.669680487634455,,,,False,1000101011,estimated,0,0,0.0,0,0,0.25072436926030894,0.29372346124280696,0.35523493064670064,0.2820203441004402,0.15293275714193116,20,1,-0.08590780625670014,1.0,45.9,D,0.26973684210526316,2.1112838673796923,0.4232290436131771,0.17286313035905398,12,6,0,0.3064516129032258,0.22054380664652568,0.581766917293233,0.26785714285714285,0.15037593984962405,0.25010300782859496,0.2724458204334365,0.25956284153005466,0.2567698259187621,0.2785714285714286,332,0.18857142857142858,215,False,False,0.6493860957704767,0.0202943918639783,3.611111111111111,4.341269841269841,126,,,,,,,-0.03412256964737787,20,2.49,1.11,68.2,5.0,6.0,50.0,23.0,0.0,0.0,0.0,12.0,SP,12.0,278.0,53.0,23.2,6.55,3.01,6.95,0.52,22.960655497093345,-0.02478048763445495,4,0.6666666666666666,36.0,6,6,0,0,0.0,4.372102905772161,0.09317194699804948,0.24480369515011546,0.12643678160919541,0.13984674329501914,0.3042688465031789,0.2922216167120799,0.22077922077922077,4.25,0.29526760530665064
666018,Jonathan Aranda,L,TB,2,Jackson Jobe,R,695549.0,824233,TB @ DET,3:40 PM,25/08,Pre-Game,0.669680487634455,-203.0,212.0,67.0,False,1011010011,estimated,0,0,0.0,0,0,0.21915390859898354,0.30523213908333013,0.4485424088940861,0.31258650473435795,0.3023332209178472,20,1,0.027515837322887926,1.004,50.0,C,0.22943722943722944,,,,3,6,0,0.25663716814159293,0.28415300546448086,0.5541125541125541,0.329004329004329,0.11688311688311688,0.2529434105582985,0.24603174603174602,0.2744360902255639,0.2536800785083415,0.2745762711864407,337,0.2826086956521739,215,False,False,0.6405185362770641,0.02916195135739086,3.7716535433070866,4.346456692913386,127,,,,,,,-0.03157879557302124,20,4.5,1.36,14.0,1.0,1.0,11.0,5.0,0.0,0.0,0.0,3.0,SP,3.0,61.0,14.0,20.3,7.07,3.21,9.0,1.29,,-0.014267987634454915,8,0.8888888888888888,-10.0,7,7,0,0,0.0,4.206004692064757,0.0468910301235116,0.27876106194690264,0.2380038387715931,0.09788867562380038,0.44080284552845533,0.3569573170731707,0.2647058823529412,4.35,0.3003683129124101
686765,Nick Sogard,L,BOS,1,Tyler Phillips,R,663969.0,823826,BOS @ MIA,3:40 PM,25/08,Pre-Game,0.669220186190175,,,,False,1001111111,live,0,0,0.0,0,0,0.3554698525341331,0.3203138089461433,0.32291876335925473,0.4277182378475825,0.18291348436571422,20,1,-0.1688951442646024,1.0,48.4,D,0.2980828695114409,1.9841847866551596,0.4333439291590055,0.18383546550287966,20,7,0,0.41379310344827586,0.24489795918367346,0.3401360544217687,0.42547928262213974,0.23438466295609153,0.2485207100591716,0.26356589147286824,0.2694063926940639,0.2571138211382114,0.2647058823529412,83,0.3050847457627119,74,False,False,0.6323803681166011,0.03683981807357384,3.6285714285714286,4.485714285714286,35,,,,,,,0.06293296225883002,20,3.67,1.37,100.2,3.0,6.0,79.0,42.0,2.0,1.0,3.0,14.0,RP,31.0,434.0,96.0,14.0,7.06,3.75,8.58,1.16,17.726383832084665,-0.011300186190174921,5,0.5555555555555556,7.0,7,6,0,0,0.0,4.765391232240046,0.15836067602795545,0.26605504587155965,0.2230971128608924,0.10498687664041995,0.2845041322314049,0.32177272727272727,0.2688679245283019,4.442,0.2867833679494708
682928,Cj Abrams,L,WSH,1,,R,,822693,COL @ WSH,3:45 PM,25/08,Pre-Game,0.6689329595391721,-194.0,212.0,66.0,False,1101000111,estimated,0,0,0.0,0,0,0.19883373382115818,0.3220103702940024,0.36657474125916145,0.31795902442770313,0.29794975228724907,20,1,-0.009749894022891059,1.04,,,,,,,0,0,0,0.2857142857142857,0.27596439169139464,,,,0.25369738339021614,0.24550430023455824,0.24427480916030533,0.24916013437849943,0.2857142857142857,307,0.2696078431372549,230,False,False,0.637221049307655,0.03171191023151709,3.7903225806451615,4.330645161290323,124,,,,,,,-0.059184831500365284,20,,,,,,,,,,,,,,,,,,,,,,0.005004540460827989,8,0.8,5.0,5,7,0,0,0.0,4.575064364638156,0.08057559961944268,0.2803532008830022,0.2335907335907336,0.08494208494208494,0.4203313253012049,0.3523132530120482,,4.442,0.34345917694454914
547180,Bryce Harper,L,PHI,3,George Kirby,R,669923.0,823098,PHI @ SEA,6:40 PM,25/08,Scheduled,0.6660559789717603,-170.0,186.0,63.0,False,1111010111,estimated,0,0,0.0,0,0,0.3247218047199826,0.39457839064387296,0.5005049430114926,0.4788043152699779,0.17981079180430432,20,1,0.1328520611006487,0.906,44.4,D,0.26469248291571756,3.3600197201000532,0.43417298448544217,0.18560381057364803,20,5,0,0.17901234567901234,0.31186440677966104,0.5287671232876713,0.3963470319634703,0.07488584474885844,0.25161290322580643,0.24172661870503598,0.2840531561461794,0.2532938962086582,0.28125,342,0.23668639053254437,217,False,False,0.6466678024133415,0.019388176558418735,3.5153846153846153,4.3,130,,,,,,,0.08510769606680886,20,4.18,1.36,140.0,8.0,10.0,117.0,33.0,0.0,0.0,0.0,24.0,SP,24.0,587.0,157.0,24.5,7.52,2.12,10.09,1.09,23.837857570836032,-0.03963097897176027,4,0.5714285714285714,-15.0,7,6,0,0,0.0,4.486330330033079,0.26834072640608553,0.26730310262529833,0.21124031007751937,0.16666666666666666,0.4594086021505376,0.37316451612903223,0.2791519434628975,4.25,0.36490178504984117
694673,Abimelec Ortiz,L,WSH,2,,R,,822693,COL @ WSH,3:45 PM,25/08,Pre-Game,0.663880521108314,,,,False,0110100001,estimated,0,0,0.0,0,0,0.21047777611007135,0.33307095216679417,0.34957416501364513,0.2824365896299829,0.23301661079909572,20,1,0.0,1.04,,,,,,,0,0,0,,0.21212121212121213,,,,0.27300613496932513,0.23636363636363636,0.14655172413793102,0.23809523809523808,0.25,41,0.15384615384615385,30,True,False,0.6039337069574967,0.05994681415081726,3.142857142857143,3.380952380952381,21,,,,,,,-0.07302802995033116,20,,,,,,,,,,,,,,,,,,,,,,0.0009819788916859418,8,0.8,5.0,5,7,0,0,0.0,3.688752559869291,0.058461641256489956,0.22950819672131148,0.23076923076923078,0.046153846153846156,0.45652173913043476,0.3094565217391304,,4.35,0.34345917694454914
703607,Henry Bolte,R,ATH,1,Taj Bradley,R,671737.0,824962,MIN @ ATH,6:40 PM,25/08,Scheduled,0.6632616480374489,,,,False,1111110011,estimated,0,0,0.0,0,0,0.3249011886995285,0.36068327249153187,0.3986693122731849,0.4164914024270024,0.24715179632420295,20,1,0.02100840336134452,0.977,51.0,C,0.27904092600248037,2.325372378945533,0.4517213856391622,0.2659295274531702,20,6,0,0.2647058823529412,0.2857142857142857,0.7067824648469809,0.09222497932175351,0.20099255583126552,0.2723112128146453,0.2685337726523888,0.3353115727002967,0.2814292015880018,0.29651162790697677,195,0.248,143,True,False,0.646607559148404,0.01665408888904496,3.413793103448276,3.8850574712643677,87,,,,,,,0.20391833928559258,20,3.9,1.28,140.2,9.0,5.0,158.0,62.0,0.0,0.0,0.0,25.0,SP,25.0,599.0,118.0,24.0,10.11,3.97,7.55,1.22,23.94039022020522,-0.018028314704115478,6,0.75,-7.0,7,7,0,0,0.0,4.487040635384719,0.09695779074665199,0.2739273927392739,0.2753623188405797,0.07246376811594203,0.46474358974358976,0.327625,0.23853211009174313,4.442,0.35544513435863745
805808,Kevin Mcgonigle,L,DET,3,Ian Seymour,L,693855.0,824233,TB @ DET,3:40 PM,25/08,Pre-Game,0.6625294162120433,,,,False,1001111011,estimated,0,0,0.0,0,0,0.25741625728996137,0.3094085531157656,0.4219162666800824,0.31964786470932655,0.1325984805539058,20,1,-0.07610544217687074,1.004,86.4,A,0.3176829268292683,4.102701388312715,0.36645857092282924,0.28893695811191183,20,5,0,0.22448979591836735,0.3005952380952381,0.41784615384615387,0.27876923076923077,0.30338461538461536,0.27589246364037023,0.2833333333333333,0.2628797886393659,0.2752835538752363,0.2832764505119454,343,0.26842105263157895,228,True,False,0.669680487634455,-0.00715107142241167,3.8333333333333335,4.531746031746032,126,,,,,,,0.14965850781749251,20,4.17,1.14,101.1,9.0,4.0,123.0,32.0,2.0,0.0,2.0,11.0,RP,40.0,421.0,84.0,10.5,10.92,2.84,7.46,1.6,18.808817542508518,0.00035391712129007047,6,0.6666666666666666,-9.0,7,6,0,0,0.0,4.576335680707978,0.09789287530937887,0.2792207792207792,0.13761467889908258,0.13577981651376148,0.3638242894056848,0.3074392764857881,0.24444444444444444,4.25,0.3240812892663866
545121,Ildemaro Vargas,L,AZ,6,Clay Holmes,R,605280.0,825042,CHC @ AZ,6:40 PM,25/08,Scheduled,0.66204577728714,,,,False,1110110011,estimated,0,0,0.0,0,0,0.1876076168359366,0.28034854964989203,0.32036504926415993,0.22996649430339874,0.12134620438522307,20,1,-0.057366011311607845,1.0,45.9,D,0.26973684210526316,2.1112838673796923,0.4232290436131771,0.17286313035905398,12,6,0,0.2978723404255319,0.24050632911392406,0.581766917293233,0.26785714285714285,0.15037593984962405,0.26926070038910505,0.2604456824512535,0.24406047516198703,0.26162555600485243,0.25,209,0.27472527472527475,199,False,False,0.6443336573396183,0.017712119947521643,3.4363636363636365,3.709090909090909,110,,,,,,,-0.08746305573109939,20,2.49,1.11,68.2,5.0,6.0,50.0,23.0,0.0,0.0,0.0,12.0,SP,12.0,278.0,53.0,23.2,6.55,3.01,6.95,0.52,22.960655497093345,-0.01754577728714002,4,0.6666666666666666,36.0,6,6,0,0,0.0,3.634031675472525,0.07266520744012071,0.2617283950617284,0.09610983981693363,0.05263157894736842,0.369880624426079,0.2999752066115703,0.22077922077922077,3.896,0.29526760530665064
681198,Tj Rumfield,L,COL,4,Andrew Alvarez,L,674841.0,822693,COL @ WSH,3:45 PM,25/08,Pre-Game,0.661463841985182,,,,False,1101110001,estimated,0,0,0.0,0,0,0.20622242450583383,0.2663680548401515,0.23365671377820474,0.2458237187468721,0.15748165226257874,20,1,-0.017330383480825995,1.04,45.4,D,0.28451563691838294,2.0018562310891417,0.42992405284802954,0.20882782737972497,19,5,0,0.2743362831858407,0.2916666666666667,0.4263920671243326,0.5339435545385202,0.03966437833714721,0.2937062937062937,0.2522768670309654,0.23175182481751824,0.2713820656999112,0.26394052044609667,305,0.32222222222222224,207,True,False,0.631997178447138,0.029466663538044058,3.5354330708661417,4.031496062992126,127,,,,,,,-0.05289468443934693,20,3.6,1.34,80.0,2.0,5.0,74.0,36.0,1.0,0.0,1.0,11.0,SP,19.0,339.0,71.0,17.8,8.33,4.05,7.99,0.45,18.933806204115022,-0.009663841985182109,7,0.7777777777777778,13.0,7,6,0,0,0.0,3.937999273135483,0.10193489287184376,0.28169014084507044,0.13786008230452676,0.09876543209876543,0.26508820798514393,0.3005787372330548,0.23863636363636365,4.159,0.31256686726255617
608369,Corey Seager,L,TEX,1,Anthony Kay,L,641743.0,824556,TEX @ CWS,4:40 PM,25/08,Scheduled,0.661463841985182,,,,False,0011111011,estimated,0,0,0.0,0,0,0.36483129716911783,0.3762384132378415,0.5817487240945725,0.4422102482993214,0.14803015787273688,20,1,0.04570434145447885,0.968,59.4,C,0.26357969723953695,2.8812797243509274,0.3865519487154837,0.19879053430455748,20,5,0,0.2641509433962264,0.21844660194174756,0.5681211041852182,0.29118432769367764,0.14069456812110417,0.228544776119403,0.23357664233576642,0.2535612535612536,0.23138173302107728,0.24157303370786518,198,0.19753086419753085,102,False,False,0.652292046877627,0.009171795107555059,3.7,4.285714285714286,70,,,,,,,0.05534295602459409,20,3.96,1.33,127.1,9.0,6.0,104.0,45.0,0.0,0.0,0.0,24.0,SP,26.0,565.0,124.0,21.7,7.35,3.18,8.76,1.13,22.459505460909742,-0.01586384198518198,6,0.6,4.0,7,7,0,0,0.0,4.153478828773196,0.0736103955699254,0.24830699774266365,0.22612085769980506,0.10721247563352826,0.5101936799184505,0.33612232415902144,0.18840579710144928,4.442,0.32153169195953374
621439,Byron Buxton,R,MIN,3,Gage Jump,L,695611.0,824962,MIN @ ATH,6:40 PM,25/08,Scheduled,0.661463841985182,-257.0,285.0,72.0,False,1001100011,estimated,0,0,0.0,0,0,0.24831093596582374,0.34908176126673157,0.44656907699887793,0.28725832264339,0.18592971684653053,20,1,0.0288985062124808,0.977,37.8,D,0.2811853893866299,2.077110401733848,0.39472420455819124,0.24422044088998468,16,5,0,0.27586206896551724,0.24696356275303644,0.5162629757785467,0.3972318339100346,0.08650519031141868,0.24327956989247312,0.23292273236282196,0.2404040404040404,0.23958333333333334,0.28695652173913044,249,0.20300751879699247,152,False,True,0.6385926754458954,0.02287116653928667,3.989010989010989,4.406593406593407,91,,,,,,,-0.0020577430848191763,20,4.83,1.51,82.0,5.0,8.0,88.0,40.0,0.0,0.0,0.0,16.0,SP,16.0,361.0,84.0,22.6,9.66,4.39,9.22,0.99,22.66855374605637,0.011719491348151312,6,0.6666666666666666,-10.0,5,6,0,0,0.0,4.121797846492741,0.08196516331397,0.25158562367864695,0.25621414913957935,0.06692160611854685,0.47984267453294,0.342905604719764,0.27350427350427353,4.25,0.36707965170148615
683737,Michael Busch,L,CHC,3,Brandon Pfaadt,R,694297.0,825042,CHC @ AZ,6:40 PM,25/08,Scheduled,0.6611015088694635,,,,False,1110101110,estimated,7,2,0.2857142857142857,1,2024,0.23964200292905938,0.3410203641175261,0.48632062358340405,0.37945296936156153,0.2752614988054117,20,1,-0.0610177865612648,1.0,67.6,B,0.2700877785280216,3.613850639966852,0.3665753865992995,0.18022322329720386,20,6,0,0.2826086956521739,0.2215909090909091,0.5462525320729237,0.28966914247130315,0.16407832545577314,0.2261280167890871,0.24627450980392157,0.18571428571428572,0.2276168102323153,0.25089605734767023,328,0.22274881516587677,253,False,False,0.6097113944325859,0.051390114436877576,3.798449612403101,4.503875968992248,129,,,,,,,0.0010707282076866573,20,3.39,1.14,98.1,7.0,1.0,69.0,24.0,0.0,0.0,0.0,13.0,SP,23.0,403.0,88.0,17.5,6.32,2.2,8.05,1.01,18.807720990429505,-0.04724436601232074,7,0.7,24.0,6,6,0,0,0.0,4.494306887537665,0.10596459027453467,0.24618736383442266,0.23105360443622922,0.11829944547134935,0.3994011976047904,0.32422155688622756,0.25961538461538464,4.25,0.3088278372024625
641343,Jake Bauers,L,MIL,2,Zac Thornton,L,804267.0,823585,MIL @ NYM,4:10 PM,25/08,Pre-Game,0.6602555144032579,,,,False,1101101011,estimated,0,0,0.0,0,0,0.30260825302422834,0.4507470957985703,0.5700378839931239,0.45268470648552905,0.2726758995626053,20,2,0.06302587088149719,0.949,44.1,D,0.2449255751014885,2.549465294078219,0.410501433405891,0.17785154300682526,9,7,0,0.32098765432098764,0.25796178343949044,0.6571815718157181,0.3048780487804878,0.037940379403794036,0.26332094175960347,0.27374872318692545,0.2625,0.26515151515151514,0.2831858407079646,268,0.25443786982248523,201,False,True,0.6381213500103242,0.022134164392933697,3.376068376068376,4.0085470085470085,117,,,,,,,0.14822153355888987,20,3.04,1.15,50.1,3.0,4.0,36.0,14.0,0.0,0.0,0.0,9.0,SP,9.0,200.0,44.0,22.2,6.44,2.5,7.87,1.07,22.305726557129013,-0.024255514403257905,7,0.7777777777777778,-1.0,7,6,0,0,0.0,4.400139211286542,0.17973873126251724,0.27543424317617865,0.2510460251046025,0.13807531380753138,0.5406360424028268,0.3633233215547703,0.1935483870967742,4.35,0.3118053372838203
676391,Ernie Clement,R,TOR,6,Seth Lugo,R,607625.0,822773,KC @ TOR,4:07 PM,25/08,Pre-Game,0.659649514841991,,,,False,1011011110,estimated,0,0,0.0,0,0,0.2539985502537937,0.2975891706271926,0.1325134693575635,0.2866300525364514,0.07546500691009861,20,2,0.03647244805781391,0.995,34.9,F,0.26378794356562635,2.3624311043039183,0.4484878185877034,0.16624889689710257,20,6,0,0.25925925925925924,0.29573170731707316,0.5158254918733961,0.3939264328485885,0.0902480752780154,0.2704967085577499,0.2733887733887734,0.22142857142857142,0.26520601700457813,0.24567474048442905,300,0.3383084577114428,216,False,False,0.651741315560528,0.007908199281463024,3.828125,4.03125,128,,,,,,,0.0024445356515112385,20,4.71,1.38,145.1,5.0,7.0,111.0,46.0,0.0,0.0,0.0,26.0,SP,26.0,619.0,155.0,23.8,6.87,2.85,9.6,0.99,23.566561946405876,-0.009605070397546545,9,1.0,15.0,7,6,0,0,0.0,3.9099233599434036,0.04306319815313639,0.2844638949671772,0.09937888198757763,0.037267080745341616,0.19885900570497148,0.27881255093724533,0.26108374384236455,3.896,0.27360640784769436
678246,Miguel Vargas,R,CWS,3,Jacob Degrom,R,594798.0,824556,TEX @ CWS,4:40 PM,25/08,Scheduled,0.6593652089936287,,,,False,1111101111,estimated,6,3,0.5,1,2025,0.36995122845872686,0.3395447408028619,0.3846344897133526,0.4397797271619511,0.1373267493210264,20,1,0.07681334137030338,0.968,57.4,C,0.3103286384976526,4.892810807083516,0.4850285737670969,0.30825080935478844,20,5,0,0.1962025316455696,0.273015873015873,0.4414542020774315,0.43059490084985835,0.1279508970727101,0.25659574468085106,0.28228476821192056,0.2639751552795031,0.2657414546389103,0.2777777777777778,336,0.2,228,False,False,0.6525149645105036,0.006850244483125101,3.6953125,4.40625,128,,,,,,,0.16663305802003628,20,3.77,1.13,126.2,9.0,8.0,157.0,32.0,0.0,0.0,0.0,24.0,SP,24.0,518.0,111.0,21.6,11.16,2.27,7.89,1.21,21.303743768374897,-0.012265208993628707,6,0.6666666666666666,7.0,6,7,0,0,0.0,4.526254109026259,0.2156464752770713,0.24608501118568232,0.17293233082706766,0.13157894736842105,0.4742723004694836,0.33942253521126764,0.25380710659898476,4.25,0.3040009840263737
656941,Kyle Schwarber,L,PHI,1,George Kirby,R,669923.0,823098,PHI @ SEA,6:40 PM,25/08,Scheduled,0.6592672406650673,-150.0,178.0,60.0,False,1011100110,estimated,0,0,0.0,0,0,0.22312033313703286,0.3296671218571616,0.4157675566445134,0.3021131510317211,0.23655875862549586,20,1,-0.0013775220808686373,0.906,44.4,D,0.26469248291571756,3.3600197201000532,0.43417298448544217,0.18560381057364803,20,5,0,0.24390243902439024,0.2425249169435216,0.5287671232876713,0.3963470319634703,0.07488584474885844,0.25495307612095935,0.21739130434782608,0.1830065359477124,0.2291130353381699,0.2508591065292096,340,0.22988505747126436,221,False,False,0.6252992674237987,0.033967973241268545,3.72,4.488,125,,,,,,,-0.08862644252477302,20,4.18,1.36,140.0,8.0,10.0,117.0,33.0,0.0,0.0,0.0,24.0,SP,24.0,587.0,157.0,24.5,7.52,2.12,10.09,1.09,23.837857570836032,-0.029617240665067324,4,0.5714285714285714,-15.0,7,6,0,0,0.0,4.709529615624597,0.10629930672243777,0.24943820224719102,0.32899628252788105,0.13940520446096655,0.5124378109452736,0.40285261194029853,0.2791519434628975,4.442,0.36490178504984117
695734,Daylen Lile,L,WSH,4,,R,,822693,COL @ WSH,3:45 PM,25/08,Pre-Game,0.6592104331145182,,,,False,1001001011,estimated,0,0,0.0,0,0,0.2368021097978985,0.3623796255896689,0.40754765460880743,0.30212650476053865,0.24048514239570407,20,1,-0.007344848023029371,1.04,,,,,,,0,0,0,0.25196850393700787,0.2446236559139785,,,,0.21448162369720242,0.2232055063913471,0.24267100977198697,0.221294964028777,0.24014336917562723,299,0.2545454545454545,242,False,False,0.6259044556042789,0.03330597751023934,3.8384615384615386,4.161538461538462,130,,,,,,,0.03206454101454909,20,,,,,,,,,,,,,,,,,,,,,,0.007077066885481709,8,0.8,5.0,5,7,0,0,0.0,4.358312176064362,0.030753409158113906,0.23736263736263735,0.20242914979757085,0.05263157894736842,0.3652582159624413,0.31994929577464787,,4.159,0.34345917694454914
521692,Salvador Pérez,R,KC,4,Max Scherzer,R,453286.0,822773,KC @ TOR,4:07 PM,25/08,Pre-Game,0.6584623877302326,,,,False,1011011111,estimated,6,3,0.5,1,2024,0.292423970196096,0.33352477070855086,0.3796330654339359,0.3540429760482621,0.10814978197435797,20,2,-0.01776449236681968,0.995,51.0,C,0.22422062350119903,1.5130881988599554,0.31871999785160415,0.161693553189709,11,6,0,0.23448275862068965,0.21671826625386997,0.5126050420168067,0.33133253301320525,0.15606242496998798,0.2178965717606043,0.18970588235294117,0.2677725118483412,0.21247507832526347,0.22569444444444445,313,0.21666666666666667,198,False,False,0.631997178447138,0.026465209283094593,3.8360655737704916,4.188524590163935,122,,,,,,,0.15908630420716713,20,7.4,1.51,45.0,1.0,6.0,32.0,20.0,0.0,0.0,0.0,11.0,SP,11.0,202.0,48.0,18.4,6.4,4.0,9.6,2.4,18.75342280610798,-0.021512387730232563,8,1.0,13.0,7,6,0,0,1.0,3.9946656846550215,0.025369111092763456,0.21956521739130436,0.19322709163346613,0.03386454183266932,0.4176767676767677,0.29511294765840224,0.22388059701492538,4.159,0.2941783591610024
607043,Brandon Nimmo,L,TEX,3,Anthony Kay,L,641743.0,824556,TEX @ CWS,4:40 PM,25/08,Scheduled,0.6583368125592854,,,,False,0111000000,estimated,0,0,0.0,0,0,0.1511468855469524,0.24927286221054912,0.43617037850111473,0.19137227219929873,0.20231000270726313,20,1,0.028391320160019384,0.968,59.4,C,0.26357969723953695,2.8812797243509274,0.3865519487154837,0.19879053430455748,20,5,0,0.2831858407079646,0.2547945205479452,0.5681211041852182,0.29118432769367764,0.14069456812110417,0.2543085329970576,0.24265323257766583,0.2147239263803681,0.24631630648330058,0.2703583061889251,339,0.24561403508771928,190,False,False,0.6683140864683071,-0.0099772739090217,3.824,4.232,125,,,,,,,-0.12749147704100117,20,3.96,1.33,127.1,9.0,6.0,104.0,45.0,0.0,0.0,0.0,24.0,SP,26.0,565.0,124.0,21.7,7.35,3.18,8.76,1.13,22.459505460909742,-0.015036812559285462,6,0.6,4.0,7,7,0,0,0.0,4.291402015784066,0.04375506914767653,0.25820568927789933,0.21626984126984128,0.07539682539682539,0.507183908045977,0.3705747126436782,0.18840579710144928,4.25,0.32153169195953374
668227,Randy Arozarena,R,SEA,2,Aaron Nola,R,605400.0,823098,PHI @ SEA,6:40 PM,25/08,Scheduled,0.6583282192477595,-156.0,178.0,61.0,False,1010101110,estimated,0,0,0.0,0,0,0.22633824413391923,0.33477642872266317,0.400365327144202,0.3212363503006874,0.22438110380279805,20,1,0.022408901003150183,0.906,62.1,C,0.30147368421052634,3.607817220335518,0.44531032511850954,0.25909202400926157,20,6,0,0.25874125874125875,0.28115015974440893,0.4970414201183432,0.34023668639053256,0.16272189349112426,0.24726277372262773,0.2431740614334471,0.2600349040139616,0.2479087452471483,0.2572463768115942,332,0.3,201,False,False,0.6579731157462142,0.00035510350154532855,3.707317073170732,4.333333333333333,123,,,,,,,0.1976258673547692,20,5.12,1.42,137.0,5.0,9.0,146.0,46.0,0.0,0.0,0.0,26.0,SP,26.0,593.0,148.0,22.8,9.59,3.02,9.72,2.04,23.13560368421319,-0.03216821924775959,5,0.625,-11.0,7,7,0,0,0.0,4.678888615862483,0.13238913257801366,0.27616926503340755,0.2119460500963391,0.08863198458574181,0.4263028515240905,0.34964749262536876,0.28110599078341014,4.35,0.3539566038238833
691458,Blaze Jordan,R,STL,8,Chris Bassitt,R,605135.0,823016,BAL @ STL,4:45 PM,25/08,Scheduled,0.6577301559048272,,,,False,1111010111,estimated,0,0,0.0,0,0,0.24858378115159363,0.3451050679971219,0.4047726315027787,0.34391168310478815,0.14993438554789404,20,2,-0.05183823529411763,1.031,38.2,D,0.2545141874462597,1.8397669027412662,0.3605591241529393,0.14797554603271407,14,6,0,0.27058823529411763,0.21875,0.6428571428571429,0.30206540447504304,0.055077452667814115,0.22865853658536586,0.2643979057591623,0.1761006289308176,0.23333333333333334,0.2358490566037736,109,0.25333333333333335,84,True,False,0.6004123857902982,0.05731777011452899,3.3518518518518516,3.574074074074074,54,,,,,,,0.10765614278234303,20,5.08,1.62,67.1,4.0,4.0,46.0,26.0,0.0,0.0,0.0,12.0,SP,14.0,309.0,83.0,22.1,6.15,3.48,11.09,0.94,22.244744514546777,-0.026005155904827215,8,1.0,-1.0,6,6,0,0,-1.0,3.6750359521381233,0.03188101033820379,0.24861878453038674,0.15025906735751296,0.03626943005181347,0.4364035087719298,0.3076513157894737,0.2621359223300971,3.599,0.33778577174360996
642715,Willy Adames,R,SF,2,Brady Singer,R,663903.0,823181,CIN @ SF,6:45 PM,25/08,Scheduled,0.6564669528304635,,,,False,1101111011,estimated,6,3,0.5,1,2024,0.27455616054071735,0.3503976120114808,0.3946157541322464,0.383912280510441,0.2335868868137605,20,2,0.01605450516290255,0.994,53.4,C,0.28596568411790585,2.420062388236224,0.40294190472031977,0.18909806764091744,20,5,0,0.2204724409448819,0.23652694610778444,0.5884683098591549,0.41153169014084506,0.0,0.23049464558898522,0.2146643109540636,0.23990498812351543,0.22659123055162658,0.26356589147286824,283,0.1921182266009852,218,False,False,0.6123678003711058,0.04409915245935769,3.841666666666667,4.175,120,,,,,,,0.3030264048767726,20,4.72,1.42,131.2,5.0,11.0,107.0,43.0,0.0,0.0,0.0,25.0,SP,25.0,583.0,144.0,23.3,7.31,2.94,9.84,1.71,24.501867900341704,-0.03378361949713016,6,0.75,17.0,7,7,0,0,0.0,4.035147378754384,0.09410655438508046,0.22943722943722944,0.2749003984063745,0.07370517928286853,0.3888888888888889,0.3144845679012346,0.22580645161290322,4.35,0.35124721020361643
683002,Gunnar Henderson,L,BAL,3,,R,,823016,BAL @ STL,4:45 PM,25/08,Scheduled,0.6550769487855108,-156.0,178.0,61.0,False,1101011110,estimated,0,0,0.0,0,0,0.21692515180736738,0.38522873112469147,0.40679590040812313,0.3007739879240542,0.1569515084378314,20,2,-0.016733266733266722,1.031,,,,,,,0,0,0,0.23376623376623376,0.21703296703296704,,,,0.20447696943607405,0.21236777868185516,0.1848341232227488,0.20258914376561435,0.21518987341772153,347,0.23267326732673269,237,False,False,0.6236305537954933,0.03144639499001756,4.015503875968992,4.5271317829457365,129,,,,,,,-0.05617475961827037,20,,,,,,,,,,,,,,,,,,,,,,-0.0027325043410661998,9,1.0,30.0,7,6,0,0,-1.0,4.185220818056537,0.1453810099492348,0.22245322245322247,0.2177121771217712,0.08671586715867159,0.45546372819100095,0.3245619834710744,,4.25,0.3190486082316438
608324,Alex Bregman,R,CHC,4,Brandon Pfaadt,R,694297.0,825042,CHC @ AZ,6:40 PM,25/08,Scheduled,0.6544403735154654,-186.0,203.0,65.0,False,0101101101,estimated,0,0,0.0,0,0,0.28094352246122645,0.31908799049956543,0.43109268805222273,0.33761508600769363,0.15586483754535044,20,1,-0.010735735735735719,1.0,67.6,B,0.2700877785280216,3.613850639966852,0.3665753865992995,0.18022322329720386,20,6,0,0.2635135135135135,0.25277777777777777,0.5462525320729237,0.28966914247130315,0.16407832545577314,0.24487978628673196,0.23827629911280102,0.2631578947368421,0.2441534144059869,0.26174496644295303,339,0.24761904761904763,248,False,False,0.6464609832599729,0.007979390255492436,3.96875,4.5859375,128,,,,,,,-0.06595124639282654,20,3.39,1.14,98.1,7.0,1.0,69.0,24.0,0.0,0.0,0.0,13.0,SP,23.0,403.0,88.0,17.5,6.32,2.2,8.05,1.01,18.807720990429505,-0.012726087801179786,7,0.7,24.0,6,6,0,0,0.0,4.644468308415838,0.0960768035072369,0.2605042016806723,0.16029143897996356,0.10382513661202186,0.36615120274914087,0.2998337628865979,0.2073170731707317,4.159,0.3088278372024625
663757,Trent Grisham,L,NYY,1,Ethan Pecko,R,814490.0,823505,HOU @ NYY,4:05 PM,25/08,Pre-Game,0.653396297455097,,,,False,1100111001,estimated,0,0,0.0,0,0,0.2257454155700848,0.3392631807235718,0.5444540970924114,0.30611627297340877,0.2606429721607225,20,2,-0.06616421754279653,1.007,50.0,C,0.23595505617977527,,,,1,6,0,0.2717391304347826,0.20557491289198607,0.7078651685393258,0.21348314606741572,0.07865168539325842,0.22105263157894736,0.2120051085568327,0.20496894409937888,0.21615651625118334,0.22123893805309736,257,0.2222222222222222,181,False,True,0.6434971304869058,0.009899166968191153,3.509259259259259,4.055555555555555,108,,,,,,,0.04342525413615638,20,4.91,1.64,3.2,0.0,0.0,4.0,3.0,0.0,0.0,0.0,1.0,SP,1.0,18.0,3.0,18.0,9.82,7.36,7.36,0.0,,-0.01524629745509698,6,0.8571428571428571,3.0,7,6,0,0,0.0,4.317808778661188,0.1399729898175262,0.21770334928229665,0.18219461697722567,0.12629399585921325,0.4603030303030303,0.2989969696969697,0.16666666666666666,4.442,0.3334930694553643
686681,Michael Massey,L,KC,6,Max Scherzer,R,453286.0,822773,KC @ TOR,4:07 PM,25/08,Pre-Game,0.6521664717066799,,,,False,0011111110,estimated,0,0,0.0,0,0,0.31426343612254687,0.32966487142056927,0.3267568006695797,0.40609434437297515,0.1760475856825304,20,3,0.06957116788321166,0.995,51.0,C,0.22422062350119903,1.5130881988599554,0.31871999785160415,0.161693553189709,11,6,0,0.21875,0.28832116788321166,0.5126050420168067,0.33133253301320525,0.15606242496998798,0.268809349890431,0.2840909090909091,0.2159383033419023,0.26534903280067285,0.2512315270935961,216,0.3111111111111111,147,False,False,0.6365163569065987,0.01565011480008116,3.188679245283019,3.4245283018867925,106,,,,,,,0.05897850691209807,20,7.4,1.51,45.0,1.0,6.0,32.0,20.0,0.0,0.0,0.0,11.0,SP,11.0,202.0,48.0,18.4,6.4,4.0,9.6,2.4,18.75342280610798,-0.014528971706679883,8,1.0,13.0,7,6,0,0,1.0,3.665208190391033,0.03547732672842634,0.28720626631853785,0.16747572815533981,0.05339805825242718,0.4009023354564756,0.30552229299363054,0.29464285714285715,3.896,0.2941783591610024
672960,Kazuma Okamoto,R,TOR,4,Seth Lugo,R,607625.0,822773,KC @ TOR,4:07 PM,25/08,Pre-Game,0.6520388687539849,,,,False,0111111111,estimated,0,0,0.0,0,0,0.25146017205827637,0.35569754447877566,0.3548385123830211,0.3250684919049252,0.2408063170639105,20,2,8.720296490080659e-05,0.995,34.9,F,0.26378794356562635,2.3624311043039183,0.4484878185877034,0.16624889689710257,20,6,0,0.2302158273381295,0.23030303030303031,0.5158254918733961,0.3939264328485885,0.0902480752780154,0.2080745341614907,0.24391988555078684,0.2423580786026201,0.223869713174526,0.2490974729241877,309,0.203125,211,True,False,0.5972730392864574,0.054765829467527505,3.7222222222222223,4.126984126984127,126,,,,,,,0.24684402036994732,20,4.71,1.38,145.1,5.0,7.0,111.0,46.0,0.0,0.0,0.0,26.0,SP,26.0,619.0,155.0,23.8,6.87,2.85,9.6,0.99,23.566561946405876,-0.02192775764287358,9,1.0,15.0,7,6,0,0,0.0,4.225751777860178,0.06585691488281432,0.226457399103139,0.3002028397565923,0.07910750507099391,0.4368008948545861,0.3235771812080537,0.26108374384236455,4.159,0.27360640784769436
647304,Josh Naylor,L,SEA,5,Aaron Nola,R,605400.0,823098,PHI @ SEA,6:40 PM,25/08,Scheduled,0.6514481654625954,,,,False,1111101011,estimated,6,0,0.0,1,2023,0.3282151832909518,0.31859559245316743,0.3872658003393609,0.36958526942823816,0.12794769122792019,20,1,-0.0013746140506704085,0.906,62.1,C,0.30147368421052634,3.607817220335518,0.44531032511850954,0.25909202400926157,20,6,0,0.2746478873239437,0.2732732732732733,0.4970414201183432,0.34023668639053256,0.16272189349112426,0.2572928821470245,0.2767039674465921,0.24842105263157896,0.2622124172707217,0.2605633802816901,314,0.2931937172774869,211,False,False,0.6583282192477595,-0.0068800537851640975,3.8934426229508197,4.30327868852459,122,,,,,,,0.19717585416678257,20,5.12,1.42,137.0,5.0,9.0,146.0,46.0,0.0,0.0,0.0,26.0,SP,26.0,593.0,148.0,22.8,9.59,3.02,9.72,2.04,23.13560368421319,-0.018468165462595332,5,0.625,-11.0,7,7,0,0,0.0,4.286691961339027,0.047082432232874054,0.2676659528907923,0.1276595744680851,0.07156673114119923,0.371072319201995,0.31913216957605983,0.2693498452012384,4.024,0.3539566038238833
673548,Seiya Suzuki,R,CHC,2,Brandon Pfaadt,R,694297.0,825042,CHC @ AZ,6:40 PM,25/08,Scheduled,0.6502272507854875,,,,False,1111001111,estimated,12,1,0.08333333333333333,1,2023,0.2619053651331948,0.30673397150827547,0.30170961114167744,0.35003673675173086,0.2569942406844646,20,1,-0.009369052847313708,1.0,67.6,B,0.2700877785280216,3.613850639966852,0.3665753865992995,0.18022322329720386,20,6,0,0.2753623188405797,0.265993265993266,0.5462525320729237,0.28966914247130315,0.16407832545577314,0.26011560693641617,0.191114245416079,0.31208053691275167,0.2384214853384489,0.24896265560165975,278,0.29381443298969073,225,False,False,0.6128712570057392,0.0373559937797483,3.8157894736842106,4.412280701754386,114,,,,,,,-0.0935408652049966,20,3.39,1.14,98.1,7.0,1.0,69.0,24.0,0.0,0.0,0.0,13.0,SP,23.0,403.0,88.0,17.5,6.32,2.2,8.05,1.01,18.807720990429505,-0.03669867935691595,7,0.7,24.0,6,6,0,0,0.0,4.665130496192347,0.12780466223814707,0.26419213973799127,0.2633587786259542,0.1049618320610687,0.3921875,0.346753125,0.2073170731707317,4.35,0.3088278372024625
666182,Bo Bichette,R,NYM,2,Kyle Harrison,L,690986.0,823585,MIL @ NYM,4:10 PM,25/08,Pre-Game,0.6500202581200155,,,,False,1111110110,estimated,0,0,0.0,0,0,0.2955977824874369,0.36196667345445876,0.5118083559672789,0.35680845857947735,0.18441581042732347,20,2,0.046450907766106,0.949,88.4,A,0.31898584905660377,4.835670054042588,0.36732392313423323,0.3091765106514023,20,7,0,0.3023255813953488,0.2558746736292428,0.5976401179941003,0.31032448377581123,0.0920353982300885,0.2697616060225847,0.2544426494345719,0.2805907172995781,0.2668286755771567,0.2777777777777778,350,0.25,206,False,False,0.6797064978626115,-0.029686239742595988,3.9689922480620154,4.310077519379845,129,,,,,,,0.1010246968325204,20,2.84,1.11,98.1,10.0,3.0,122.0,26.0,0.0,0.0,0.0,20.0,SP,20.0,402.0,83.0,20.1,11.17,2.38,7.6,1.19,20.053064118099545,0.01711974187998444,5,0.7142857142857143,15.0,7,5,0,0,1.0,4.2595788195171,0.07219348653004541,0.27176220806794055,0.17315175097276264,0.06809338521400778,0.41474694589877836,0.3465122164048866,0.22348484848484848,4.35,0.3053216316264682
680757,Steven Kwan,L,CLE,1,Walbert Ureña,R,700712.0,823989,CLE @ LAA,6:38 PM,25/08,Scheduled,0.6497963757221176,-186.0,194.0,65.0,False,1101011011,estimated,0,0,0.0,0,0,0.295031878884452,0.267080441144169,0.10905109373931707,0.3606807417703069,0.07767384584963179,20,1,0.05269348388614442,0.979,68.1,B,0.28764278296988577,1.8574865266042089,0.3587884039557087,0.2326280754234348,20,6,0,0.22935779816513763,0.28205128205128205,0.5210827693909422,0.1494013534617387,0.3295158771473191,0.28652668416447946,0.2765399737876802,0.27205882352941174,0.282621247113164,0.28870292887029286,273,0.24175824175824176,231,False,True,0.66204577728714,-0.01224940156502241,3.5083333333333333,4.2,120,,,,,,,0.16844801110808816,20,2.8,1.24,112.2,8.0,9.0,109.0,59.0,0.0,0.0,0.0,21.0,SP,23.0,479.0,81.0,20.8,8.71,4.71,6.47,0.56,21.732772477352487,0.013423624277882462,5,0.7142857142857143,-5.0,5,7,0,0,0.0,4.863403280832263,0.1653827977414485,0.2607655502392344,0.09940357852882704,0.13916500994035785,0.09510869565217392,0.30520289855072463,0.205607476635514,4.442,0.28933015242667737
666160,Mickey Moniak,L,COL,3,Andrew Alvarez,L,674841.0,822693,COL @ WSH,3:45 PM,25/08,Pre-Game,0.6495820445894737,,,,False,1001010101,estimated,0,0,0.0,0,0,0.1697912080374219,0.26854291799379826,0.46327901794544324,0.2440770883955033,0.2891615119230467,20,1,-0.05812445980985306,1.04,45.4,D,0.28451563691838294,2.0018562310891417,0.42992405284802954,0.20882782737972497,19,5,0,0.21153846153846154,0.2696629213483146,0.4263920671243326,0.5339435545385202,0.03966437833714721,0.22900088417329797,0.25274725274725274,0.2803030303030303,0.24781704781704783,0.24870466321243523,207,0.2777777777777778,141,False,False,0.6259378917266439,0.023644152862829726,3.467391304347826,3.782608695652174,92,,,,,,,-0.21435529970047196,20,3.6,1.34,80.0,2.0,5.0,74.0,36.0,1.0,0.0,1.0,11.0,SP,19.0,339.0,71.0,17.8,8.33,4.05,7.99,0.45,18.933806204115022,-0.002210616018045175,7,0.7777777777777778,13.0,7,6,0,0,0.0,4.034404620790862,0.054136470555038285,0.2725060827250608,0.25900900900900903,0.0518018018018018,0.4196509009009009,0.3114290540540541,0.23863636363636365,4.25,0.31256686726255617
702616,Jackson Holliday,L,BAL,1,,R,,823016,BAL @ STL,4:45 PM,25/08,Scheduled,0.649387935084607,,,,False,1111000110,estimated,0,0,0.0,0,0,0.16467058367228984,0.2790471199367797,0.3001203837002853,0.19839407766666126,0.17703051472924577,20,2,0.06587301587301586,1.031,,,,,,,0,0,0,0.17857142857142858,0.24444444444444444,,,,0.19415204678362574,0.21182266009852216,0.18867924528301888,0.19777341191879502,0.21875,148,0.24074074074074073,128,False,False,0.6323803681166011,0.01700756696800587,2.9873417721518987,3.4936708860759493,79,,,,,,,-0.10985111038168788,20,,,,,,,,,,,,,,,,,,,,,,-0.007210157306829057,9,1.0,30.0,7,6,0,0,-1.0,4.260557492905916,0.048935308030278415,0.22448979591836735,0.2064516129032258,0.13548387096774195,0.3476914414414415,0.3094324324324324,,4.442,0.3190486082316438
694671,Wyatt Langford,R,TEX,2,Anthony Kay,L,641743.0,824556,TEX @ CWS,4:40 PM,25/08,Scheduled,0.6493860957704767,,,,False,0101001011,estimated,0,0,0.0,0,0,0.20684784893412025,0.32560059526755397,0.47431009985149025,0.24258006410238073,0.17183956906738157,20,1,-0.0170013919268244,0.968,59.4,C,0.26357969723953695,2.8812797243509274,0.3865519487154837,0.19879053430455748,20,5,0,0.24468085106382978,0.2616822429906542,0.5681211041852182,0.29118432769367764,0.14069456812110417,0.24779959377115776,0.22496749024707413,0.2084592145015106,0.23625096824167313,0.24623115577889448,217,0.27522935779816515,122,False,False,0.6264895635189,0.02289653225157673,3.8987341772151898,4.291139240506329,79,,,,,,,-0.2004866737773422,20,3.96,1.33,127.1,9.0,6.0,104.0,45.0,0.0,0.0,0.0,24.0,SP,26.0,565.0,124.0,21.7,7.35,3.18,8.76,1.13,22.459505460909742,-0.038052762437143284,6,0.6,4.0,7,7,0,0,0.0,4.312496815968685,0.13508667554797502,0.24943820224719102,0.22113502935420742,0.11350293542074363,0.44477911646586343,0.3124819277108434,0.28,4.35,0.32153169195953374
693304,Nick Gonzales,R,PIT,5,Mike King,R,650633.0,823259,PIT @ SD,6:40 PM,25/08,Scheduled,0.6484271293397417,,,,False,0110111001,estimated,0,0,0.0,0,0,0.2785934887093595,0.3091435846583958,0.23496046900386897,0.2935194322660034,0.12138261541353933,20,1,0.06510156510156512,0.954,72.6,B,0.2838174273858921,2.2268933021407356,0.30392534581999453,0.19924265127118618,20,6,0,0.26282051282051283,0.32792207792207795,0.4717842323651452,0.25228215767634854,0.27593360995850624,0.28207847295864263,0.2795477903391572,0.2584541062801932,0.27858880778588807,0.28825622775800713,293,0.3333333333333333,216,False,False,0.6630255541770725,-0.01459842483733087,3.772357723577236,4.138211382113822,123,,,,,,,-0.012538862443821077,20,3.38,1.17,149.0,8.0,9.0,128.0,58.0,0.0,0.0,0.0,26.0,SP,26.0,610.0,117.0,23.5,7.73,3.5,7.07,1.09,23.89257183241016,-0.008552129339741588,4,0.5,11.0,7,6,0,0,0.0,4.23571452193997,0.08791666396910702,0.30666666666666664,0.1643002028397566,0.06693711967545639,0.3535682023486902,0.3461255645889792,0.2097560975609756,4.024,0.2665206362982079
608070,José Ramírez,L,CLE,3,Walbert Ureña,R,700712.0,823989,CLE @ LAA,6:38 PM,25/08,Scheduled,0.646261855192748,,,,False,0011101011,estimated,0,0,0.0,0,0,0.23092296677299604,0.3194881999652345,0.41271574979924797,0.25383515011621816,0.12964981111145832,20,1,-0.03375706214689267,0.979,68.1,B,0.28764278296988577,1.8574865266042089,0.3587884039557087,0.2326280754234348,20,6,0,0.25833333333333336,0.2245762711864407,0.5210827693909422,0.1494013534617387,0.3295158771473191,0.2221498371335505,0.23529411764705882,0.20175438596491227,0.22277391592188017,0.27358490566037735,247,0.18055555555555555,171,False,True,0.654794031378973,-0.008532176186224927,3.7083333333333335,4.354166666666667,96,,,,,,,0.18436268724754176,20,2.8,1.24,112.2,8.0,9.0,109.0,59.0,0.0,0.0,0.0,21.0,SP,23.0,479.0,81.0,20.8,8.71,4.71,6.47,0.56,21.732772477352487,0.0025181448072519874,5,0.7142857142857143,-5.0,5,7,0,0,0.0,4.297569759606704,0.09145107754107386,0.2465753424657534,0.12815533980582525,0.1145631067961165,0.4214605734767025,0.31338440860215055,0.205607476635514,4.25,0.28933015242667737
694249,Cole Carrigg,L,COL,2,Andrew Alvarez,L,674841.0,822693,COL @ WSH,3:45 PM,25/08,Pre-Game,0.6452334303627407,,,,False,1111011100,estimated,0,0,0.0,0,0,0.19034811948975658,0.3225933247137873,0.32645023791499134,0.3020882536586224,0.25366551879721505,20,2,0.07676767676767679,1.04,45.4,D,0.28451563691838294,2.0018562310891417,0.42992405284802954,0.20882782737972497,19,5,0,0.31313131313131315,0.23636363636363636,0.4263920671243326,0.5339435545385202,0.03966437833714721,0.27060270602706027,0.2506527415143603,0.2335958005249344,0.2563291139240506,0.27692307692307694,143,0.26582278481012656,102,True,False,0.631997178447138,0.013236251915602737,3.542372881355932,4.1525423728813555,59,,,,,,,0.10803933450008109,20,3.6,1.34,80.0,2.0,5.0,74.0,36.0,1.0,0.0,1.0,11.0,SP,19.0,339.0,71.0,17.8,8.33,4.05,7.99,0.45,18.933806204115022,-0.0049905732198836095,7,0.7777777777777778,13.0,7,6,0,0,0.0,4.474917287788882,0.09621815263890744,0.2744186046511628,0.21739130434782608,0.09881422924901186,0.33645833333333336,0.3286375,0.23863636363636365,4.35,0.31256686726255617
668709,Jj Bleday,L,CIN,3,Adrian Houser,R,605288.0,823181,CIN @ SF,6:45 PM,25/08,Scheduled,0.6443336573396183,,,,False,0100010100,estimated,0,0,0.0,0,0,0.1628413677927292,0.2544129105186283,0.32560372540237514,0.2172018749911339,0.2821570265052672,20,1,-0.004506128334534981,0.994,59.2,C,0.25205158264947247,2.571550441286369,0.3732943695308692,0.1569299391499639,20,6,0,0.2236842105263158,0.2191780821917808,0.6715542521994134,0.16774193548387098,0.16070381231671554,0.21785714285714286,0.2196319018404908,0.24005486968449932,0.22444143534190927,0.22685185185185186,258,0.21052631578947367,175,False,False,0.5835856405220117,0.060748016817606665,3.5384615384615383,4.163461538461538,104,,,,,,,-0.16770000846391156,20,4.08,1.31,108.0,4.0,7.0,73.0,34.0,0.0,0.0,0.0,15.0,SP,25.0,464.0,108.0,18.6,6.08,2.83,9.0,1.25,16.342692804013996,-0.04013365733961838,5,0.5555555555555556,-4.0,5,7,0,0,0.0,4.013143955125087,0.09955622122143949,0.22549019607843138,0.22832980972515857,0.12473572938689217,0.41027777777777774,0.31422722222222227,0.2804878048780488,4.25,0.3073890946381798
686611,Dylan Crews,R,WSH,3,,R,,822693,COL @ WSH,3:45 PM,25/08,Pre-Game,0.6436590394580747,,,,False,0001001110,estimated,0,0,0.0,0,0,0.1583619287949649,0.31097637648922144,0.40621832693000975,0.2195318784981218,0.2508539654452184,20,1,-0.08183921341816078,1.04,,,,,,,0,0,0,0.2631578947368421,0.1813186813186813,,,,0.21199671322925226,0.2003257328990228,0.3241106719367589,0.22195589645254074,0.23699421965317918,186,0.17886178861788618,141,False,False,0.6097113944325859,0.03394764502548875,3.7468354430379747,4.139240506329114,79,,,,,,,0.02135460736248672,20,,,,,,,,,,,,,,,,,,,,,,0.008190960541925252,8,0.8,5.0,5,7,0,0,0.0,3.850806542630144,0.07982584502849017,0.2146118721461187,0.22614107883817428,0.07468879668049792,0.4133738601823708,0.30726443768996964,,4.25,0.34345917694454914
605137,Josh Bell,L,MIN,4,Gage Jump,L,695611.0,824962,MIN @ ATH,6:40 PM,25/08,Scheduled,0.643528063338943,,,,False,0111110001,estimated,0,0,0.0,0,0,0.25966442153443753,0.2891100926606717,0.3664574436622904,0.28378576687332296,0.1257896910193566,20,1,0.02131661442006269,0.977,37.8,D,0.2811853893866299,2.077110401733848,0.39472420455819124,0.24422044088998468,16,5,0,0.2689655172413793,0.2476489028213166,0.5162629757785467,0.3972318339100346,0.08650519031141868,0.2618399564507349,0.2328042328042328,0.23891891891891892,0.2486530172413793,0.2826855123674912,311,0.20994475138121546,203,False,True,0.6324362601746109,0.011091803164332115,3.6825396825396823,4.079365079365079,126,,,,,,,-0.03739618291963653,20,4.83,1.51,82.0,5.0,8.0,88.0,40.0,0.0,0.0,0.0,16.0,SP,16.0,361.0,84.0,22.6,9.66,4.39,9.22,0.99,22.66855374605637,0.005671936661057031,6,0.6666666666666666,-10.0,5,6,0,0,0.0,4.38351556731733,0.09701772357903472,0.25617977528089886,0.20081967213114754,0.0778688524590164,0.41138328530259366,0.3266311239193083,0.25,4.159,0.36707965170148615
691594,Javier Sanoja,R,MIA,4,Payton Tolle,L,801139.0,823826,BOS @ MIA,3:40 PM,25/08,Pre-Game,0.6431737884411824,,,,False,0011111010,live,0,0,0.0,0,0,0.30093931152962494,0.26887946213523695,0.2766796020099312,0.35135132439784444,0.09448392187979555,20,1,0.030422700014626325,1.0,87.8,A,0.28539944903581266,4.534523580415639,0.3359334969901632,0.2953521182045311,20,6,0,0.29457364341085274,0.2641509433962264,0.8757592490336831,0.09221424627277747,0.03202650469353948,0.2677543186180422,0.27245508982035926,0.2785388127853881,0.27070393374741203,0.27976190476190477,178,0.27167630057803466,186,False,False,0.6485495689177642,-0.005375780476581715,3.2169811320754715,3.4339622641509435,106,,,,,,,0.04562148895672491,20,3.08,1.08,120.0,8.0,6.0,134.0,33.0,0.0,0.0,0.0,21.0,SP,21.0,483.0,97.0,23.0,10.05,2.48,7.28,0.98,22.987331975222382,0.010909544892150902,6,0.75,12.0,7,6,0,0,0.0,3.548702806482804,0.051271859870528964,0.2760416666666667,0.08536585365853659,0.05365853658536585,0.30897803247373445,0.27371800382043937,0.2012779552715655,4.159,0.3083510417796791
687462,Spencer Horwitz,L,PIT,1,Mike King,R,650633.0,823259,PIT @ SD,6:40 PM,25/08,Scheduled,0.642927523737322,,,,False,0001010011,estimated,5,0,0.0,1,2023,0.1489164818521392,0.26463681979790216,0.2132443388603741,0.20491232657027583,0.2015156089666375,20,1,-0.03940007142006907,0.954,72.6,B,0.2838174273858921,2.2268933021407356,0.30392534581999453,0.19924265127118618,20,6,0,0.2903225806451613,0.25092250922509224,0.4717842323651452,0.25228215767634854,0.27593360995850624,0.2596439169139466,0.2507082152974504,0.25761772853185594,0.25866336633663367,0.26666666666666666,203,0.23770491803278687,155,False,False,0.6593652089936287,-0.016437685256306733,3.393258426966292,4.022471910112359,89,,,,,,,-0.018451576721486007,20,3.38,1.17,149.0,8.0,9.0,128.0,58.0,0.0,0.0,0.0,26.0,SP,26.0,610.0,117.0,23.5,7.73,3.5,7.07,1.09,23.89257183241016,-0.008152523737321893,4,0.5,11.0,7,6,0,0,0.0,4.289195322310847,0.08077908340870146,0.26356589147286824,0.1394335511982571,0.13071895424836602,0.31052631578947365,0.26313312693498453,0.2215568862275449,4.442,0.2665206362982079
679845,Nick Loftin,R,KC,1,Max Scherzer,R,453286.0,822773,KC @ TOR,4:07 PM,25/08,Pre-Game,0.6427924380858497,,,,False,0100001011,estimated,0,0,0.0,0,0,0.22222770415604476,0.27337130065617704,0.25709926520311605,0.24844814849847882,0.2186713353430845,20,2,-0.05181818181818179,0.995,51.0,C,0.22422062350119903,1.5130881988599554,0.31871999785160415,0.161693553189709,11,6,0,0.26515151515151514,0.21333333333333335,0.5126050420168067,0.33133253301320525,0.15606242496998798,0.1988360814742968,0.1751227495908347,0.2564102564102564,0.19979188345473464,0.19463087248322147,175,0.2857142857142857,159,False,False,0.6321519116254194,0.010640526460430344,3.032258064516129,3.5913978494623655,93,,,,,,,-0.04602410958903395,20,7.4,1.51,45.0,1.0,6.0,32.0,20.0,0.0,0.0,0.0,11.0,SP,11.0,202.0,48.0,18.4,6.4,4.0,9.6,2.4,18.75342280610798,-0.003729938085849649,8,1.0,13.0,7,6,0,0,1.0,3.9188053503224465,0.17433226963485643,0.23353293413173654,0.1556122448979592,0.10459183673469388,0.2799145299145299,0.2670915750915751,0.22388059701492538,4.442,0.2941783591610024
665877,José Fermín,R,STL,7,Chris Bassitt,R,605135.0,823016,BAL @ STL,4:45 PM,25/08,Scheduled,0.6412232286781204,,,,False,0100111101,estimated,0,0,0.0,0,0,0.296714856422189,0.3512694257887922,0.399565938169602,0.34679389361167656,0.11898340979132806,20,2,-0.08493262556145365,1.031,38.2,D,0.2545141874462597,1.8397669027412662,0.3605591241529393,0.14797554603271407,14,6,0,0.27848101265822783,0.1935483870967742,0.6428571428571429,0.30206540447504304,0.055077452667814115,0.2554399243140965,0.25043478260869567,0.28174603174603174,0.25743099787685775,0.2421875,142,0.25203252032520324,143,False,False,0.5904870551994112,0.05073617347870918,2.758241758241758,3.131868131868132,91,,,,,,,0.027213282834677062,20,5.08,1.62,67.1,4.0,4.0,46.0,26.0,0.0,0.0,0.0,12.0,SP,14.0,309.0,83.0,22.1,6.15,3.48,11.09,0.94,22.244744514546777,-0.027948228678120524,8,1.0,-1.0,6,6,0,0,-1.0,3.4440459054938293,0.10237524288989198,0.2389937106918239,0.12154696132596685,0.09116022099447514,0.31204379562043794,0.28254379562043797,0.2621359223300971,3.76,0.33778577174360996
664034,Ty France,R,SD,4,Paul Skenes,R,694973.0,823259,PIT @ SD,6:40 PM,25/08,Scheduled,0.6409017259465273,,,,False,1001111101,estimated,0,0,0.0,0,0,0.29673005966676663,0.3413056248372258,0.49541220610652514,0.35755176317595516,0.18610688055733238,20,1,-0.009937888198757794,0.954,50.4,C,0.2788088044885628,3.200134471424085,0.42012905845054893,0.2968011332894177,20,6,0,0.2956521739130435,0.2857142857142857,0.5196374622356495,0.23521795425118688,0.24514458351316357,0.2744583059750492,0.2716216216216216,0.3482758620689655,0.28426395939086296,0.30851063829787234,212,0.26490066225165565,174,False,False,0.6689329595391721,-0.02803123359264481,3.3564356435643563,3.8217821782178216,101,,,,,,,0.0009825256862997127,20,3.95,1.14,139.0,9.0,11.0,171.0,41.0,0.0,0.0,0.0,26.0,SP,26.0,573.0,118.0,22.0,11.07,2.65,7.64,0.91,22.786293599839624,0.0026982740534727823,6,0.6666666666666666,2.0,7,6,0,0,0.0,4.330388420362571,0.15403073236618514,0.28421052631578947,0.2154566744730679,0.05152224824355972,0.47627314814814814,0.32122395833333334,0.24170616113744076,4.159,0.30477878221078775
686527,Dominic Canzone,L,SEA,3,Aaron Nola,R,605400.0,823098,PHI @ SEA,6:40 PM,25/08,Scheduled,0.6405185362770641,,,,False,1111110011,estimated,0,0,0.0,0,0,0.2435841614315677,0.33300539834544984,0.34891799508621263,0.33756204533189443,0.2513864380175795,20,1,0.039828431372549045,0.906,62.1,C,0.30147368421052634,3.607817220335518,0.44531032511850954,0.25909202400926157,20,6,0,0.22058823529411764,0.2604166666666667,0.4970414201183432,0.34023668639053256,0.16272189349112426,0.2521150592216582,0.23416965352449223,0.23355263157894737,0.24173318129988597,0.25,237,0.2569444444444444,162,False,False,0.6342710802559236,0.006247456021140518,3.0689655172413794,3.439655172413793,116,,,,,,,0.15309136764718675,20,5.12,1.42,137.0,5.0,9.0,146.0,46.0,0.0,0.0,0.0,26.0,SP,26.0,593.0,148.0,22.8,9.59,3.02,9.72,2.04,23.13560368421319,-0.030158536277064107,5,0.625,-11.0,7,7,0,0,0.0,4.441284507032558,0.05386056915599869,0.2594594594594595,0.2111650485436893,0.0825242718446602,0.44434628975265017,0.3330530035335689,0.2693498452012384,4.25,0.3539566038238833
694374,Tim Tawa,R,AZ,7,Clay Holmes,R,605280.0,825042,CHC @ AZ,6:40 PM,25/08,Scheduled,0.6380862013184778,,,,False,1101101111,estimated,0,0,0.0,0,0,0.323453057104904,0.4343751614653893,0.5249423867041533,0.43251766115788054,0.1837560866590562,20,1,0.060010293360782285,1.0,45.9,D,0.26973684210526316,2.1112838673796923,0.4232290436131771,0.17286313035905398,12,6,0,0.208955223880597,0.2689655172413793,0.581766917293233,0.26785714285714285,0.15037593984962405,0.19383825417201542,0.2644444444444444,0.26785714285714285,0.22532188841201717,0.27450980392156865,112,0.22727272727272727,126,False,False,0.5980480882216811,0.040038113096796724,3.1176470588235294,3.5,68,,,,,,,0.21853234127056764,20,2.49,1.11,68.2,5.0,6.0,50.0,23.0,0.0,0.0,0.0,12.0,SP,12.0,278.0,53.0,23.2,6.55,3.01,6.95,0.52,22.960655497093345,-0.04326120131847788,4,0.6666666666666666,36.0,6,6,0,0,0.0,4.11712340665876,0.056446286057812996,0.2344632768361582,0.2601010101010101,0.07323232323232323,0.44734395750332007,0.2961752988047809,0.1958762886597938,3.76,0.29526760530665064
596019,Francisco Lindor,L,NYM,1,Kyle Harrison,L,690986.0,823585,MIL @ NYM,4:10 PM,25/08,Pre-Game,0.6376211738404608,-150.0,156.0,60.0,False,0111001001,estimated,0,0,0.0,0,0,0.2341410446360312,0.2763021014389715,0.38381583764707,0.2954530659482073,0.15134465347658319,20,2,-0.011084337349397594,0.949,88.4,A,0.31898584905660377,4.835670054042588,0.36732392313423323,0.3091765106514023,20,7,0,0.2289156626506024,0.24,0.5976401179941003,0.31032448377581123,0.0920353982300885,0.22475106685633,0.22633136094674555,0.21454545454545454,0.22277039848197344,0.21787709497206703,196,0.2692307692307692,121,False,False,0.675039278030327,-0.03741810418986624,3.9305555555555554,4.402777777777778,72,,,,,,,-0.037518951926675884,20,2.84,1.11,98.1,10.0,3.0,122.0,26.0,0.0,0.0,0.0,20.0,SP,20.0,402.0,83.0,20.1,11.17,2.38,7.6,1.19,20.053064118099545,0.021878826159539178,5,0.7142857142857143,15.0,7,5,0,0,1.0,4.404796594695365,0.10104777643277106,0.26595744680851063,0.16697588126159554,0.11317254174397032,0.4824561403508772,0.3230565789473684,0.2222222222222222,4.442,0.3053216316264682
571448,Nolan Arenado,R,AZ,4,Clay Holmes,R,605280.0,825042,CHC @ AZ,6:40 PM,25/08,Scheduled,0.6369554386340716,,,,False,1001011100,estimated,6,2,0.3333333333333333,1,2022,0.1919679745756753,0.1914280690244816,0.1923724565885409,0.2635174318807141,0.1951838216664127,20,1,0.02453570066989816,1.0,45.9,D,0.26973684210526316,2.1112838673796923,0.4232290436131771,0.17286313035905398,12,6,0,0.22131147540983606,0.24584717607973422,0.581766917293233,0.26785714285714285,0.15037593984962405,0.21181384248210025,0.20808254514187446,0.21891891891891893,0.21129382562829663,0.20816326530612245,272,0.2808988764044944,205,False,False,0.6084806964179567,0.0284747422161149,3.4672131147540983,3.9098360655737703,122,,,,,,,-0.11595061729080677,20,2.49,1.11,68.2,5.0,6.0,50.0,23.0,0.0,0.0,0.0,12.0,SP,12.0,278.0,53.0,23.2,6.55,3.01,6.95,0.52,22.960655497093345,-0.02575543863407148,4,0.6666666666666666,36.0,6,6,0,0,0.0,4.137423059969255,0.06692039139527868,0.24278846153846154,0.20638297872340425,0.08723404255319149,0.3200626959247649,0.3003573667711599,0.1958762886597938,4.159,0.29526760530665064
695720,Tommy White,R,ATH,6,Taj Bradley,R,671737.0,824962,MIN @ ATH,6:40 PM,25/08,Scheduled,0.6358493164801994,,,,False,1111100110,estimated,0,0,0.0,0,0,0.26380719305656125,0.2901697245265553,0.28705379709078055,0.2898746661853575,0.1563383960448505,20,1,-0.18306288032454363,0.977,51.0,C,0.27904092600248037,2.325372378945533,0.4517213856391622,0.2659295274531702,20,6,0,0.3382352941176471,0.15517241379310345,0.7067824648469809,0.09222497932175351,0.20099255583126552,0.24843423799582465,0.18067226890756302,0.3269230769230769,0.2387332521315469,0.25,77,0.26,54,True,False,0.631997178447138,0.003852138033061392,3.8181818181818183,3.9696969696969697,33,,,,,,,0.1269031964474544,20,3.9,1.28,140.2,9.0,5.0,158.0,62.0,0.0,0.0,0.0,25.0,SP,25.0,599.0,118.0,24.0,10.11,3.97,7.55,1.22,23.94039022020522,-0.012015983146866027,6,0.75,-7.0,7,7,0,0,0.0,3.9594695392652084,0.027573885841512467,0.25384615384615383,0.17518248175182483,0.051094890510948905,0.3018867924528302,0.29374528301886793,0.23853211009174313,3.896,0.35544513435863745
689414,Liam Hicks,L,TB,5,Jackson Jobe,R,695549.0,824233,TB @ DET,3:40 PM,25/08,Pre-Game,0.6345904960754299,,,,False,0110011011,estimated,0,0,0.0,0,0,0.25674661001281246,0.2536983557332034,0.13622485029587528,0.2810372729705552,0.13114904113152348,20,2,0.08758177001675949,1.004,50.0,C,0.22943722943722944,,,,3,6,0,0.20754716981132076,0.29512893982808025,0.5541125541125541,0.329004329004329,0.11688311688311688,0.2917951881554596,0.2877939529675252,0.27964601769911507,0.2890903204920686,0.3021276595744681,273,0.25748502994011974,197,False,False,0.6189332594222137,0.015657236653216278,3.4358974358974357,4.017094017094017,117,,,,,,,-0.07362485815368858,20,4.5,1.36,14.0,1.0,1.0,11.0,5.0,0.0,0.0,0.0,3.0,SP,3.0,61.0,14.0,20.3,7.07,3.21,9.0,1.29,,-0.0034029960754299315,8,0.8888888888888888,-10.0,7,7,0,0,0.0,3.7019678273109813,0.15296121822870498,0.2798053527980535,0.09394572025052192,0.09812108559498957,0.28296903460837886,0.27662841530054644,0.2647058823529412,4.024,0.3003683129124101
575929,Willson Contreras,R,BOS,4,Tyler Phillips,R,663969.0,823826,BOS @ MIA,3:40 PM,25/08,Pre-Game,0.6344688078635012,,,,False,1101111100,live,0,0,0.0,0,0,0.25600109190202414,0.3142607193682186,0.38063609485261335,0.34900163955347413,0.2224021531344445,20,1,0.006050605060506031,1.0,48.4,D,0.2980828695114409,1.9841847866551596,0.4333439291590055,0.18383546550287966,20,7,0,0.2777777777777778,0.2838283828382838,0.3401360544217687,0.42547928262213974,0.23438466295609153,0.2756756756756757,0.29347826086956524,0.26429980276134124,0.27955028866605897,0.2952755905511811,304,0.2611464968152866,188,False,False,0.6122487760720411,0.02222003179146015,3.483050847457627,4.169491525423729,118,,,,,,,0.15192107606073793,20,3.67,1.37,100.2,3.0,6.0,79.0,42.0,2.0,1.0,3.0,14.0,RP,31.0,434.0,96.0,14.0,7.06,3.75,8.58,1.16,17.726383832084665,-0.0023288078635013143,5,0.5555555555555556,7.0,7,6,0,0,0.0,4.278747334855198,0.12962243018564623,0.27884615384615385,0.2535211267605634,0.10663983903420524,0.4451724137931034,0.36544310344827585,0.22285714285714286,4.159,0.2867833679494708
669364,Xavier Edwards,L,MIA,5,Payton Tolle,L,801139.0,823826,BOS @ MIA,3:40 PM,25/08,Pre-Game,0.6343062289477698,,,,False,1111110111,live,0,0,0.0,0,0,0.25770748143553057,0.33780045392598146,0.3370960060012737,0.33537676611850215,0.14387911332713005,20,1,0.011345879475507803,1.0,87.8,A,0.28539944903581266,4.534523580415639,0.3359334969901632,0.2953521182045311,20,6,0,0.2926829268292683,0.28133704735376047,0.8757592490336831,0.09221424627277747,0.03202650469353948,0.2788746298124383,0.304022450888681,0.26666666666666666,0.2827358250699212,0.27986348122866894,336,0.291005291005291,218,False,False,0.6342710802559236,3.5148691846176305e-05,3.707692307692308,4.2615384615384615,130,,,,,,,-0.09357973580012988,20,3.08,1.08,120.0,8.0,6.0,134.0,33.0,0.0,0.0,0.0,21.0,SP,21.0,483.0,97.0,23.0,10.05,2.48,7.28,0.98,22.987331975222382,0.0015937710522302417,6,0.75,12.0,7,6,0,0,0.0,4.343002720293447,0.09245843548132442,0.27313769751693,0.13671875,0.111328125,0.2785075960679178,0.3063565683646113,0.25757575757575757,4.024,0.3083510417796791
643289,Mauricio Dubón,R,ATL,4,Tyler Glasnow,R,607192.0,824881,LAD @ ATL,4:15 PM,25/08,Pre-Game,0.6342589699300113,,,,False,0100011111,live,0,0,0.0,0,0,0.31532467710894474,0.29197388667241686,0.27693045191122684,0.3568301641822421,0.06473176390010078,20,2,-0.004853238080447242,1.018,83.3,A,0.32781456953642385,4.9498848080817135,0.39981652533563333,0.35897497579185195,7,111,0,0.2712765957446808,0.2664233576642336,0.5442404006677797,0.4557595993322204,0.0,0.2700998423541776,0.2662337662337662,0.24,0.26612651916484886,0.26037735849056604,281,0.27918781725888325,219,False,False,0.6515134216908313,-0.017254451760819967,3.725806451612903,4.032258064516129,124,,,,,,,0.21281073806281856,20,2.72,0.83,39.2,3.0,0.0,49.0,13.0,0.0,0.0,0.0,7.0,SP,7.0,148.0,20.0,21.1,11.12,2.95,4.54,1.13,20.523350892195676,0.019255315784274418,7,1.0,12.0,7,6,0,0,0.0,3.671596221799076,0.04425785296795444,0.2650334075723831,0.12164948453608247,0.0577319587628866,0.30824786324786324,0.3123923076923077,0.1568627450980392,4.159,0.3040425715846005
691781,Brady House,R,WSH,5,,R,,822693,COL @ WSH,3:45 PM,25/08,Pre-Game,0.6324362601746109,,,,False,1110001101,estimated,0,0,0.0,0,0,0.24748808496214636,0.3372110127635238,0.41445552266447644,0.33101557570530954,0.25203916760128753,20,1,-0.0829197080291971,1.04,,,,,,,0,0,0,0.28,0.19708029197080293,,,,0.2243797195253506,0.23655913978494625,0.28695652173913044,0.23704135119394293,0.24806201550387597,141,0.21296296296296297,119,False,False,0.5809925706168333,0.05144368955777756,3.537313432835821,3.8805970149253732,67,,,,,,,-0.014348745842812068,20,,,,,,,,,,,,,,,,,,,,,,0.010151239825389125,8,0.8,5.0,5,7,0,0,0.0,3.6266245123864302,0.10505740730641441,0.22926829268292684,0.29545454545454547,0.05227272727272727,0.47738095238095235,0.3435035714285714,,4.024,0.34345917694454914
702284,Cole Young,L,SEA,6,Aaron Nola,R,605400.0,823098,PHI @ SEA,6:40 PM,25/08,Scheduled,0.6321519116254194,,,,False,0100001001,estimated,0,0,0.0,0,0,0.140521141912044,0.2179970522459818,0.3047617301536177,0.16402970814806986,0.18597864631702588,20,1,-0.014010827470143372,0.906,62.1,C,0.30147368421052634,3.607817220335518,0.44531032511850954,0.25909202400926157,20,6,0,0.26174496644295303,0.24773413897280966,0.4970414201183432,0.34023668639053256,0.16272189349112426,0.23541666666666666,0.23756906077348067,0.24224806201550386,0.23655913978494625,0.26353790613718414,305,0.23645320197044334,226,False,False,0.640957618004537,-0.008805706379117595,3.66412213740458,4.0534351145038165,131,,,,,,,-0.1309765535148867,20,5.12,1.42,137.0,5.0,9.0,146.0,46.0,0.0,0.0,0.0,26.0,SP,26.0,593.0,148.0,22.8,9.59,3.02,9.72,2.04,23.13560368421319,-0.019391911625419422,5,0.625,-11.0,7,7,0,0,0.0,4.100189288752607,0.0677307438659936,0.2505694760820046,0.15811088295687886,0.06570841889117043,0.38720073664825044,0.3290635359116022,0.2693498452012384,3.896,0.3539566038238833
655316,Andruw Monasterio,R,BOS,6,Tyler Phillips,R,663969.0,823826,BOS @ MIA,3:40 PM,25/08,Pre-Game,0.631997178447138,,,,False,1110010001,live,0,0,0.0,0,0,0.20298137484510181,0.2381272269134099,0.15372413997400633,0.24318758078076289,0.13278814642301914,20,2,0.021759259259259284,1.0,48.4,D,0.2980828695114409,1.9841847866551596,0.4333439291590055,0.18383546550287966,20,7,0,0.24074074074074073,0.2625,0.3401360544217687,0.42547928262213974,0.23438466295609153,0.25092250922509224,0.2617960426179604,0.2413793103448276,0.25252016129032256,0.29365079365079366,143,0.21830985915492956,155,False,False,0.6188360494498919,0.013161128997246085,3.0804597701149423,3.425287356321839,87,,,,,,,-0.09773465780280606,20,3.67,1.37,100.2,3.0,6.0,79.0,42.0,2.0,1.0,3.0,14.0,RP,31.0,434.0,96.0,14.0,7.06,3.75,8.58,1.16,17.726383832084665,-0.003917178447137903,5,0.5555555555555556,7.0,7,6,0,0,0.0,4.066325584476901,0.07329436620347415,0.2607449856733524,0.203125,0.06770833333333333,0.329520295202952,0.2919815498154981,0.22285714285714286,3.896,0.2867833679494708
699393,Pedro Ramírez,L,CHC,7,Brandon Pfaadt,R,694297.0,825042,CHC @ AZ,6:40 PM,25/08,Scheduled,0.631997178447138,,,,False,0110100111,estimated,0,0,0.0,0,0,0.22790001159069265,0.35458855993857763,0.389888170140861,0.3082940408352356,0.24947271903932736,20,1,0.011432926829268275,1.0,67.6,B,0.2700877785280216,3.613850639966852,0.3665753865992995,0.18022322329720386,20,6,0,0.28125,0.2926829268292683,0.5462525320729237,0.28966914247130315,0.16407832545577314,0.2848605577689243,0.2894736842105263,0.2956989247311828,0.2918807810894142,0.2753623188405797,75,0.3023255813953488,96,True,False,0.6105069594371221,0.02149021901001591,2.8703703703703702,3.1666666666666665,54,,,,,,,-0.06538339486905664,20,3.39,1.14,98.1,7.0,1.0,69.0,24.0,0.0,0.0,0.0,13.0,SP,23.0,403.0,88.0,17.5,6.32,2.2,8.05,1.01,18.807720990429505,-0.02774003558999516,7,0.7,24.0,6,6,0,0,0.0,3.8192003258019946,0.07775983122689689,0.2792207792207792,0.18128654970760233,0.07602339181286549,0.4186991869918699,0.3032357723577236,0.25961538461538464,3.76,0.3088278372024625
650489,Willi Castro,L,COL,5,Andrew Alvarez,L,674841.0,822693,COL @ WSH,3:45 PM,25/08,Pre-Game,0.6303417015519615,,,,False,0111101111,estimated,0,0,0.0,0,0,0.2686478163259963,0.40119821207890327,0.4377843672476995,0.394567354241171,0.2917148204541632,20,1,-0.013278388278388287,1.04,45.4,D,0.28451563691838294,2.0018562310891417,0.42992405284802954,0.20882782737972497,19,5,0,0.25595238095238093,0.2692307692307692,0.4263920671243326,0.5339435545385202,0.03966437833714721,0.25528169014084506,0.2558746736292428,0.22377622377622378,0.24772940808017538,0.29004329004329005,255,0.22807017543859648,196,False,False,0.6002866243709406,0.03005507718102085,3.5892857142857144,4.026785714285714,112,,,,,,,0.20908769136771066,20,3.6,1.34,80.0,2.0,5.0,74.0,36.0,1.0,0.0,1.0,11.0,SP,19.0,339.0,71.0,17.8,8.33,4.05,7.99,0.45,18.933806204115022,-0.007555987266247177,7,0.7777777777777778,13.0,7,6,0,0,0.0,4.001029497354534,0.06857915400529162,0.2624113475177305,0.27578947368421053,0.08210526315789474,0.41210045662100453,0.3238227739726028,0.23863636363636365,4.024,0.31256686726255617
681082,Bryson Stott,L,PHI,6,George Kirby,R,669923.0,823098,PHI @ SEA,6:40 PM,25/08,Scheduled,0.6276964536905386,,,,False,1111100001,estimated,0,0,0.0,0,0,0.23202621339692772,0.31558006980724,0.289824668736929,0.2923736039055245,0.1033741560082217,20,1,-0.016755944604128548,0.906,44.4,D,0.26469248291571756,3.3600197201000532,0.43417298448544217,0.18560381057364803,20,5,0,0.2696629213483146,0.25290697674418605,0.5287671232876713,0.3963470319634703,0.07488584474885844,0.24020100502512562,0.2665929203539823,0.24356435643564356,0.2469932531534174,0.2425531914893617,264,0.2727272727272727,226,False,False,0.6178650313078836,0.009831422382654997,3.464,3.92,125,,,,,,,0.22793668133324013,20,4.18,1.36,140.0,8.0,10.0,117.0,33.0,0.0,0.0,0.0,24.0,SP,24.0,587.0,157.0,24.5,7.52,2.12,10.09,1.09,23.837857570836032,-0.030121453690538647,4,0.5714285714285714,-15.0,7,6,0,0,0.0,4.112264683733098,0.15049974275761555,0.2607655502392344,0.16455696202531644,0.10337552742616034,0.38009803921568625,0.33036617647058825,0.2791519434628975,3.896,0.36490178504984117
665926,Andrés Giménez,L,TOR,7,Seth Lugo,R,607625.0,822773,KC @ TOR,4:07 PM,25/08,Pre-Game,0.6276964536905386,,,,False,1110111101,estimated,7,1,0.14285714285714285,1,2024,0.278714008158448,0.2902501620130044,0.20544356000111025,0.3696673938510024,0.1769530571954813,20,5,-0.13260915867944623,0.995,34.9,F,0.26378794356562635,2.3624311043039183,0.4484878185877034,0.16624889689710257,20,6,0,0.3466666666666667,0.21405750798722045,0.5158254918733961,0.3939264328485885,0.0902480752780154,0.24849296718017413,0.22816901408450704,0.20580474934036938,0.23599845500193126,0.2619047619047619,225,0.21348314606741572,197,False,False,0.5954622818490586,0.03223417184148003,3.288135593220339,3.5762711864406778,118,,,,,,,0.18616960216432515,20,4.71,1.38,145.1,5.0,7.0,111.0,46.0,0.0,0.0,0.0,26.0,SP,26.0,619.0,155.0,23.8,6.87,2.85,9.6,0.99,23.566561946405876,-0.017640898134983152,9,1.0,15.0,7,6,0,0,0.0,3.7995071753384058,0.019714290912122158,0.2436548223350254,0.1888111888111888,0.030303030303030304,0.23019169329073483,0.2855654952076678,0.28732394366197184,3.76,0.27360640784769436
686948,Drake Baldwin,L,ATL,1,Tyler Glasnow,R,607192.0,824881,LAD @ ATL,4:15 PM,25/08,Pre-Game,0.6276407554801136,,,,False,1111100001,live,0,0,0.0,0,0,0.21085371565142125,0.2938669235552995,0.49753733411802364,0.24635696653411007,0.20661567549026613,20,2,-0.0058405219813787435,1.018,83.3,A,0.32781456953642385,4.9498848080817135,0.39981652533563333,0.35897497579185195,7,111,0,0.271523178807947,0.2656826568265683,0.5442404006677797,0.4557595993322204,0.0,0.25588536335721596,0.24826904055390703,0.2862903225806452,0.2583718244803695,0.27715355805243447,298,0.25161290322580643,180,False,False,0.671183500248325,-0.043542744768211405,3.9074074074074074,4.425925925925926,108,,,,,,,0.10235278619849596,20,2.72,0.83,39.2,3.0,0.0,49.0,13.0,0.0,0.0,0.0,7.0,SP,7.0,148.0,20.0,21.1,11.12,2.95,4.54,1.13,20.523350892195676,0.032073530234172254,7,1.0,12.0,7,6,0,0,0.0,4.227508279188981,0.07229969780621077,0.2762312633832976,0.2060491493383743,0.09829867674858223,0.5148975791433892,0.3477039106145251,0.14457831325301204,4.442,0.3040425715846005
650402,Gleyber Torres,R,DET,1,Ian Seymour,L,693855.0,824233,TB @ DET,3:40 PM,25/08,Pre-Game,0.6260472890149533,,,,False,0111111001,estimated,0,0,0.0,0,0,0.24502167649399717,0.3089622814416844,0.31872030336605267,0.292092675052513,0.1250580826471202,20,2,-0.05104166666666668,1.004,86.4,A,0.3176829268292683,4.102701388312715,0.36645857092282924,0.28893695811191183,20,5,0,0.225,0.2760416666666667,0.41784615384615387,0.27876923076923077,0.30338461538461536,0.2191592005513439,0.22840409956076135,0.25213675213675213,0.22508445945945946,0.25748502994011974,195,0.26666666666666666,126,False,False,0.6439936066805775,-0.017946317665624156,3.7777777777777777,4.458333333333333,72,,,,,,,0.18509825111260714,20,4.17,1.14,101.1,9.0,4.0,123.0,32.0,2.0,0.0,2.0,11.0,RP,40.0,421.0,84.0,10.5,10.92,2.84,7.46,1.6,18.808817542508518,0.028336044318379994,6,0.6666666666666666,-9.0,7,6,0,0,0.0,4.6200412786613345,0.08532564886238331,0.25386313465783666,0.20149253731343283,0.13619402985074627,0.34531400966183573,0.31530434782608696,0.19246861924686193,4.442,0.3240812892663866
701807,Carson Benge,L,NYM,3,Kyle Harrison,L,690986.0,823585,MIL @ NYM,4:10 PM,25/08,Pre-Game,0.6259378917266439,,,,False,1110101111,estimated,0,0,0.0,0,0,0.36484755285664866,0.3397623604201467,0.4247580158235459,0.4449156361010085,0.1594272795342523,20,2,0.007904941831560097,0.949,88.4,A,0.31898584905660377,4.835670054042588,0.36732392313423323,0.3091765106514023,20,7,0,0.2831858407079646,0.2752808988764045,0.5976401179941003,0.31032448377581123,0.0920353982300885,0.25249320036264733,0.2625,0.2826086956521739,0.25988553590010405,0.2572463768115942,302,0.30569948186528495,209,True,False,0.6599151255155744,-0.03397723378893047,3.813008130081301,4.154471544715447,123,,,,,,,0.3268812124254148,20,2.84,1.11,98.1,10.0,3.0,122.0,26.0,0.0,0.0,0.0,20.0,SP,20.0,402.0,83.0,20.1,11.17,2.38,7.6,1.19,20.053064118099545,0.029902108273356043,5,0.7142857142857143,15.0,7,5,0,0,1.0,4.1648902162033155,0.04876301808728364,0.2794759825327511,0.208,0.07,0.4138418079096045,0.36641478342749534,0.2222222222222222,4.25,0.3053216316264682
514888,José Altuve,R,HOU,4,Will Warren,R,701542.0,823505,HOU @ NYY,4:05 PM,25/08,Pre-Game,0.6259378917266439,,,,False,0111110101,estimated,5,2,0.4,1,2025,0.26335418627710794,0.2759280398215687,0.2941508820788768,0.33164542362175153,0.21752321145377776,20,2,-0.01988195091643366,1.007,31.2,F,0.2848975702715579,2.232985165886097,0.4895624016548738,0.21363220326764623,20,6,0,0.26126126126126126,0.2413793103448276,0.6319809069212411,0.24391408114558472,0.12410501193317422,0.23081800887761572,0.23823246878001922,0.19718309859154928,0.22916666666666666,0.25101214574898784,270,0.24025974025974026,172,False,False,0.614261623922446,0.011676267804197948,3.855769230769231,4.25,104,,,,,,,0.09039471410526309,20,4.43,1.4,122.0,8.0,6.0,122.0,43.0,0.0,0.0,0.0,24.0,SP,25.0,535.0,128.0,21.4,9.0,3.17,9.44,1.4,20.740702023179768,0.0076509971622450434,9,1.0,12.0,7,6,0,0,1.0,3.9511917081385093,0.07557982457491948,0.24498886414253898,0.2112676056338028,0.07645875251509054,0.3228197674418605,0.2862056686046512,0.2608695652173913,4.159,0.29049470352001544
696285,Jacob Young,R,WSH,9,,R,,822693,COL @ WSH,3:45 PM,25/08,Pre-Game,0.6255386064139832,,,,False,1111010001,estimated,0,0,0.0,0,0,0.2549908456976725,0.28258203527150644,0.18444294944447556,0.31823122719983726,0.17236214481159734,20,1,-0.10910658847878577,1.04,,,,,,,0,0,0,0.3153846153846154,0.2062780269058296,,,,0.2492816091954023,0.20775969962453067,0.24,0.23479318734793186,0.24880382775119617,231,0.24305555555555555,164,False,False,0.5772334607695869,0.04830514564439625,3.2990654205607477,3.691588785046729,107,,,,,,,0.057109582074161065,20,,,,,,,,,,,,,,,,,,,,,,-0.005876106413983284,8,0.8,5.0,5,7,0,0,0.0,3.755610407831038,0.06398294509262371,0.24031007751937986,0.18013856812933027,0.07390300230946882,0.3465480043149946,0.319571736785329,,3.443,0.34345917694454914
677594,Julio Rodríguez,R,SEA,4,Aaron Nola,R,605400.0,823098,PHI @ SEA,6:40 PM,25/08,Scheduled,0.6255386064139832,,,,False,1110011001,estimated,0,0,0.0,0,0,0.20140733743970338,0.35484198549240914,0.4552199303488542,0.3013385483489946,0.35428539963387196,20,1,0.023824881077158744,0.906,62.1,C,0.30147368421052634,3.607817220335518,0.44531032511850954,0.25909202400926157,20,6,0,0.2356687898089172,0.25949367088607594,0.4970414201183432,0.34023668639053256,0.16272189349112426,0.23369565217391305,0.24704956726986624,0.224,0.23684210526315788,0.2516778523489933,324,0.25142857142857145,199,False,False,0.6253756104598125,0.00016299595417068602,3.941666666666667,4.358333333333333,120,,,,,,,0.061703384373130284,20,5.12,1.42,137.0,5.0,9.0,146.0,46.0,0.0,0.0,0.0,26.0,SP,26.0,593.0,148.0,22.8,9.59,3.02,9.72,2.04,23.13560368421319,-0.029498606413983164,5,0.625,-11.0,7,7,0,0,0.0,4.5148126453298145,0.06188434498899188,0.251063829787234,0.2173076923076923,0.07307692307692308,0.4332399626517273,0.3560014005602241,0.28110599078341014,4.159,0.3539566038238833
683734,Andrew Vaughn,R,MIL,4,Zac Thornton,L,804267.0,823585,MIL @ NYM,4:10 PM,25/08,Pre-Game,0.6255386064139832,,,,False,0101111111,estimated,0,0,0.0,0,0,0.3578636357932126,0.37649375963001225,0.4643394696442609,0.45810751581415116,0.18643837876099378,20,2,0.054285714285714326,0.949,44.1,D,0.2449255751014885,2.549465294078219,0.410501433405891,0.17785154300682526,9,7,0,0.34,0.2857142857142857,0.6571815718157181,0.3048780487804878,0.037940379403794036,0.3198757763975155,0.27741935483870966,0.33067729083665337,0.30972972972972973,0.2878787878787879,155,0.33663366336633666,118,False,True,0.6196283744250278,0.00591023198895535,2.7738095238095237,3.25,84,,,,,,,0.3253076177641076,20,3.04,1.15,50.1,3.0,4.0,36.0,14.0,0.0,0.0,0.0,9.0,SP,9.0,200.0,44.0,22.2,6.44,2.5,7.87,1.07,22.305726557129013,-0.016867177842554648,7,0.7777777777777778,-1.0,7,6,0,0,0.0,3.544278894578144,0.0963613695044756,0.2982456140350877,0.1507537688442211,0.10552763819095477,0.43351063829787234,0.3130992907801418,0.256198347107438,4.159,0.3118053372838203
676356,Jonny Deluca,R,TB,6,Jackson Jobe,R,695549.0,824233,TB @ DET,3:40 PM,25/08,Pre-Game,0.6243989667211295,,,,False,0001101111,estimated,0,0,0.0,0,0,0.3444124990430388,0.27934245805745944,0.3402798821875638,0.40368116401130616,0.1581424089124015,20,1,-0.05601503759398499,1.004,50.0,C,0.22943722943722944,,,,3,6,0,0.29285714285714287,0.23684210526315788,0.5541125541125541,0.329004329004329,0.11688311688311688,0.24815983175604628,0.23274161735700197,0.2634146341463415,0.24489795918367346,0.26515151515151514,139,0.27049180327868855,129,False,False,0.602617764217078,0.021781202504051467,3.2987012987012987,3.4805194805194803,77,,,,,,,0.14999076032100617,20,4.5,1.36,14.0,1.0,1.0,11.0,5.0,0.0,0.0,0.0,3.0,SP,3.0,61.0,14.0,20.3,7.07,3.21,9.0,1.29,,-0.011173966721129469,8,0.8888888888888888,-10.0,7,7,0,0,0.0,3.3293125030170447,0.010230534125936677,0.27835051546391754,0.19128329297820823,0.043583535108958835,0.29708737864077667,0.2890355987055016,0.2631578947368421,3.896,0.3003683129124101
691026,Masyn Winn,R,STL,6,Chris Bassitt,R,605135.0,823016,BAL @ STL,4:45 PM,25/08,Scheduled,0.6236305537954933,,,,False,1000011100,estimated,0,0,0.0,0,0,0.2031718262563626,0.32454632295277985,0.33224979351778966,0.3415035656509513,0.37440776829705574,20,5,-0.06644518272425248,1.031,38.2,D,0.2545141874462597,1.8397669027412662,0.3605591241529393,0.14797554603271407,14,6,0,0.2857142857142857,0.21926910299003322,0.6428571428571429,0.30206540447504304,0.055077452667814115,0.2287117903930131,0.24434876210979548,0.2795031055900621,0.23749596644078735,0.2425531914893617,264,0.234375,221,False,False,0.5676845040167524,0.05594604977874085,3.588235294117647,4.07563025210084,119,,,,,,,-0.17943866970459854,20,5.08,1.62,67.1,4.0,4.0,46.0,26.0,0.0,0.0,0.0,12.0,SP,14.0,309.0,83.0,22.1,6.15,3.48,11.09,0.94,22.244744514546777,-0.02460555379549323,8,1.0,-1.0,6,6,0,0,-1.0,3.8077804355563063,0.07661957330960026,0.23842592592592593,0.21428571428571427,0.08979591836734693,0.35310907237512745,0.32766666666666666,0.2621359223300971,3.896,0.33778577174360996
695491,Joshua Báez,R,STL,5,Chris Bassitt,R,605135.0,823016,BAL @ STL,4:45 PM,25/08,Scheduled,0.6228382288203572,,,,False,1000010100,estimated,0,0,0.0,0,0,0.1935325550777087,0.32990384477221263,0.580271661653587,0.27175080333072743,0.35028928257462705,10,2,-0.2631578947368421,1.031,38.2,D,0.2545141874462597,1.8397669027412662,0.3605591241529393,0.14797554603271407,14,6,0,0.2631578947368421,0.0,0.6428571428571429,0.30206540447504304,0.055077452667814115,0.08653846153846154,0.1941747572815534,0.1388888888888889,0.13978494623655913,0.16,26,0.09090909090909091,15,True,False,0.575239659221379,0.047598569598978235,3.6,4.1,10,,,,,,,-0.19579621000167766,10,5.08,1.62,67.1,4.0,4.0,46.0,26.0,0.0,0.0,0.0,12.0,SP,14.0,309.0,83.0,22.1,6.15,3.48,11.09,0.94,22.244744514546777,-0.026613228820357215,8,1.0,-1.0,6,6,0,0,-1.0,4.034134118472238,0.09438400471071137,,,,,,0.2621359223300971,4.024,0.33778577174360996
669242,Tommy Edman,L,LAD,5,Bryce Elder,R,693821.0,824881,LAD @ ATL,4:15 PM,25/08,Pre-Game,0.6219357123561785,,,,False,0010011100,live,0,0,0.0,0,0,0.1636910045714203,0.24493530813255576,0.27330811560195484,0.2422688868085117,0.2014530231838265,20,2,0.05092592592592593,1.018,42.7,D,0.26453488372093026,2.200076575482736,0.4279022947396202,0.18510633319374148,20,9,0,0.2361111111111111,0.28703703703703703,0.6534173533688803,0.23654871546291809,0.11003393116820165,0.24789915966386555,0.19935691318327975,0.23674911660777384,0.23394495412844038,0.25961538461538464,115,0.27631578947368424,88,False,False,0.6039337069574967,0.018002005398681797,3.3962264150943398,3.830188679245283,53,,,,,,,-0.06718419681114032,20,3.92,1.23,137.2,8.0,7.0,113.0,46.0,0.0,0.0,0.0,24.0,SP,24.0,579.0,124.0,24.1,7.39,3.01,8.11,1.44,24.117710536610335,-0.01114999807046424,7,1.0,7.0,7,5,0,0,3.0,3.943287747496085,0.0774363291384039,0.23708920187793428,0.19402985074626866,0.05970149253731343,0.37885572139303486,0.3296497512437811,0.205607476635514,4.024,0.3126143425181119
803011,Sam Antonacci,L,CWS,1,Jacob Degrom,R,594798.0,824556,TEX @ CWS,4:40 PM,25/08,Scheduled,0.6212703844992605,,,,False,1001000110,estimated,0,0,0.0,0,0,0.1562131431706767,0.23965220040285168,0.181219621189349,0.2186180491341359,0.18549231719194614,20,1,0.005156075808249727,0.968,57.4,C,0.3103286384976526,4.892810807083516,0.4850285737670969,0.30825080935478844,20,5,0,0.2608695652173913,0.266025641025641,0.4414542020774315,0.43059490084985835,0.1279508970727101,0.26150733434496715,0.2292225201072386,0.24752475247524752,0.251702786377709,0.2597402597402597,263,0.2733333333333333,182,True,False,0.6633892509901437,-0.042118866490883144,3.463636363636364,4.045454545454546,110,,,,,,,-0.17920705443495014,20,3.77,1.13,126.2,9.0,8.0,157.0,32.0,0.0,0.0,0.0,24.0,SP,24.0,518.0,111.0,21.6,11.16,2.27,7.89,1.21,21.303743768374897,0.026196282167405993,6,0.6666666666666666,7.0,6,7,0,0,0.0,3.9146641757207292,0.09168561868272984,0.27034120734908135,0.15333333333333332,0.08444444444444445,0.34481837606837606,0.3285523504273504,0.21254355400696864,4.442,0.3040009840263737
641355,Cody Bellinger,L,NYY,4,Ethan Pecko,R,814490.0,823505,HOU @ NYY,4:05 PM,25/08,Pre-Game,0.6212524443106454,-156.0,178.0,61.0,False,1110111111,estimated,0,0,0.0,0,0,0.3103362288003832,0.3810870936607238,0.41879333714102823,0.44606445116015686,0.2802692062004625,20,2,-0.04519140989729223,1.007,50.0,C,0.23595505617977527,,,,1,6,0,0.28888888888888886,0.24369747899159663,0.7078651685393258,0.21348314606741572,0.07865168539325842,0.22661644695543,0.2635046113306983,0.25311203319502074,0.24119718309859156,0.2420091324200913,252,0.2857142857142857,182,False,True,0.6193298290388939,0.0019226152717515266,3.656862745098039,4.254901960784314,102,,,,,,,0.13165486302985915,20,4.91,1.64,3.2,0.0,0.0,4.0,3.0,0.0,0.0,0.0,1.0,SP,1.0,18.0,3.0,18.0,9.82,7.36,7.36,0.0,,-0.005002444310645449,6,0.8571428571428571,3.0,7,6,0,0,0.0,4.02361943080563,0.08978420245028074,0.2552204176334107,0.1550695825049702,0.12127236580516898,0.3564211520302172,0.321005193578848,0.16666666666666666,4.159,0.3334930694553643
700250,Ben Rice,L,NYY,2,Ethan Pecko,R,814490.0,823505,HOU @ NYY,4:05 PM,25/08,Pre-Game,0.6199556281056543,,,,False,0001011001,estimated,0,0,0.0,0,0,0.13176461104952752,0.2656073644481289,0.42448670984095643,0.2280718908020849,0.28996081993331757,20,2,-0.0008090614886731295,1.007,50.0,C,0.23595505617977527,,,,1,6,0,0.25,0.24919093851132687,0.7078651685393258,0.21348314606741572,0.07865168539325842,0.22611111111111112,0.22953328232593725,0.22451994091580502,0.22783478032096816,0.22743682310469315,315,0.2826086956521739,218,False,True,0.6120187323637366,0.007936895741917693,3.717741935483871,4.298387096774194,124,,,,,,,-0.16909816996759686,20,4.91,1.64,3.2,0.0,0.0,4.0,3.0,0.0,0.0,0.0,1.0,SP,1.0,18.0,3.0,18.0,9.82,7.36,7.36,0.0,,-0.003822294772320989,6,0.8571428571428571,3.0,7,6,0,0,0.0,4.331508329952074,0.11804373773900678,0.24439461883408073,0.2524271844660194,0.11067961165048544,0.48180379746835444,0.3657753164556962,0.16666666666666666,4.35,0.3334930694553643
677649,Ezequiel Duran,R,TEX,4,Anthony Kay,L,641743.0,824556,TEX @ CWS,4:40 PM,25/08,Scheduled,0.6197255843973496,,,,False,1001011011,estimated,0,0,0.0,0,0,0.31275788275187677,0.29707600936045764,0.5034784127178,0.4742804182580849,0.27329286507082856,20,1,0.07883056478405318,0.968,59.4,C,0.26357969723953695,2.8812797243509274,0.3865519487154837,0.19879053430455748,20,5,0,0.328,0.24916943521594684,0.5681211041852182,0.29118432769367764,0.14069456812110417,0.25027262813522355,0.2493321460373998,0.23823529411764705,0.248186215235792,0.2549800796812749,283,0.29714285714285715,189,False,False,0.6155276629442591,0.004197921453090503,3.55,3.933333333333333,120,,,,,,,0.102204180137829,20,3.96,1.33,127.1,9.0,6.0,104.0,45.0,0.0,0.0,0.0,24.0,SP,26.0,565.0,124.0,21.7,7.35,3.18,8.76,1.13,22.459505460909742,-0.0201589177306829,6,0.6,4.0,7,7,0,0,0.0,4.119913813399004,0.09964050805003045,0.2677725118483412,0.23605150214592274,0.07296137339055794,0.3737179487179487,0.33165865384615384,0.28,4.159,0.32153169195953374
680777,Ryan Jeffers,R,MIN,5,Gage Jump,L,695611.0,824962,MIN @ ATH,6:40 PM,25/08,Scheduled,0.6193298290388939,,,,False,1110010011,estimated,0,0,0.0,0,0,0.23257482154783934,0.2885460766312623,0.3679311646923193,0.3234696548266786,0.1654207791943645,20,1,0.007092745355022745,0.977,37.8,D,0.2811853893866299,2.077110401733848,0.39472420455819124,0.24422044088998468,16,5,0,0.28440366972477066,0.2773109243697479,0.5162629757785467,0.3972318339100346,0.08650519031141868,0.25892857142857145,0.24743777452415813,0.21708185053380782,0.2495201535508637,0.25,161,0.32954545454545453,109,False,True,0.614339869125784,0.004989959913109909,3.4029850746268657,4.029850746268656,67,,,,,,,0.03835452399300189,20,4.83,1.51,82.0,5.0,8.0,88.0,40.0,0.0,0.0,0.0,16.0,SP,16.0,361.0,84.0,22.6,9.66,4.39,9.22,0.99,22.66855374605637,-0.0027131623722271847,6,0.6666666666666666,-10.0,5,6,0,0,0.0,3.981788960799261,0.13304126194408294,0.2976190476190476,0.17768595041322313,0.11363636363636363,0.39620758483033935,0.2984565868263473,0.27350427350427353,4.024,0.36707965170148615
571970,Max Muncy,L,LAD,4,Bryce Elder,R,693821.0,824881,LAD @ ATL,4:15 PM,25/08,Pre-Game,0.6189332594222137,,,,False,1101110110,live,14,3,0.21428571428571427,1,2023,0.2719778518857709,0.3825444357515894,0.6680567629408201,0.4243176127473462,0.3001471942009918,20,2,0.009575867170803859,1.018,42.7,D,0.26453488372093026,2.200076575482736,0.4279022947396202,0.18510633319374148,20,9,0,0.24675324675324675,0.2563291139240506,0.6534173533688803,0.23654871546291809,0.11003393116820165,0.2692901234567901,0.2259294566253575,0.24849397590361447,0.24908789386401325,0.2772727272727273,250,0.2254335260115607,199,False,False,0.5832356397667896,0.03569761965542406,3.302521008403361,3.773109243697479,119,,,,,,,0.01975645249973426,20,3.92,1.23,137.2,8.0,7.0,113.0,46.0,0.0,0.0,0.0,24.0,SP,24.0,579.0,124.0,24.1,7.39,3.01,8.11,1.44,24.117710536610335,-0.020790402279356468,7,1.0,7.0,7,5,0,0,3.0,3.5614670321487485,0.10985418329573012,0.25888324873096447,0.2549889135254989,0.10864745011086474,0.4659498207885305,0.3409354838709677,0.205607476635514,4.159,0.3126143425181119
668804,Bryan Reynolds,L,PIT,3,Mike King,R,650633.0,823259,PIT @ SD,6:40 PM,25/08,Scheduled,0.6180780190842307,,,,False,1010111101,estimated,7,3,0.42857142857142855,1,2024,0.21933065894565468,0.3094799786701123,0.3794004231755621,0.28994554504599473,0.2218504168216068,20,1,-0.012433186149198194,0.954,72.6,B,0.2838174273858921,2.2268933021407356,0.30392534581999453,0.19924265127118618,20,6,0,0.2692307692307692,0.256797583081571,0.4717842323651452,0.25228215767634854,0.27593360995850624,0.23627556512378903,0.23900414937759337,0.26405228758169935,0.24237685691946834,0.2852233676975945,342,0.22448979591836735,234,False,False,0.6257848711178438,-0.0077068520336130986,3.6893939393939394,4.363636363636363,132,,,,,,,-0.1008163894677746,20,3.38,1.17,149.0,8.0,9.0,128.0,58.0,0.0,0.0,0.0,26.0,SP,26.0,610.0,117.0,23.5,7.73,3.5,7.07,1.09,23.89257183241016,-0.0028780190842306874,4,0.5,11.0,7,6,0,0,0.0,4.441827761988492,0.08976824583162651,0.2636363636363636,0.23653846153846153,0.12692307692307692,0.4605678233438486,0.34533123028391166,0.2215568862275449,4.25,0.2665206362982079
678391,Jorbit Vivas,L,WSH,6,,R,,822693,COL @ WSH,3:45 PM,25/08,Pre-Game,0.6174182464661991,,,,False,1110000011,estimated,0,0,0.0,0,0,0.21650256641648563,0.2958340067581665,0.07490117575026618,0.26680182086564014,0.10005239534157008,20,1,0.023680124223602494,1.04,,,,,,,0,0,0,0.21739130434782608,0.24107142857142858,,,,0.204337899543379,0.20558375634517767,0.17153284671532848,0.19844861021331608,0.21481481481481482,160,0.26785714285714285,129,False,False,0.5809925706168333,0.036425675849365846,2.6,3.042105263157895,95,,,,,,,-0.11600877412648711,20,,,,,,,,,,,,,,,,,,,,,,-0.0013807464661991231,8,0.8,5.0,5,7,0,0,0.0,3.1985662808234516,0.08511463110709101,0.22336769759450173,0.15,0.09411764705882353,0.23784722222222224,0.28605416666666666,,3.896,0.34345917694454914
662139,Daulton Varsho,L,HOU,5,Will Warren,R,701542.0,823505,HOU @ NYY,4:05 PM,25/08,Pre-Game,0.6174182464661991,,,,False,1011001111,estimated,5,4,0.8,1,2025,0.1807277959814658,0.2507111348118111,0.42315479811420637,0.2899191793477383,0.2661860808724509,20,2,0.024657019357263665,1.007,31.2,F,0.2848975702715579,2.232985165886097,0.4895624016548738,0.21363220326764623,20,6,0,0.21176470588235294,0.2364217252396166,0.6319809069212411,0.24391408114558472,0.12410501193317422,0.2511737089201878,0.21958762886597938,0.19174041297935104,0.23474801061007958,0.23931623931623933,256,0.21951219512195122,181,False,False,0.6007738443843434,0.01664440208185569,3.618181818181818,3.9727272727272727,110,,,,,,,0.010413584396824178,20,4.43,1.4,122.0,8.0,6.0,122.0,43.0,0.0,0.0,0.0,24.0,SP,25.0,535.0,128.0,21.4,9.0,3.17,9.44,1.4,20.740702023179768,0.002081753533800801,9,1.0,12.0,7,6,0,0,1.0,4.140369144521524,0.06257199591995749,0.22811059907834103,0.200836820083682,0.07740585774058577,0.37943786982248523,0.2811730769230769,0.27205882352941174,4.024,0.29049470352001544
663656,Kyle Tucker,L,LAD,6,Bryce Elder,R,693821.0,824881,LAD @ ATL,4:15 PM,25/08,Pre-Game,0.6165662526232555,,,,False,0000011011,live,0,0,0.0,0,0,0.1830891325301464,0.2590486473587663,0.42053207216581057,0.24066699800324795,0.14045803912374694,20,2,-0.0193387878632435,1.018,42.7,D,0.26453488372093026,2.200076575482736,0.4279022947396202,0.18510633319374148,20,9,0,0.2440944881889764,0.2247557003257329,0.6534173533688803,0.23654871546291809,0.11003393116820165,0.21805392731535755,0.2383073496659243,0.18041958041958042,0.21497294046903187,0.2190082644628099,287,0.24479166666666666,215,False,False,0.5960445117374525,0.02052174088580294,3.557377049180328,4.114754098360656,122,,,,,,,0.002512833671732666,20,3.92,1.23,137.2,8.0,7.0,113.0,46.0,0.0,0.0,0.0,24.0,SP,24.0,579.0,124.0,24.1,7.39,3.01,8.11,1.44,24.117710536610335,-0.0034233954803983835,7,1.0,7.0,7,5,0,0,3.0,4.027319713758688,0.09431233506074195,0.22897196261682243,0.18218623481781376,0.11538461538461539,0.37968441814595666,0.3205547337278106,0.205607476635514,3.896,0.3126143425181119
592885,Christian Yelich,L,MIL,5,Zac Thornton,L,804267.0,823585,MIL @ NYM,4:10 PM,25/08,Pre-Game,0.6163796567872025,,,,False,1010011101,estimated,0,0,0.0,0,0,0.23770883791727704,0.38985197781309805,0.5426285579051228,0.32082686443802977,0.2326705319829463,20,2,-0.03426573426573426,0.949,44.1,D,0.2449255751014885,2.549465294078219,0.410501433405891,0.17785154300682526,9,7,0,0.2,0.23426573426573427,0.6571815718157181,0.3048780487804878,0.037940379403794036,0.2159468438538206,0.1919191919191919,0.25949367088607594,0.21612690019828157,0.22388059701492538,226,0.23448275862068965,168,False,True,0.5957755604986551,0.020604096288547424,3.8876404494382024,4.426966292134831,89,,,,,,,0.09380351678188341,20,3.04,1.15,50.1,3.0,4.0,36.0,14.0,0.0,0.0,0.0,9.0,SP,9.0,200.0,44.0,22.2,6.44,2.5,7.87,1.07,22.305726557129013,-0.030479656787202547,7,0.7777777777777778,-1.0,7,6,0,0,0.0,4.190256953389437,0.09138616042478108,0.21814254859611232,0.2638623326959847,0.08604206500956023,0.42676923076923073,0.31751076923076926,0.1935483870967742,4.024,0.3118053372838203
666176,Jo Adell,R,CLE,5,Walbert Ureña,R,700712.0,823989,CLE @ LAA,6:38 PM,25/08,Scheduled,0.616319987919395,-138.0,163.0,58.0,False,0010101111,estimated,0,0,0.0,0,0,0.25846433401166563,0.4552637959727535,0.678599790363197,0.3895931864383352,0.340506216761355,20,1,-0.011361436921766749,0.979,68.1,B,0.28764278296988577,1.8574865266042089,0.3587884039557087,0.2326280754234348,20,6,0,0.2468354430379747,0.23547400611620795,0.5210827693909422,0.1494013534617387,0.3295158771473191,0.2374749498997996,0.24898291293734745,0.21660649819494585,0.23799472295514512,0.25259515570934254,310,0.2193877551020408,217,False,True,0.6165662526232555,-0.00024626470386046595,3.7890625,4.1171875,128,,,,,,,0.0004871297652905529,20,2.8,1.24,112.2,8.0,9.0,109.0,59.0,0.0,0.0,0.0,21.0,SP,23.0,479.0,81.0,20.8,8.71,4.71,6.47,0.56,21.732772477352487,-0.012019987919394959,5,0.7142857142857143,-5.0,5,7,0,0,0.0,4.079087089700982,0.0672243941564658,0.23841059602649006,0.24898785425101214,0.04048582995951417,0.4540404040404041,0.3648914141414142,0.1875,4.024,0.28933015242667737
663616,Trevor Larnach,L,MIN,2,Gage Jump,L,695611.0,824962,MIN @ ATH,6:40 PM,25/08,Scheduled,0.6150539488975819,,,,False,0001110000,estimated,0,0,0.0,0,0,0.10582969248374341,0.25737827782380235,0.47772305064975557,0.14332167394229314,0.23686343505162483,20,3,0.02388463271744029,0.977,37.8,D,0.2811853893866299,2.077110401733848,0.39472420455819124,0.24422044088998468,16,5,0,0.2857142857142857,0.2618296529968454,0.5162629757785467,0.3972318339100346,0.08650519031141868,0.2571428571428571,0.27995255041518385,0.24311926605504589,0.2612230470130788,0.2744186046511628,242,0.24390243902439024,143,False,True,0.6165662526232555,-0.0015123037256735694,3.219047619047619,3.6666666666666665,105,,,,,,,-0.1767339223406922,20,4.83,1.51,82.0,5.0,8.0,88.0,40.0,0.0,0.0,0.0,16.0,SP,16.0,361.0,84.0,22.6,9.66,4.39,9.22,0.99,22.66855374605637,0.00989605110241809,6,0.6666666666666666,-10.0,5,6,0,0,0.0,3.6450539906731207,0.048927383508570045,0.25984251968503935,0.18937644341801385,0.09930715935334873,0.3839464882943144,0.3130468227424749,0.25,4.35,0.36707965170148615
678545,Osleivis Basabe,R,SF,6,Brady Singer,R,663903.0,823181,CIN @ SF,6:45 PM,25/08,Scheduled,0.614475655825485,,,,False,1110010100,estimated,0,0,0.0,0,0,0.17876292922552042,0.2733677941743059,0.36139352899420735,0.22809612006609647,0.18632664364117496,20,1,0.029166666666666646,0.994,53.4,C,0.28596568411790585,2.420062388236224,0.40294190472031977,0.18909806764091744,20,5,0,0.2,0.22916666666666666,0.5884683098591549,0.41153169014084506,0.0,0.2108843537414966,0.24161073825503357,0.15789473684210525,0.20848708487084872,0.2608695652173913,48,0.15625,34,False,False,0.5865953775790759,0.02788027824640915,3.391304347826087,3.5652173913043477,23,,,,,,,-0.029476419384145445,20,4.72,1.42,131.2,5.0,11.0,107.0,43.0,0.0,0.0,0.0,25.0,SP,25.0,583.0,144.0,23.3,7.31,2.94,9.84,1.71,24.501867900341704,-0.020342322492151732,6,0.75,17.0,7,7,0,0,0.0,3.7323499137646183,0.01478571818409162,0.23391812865497075,0.22950819672131148,0.04371584699453552,0.3798449612403101,0.26732558139534884,0.22580645161290322,3.896,0.35124721020361643
663993,Nathaniel Lowe,L,CLE,4,Walbert Ureña,R,700712.0,823989,CLE @ LAA,6:38 PM,25/08,Scheduled,0.6140121191891853,,,,False,0111001110,estimated,0,0,0.0,0,0,0.22675522533227205,0.2767730443922245,0.41002582634318857,0.27002477076883286,0.13178429737898298,20,1,-0.016453735965931082,0.979,68.1,B,0.28764278296988577,1.8574865266042089,0.3587884039557087,0.2326280754234348,20,6,0,0.2777777777777778,0.2613240418118467,0.5210827693909422,0.1494013534617387,0.3295158771473191,0.25788497217068646,0.27808471454880296,0.27217125382262997,0.2630947620951619,0.29444444444444445,199,0.216,142,False,True,0.6171719817623386,-0.0031598625731532604,3.1443298969072164,3.515463917525773,97,,,,,,,0.13127502945710512,20,2.8,1.24,112.2,8.0,9.0,109.0,59.0,0.0,0.0,0.0,21.0,SP,23.0,479.0,81.0,20.8,8.71,4.71,6.47,0.56,21.732772477352487,-0.002792119189185316,5,0.7142857142857143,-5.0,5,7,0,0,0.0,4.10727258469799,0.04805113345019915,0.26944444444444443,0.2334152334152334,0.09090909090909091,0.4295597484276729,0.3414301886792453,0.205607476635514,4.159,0.28933015242667737
681508,Mickey Gasper,L,BOS,5,Tyler Phillips,R,663969.0,823826,BOS @ MIA,3:40 PM,25/08,Pre-Game,0.6131601253462419,,,,False,0001110111,live,0,0,0.0,0,0,0.32871839310334167,0.36577384767046006,0.40773132081593977,0.36599056914049066,0.11279766886175184,20,1,0.14285714285714285,1.0,48.4,D,0.2980828695114409,1.9841847866551596,0.4333439291590055,0.18383546550287966,20,7,0,0.14285714285714285,0.2857142857142857,0.3401360544217687,0.42547928262213974,0.23438466295609153,0.3024193548387097,0.20238095238095238,0.27058823529411763,0.2690631808278867,0.2537313432835821,83,0.288135593220339,61,False,False,0.5842996704262097,0.028860454920032197,3.073170731707317,3.5121951219512195,41,,,,,,,-0.02110986453653295,20,3.67,1.37,100.2,3.0,6.0,79.0,42.0,2.0,1.0,3.0,14.0,RP,31.0,434.0,96.0,14.0,7.06,3.75,8.58,1.16,17.726383832084665,-0.014540125346241828,5,0.5555555555555556,7.0,7,6,0,0,0.0,3.474788270078314,0.1239184053578466,0.21621621621621623,0.18,0.09666666666666666,0.33658536585365856,0.24141463414634148,0.2688679245283019,4.024,0.2867833679494708
665019,Kody Clemens,L,MIN,7,Gage Jump,L,695611.0,824962,MIN @ ATH,6:40 PM,25/08,Scheduled,0.6128712570057392,,,,False,1011111101,estimated,0,0,0.0,0,0,0.255382429418043,0.3672422189778835,0.4705544244313487,0.32312611844269334,0.23411075662139097,20,1,0.05294117647058824,0.977,37.8,D,0.2811853893866299,2.077110401733848,0.39472420455819124,0.24422044088998468,16,5,0,0.2823529411764706,0.22941176470588234,0.5162629757785467,0.3972318339100346,0.08650519031141868,0.23809523809523808,0.24281150159744408,0.21476510067114093,0.23634131368938,0.26907630522088355,274,0.19886363636363635,189,False,True,0.6087236138899415,0.004147643115797739,3.7610619469026547,4.097345132743363,113,,,,,,,0.04983697762639663,20,4.83,1.51,82.0,5.0,8.0,88.0,40.0,0.0,0.0,0.0,16.0,SP,16.0,361.0,84.0,22.6,9.66,4.39,9.22,0.99,22.66855374605637,0.01012874299426092,6,0.6666666666666666,-10.0,5,6,0,0,0.0,4.050699175356498,0.05089175327271892,0.23937360178970918,0.2288659793814433,0.05567010309278351,0.4785714285714286,0.3190758928571429,0.25,3.76,0.36707965170148615
680776,Jarren Duran,L,BOS,7,Tyler Phillips,R,663969.0,823826,BOS @ MIA,3:40 PM,25/08,Pre-Game,0.6128712570057392,,,,False,0111111001,live,0,0,0.0,0,0,0.27006809193186676,0.3451736327035169,0.4623739522542882,0.4349616462058577,0.29892187112551716,20,1,-0.011604311984781235,1.0,48.4,D,0.2980828695114409,1.9841847866551596,0.4333439291590055,0.18383546550287966,20,7,0,0.21686746987951808,0.20526315789473684,0.3401360544217687,0.42547928262213974,0.23438466295609153,0.18898071625344354,0.1791359325605901,0.21020092735703247,0.190099589923843,0.19402985074626866,295,0.22564102564102564,221,False,False,0.5766857490351489,0.03618550797059028,3.7950819672131146,4.229508196721311,122,,,,,,,0.04924906602327655,20,3.67,1.37,100.2,3.0,6.0,79.0,42.0,2.0,1.0,3.0,14.0,RP,31.0,434.0,96.0,14.0,7.06,3.75,8.58,1.16,17.726383832084665,-0.01091125700573925,5,0.5555555555555556,7.0,7,6,0,0,0.0,3.7933852096184295,0.03874453785731857,0.2052401746724891,0.27788649706457924,0.06262230919765166,0.3963607594936709,0.33494303797468356,0.2688679245283019,3.76,0.2867833679494708
687263,Zach Neto,R,LAA,1,Gavin Williams,R,668909.0,823989,CLE @ LAA,6:38 PM,25/08,Scheduled,0.6123046862633186,,,,False,1001111111,estimated,0,0,0.0,0,0,0.29083650509033726,0.3250031866569446,0.4002633506947344,0.3460701074760485,0.21539674486402896,20,1,0.0067111685328739845,0.979,65.6,B,0.3300773300773301,5.012321876575042,0.4561378548530564,0.35266907489102794,20,5,0,0.2345679012345679,0.24127906976744187,0.4921681780708986,0.5078318219291014,0.0,0.2400747314339094,0.21770972037283623,0.24852767962308597,0.23466666666666666,0.24233128834355827,361,0.23333333333333334,206,False,False,0.6145322649450342,-0.0022275786817156362,3.984251968503937,4.464566929133858,127,,,,,,,0.12321296104869872,20,3.72,1.09,154.2,12.0,7.0,201.0,48.0,0.0,0.0,0.0,26.0,SP,26.0,621.0,120.0,23.9,11.7,2.79,6.98,1.45,23.518895940557318,0.025595313736681446,6,0.75,16.0,7,7,0,0,0.0,4.428070575412567,0.03574164978572552,0.23799582463465555,0.3146067415730337,0.08426966292134831,0.4062165058949625,0.3162700964630225,0.24311926605504589,4.442,0.29800175154877817
671739,Michael Harris,L,ATL,5,Tyler Glasnow,R,607192.0,824881,LAD @ ATL,4:15 PM,25/08,Pre-Game,0.6118834764630946,,,,False,1011111111,live,8,1,0.125,1,2023,0.3128157493166982,0.3333760468265656,0.4272725727730675,0.38597749447539154,0.2147473714526738,20,2,0.021088818302440637,1.018,83.3,A,0.32781456953642385,4.9498848080817135,0.39981652533563333,0.35897497579185195,7,111,0,0.2792207792207792,0.30030959752321984,0.5442404006677797,0.4557595993322204,0.0,0.25994236311239194,0.2402287893231649,0.31736526946107785,0.2636500754147813,0.2730627306273063,288,0.32038834951456313,217,False,False,0.6584623877302326,-0.04657891126713798,3.816,4.04,125,,,,,,,0.10335172070102985,20,2.72,0.83,39.2,3.0,0.0,49.0,13.0,0.0,0.0,0.0,7.0,SP,7.0,148.0,20.0,21.1,11.12,2.95,4.54,1.13,20.523350892195676,0.0383879521083339,7,1.0,12.0,7,6,0,0,0.0,4.054057929271344,0.01647549905985422,0.29540481400437635,0.1958762886597938,0.03711340206185567,0.4878453038674033,0.3666574585635359,0.14457831325301204,4.024,0.3040425715846005
669016,Brandon Marsh,L,PHI,7,George Kirby,R,669923.0,823098,PHI @ SEA,6:40 PM,25/08,Scheduled,0.6113012993508431,,,,False,0100111010,estimated,6,0,0.0,1,2022,0.24304205859289962,0.2846144681086235,0.38408510508771454,0.30562297801442356,0.16845167047040527,20,1,-0.0177027583367641,0.906,44.4,D,0.26469248291571756,3.3600197201000532,0.43417298448544217,0.18560381057364803,20,5,0,0.2857142857142857,0.2680115273775216,0.5287671232876713,0.3963470319634703,0.07488584474885844,0.2549246813441483,0.23577981651376148,0.2616632860040568,0.2493968636911942,0.25301204819277107,267,0.2955665024630542,222,False,False,0.5935366385892733,0.017764660761569795,3.6451612903225805,3.943548387096774,124,,,,,,,0.08723278568425642,20,4.18,1.36,140.0,8.0,10.0,117.0,33.0,0.0,0.0,0.0,24.0,SP,24.0,587.0,157.0,24.5,7.52,2.12,10.09,1.09,23.837857570836032,-0.019926299350843113,4,0.5714285714285714,-15.0,7,6,0,0,0.0,3.7118258129896433,0.06829681141325566,0.275,0.24842105263157896,0.04842105263157895,0.45419254658385094,0.3591669254658385,0.2791519434628975,3.76,0.36490178504984117
663886,Tyler Stephenson,R,CIN,4,Adrian Houser,R,605288.0,823181,CIN @ SF,6:45 PM,25/08,Scheduled,0.6105069594371221,,,,False,0100000111,estimated,11,4,0.36363636363636365,1,2022,0.25574891388315374,0.29430178075475133,0.3526891021197143,0.4247660201846762,0.3636431641649833,20,1,0.03503918856615951,0.994,59.2,C,0.25205158264947247,2.571550441286369,0.3732943695308692,0.1569299391499639,20,6,0,0.2222222222222222,0.2572614107883817,0.6715542521994134,0.16774193548387098,0.16070381231671554,0.23736075407026563,0.2388419782870929,0.17482517482517482,0.22965879265091863,0.22598870056497175,201,0.27586206896551724,167,False,False,0.5825111734719668,0.027995785965155284,3.22,3.68,100,,,,,,,-0.1262752306366107,20,4.08,1.31,108.0,4.0,7.0,73.0,34.0,0.0,0.0,0.0,15.0,SP,25.0,464.0,108.0,18.6,6.08,2.83,9.0,1.25,16.342692804013996,-0.02556695943712206,5,0.5555555555555556,-4.0,5,7,0,0,0.0,3.9087369299077044,0.08713231565552783,0.24210526315789474,0.2880184331797235,0.0967741935483871,0.469281045751634,0.3474372549019608,0.22674418604651161,4.159,0.3073890946381798
660821,Jesús Sánchez,L,TOR,5,Seth Lugo,R,607625.0,822773,KC @ TOR,4:07 PM,25/08,Pre-Game,0.6097113944325859,,,,False,1100000101,estimated,8,1,0.125,1,2023,0.16461887033860764,0.272104326506079,0.4301355995507678,0.2812680655978585,0.3316206990732301,20,4,0.0939156778591265,0.995,34.9,F,0.26378794356562635,2.3624311043039183,0.4484878185877034,0.16624889689710257,20,6,0,0.17647058823529413,0.2703862660944206,0.5158254918733961,0.3939264328485885,0.0902480752780154,0.2858376511226252,0.22541966426858512,0.2702020202020202,0.2721294891249368,0.29559748427672955,178,0.2087912087912088,99,False,False,0.5757111121703745,0.03400028226221141,2.840909090909091,3.147727272727273,88,,,,,,,-0.06612848999398747,20,4.71,1.38,145.1,5.0,7.0,111.0,46.0,0.0,0.0,0.0,26.0,SP,26.0,619.0,155.0,23.8,6.87,2.85,9.6,0.99,23.566561946405876,-0.01810028332147473,9,1.0,15.0,7,6,0,0,0.0,2.9248228987569216,0.14023578685653754,0.24925816023738873,0.24468085106382978,0.07446808510638298,0.43741496598639457,0.3239530612244898,0.28732394366197184,4.024,0.27360640784769436
800325,Luis Lara,L,MIL,7,Zac Thornton,L,804267.0,823585,MIL @ NYM,4:10 PM,25/08,Pre-Game,0.6097113944325859,,,,False,0110110111,estimated,0,0,0.0,0,0,0.2801497200972585,0.34621228793219005,0.3741481533945023,0.3610597009059731,0.22708206475509998,20,2,-0.012500000000000011,0.949,44.1,D,0.2449255751014885,2.549465294078219,0.410501433405891,0.17785154300682526,9,7,0,0.25,0.2625,0.6571815718157181,0.3048780487804878,0.037940379403794036,0.20930232558139536,0.2422680412371134,0.13114754098360656,0.2118421052631579,0.18518518518518517,61,0.3333333333333333,61,True,True,0.5864198521107045,0.023291542321881464,3.176470588235294,3.588235294117647,34,,,,,,,-0.02436644569324334,20,3.04,1.15,50.1,3.0,4.0,36.0,14.0,0.0,0.0,0.0,9.0,SP,9.0,200.0,44.0,22.2,6.44,2.5,7.87,1.07,22.305726557129013,-0.02819710871830028,7,0.7777777777777778,-1.0,7,6,0,0,0.0,3.701466840598153,0.04309211304511382,0.2631578947368421,0.20270270270270271,0.08783783783783784,0.4174757281553398,0.28793203883495144,0.1935483870967742,3.76,0.3118053372838203
641933,Tyler O'Neill,R,BAL,4,,R,,823016,BAL @ STL,4:45 PM,25/08,Scheduled,0.6097113944325859,,,,False,0111110000,estimated,0,0,0.0,0,0,0.23729761865855584,0.3484802697754979,0.4367893793406903,0.2887752034638477,0.22336824492905252,20,3,0.001571091908876665,1.031,,,,,,,0,0,0,0.208955223880597,0.21052631578947367,,,,0.19672131147540983,0.15531914893617021,0.13090909090909092,0.17409638554216866,0.15702479338842976,137,0.26851851851851855,120,False,False,0.5741731410721219,0.03553825336046401,2.792682926829268,3.1341463414634148,82,,,,,,,-0.24413294975714306,20,,,,,,,,,,,,,,,,,,,,,,-0.007811394432585939,9,1.0,30.0,7,6,0,0,-1.0,3.509396492118047,0.10094177518618304,0.2057142857142857,0.2607594936708861,0.10379746835443038,0.41565452091767885,0.31570445344129555,,4.159,0.3190486082316438
680869,Zack Gelof,R,ATH,3,Taj Bradley,R,671737.0,824962,MIN @ ATH,6:40 PM,25/08,Scheduled,0.6097113944325859,,,,False,0110100001,estimated,0,0,0.0,0,0,0.1552394673154666,0.2885245650149698,0.42145448950925746,0.22868500981899778,0.2714266231730299,20,1,-0.05532725865046753,0.977,51.0,C,0.27904092600248037,2.325372378945533,0.4517213856391622,0.2659295274531702,20,6,0,0.2988505747126437,0.24352331606217617,0.7067824648469809,0.09222497932175351,0.20099255583126552,0.24862313139260425,0.23469387755102042,0.28,0.24689589302769818,0.2345679012345679,178,0.2966101694915254,130,False,False,0.6014258338093174,0.008285560623268573,3.6363636363636362,4.0,77,,,,,,,-0.20884151849901864,20,3.9,1.28,140.2,9.0,5.0,158.0,62.0,0.0,0.0,0.0,25.0,SP,25.0,599.0,118.0,24.0,10.11,3.97,7.55,1.22,23.94039022020522,-0.006228061099252558,6,0.75,-7.0,7,7,0,0,0.0,4.231246446764415,0.08955846556257223,0.22966507177033493,0.30952380952380953,0.07142857142857142,0.4160606060606061,0.2937890909090909,0.23853211009174313,4.25,0.35544513435863745
663457,Lars Nootbaar,L,AZ,5,Clay Holmes,R,605280.0,825042,CHC @ AZ,6:40 PM,25/08,Scheduled,0.6097113944325859,,,,False,0001101100,estimated,7,1,0.14285714285714285,1,2023,0.17919295123120918,0.26922845474695845,0.4074788196328385,0.2219713210038714,0.12579310625668674,20,1,-0.02212290502793296,1.0,45.9,D,0.26973684210526316,2.1112838673796923,0.4232290436131771,0.17286313035905398,12,6,0,0.24,0.21787709497206703,0.581766917293233,0.26785714285714285,0.15037593984962405,0.21971496437054633,0.22121896162528218,0.20059880239520958,0.21714990746452806,0.2222222222222222,125,0.21875,112,False,False,0.5928846491642994,0.016826745268286536,3.238095238095238,3.761904761904762,63,,,,,,,-0.0909596669107149,20,2.49,1.11,68.2,5.0,6.0,50.0,23.0,0.0,0.0,0.0,12.0,SP,12.0,278.0,53.0,23.2,6.55,3.01,6.95,0.52,22.960655497093345,-0.019886394432585885,4,0.6666666666666666,36.0,6,6,0,0,0.0,3.5000697922673356,0.07860981186975213,0.2327790973871734,0.1941544885177453,0.10438413361169102,0.4771341463414634,0.29994512195121953,0.22077922077922077,4.024,0.29526760530665064
592518,Manny Machado,R,SD,3,Paul Skenes,R,694973.0,823259,PIT @ SD,6:40 PM,25/08,Scheduled,0.6080231125688703,-127.0,144.0,56.0,False,1001101010,estimated,0,0,0.0,0,0,0.2227290334191725,0.3697134570226622,0.5199082880950473,0.25514912408869506,0.17265101303618446,20,1,-0.0785182010808752,0.954,50.4,C,0.2788088044885628,3.200134471424085,0.42012905845054893,0.2968011332894177,20,6,0,0.27350427350427353,0.19498607242339833,0.5196374622356495,0.23521795425118688,0.24514458351316357,0.19825327510917032,0.20091673032849502,0.24946695095948826,0.2048577036310108,0.22039473684210525,338,0.20348837209302326,210,False,False,0.6347101619833964,-0.026687049414526043,3.71875,4.28125,128,,,,,,,0.055840979050496856,20,3.95,1.14,139.0,9.0,11.0,171.0,41.0,0.0,0.0,0.0,26.0,SP,26.0,573.0,118.0,22.0,11.07,2.65,7.64,0.91,22.786293599839624,0.009510220764463062,6,0.6666666666666666,2.0,7,6,0,0,0.0,4.49266025086552,0.15368541052055296,0.21777777777777776,0.2178988326848249,0.09922178988326848,0.4635108481262327,0.3285458579881657,0.24170616113744076,4.25,0.30477878221078775
664040,Brandon Lowe,L,PIT,2,Mike King,R,650633.0,823259,PIT @ SD,6:40 PM,25/08,Scheduled,0.6074384544483844,,,,False,1111101110,estimated,8,1,0.125,1,2023,0.23540569540327455,0.32229877560378295,0.5529161938665922,0.44682901236501227,0.40016590975182503,20,1,0.062363594149059676,0.954,72.6,B,0.2838174273858921,2.2268933021407356,0.30392534581999453,0.19924265127118618,20,6,0,0.2033898305084746,0.26575342465753427,0.4717842323651452,0.25228215767634854,0.27593360995850624,0.24413145539906103,0.22190812720848058,0.2708978328173375,0.2425531914893617,0.2517482517482518,323,0.24873096446700507,218,False,False,0.6257848711178438,-0.018346416669459353,3.959016393442623,4.434426229508197,122,,,,,,,0.06606174109651851,20,3.38,1.17,149.0,8.0,9.0,128.0,58.0,0.0,0.0,0.0,26.0,SP,26.0,610.0,117.0,23.5,7.73,3.5,7.07,1.09,23.89257183241016,0.011436545551615662,4,0.5,11.0,7,6,0,0,0.0,4.333031805234346,0.07576278676604517,0.25263157894736843,0.29135338345864664,0.08834586466165413,0.4651041666666667,0.35614375,0.2215568862275449,4.35,0.2665206362982079
572233,Christian Walker,R,HOU,6,Will Warren,R,701542.0,823505,HOU @ NYY,4:05 PM,25/08,Pre-Game,0.6073470968639688,-133.0,138.0,57.0,False,0010000111,estimated,0,0,0.0,0,0,0.21805356172542167,0.2962555412646559,0.32931639868215795,0.2765550337815199,0.22332480154521284,20,2,-0.026294388723231227,1.007,31.2,F,0.2848975702715579,2.232985165886097,0.4895624016548738,0.21363220326764623,20,6,0,0.25210084033613445,0.22580645161290322,0.6319809069212411,0.24391408114558472,0.12410501193317422,0.20128904313336637,0.21838177533385703,0.26285714285714284,0.21306974190005493,0.2222222222222222,310,0.24861878453038674,204,False,False,0.5871949010459282,0.02015219581804062,3.7096774193548385,4.145161290322581,124,,,,,,,0.08136489546915096,20,4.43,1.4,122.0,8.0,6.0,122.0,43.0,0.0,0.0,0.0,24.0,SP,25.0,535.0,128.0,21.4,9.0,3.17,9.44,1.4,20.740702023179768,0.004819569802697932,9,1.0,12.0,7,6,0,0,1.0,4.2007140782762,0.07439225921333037,0.23146067415730337,0.24193548387096775,0.07661290322580645,0.4071794871794872,0.3038707692307692,0.2608695652173913,3.896,0.29049470352001544
694384,Nolan Schanuel,L,LAA,4,Gavin Williams,R,668909.0,823989,CLE @ LAA,6:38 PM,25/08,Scheduled,0.6057265585659167,,,,False,1010111100,estimated,0,0,0.0,0,0,0.31812014496655455,0.3627828560856176,0.32841204326989126,0.32033851302656674,0.07547004977463179,20,5,0.034280936454849475,0.979,65.6,B,0.3300773300773301,5.012321876575042,0.4561378548530564,0.35266907489102794,20,5,0,0.25,0.2842809364548495,0.4921681780708986,0.5078318219291014,0.0,0.26839565741857657,0.28072289156626506,0.3182711198428291,0.2804918577600532,0.2815126050420168,268,0.2684563758389262,173,False,False,0.6483438590242386,-0.042617300458321905,3.6857142857142855,4.2,105,,,,,,,-0.025174509893111863,20,3.72,1.09,154.2,12.0,7.0,201.0,48.0,0.0,0.0,0.0,26.0,SP,26.0,621.0,120.0,23.9,11.7,2.79,6.98,1.45,23.518895940557318,0.03584010810074989,6,0.75,16.0,7,7,0,0,0.0,4.145581127565167,0.10504021745774807,0.2680652680652681,0.13360323886639677,0.10526315789473684,0.3283287419651056,0.3263085399449036,0.19142857142857142,4.159,0.29800175154877817
645277,Ozzie Albies,L,ATL,6,Tyler Glasnow,R,607192.0,824881,LAD @ ATL,4:15 PM,25/08,Pre-Game,0.6053103663476004,,,,False,0001111011,live,7,0,0.0,1,2023,0.19568106723084824,0.22463211286289808,0.20365117457577842,0.24839690160545094,0.12675252064493464,20,2,-0.0759161005603213,1.018,83.3,A,0.32781456953642385,4.9498848080817135,0.39981652533563333,0.35897497579185195,7,111,0,0.29850746268656714,0.22259136212624583,0.5442404006677797,0.4557595993322204,0.0,0.24726477024070023,0.24793388429752067,0.2350061199510404,0.2453889334402566,0.2621359223300971,340,0.23834196891191708,219,False,False,0.6366734202490015,-0.03136305390140115,3.83206106870229,4.267175572519084,131,,,,,,,0.06314923736545931,20,2.72,0.83,39.2,3.0,0.0,49.0,13.0,0.0,0.0,0.0,7.0,SP,7.0,148.0,20.0,21.1,11.12,2.95,4.54,1.13,20.523350892195676,0.026561062223828258,7,1.0,12.0,7,6,0,0,0.0,4.001832986505993,0.0877703496837791,0.24726477024070023,0.14090019569471623,0.0684931506849315,0.2847619047619047,0.27007186147186146,0.14457831325301204,3.896,0.3040425715846005
668904,Royce Lewis,R,MIN,6,Gage Jump,L,695611.0,824962,MIN @ ATH,6:40 PM,25/08,Scheduled,0.6048637807947762,,,,False,0111010001,estimated,0,0,0.0,0,0,0.2290123542994435,0.36523461391782513,0.3024284244613136,0.30246714889715587,0.182754957149899,20,1,0.0065729078691293685,0.977,37.8,D,0.2811853893866299,2.077110401733848,0.39472420455819124,0.24422044088998468,16,5,0,0.23893805309734514,0.23236514522821577,0.5162629757785467,0.3972318339100346,0.08650519031141868,0.20533728687916974,0.25060240963855424,0.24860335195530725,0.22611089264648054,0.23115577889447236,217,0.23870967741935484,176,False,True,0.5914748357420557,0.01338894505272048,3.6875,4.09375,96,,,,,,,0.003545506949103988,20,4.83,1.51,82.0,5.0,8.0,88.0,40.0,0.0,0.0,0.0,16.0,SP,16.0,361.0,84.0,22.6,9.66,4.39,9.22,0.99,22.66855374605637,0.005019552538557126,6,0.6666666666666666,-10.0,5,6,0,0,0.0,4.083746138656481,0.03515440743869094,0.2288329519450801,0.25260960334029225,0.0709812108559499,0.3971518987341772,0.31490506329113926,0.27350427350427353,3.896,0.36707965170148615
682674,Victor Bericoto,R,SF,5,Brady Singer,R,663903.0,823181,CIN @ SF,6:45 PM,25/08,Scheduled,0.6041799716613573,,,,False,0011010001,estimated,0,0,0.0,0,0,0.2230359271291071,0.31625138463350916,0.5311033202728002,0.2996847297555475,0.2909433457150472,20,2,-0.052029731275014285,0.994,53.4,C,0.28596568411790585,2.420062388236224,0.40294190472031977,0.18909806764091744,20,5,0,0.2641509433962264,0.21212121212121213,0.5884683098591549,0.41153169014084506,0.0,0.27986348122866894,0.15760869565217392,0.34108527131782945,0.2553542009884679,0.2692307692307692,52,0.20588235294117646,35,True,False,0.5925852310494784,0.011594740611878929,2.8666666666666667,2.9,30,,,,,,,-0.01970681003421435,20,4.72,1.42,131.2,5.0,11.0,107.0,43.0,0.0,0.0,0.0,25.0,SP,25.0,583.0,144.0,23.3,7.31,2.94,9.84,1.71,24.501867900341704,-0.012679971661357259,6,0.75,17.0,7,7,0,0,0.0,3.259579367973591,0.008873472240048974,0.24509803921568626,0.26666666666666666,0.01904761904761905,0.47297297297297297,0.2512162162162162,0.22580645161290322,4.024,0.35124721020361643
621566,Matt Olson,L,ATL,3,Tyler Glasnow,R,607192.0,824881,LAD @ ATL,4:15 PM,25/08,Pre-Game,0.6041799716613573,-138.0,144.0,58.0,False,0111010110,live,6,1,0.16666666666666666,1,2023,0.2124962314874906,0.3768335108508785,0.49314244490854214,0.3034170920354756,0.3138881869156343,20,2,0.019268351772591424,1.018,83.3,A,0.32781456953642385,4.9498848080817135,0.39981652533563333,0.35897497579185195,7,111,0,0.24630541871921183,0.26557377049180325,0.5442404006677797,0.4557595993322204,0.0,0.2550824702723437,0.2455892731122089,0.2560553633217993,0.2524398178269356,0.247557003257329,343,0.2736318407960199,227,False,False,0.6427924380858497,-0.03861246642449245,3.877862595419847,4.351145038167939,131,,,,,,,-0.11234606212982096,20,2.72,0.83,39.2,3.0,0.0,49.0,13.0,0.0,0.0,0.0,7.0,SP,7.0,148.0,20.0,21.1,11.12,2.95,4.54,1.13,20.523350892195676,0.02564859976721401,7,1.0,12.0,7,6,0,0,0.0,4.158301280613327,0.05361690411068705,0.25806451612903225,0.2471264367816092,0.09195402298850575,0.5041666666666667,0.3489047619047619,0.14457831325301204,4.25,0.3040425715846005
686797,Brooks Lee,L,MIN,8,Gage Jump,L,695611.0,824962,MIN @ ATH,6:40 PM,25/08,Scheduled,0.6041799716613573,,,,False,0110110111,estimated,0,0,0.0,0,0,0.2660165919978357,0.2891252855664152,0.4659336393843488,0.32088150204085064,0.16761663114772163,20,1,-0.046518340882849285,0.977,37.8,D,0.2811853893866299,2.077110401733848,0.39472420455819124,0.24422044088998468,16,5,0,0.2158273381294964,0.2623456790123457,0.5162629757785467,0.3972318339100346,0.08650519031141868,0.2496493688639551,0.24144672531769307,0.24903225806451612,0.2466687325689495,0.26037735849056604,279,0.23232323232323232,224,False,True,0.6039337069574967,0.00024626470386057697,3.7642276422764227,4.0894308943089435,123,,,,,,,0.15181878484195074,20,4.83,1.51,82.0,5.0,8.0,88.0,40.0,0.0,0.0,0.0,16.0,SP,16.0,361.0,84.0,22.6,9.66,4.39,9.22,0.99,22.66855374605637,3.669500530945058e-05,6,0.6666666666666666,-10.0,5,6,0,0,0.0,3.9145033092836186,0.014308075796317255,0.25,0.15853658536585366,0.06707317073170732,0.32887700534759357,0.27282085561497327,0.25,3.599,0.36707965170148615
666126,Carlos Cortes,L,ATH,4,Taj Bradley,R,671737.0,824962,MIN @ ATH,6:40 PM,25/08,Scheduled,0.6039337069574967,,,,False,1110011110,estimated,0,0,0.0,0,0,0.2080437379677423,0.2550673492989742,0.21997034653569428,0.26648524973972887,0.24462306101580047,20,1,-0.02911051212938004,0.977,51.0,C,0.27904092600248037,2.325372378945533,0.4517213856391622,0.2659295274531702,20,6,0,0.2857142857142857,0.25660377358490566,0.7067824648469809,0.09222497932175351,0.20099255583126552,0.2792207792207792,0.2453151618398637,0.24829157175398633,0.26499118165784835,0.26993865030674846,188,0.23853211009174313,120,False,False,0.6084806964179567,-0.004546989460459949,2.804123711340206,3.1752577319587627,97,,,,,,,-0.10523233923381264,20,3.9,1.28,140.2,9.0,5.0,158.0,62.0,0.0,0.0,0.0,25.0,SP,25.0,599.0,118.0,24.0,10.11,3.97,7.55,1.22,23.94039022020522,-0.00016704029083014493,6,0.75,-7.0,7,7,0,0,0.0,3.2993291549562858,0.0913597325540562,0.26332288401253917,0.15406162464985995,0.08123249299719888,0.3996212121212121,0.3035164141414141,0.2108626198083067,4.159,0.35544513435863745
669394,Jake Burger,R,TEX,6,Anthony Kay,L,641743.0,824556,TEX @ CWS,4:40 PM,25/08,Scheduled,0.602617764217078,,,,False,0111100001,estimated,0,0,0.0,0,0,0.2672304165008406,0.37258770388508705,0.5353205757673366,0.3634518352635453,0.2529567704113369,20,1,-0.014475010802246863,0.968,59.4,C,0.26357969723953695,2.8812797243509274,0.3865519487154837,0.19879053430455748,20,5,0,0.22137404580152673,0.2358490566037736,0.5681211041852182,0.29118432769367764,0.14069456812110417,0.19612742036227357,0.20123361603700848,0.20347394540942929,0.1977129100210653,0.20437956204379562,300,0.2742857142857143,194,False,False,0.5812919887316544,0.02132577548542358,3.620967741935484,3.9838709677419355,124,,,,,,,-0.026251439707749433,20,3.96,1.33,127.1,9.0,6.0,104.0,45.0,0.0,0.0,0.0,24.0,SP,26.0,565.0,124.0,21.7,7.35,3.18,8.76,1.13,22.459505460909742,-0.03356776421707808,6,0.6,4.0,7,7,0,0,0.0,3.6947678817137772,0.1111842576936158,0.22811059907834103,0.2605042016806723,0.07563025210084033,0.4627956989247312,0.3212725806451613,0.28,3.896,0.32153169195953374
687952,Christian Encarnacion-Strand,R,BAL,6,,R,,823016,BAL @ STL,4:45 PM,25/08,Scheduled,0.5994579016439249,,,,False,0111100000,estimated,0,0,0.0,0,0,0.12965613729879893,0.2807908090778437,0.3233627203887136,0.20064587803363887,0.36672610541638845,20,2,-0.035714285714285726,1.031,,,,,,,0,0,0,0.25,0.21428571428571427,,,,0.2360097323600973,0.20567375886524822,0.2736842105263158,0.23493044822256567,0.2708333333333333,52,0.1875,52,False,False,0.5594133458761592,0.040044555767765666,3.310344827586207,3.586206896551724,29,,,,,,,-0.22383687538280603,20,,,,,,,,,,,,,,,,,,,,,,-0.009946790532813665,9,1.0,30.0,7,6,0,0,-1.0,3.450089991094252,0.02860729136473971,0.2331002331002331,0.24891774891774893,0.045454545454545456,0.39171974522292996,0.2811337579617834,,3.896,0.3190486082316438
695600,Carter Jensen,L,KC,5,Max Scherzer,R,453286.0,822773,KC @ TOR,4:07 PM,25/08,Pre-Game,0.5986765535792412,,,,False,0001111100,estimated,0,0,0.0,0,0,0.1380513792985597,0.2894363584663964,0.4849668363245073,0.19587747476653436,0.2558815054108462,20,2,0.04073172336645389,0.995,51.0,C,0.22422062350119903,1.5130881988599554,0.31871999785160415,0.161693553189709,11,6,0,0.18681318681318682,0.2275449101796407,0.5126050420168067,0.33133253301320525,0.15606242496998798,0.1848218895198761,0.20110192837465565,0.21839080459770116,0.19665844973979732,0.2131782945736434,283,0.2275449101796407,200,False,False,0.5696688956962673,0.02900765788297388,3.512396694214876,3.9917355371900825,121,,,,,,,-0.2550633462139007,20,7.4,1.51,45.0,1.0,6.0,32.0,20.0,0.0,0.0,0.0,11.0,SP,11.0,202.0,48.0,18.4,6.4,4.0,9.6,2.4,18.75342280610798,-0.02616405357924123,8,1.0,13.0,7,6,0,0,1.0,3.867088065497603,0.1348262273817109,0.21933962264150944,0.2883817427385892,0.1016597510373444,0.43450292397660817,0.30160000000000003,0.29464285714285715,4.024,0.2941783591610024
693307,Dillon Dingler,R,DET,4,Ian Seymour,L,693855.0,824233,TB @ DET,3:40 PM,25/08,Pre-Game,0.5980480882216811,,,,False,0001100011,estimated,0,0,0.0,0,0,0.15483758725764857,0.3252109108372057,0.3038349407902529,0.24149203708468153,0.2942030546467079,20,1,-0.01688637790332706,1.004,86.4,A,0.3176829268292683,4.102701388312715,0.36645857092282924,0.28893695811191183,20,5,0,0.24074074074074073,0.2576271186440678,0.41784615384615387,0.27876923076923077,0.30338461538461536,0.24431543299467828,0.20978260869565218,0.2698072805139186,0.23837041317538285,0.25,277,0.25365853658536586,231,False,False,0.6189332594222137,-0.02088517120053257,3.808333333333333,4.233333333333333,120,,,,,,,-0.0984748530671513,20,4.17,1.14,101.1,9.0,4.0,123.0,32.0,2.0,0.0,2.0,11.0,RP,40.0,421.0,84.0,10.5,10.92,2.84,7.46,1.6,18.808817542508518,0.027168578444985547,6,0.6666666666666666,-9.0,7,6,0,0,0.0,4.385042667183787,0.04332000043692426,0.25272331154684097,0.2220039292730845,0.060903732809430254,0.42808285163776494,0.36131358381502887,0.19246861924686193,4.159,0.3240812892663866
687551,Drew Gilbert,L,SF,7,Brady Singer,R,663903.0,823181,CIN @ SF,6:45 PM,25/08,Scheduled,0.5980480882216811,,,,False,0110001001,estimated,0,0,0.0,0,0,0.22890973518221872,0.40306553353885105,0.5118186402132899,0.3294857348862384,0.3549048968067853,20,1,0.11306498145349636,0.994,53.4,C,0.28596568411790585,2.420062388236224,0.40294190472031977,0.18909806764091744,20,5,0,0.13793103448275862,0.250996015936255,0.5884683098591549,0.41153169014084506,0.0,0.27085377821393525,0.23440453686200377,0.29042904290429045,0.26278944534194937,0.28169014084507044,159,0.1956521739130435,160,False,False,0.5643604596291694,0.03368762859251173,2.7184466019417477,3.0970873786407767,103,,,,,,,-0.0033047899249309376,20,4.72,1.42,131.2,5.0,11.0,107.0,43.0,0.0,0.0,0.0,25.0,SP,25.0,583.0,144.0,23.3,7.31,2.94,9.84,1.71,24.501867900341704,-0.03353142155501443,6,0.75,17.0,7,7,0,0,0.0,3.393508529530714,0.0788079345603088,0.22492401215805471,0.184,0.088,0.3352564102564103,0.2974102564102564,0.30177514792899407,3.76,0.35124721020361643
691723,Coby Mayo,R,BAL,5,,R,,823016,BAL @ STL,4:45 PM,25/08,Scheduled,0.5937508599470954,,,,False,0001110010,estimated,0,0,0.0,0,0,0.21732944820367486,0.34002927379292874,0.41737363227811275,0.2907949054106098,0.3545964604716762,20,2,-0.08845208845208846,1.031,,,,,,,0,0,0,0.2702702702702703,0.18181818181818182,,,,0.20821661998132587,0.20310765815760268,0.2727272727272727,0.2154648132059079,0.21264367816091953,192,0.21481481481481482,145,False,False,0.5676412905724529,0.026109569374642483,3.1530612244897958,3.438775510204082,98,,,,,,,-0.042869553988010005,20,,,,,,,,,,,,,,,,,,,,,,0.006182473386238008,9,1.0,30.0,7,6,0,0,-1.0,3.4923888960160245,0.05215109591360911,0.22641509433962265,0.3155339805825243,0.0825242718446602,0.45228215767634855,0.3335850622406639,,4.024,0.3190486082316438
592663,J. T. Realmuto,R,PHI,8,George Kirby,R,669923.0,823098,PHI @ SEA,6:40 PM,25/08,Scheduled,0.5928846491642994,,,,False,0010101111,estimated,0,0,0.0,0,0,0.2665747653903826,0.36372577677978024,0.4281519246518017,0.31241476892053516,0.18697544141755296,20,1,-0.03572597615150805,0.906,44.4,D,0.26469248291571756,3.3600197201000532,0.43417298448544217,0.18560381057364803,20,5,0,0.25274725274725274,0.2170212765957447,0.5287671232876713,0.3963470319634703,0.07488584474885844,0.22985957132298596,0.20178799489144317,0.20522388059701493,0.22084367245657568,0.25,195,0.2,174,False,False,0.5825111734719668,0.010373475692332601,3.3958333333333335,3.84375,96,,,,,,,-0.012591778465687736,20,4.18,1.36,140.0,8.0,10.0,117.0,33.0,0.0,0.0,0.0,24.0,SP,24.0,587.0,157.0,24.5,7.52,2.12,10.09,1.09,23.837857570836032,-0.01858464916429936,4,0.5714285714285714,-15.0,7,6,0,0,0.0,3.9963048995267973,0.08789602108447078,0.22469135802469137,0.20607375271149675,0.0737527114967462,0.41639784946236563,0.3278935483870968,0.29213483146067415,3.599,0.36490178504984117
545361,Mike Trout,R,LAA,3,Gavin Williams,R,668909.0,823989,CLE @ LAA,6:38 PM,25/08,Scheduled,0.5928846491642994,-113.0,117.0,53.0,False,1100100111,estimated,0,0,0.0,0,0,0.21907881944085675,0.32295766856007074,0.28688610580835927,0.28922006922963645,0.27448327226772645,20,1,-0.05157870739769746,0.979,65.6,B,0.3300773300773301,5.012321876575042,0.4561378548530564,0.35266907489102794,20,5,0,0.27419354838709675,0.2226148409893993,0.4921681780708986,0.5078318219291014,0.0,0.2539815590947192,0.23915343915343915,0.2952586206896552,0.2545027407987471,0.27547169811320754,312,0.16901408450704225,189,False,False,0.6088594005896425,-0.015974751425343103,3.6339285714285716,4.473214285714286,112,,,,,,,0.045884267762622735,20,3.72,1.09,154.2,12.0,7.0,201.0,48.0,0.0,0.0,0.0,26.0,SP,26.0,621.0,120.0,23.9,11.7,2.79,6.98,1.45,23.518895940557318,0.02673201750236731,6,0.75,16.0,7,7,0,0,0.0,4.348560296789742,0.09940055342690925,0.24881516587677724,0.2567049808429119,0.15134099616858238,0.4739583333333333,0.36997453703703703,0.24311926605504589,4.25,0.29800175154877817
701678,Hao-Yu Lee,R,DET,2,Ian Seymour,L,693855.0,824233,TB @ DET,3:40 PM,25/08,Pre-Game,0.5911754176272346,,,,False,0101011110,estimated,0,0,0.0,0,0,0.28136869316713425,0.32844381512872517,0.39618556475548805,0.3428960721264468,0.15793096238501478,20,1,-0.05275229357798167,1.004,86.4,A,0.3176829268292683,4.102701388312715,0.36645857092282924,0.28893695811191183,20,5,0,0.25,0.30275229357798167,0.41784615384615387,0.27876923076923077,0.30338461538461536,0.22924411400247832,0.2564102564102564,0.22727272727272727,0.23670793882010197,0.288135593220339,124,0.2616822429906542,118,True,False,0.6004744262695224,-0.009299008642287832,2.7777777777777777,2.9876543209876543,81,,,,,,,0.07090776538610026,20,4.17,1.14,101.1,9.0,4.0,123.0,32.0,2.0,0.0,2.0,11.0,RP,40.0,421.0,84.0,10.5,10.92,2.84,7.46,1.6,18.808817542508518,0.021574582372765327,6,0.6666666666666666,-9.0,7,6,0,0,0.0,2.983456936295513,0.10186859108948731,0.27232142857142855,0.23140495867768596,0.06198347107438017,0.38888888888888884,0.3086607142857143,0.19246861924686193,4.35,0.3240812892663866
701538,Jackson Merrill,L,SD,5,Paul Skenes,R,694973.0,823259,PIT @ SD,6:40 PM,25/08,Scheduled,0.590699786806832,-144.0,156.0,59.0,False,0011000110,estimated,0,0,0.0,0,0,0.2130404493849033,0.3420290721556536,0.41895548816000716,0.26545281103142826,0.3020406856078399,20,1,-0.035662431941923756,0.954,50.4,C,0.2788088044885628,3.200134471424085,0.42012905845054893,0.2968011332894177,20,6,0,0.2672413793103448,0.23157894736842105,0.5196374622356495,0.23521795425118688,0.24514458351316357,0.24850299401197604,0.22275334608030592,0.20054570259208732,0.23393939393939395,0.22697368421052633,328,0.2604166666666667,211,False,False,0.6166259214910631,-0.025926134684231106,3.905511811023622,4.244094488188976,127,,,,,,,-0.019894803455459367,20,3.95,1.14,139.0,9.0,11.0,171.0,41.0,0.0,0.0,0.0,26.0,SP,26.0,573.0,118.0,22.0,11.07,2.65,7.64,0.91,22.786293599839624,0.016083546526501347,6,0.6666666666666666,2.0,7,6,0,0,0.0,4.232203266118337,0.049685847402894404,0.24197002141327623,0.25,0.05905511811023622,0.4799019607843137,0.35500735294117647,0.21,4.024,0.30477878221078775
667472,Dane Myers,R,CIN,6,Adrian Houser,R,605288.0,823181,CIN @ SF,6:45 PM,25/08,Scheduled,0.5905909973739422,,,,False,1111101010,estimated,0,0,0.0,0,0,0.2338954251609621,0.2578464928221463,0.3542895666632443,0.28332877708343773,0.19033108795687811,20,1,-0.03143515470704408,0.994,59.2,C,0.25205158264947247,2.571550441286369,0.3732943695308692,0.1569299391499639,20,6,0,0.2661290322580645,0.23469387755102042,0.6715542521994134,0.16774193548387098,0.16070381231671554,0.23646408839779007,0.2709677419354839,0.24479166666666666,0.24744897959183673,0.2727272727272727,115,0.23577235772357724,142,False,False,0.5692536646069323,0.021337332767009887,2.5813953488372094,2.988372093023256,86,,,,,,,-0.06800742050263109,20,4.08,1.31,108.0,4.0,7.0,73.0,34.0,0.0,0.0,0.0,15.0,SP,25.0,464.0,108.0,18.6,6.08,2.83,9.0,1.25,16.342692804013996,-0.017750997373942146,5,0.5555555555555556,-4.0,5,7,0,0,0.0,3.8677542430193745,0.11896370521690025,0.23026315789473684,0.23782234957020057,0.11174785100286533,0.39969834087481143,0.3022194570135746,0.22674418604651161,3.896,0.3073890946381798
682987,Spencer Jones,L,NYY,6,Ethan Pecko,R,814490.0,823505,HOU @ NYY,4:05 PM,25/08,Pre-Game,0.5890534584030176,,,,False,0110111101,estimated,0,0,0.0,0,0,0.2639153765415304,0.34470371287682217,0.49872698557048933,0.3993885916355564,0.3401314231537115,20,2,-0.09496021220159151,1.007,50.0,C,0.23595505617977527,,,,1,6,0,0.3103448275862069,0.2153846153846154,0.7078651685393258,0.21348314606741572,0.07865168539325842,0.2679296346414073,0.24173027989821882,0.1989247311827957,0.2528301886792453,0.28,110,0.15254237288135594,69,True,True,0.5691305938305223,0.019922864572495258,2.890909090909091,3.2545454545454544,55,,,,,,,0.13832468985528956,20,4.91,1.64,3.2,0.0,0.0,4.0,3.0,0.0,0.0,0.0,1.0,SP,1.0,18.0,3.0,18.0,9.82,7.36,7.36,0.0,,-0.014670125069684237,6,0.8571428571428571,3.0,7,6,0,0,0.0,3.8259307382638283,0.0762842406124145,0.2413793103448276,0.3434343434343434,0.10101010101010101,0.5566037735849056,0.32761320754716977,0.16666666666666666,3.896,0.3334930694553643
681715,Heriberto Hernandez,R,MIA,2,Payton Tolle,L,801139.0,823826,BOS @ MIA,3:40 PM,25/08,Pre-Game,0.5878458729681606,,,,False,1110110111,live,0,0,0.0,0,0,0.2422038276020358,0.39585359216862603,0.4224181096131574,0.35512672996492495,0.28052062746468315,20,1,-0.0400441551520688,1.0,87.8,A,0.28539944903581266,4.534523580415639,0.3359334969901632,0.2953521182045311,20,6,0,0.20863309352517986,0.24867724867724866,0.8757592490336831,0.09221424627277747,0.03202650469353948,0.2106969205834684,0.20451843043995244,0.21842105263157896,0.21142162818955043,0.19298245614035087,193,0.27388535031847133,175,False,False,0.6161799435546106,-0.02833407058644999,3.28,3.68,100,,,,,,,-0.1208543621278559,20,3.08,1.08,120.0,8.0,6.0,134.0,33.0,0.0,0.0,0.0,21.0,SP,21.0,483.0,97.0,23.0,10.05,2.48,7.28,0.98,22.987331975222382,0.03492079369850598,6,0.75,12.0,7,6,0,0,0.0,4.280990595258357,0.14580245314235205,0.24010554089709762,0.26773455377574373,0.11441647597254005,0.5019083969465649,0.3572213740458015,0.2012779552715655,4.35,0.3083510417796791
702222,Justin Crawford,L,PHI,9,George Kirby,R,669923.0,823098,PHI @ SEA,6:40 PM,25/08,Scheduled,0.5872312595616559,,,,False,1011110100,estimated,0,0,0.0,0,0,0.2956985325990802,0.28420854965199843,0.4280824014865066,0.32234753247352954,0.05070310503255002,20,1,0.06959247648902822,0.906,44.4,D,0.26469248291571756,3.3600197201000532,0.43417298448544217,0.18560381057364803,20,5,0,0.2,0.26959247648902823,0.5287671232876713,0.3963470319634703,0.07488584474885844,0.2511380880121396,0.2863157894736842,0.25,0.2588635259834871,0.2808988764044944,193,0.24561403508771928,189,True,False,0.5792533192482171,0.007977940313438792,2.982905982905983,3.264957264957265,117,,,,,,,0.07127460374551405,20,4.18,1.36,140.0,8.0,10.0,117.0,33.0,0.0,0.0,0.0,24.0,SP,24.0,587.0,157.0,24.5,7.52,2.12,10.09,1.09,23.837857570836032,-0.0171062595616559,4,0.5714285714285714,-15.0,7,6,0,0,0.0,3.0270746996512052,0.043261722435448284,0.2709497206703911,0.18461538461538463,0.05384615384615385,0.3548951048951049,0.31245104895104897,0.2791519434628975,3.443,0.36490178504984117
680664,Eduardo Valencia,R,DET,5,Ian Seymour,L,693855.0,824233,TB @ DET,3:40 PM,25/08,Pre-Game,0.5867401476975357,,,,False,1111100001,estimated,0,0,0.0,0,0,0.2572211354957807,0.3017211320972399,0.4409827349896837,0.3242002315313246,0.29361434636832145,20,2,-0.13968253968253969,1.004,86.4,A,0.3176829268292683,4.102701388312715,0.36645857092282924,0.28893695811191183,20,5,0,0.28888888888888886,0.42857142857142855,0.41784615384615387,0.27876923076923077,0.30338461538461536,0.2987551867219917,0.18627450980392157,0.38636363636363635,0.29493087557603687,0.25,33,0.4117647058823529,35,True,False,0.5967782245894772,-0.010038076891941472,3.0,3.090909090909091,22,,,,,,,-0.03472560475200589,20,4.17,1.14,101.1,9.0,4.0,123.0,32.0,2.0,0.0,2.0,11.0,RP,40.0,421.0,84.0,10.5,10.92,2.84,7.46,1.6,18.808817542508518,0.025793185635797578,6,0.6666666666666666,-9.0,7,6,0,0,0.0,3.0981357041748656,0.012788167657420845,0.35384615384615387,0.26865671641791045,0.014925373134328358,0.48936170212765956,0.31974468085106383,0.19246861924686193,4.024,0.3240812892663866
806146,George Lombard,R,NYY,5,Ethan Pecko,R,814490.0,823505,HOU @ NYY,4:05 PM,25/08,Pre-Game,0.5861204339958833,,,,False,0011110101,estimated,0,0,0.0,0,0,0.2987084938094478,0.35439254469847487,0.3008824073763232,0.4346278821456851,0.26044768261415263,17,2,-0.34074074074074073,1.007,50.0,C,0.23595505617977527,,,,1,6,0,0.6,0.25925925925925924,0.7078651685393258,0.21348314606741572,0.07865168539325842,0.27049180327868855,0.26490066225165565,0.0,0.2523809523809524,0.25806451612903225,36,0.32142857142857145,30,True,True,0.5751477779368962,0.010972656058987118,3.4705882352941178,3.8823529411764706,17,,,,,,,0.2059580000967648,17,4.91,1.64,3.2,0.0,0.0,4.0,3.0,0.0,0.0,0.0,1.0,SP,1.0,18.0,3.0,18.0,9.82,7.36,7.36,0.0,,-0.013420433995883219,6,0.8571428571428571,3.0,7,6,0,0,0.0,3.8901420434130958,0.08581514241361358,0.2459016393442623,0.3188405797101449,0.10144927536231885,0.32905982905982906,0.35308974358974354,0.25,4.024,0.3334930694553643
808959,Munetaka Murakami,L,CWS,2,Jacob Degrom,R,594798.0,824556,TEX @ CWS,4:40 PM,25/08,Scheduled,0.585618435089707,,,,False,1101000101,estimated,0,0,0.0,0,0,0.1306641051983925,0.40557336016088763,0.4995117004348291,0.3585002737561444,0.4129416771329414,20,1,0.05895585738539899,0.968,57.4,C,0.3103286384976526,4.892810807083516,0.4850285737670969,0.30825080935478844,20,5,0,0.17894736842105263,0.23790322580645162,0.4414542020774315,0.43059490084985835,0.1279508970727101,0.23351648351648352,0.18829516539440203,0.21775898520084566,0.21327774214239897,0.22727272727272727,243,0.21379310344827587,172,True,False,0.5943301061169807,-0.00871167102727366,3.610526315789474,4.368421052631579,95,,,,,,,-0.08281270334277827,20,3.77,1.13,126.2,9.0,8.0,157.0,32.0,0.0,0.0,0.0,24.0,SP,24.0,518.0,111.0,21.6,11.16,2.27,7.89,1.21,21.303743768374897,0.02539823157695964,6,0.6666666666666666,7.0,6,7,0,0,0.0,4.389290844481517,0.1328976500414111,0.2231638418079096,0.32634032634032634,0.15151515151515152,0.588006230529595,0.34904906542056074,0.21254355400696864,4.35,0.3040009840263737
685133,Wade Meckler,L,LAA,2,Gavin Williams,R,668909.0,823989,CLE @ LAA,6:38 PM,25/08,Scheduled,0.5851089232514762,,,,False,1111100101,estimated,0,0,0.0,0,0,0.2671888206435481,0.2824551077339733,0.359356288325211,0.35095980802779253,0.1533520635817431,20,5,0.02716468590831922,0.979,65.6,B,0.3300773300773301,5.012321876575042,0.4561378548530564,0.35266907489102794,20,5,0,0.2631578947368421,0.2903225806451613,0.4921681780708986,0.5078318219291014,0.0,0.2987012987012987,0.2976190476190476,0.28530259365994237,0.29538061158100193,0.33088235294117646,147,0.2028985507246377,82,False,False,0.6050745691409428,-0.019965645889466588,3.0597014925373136,3.417910447761194,67,,,,,,,0.16648828705646856,20,3.72,1.09,154.2,12.0,7.0,201.0,48.0,0.0,0.0,0.0,26.0,SP,26.0,621.0,120.0,23.9,11.7,2.79,6.98,1.45,23.518895940557318,0.027874410081857093,6,0.75,16.0,7,7,0,0,0.0,3.8040969428840965,0.07932056124175975,0.2695035460992908,0.24921135646687698,0.0946372239747634,0.30049261083743845,0.3123694581280788,0.19142857142857142,4.35,0.29800175154877817
660670,Ronald Acuña,R,ATL,2,Tyler Glasnow,R,607192.0,824881,LAD @ ATL,4:15 PM,25/08,Pre-Game,0.5835856405220117,,,,False,0111010001,live,6,2,0.3333333333333333,1,2023,0.187955876174989,0.3627305887504277,0.3399651247867222,0.3115927239286135,0.29462225597746533,20,2,-0.016104585070102317,1.018,83.3,A,0.32781456953642385,4.9498848080817135,0.39981652533563333,0.35897497579185195,7,111,0,0.2413793103448276,0.22527472527472528,0.5442404006677797,0.4557595993322204,0.0,0.23040659988214496,0.22840409956076135,0.20977011494252873,0.2273060029282577,0.24870466321243523,227,0.2,121,False,False,0.6189170384266577,-0.03533139790464601,3.7721518987341773,4.405063291139241,79,,,,,,,0.04949620698269181,20,2.72,0.83,39.2,3.0,0.0,49.0,13.0,0.0,0.0,0.0,7.0,SP,7.0,148.0,20.0,21.1,11.12,2.95,4.54,1.13,20.523350892195676,0.027300073763702692,7,1.0,12.0,7,6,0,0,0.0,4.336523569979684,0.07109088809551577,0.24545454545454545,0.236084452975048,0.13051823416506717,0.47634069400630913,0.3502460567823344,0.1568627450980392,4.35,0.3040425715846005
664728,Kyle Isbel,L,KC,8,Max Scherzer,R,453286.0,822773,KC @ TOR,4:07 PM,25/08,Pre-Game,0.5835856405220117,,,,False,1011101111,estimated,0,0,0.0,0,0,0.24591603807396822,0.27891617278280506,0.3015702762931279,0.3052850768032931,0.2184897613999043,20,2,0.2167019027484144,0.995,51.0,C,0.22422062350119903,1.5130881988599554,0.31871999785160415,0.161693553189709,11,6,0,0.06818181818181818,0.28488372093023256,0.5126050420168067,0.33133253301320525,0.15606242496998798,0.2397590361445783,0.2005420054200542,0.2732919254658385,0.2327459618208517,0.24166666666666667,130,0.23958333333333334,109,False,False,0.5549058331290606,0.028679807392951062,3.0422535211267605,3.3661971830985915,71,,,,,,,0.11634564454164756,20,7.4,1.51,45.0,1.0,6.0,32.0,20.0,0.0,0.0,0.0,11.0,SP,11.0,202.0,48.0,18.4,6.4,4.0,9.6,2.4,18.75342280610798,-0.01489814052201166,8,1.0,13.0,7,6,0,0,1.0,3.6132871567279743,0.04479210433016571,0.25507246376811593,0.1958762886597938,0.06958762886597938,0.3881660470879802,0.2863531598513011,0.29464285714285715,3.599,0.2941783591610024
683083,Nasim Nuñez,L,WSH,8,,R,,822693,COL @ WSH,3:45 PM,25/08,Pre-Game,0.5832862224071905,,,,False,1011001000,estimated,0,0,0.0,0,0,0.10678684871595358,0.24713854017733586,0.24518718125012096,0.12863957967403106,0.16546375525602833,20,1,-0.03065134099616859,1.04,,,,,,,0,0,0,0.2413793103448276,0.210727969348659,,,,0.21178637200736647,0.19696969696969696,0.25679012345679014,0.21678321678321677,0.21674876847290642,234,0.22413793103448276,196,False,False,0.5343093278474901,0.048976894559700446,3.2782608695652176,3.739130434782609,115,,,,,,,-0.2066880038157501,20,,,,,,,,,,,,,,,,,,,,,,-0.0014237224071905752,8,0.8,5.0,5,7,0,0,0.0,3.8447632897863846,0.07314801508514332,0.22337662337662337,0.20270270270270271,0.11261261261261261,0.22627118644067798,0.28261016949152545,,3.599,0.34345917694454914
608348,Carson Kelly,R,CHC,9,Brandon Pfaadt,R,694297.0,825042,CHC @ AZ,6:40 PM,25/08,Scheduled,0.5828105915867879,,,,False,1101110111,estimated,0,0,0.0,0,0,0.28268933252181633,0.374607568011798,0.27578235008811414,0.3726746821769429,0.17390573044825475,20,1,-0.033374033374033385,1.0,67.6,B,0.2700877785280216,3.613850639966852,0.3665753865992995,0.18022322329720386,20,6,0,0.28205128205128205,0.24867724867724866,0.5462525320729237,0.28966914247130315,0.16407832545577314,0.2550218340611354,0.20262390670553937,0.30180180180180183,0.24163027656477437,0.2625,173,0.2602739726027397,170,False,False,0.5732676615032942,0.009542930083493717,3.3260869565217392,3.7282608695652173,92,,,,,,,0.18607378493920004,20,3.39,1.14,98.1,7.0,1.0,69.0,24.0,0.0,0.0,0.0,13.0,SP,23.0,403.0,88.0,17.5,6.32,2.2,8.05,1.01,18.807720990429505,-0.02151059158678792,7,0.7,24.0,6,6,0,0,0.0,3.931076171379012,0.04669573836507845,0.254320987654321,0.20575221238938052,0.08628318584070796,0.38461538461538464,0.28807692307692306,0.2073170731707317,3.443,0.3088278372024625
665750,Leody Taveras,L,BAL,8,,R,,823016,BAL @ STL,4:45 PM,25/08,Scheduled,0.5812726204885353,,,,False,0110110100,estimated,0,0,0.0,0,0,0.21692222658711333,0.27054768990466466,0.38305873527696593,0.28346911477756415,0.22186493667472656,20,2,0.033273915626856804,1.031,,,,,,,0,0,0,0.20202020202020202,0.23529411764705882,,,,0.20190023752969122,0.2116788321167883,0.18115942028985507,0.19992003198720512,0.2328042328042328,214,0.21818181818181817,187,False,False,0.5300875872466809,0.051185033241854416,3.2181818181818183,3.6454545454545455,110,,,,,,,-0.052095129447021736,20,,,,,,,,,,,,,,,,,,,,,,-0.02103928715520198,9,1.0,30.0,7,6,0,0,-1.0,3.4607993798077437,0.02126010981289176,0.2178477690288714,0.25116279069767444,0.08837209302325581,0.340964590964591,0.29074358974358977,,3.599,0.3190486082316438
664954,Brett Sullivan,L,COL,8,Andrew Alvarez,L,674841.0,822693,COL @ WSH,3:45 PM,25/08,Pre-Game,0.5802175216816096,,,,False,1101100010,estimated,0,0,0.0,0,0,0.19361227788422036,0.2494876779328319,0.3202889787763095,0.2233230604352706,0.15740739971484924,20,1,0.2314353756224291,1.04,45.4,D,0.28451563691838294,2.0018562310891417,0.42992405284802954,0.20882782737972497,19,5,0,0.41935483870967744,0.18791946308724833,0.4263920671243326,0.5339435545385202,0.03966437833714721,0.22338568935427575,0.2,0.2413793103448276,0.22188755020080322,0.2222222222222222,98,0.23333333333333334,98,False,False,0.5402765342375554,0.039940987444054166,2.903225806451613,3.161290322580645,62,,,,,,,-0.15385227215409053,20,3.6,1.34,80.0,2.0,5.0,74.0,36.0,1.0,0.0,1.0,11.0,SP,19.0,339.0,71.0,17.8,8.33,4.05,7.99,0.45,18.933806204115022,-0.020788950253038174,7,0.7777777777777778,13.0,7,6,0,0,0.0,3.4304680654380912,0.05639548299733184,0.23300970873786409,0.18100890207715134,0.050445103857566766,0.31451612903225806,0.2437056451612903,0.23863636363636365,3.599,0.31256686726255617
663968,Jake Mangum,L,PIT,7,Mike King,R,650633.0,823259,PIT @ SD,6:40 PM,25/08,Scheduled,0.5802175216816096,,,,False,1011010100,estimated,0,0,0.0,0,0,0.1942612635755718,0.30572613494545475,0.3938056794438314,0.3020413667152232,0.30982098426335364,20,1,0.06403446866991047,0.954,72.6,B,0.2838174273858921,2.2268933021407356,0.30392534581999453,0.19924265127118618,20,6,0,0.24770642201834864,0.3117408906882591,0.4717842323651452,0.25228215767634854,0.27593360995850624,0.27527322404371585,0.30413223140495865,0.2857142857142857,0.2842822774659182,0.32,213,0.2564102564102564,179,False,False,0.5802259027097255,-8.381028115955758e-06,3.4901960784313726,3.843137254901961,102,,,,,,,-0.024469435054709145,20,3.38,1.17,149.0,8.0,9.0,128.0,58.0,0.0,0.0,0.0,26.0,SP,26.0,610.0,117.0,23.5,7.73,3.5,7.07,1.09,23.89257183241016,-0.01671752168160945,4,0.5,11.0,7,6,0,0,0.0,3.6142174727890772,0.05852205395586587,0.28883495145631066,0.2017738359201774,0.04878048780487805,0.2827102803738318,0.3067694704049844,0.2215568862275449,3.76,0.2665206362982079
669743,Alex Call,R,LAD,7,Bryce Elder,R,693821.0,824881,LAD @ ATL,4:15 PM,25/08,Pre-Game,0.5797544497607299,,,,False,0001000110,live,6,0,0.0,1,2023,0.2034633286096693,0.26855775584255853,0.23688174997195566,0.30879377830253923,0.25311311165634975,20,4,-0.14414414414414412,1.018,42.7,D,0.26453488372093026,2.200076575482736,0.4279022947396202,0.18510633319374148,20,9,0,0.3333333333333333,0.1891891891891892,0.6534173533688803,0.23654871546291809,0.11003393116820165,0.26785714285714285,0.26108374384236455,0.26373626373626374,0.2644808743169399,0.3333333333333333,64,0.19480519480519481,91,False,False,0.5421172595291972,0.03763719023153267,2.1475409836065573,2.540983606557377,61,,,,,,,-0.1046945676316337,20,3.92,1.23,137.2,8.0,7.0,113.0,46.0,0.0,0.0,0.0,24.0,SP,24.0,579.0,124.0,24.1,7.39,3.01,8.11,1.44,24.117710536610335,-0.031111592617872774,7,1.0,7.0,7,5,0,0,3.0,1.948752542965092,0.05907921031402619,0.2644927536231884,0.18711656441717792,0.12269938650306748,0.2503875968992248,0.28755813953488374,0.2857142857142857,3.76,0.3126143425181119
630105,Jake Cronenworth,L,SD,2,Paul Skenes,R,694973.0,823259,PIT @ SD,6:40 PM,25/08,Scheduled,0.5796940500296622,,,,False,1111100111,estimated,0,0,0.0,0,0,0.2571792312192091,0.2995548655450483,0.16652463081425842,0.4129736687380364,0.27724168267449056,20,1,-0.014868272324145726,0.954,50.4,C,0.2788088044885628,3.200134471424085,0.42012905845054893,0.2968011332894177,20,6,0,0.24528301886792453,0.2304147465437788,0.5196374622356495,0.23521795425118688,0.24514458351316357,0.23233082706766917,0.24285714285714285,0.22099447513812154,0.23281393217231897,0.2138364779874214,181,0.26126126126126126,128,False,False,0.6128712570057392,-0.033177206976076956,3.4615384615384617,3.9615384615384617,78,,,,,,,0.22311620746581132,20,3.95,1.14,139.0,9.0,11.0,171.0,41.0,0.0,0.0,0.0,26.0,SP,26.0,573.0,118.0,22.0,11.07,2.65,7.64,0.91,22.786293599839624,0.017972616637004446,6,0.6666666666666666,2.0,7,6,0,0,0.0,4.437781884859244,0.10409791396154662,0.23316062176165803,0.21710526315789475,0.1118421052631579,0.3597560975609756,0.29950871080139374,0.21,4.35,0.30477878221078775
687401,Joey Ortiz,R,MIL,8,Zac Thornton,L,804267.0,823585,MIL @ NYM,4:10 PM,25/08,Pre-Game,0.5795464808030634,,,,False,1110111010,estimated,0,0,0.0,0,0,0.2831265235252112,0.2946196427552352,0.5264284547966739,0.38797664292934314,0.29472305443145214,20,2,-0.04731908889336828,0.949,44.1,D,0.2449255751014885,2.549465294078219,0.410501433405891,0.17785154300682526,9,7,0,0.21487603305785125,0.2621951219512195,0.6571815718157181,0.3048780487804878,0.037940379403794036,0.21782178217821782,0.21915285451197053,0.20481927710843373,0.21869590305828043,0.22535211267605634,159,0.25874125874125875,165,False,True,0.5699543106059294,0.009592170197133987,3.0,3.4105263157894736,95,,,,,,,0.1569922852821923,20,3.04,1.15,50.1,3.0,4.0,36.0,14.0,0.0,0.0,0.0,9.0,SP,9.0,200.0,44.0,22.2,6.44,2.5,7.87,1.07,22.305726557129013,-0.0275036236602062,7,0.7777777777777778,-1.0,7,6,0,0,0.0,3.8227296404196656,0.07181685502808463,0.24786324786324787,0.1884422110552764,0.08793969849246232,0.3508454106280193,0.29495652173913045,0.256198347107438,3.599,0.3118053372838203
677587,Brayan Rocchio,L,CLE,9,Walbert Ureña,R,700712.0,823989,CLE @ LAA,6:38 PM,25/08,Scheduled,0.5794508537745018,,,,False,0111010100,estimated,0,0,0.0,0,0,0.1452346025644289,0.2459485214584157,0.3104286386802228,0.17269108340803116,0.11323521003215718,20,1,-0.023972602739726012,0.979,68.1,B,0.28764278296988577,1.8574865266042089,0.3587884039557087,0.2326280754234348,20,6,0,0.2602739726027397,0.2363013698630137,0.5210827693909422,0.1494013534617387,0.3295158771473191,0.2334235453315291,0.23353293413173654,0.22408026755852842,0.23340177960301164,0.2465753424657534,245,0.2420091324200913,242,False,True,0.5928846491642994,-0.01343379538979761,3.504,3.896,125,,,,,,,-0.09224241115540802,20,2.8,1.24,112.2,8.0,9.0,109.0,59.0,0.0,0.0,0.0,21.0,SP,23.0,479.0,81.0,20.8,8.71,4.71,6.47,0.56,21.732772477352487,-0.0011708537745017678,5,0.7142857142857143,-5.0,5,7,0,0,0.0,3.9151464480501685,0.04320652064791151,0.25235849056603776,0.14712153518123666,0.06396588486140725,0.3113145539906103,0.28821596244131453,0.205607476635514,3.443,0.28933015242667737
687093,Vaughn Grissom,R,LAA,5,Gavin Williams,R,668909.0,823989,CLE @ LAA,6:38 PM,25/08,Scheduled,0.5789794008255061,,,,False,1011010110,estimated,0,0,0.0,0,0,0.17433304675727623,0.2828374251826178,0.23538300590174221,0.24465628184691393,0.2509768305316307,20,1,0.001269841269841282,0.979,65.6,B,0.3300773300773301,5.012321876575042,0.4561378548530564,0.35266907489102794,20,5,0,0.24444444444444444,0.24571428571428572,0.4921681780708986,0.5078318219291014,0.0,0.21732405259087392,0.22418879056047197,0.20972644376899696,0.2182608695652174,0.2346368715083799,199,0.2595419847328244,146,False,False,0.6039337069574967,-0.024954306131990567,3.522727272727273,3.9204545454545454,88,,,,,,,-0.049334992754847505,20,3.72,1.09,154.2,12.0,7.0,201.0,48.0,0.0,0.0,0.0,26.0,SP,26.0,621.0,120.0,23.9,11.7,2.79,6.98,1.45,23.518895940557318,0.0295205991744939,6,0.75,16.0,7,7,0,0,0.0,4.063429453034265,0.04003665588295226,0.23002421307506055,0.1965065502183406,0.06986899563318777,0.36155830753353974,0.3153777089783282,0.24311926605504589,4.024,0.29800175154877817
682657,Angel Martínez,L,CLE,7,Walbert Ureña,R,700712.0,823989,CLE @ LAA,6:38 PM,25/08,Scheduled,0.578978968698178,,,,False,1100111011,estimated,0,0,0.0,0,0,0.3200088308982857,0.40128027774696984,0.2646673964847515,0.4153054670455062,0.18304194143496924,20,1,-0.08238996459635473,0.979,68.1,B,0.28764278296988577,1.8574865266042089,0.3587884039557087,0.2326280754234348,20,6,0,0.291970802919708,0.20958083832335328,0.5210827693909422,0.1494013534617387,0.3295158771473191,0.24564796905222436,0.2732342007434944,0.23620309050772628,0.2501228501228501,0.24528301886792453,170,0.2482758620689655,155,False,True,0.5805169397964307,-0.0015379710982527106,3.6626506024096384,3.9156626506024095,83,,,,,,,0.04623575382560616,20,2.8,1.24,112.2,8.0,9.0,109.0,59.0,0.0,0.0,0.0,21.0,SP,23.0,479.0,81.0,20.8,8.71,4.71,6.47,0.56,21.732772477352487,-0.006678968698177967,5,0.7142857142857143,-5.0,5,7,0,0,0.0,3.699142433732038,0.028948015671581562,0.235,0.22916666666666666,0.037037037037037035,0.3344407530454042,0.3037508305647841,0.205607476635514,3.76,0.28933015242667737
656716,Zach Mckinstry,L,DET,6,Ian Seymour,L,693855.0,824233,TB @ DET,3:40 PM,25/08,Pre-Game,0.5787714318678396,,,,False,0001011010,estimated,0,0,0.0,0,0,0.24161576186514455,0.23926921425690176,0.12068049680832517,0.3448140809281229,0.2035598494551531,20,1,-0.034978354978355,1.004,86.4,A,0.3176829268292683,4.102701388312715,0.36645857092282924,0.28893695811191183,20,5,0,0.19047619047619047,0.22545454545454546,0.41784615384615387,0.27876923076923077,0.30338461538461536,0.24745762711864408,0.17954070981210857,0.2,0.2250499001996008,0.225,180,0.21656050955414013,183,False,False,0.5682582164093045,0.010513215458535119,3.048076923076923,3.4903846153846154,104,,,,,,,-0.0661691414959097,20,4.17,1.14,101.1,9.0,4.0,123.0,32.0,2.0,0.0,2.0,11.0,RP,40.0,421.0,84.0,10.5,10.92,2.84,7.46,1.6,18.808817542508518,-0.003954765201172994,6,0.6666666666666666,-9.0,7,6,0,0,0.0,3.2616894864935495,0.10720844086030422,0.21584699453551912,0.16467780429594273,0.0954653937947494,0.21296296296296297,0.2724904601571268,0.24444444444444444,3.896,0.3240812892663866
681393,Connor Norby,R,COL,6,Andrew Alvarez,L,674841.0,822693,COL @ WSH,3:45 PM,25/08,Pre-Game,0.5787714318678396,,,,False,0111111111,estimated,0,0,0.0,0,0,0.26269306474136456,0.45376918237098773,0.48348505031139605,0.5528914527957491,0.3975736128474556,20,1,-0.019993015540422543,1.04,45.4,D,0.28451563691838294,2.0018562310891417,0.42992405284802954,0.20882782737972497,19,5,0,0.2028985507246377,0.22289156626506024,0.4263920671243326,0.5339435545385202,0.03966437833714721,0.18562874251497005,0.17913385826771652,0.21292775665399238,0.18757763975155278,0.2196969696969697,158,0.21359223300970873,115,False,False,0.5372061230396531,0.04156530882818654,3.0921052631578947,3.5921052631578947,76,,,,,,,0.08004428192206094,20,3.6,1.34,80.0,2.0,5.0,74.0,36.0,1.0,0.0,1.0,11.0,SP,19.0,339.0,71.0,17.8,8.33,4.05,7.99,0.45,18.933806204115022,-0.009514289010696841,7,0.7777777777777778,13.0,7,6,0,0,0.0,3.2579764561722944,0.0769708710049415,0.23237597911227154,0.2808219178082192,0.09360730593607305,0.38333333333333336,0.3176653846153846,0.23923444976076555,3.896,0.31256686726255617
656775,Cedric Mullins,L,TB,7,Jackson Jobe,R,695549.0,824233,TB @ DET,3:40 PM,25/08,Pre-Game,0.5787714318678396,,,,False,1111000100,estimated,0,0,0.0,0,0,0.18579027987200333,0.19609945184382477,0.3393429008618254,0.21048751845878907,0.10303055354109882,20,1,-0.03945623342175067,1.004,50.0,C,0.22943722943722944,,,,3,6,0,0.2413793103448276,0.20192307692307693,0.5541125541125541,0.329004329004329,0.11688311688311688,0.19875,0.2171344165435746,0.2006269592476489,0.20427644138984344,0.22167487684729065,236,0.19161676646706588,192,False,False,0.5593854893688294,0.019385942499010267,3.3944954128440368,3.926605504587156,109,,,,,,,-0.06287663861077554,20,4.5,1.36,14.0,1.0,1.0,11.0,5.0,0.0,0.0,0.0,3.0,SP,3.0,61.0,14.0,20.3,7.07,3.21,9.0,1.29,,-0.00948393186783969,8,0.8888888888888888,-10.0,7,7,0,0,0.0,3.5765761861357914,0.1109007538037478,0.20654911838790932,0.19782608695652174,0.09130434782608696,0.3118736383442266,0.22993627450980392,0.2647058823529412,3.76,0.3003683129124101
543510,James Mccann,R,AZ,8,Clay Holmes,R,605280.0,825042,CHC @ AZ,6:40 PM,25/08,Scheduled,0.578677422723449,,,,False,1101010100,estimated,0,0,0.0,0,0,0.3104412708263279,0.3090225696744169,0.34653334167361044,0.4095708354033856,0.20506800226731758,20,2,-0.022325581395348792,1.0,45.9,D,0.26973684210526316,2.1112838673796923,0.4232290436131771,0.17286313035905398,12,6,0,0.3023255813953488,0.28,0.581766917293233,0.26785714285714285,0.15037593984962405,0.27055702917771884,0.24081632653061225,0.1951219512195122,0.2483221476510067,0.2711864406779661,62,0.3050847457627119,65,False,False,0.5554516890142829,0.02322573370916614,3.189189189189189,3.4324324324324325,37,,,,,,,-0.00905782081485768,20,2.49,1.11,68.2,5.0,6.0,50.0,23.0,0.0,0.0,0.0,12.0,SP,12.0,278.0,53.0,23.2,6.55,3.01,6.95,0.52,22.960655497093345,-0.01617742272344902,4,0.6666666666666666,36.0,6,6,0,0,0.0,3.5779793705870424,0.13864094856517276,0.2701298701298701,0.24764150943396226,0.0589622641509434,0.4375,0.3106738095238096,0.1958762886597938,3.599,0.29526760530665064
686555,Isaac Collins,L,KC,7,Max Scherzer,R,453286.0,822773,KC @ TOR,4:07 PM,25/08,Pre-Game,0.5775328788844081,,,,False,0100000111,estimated,0,0,0.0,0,0,0.1502147768257396,0.26942731733899317,0.4362005847587077,0.19290004635507238,0.18782513003683393,20,2,0.05425824175824176,0.995,51.0,C,0.22422062350119903,1.5130881988599554,0.31871999785160415,0.161693553189709,11,6,0,0.1875,0.24175824175824176,0.5126050420168067,0.33133253301320525,0.15606242496998798,0.21587301587301588,0.23210831721470018,0.21321961620469082,0.21910331384015594,0.22815533980582525,232,0.22699386503067484,200,False,False,0.5407456957874496,0.0367871830969585,3.1810344827586206,3.7241379310344827,116,,,,,,,-0.131606637232023,20,7.4,1.51,45.0,1.0,6.0,32.0,20.0,0.0,0.0,0.0,11.0,SP,11.0,202.0,48.0,18.4,6.4,4.0,9.6,2.4,18.75342280610798,-0.025945378884408066,8,1.0,13.0,7,6,0,0,1.0,3.5488267442228296,0.12480979967539665,0.22340425531914893,0.22272727272727272,0.1159090909090909,0.3971822541966427,0.2995035971223022,0.29464285714285715,3.76,0.2941783591610024
671732,Lawrence Butler,L,ATH,5,Taj Bradley,R,671737.0,824962,MIN @ ATH,6:40 PM,25/08,Scheduled,0.5775328788844081,,,,False,0111110111,estimated,0,0,0.0,0,0,0.3352512242716993,0.32901513964109586,0.4520782282941605,0.5298452403044118,0.2285270566822179,20,1,0.021793275217932756,0.977,51.0,C,0.27904092600248037,2.325372378945533,0.4517213856391622,0.2659295274531702,20,6,0,0.2054794520547945,0.22727272727272727,0.7067824648469809,0.09222497932175351,0.20099255583126552,0.1824629271437782,0.19011976047904192,0.23157894736842105,0.19365547768351163,0.21164021164021163,213,0.23529411764705882,200,False,False,0.5775328788844081,0.0,3.0168067226890756,3.4705882352941178,119,,,,,,,0.09199595604916593,20,3.9,1.28,140.2,9.0,5.0,158.0,62.0,0.0,0.0,0.0,25.0,SP,25.0,599.0,118.0,24.0,10.11,3.97,7.55,1.22,23.94039022020522,0.0033837877822584517,6,0.75,-7.0,7,7,0,0,0.0,4.2150676140150205,0.143157422702154,0.2222222222222222,0.2524271844660194,0.11165048543689321,0.44921875,0.326171875,0.2108626198083067,4.024,0.35544513435863745
677950,Alek Thomas,L,LAD,8,Bryce Elder,R,693821.0,824881,LAD @ ATL,4:15 PM,25/08,Pre-Game,0.5774607979703726,,,,False,1000010011,live,6,2,0.3333333333333333,1,2023,0.20019341796253406,0.3393301616834045,0.44646693795676895,0.26128100883338834,0.2660004051377865,20,2,0.0,1.018,42.7,D,0.26453488372093026,2.200076575482736,0.4279022947396202,0.18510633319374148,20,9,0,,0.19148936170212766,0.6534173533688803,0.23654871546291809,0.11003393116820165,0.1532567049808429,0.17297297297297298,0.18181818181818182,0.16453382084095064,0.19230769230769232,54,0.1956521739130435,50,False,False,0.5287415237241803,0.04871927424619238,3.3793103448275863,3.586206896551724,29,,,,,,,-0.1045007350056962,20,3.92,1.23,137.2,8.0,7.0,113.0,46.0,0.0,0.0,0.0,24.0,SP,24.0,579.0,124.0,24.1,7.39,3.01,8.11,1.44,24.117710536610335,-0.023232226541801237,7,1.0,7.0,7,5,0,0,3.0,3.322460181292321,0.01371500289656008,0.22959183673469388,0.2617924528301887,0.04481132075471698,0.3959074733096085,0.32270047449584816,0.205607476635514,3.599,0.3126143425181119
687637,Dylan Beavers,L,BAL,7,,R,,823016,BAL @ STL,4:45 PM,25/08,Scheduled,0.5774414297272535,,,,False,1100011110,estimated,0,0,0.0,0,0,0.30016597118943283,0.3536103136553501,0.48950529011869653,0.528479776256118,0.41710238819156414,20,2,0.019483938915218546,1.031,,,,,,,0,0,0,0.2222222222222222,0.24170616113744076,,,,0.20996818663838812,0.2011173184357542,0.1910828025477707,0.2040133779264214,0.20610687022900764,146,0.29213483146067415,101,False,False,0.519498729471983,0.057942700255270596,2.972972972972973,3.3378378378378377,74,,,,,,,0.06756976415996477,20,,,,,,,,,,,,,,,,,,,,,,-0.01734142972725361,9,1.0,30.0,7,6,0,0,-1.0,2.8488984473525805,0.03935411243601328,0.2434017595307918,0.26448362720403024,0.12594458438287154,0.3587570621468927,0.3125409604519774,,3.76,0.3190486082316438
676724,Jared Young,L,NYM,6,Kyle Harrison,L,690986.0,823585,MIL @ NYM,4:10 PM,25/08,Pre-Game,0.5772334607695869,,,,False,1111001111,estimated,0,0,0.0,0,0,0.3050308589104129,0.27904373451866654,0.45360466082764095,0.3923575804036813,0.16603638373457869,20,2,-0.12521028598894496,0.949,88.4,A,0.31898584905660377,4.835670054042588,0.36732392313423323,0.3091765106514023,20,7,0,0.15789473684210525,0.2831050228310502,0.5976401179941003,0.31032448377581123,0.0920353982300885,0.2696871628910464,0.2532347504621072,0.2534722222222222,0.2616609783845279,0.2971014492753623,147,0.24,118,False,False,0.6120187323637366,-0.03478527159414968,3.0126582278481013,3.3544303797468356,79,,,,,,,0.3228007398693127,20,2.84,1.11,98.1,10.0,3.0,122.0,26.0,0.0,0.0,0.0,20.0,SP,20.0,402.0,83.0,20.1,11.17,2.38,7.6,1.19,20.053064118099545,0.02420653923041305,5,0.7142857142857143,15.0,7,5,0,0,1.0,3.854682027407745,0.03099861005530116,0.24107142857142858,0.22133333333333333,0.072,0.433201581027668,0.2870395256916996,0.2222222222222222,3.896,0.3053216316264682
664023,Ian Happ,L,CHC,5,Brandon Pfaadt,R,694297.0,825042,CHC @ AZ,6:40 PM,25/08,Scheduled,0.5757111121703745,,,,False,0011101011,estimated,15,1,0.06666666666666667,1,2023,0.23214439036700063,0.3161959544882261,0.3997830099483462,0.34693962901950587,0.28080255619881744,20,1,0.029463543449557428,1.0,67.6,B,0.2700877785280216,3.613850639966852,0.3665753865992995,0.18022322329720386,20,6,0,0.19834710743801653,0.22781065088757396,0.5462525320729237,0.28966914247130315,0.16407832545577314,0.19854847071021253,0.2052910052910053,0.19718309859154928,0.2014125032696835,0.21705426356589147,300,0.22388059701492538,238,False,False,0.5420496589825637,0.033661453187810775,3.642857142857143,4.26984126984127,126,,,,,,,0.1105768392182575,20,3.39,1.14,98.1,7.0,1.0,69.0,24.0,0.0,0.0,0.0,13.0,SP,23.0,403.0,88.0,17.5,6.32,2.2,8.05,1.01,18.807720990429505,-0.022896826456088704,7,0.7,24.0,6,6,0,0,0.0,3.9331744525794443,0.129891838719106,0.21559633027522937,0.30844793713163066,0.11787819253438114,0.4151732377538829,0.30884229390681006,0.25961538461538464,4.024,0.3088278372024625
701358,Cam Smith,R,HOU,9,Will Warren,R,701542.0,823505,HOU @ NYY,4:05 PM,25/08,Pre-Game,0.575654890310714,,,,False,1010100000,estimated,0,0,0.0,0,0,0.17835447623712017,0.27899042709085925,0.36394144116413774,0.2734585398669407,0.2990454442246945,20,2,-0.0012470901230462184,1.007,31.2,F,0.2848975702715579,2.232985165886097,0.4895624016548738,0.21363220326764623,20,6,0,0.21774193548387097,0.21649484536082475,0.6319809069212411,0.24391408114558472,0.12410501193317422,0.2184557438794727,0.21241258741258742,0.1865671641791045,0.21201525746980293,0.2094017094017094,259,0.2265193370165746,205,False,False,0.558696727308524,0.016958163002189997,3.4583333333333335,3.8666666666666667,120,,,,,,,-0.0727032526560867,20,4.43,1.4,122.0,8.0,6.0,122.0,43.0,0.0,0.0,0.0,24.0,SP,25.0,535.0,128.0,21.4,9.0,3.17,9.44,1.4,20.740702023179768,0.00031177635595258657,9,1.0,12.0,7,6,0,0,1.0,3.838393972582252,0.049653604520268554,0.21634615384615385,0.24731182795698925,0.07526881720430108,0.45614617940199337,0.3371827242524917,0.2608695652173913,3.443,0.29049470352001544
814439,Ryan Waldschmidt,R,AZ,9,Clay Holmes,R,605280.0,825042,CHC @ AZ,6:40 PM,25/08,Scheduled,0.5737016881231263,,,,False,0010111100,estimated,0,0,0.0,0,0,0.2062060411863293,0.3183805607791179,0.169767488224935,0.2746013758994848,0.28702597089575643,20,1,-0.19361984935755427,1.0,45.9,D,0.26973684210526316,2.1112838673796923,0.4232290436131771,0.17286313035905398,12,6,0,0.4098360655737705,0.21621621621621623,0.581766917293233,0.26785714285714285,0.15037593984962405,0.24828532235939643,0.25918367346938775,0.20833333333333334,0.24694024478041757,0.23478260869565218,122,0.3191489361702128,113,True,False,0.5397798523933869,0.03392183572973939,3.265625,3.671875,64,,,,,,,-0.120346440052613,20,2.49,1.11,68.2,5.0,6.0,50.0,23.0,0.0,0.0,0.0,12.0,SP,12.0,278.0,53.0,23.2,6.55,3.01,6.95,0.52,22.960655497093345,-0.023126688123126238,4,0.6666666666666666,36.0,6,6,0,0,0.0,3.6577029377813797,0.09880507469032097,0.28054298642533937,0.27309236947791166,0.06827309236947791,0.3202614379084967,0.3411503267973856,0.1958762886597938,3.443,0.29526760530665064
678662,Ezequiel Tovar,R,COL,9,Andrew Alvarez,L,674841.0,822693,COL @ WSH,3:45 PM,25/08,Pre-Game,0.5721231176642533,,,,False,1110000011,estimated,0,0,0.0,0,0,0.28525473516764493,0.3846904627355151,0.39664465260288917,0.3313883190633662,0.1672194453494358,20,1,0.06244144225828874,1.04,45.4,D,0.28451563691838294,2.0018562310891417,0.42992405284802954,0.20882782737972497,19,5,0,0.25203252032520324,0.1895910780669145,0.4263920671243326,0.5339435545385202,0.03966437833714721,0.19204851752021562,0.17033603707995365,0.2664233576642336,0.19621928166351607,0.21333333333333335,245,0.20359281437125748,187,False,False,0.5219603098641025,0.05016280780015081,3.3220338983050848,3.6610169491525424,118,,,,,,,0.01276327211846111,20,3.6,1.34,80.0,2.0,5.0,74.0,36.0,1.0,0.0,1.0,11.0,SP,19.0,339.0,71.0,17.8,8.33,4.05,7.99,0.45,18.933806204115022,-0.022708831949967534,7,0.7777777777777778,13.0,7,6,0,0,0.0,2.918202847795508,0.06840294744365781,0.2075,0.25227272727272726,0.05909090909090909,0.3352364475201845,0.29257439446366784,0.23923444976076555,3.443,0.31256686726255617
694197,Angel Genao,L,CLE,6,Walbert Ureña,R,700712.0,823989,CLE @ LAA,6:38 PM,25/08,Scheduled,0.5716179542215907,,,,False,0101111101,estimated,0,0,0.0,0,0,0.27436062236639064,0.2990638971623221,0.5736251626551467,0.30487226333861556,0.12929034932935565,17,1,-0.06504065040650403,0.979,68.1,B,0.28764278296988577,1.8574865266042089,0.3587884039557087,0.2326280754234348,20,6,0,0.3333333333333333,0.2682926829268293,0.5210827693909422,0.1494013534617387,0.3295158771473191,0.2570093457943925,0.19444444444444445,0.1780821917808219,0.22531645569620254,0.32142857142857145,30,0.2647058823529412,38,True,True,0.5798458989178844,-0.008227944696293732,3.6470588235294117,4.0,17,,,,,,,-0.044864027717732305,17,2.8,1.24,112.2,8.0,9.0,109.0,59.0,0.0,0.0,0.0,21.0,SP,23.0,479.0,81.0,20.8,8.71,4.71,6.47,0.56,21.732772477352487,0.0053420457784092434,5,0.7142857142857143,-5.0,5,7,0,0,0.0,4.065255753174797,0.11030779350262965,,,,,,0.205607476635514,3.896,0.28933015242667737
682663,Agustín Ramírez,R,MIA,3,Payton Tolle,L,801139.0,823826,BOS @ MIA,3:40 PM,25/08,Pre-Game,0.5697251175559278,,,,False,0001100010,live,0,0,0.0,0,0,0.18414627386258658,0.24737374527597358,0.3158380293131721,0.2857032651956984,0.2704934285718729,20,1,0.00733675715333823,1.0,87.8,A,0.28539944903581266,4.534523580415639,0.3359334969901632,0.2953521182045311,20,6,0,0.2413793103448276,0.23404255319148937,0.8757592490336831,0.09221424627277747,0.03202650469353948,0.23372781065088757,0.2852941176470588,0.2824858757062147,0.25565800502933783,0.23863636363636365,104,0.234375,72,False,False,0.5920053520185043,-0.022280234462576542,3.234042553191489,3.74468085106383,47,,,,,,,-0.2200084689770015,20,3.08,1.08,120.0,8.0,6.0,134.0,33.0,0.0,0.0,0.0,21.0,SP,21.0,483.0,97.0,23.0,10.05,2.48,7.28,0.98,22.987331975222382,0.023041549110738968,6,0.75,12.0,7,6,0,0,0.0,3.152678058732468,0.21093451376025452,0.2242562929061785,0.20570264765784113,0.07739307535641547,0.43898809523809523,0.30343675595238095,0.2012779552715655,4.25,0.3083510417796791
643217,Andrew Benintendi,L,CWS,4,Jacob Degrom,R,594798.0,824556,TEX @ CWS,4:40 PM,25/08,Scheduled,0.569087380386223,,,,False,1101011110,estimated,6,1,0.16666666666666666,1,2025,0.23129880219131496,0.30808391075709823,0.4113842886057368,0.34581496144780405,0.21365278873990903,20,1,0.024691358024691357,0.968,57.4,C,0.3103286384976526,4.892810807083516,0.4850285737670969,0.30825080935478844,20,5,0,0.2222222222222222,0.24691358024691357,0.4414542020774315,0.43059490084985835,0.1279508970727101,0.23142857142857143,0.2154255319148936,0.2176360225140713,0.22485207100591717,0.22274881516587677,234,0.2785714285714286,158,False,False,0.5928846491642994,-0.02379726877807642,3.0521739130434784,3.408695652173913,115,,,,,,,-0.06716222113485665,20,3.77,1.13,126.2,9.0,8.0,157.0,32.0,0.0,0.0,0.0,24.0,SP,24.0,518.0,111.0,21.6,11.16,2.27,7.89,1.21,21.303743768374897,0.026712619613777022,6,0.6666666666666666,7.0,6,7,0,0,0.0,3.3069123470344595,0.08681891909563072,0.24725274725274726,0.2413793103448276,0.0812807881773399,0.4552005012531328,0.32303634085213034,0.21254355400696864,4.159,0.3040009840263737
699625,Jimmy Crooks,L,STL,9,Chris Bassitt,R,605135.0,823016,BAL @ STL,4:45 PM,25/08,Scheduled,0.5676845040167524,,,,False,1000100001,estimated,0,0,0.0,0,0,0.13295746225593663,0.20229494876626106,0.46936015756947025,0.23933225050159695,0.33491632241191466,20,3,0.008333333333333331,1.031,38.2,D,0.2545141874462597,1.8397669027412662,0.3605591241529393,0.14797554603271407,14,6,0,0.16666666666666666,0.175,0.6428571428571429,0.30206540447504304,0.055077452667814115,0.13317191283292978,0.1506849315068493,0.2222222222222222,0.15867158671586715,0.16417910447761194,70,0.1864406779661017,70,False,False,0.4991150364264194,0.068569467590333,2.625,2.9166666666666665,48,,,,,,,-0.1582339913519688,20,5.08,1.62,67.1,4.0,4.0,46.0,26.0,0.0,0.0,0.0,12.0,SP,14.0,309.0,83.0,22.1,6.15,3.48,11.09,0.94,22.244744514546777,-0.03994700401675233,8,1.0,-1.0,6,6,0,0,-1.0,3.1661803923599234,0.03907306879536794,0.1676300578034682,0.3263157894736842,0.05789473684210526,0.46846846846846846,0.29908108108108106,0.3333333333333333,3.443,0.33778577174360996
665862,Jazz Chisholm,L,NYY,7,Ethan Pecko,R,814490.0,823505,HOU @ NYY,4:05 PM,25/08,Pre-Game,0.5662987187110073,,,,False,0101011011,estimated,0,0,0.0,0,0,0.27186801881672573,0.28604489334570093,0.3846660996173836,0.33819578940130535,0.24030333526962266,20,2,0.012507328512800453,1.007,50.0,C,0.23595505617977527,,,,1,6,0,0.21008403361344538,0.22259136212624583,0.7078651685393258,0.21348314606741572,0.07865168539325842,0.2,0.1932418162618796,0.20149253731343283,0.19859290054365206,0.20179372197309417,247,0.23857868020304568,224,False,True,0.5489198385146139,0.017378880196393443,3.5,3.925,120,,,,,,,0.08543984774133838,20,4.91,1.64,3.2,0.0,0.0,4.0,3.0,0.0,0.0,0.0,1.0,SP,1.0,18.0,3.0,18.0,9.82,7.36,7.36,0.0,,-0.015398718711007287,6,0.8571428571428571,3.0,7,6,0,0,0.0,3.6451650698017217,0.08625597476945193,0.2171837708830549,0.3036093418259023,0.09341825902335456,0.421195652173913,0.31928260869565217,0.16666666666666666,3.76,0.3334930694553643
694208,Moisés Ballesteros,L,LAA,6,Gavin Williams,R,668909.0,823989,CLE @ LAA,6:38 PM,25/08,Scheduled,0.5661371230498066,,,,False,1000010111,estimated,0,0,0.0,0,0,0.1833201991742265,0.3168729587598904,0.4656690658957095,0.26189007209418225,0.22139151488312664,20,1,0.07115384615384615,0.979,65.6,B,0.3300773300773301,5.012321876575042,0.4561378548530564,0.35266907489102794,20,5,0,0.15384615384615385,0.225,0.4921681780708986,0.5078318219291014,0.0,0.20493827160493827,0.17671517671517672,0.2732732732732733,0.21240024554941683,0.2462686567164179,148,0.17391304347826086,102,False,False,0.604982061785695,-0.03884493873588846,2.935064935064935,3.2467532467532467,77,,,,,,,-0.009081252855631052,20,3.72,1.09,154.2,12.0,7.0,201.0,48.0,0.0,0.0,0.0,26.0,SP,26.0,621.0,120.0,23.9,11.7,2.79,6.98,1.45,23.518895940557318,0.03441287695019346,6,0.75,16.0,7,7,0,0,0.0,4.200891525095902,0.0594649636412818,0.2348993288590604,0.2,0.09850746268656717,0.44935064935064933,0.2924588744588744,0.19142857142857142,3.896,0.29800175154877817
657136,Connor Wong,R,BOS,9,Tyler Phillips,R,663969.0,823826,BOS @ MIA,3:40 PM,25/08,Pre-Game,0.5660627201135799,,,,False,0001010111,live,0,0,0.0,0,0,0.27050445730380873,0.37658241749734456,0.4879022082015516,0.35521661950841144,0.27242096359569073,20,2,-0.03323397913561846,1.0,48.4,D,0.2980828695114409,1.9841847866551596,0.4333439291590055,0.18383546550287966,20,7,0,0.2786885245901639,0.24545454545454545,0.3401360544217687,0.42547928262213974,0.23438466295609153,0.20520673813169985,0.1388888888888889,0.1559633027522936,0.17728055077452667,0.20388349514563106,117,0.3382352941176471,81,False,False,0.5287415237241803,0.03732119638939968,2.8983050847457625,3.3559322033898304,59,,,,,,,-0.03683479803088758,20,3.67,1.37,100.2,3.0,6.0,79.0,42.0,2.0,1.0,3.0,14.0,RP,31.0,434.0,96.0,14.0,7.06,3.75,8.58,1.16,17.726383832084665,-0.006682720113579843,5,0.5555555555555556,7.0,7,6,0,0,0.0,3.268714579203803,0.01873515234732165,0.2177650429799427,0.22807017543859648,0.08771929824561403,0.33850129198966405,0.29558527131782947,0.22285714285714286,3.443,0.2867833679494708
683766,Christian Koss,R,SF,9,Brady Singer,R,663903.0,823181,CIN @ SF,6:45 PM,25/08,Scheduled,0.5657759371775867,,,,False,1111001011,estimated,0,0,0.0,0,0,0.24567906074781107,0.29397408972555567,0.3409394352626844,0.35335933805080183,0.308438124224654,20,1,0.02058823529411763,0.994,53.4,C,0.28596568411790585,2.420062388236224,0.40294190472031977,0.18909806764091744,20,5,0,0.2,0.22058823529411764,0.5884683098591549,0.41153169014084506,0.0,0.16109422492401215,0.2129032258064516,0.16216216216216217,0.1746880570409982,0.18518518518518517,57,0.24489795918367346,51,False,False,0.5388019930761656,0.026973944101421066,2.861111111111111,3.0,36,,,,,,,0.0031216671676430217,20,4.72,1.42,131.2,5.0,11.0,107.0,43.0,0.0,0.0,0.0,25.0,SP,25.0,583.0,144.0,23.3,7.31,2.94,9.84,1.71,24.501867900341704,-0.021459270510920003,6,0.75,17.0,7,7,0,0,0.0,3.4348478307212518,0.034190584308224345,0.2403846153846154,0.2403560830860534,0.04747774480712166,0.3181818181818182,0.2870649350649351,0.22580645161290322,3.443,0.35124721020361643
678218,Brandon Valenzuela,L,TOR,8,Seth Lugo,R,607625.0,822773,KC @ TOR,4:07 PM,25/08,Pre-Game,0.5653714839832761,,,,False,1100100111,estimated,0,0,0.0,0,0,0.23164752727524843,0.32663285507357137,0.391927854705123,0.30917395370919876,0.28423703026635433,20,4,0.06760355029585799,0.995,34.9,F,0.26378794356562635,2.3624311043039183,0.4484878185877034,0.16624889689710257,20,6,0,0.175,0.24260355029585798,0.5158254918733961,0.3939264328485885,0.0902480752780154,0.1643192488262911,0.1867816091954023,0.20454545454545456,0.1782312925170068,0.2,134,0.2696629213483146,102,True,False,0.5271907920545179,0.03818069192875817,3.073529411764706,3.4705882352941178,68,,,,,,,-0.028879473145129023,20,4.71,1.38,145.1,5.0,7.0,111.0,46.0,0.0,0.0,0.0,26.0,SP,26.0,619.0,155.0,23.8,6.87,2.85,9.6,0.99,23.566561946405876,-0.019982595094387157,9,1.0,15.0,7,6,0,0,0.0,3.5513798463906885,0.07656680132971302,0.2347417840375587,0.26666666666666666,0.09583333333333334,0.38422818791946306,0.33695302013422823,0.28732394366197184,3.599,0.27360640784769436
553993,Eugenio Suárez,R,CIN,5,Adrian Houser,R,605288.0,823181,CIN @ SF,6:45 PM,25/08,Scheduled,0.5639683159914827,,,,False,1100010011,estimated,7,1,0.14285714285714285,1,2024,0.2768434475376296,0.37428482266253676,0.3020069418475567,0.3514115335657183,0.2520953133332179,20,1,0.0032092426187419754,0.994,59.2,C,0.25205158264947247,2.571550441286369,0.3732943695308692,0.1569299391499639,20,6,0,0.2073170731707317,0.21052631578947367,0.6715542521994134,0.16774193548387098,0.16070381231671554,0.2082777036048064,0.2094361334867664,0.18374558303886926,0.20580474934036938,0.22815533980582525,232,0.18309859154929578,165,False,False,0.5384753334115081,0.025492982579974566,3.48,3.97,100,,,,,,,-0.13208265156143378,20,4.08,1.31,108.0,4.0,7.0,73.0,34.0,0.0,0.0,0.0,15.0,SP,25.0,464.0,108.0,18.6,6.08,2.83,9.0,1.25,16.342692804013996,-0.0201483159914827,5,0.5555555555555556,-4.0,5,7,0,0,0.0,3.858381261657144,0.1636472904316409,0.20567375886524822,0.3522012578616352,0.09643605870020965,0.376797385620915,0.3174516339869281,0.22674418604651161,4.024,0.3073890946381798
680700,Richie Palacios,L,TB,8,Jackson Jobe,R,695549.0,824233,TB @ DET,3:40 PM,25/08,Pre-Game,0.5636215090908235,,,,False,1110111000,estimated,0,0,0.0,0,0,0.19584612266386256,0.30326384789730565,0.3392937608214606,0.2570598788734759,0.13413207256108997,20,2,0.014211886304909577,1.004,50.0,C,0.22943722943722944,,,,3,6,0,0.2222222222222222,0.2364341085271318,0.5541125541125541,0.329004329004329,0.11688311688311688,0.2624877571008815,0.21231766612641814,0.24495677233429394,0.24389027431421445,0.2484472049689441,186,0.21739130434782608,134,False,False,0.5388019930761656,0.024819516014657927,2.905263157894737,3.3684210526315788,95,,,,,,,-0.012326720362407548,20,4.5,1.36,14.0,1.0,1.0,11.0,5.0,0.0,0.0,0.0,3.0,SP,3.0,61.0,14.0,20.3,7.07,3.21,9.0,1.29,,-0.012134009090823517,8,0.8888888888888888,-10.0,7,7,0,0,0.0,3.476332974900419,0.09272093364454957,0.23964497041420119,0.1751269035532995,0.116751269035533,0.30359355638166047,0.30656226765799255,0.2647058823529412,3.599,0.3003683129124101
641680,Jonah Heim,L,ATH,8,Taj Bradley,R,671737.0,824962,MIN @ ATH,6:40 PM,25/08,Scheduled,0.5627818891702964,,,,False,0010000001,estimated,10,2,0.2,1,2023,0.0944011425481974,0.2125524346529192,0.3064266201958043,0.11863033072425444,0.16711057813413846,20,1,-0.014598927642405918,0.977,51.0,C,0.27904092600248037,2.325372378945533,0.4517213856391622,0.2659295274531702,20,6,0,0.2111801242236025,0.19658119658119658,0.7067824648469809,0.09222497932175351,0.20099255583126552,0.18785425101214576,0.17849898580121704,0.20984455958549222,0.18968779564806054,0.21212121212121213,179,0.19469026548672566,127,False,False,0.5676412905724529,-0.004859401402156571,3.3902439024390243,3.731707317073171,82,,,,,,,-0.2836736183220844,20,3.9,1.28,140.2,9.0,5.0,158.0,62.0,0.0,0.0,0.0,25.0,SP,25.0,599.0,118.0,24.0,10.11,3.97,7.55,1.22,23.94039022020522,-0.010281889170296377,6,0.75,-7.0,7,7,0,0,0.0,3.836652067175543,0.11365616538945461,0.20103092783505155,0.17511520737327188,0.08755760368663594,0.3333867521367521,0.273198717948718,0.2108626198083067,3.599,0.35544513435863745
650859,Luis Rengifo,L,SD,6,Paul Skenes,R,694973.0,823259,PIT @ SD,6:40 PM,25/08,Scheduled,0.5623620659764247,,,,False,1111011010,estimated,0,0,0.0,0,0,0.22364986484761074,0.30077404309573386,0.2133379768781847,0.31985590619176724,0.2457871041633394,20,1,-0.0293466223698782,0.954,50.4,C,0.2788088044885628,3.200134471424085,0.42012905845054893,0.2968011332894177,20,6,0,0.2619047619047619,0.23255813953488372,0.5196374622356495,0.23521795425118688,0.24514458351316357,0.2350498338870432,0.2326454033771107,0.2116991643454039,0.23376007586533903,0.23668639053254437,187,0.2558139534883721,152,False,False,0.5914748357420557,-0.02911276976563104,3.348314606741573,3.808988764044944,89,,,,,,,0.11310081680885274,20,3.95,1.14,139.0,9.0,11.0,171.0,41.0,0.0,0.0,0.0,26.0,SP,26.0,573.0,118.0,22.0,11.07,2.65,7.64,0.91,22.786293599839624,0.009654600690242043,6,0.6666666666666666,2.0,7,6,0,0,0.0,3.7076311075710153,0.07149354872981567,0.23291139240506328,0.15090090090090091,0.09009009009009009,0.31758130081300817,0.2813109756097561,0.21,3.896,0.30477878221078775
678011,Anthony Seigler,L,BOS,8,Tyler Phillips,R,663969.0,823826,BOS @ MIA,3:40 PM,25/08,Pre-Game,0.5616552959580062,,,,False,0001111011,live,0,0,0.0,0,0,0.21249719335570838,0.24539855233946106,0.3422413417747216,0.22932245784744737,0.13800813390751318,20,1,0.05393383375034752,1.0,48.4,D,0.2980828695114409,1.9841847866551596,0.4333439291590055,0.18383546550287966,20,7,0,0.21212121212121213,0.26605504587155965,0.3401360544217687,0.42547928262213974,0.23438466295609153,0.26479750778816197,0.2290748898678414,0.21468926553672316,0.2469252601702933,0.26744186046511625,96,0.23214285714285715,66,False,False,0.5235110415337649,0.0381442544242413,3.227272727272727,3.6818181818181817,44,,,,,,,-0.05429702723900464,20,3.67,1.37,100.2,3.0,6.0,79.0,42.0,2.0,1.0,3.0,14.0,RP,31.0,434.0,96.0,14.0,7.06,3.75,8.58,1.16,17.726383832084665,-0.014115295958006202,5,0.5555555555555556,7.0,7,6,0,0,0.0,3.3418802927728635,0.10363114660876077,0.23383084577114427,0.18181818181818182,0.09523809523809523,0.36886792452830186,0.30607547169811317,0.2688679245283019,3.599,0.2867833679494708
669003,Garrett Mitchell,L,MIL,6,Zac Thornton,L,804267.0,823585,MIL @ NYM,4:10 PM,25/08,Pre-Game,0.561316966925625,,,,False,1010011010,estimated,0,0,0.0,0,0,0.26898545265550744,0.3654727240035735,0.6076392620443428,0.4102662337910509,0.32674101382345333,20,2,0.0003373819163292602,0.949,44.1,D,0.2449255751014885,2.549465294078219,0.410501433405891,0.17785154300682526,9,7,0,0.2631578947368421,0.26282051282051283,0.6571815718157181,0.3048780487804878,0.037940379403794036,0.24244415243101183,0.2713498622589532,0.2138364779874214,0.24644030668127054,0.2512315270935961,230,0.27710843373493976,198,False,True,0.5564231180639578,0.004893848861667216,3.1810344827586206,3.689655172413793,116,,,,,,,-0.0803983802185916,20,3.04,1.15,50.1,3.0,4.0,36.0,14.0,0.0,0.0,0.0,9.0,SP,9.0,200.0,44.0,22.2,6.44,2.5,7.87,1.07,22.305726557129013,-0.021288395497053636,7,0.7777777777777778,-1.0,7,6,0,0,0.0,3.2431702414908647,0.1530854526759844,0.2572178477690289,0.3167420814479638,0.11312217194570136,0.516597510373444,0.3929211618257262,0.1935483870967742,3.896,0.3118053372838203
695731,Braden Montgomery,L,CWS,5,Jacob Degrom,R,594798.0,824556,TEX @ CWS,4:40 PM,25/08,Scheduled,0.560966230679734,,,,False,1111010101,estimated,0,0,0.0,0,0,0.21504722764878687,0.3535412113756018,0.41421860604218363,0.3141005236284989,0.26003135779546893,20,1,0.07284020327498586,0.968,57.4,C,0.3103286384976526,4.892810807083516,0.4850285737670969,0.30825080935478844,20,5,0,0.18181818181818182,0.2546583850931677,0.4414542020774315,0.43059490084985835,0.1279508970727101,0.25526315789473686,0.2545454545454545,0.17922077922077922,0.23185613359023763,0.25203252032520324,142,0.21153846153846154,118,True,False,0.5812919887316544,-0.020325758051920495,3.6031746031746033,4.126984126984127,63,,,,,,,0.026971026734024402,20,3.77,1.13,126.2,9.0,8.0,157.0,32.0,0.0,0.0,0.0,24.0,SP,24.0,518.0,111.0,21.6,11.16,2.27,7.89,1.21,21.303743768374897,0.033433769320266205,6,0.6666666666666666,7.0,6,7,0,0,0.0,4.245718258474335,0.14511824326699166,0.23529411764705882,0.2222222222222222,0.10714285714285714,0.4156565656565656,0.32155555555555554,0.21254355400696864,4.024,0.3040009840263737
683953,Travis Bazzana,L,CLE,8,Walbert Ureña,R,700712.0,823989,CLE @ LAA,6:38 PM,25/08,Scheduled,0.5599056126878766,,,,False,0010011110,estimated,0,0,0.0,0,0,0.21674130135315156,0.3116889249645238,0.36906502811495434,0.27983489137337536,0.14299714401186545,20,2,-0.016519823788546245,0.979,68.1,B,0.28764278296988577,1.8574865266042089,0.3587884039557087,0.2326280754234348,20,6,0,0.25,0.23348017621145375,0.5210827693909422,0.1494013534617387,0.3295158771473191,0.22727272727272727,0.271889400921659,0.25311203319502074,0.24460681976339596,0.255,231,0.22012578616352202,182,True,True,0.5672072639526209,-0.007301651264744247,3.7010309278350517,4.257731958762887,97,,,,,,,0.014476268846378594,20,2.8,1.24,112.2,8.0,9.0,109.0,59.0,0.0,0.0,0.0,21.0,SP,23.0,479.0,81.0,20.8,8.71,4.71,6.47,0.56,21.732772477352487,-0.004385612687876628,5,0.7142857142857143,-5.0,5,7,0,0,0.0,3.9519499792054096,0.0819125966874035,0.25135135135135134,0.21176470588235294,0.11058823529411765,0.37529761904761905,0.28949285714285716,0.205607476635514,3.599,0.28933015242667737
805367,Chase Meidroth,R,CWS,7,Jacob Degrom,R,594798.0,824556,TEX @ CWS,4:40 PM,25/08,Scheduled,0.5586223243722975,,,,False,1001100100,estimated,5,2,0.4,1,2025,0.19782248342539108,0.317711413937061,0.27934686358531774,0.24458698518817817,0.22584424833377534,20,1,-0.010898337331458341,0.968,57.4,C,0.3103286384976526,4.892810807083516,0.4850285737670969,0.30825080935478844,20,5,0,0.27388535031847133,0.262987012987013,0.4414542020774315,0.43059490084985835,0.1279508970727101,0.25340599455040874,0.2455795677799607,0.25,0.25121819166215487,0.26153846153846155,297,0.2731707317073171,230,False,False,0.5783780046086279,-0.019755680236330342,3.72,4.216,125,,,,,,,0.019817824550226633,20,3.77,1.13,126.2,9.0,8.0,157.0,32.0,0.0,0.0,0.0,24.0,SP,24.0,518.0,111.0,21.6,11.16,2.27,7.89,1.21,21.303743768374897,0.020144342294369233,6,0.6666666666666666,7.0,6,7,0,0,0.0,4.224854163532331,0.07373748939135784,0.273542600896861,0.22332015810276679,0.09090909090909091,0.34289289289289293,0.31465015015015013,0.25380710659898476,3.76,0.3040009840263737
701785,Kaelen Culpepper,R,MIN,9,Gage Jump,L,695611.0,824962,MIN @ ATH,6:40 PM,25/08,Scheduled,0.5560295928964366,,,,False,1111110111,estimated,0,0,0.0,0,0,0.34121178495061144,0.3513189811233187,0.3300940530101409,0.42745426234002876,0.2025050278009259,14,1,0.042207792207792194,0.977,37.8,D,0.2811853893866299,2.077110401733848,0.39472420455819124,0.24422044088998468,16,5,0,0.36363636363636365,0.32142857142857145,0.5162629757785467,0.3972318339100346,0.08650519031141868,0.26666666666666666,0.3181818181818182,0.4117647058823529,0.3137254901960784,0.2692307692307692,30,0.4166666666666667,25,True,True,0.5516179981824955,0.004411594713941147,3.5714285714285716,3.9285714285714284,14,,,,,,,0.07934563081152825,14,4.83,1.51,82.0,5.0,8.0,88.0,40.0,0.0,0.0,0.0,16.0,SP,16.0,361.0,84.0,22.6,9.66,4.39,9.22,0.99,22.66855374605637,0.013953740436896789,6,0.6666666666666666,-10.0,5,6,0,0,0.0,3.8924754670325785,0.02798813507135004,,,,,,0.27350427350427353,3.443,0.36707965170148615
703601,Max Clark,L,DET,9,Ian Seymour,L,693855.0,824233,TB @ DET,3:40 PM,25/08,Pre-Game,0.5549058331290606,,,,False,1011010010,estimated,0,0,0.0,0,0,0.17488745376828274,0.35195949940691623,0.44861208914588563,0.238075783980487,0.1751948070557888,20,1,0.05620608899297422,1.004,86.4,A,0.3176829268292683,4.102701388312715,0.36645857092282924,0.28893695811191183,20,5,0,0.2857142857142857,0.22950819672131148,0.41784615384615387,0.27876923076923077,0.30338461538461536,0.23783783783783785,0.30851063829787234,0.2222222222222222,0.24813432835820895,0.2564102564102564,45,0.23255813953488372,44,True,False,0.5783780046086279,-0.02347217147956726,3.727272727272727,4.045454545454546,22,,,,,,,0.012776714968562126,20,4.17,1.14,101.1,9.0,4.0,123.0,32.0,2.0,0.0,2.0,11.0,RP,40.0,421.0,84.0,10.5,10.92,2.84,7.46,1.6,18.808817542508518,0.022477500204272638,6,0.6666666666666666,-9.0,7,6,0,0,0.0,3.781115906929881,0.05379639551139939,0.25,0.2159090909090909,0.07954545454545454,0.36065573770491804,0.3332950819672131,0.24444444444444444,3.443,0.3240812892663866
679822,Justin Foscue,R,TEX,7,Anthony Kay,L,641743.0,824556,TEX @ CWS,4:40 PM,25/08,Scheduled,0.5547851164259562,,,,False,0100111001,estimated,0,0,0.0,0,0,0.2841342944134541,0.3184370766771714,0.3977117300219943,0.32296842942062626,0.16595277576775153,20,1,0.18524332810047098,0.968,59.4,C,0.26357969723953695,2.8812797243509274,0.3865519487154837,0.19879053430455748,20,5,0,0.3076923076923077,0.12244897959183673,0.5681211041852182,0.29118432769367764,0.14069456812110417,0.22832369942196531,0.2764227642276423,0.313953488372093,0.2546634225466342,0.2727272727272727,96,0.23076923076923078,88,False,False,0.5235110415337649,0.03127407489219125,2.2739726027397262,2.5205479452054793,73,,,,,,,-0.16727932249562244,20,3.96,1.33,127.1,9.0,6.0,104.0,45.0,0.0,0.0,0.0,24.0,SP,26.0,565.0,124.0,21.7,7.35,3.18,8.76,1.13,22.459505460909742,-0.03935178309262288,6,0.6,4.0,7,7,0,0,0.0,2.6758826756287997,0.09711633421477468,0.19678714859437751,0.2872727272727273,0.06909090909090909,0.3264705882352941,0.25518823529411766,0.28,3.76,0.32153169195953374
676439,Hunter Feduccia,L,LAD,9,Bryce Elder,R,693821.0,824881,LAD @ ATL,4:15 PM,25/08,Pre-Game,0.554072283057159,,,,False,1010110011,live,0,0,0.0,0,0,0.2645689604916089,0.40234231755505095,0.45388480755119864,0.3255091216116035,0.15438157427645818,20,2,0.06160287081339713,1.018,42.7,D,0.26453488372093026,2.200076575482736,0.4279022947396202,0.18510633319374148,20,9,0,0.18181818181818182,0.24342105263157895,0.6534173533688803,0.23654871546291809,0.11003393116820165,0.20973154362416108,0.20544554455445543,0.2583732057416268,0.2153972153972154,0.24,115,0.22972972972972974,82,False,False,0.5042077779295823,0.049864505127576786,2.4857142857142858,2.8142857142857145,70,,,,,,,0.15808157737651085,20,3.92,1.23,137.2,8.0,7.0,113.0,46.0,0.0,0.0,0.0,24.0,SP,24.0,579.0,124.0,24.1,7.39,3.01,8.11,1.44,24.117710536610335,-0.02651514020001622,7,1.0,7.0,7,5,0,0,3.0,2.9635873948944607,0.08423045633708534,0.20344827586206896,0.27245508982035926,0.10778443113772455,0.3555276381909548,0.3109899497487437,0.205607476635514,3.443,0.3126143425181119
595879,Javier Báez,R,DET,8,Ian Seymour,L,693855.0,824233,TB @ DET,3:40 PM,25/08,Pre-Game,0.5519835377176506,,,,False,1110000111,estimated,0,0,0.0,0,0,0.23053641875907208,0.27840588463252036,0.44726368999824706,0.3273084251194287,0.19471622433222574,20,1,0.018201754385964886,1.004,86.4,A,0.3176829268292683,4.102701388312715,0.36645857092282924,0.28893695811191183,20,5,0,0.2708333333333333,0.25263157894736843,0.41784615384615387,0.27876923076923077,0.30338461538461536,0.2827763496143959,0.23314606741573032,0.17857142857142858,0.2485414235705951,0.20253164556962025,82,0.328125,67,False,False,0.577100980124484,-0.025117442406833335,3.4878048780487805,3.6341463414634148,41,,,,,,,-0.10050247041661774,20,4.17,1.14,101.1,9.0,4.0,123.0,32.0,2.0,0.0,2.0,11.0,RP,40.0,421.0,84.0,10.5,10.92,2.84,7.46,1.6,18.808817542508518,0.026066462282349434,6,0.6666666666666666,-9.0,7,6,0,0,0.0,3.628114890003868,0.024753907399127962,0.254278728606357,0.2186046511627907,0.02558139534883721,0.3671957671957672,0.29788888888888887,0.19246861924686193,3.599,0.3240812892663866
695657,Colson Montgomery,L,CWS,6,Jacob Degrom,R,594798.0,824556,TEX @ CWS,4:40 PM,25/08,Scheduled,0.5505162170537091,,,,False,0111101000,estimated,0,0,0.0,0,0,0.18321245747585527,0.29662757411757423,0.3987196825381311,0.33895848933480754,0.4737947184949286,20,1,-0.04932512002898812,0.968,57.4,C,0.3103286384976526,4.892810807083516,0.4850285737670969,0.30825080935478844,20,5,0,0.24812030075187969,0.19879518072289157,0.4414542020774315,0.43059490084985835,0.1279508970727101,0.21001532958610117,0.18786692759295498,0.2314410480349345,0.2079838009835117,0.24175824175824176,303,0.171875,217,False,False,0.5796940500296622,-0.02917783297595311,3.7804878048780486,4.227642276422764,123,,,,,,,-0.009422908350258418,20,3.77,1.13,126.2,9.0,8.0,157.0,32.0,0.0,0.0,0.0,24.0,SP,24.0,518.0,111.0,21.6,11.16,2.27,7.89,1.21,21.303743768374897,0.0372671162796242,6,0.6666666666666666,7.0,6,7,0,0,0.0,4.211391584616624,0.06839551840066295,0.21585903083700442,0.33267716535433073,0.07480314960629922,0.4203508771929824,0.3368280701754386,0.21254355400696864,3.896,0.3040009840263737
804668,Rafael Flores,R,PIT,6,Mike King,R,650633.0,823259,PIT @ SD,6:40 PM,25/08,Scheduled,0.5500394277236226,,,,False,1110110001,estimated,0,0,0.0,0,0,0.27359091705587,0.3239146975435391,0.4519185789593201,0.3734193593254947,0.3326713303971294,20,1,0.1007751937984496,0.954,72.6,B,0.2838174273858921,2.2268933021407356,0.30392534581999453,0.19924265127118618,20,6,0,0.23255813953488372,0.3333333333333333,0.4717842323651452,0.25228215767634854,0.27593360995850624,0.24528301886792453,0.14545454545454545,0.21153846153846154,0.21074380165289255,0.20512820512820512,44,0.36,29,False,False,0.5578347754172862,-0.0077953476936636346,3.0476190476190474,3.4761904761904763,21,,,,,,,-0.027304155786659,20,3.38,1.17,149.0,8.0,9.0,128.0,58.0,0.0,0.0,0.0,26.0,SP,26.0,610.0,117.0,23.5,7.73,3.5,7.07,1.09,23.89257183241016,-0.00793942772362266,4,0.5,11.0,7,6,0,0,0.0,3.676163242709081,0.07915259940234268,0.225,0.31868131868131866,0.12087912087912088,0.5098039215686274,0.3434705882352941,0.2097560975609756,3.896,0.2665206362982079
543760,Marcus Semien,R,NYM,7,Kyle Harrison,L,690986.0,823585,MIL @ NYM,4:10 PM,25/08,Pre-Game,0.5481245730868268,,,,False,0010101110,estimated,0,0,0.0,0,0,0.2009102958429091,0.3141847655618463,0.1676580272197838,0.2866421910769872,0.18573889842129843,20,2,-0.03581370086224456,0.949,88.4,A,0.31898584905660377,4.835670054042588,0.36732392313423323,0.3091765106514023,20,7,0,0.18446601941747573,0.2202797202797203,0.5976401179941003,0.31032448377581123,0.0920353982300885,0.22109375,0.1774033696729435,0.22105263157894736,0.2037969779155366,0.2018348623853211,236,0.2222222222222222,194,False,False,0.5802259027097255,-0.03210132962289869,3.536363636363636,3.909090909090909,110,,,,,,,0.055225190665954715,20,2.84,1.11,98.1,10.0,3.0,122.0,26.0,0.0,0.0,0.0,20.0,SP,20.0,402.0,83.0,20.1,11.17,2.38,7.6,1.19,20.053064118099545,0.02019542691317322,5,0.7142857142857143,15.0,7,5,0,0,1.0,3.865278156281608,0.08998475279453774,0.2261904761904762,0.21153846153846154,0.07692307692307693,0.35119418483904463,0.3209984423676012,0.22348484848484848,3.76,0.3053216316264682
592626,Joc Pederson,L,TEX,5,Anthony Kay,L,641743.0,824556,TEX @ CWS,4:40 PM,25/08,Scheduled,0.5479023155138583,,,,False,0000000000,estimated,0,0,0.0,0,0,0.09578966862731404,0.27330410722262233,0.6449071911282921,0.1640867230955975,0.29477366572543673,20,1,-0.23867069486404835,0.968,59.4,C,0.26357969723953695,2.8812797243509274,0.3865519487154837,0.19879053430455748,20,5,0,0.0,0.23867069486404835,0.5681211041852182,0.29118432769367764,0.14069456812110417,0.24146981627296588,0.23137697516930023,0.2646566164154104,0.24313595765795568,0.24434389140271492,259,0.21739130434782608,132,False,False,0.5470447852908823,0.0008575302229759663,2.823529411764706,3.2857142857142856,119,,,,,,,-0.36729919845197795,20,3.96,1.33,127.1,9.0,6.0,104.0,45.0,0.0,0.0,0.0,24.0,SP,26.0,565.0,124.0,21.7,7.35,3.18,8.76,1.13,22.459505460909742,-0.019902315513858237,6,0.6,4.0,7,7,0,0,0.0,2.6436243544817772,0.1383265303208665,0.2359882005899705,0.2366412213740458,0.11195928753180662,0.5121951219512195,0.33532113821138215,0.18840579710144928,4.024,0.32153169195953374
664702,Myles Straw,R,TOR,9,Seth Lugo,R,607625.0,822773,KC @ TOR,4:07 PM,25/08,Pre-Game,0.5462295577072177,,,,False,1000000011,estimated,0,0,0.0,0,0,0.17716247446599906,0.2542019475875103,0.2039446701916994,0.18226445554351942,0.12111640110370361,20,2,0.011476793248945127,0.995,34.9,F,0.26378794356562635,2.3624311043039183,0.4484878185877034,0.16624889689710257,20,6,0,0.21518987341772153,0.22666666666666666,0.5158254918733961,0.3939264328485885,0.0902480752780154,0.2153325817361894,0.1966019417475728,0.15254237288135594,0.20257452574525744,0.25225225225225223,122,0.1885245901639344,136,False,False,0.5250508548030294,0.02117870290418833,2.284313725490196,2.5294117647058822,102,,,,,,,-0.09517886056075822,20,4.71,1.38,145.1,5.0,7.0,111.0,46.0,0.0,0.0,0.0,26.0,SP,26.0,619.0,155.0,23.8,6.87,2.85,9.6,0.99,23.566561946405876,-0.011651779929439887,9,1.0,15.0,7,6,0,0,0.0,3.149955134713414,0.09064491285407984,0.20833333333333334,0.14675767918088736,0.06825938566552901,0.251131221719457,0.2803212669683258,0.26108374384236455,3.443,0.27360640784769436
680574,Matt Mclain,R,CIN,8,Adrian Houser,R,605288.0,823181,CIN @ SF,6:45 PM,25/08,Scheduled,0.5456325089246813,,,,False,0100110100,estimated,6,4,0.6666666666666666,1,2023,0.19037999886316673,0.30268304618347364,0.35982419189169373,0.25183485435424413,0.27490790310338564,20,1,-0.0024896978021977934,0.994,59.2,C,0.25205158264947247,2.571550441286369,0.3732943695308692,0.1569299391499639,20,6,0,0.1978021978021978,0.1953125,0.6715542521994134,0.16774193548387098,0.16070381231671554,0.21010638297872342,0.17926565874730022,0.18951612903225806,0.1980604252144722,0.208955223880597,229,0.1780821917808219,169,False,False,0.5235110415337649,0.02212146739091636,3.3689320388349513,3.8640776699029127,103,,,,,,,-0.16500084233419135,20,4.08,1.31,108.0,4.0,7.0,73.0,34.0,0.0,0.0,0.0,15.0,SP,25.0,464.0,108.0,18.6,6.08,2.83,9.0,1.25,16.342692804013996,-0.01603250892468122,5,0.5555555555555556,-4.0,5,7,0,0,0.0,3.8508139615029227,0.10896555209169818,0.20595533498759305,0.28695652173913044,0.10652173913043478,0.4114391143911439,0.3233019680196802,0.22674418604651161,3.599,0.3073890946381798
691728,Zac Veen,L,COL,7,Andrew Alvarez,L,674841.0,822693,COL @ WSH,3:45 PM,25/08,Pre-Game,0.5447879876906123,,,,False,1101110000,estimated,0,0,0.0,0,0,0.22675386334452896,0.3971596433945143,0.4338347315262516,0.40417659328874905,0.5539417306866921,10,1,0.0,1.04,45.4,D,0.28451563691838294,2.0018562310891417,0.42992405284802954,0.20882782737972497,19,5,0,,0.20833333333333334,0.4263920671243326,0.5339435545385202,0.03966437833714721,0.15584415584415584,0.13333333333333333,0.17073170731707318,0.1554054054054054,0.21428571428571427,15,0.2,10,False,False,0.513181585957967,0.031606401732645284,2.4,2.5,10,,,,,,,-0.1312655222625848,10,3.6,1.34,80.0,2.0,5.0,74.0,36.0,1.0,0.0,1.0,11.0,SP,19.0,339.0,71.0,17.8,8.33,4.05,7.99,0.45,18.933806204115022,-0.005130844833469483,7,0.7777777777777778,13.0,7,6,0,0,0.0,2.408274668053796,0.01897741454485501,0.21212121212121213,0.36792452830188677,0.04716981132075472,0.3,0.14646666666666666,0.23863636363636365,3.76,0.31256686726255617
669911,Michael Toglia,L,CIN,7,Adrian Houser,R,605288.0,823181,CIN @ SF,6:45 PM,25/08,Scheduled,0.5446672709875079,,,,False,101001000,estimated,5,2,0.4,1,2022,0.11740527201891064,0.3427695646597143,0.5241503565886726,0.16510726359489972,0.4726045503321941,9,5,-0.013888888888888895,0.994,59.2,C,0.25205158264947247,2.571550441286369,0.3732943695308692,0.1569299391499639,20,6,0,0.125,0.1111111111111111,0.6715542521994134,0.16774193548387098,0.16070381231671554,0.12264150943396226,0.14,0.0,0.10152284263959391,0.125,18,0.1,10,False,False,0.5198203726126139,0.024846898374893955,2.888888888888889,3.111111111111111,9,,,,,,,-0.18449086658018032,9,4.08,1.31,108.0,4.0,7.0,73.0,34.0,0.0,0.0,0.0,15.0,SP,25.0,464.0,108.0,18.6,6.08,2.83,9.0,1.25,16.342692804013996,-0.016407270987507938,5,0.5555555555555556,-4.0,5,7,0,0,0.0,3.2140260724977994,0.06303771113435523,0.1875,0.39149888143176736,0.09172259507829977,0.45111111111111113,0.3385711111111111,0.2804878048780488,3.76,0.3073890946381798
673357,Luis Robert,R,NYM,4,Kyle Harrison,L,690986.0,823585,MIL @ NYM,4:10 PM,25/08,Pre-Game,0.54440808184359,,,,False,1111010111,estimated,0,0,0.0,0,0,0.2570672269485428,0.43941614943162716,0.479709809717369,0.41632315176863327,0.3019219027220494,20,2,-0.04992295839753466,0.949,88.4,A,0.31898584905660377,4.835670054042588,0.36732392313423323,0.3091765106514023,20,7,0,0.1864406779661017,0.23636363636363636,0.5976401179941003,0.31032448377581123,0.0920353982300885,0.2082758620689655,0.17737003058103976,0.171875,0.19362549800796813,0.18,112,0.2753623188405797,79,False,False,0.5832862224071905,-0.038878140563600505,3.38,3.82,50,,,,,,,0.10325852240684137,20,2.84,1.11,98.1,10.0,3.0,122.0,26.0,0.0,0.0,0.0,20.0,SP,20.0,402.0,83.0,20.1,11.17,2.38,7.6,1.19,20.053064118099545,0.02921191815641,5,0.7142857142857143,15.0,7,5,0,0,1.0,3.684020688112188,0.15178809379509245,0.23980815347721823,0.24301075268817204,0.07956989247311828,0.3887061403508772,0.3267675438596491,0.22348484848484848,4.159,0.3053216316264682
665966,Carlos Narváez,R,BAL,9,,R,,823016,BAL @ STL,4:45 PM,25/08,Scheduled,0.5443737763597357,,,,False,0010000000,estimated,0,0,0.0,0,0,0.042149729448977775,0.21509024432559148,0.42940888528456617,0.05530691390589438,0.36471649770010706,20,3,0.08550508811119385,1.031,,,,,,,0,0,0,0.09803921568627451,0.18354430379746836,,,,0.1275626423690205,0.13744075829383887,0.14285714285714285,0.13183730715287517,0.14655172413793102,131,0.1827956989247312,107,False,False,0.48043199325560604,0.06394178310412968,2.9027777777777777,3.3055555555555554,72,,,,,,,-0.3386874519252073,20,,,,,,,,,,,,,,,,,,,,,,-0.024740443026402437,9,1.0,30.0,7,6,0,0,-1.0,2.9670248397980505,0.04858171037843072,0.16804407713498623,0.3022113022113022,0.06633906633906633,0.4190972222222222,0.29622916666666665,,3.443,0.3190486082316438
699013,Esmerlyn Valdez,R,PIT,4,Mike King,R,650633.0,823259,PIT @ SD,6:40 PM,25/08,Scheduled,0.5434782388315106,,,,False,1111000101,estimated,0,0,0.0,0,0,0.21832442587854609,0.41525208419715925,0.5626360349000433,0.5264240980839902,0.4547457703431941,20,1,-0.007133217659533453,0.954,72.6,B,0.2838174273858921,2.2268933021407356,0.30392534581999453,0.19924265127118618,20,6,0,0.25274725274725274,0.24561403508771928,0.4717842323651452,0.25228215767634854,0.27593360995850624,0.2299084435401831,0.22567287784679088,0.20068027210884354,0.22606232294617565,0.24793388429752067,147,0.25,100,True,False,0.5491077109055345,-0.005629472074023867,3.306451612903226,3.9838709677419355,62,,,,,,,0.08021474707696032,20,3.38,1.17,149.0,8.0,9.0,128.0,58.0,0.0,0.0,0.0,26.0,SP,26.0,610.0,117.0,23.5,7.73,3.5,7.07,1.09,23.89257183241016,-0.007403238831510617,4,0.5,11.0,7,6,0,0,0.0,4.164750652561293,0.17605657790533732,0.2537313432835821,0.36363636363636365,0.15289256198347106,0.4859882005899705,0.35805309734513274,0.2097560975609756,4.159,0.2665206362982079
676572,Eric Wagaman,R,NYM,5,Kyle Harrison,L,690986.0,823585,MIL @ NYM,4:10 PM,25/08,Pre-Game,0.5425184843194025,,,,False,0010001110,estimated,0,0,0.0,0,0,0.21369598539809753,0.27178501385600035,0.24006740731325038,0.28831343617124927,0.16918539460349075,20,2,0.0,0.949,88.4,A,0.31898584905660377,4.835670054042588,0.36732392313423323,0.3091765106514023,20,7,0,0.2,,0.5976401179941003,0.31032448377581123,0.0920353982300885,0.15483870967741936,0.1891891891891892,0.18055555555555555,0.16943521594684385,0.21739130434782608,25,0.18181818181818182,26,False,False,0.5802259027097255,-0.03770741839032299,1.875,2.125,24,,,,,,,-0.03851176313618449,20,2.84,1.11,98.1,10.0,3.0,122.0,26.0,0.0,0.0,0.0,20.0,SP,20.0,402.0,83.0,20.1,11.17,2.38,7.6,1.19,20.053064118099545,0.02564151568059747,5,0.7142857142857143,15.0,7,5,0,0,1.0,2.260018697899009,0.0633000331536598,0.24512534818941503,0.2076923076923077,0.06153846153846154,0.45083932853717024,0.3143812949640288,0.22348484848484848,4.024,0.3053216316264682
670764,Taylor Walls,L,TB,9,Jackson Jobe,R,695549.0,824233,TB @ DET,3:40 PM,25/08,Pre-Game,0.5417561643547916,,,,False,1111110000,estimated,0,0,0.0,0,0,0.19887845896763168,0.24207872082299778,0.23802787808910447,0.22988600489696587,0.22186299673698864,20,1,-0.003027643703378685,1.004,50.0,C,0.22943722943722944,,,,3,6,0,0.2169811320754717,0.21395348837209302,0.5541125541125541,0.329004329004329,0.11688311688311688,0.20537897310513448,0.16829745596868884,0.1781609195402299,0.19183285849952517,0.2222222222222222,198,0.20666666666666667,178,False,False,0.520588746122355,0.02116741823243662,3.1470588235294117,3.6862745098039214,102,,,,,,,-0.09203509004836388,20,4.5,1.36,14.0,1.0,1.0,11.0,5.0,0.0,0.0,0.0,3.0,SP,3.0,61.0,14.0,20.3,7.07,3.21,9.0,1.29,,-0.007668664354791521,8,0.8888888888888888,-10.0,7,7,0,0,0.0,3.696782369866817,0.06913362379667692,0.2222222222222222,0.2471395881006865,0.09382151029748284,0.22098765432098766,0.26205555555555554,0.2647058823529412,3.443,0.3003683129124101
670231,John Rave,L,KC,9,Max Scherzer,R,453286.0,822773,KC @ TOR,4:07 PM,25/08,Pre-Game,0.5404068296772819,,,,False,0100000101,estimated,0,0,0.0,0,0,0.16680776233612768,0.2697541774985011,0.25036525252719394,0.19851547085120097,0.2104866390485367,20,2,0.10666666666666666,0.995,51.0,C,0.22422062350119903,1.5130881988599554,0.31871999785160415,0.161693553189709,11,6,0,0.13333333333333333,0.24,0.5126050420168067,0.33133253301320525,0.15606242496998798,0.22522522522522523,0.23943661971830985,0.2625,0.23648648648648649,0.18421052631578946,42,0.25925925925925924,32,False,False,0.5042077779295823,0.03619905174769966,2.6,2.96,25,,,,,,,-0.1811648702001143,20,7.4,1.51,45.0,1.0,6.0,32.0,20.0,0.0,0.0,0.0,11.0,SP,11.0,202.0,48.0,18.4,6.4,4.0,9.6,2.4,18.75342280610798,-0.018206829677281933,8,1.0,13.0,7,6,0,0,1.0,3.0691945534674865,0.04935625018692272,0.20647773279352227,0.24468085106382978,0.08865248226950355,0.3595505617977528,0.2765056179775281,0.29464285714285715,3.443,0.2941783591610024
695670,Harry Ford,R,WSH,7,,R,,822693,COL @ WSH,3:45 PM,25/08,Pre-Game,0.5388593691626286,,,,False,0111100100,estimated,0,0,0.0,0,0,0.15232638821853012,0.2469529893164568,0.3685568427442322,0.30031199759519206,0.2981583093393355,19,3,-0.11919504643962847,1.04,,,,,,,0,0,0,0.23684210526315788,0.11764705882352941,,,,0.15605095541401273,0.184,0.2830188679245283,0.17635270541082165,0.18181818181818182,38,0.22727272727272727,26,False,False,0.48263317791859134,0.056226191244037216,2.8947368421052633,3.3684210526315788,19,,,,,,,-0.17945706540997583,19,,,,,,,,,,,,,,,,,,,,,,-0.003696869162628569,8,0.8,5.0,5,7,0,0,0.0,3.1945419186553226,0.171772903041351,0.19444444444444445,0.29545454545454547,0.13636363636363635,0.34782608695652173,0.22215217391304345,,3.76,0.34345917694454914
665052,Griffin Conine,L,MIA,7,Payton Tolle,L,801139.0,823826,BOS @ MIA,3:40 PM,25/08,Pre-Game,0.5386100058022197,,,,False,0101100010,live,0,0,0.0,0,0,0.2227276422293079,0.3512291307472152,0.5388739025480536,0.3457265943926117,0.3127544223879826,20,1,0.018741633199464536,1.0,87.8,A,0.28539944903581266,4.534523580415639,0.3359334969901632,0.2953521182045311,20,6,0,0.2777777777777778,0.25903614457831325,0.8757592490336831,0.09221424627277747,0.03202650469353948,0.23885918003565063,0.22602739726027396,0.19642857142857142,0.2261072261072261,0.25742574257425743,116,0.26506024096385544,96,False,False,0.5528961949152745,-0.014286189113054792,2.875,3.3125,64,,,,,,,-0.09356958341589466,20,3.08,1.08,120.0,8.0,6.0,134.0,33.0,0.0,0.0,0.0,21.0,SP,21.0,483.0,97.0,23.0,10.05,2.48,7.28,0.98,22.987331975222382,0.020873327531113706,6,0.75,12.0,7,6,0,0,0.0,3.5845921615442977,0.1619636290770361,0.2621082621082621,0.30456852791878175,0.09644670050761421,0.4805194805194805,0.3361948051948052,0.25757575757575757,3.76,0.3083510417796791
624424,Michael Conforto,L,CHC,8,Brandon Pfaadt,R,694297.0,825042,CHC @ AZ,6:40 PM,25/08,Scheduled,0.537286306425354,,,,False,0010000011,estimated,15,3,0.2,1,2023,0.24624900111825515,0.33182211248618837,0.33580798325019884,0.3255639901931836,0.29560496264774666,20,1,0.0,1.0,67.6,B,0.2700877785280216,3.613850639966852,0.3665753865992995,0.18022322329720386,20,6,0,,0.23267326732673269,0.5462525320729237,0.28966914247130315,0.16407832545577314,0.20884146341463414,0.16331096196868009,0.18309859154929578,0.18812589413447783,0.2079207920792079,117,0.25742574257425743,119,False,False,0.513181585957967,0.024104720467386986,2.32183908045977,2.7126436781609193,87,,,,,,,-0.12934779805691493,20,3.39,1.14,98.1,7.0,1.0,69.0,24.0,0.0,0.0,0.0,13.0,SP,23.0,403.0,88.0,17.5,6.32,2.2,8.05,1.01,18.807720990429505,-0.02074344928249694,7,0.7,24.0,6,6,0,0,0.0,3.1595564767700424,0.08474978559577985,0.23411371237458195,0.27953890489913547,0.10951008645533142,0.46947194719471946,0.3185742574257426,0.25961538461538464,3.599,0.3088278372024625
701852,Drew Cavanaugh,L,SF,8,Brady Singer,R,663903.0,823181,CIN @ SF,6:45 PM,25/08,Scheduled,0.5365600429943186,,,,False,0011010001,estimated,0,0,0.0,0,0,0.20037781463931897,0.2648835405361017,0.29142052988365147,0.2690838308839404,0.3084835620123177,20,1,0.08615384615384614,0.994,53.4,C,0.28596568411790585,2.420062388236224,0.40294190472031977,0.18909806764091744,20,5,0,0.15384615384615385,0.24,0.5884683098591549,0.41153169014084506,0.0,0.17894736842105263,0.15028901734104047,0.2459016393442623,0.1781609195402299,0.18181818181818182,52,0.2727272727272727,51,True,False,0.5024598766184784,0.034100166375840235,2.588235294117647,3.0294117647058822,34,,,,,,,-0.2301738789552523,20,4.72,1.42,131.2,5.0,11.0,107.0,43.0,0.0,0.0,0.0,25.0,SP,25.0,583.0,144.0,23.3,7.31,2.94,9.84,1.71,24.501867900341704,-0.029743376327652005,6,0.75,17.0,7,7,0,0,0.0,3.0913846578848974,0.10186156105608432,0.2261904761904762,0.24242424242424243,0.13131313131313133,0.26666666666666666,0.32614166666666666,0.30177514792899407,3.599,0.35124721020361643
663647,Ke'Bryan Hayes,R,CIN,9,Adrian Houser,R,605288.0,823181,CIN @ SF,6:45 PM,25/08,Scheduled,0.5343093278474901,,,,False,0111001110,estimated,11,3,0.2727272727272727,1,2022,0.201233187212695,0.2823343175597089,0.38407513696151924,0.26954806109714546,0.24021047440347643,20,3,-0.03507246376811593,0.994,59.2,C,0.25205158264947247,2.571550441286369,0.3732943695308692,0.1569299391499639,20,6,0,0.18,0.14492753623188406,0.6715542521994134,0.16774193548387098,0.16070381231671554,0.1488673139158576,0.13368983957219252,0.22018348623853212,0.15217391304347827,0.17272727272727273,118,0.1282051282051282,83,False,False,0.520588746122355,0.013720581725135128,3.032258064516129,3.2419354838709675,62,,,,,,,0.006013880173022865,20,4.08,1.31,108.0,4.0,7.0,73.0,34.0,0.0,0.0,0.0,15.0,SP,25.0,464.0,108.0,18.6,6.08,2.83,9.0,1.25,16.342692804013996,-0.006009327847490087,5,0.5555555555555556,-4.0,5,7,0,0,0.0,2.8325673702223977,0.05775437325342044,0.18956043956043955,0.17955112219451372,0.08229426433915212,0.4035388127853881,0.2939389269406393,0.22674418604651161,3.443,0.3073890946381798
670032,Nicky Lopez,L,TEX,9,Anthony Kay,L,641743.0,824556,TEX @ CWS,4:40 PM,25/08,Scheduled,0.5340278065496826,,,,False,0010100001,estimated,0,0,0.0,0,0,0.19816479763191316,0.2735023267102453,0.10083832358431652,0.23785484969874857,0.24492330649127161,20,1,0.1539491298527443,0.968,59.4,C,0.26357969723953695,2.8812797243509274,0.3865519487154837,0.19879053430455748,20,5,0,0.3888888888888889,0.23493975903614459,0.5681211041852182,0.29118432769367764,0.14069456812110417,0.29651162790697677,0.2225609756097561,0.24102564102564103,0.2675474814203138,0.2962962962962963,117,0.22340425531914893,108,False,False,0.520588746122355,0.013439060427327676,2.6933333333333334,3.0,75,,,,,,,-0.16776115065716452,20,3.96,1.33,127.1,9.0,6.0,104.0,45.0,0.0,0.0,0.0,24.0,SP,26.0,565.0,124.0,21.7,7.35,3.18,8.76,1.13,22.459505460909742,-0.017627806549682656,6,0.6,4.0,7,7,0,0,0.0,2.290175354649305,0.0,0.2403560830860534,0.16180371352785147,0.06896551724137931,0.2179951690821256,0.2639347826086957,0.18840579710144928,3.443,0.32153169195953374
669224,Austin Wells,L,NYY,8,Ethan Pecko,R,814490.0,823505,HOU @ NYY,4:05 PM,25/08,Pre-Game,0.5325717319556348,,,,False,1010001011,estimated,0,0,0.0,0,0,0.224202455573297,0.32493671278941183,0.42490798091244913,0.41903277795370975,0.237488123586452,20,2,0.035545810909574094,1.007,50.0,C,0.23595505617977527,,,,1,6,0,0.14942528735632185,0.18497109826589594,0.7078651685393258,0.21348314606741572,0.07865168539325842,0.1542111506524318,0.13582342954159593,0.13978494623655913,0.14717859220477023,0.16,166,0.19090909090909092,132,False,True,0.5084292951778525,0.024142436777782272,2.795698924731183,3.204301075268817,93,,,,,,,0.0674989590142836,20,4.91,1.64,3.2,0.0,0.0,4.0,3.0,0.0,0.0,0.0,1.0,SP,1.0,18.0,3.0,18.0,9.82,7.36,7.36,0.0,,-0.020905065288968183,6,0.8571428571428571,3.0,7,6,0,0,0.0,2.935320804244708,0.07637145017834043,0.1893491124260355,0.2734375,0.09114583333333333,0.44277539341917027,0.30765808297567954,0.16666666666666666,3.599,0.3334930694553643
676609,José Caballero,R,NYY,9,Ethan Pecko,R,814490.0,823505,HOU @ NYY,4:05 PM,25/08,Pre-Game,0.5316383189163433,,,,False,0001000000,estimated,0,0,0.0,0,0,0.12795576327524796,0.40611561822745346,0.34145870130831263,0.2688105675211443,0.3481800978382313,20,2,0.012736056214317087,1.007,50.0,C,0.23595505617977527,,,,1,6,0,0.2246376811594203,0.23737373737373738,0.7078651685393258,0.21348314606741572,0.07865168539325842,0.2213047068538398,0.18895348837209303,0.20481927710843373,0.20929162833486661,0.22023809523809523,187,0.24404761904761904,186,False,True,0.5065055297547256,0.025132789161617652,3.230769230769231,3.5865384615384617,104,,,,,,,-0.18500303228465492,20,4.91,1.64,3.2,0.0,0.0,4.0,3.0,0.0,0.0,0.0,1.0,SP,1.0,18.0,3.0,18.0,9.82,7.36,7.36,0.0,,-0.019554985583009943,6,0.8571428571428571,3.0,7,6,0,0,0.0,3.258898658210483,0.07422952872998571,0.23180592991913745,0.23798076923076922,0.07211538461538461,0.26409313725490197,0.2989191176470588,0.25,3.443,0.3334930694553643
669707,Jared Triolo,R,PIT,8,Mike King,R,650633.0,823259,PIT @ SD,6:40 PM,25/08,Scheduled,0.5303480560289296,,,,False,0010100101,estimated,0,0,0.0,0,0,0.19157453530712493,0.3194773295758769,0.35171673619581845,0.20741043913727672,0.09930094207333055,20,1,-0.09197728678248157,0.954,72.6,B,0.2838174273858921,2.2268933021407356,0.30392534581999453,0.19924265127118618,20,6,0,0.2892561983471074,0.19727891156462585,0.4717842323651452,0.25228215767634854,0.27593360995850624,0.21379310344827587,0.2219873150105708,0.2918454935622318,0.22711471610660486,0.2631578947368421,169,0.20689655172413793,132,False,False,0.5353548101595802,-0.005006754130650548,3.0454545454545454,3.4204545454545454,88,,,,,,,0.0018724276600902206,20,3.38,1.17,149.0,8.0,9.0,128.0,58.0,0.0,0.0,0.0,26.0,SP,26.0,610.0,117.0,23.5,7.73,3.5,7.07,1.09,23.89257183241016,-0.003723056028929639,4,0.5,11.0,7,6,0,0,0.0,3.209967259169809,0.06384605616397845,0.2340966921119593,0.21100917431192662,0.07568807339449542,0.38870431893687707,0.3033255813953488,0.2097560975609756,3.599,0.2665206362982079
545341,Randal Grichuk,R,CWS,9,Jacob Degrom,R,594798.0,824556,TEX @ CWS,4:40 PM,25/08,Scheduled,0.5302317436778335,,,,False,0111101010,estimated,0,0,0.0,0,0,0.32186526678200533,0.3293872829719049,0.3942031602246451,0.4064432807834776,0.13535386600033575,20,3,-0.1552333147425172,0.968,57.4,C,0.3103286384976526,4.892810807083516,0.4850285737670969,0.30825080935478844,20,5,0,0.3067484662576687,0.15151515151515152,0.4414542020774315,0.43059490084985835,0.1279508970727101,0.2557544757033248,0.3042168674698795,0.33624454148471616,0.28145941921072226,0.30097087378640774,108,0.25806451612903225,97,False,False,0.5437277365140271,-0.013495992836193516,2.2528735632183907,2.3563218390804597,87,,,,,,,0.13294227067227,20,3.77,1.13,126.2,9.0,8.0,157.0,32.0,0.0,0.0,0.0,24.0,SP,24.0,518.0,111.0,21.6,11.16,2.27,7.89,1.21,21.303743768374897,0.01843492298883309,6,0.6666666666666666,7.0,6,7,0,0,0.0,2.127628450238167,0.008252329183245546,0.24907063197026022,0.21830985915492956,0.03873239436619718,0.4553140096618358,0.3264347826086957,0.25380710659898476,3.443,0.3040009840263737
593428,Xander Bogaerts,R,SD,9,Paul Skenes,R,694973.0,823259,PIT @ SD,6:40 PM,25/08,Scheduled,0.5287415237241803,,,,False,1010010110,estimated,0,0,0.0,0,0,0.2252325341461415,0.3526493581629531,0.5264634597020121,0.2735665766283058,0.14731615783153437,20,1,-0.057063851181498204,0.954,50.4,C,0.2788088044885628,3.200134471424085,0.42012905845054893,0.2968011332894177,20,6,0,0.2564102564102564,0.19934640522875818,0.5196374622356495,0.23521795425118688,0.24514458351316357,0.22330623306233063,0.21037998146431883,0.20046620046620048,0.21600714073192503,0.2260536398467433,299,0.19753086419753085,196,False,False,0.5594133458761592,-0.030671822151978945,3.411290322580645,3.9919354838709675,124,,,,,,,-0.1041300246470939,20,3.95,1.14,139.0,9.0,11.0,171.0,41.0,0.0,0.0,0.0,26.0,SP,26.0,573.0,118.0,22.0,11.07,2.65,7.64,0.91,22.786293599839624,-0.0006081903908469188,6,0.6666666666666666,2.0,7,6,0,0,0.0,3.924056078409716,0.1675235620622462,0.2176039119804401,0.18410041841004185,0.12133891213389121,0.40233644859813084,0.3073042575285566,0.24170616113744076,3.443,0.30477878221078775
666211,Taylor Trammell,L,HOU,7,Will Warren,R,701542.0,823505,HOU @ NYY,4:05 PM,25/08,Pre-Game,0.52759025432582,,,,False,0100000001,estimated,0,0,0.0,0,0,0.1917668757874801,0.29755792062360975,0.44212441322910156,0.2777345743276944,0.3531426928282836,20,2,0.05047619047619048,1.007,31.2,F,0.2848975702715579,2.232985165886097,0.4895624016548738,0.21363220326764623,20,6,0,0.16666666666666666,0.21714285714285714,0.6319809069212411,0.24391408114558472,0.12410501193317422,0.19640179910044978,0.21428571428571427,0.19811320754716982,0.20217729393468117,0.26666666666666666,116,0.14634146341463414,95,False,False,0.5042077779295823,0.023382476396237695,2.710144927536232,3.0579710144927534,69,,,,,,,-0.10774178631438318,20,4.43,1.4,122.0,8.0,6.0,122.0,43.0,0.0,0.0,0.0,24.0,SP,25.0,535.0,128.0,21.4,9.0,3.17,9.44,1.4,20.740702023179768,0.009354190118624484,9,1.0,12.0,7,6,0,0,1.0,3.0889568673870467,0.0554109320257466,0.20512820512820512,0.3146067415730337,0.10393258426966293,0.38833333333333336,0.29146,0.27205882352941174,3.76,0.29049470352001544
677870,Leo Jimenez,R,MIA,6,Payton Tolle,L,801139.0,823826,BOS @ MIA,3:40 PM,25/08,Pre-Game,0.5275281139874123,,,,False,1000011001,live,0,0,0.0,0,0,0.2101893473550634,0.3576075712658654,0.40360004946997596,0.2746848205194459,0.2133799024217958,20,1,-0.059930313588850176,1.0,87.8,A,0.28539944903581266,4.534523580415639,0.3359334969901632,0.2953521182045311,20,6,0,0.18292682926829268,0.24285714285714285,0.8757592490336831,0.09221424627277747,0.03202650469353948,0.21070811744386875,0.21100917431192662,0.2222222222222222,0.21428571428571427,0.2345679012345679,92,0.18309859154929578,85,False,False,0.5516179981824955,-0.024089884195083178,2.5762711864406778,3.0,59,,,,,,,-0.1616565419015381,20,3.08,1.08,120.0,8.0,6.0,134.0,33.0,0.0,0.0,0.0,21.0,SP,21.0,483.0,97.0,23.0,10.05,2.48,7.28,0.98,22.987331975222382,0.03223855267925446,6,0.75,12.0,7,6,0,0,0.0,2.527941533751834,0.0650506365083939,0.2057877813504823,0.23901098901098902,0.07417582417582418,0.41666666666666663,0.3006049107142857,0.2012779552715655,3.896,0.3083510417796791
663586,Austin Riley,R,ATL,8,Tyler Glasnow,R,607192.0,824881,LAD @ ATL,4:15 PM,25/08,Pre-Game,0.5271907920545179,,,,False,0011001001,live,9,1,0.1111111111111111,1,2023,0.24195206744704767,0.40920539186807836,0.5411696283694932,0.394868344416173,0.362470157774707,20,2,0.0007285974499089409,1.018,83.3,A,0.32781456953642385,4.9498848080817135,0.39981652533563333,0.35897497579185195,7,111,0,0.2222222222222222,0.22295081967213115,0.5442404006677797,0.4557595993322204,0.0,0.2130479102956167,0.20125786163522014,0.2294736842105263,0.2120956399437412,0.21705426356589147,287,0.22966507177033493,233,False,False,0.5563525177831207,-0.02916172572860276,3.5923076923076924,4.0,130,,,,,,,0.03271866533800018,20,2.72,0.83,39.2,3.0,0.0,49.0,13.0,0.0,0.0,0.0,7.0,SP,7.0,148.0,20.0,21.1,11.12,2.95,4.54,1.13,20.523350892195676,0.015694922231196395,7,1.0,12.0,7,6,0,0,0.0,3.776763033008334,0.07846260197898618,0.2222222222222222,0.32083333333333336,0.07291666666666667,0.4706235011990408,0.33120863309352516,0.1568627450980392,3.599,0.3040425715846005
620443,Luis Torrens,R,NYM,8,Kyle Harrison,L,690986.0,823585,MIL @ NYM,4:10 PM,25/08,Pre-Game,0.5261565502456647,,,,False,1101111010,estimated,0,0,0.0,0,0,0.3342316329613699,0.352409830842113,0.5051685529476511,0.37036116800247604,0.11174334974271172,20,2,0.042253521126760535,0.949,88.4,A,0.31898584905660377,4.835670054042588,0.36732392313423323,0.3091765106514023,20,7,0,0.2676056338028169,0.22535211267605634,0.5976401179941003,0.31032448377581123,0.0920353982300885,0.240620957309185,0.1773049645390071,0.2867647058823529,0.22404779686333084,0.22807017543859648,119,0.25252525252525254,116,False,False,0.5586432257411204,-0.0324866754954557,2.9178082191780823,3.219178082191781,73,,,,,,,0.1032381650639842,20,2.84,1.11,98.1,10.0,3.0,122.0,26.0,0.0,0.0,0.0,20.0,SP,20.0,402.0,83.0,20.1,11.17,2.38,7.6,1.19,20.053064118099545,0.012763449754335188,5,0.7142857142857143,15.0,7,5,0,0,1.0,3.2396105656343512,0.07663944953338865,0.2361111111111111,0.18461538461538463,0.05641025641025641,0.3932291666666667,0.3007178819444445,0.22348484848484848,3.599,0.3053216316264682
666152,David Hamilton,L,MIL,9,Zac Thornton,L,804267.0,823585,MIL @ NYM,4:10 PM,25/08,Pre-Game,0.5258192283127703,,,,False,0101100110,estimated,0,0,0.0,0,0,0.21104330434368035,0.3568949316902722,0.2972424107464123,0.33035753279672214,0.2260297603787457,20,2,-0.05049066160177271,0.949,44.1,D,0.2449255751014885,2.549465294078219,0.410501433405891,0.17785154300682526,9,7,0,0.19230769230769232,0.24279835390946503,0.6571815718157181,0.3048780487804878,0.037940379403794036,0.2374331550802139,0.20388349514563106,0.16216216216216217,0.21546333143831722,0.2222222222222222,165,0.256,145,False,True,0.5287160235049333,-0.0028967951921630153,2.956043956043956,3.4065934065934065,91,,,,,,,-0.02597564503450944,20,3.04,1.15,50.1,3.0,4.0,36.0,14.0,0.0,0.0,0.0,9.0,SP,9.0,200.0,44.0,22.2,6.44,2.5,7.87,1.07,22.305726557129013,-0.013276371169913093,7,0.7777777777777778,-1.0,7,6,0,0,0.0,3.313221917821551,0.091866469046553,0.2536443148688047,0.22110552763819097,0.09547738693467336,0.30620915032679735,0.2717823529411765,0.1935483870967742,3.443,0.3118053372838203
694497,Evan Carter,L,TEX,8,Anthony Kay,L,641743.0,824556,TEX @ CWS,4:40 PM,25/08,Scheduled,0.5253100195998583,,,,False,1111010101,estimated,0,0,0.0,0,0,0.1845167320466034,0.24387484007735913,0.2460461011368838,0.28902803378043196,0.28376807908570173,20,1,0.06709229390681004,0.968,59.4,C,0.26357969723953695,2.8812797243509274,0.3865519487154837,0.19879053430455748,20,5,0,0.25806451612903225,0.1909722222222222,0.5681211041852182,0.29118432769367764,0.14069456812110417,0.19968304278922344,0.17099236641221374,0.17857142857142858,0.18874847125968203,0.22404371584699453,214,0.16176470588235295,160,False,False,0.5042229198903072,0.021087099709551138,2.873873873873874,3.369369369369369,111,,,,,,,-0.012442417347050462,20,3.96,1.33,127.1,9.0,6.0,104.0,45.0,0.0,0.0,0.0,24.0,SP,26.0,565.0,124.0,21.7,7.35,3.18,8.76,1.13,22.459505460909742,-0.02236001959985834,6,0.6,4.0,7,7,0,0,0.0,3.40131907195917,0.02543848970639293,0.19186046511627908,0.2400990099009901,0.11386138613861387,0.35728744939271256,0.2761983805668016,0.18840579710144928,3.599,0.32153169195953374
622268,Donovan Walton,L,ATH,9,Taj Bradley,R,671737.0,824962,MIN @ ATH,6:40 PM,25/08,Scheduled,0.5235110415337649,,,,False,1010111110,estimated,0,0,0.0,0,0,0.24440627835692375,0.2748705356344501,0.3373704226450313,0.2682980715230779,0.11915145473322611,20,1,0.08378378378378376,0.977,51.0,C,0.27904092600248037,2.325372378945533,0.4517213856391622,0.2659295274531702,20,6,0,0.2,0.28378378378378377,0.7067824648469809,0.09222497932175351,0.20099255583126552,0.2679245283018868,0.24390243902439024,0.26071428571428573,0.2598770851624232,0.27956989247311825,103,0.27692307692307694,81,False,False,0.5235110415337649,0.0,2.8214285714285716,3.2857142857142856,56,,,,,,,0.0717247405006868,20,3.9,1.28,140.2,9.0,5.0,158.0,62.0,0.0,0.0,0.0,25.0,SP,25.0,599.0,118.0,24.0,10.11,3.97,7.55,1.22,23.94039022020522,0.014905625132901723,6,0.75,-7.0,7,7,0,0,0.0,3.3358881888133847,0.09444396926366834,0.21908127208480566,0.17337461300309598,0.09287925696594428,0.32709251101321585,0.2556123348017621,0.2108626198083067,3.443,0.35544513435863745
801126,Brock Rodden,L,SEA,9,Aaron Nola,R,605400.0,823098,PHI @ SEA,6:40 PM,25/08,Scheduled,0.523468805081107,,,,False,11111100,estimated,0,0,0.0,0,0,0.22231820328997376,0.26123096141107865,0.5232577414615935,0.5022432676894285,0.4023681524367619,8,1,0.0222222222222222,0.906,62.1,C,0.30147368421052634,3.607817220335518,0.44531032511850954,0.25909202400926157,20,6,0,0.2,0.2222222222222222,0.4970414201183432,0.34023668639053256,0.16272189349112426,0.24096385542168675,0.10256410256410256,0.14035087719298245,0.1787709497206704,0.14285714285714285,16,0.2857142857142857,16,True,False,0.5324580149674172,-0.008989209886310134,3.5,4.0,8,,,,,,,-0.038292036791454216,8,5.12,1.42,137.0,5.0,9.0,146.0,46.0,0.0,0.0,0.0,26.0,SP,26.0,593.0,148.0,22.8,9.59,3.02,9.72,2.04,23.13560368421319,-0.013608805081107067,5,0.625,-11.0,7,7,0,0,0.0,3.942104419218817,0.07585280587157028,,,,,,0.2693498452012384,3.443,0.3539566038238833
694378,Jacob Gonzalez,L,PIT,9,Mike King,R,650633.0,823259,PIT @ SD,6:40 PM,25/08,Scheduled,0.5217327835324185,,,,False,0110001000,estimated,0,0,0.0,0,0,0.19837003453881802,0.25495770438807774,0.258630272092416,0.22758974671375334,0.18101662351062248,20,1,0.0050691244239631505,0.954,72.6,B,0.2838174273858921,2.2268933021407356,0.30392534581999453,0.19924265127118618,20,6,0,0.21428571428571427,0.21935483870967742,0.4717842323651452,0.25228215767634854,0.27593360995850624,0.1856925418569254,0.19387755102040816,0.2033898305084746,0.18988391376451078,0.17708333333333334,103,0.273972602739726,80,True,False,0.5116149380939702,0.010117845438448292,2.725806451612903,2.9516129032258065,62,,,,,,,-0.21455410333431807,20,3.38,1.17,149.0,8.0,9.0,128.0,58.0,0.0,0.0,0.0,26.0,SP,26.0,610.0,117.0,23.5,7.73,3.5,7.07,1.09,23.89257183241016,-0.018382783532418512,4,0.5,11.0,7,6,0,0,0.0,2.6192475655022216,0.010230534125936677,0.22807017543859648,0.17204301075268819,0.04838709677419355,0.3645083932853717,0.3050935251798561,0.2215568862275449,3.443,0.2665206362982079
805999,A. J. Ewing,L,NYM,9,Kyle Harrison,L,690986.0,823585,MIL @ NYM,4:10 PM,25/08,Pre-Game,0.5187228862985113,,,,False,1000101011,estimated,0,0,0.0,0,0,0.15130054555808956,0.31922237425500677,0.34282321671696564,0.250615729853921,0.3026433165622076,20,2,-0.015220189133232614,0.949,88.4,A,0.31898584905660377,4.835670054042588,0.36732392313423323,0.3091765106514023,20,7,0,0.2318840579710145,0.2471042471042471,0.5976401179941003,0.31032448377581123,0.0920353982300885,0.212481426448737,0.21779548472775564,0.2404255319148936,0.21915142078629818,0.26063829787234044,207,0.22142857142857142,164,True,False,0.558696727308524,-0.03997384101001278,3.6444444444444444,4.122222222222222,90,,,,,,,0.03790711716302378,20,2.84,1.11,98.1,10.0,3.0,122.0,26.0,0.0,0.0,0.0,20.0,SP,20.0,402.0,83.0,20.1,11.17,2.38,7.6,1.19,20.053064118099545,0.03263711370148881,5,0.7142857142857143,15.0,7,5,0,0,1.0,4.340009230304713,0.0948081473606105,0.24307692307692308,0.26358695652173914,0.09510869565217392,0.42909356725146197,0.35962719298245616,0.2222222222222222,3.443,0.3053216316264682
573262,Mike Yastrzemski,L,ATL,7,Tyler Glasnow,R,607192.0,824881,LAD @ ATL,4:15 PM,25/08,Pre-Game,0.5184120681483825,,,,False,0100001100,live,0,0,0.0,0,0,0.23344996380181887,0.36902045524619,0.4974630939980364,0.33770135924155653,0.29625257882121897,20,2,0.11029411764705882,1.018,83.3,A,0.32781456953642385,4.9498848080817135,0.39981652533563333,0.35897497579185195,7,111,0,0.125,0.23529411764705882,0.5442404006677797,0.4557595993322204,0.0,0.21498371335504887,0.1785063752276867,0.2339622641509434,0.20837390457643623,0.22666666666666666,165,0.2318840579710145,163,False,False,0.5319318135441155,-0.013519745395732974,2.5945945945945947,2.954954954954955,111,,,,,,,-0.1034338450728895,20,2.72,0.83,39.2,3.0,0.0,49.0,13.0,0.0,0.0,0.0,7.0,SP,7.0,148.0,20.0,21.1,11.12,2.95,4.54,1.13,20.523350892195676,0.014430788994474697,7,1.0,12.0,7,6,0,0,0.0,2.5744061987538944,0.12297266952376483,0.24126984126984127,0.23351648351648352,0.11538461538461539,0.4514492753623188,0.3244260869565217,0.14457831325301204,3.76,0.3040425715846005
671976,Tristan Peters,L,CWS,8,Jacob Degrom,R,594798.0,824556,TEX @ CWS,4:40 PM,25/08,Scheduled,0.5115727016413124,,,,False,1101000111,estimated,0,0,0.0,0,0,0.27058370015843586,0.33090095450094753,0.49535497044304083,0.34904958495534394,0.21189029698469405,20,1,0.173718610251118,0.968,57.4,C,0.3103286384976526,4.892810807083516,0.4850285737670969,0.30825080935478844,20,5,0,0.1111111111111111,0.2848297213622291,0.4414542020774315,0.43059490084985835,0.1279508970727101,0.23493975903614459,0.26588628762541805,0.23823529411764705,0.2456223379081874,0.2393617021276596,203,0.30864197530864196,187,False,False,0.5529085937193232,-0.041335892078010805,2.9166666666666665,3.25,120,,,,,,,0.06848121441324205,20,3.77,1.13,126.2,9.0,8.0,157.0,32.0,0.0,0.0,0.0,24.0,SP,24.0,518.0,111.0,21.6,11.16,2.27,7.89,1.21,21.303743768374897,0.037577298358687505,6,0.6666666666666666,7.0,6,7,0,0,0.0,3.3046784790390147,0.09296451755207917,0.26956521739130435,0.18181818181818182,0.07532467532467532,0.31836363636363635,0.31402545454545455,0.21254355400696864,3.599,0.3040009840263737
663728,Cal Raleigh,L,SEA,7,Aaron Nola,R,605400.0,823098,PHI @ SEA,6:40 PM,25/08,Scheduled,0.5098670367828663,-100.0,113.0,50.0,False,0010001111,estimated,0,0,0.0,0,0,0.23491919955495125,0.2893837770638482,0.5575769687053596,0.2998609820175525,0.19479413068630616,20,1,0.02417995095033723,0.906,62.1,C,0.30147368421052634,3.607817220335518,0.44531032511850954,0.25909202400926157,20,6,0,0.15178571428571427,0.1759656652360515,0.4970414201183432,0.34023668639053256,0.16272189349112426,0.16166564605021433,0.18347509113001215,0.1556350626118068,0.16650082918739637,0.1848341232227488,244,0.1417910447761194,161,False,False,0.520588746122355,-0.010721709339488683,3.556701030927835,4.175257731958763,97,,,,,,,0.06338509988551513,20,5.12,1.42,137.0,5.0,9.0,146.0,46.0,0.0,0.0,0.0,26.0,SP,26.0,593.0,148.0,22.8,9.59,3.02,9.72,2.04,23.13560368421319,-0.007887036782866286,5,0.625,-11.0,7,7,0,0,0.0,3.742149291808417,0.24572758851913454,0.18433179723502305,0.31952662721893493,0.11834319526627218,0.38174019607843135,0.29325,0.2693498452012384,3.76,0.3539566038238833
664774,Lamonte Wade,L,HOU,8,Will Warren,R,701542.0,823505,HOU @ NYY,4:05 PM,25/08,Pre-Game,0.507408562806425,,,,False,0010011010,estimated,0,0,0.0,0,0,0.2590550802321408,0.30829887950075324,0.43580864710879824,0.34842475484761043,0.2404182882298408,20,2,0.08214285714285716,1.007,31.2,F,0.2848975702715579,2.232985165886097,0.4895624016548738,0.21363220326764623,20,6,0,0.14285714285714285,0.225,0.6319809069212411,0.24391408114558472,0.12410501193317422,0.2112970711297071,0.19289340101522842,0.13636363636363635,0.1935881627620222,0.1724137931034483,66,0.2777777777777778,45,False,False,0.48999048804406753,0.01741807476235746,2.611111111111111,3.0833333333333335,36,,,,,,,-0.011204949217875694,20,4.43,1.4,122.0,8.0,6.0,122.0,43.0,0.0,0.0,0.0,24.0,SP,25.0,535.0,128.0,21.4,9.0,3.17,9.44,1.4,20.740702023179768,0.007113659415797224,9,1.0,12.0,7,6,0,0,1.0,2.7591888413830734,0.12107843906239703,0.19384615384615383,0.23697916666666666,0.13020833333333334,0.333974358974359,0.2619102564102564,0.27205882352941174,3.599,0.29049470352001544
679529,Spencer Torkelson,R,DET,7,Ian Seymour,L,693855.0,824233,TB @ DET,3:40 PM,25/08,Pre-Game,0.5073663263537671,,,,False,1000000001,estimated,0,0,0.0,0,0,0.1639365563398261,0.20022190894349687,0.47673609909207654,0.2773641295733676,0.3959884105079603,20,1,0.044116189154357055,1.004,86.4,A,0.3176829268292683,4.102701388312715,0.36645857092282924,0.28893695811191183,20,5,0,0.25190839694656486,0.2077922077922078,0.41784615384615387,0.27876923076923077,0.30338461538461536,0.20856820744081173,0.20238095238095238,0.20408163265306123,0.2056780428873452,0.18777292576419213,264,0.2571428571428571,241,False,False,0.5275281139874123,-0.02016178763364518,3.4031007751937983,3.9147286821705425,129,,,,,,,-0.08711949118742444,20,4.17,1.14,101.1,9.0,4.0,123.0,32.0,2.0,0.0,2.0,11.0,RP,40.0,421.0,84.0,10.5,10.92,2.84,7.46,1.6,18.808817542508518,0.026867006979566233,6,0.6666666666666666,-9.0,7,6,0,0,0.0,3.704401290170689,0.14711052438054317,0.22549019607843138,0.3091684434968017,0.10874200426439233,0.41463878326996195,0.33576996197718634,0.19246861924686193,3.76,0.3240812892663866
691777,Max Muncy,R,ATH,7,Taj Bradley,R,671737.0,824962,MIN @ ATH,6:40 PM,25/08,Scheduled,0.5041655414769245,,,,False,0010100111,estimated,0,0,0.0,0,0,0.16063052148746962,0.30658778444600665,0.3223198492717748,0.3013471733074728,0.36266052589527537,20,1,0.05785123966942149,0.977,51.0,C,0.27904092600248037,2.325372378945533,0.4517213856391622,0.2659295274531702,20,6,0,0.18181818181818182,0.2396694214876033,0.7067824648469809,0.09222497932175351,0.20099255583126552,0.22769640479360853,0.1879049676025918,0.15566037735849056,0.2032122905027933,0.22123893805309736,128,0.20833333333333334,107,False,False,0.5065477662073835,-0.002382224730459015,3.1666666666666665,3.5606060606060606,66,,,,,,,-0.16376379502516134,20,3.9,1.28,140.2,9.0,5.0,158.0,62.0,0.0,0.0,0.0,25.0,SP,25.0,599.0,118.0,24.0,10.11,3.97,7.55,1.22,23.94039022020522,0.007067791856408823,6,0.75,-7.0,7,7,0,0,0.0,3.2374779951220174,0.06765559313155171,0.22077922077922077,0.3129411764705882,0.06588235294117648,0.3955026455026455,0.30328571428571427,0.23853211009174313,3.76,0.35544513435863745
669134,Luis Campusano,R,SD,8,Paul Skenes,R,694973.0,823259,PIT @ SD,6:40 PM,25/08,Scheduled,0.49003272449672536,,,,False,0111000100,estimated,0,0,0.0,0,0,0.24162995082361388,0.2993535431535567,0.35938501508411164,0.2700055610136613,0.18919511597835323,20,1,-0.06597222222222221,0.954,50.4,C,0.2788088044885628,3.200134471424085,0.42012905845054893,0.2968011332894177,20,6,0,0.34375,0.2777777777777778,0.5196374622356495,0.23521795425118688,0.24514458351316357,0.2939914163090129,0.2166172106824926,0.3282442748091603,0.274468085106383,0.27631578947368424,93,0.3125,72,False,False,0.5136597773682678,-0.023627052871542487,2.8,3.3,50,,,,,,,-0.06737554959306798,20,3.95,1.14,139.0,9.0,11.0,171.0,41.0,0.0,0.0,0.0,26.0,SP,26.0,573.0,118.0,22.0,11.07,2.65,7.64,0.91,22.786293599839624,0.006600608836607957,6,0.6666666666666666,2.0,7,6,0,0,0.0,3.5096998035509315,0.141223554901925,0.22822822822822822,0.1994750656167979,0.11548556430446194,0.4072632944228275,0.28500000000000003,0.24170616113744076,3.599,0.30477878221078775
694203,Denzer Guzman,R,LAA,9,Gavin Williams,R,668909.0,823989,CLE @ LAA,6:38 PM,25/08,Scheduled,0.48999048804406753,,,,False,1001111000,estimated,0,0,0.0,0,0,0.17595997582210246,0.3137752394784829,0.3206844147014962,0.30327519639965445,0.34815983058549077,20,1,0.06344663088849134,0.979,65.6,B,0.3300773300773301,5.012321876575042,0.4561378548530564,0.35266907489102794,20,5,0,0.18461538461538463,0.24806201550387597,0.4921681780708986,0.5078318219291014,0.0,0.23229813664596274,0.15681818181818183,0.2085889570552147,0.20877565463552725,0.2288135593220339,124,0.2236842105263158,84,False,False,0.5065477662073835,-0.01655727816331598,3.5925925925925926,3.8518518518518516,54,,,,,,,-0.020364167122067477,20,3.72,1.09,154.2,12.0,7.0,201.0,48.0,0.0,0.0,0.0,26.0,SP,26.0,621.0,120.0,23.9,11.7,2.79,6.98,1.45,23.518895940557318,0.030159511955932472,6,0.75,16.0,7,7,0,0,0.0,3.1827380749883463,0.01723601961299835,0.2231404958677686,0.2918287937743191,0.042801556420233464,0.3502994011976048,0.303311377245509,0.24311926605504589,3.443,0.29800175154877817
657757,Gavin Sheets,L,SD,7,Paul Skenes,R,694973.0,823259,PIT @ SD,6:40 PM,25/08,Scheduled,0.48999048804406753,,,,False,0010111000,estimated,0,0,0.0,0,0,0.1938834417428194,0.3188772208605568,0.3341674036189533,0.2510022451649726,0.21049359501306797,20,1,0.06349522292993631,0.954,50.4,C,0.2788088044885628,3.200134471424085,0.42012905845054893,0.2968011332894177,20,6,0,0.15625,0.2197452229299363,0.5196374622356495,0.23521795425118688,0.24514458351316357,0.19010416666666666,0.18255813953488373,0.2111111111111111,0.1931315878952737,0.1932367149758454,243,0.2446043165467626,161,False,False,0.5042077779295823,-0.014217289885514739,2.907563025210084,3.3949579831932772,119,,,,,,,-0.17505113050026963,20,3.95,1.14,139.0,9.0,11.0,171.0,41.0,0.0,0.0,0.0,26.0,SP,26.0,573.0,118.0,22.0,11.07,2.65,7.64,0.91,22.786293599839624,0.013092845289265798,6,0.6666666666666666,2.0,7,6,0,0,0.0,2.395609569698765,0.1578611912914406,0.21652421652421652,0.20638820638820637,0.11547911547911548,0.39575530586766544,0.29879026217228466,0.21,3.76,0.30477878221078775
642215,Weston Wilson,R,SEA,8,Aaron Nola,R,605400.0,823098,PHI @ SEA,6:40 PM,25/08,Scheduled,0.48999048804406753,,,,False,1001000110,estimated,0,0,0.0,0,0,0.1498966521355066,0.2815012887865798,0.3852513797607728,0.2342422948372999,0.4125325031462266,20,1,-0.08499095840867993,0.906,62.1,C,0.30147368421052634,3.607817220335518,0.44531032511850954,0.25909202400926157,20,6,0,0.22784810126582278,0.14285714285714285,0.4970414201183432,0.34023668639053256,0.16272189349112426,0.19466666666666665,0.1935483870967742,0.23780487804878048,0.20278833967046894,0.18461538461538463,73,0.22448979591836735,57,False,False,0.48999048804406753,0.0,2.425531914893617,2.765957446808511,47,,,,,,,-0.05960962922499443,20,5.12,1.42,137.0,5.0,9.0,146.0,46.0,0.0,0.0,0.0,26.0,SP,26.0,593.0,148.0,22.8,9.59,3.02,9.72,2.04,23.13560368421319,-0.010950488044067508,5,0.625,-11.0,7,7,0,0,0.0,3.120762080830533,0.11073878840048151,0.20430107526881722,0.2893081761006289,0.10377358490566038,0.4081996434937611,0.31744563279857396,0.28110599078341014,3.599,0.3539566038238833
666139,Josh Lowe,L,LAA,7,Gavin Williams,R,668909.0,823989,CLE @ LAA,6:38 PM,25/08,Scheduled,0.48999048804406753,,,,False,1001110001,estimated,8,2,0.25,1,2023,0.3095701081679742,0.3654240806203357,0.4900562009783831,0.4020051107408871,0.3573463665575719,20,1,0.11786085150571132,0.979,65.6,B,0.3300773300773301,5.012321876575042,0.4561378548530564,0.35266907489102794,20,5,0,0.1111111111111111,0.22897196261682243,0.4921681780708986,0.5078318219291014,0.0,0.150997150997151,0.16778523489932887,0.19873817034700317,0.1641954969796815,0.2097902097902098,155,0.22448979591836735,109,False,False,0.5219603098641025,-0.03196982182003494,2.9036144578313254,3.180722891566265,83,,,,,,,-0.01872871510345907,20,3.72,1.09,154.2,12.0,7.0,201.0,48.0,0.0,0.0,0.0,26.0,SP,26.0,621.0,120.0,23.9,11.7,2.79,6.98,1.45,23.518895940557318,0.044059511955932495,6,0.75,16.0,7,7,0,0,0.0,3.09547809707865,0.056801508339974056,0.20899470899470898,0.30413625304136255,0.06082725060827251,0.36462450592885376,0.3018774703557312,0.19142857142857142,3.76,0.29800175154877817
642350,José Siri,R,LAA,8,Gavin Williams,R,668909.0,823989,CLE @ LAA,6:38 PM,25/08,Scheduled,0.48263317791859134,,,,False,1110001010,estimated,0,0,0.0,0,0,0.21217360471424157,0.4303925486237117,0.6072512334718673,0.3750833031827925,0.3768915751213204,20,1,0.163265306122449,0.979,65.6,B,0.3300773300773301,5.012321876575042,0.4561378548530564,0.35266907489102794,20,5,0,0.19387755102040816,0.35714285714285715,0.4921681780708986,0.5078318219291014,0.0,0.26346153846153847,0.22772277227722773,0.21764705882352942,0.24475524475524477,0.26506024096385544,87,0.23943661971830985,83,False,False,0.49995916618937924,-0.017325988270787906,2.3692307692307693,2.6153846153846154,65,,,,,,,0.033376974486365035,20,3.72,1.09,154.2,12.0,7.0,201.0,48.0,0.0,0.0,0.0,26.0,SP,26.0,621.0,120.0,23.9,11.7,2.79,6.98,1.45,23.518895940557318,0.027283488748075346,6,0.75,16.0,7,7,0,0,0.0,2.8442346491554207,0.05397640245750317,0.20249221183800623,0.38108882521489973,0.06017191977077364,0.42021276595744683,0.30157978723404255,0.24311926605504589,3.599,0.29800175154877817
665923,Esteury Ruiz,R,MIA,8,Payton Tolle,L,801139.0,823826,BOS @ MIA,3:40 PM,25/08,Pre-Game,0.48263317791859134,,,,False,0011001000,live,0,0,0.0,0,0,0.1847532800765675,0.24867914136670494,0.1892255201579504,0.3517333778767402,0.3933274952879759,20,1,-0.07896450667535004,1.0,87.8,A,0.28539944903581266,4.534523580415639,0.3359334969901632,0.2953521182045311,20,6,0,0.20481927710843373,0.28378378378378377,0.8757592490336831,0.09221424627277747,0.03202650469353948,0.17777777777777778,0.16049382716049382,0.20987654320987653,0.17740429505135388,0.2289156626506024,102,0.25675675675675674,88,False,False,0.5041655414769245,-0.021532363558333156,2.1805555555555554,2.638888888888889,72,,,,,,,-0.12273415818954843,20,3.08,1.08,120.0,8.0,6.0,134.0,33.0,0.0,0.0,0.0,21.0,SP,21.0,483.0,97.0,23.0,10.05,2.48,7.28,0.98,22.987331975222382,0.024283488748075344,6,0.75,12.0,7,6,0,0,0.0,2.9783068273549587,0.040394721751506366,0.22264150943396227,0.30670926517571884,0.08626198083067092,0.27416173570019725,0.2657100591715976,0.2012779552715655,3.599,0.3083510417796791
640459,Brian Navarreto,R,MIA,9,Payton Tolle,L,801139.0,823826,BOS @ MIA,3:40 PM,25/08,Pre-Game,0.47586968820898207,,,,False,1000000100,live,0,0,0.0,0,0,0.07600192359490339,0.2101978594383495,0.09951387716748016,0.12798913165107806,0.395773365559718,14,2,0.16,1.0,87.8,A,0.28539944903581266,4.534523580415639,0.3359334969901632,0.2953521182045311,20,6,0,0.16,0.0,0.8757592490336831,0.09221424627277747,0.03202650469353948,0.14893617021276595,0.07462686567164178,0.1875,0.13145539906103287,0.15789473684210525,23,0.08333333333333333,14,False,False,0.4968082313514483,-0.020938543142466237,2.2142857142857144,2.642857142857143,14,,,,,,,-0.32705169887531277,14,3.08,1.08,120.0,8.0,6.0,134.0,33.0,0.0,0.0,0.0,21.0,SP,21.0,483.0,97.0,23.0,10.05,2.48,7.28,0.98,22.987331975222382,0.0338136451243512,6,0.75,12.0,7,6,0,0,0.0,2.7397137564286416,0.04825338526266615,0.20689655172413793,0.22388059701492538,0.04477611940298507,0.2635658914728682,0.17493023255813955,0.2012779552715655,3.443,0.3083510417796791
669221,Sean Murphy,R,ATL,9,Tyler Glasnow,R,607192.0,824881,LAD @ ATL,4:15 PM,25/08,Pre-Game,0.4736685035459967,,,,False,0010110011,live,0,0,0.0,0,0,0.153567926840498,0.30148304808967646,0.32461234977245557,0.27160516878763863,0.3469795742086283,12,2,0.07211538461538461,1.018,83.3,A,0.32781456953642385,4.9498848080817135,0.39981652533563333,0.35897497579185195,7,111,0,0.11538461538461539,0.1875,0.5442404006677797,0.4557595993322204,0.0,0.1,0.02531645569620253,0.0,0.0749063670411985,0.11538461538461539,26,0.1875,16,False,False,0.4926018560639031,-0.0189333525179064,3.5,3.5,12,,,,,,,0.09910044876645141,12,2.72,0.83,39.2,3.0,0.0,49.0,13.0,0.0,0.0,0.0,7.0,SP,7.0,148.0,20.0,21.1,11.12,2.95,4.54,1.13,20.523350892195676,0.009002925025431874,7,1.0,12.0,7,6,0,0,0.0,3.508022092260185,0.0,0.17894736842105263,0.3119266055045872,0.0963302752293578,0.41700819672131145,0.3073073770491803,0.1568627450980392,3.443,0.3040425715846005
