batter_id,name,batter_hand,team,slot,pitcher,pitcher_hand,opp_pitcher_id,game_pk,matchup,start_time,game_date,game_state,p_hit,hit_odds,no_hit_odds,yes_cents,has_hit,last5,lineup_source,bvp_ab,bvp_h,bvp_avg,b_hit_rate,b_xba,b_hardhit,b_babip,b_n_games,b_days_rest,split_diff,park_factor,p_rating,p_grade,p_csw,p_k_bb,p_hardhit_allowed,p_n_games,p_days_rest,is_opener,b_hit_rate_vs_L,b_hit_rate_vs_R,p_use_fb,p_use_bb,p_use_os,b_hr_vs_fb,b_hr_vs_bb,b_hr_vs_os,b_hr_overall,b_hit_rate_vs_sp,b_pa_vs_sp,b_hit_rate_vs_rp,b_pa_vs_rp,b_is_rookie,p_is_rookie,base_p_hit,matchup_delta,b_avg_ab,b_avg_pa,b_games_played,p_multihit,base_p_multihit,p_multihit_matchup_delta,p_hrRbi,base_p_hrRbi,p_hrRbi_matchup_delta,b_quality_first3,b_n_games_first3,lean_tag,p_era,p_whip_official,p_ip,p_wins,p_losses,p_so,p_bb_official,p_saves,p_blown_saves,p_save_opps,p_games_started,p_role,p_games_pitched,p_bf_official,p_hits_allowed,p_bf_per_g,p_k9,p_bb9,p_h9,p_hr9,p_avg_bf
650333,Luis Arráez,L,SF,1,Grayson Rodriguez,R,680570,823196,LAA @ SF,7:15 PM,24/07,Scheduled,0.7348739782961307,,,,False,0111011100,estimated,0,0,0.0,0.27005354060129033,0.27765674467237,0.11291300896579601,0.3105301416266726,20,2,-0.022271207053815745,0.994,15.0,F,0.25263157894736843,1.5320617742551916,0.5608605773159377,8,6,0,0.33695652173913043,0.3146853146853147,0.5363636363636364,0.23333333333333334,0.23030303030303031,0.3647865050079072,0.3357142857142857,0.3129973474801061,0.35025041736227047,0.3744493392070485,248,0.23841059602649006,172,False,False,0.688963615820238,0.04591036247589264,3.9789473684210526,4.421052631578948,95,0.32933871868768866,0.3023363702787016,0.027002348408987076,0.6044809943375711,0.5243565060452517,0.08012448829231933,0.1078908012762669,20,STRONG,8.23,1.77,35.0,3,3,27,17,0,0,0,8,SP,8,168,45,21.0,6.94,4.37,11.57,1.29,21.077866537795906
805779,Jacob Wilson,R,ATH,1,Zebby Matthews,R,805673,823680,ATH @ MIN,5:10 PM,24/07,Scheduled,0.7223020246839283,-270.0,285.0,73.0,False,1111111111,estimated,0,0,0.0,0.31548742451356576,0.35490586875953456,0.30278960847942005,0.36219441682234443,20,2,-0.004170084768936322,1.022,45.2,D,0.2765765765765766,2.42370339996562,0.41098075812786133,12,5,0,0.29347826086956524,0.2893081761006289,0.5342342342342342,0.34144144144144145,0.12432432432432433,0.2961335676625659,0.2982791586998088,0.28191489361702127,0.29481641468682507,0.3051948051948052,162,0.26804123711340205,103,False,False,0.7008427595836824,0.021459265100245983,4.048387096774194,4.274193548387097,62,0.3160076468135012,0.29469034384216425,0.021317302971336938,0.5751826077138728,0.5504139432300681,0.02476866448380466,0.330042166387342,20,NEUTRAL,5.4,1.34,70.0,4,7,58,21,0,0,0,12,SP,12,297,73,24.8,7.46,2.7,9.39,1.93,24.631374132219598
671218,Heliot Ramos,R,SF,2,Grayson Rodriguez,R,680570,823196,LAA @ SF,7:15 PM,24/07,Scheduled,0.7058815976585326,,,,False,1011111100,estimated,0,0,0.0,0.23949545774109549,0.3874833398673018,0.5482619834245771,0.38003018735357247,20,2,-0.014375000000000027,0.994,15.0,F,0.25263157894736843,1.5320617742551916,0.5608605773159377,8,6,0,0.28,0.265625,0.5363636363636364,0.23333333333333334,0.23030303030303031,0.24622222222222223,0.2423728813559322,0.2868525896414343,0.25252525252525254,0.24,156,0.31521739130434784,100,False,False,0.6681811662871732,0.03770043137135948,3.8412698412698414,4.063492063492063,63,0.3188475241847277,0.26636408378815624,0.05248344039657149,0.5751826077138728,0.5035652714553961,0.07161733625847666,0.0013045027447654142,20,STRONG,8.23,1.77,35.0,3,3,27,17,0,0,0,8,SP,8,168,45,21.0,6.94,4.37,11.57,1.29,21.077866537795906
802139,Jj Wetherholt,L,STL,1,Rhett Lowder,R,695076,823031,CIN @ STL,5:15 PM,24/07,Scheduled,0.6964833526523143,,,,False,0001110011,estimated,3,2,0.6666666666666666,0.2234385969867852,0.272730957050379,0.4069451909987625,0.24806077621656353,20,1,0.06826241134751773,1.031,32.0,F,0.26895450917797287,1.4505572842246437,0.41421052141985326,17,6,0,0.20833333333333334,0.2765957446808511,0.5184294871794872,0.27564102564102566,0.20592948717948717,0.24817518248175183,0.26212471131639725,0.2618556701030928,0.2564102564102564,0.27074235807860264,260,0.24161073825503357,176,True,False,0.688963615820238,0.007519736832076296,3.9789473684210526,4.589473684210526,95,0.29284989577556586,0.2856605630167832,0.0071893327587826406,0.5794848968327188,0.5275552642189348,0.051929632613783916,0.06293493232494068,20,STRONG,5.75,1.64,72.0,3,7,61,35,0,0,0,14,SP,17,335,83,19.7,7.63,4.38,10.38,1.13,18.755699700562946
592885,Christian Yelich,L,MIL,1,Tomoyuki Sugano,R,608372,823759,COL @ MIL,1:10 PM,24/07,Pre-Game,0.6940024538950883,-212.0,223.0,68.0,False,1111111011,live,0,0,0.0,0.20384791608931116,0.31615207581361465,0.48221854742326525,0.3287475261301185,20,2,-0.013033175355450233,0.97,30.5,F,0.23493150684931507,2.3371584268391103,0.43635646076294976,17,6,0,0.25,0.23696682464454977,0.5133836650652025,0.28208647906657514,0.20452985586822237,0.22865208186309105,0.19202363367799113,0.27638190954773867,0.2234782608695652,0.22448979591836735,167,0.25892857142857145,129,False,False,0.65388365283973,0.040118801055358255,3.9242424242424243,4.484848484848484,66,0.2868570820793164,0.25862132689199807,0.0282357551873183,0.5794848968327188,0.5031312478158664,0.07635364901685238,0.07996393607544632,20,NEUTRAL,4.76,1.29,90.2,9,4,51,23,0,0,0,17,SP,17,382,94,22.5,5.06,2.28,9.33,1.79,22.73889829234107
672640,Otto Lopez,R,MIA,1,Germán Márquez,R,608566,823843,SD @ MIA,4:10 PM,24/07,Pre-Game,0.6940024538950883,,,,False,1110001101,live,0,0,0.0,0.27391675832109946,0.28704351818027524,0.29466604253866147,0.2928572320923641,20,2,-0.07413228972862002,1.0,27.8,F,0.23596938775510204,1.2413523009612508,0.45118566328088383,10,5,0,0.3853211009174312,0.3111888111888112,0.5146871008939975,0.454661558109834,0.03065134099616858,0.36268754076973253,0.30178069353327086,0.352549889135255,0.33988856112749916,0.3305785123966942,262,0.3333333333333333,167,False,False,0.6854870176411335,0.008515436253954789,3.98989898989899,4.333333333333333,99,0.3144446610302743,0.2824466803812516,0.031997980649022706,0.5751826077138728,0.5130129601004092,0.06216964761346355,0.16032967798825923,20,STRONG,5.24,1.54,44.2,4,2,30,22,0,0,0,9,SP,10,199,47,19.9,6.04,4.43,9.47,2.22,19.871752310130912
663616,Trevor Larnach,L,MIN,1,Jacob Lopez,L,682052,823680,ATH @ MIN,5:10 PM,24/07,Scheduled,0.688963615820238,,,,False,0111101111,estimated,0,0,0.0,0.3624630507015348,0.3652854045689726,0.36028840685614205,0.4143005183681793,20,1,0.06531406336853807,1.022,59.7,C,0.2583479789103691,1.6721235992462553,0.32177937732309503,15,5,0,0.35714285714285715,0.2918287937743191,0.5892700087950747,0.31926121372031663,0.09146877748460862,0.28800755429650615,0.3075780089153046,0.2807017543859649,0.29283489096573206,0.31547619047619047,192,0.2621359223300971,121,False,False,0.688963615820238,0.0,3.1882352941176473,3.6823529411764704,85,0.29219191506915904,0.2938179823106737,-0.0016260672415146504,0.6017212878493202,0.5386536610263005,0.0630676268230197,0.09737306090268406,20,NEUTRAL,6.64,1.73,59.2,4,4,49,36,0,0,0,12,SP,15,281,67,18.7,7.39,5.43,10.11,1.66,17.762221091761436
665161,Jeremy Peña,R,HOU,1,Davis Martin,R,663436,824573,HOU @ CWS,4:40 PM,24/07,Pre-Game,0.688963615820238,,,,False,1111011111,estimated,0,0,0.0,0.365430482768768,0.42381796320175696,0.4697335397085964,0.4901469721263056,20,2,0.08716956802063186,0.968,39.8,D,0.2771867612293144,2.2116298732787034,0.425294931285825,19,6,0,0.23404255319148937,0.3212121212121212,0.5807228915662651,0.27590361445783135,0.14337349397590363,0.32247557003257327,0.28286189683860236,0.3056768558951965,0.30580865603644647,0.3142857142857143,154,0.2777777777777778,82,False,False,0.688963615820238,0.0,3.8545454545454545,4.290909090909091,55,0.2958814857601663,0.29165875385756385,0.004222731902602472,0.5671841875756631,0.5368056079203694,0.03037857965529378,0.2981350435383279,20,NEUTRAL,3.31,1.27,106.0,9,5,97,33,0,0,0,19,SP,19,440,102,23.2,8.24,2.8,8.66,0.51,22.74686482892968
676391,Ernie Clement,R,TOR,1,Patrick Sandoval,L,663776,824733,TOR @ BOS,4:15 PM,24/07,Pre-Game,0.688963615820238,,,,False,1111011101,live,0,0,0.0,0.2780309478232857,0.27151976509490394,0.15526027202534798,0.3151232117737363,20,1,-0.012601952132638039,1.063,63.7,C,0.2978723404255319,,,2,6,0,0.28703703703703703,0.2996389891696751,0.3475177304964539,0.425531914893617,0.22695035460992907,0.28360413589364847,0.2890818858560794,0.26644736842105265,0.28392061563385984,0.26406926406926406,240,0.34415584415584416,164,False,False,0.6959797406481418,-0.0070161248279038135,3.85,4.04,100,0.3023363702787016,0.30114522836069957,0.0011911419180020144,0.562881898456817,0.527473535770613,0.035408362686204065,0.11548737590043127,20,NEUTRAL,4.82,1.71,9.1,0,0,10,2,0,0,0,2,SP,2,42,14,21.0,9.64,1.93,13.5,0.96,
641680,Jonah Heim,L,ATH,4,Zebby Matthews,R,805673,823680,ATH @ MIN,5:10 PM,24/07,Scheduled,0.688963615820238,,,,False,1100111111,estimated,0,0,0.0,0.2557032415457376,0.341758232284408,0.3398707436668453,0.3174878287085496,20,2,0.003636363636363632,1.022,45.2,D,0.2765765765765766,2.42370339996562,0.41098075812786133,12,5,0,0.23636363636363636,0.24,0.5342342342342342,0.34144144144144145,0.12432432432432433,0.23645970937912814,0.21232876712328766,0.24899598393574296,0.23343605546995377,0.24299065420560748,115,0.23076923076923078,88,False,False,0.6448301093082319,0.04413350651200609,3.3035714285714284,3.625,56,0.29156156891778906,0.24922120780428614,0.04234036111350292,0.5136331151391688,0.46832464830725956,0.0453084668319092,0.1086335000622995,20,NEUTRAL,5.4,1.34,70.0,4,7,58,21,0,0,0,12,SP,12,297,73,24.8,7.46,2.7,9.39,1.93,24.631374132219598
691016,Tyler Soderstrom,L,ATH,2,Zebby Matthews,R,805673,823680,ATH @ MIN,5:10 PM,24/07,Scheduled,0.688963615820238,,,,False,1010111111,estimated,0,0,0.0,0.2663844013135713,0.4000924015242698,0.4748939582582152,0.3830144547232219,20,2,-0.023393574297188774,1.022,45.2,D,0.2765765765765766,2.42370339996562,0.41098075812786133,12,5,0,0.26506024096385544,0.24166666666666667,0.5342342342342342,0.34144144144144145,0.12432432432432433,0.2572078907435508,0.2601626016260163,0.2824601366742597,0.26271525830997194,0.265625,225,0.22137404580152673,149,False,False,0.6754656621297221,0.013497953690515874,3.588888888888889,4.155555555555556,90,0.29219191506915904,0.26951036265146017,0.02268155241769887,0.562881898456817,0.5220530997164651,0.040828798740351946,0.1705094850711641,20,NEUTRAL,5.4,1.34,70.0,4,7,58,21,0,0,0,12,SP,12,297,73,24.8,7.46,2.7,9.39,1.93,24.631374132219598
682829,Elly De La Cruz,L,CIN,1,Dustin May,R,669160,823031,CIN @ STL,5:15 PM,24/07,Scheduled,0.688963615820238,-186.0,194.0,65.0,False,0111111010,estimated,0,0,0.0,0.27728673978903523,0.3518009109920152,0.47197387591081696,0.32444661111103273,20,2,-0.06985466479137364,1.031,43.5,D,0.2837413684871312,2.5564172610198006,0.43529925140412973,19,6,0,0.3291139240506329,0.25925925925925924,0.6712759270898806,0.26147077309868005,0.06725329981143935,0.2488135593220339,0.25059101654846333,0.2535211267605634,0.2509274873524452,0.2727272727272727,230,0.2831858407079646,134,False,False,0.6812809665058396,0.007682649314398438,3.9753086419753085,4.493827160493828,81,0.2892518547657719,0.2806977619958666,0.00855409276990532,0.5587636623186588,0.5336799724712621,0.02508368984739673,0.0662271667791004,20,NEUTRAL,4.78,1.32,98.0,5,7,95,32,0,0,0,19,SP,19,414,97,21.8,8.72,2.94,8.91,0.64,21.42064541746382
694192,Jackson Chourio,R,MIL,2,Tomoyuki Sugano,R,608372,823759,COL @ MIL,1:10 PM,24/07,Pre-Game,0.688963615820238,-270.0,300.0,73.0,False,1011011011,live,0,0,0.0,0.2202080330618026,0.319157006848026,0.383380437416266,0.3204058379099964,20,2,-0.03437499999999999,0.97,30.5,F,0.23493150684931507,2.3371584268391103,0.43635646076294976,17,6,0,0.3,0.265625,0.5133836650652025,0.28208647906657514,0.20452985586822237,0.2512708787218591,0.2803867403314917,0.29338842975206614,0.2643433914152146,0.29012345679012347,178,0.25833333333333336,132,False,False,0.6478011733524941,0.04116244246774392,4.147058823529412,4.5588235294117645,68,0.2899098354721788,0.24932331057208057,0.04058652490009823,0.5751826077138728,0.48797812467352825,0.0872044830403445,-0.05047805602432634,20,NEUTRAL,4.76,1.29,90.2,9,4,51,23,0,0,0,17,SP,17,382,94,22.5,5.06,2.28,9.33,1.79,22.73889829234107
606466,Ketel Marte,L,AZ,1,Carson Palmquist,L,687223,822707,AZ @ WSH,3:45 PM,24/07,Pre-Game,0.688963615820238,-270.0,285.0,73.0,False,0100111101,live,0,0,0.0,0.2429391352116358,0.308576138671231,0.3745162959210326,0.2976147929193389,20,2,0.005920456919969397,1.04,75.6,B,0.29767441860465116,3.2971131791898913,0.33907920685008613,7,3,0,0.2653061224489796,0.2593856655290102,0.6046511627906976,0.3953488372093023,0.0,0.24320742213386348,0.2147239263803681,0.2421185372005044,0.23597306829111894,0.25301204819277107,268,0.2746478873239437,160,False,False,0.6833103110375692,0.005653304782668789,4.030927835051546,4.412371134020619,97,0.2797359269329917,0.28903747394068824,-0.009301547007696531,0.5454854373134236,0.5387353894746224,0.006750047838801176,0.20348681765510915,20,AVOID,8.74,1.68,11.1,0,1,14,3,0,0,0,4,SP,7,54,16,7.7,11.12,2.38,12.71,0.79,7.699245498301718
676475,Alec Burleson,L,STL,3,Rhett Lowder,R,695076,823031,CIN @ STL,5:15 PM,24/07,Scheduled,0.688963615820238,,,,False,0011110101,estimated,3,2,0.6666666666666666,0.3007109688628917,0.3770750240897793,0.46512118719693274,0.36122575964163706,20,1,0.024305555555555525,1.031,32.0,F,0.26895450917797287,1.4505572842246437,0.41421052141985326,17,6,0,0.2604166666666667,0.2847222222222222,0.5184294871794872,0.27564102564102566,0.20592948717948717,0.29726027397260274,0.23557126030624265,0.3424408014571949,0.2871114215857492,0.2801724137931034,251,0.27631578947368424,173,False,False,0.6719052596397446,0.01705835618049345,3.84,4.24,100,0.29284989577556586,0.2663305648277369,0.026519330947828934,0.5714182575462899,0.5220530997164651,0.04936515782982487,0.0919527141565977,20,STRONG,5.75,1.64,72.0,3,7,61,35,0,0,0,14,SP,17,335,83,19.7,7.63,4.38,10.38,1.13,18.755699700562946
686948,Drake Baldwin,L,ATL,1,Trevor Rogers,L,669432,824812,ATL @ BAL,4:05 PM,24/07,Pre-Game,0.688963615820238,,,,False,0111110011,live,0,0,0.0,0.3393502702937627,0.3408972168589169,0.5075785952541939,0.37549726132720246,20,1,-0.014306020450272794,1.044,48.0,D,0.27410832232496696,2.396417192355003,0.4276066504791396,17,6,0,0.26548672566371684,0.27979274611398963,0.6549900859220092,0.12491738268341045,0.2200925313945803,0.2615268329554044,0.23537414965986395,0.29411764705882354,0.2588916459884202,0.26881720430107525,212,0.2833333333333333,140,False,False,0.6959797406481418,-0.0070161248279038135,3.8734177215189876,4.455696202531645,79,0.2958814857601663,0.30114522836069957,-0.00526374260053325,0.5549993121510761,0.5414460328904671,0.013553279260609008,0.04751732697179442,20,NEUTRAL,4.28,1.3,96.2,6,7,77,32,0,0,0,18,SP,18,409,94,22.7,7.17,2.98,8.75,0.93,22.866403731574366
671056,Iván Herrera,R,STL,2,Rhett Lowder,R,695076,823031,CIN @ STL,5:15 PM,24/07,Scheduled,0.6833103110375692,,,,False,0110001010,estimated,3,0,0.0,0.16248895532966817,0.2219691809520848,0.2153239654092004,0.18755750426637202,20,2,0.039597737272155875,1.031,32.0,F,0.26895450917797287,1.4505572842246437,0.41421052141985326,17,6,0,0.21621621621621623,0.2558139534883721,0.5184294871794872,0.27564102564102566,0.20592948717948717,0.21935483870967742,0.2073170731707317,0.25235849056603776,0.22005124919923127,0.2311111111111111,270,0.2638888888888889,176,False,False,0.6505531174466513,0.03275719359091789,3.69,4.46,100,0.29284989577556586,0.26825968565275166,0.024590210122814204,0.547885310796434,0.4819394884374036,0.0659458223590304,-0.03994066829587048,20,STRONG,5.75,1.64,72.0,3,7,61,35,0,0,0,14,SP,17,335,83,19.7,7.63,4.38,10.38,1.13,18.755699700562946
691023,Jordan Walker,R,STL,4,Rhett Lowder,R,695076,823031,CIN @ STL,5:15 PM,24/07,Scheduled,0.6833103110375692,,,,False,1111111101,estimated,3,1,0.3333333333333333,0.2922512169643227,0.37762166599836466,0.48833704015489426,0.37105158423079815,20,1,-0.03276353276353278,1.031,32.0,F,0.26895450917797287,1.4505572842246437,0.41421052141985326,17,6,0,0.3148148148148148,0.28205128205128205,0.5184294871794872,0.27564102564102566,0.20592948717948717,0.2671863926293409,0.2673469387755102,0.29012345679012347,0.2711988304093567,0.2882882882882883,245,0.29559748427672955,177,False,False,0.6408293230227523,0.04248098801481692,3.8484848484848486,4.262626262626263,99,0.2780454854247409,0.23645120157277708,0.041594283851963815,0.5394653262191378,0.4854203070338998,0.054045019185237964,0.27665060479095205,20,STRONG,5.75,1.64,72.0,3,7,61,35,0,0,0,14,SP,17,335,83,19.7,7.63,4.38,10.38,1.13,18.755699700562946
670541,Yordan Álvarez,L,HOU,2,Davis Martin,R,663436,824573,HOU @ CWS,4:40 PM,24/07,Pre-Game,0.6811189669123908,-257.0,285.0,72.0,False,0111111111,estimated,0,0,0.0,0.41480151464032833,0.4154421322596558,0.5112260488057112,0.4759617949683064,20,2,0.09109936109275169,0.968,39.8,D,0.2771867612293144,2.2116298732787034,0.425294931285825,19,6,0,0.2647058823529412,0.35580524344569286,0.5807228915662651,0.27590361445783135,0.14337349397590363,0.3363733905579399,0.29797377830750893,0.39932885906040266,0.3383503913305238,0.36363636363636365,285,0.2677165354330709,157,False,False,0.688963615820238,-0.007844648907847196,3.6534653465346536,4.376237623762377,101,0.29165875385756385,0.2899098354721788,0.0017489183853850454,0.5627016062261964,0.5504139432300681,0.012287662996128268,0.19316768932920564,20,NEUTRAL,3.31,1.27,106.0,9,5,97,33,0,0,0,19,SP,19,440,102,23.2,8.24,2.8,8.66,0.51,22.74686482892968
665489,Vladimir Guerrero,R,TOR,2,Patrick Sandoval,L,663776,824733,TOR @ BOS,4:15 PM,24/07,Pre-Game,0.6811189669123908,-233.0,257.0,70.0,False,1101100011,live,0,0,0.0,0.2185853916335501,0.33902875795792276,0.39477011221918673,0.2925284472250891,20,1,-0.007996001999000468,1.063,63.7,C,0.2978723404255319,,,2,6,0,0.25287356321839083,0.2608695652173913,0.3475177304964539,0.425531914893617,0.22695035460992907,0.2557997557997558,0.2532299741602067,0.228125,0.25292397660818716,0.23788546255506607,256,0.29411764705882354,160,False,False,0.656611256838124,0.024507710074266775,3.704081632653061,4.244897959183674,98,0.2770124992935831,0.25605435330025994,0.020958145993323185,0.5441383808245551,0.5018387172470201,0.04229966357753501,0.02861683835514892,20,NEUTRAL,4.82,1.71,9.1,0,0,10,2,0,0,0,2,SP,2,42,14,21.0,9.64,1.93,13.5,0.96,
663968,Jake Mangum,L,PIT,1,Matt Boyd,L,571510,823352,CHC @ PIT,3:40 PM,24/07,Pre-Game,0.6811189669123908,,,,False,1011110101,estimated,0,0,0.0,0.2738774222024479,0.2993721132424325,0.24676055394295193,0.3332725736764921,20,2,-0.04348855564325177,1.013,61.5,C,0.2893081761006289,3.3190796236804734,0.41888009942679966,9,6,0,0.2714285714285714,0.3149171270718232,0.45660377358490567,0.26163522012578616,0.28176100628930817,0.289760348583878,0.3388235294117647,0.2852233676975945,0.3015290519877676,0.3435114503816794,138,0.25833333333333336,138,False,False,0.688963615820238,-0.007844648907847196,3.391891891891892,3.72972972972973,74,0.2892518547657719,0.29100077315115697,-0.0017489183853850454,0.5181245048138319,0.5147800283735015,0.003344476440330424,0.04623922353487776,20,NEUTRAL,4.15,1.21,52.0,6,1,51,14,0,0,0,10,SP,10,217,49,21.7,8.83,2.42,8.48,1.04,22.49352830043323
681715,Heriberto Hernandez,R,MIA,3,Germán Márquez,R,608566,823843,SD @ MIA,4:10 PM,24/07,Pre-Game,0.6811189669123908,,,,False,0111101111,live,0,0,0.0,0.29794682079029783,0.4064054451260588,0.5710709480703888,0.47722888745590275,20,2,0.05300462249614793,1.0,27.8,F,0.23596938775510204,1.2413523009612508,0.45118566328088383,10,5,0,0.21818181818181817,0.2711864406779661,0.5146871008939975,0.454661558109834,0.03065134099616858,0.23687580025608196,0.2137809187279152,0.2248995983935743,0.22860712054965646,0.19658119658119658,132,0.2972972972972973,122,False,False,0.6382406363365262,0.042878330575864654,3.1232876712328768,3.4794520547945207,73,0.27647845724663694,0.2398903732381185,0.03658808400851846,0.5548152591703882,0.4972809133952322,0.05753434577515598,0.1753093153916256,20,STRONG,5.24,1.54,44.2,4,2,30,22,0,0,0,9,SP,10,199,47,19.9,6.04,4.43,9.47,2.22,19.871752310130912
672515,Gabriel Moreno,R,AZ,4,Carson Palmquist,L,687223,822707,AZ @ WSH,3:45 PM,24/07,Pre-Game,0.6811189669123908,,,,False,1111101111,live,0,0,0.0,0.3936273206079979,0.4401783283006322,0.31026028418781254,0.46092483205859014,20,1,-0.06427190721649484,1.04,75.6,B,0.29767441860465116,3.2971131791898913,0.33907920685008613,7,3,0,0.265625,0.32989690721649484,0.6046511627906976,0.3953488372093023,0.0,0.32707087959009395,0.3145038167938931,0.3169811320754717,0.31865530303030304,0.2980132450331126,171,0.3364485981308411,133,False,False,0.6527202544367471,0.02839871247564374,3.44,4.053333333333334,75,0.24190979438479224,0.25069902855584986,-0.00878923417105762,0.5231108425417396,0.48682937323062886,0.0362814693111107,0.2760675504778928,20,AVOID,8.74,1.68,11.1,0,1,14,3,0,0,0,4,SP,7,54,16,7.7,11.12,2.38,12.71,0.79,7.699245498301718
650490,Yandy Díaz,R,TB,1,Joey Cantillo,L,676282,822952,CLE @ TB,4:10 PM,24/07,Pre-Game,0.6786251574655728,,,,False,1100101101,live,0,0,0.0,0.214163695574643,0.28859592795143757,0.3933808791987401,0.2247484722988225,20,1,0.05974025974025976,0.96,65.7,B,0.31442731277533037,2.157123391317504,0.37025356747150623,20,5,0,0.34545454545454546,0.2857142857142857,0.40573318632855565,0.324696802646086,0.2695700110253583,0.272,0.28880407124681934,0.2715654952076677,0.27667095115681234,0.25738396624472576,268,0.381294964028777,158,False,False,0.688963615820238,-0.010338458354665181,3.8762886597938144,4.391752577319588,97,0.28438835369373533,0.29078639232607323,-0.006398038632337899,0.5264084519167359,0.5251902994822484,0.0012181524344875294,0.025026511297542187,20,AVOID,3.74,1.42,106.0,8,5,112,52,0,0,0,21,SP,21,455,99,21.7,9.51,4.42,8.41,1.02,22.365329509590445
678882,Ceddanne Rafaela,R,BOS,2,Trey Yesavage,R,702056,824733,TOR @ BOS,4:15 PM,24/07,Pre-Game,0.6775585644224135,,,,False,1111111101,live,1,0,0.0,0.27008121864589496,0.2788174583323043,0.2900901685732871,0.33128702909404484,20,2,0.0038404096436953084,1.063,67.7,B,0.2852852852852853,1.5395499872227703,0.33892193676385785,15,5,0,0.27522935779816515,0.27906976744186046,0.47072072072072074,0.23873873873873874,0.2905405405405405,0.284098051539912,0.2681242807825086,0.24260355029585798,0.27492877492877493,0.273972602739726,234,0.28378378378378377,159,False,False,0.6811189669123908,-0.0035604024899773545,3.904255319148936,4.180851063829787,94,0.2914443730324801,0.29009310985260756,0.0013512631798725527,0.5098199833968908,0.5037193237659476,0.006100659630943195,-0.05723413948056103,20,AVOID,3.78,1.16,81.0,4,5,78,41,0,0,0,15,SP,15,335,53,22.3,8.67,4.56,5.89,0.89,22.456241703075722
678554,Curtis Mead,R,WSH,2,Eduardo Rodríguez,L,593958,822707,AZ @ WSH,3:45 PM,24/07,Pre-Game,0.6773568266601083,,,,False,1011110110,live,6,1,0.16666666666666666,0.33121281629973065,0.38378366290179633,0.38742874617354794,0.4302514728048554,20,3,0.0219421101774043,1.04,41.7,D,0.25592672413793105,1.9734364583454136,0.389618639072952,20,5,0,0.2679738562091503,0.24603174603174602,0.6032345013477088,0.12776280323450134,0.26900269541778976,0.27136431784107945,0.25975975975975973,0.26865671641791045,0.26763668430335097,0.2867132867132867,158,0.22794117647058823,162,False,False,0.6519166721538934,0.02544015450621495,3.2823529411764705,3.764705882352941,85,0.28263943530835034,0.25862132689199807,0.02401810841635227,0.5441383808245551,0.49857344396407854,0.04556493686047658,0.04580389521698631,20,NEUTRAL,2.62,1.22,116.2,8,3,82,41,0,0,0,20,SP,20,478,101,23.9,6.33,3.16,7.79,0.93,23.602139298625215
669065,Kyle Stowers,L,MIA,2,Germán Márquez,R,608566,823843,SD @ MIA,4:10 PM,24/07,Pre-Game,0.6771948270666596,,,,False,1010000110,live,0,0,0.0,0.19077717220916204,0.3224432988430851,0.5811685933750244,0.272671817188507,20,2,0.08504842615012106,1.0,27.8,F,0.23596938775510204,1.2413523009612508,0.45118566328088383,10,5,0,0.16071428571428573,0.2457627118644068,0.5146871008939975,0.454661558109834,0.03065134099616858,0.18181818181818182,0.22932917316692666,0.22520661157024793,0.20440795159896283,0.20689655172413793,199,0.2627118644067797,132,False,False,0.6408833231177223,0.03631150394893723,3.7435897435897436,4.243589743589744,78,0.3007520663239525,0.24506618622033197,0.05568588010362055,0.5643042561916479,0.48797812467352825,0.07632613151811968,-0.15315373160925078,20,STRONG,5.24,1.54,44.2,4,2,30,22,0,0,0,9,SP,10,199,47,19.9,6.04,4.43,9.47,2.22,19.871752310130912
671739,Michael Harris,L,ATL,4,Trevor Rogers,L,669432,824812,ATL @ BAL,4:05 PM,24/07,Pre-Game,0.6771948270666596,,,,False,0101111101,live,0,0,0.0,0.29173269400048385,0.3162944389270933,0.4841989399562114,0.3679962660134528,20,1,-0.00896996573271519,1.044,48.0,D,0.27410832232496696,2.396417192355003,0.4276066504791396,17,6,0,0.2926829268292683,0.30165289256198347,0.6549900859220092,0.12491738268341045,0.2200925313945803,0.27729772191673213,0.2548262548262548,0.3171355498721228,0.27813765182186234,0.29081632653061223,210,0.3076923076923077,179,False,False,0.6613008173189012,0.015894009747758342,3.8020833333333335,4.052083333333333,96,0.29165875385756385,0.26720201213358613,0.024456741723977715,0.5083423012559719,0.4854203070338998,0.022921994222072084,0.16457008152395547,20,NEUTRAL,4.28,1.3,96.2,6,7,77,32,0,0,0,18,SP,18,409,94,22.7,7.17,2.98,8.75,0.93,22.866403731574366
630105,Jake Cronenworth,L,SD,2,Ryan Gusto,R,687473,823843,SD @ MIA,4:10 PM,24/07,Pre-Game,0.6762967897924616,,,,False,0011010111,live,0,0,0.0,0.2785001541035016,0.412078260334724,0.3858867880722643,0.48237440752759286,20,1,-0.02336182336182338,1.0,65.4,B,0.27111984282907664,4.326567864239675,0.40634876528657576,11,3,0,0.23076923076923078,0.2074074074074074,0.5284872298624754,0.28094302554027506,0.1905697445972495,0.18543956043956045,0.1702127659574468,0.21153846153846154,0.1870196413321947,0.17582417582417584,103,0.2571428571428571,81,False,False,0.6616221403410977,0.014674649451363875,3.22,3.68,50,0.25171892290995956,0.255397797315091,-0.003678874405131427,0.5056518489892982,0.4972809133952322,0.008370935594065931,0.04261314961812063,20,AVOID,4.7,1.37,30.2,0,2,27,10,0,0,0,6,SP,11,138,32,12.5,7.92,2.93,9.39,0.88,12.380052528849424
668930,Brice Turang,L,MIL,3,Tomoyuki Sugano,R,608372,823759,COL @ MIL,1:10 PM,24/07,Pre-Game,0.6758638156015714,-212.0,223.0,68.0,False,0110100101,live,0,0,0.0,0.23375867290009456,0.29104758810468684,0.4286023056995878,0.2703112966738016,20,2,0.07785862420471718,0.97,30.5,F,0.23493150684931507,2.3371584268391103,0.43635646076294976,17,6,0,0.2018348623853211,0.2796934865900383,0.5133836650652025,0.28208647906657514,0.20452985586822237,0.24554455445544554,0.2547076313181368,0.26346153846153847,0.24943946188340807,0.2375,270,0.2923076923076923,166,False,False,0.6448301093082319,0.031033706293339458,3.8947368421052633,4.589473684210526,95,0.2761183551577542,0.2466816793881799,0.02943667576957429,0.5714182575462899,0.5005607751036933,0.0708574824425966,0.036782082454933286,20,NEUTRAL,4.76,1.29,90.2,9,4,51,23,0,0,0,17,SP,17,382,94,22.5,5.06,2.28,9.33,1.79,22.73889829234107
670623,Isaac Paredes,R,HOU,3,Davis Martin,R,663436,824573,HOU @ CWS,4:40 PM,24/07,Pre-Game,0.6747010176198415,,,,False,1011111111,estimated,0,0,0.0,0.33424866925661945,0.3019067936456858,0.2931564176913584,0.3753359421899342,20,2,0.020916334661354563,0.968,39.8,D,0.2771867612293144,2.2116298732787034,0.425294931285825,19,6,0,0.25,0.27091633466135456,0.5807228915662651,0.27590361445783135,0.14337349397590363,0.26473799126637554,0.25692454632282713,0.33537832310838445,0.2722419928825623,0.27876106194690264,252,0.24,154,False,False,0.6687234644230792,0.0059775531967622975,3.65625,4.229166666666667,96,0.2770711535389386,0.27582047654023006,0.001250676998708511,0.528582913167125,0.5069443795581444,0.021638533608980604,0.09133077740079243,20,NEUTRAL,3.31,1.27,106.0,9,5,97,33,0,0,0,19,SP,19,440,102,23.2,8.24,2.8,8.66,0.51,22.74686482892968
665487,Fernando Tatís,R,SD,1,Ryan Gusto,R,687473,823843,SD @ MIA,4:10 PM,24/07,Pre-Game,0.6728651921454735,-203.0,212.0,67.0,False,1001110111,live,0,0,0.0,0.2950886154881213,0.37811984057576437,0.5631937662093466,0.3685357993066945,20,1,-0.0705507847201658,1.0,65.4,B,0.27111984282907664,4.326567864239675,0.40634876528657576,11,3,0,0.3409090909090909,0.2703583061889251,0.5284872298624754,0.28094302554027506,0.1905697445972495,0.2708803611738149,0.2595656670113754,0.19158878504672897,0.25685471162937284,0.25,274,0.3419354838709677,171,False,False,0.688963615820238,-0.01609842367476455,3.910891089108911,4.405940594059406,101,0.270032415408027,0.2864302501912217,-0.016397834783194676,0.5387555806237933,0.5423473039436394,-0.0035917233198461407,-0.00961597295604303,20,AVOID,4.7,1.37,30.2,0,2,27,10,0,0,0,6,SP,11,138,32,12.5,7.92,2.93,9.39,0.88,12.380052528849424
678011,Anthony Seigler,L,BOS,1,Trey Yesavage,R,702056,824733,TOR @ BOS,4:15 PM,24/07,Pre-Game,0.672303413111594,,,,False,0010011001,live,0,0,0.0,0.19623726224387616,0.30147870310302294,0.34156828046172366,0.22573574230406404,20,2,-0.007575757575757569,1.063,67.7,B,0.2852852852852853,1.5395499872227703,0.33892193676385785,15,5,0,0.25,0.24242424242424243,0.47072072072072074,0.23873873873873874,0.2905405405405405,0.2709832134292566,0.19767441860465115,0.20588235294117646,0.24281609195402298,0.25396825396825395,69,0.22580645161290322,37,False,False,0.6811189669123908,-0.008815553800796794,3.4814814814814814,3.925925925925926,27,0.28362491875100476,0.2782900857611621,0.005334832989842664,0.5177139049265285,0.5031312478158664,0.01458265711066209,-0.046511166493859224,20,AVOID,3.78,1.16,81.0,4,5,78,41,0,0,0,15,SP,15,335,53,22.3,8.67,4.56,5.89,0.89,22.456241703075722
683002,Gunnar Henderson,L,BAL,3,Grant Holmes,R,656550,824812,ATL @ BAL,4:05 PM,24/07,Pre-Game,0.6715415222839908,-194.0,212.0,66.0,False,0111001111,live,0,0,0.0,0.23793460389434376,0.3244618656105738,0.46814265174793723,0.3263981141391273,20,2,-0.0015423329815731912,1.044,44.3,D,0.2749003984063745,1.922125837499476,0.4362304267059578,19,5,0,0.2283464566929134,0.2268041237113402,0.5043246839654025,0.4411177644710579,0.054557551563539586,0.2073757349011224,0.2119140625,0.17099236641221374,0.20180129468055163,0.22093023255813954,278,0.2375,186,False,False,0.6524339127328382,0.019107609551152538,4.138613861386139,4.594059405940594,101,0.29219191506915904,0.2528538471427282,0.03933806792643085,0.5352716487481494,0.5056518489892982,0.029619799758851206,0.035372072690222404,20,NEUTRAL,3.7,1.34,92.1,6,4,78,41,0,0,0,18,SP,19,400,83,21.1,7.6,4.0,8.09,1.46,20.65975629059625
664983,Jake Mccarthy,L,COL,1,Shane Drohan,L,675660,823759,COL @ MIL,1:10 PM,24/07,Pre-Game,0.6697412310312538,-170.0,178.0,63.0,False,0111111111,live,3,2,0.6666666666666666,0.3037347474792339,0.31033549219116563,0.26362654055059903,0.37149693771675396,20,2,0.030038881224131453,0.97,87.1,A,0.30177514792899407,4.281831766077856,0.3550777422341642,20,6,0,0.3283582089552239,0.29831932773109243,0.6111580726965342,0.3440405748098056,0.044801352493660185,0.2925347222222222,0.2693877551020408,0.25252525252525254,0.2801094890510949,0.3112244897959184,212,0.29357798165137616,122,False,True,0.6806648405212042,-0.010923609489950414,3.588235294117647,3.929411764705882,85,0.2802207224836159,0.29078639232607323,-0.010565669842457326,0.49938850760341413,0.5069443795581444,-0.007555871954730287,0.27321482048057244,20,AVOID,3.2,1.18,76.0,5,3,76,21,1,0,1,10,RP,20,317,69,15.8,9.0,2.49,8.17,0.71,18.11192467420871
669477,Casey Schmitt,R,SF,4,Grayson Rodriguez,R,680570,823196,LAA @ SF,7:15 PM,24/07,Scheduled,0.669304789655496,,,,False,1111101001,estimated,0,0,0.0,0.19813791699490954,0.3209793372755452,0.5277604680870527,0.3041082470430583,20,2,-0.05068181818181816,0.994,15.0,F,0.25263157894736843,1.5320617742551916,0.5608605773159377,8,6,0,0.3125,0.26181818181818184,0.5363636363636364,0.23333333333333334,0.23030303030303031,0.25296689569019365,0.22639484978540772,0.2542955326460481,0.24443659484281172,0.25339366515837103,228,0.30666666666666664,164,False,False,0.6343271337928865,0.03497765586260948,4.032608695652174,4.260869565217392,92,0.2853738371363898,0.23657440322836207,0.04879943390802774,0.5545699848476704,0.480097057221098,0.07447292762657237,-0.029393551399913637,20,STRONG,8.23,1.77,35.0,3,3,27,17,0,0,0,8,SP,8,168,45,21.0,6.94,4.37,11.57,1.29,21.077866537795906
689414,Liam Hicks,L,MIA,5,Germán Márquez,R,608566,823843,SD @ MIA,4:10 PM,24/07,Pre-Game,0.669304789655496,,,,False,1011110101,live,0,0,0.0,0.2701968714342692,0.2875695026881665,0.3500497171086055,0.3125032890806804,20,2,0.0936363636363636,1.0,27.8,F,0.23596938775510204,1.2413523009612508,0.45118566328088383,10,5,0,0.20454545454545456,0.29818181818181816,0.5146871008939975,0.454661558109834,0.03065134099616858,0.2916989914662529,0.2893258426966292,0.27912087912087913,0.2895377128953771,0.3027027027027027,213,0.26119402985074625,155,False,False,0.637525505006639,0.03177928464885704,3.5054945054945055,4.043956043956044,91,0.26223942620396906,0.2232585261562299,0.03898090004773916,0.5272903825982787,0.45736078399464963,0.06992959860362902,0.15994383244416574,20,STRONG,5.24,1.54,44.2,4,2,30,22,0,0,0,9,SP,10,199,47,19.9,6.04,4.43,9.47,2.22,19.871752310130912
695578,James Wood,L,WSH,1,Eduardo Rodríguez,L,593958,822707,AZ @ WSH,3:45 PM,24/07,Pre-Game,0.6674788692978324,-212.0,223.0,68.0,False,0111100110,live,3,1,0.3333333333333333,0.2809506152215034,0.45627479768939416,0.6333670286228279,0.4198966363678417,20,2,-0.0357142857142857,1.04,41.7,D,0.25592672413793105,1.9734364583454136,0.389618639072952,20,5,0,0.25,0.2857142857142857,0.6032345013477088,0.12776280323450134,0.26900269541778976,0.26934264107038974,0.25657370517928285,0.263986013986014,0.2644581695676586,0.27705627705627706,287,0.26875,194,False,False,0.6503774649185224,0.01710140437930996,3.8333333333333335,4.715686274509804,102,0.2816910638782935,0.26951036265146017,0.012180701226833346,0.5411971158951175,0.5147800283735015,0.02641708752161609,-0.05802341580295708,20,NEUTRAL,2.62,1.22,116.2,8,3,82,41,0,0,0,20,SP,20,478,101,23.9,6.33,3.16,7.79,0.93,23.602139298625215
605137,Josh Bell,L,MIN,2,Jacob Lopez,L,682052,823680,ATH @ MIN,5:10 PM,24/07,Scheduled,0.6651825428310751,,,,False,1101111110,estimated,0,0,0.0,0.2460776403795949,0.2587199854107835,0.4295371206846581,0.32258400159211614,20,1,0.007441207441207409,1.022,59.7,C,0.2583479789103691,1.6721235992462553,0.32177937732309503,15,5,0,0.2545454545454545,0.2471042471042471,0.5892700087950747,0.31926121372031663,0.09146877748460862,0.2601568068424804,0.24031007751937986,0.24722222222222223,0.25155065472088217,0.2825112107623318,241,0.19863013698630136,161,False,False,0.6495196680668988,0.015662874764176382,3.69,4.02,100,0.28263943530835034,0.2596412212461077,0.022998214062242617,0.5575429954854741,0.49524091573085016,0.062302079754623985,0.08192016759735087,20,NEUTRAL,6.64,1.73,59.2,4,4,49,36,0,0,0,12,SP,15,281,67,18.7,7.39,5.43,10.11,1.66,17.762221091761436
687263,Zach Neto,R,LAA,1,Logan Webb,R,657277,823196,LAA @ SF,7:15 PM,24/07,Scheduled,0.6651825428310751,,,,False,1110101111,estimated,0,0,0.0,0.27720443919778137,0.3001740414354703,0.3996165891796968,0.4237812295509027,20,2,-0.025115621788283693,0.994,63.8,C,0.27122015915119363,3.053365988730932,0.374765592955006,16,6,0,0.25892857142857145,0.23381294964028776,0.5510610079575596,0.19827586206896552,0.2506631299734748,0.25163593099345627,0.22248803827751196,0.2537313432835821,0.2422447828539199,0.2450592885375494,284,0.23357664233576642,159,False,False,0.6566355969338873,0.008546945897187852,3.9393939393939394,4.474747474747475,99,0.25880329290067783,0.2506500323087053,0.008153260591972522,0.5093187134968002,0.49600297125190546,0.01331574224489479,0.1464307752658761,20,NEUTRAL,3.87,1.11,107.0,5,7,85,27,0,0,0,17,SP,17,438,92,25.8,7.15,2.27,7.74,0.76,25.85364991261
690993,Colt Keith,L,DET,1,Beck Way,R,694360,824248,KC @ DET,3:40 PM,24/07,Pre-Game,0.6647180779159867,,,,False,1000101000,live,0,0,0.0,0.18763500622953772,0.3327429399034885,0.33965706055206296,0.23767418161638273,20,1,0.0,1.004,70.6,B,0.3131868131868132,2.52512476983379,0.41545716190179866,18,5,0,,0.24521072796934865,0.804945054945055,0.16758241758241757,0.027472527472527472,0.2441016333938294,0.23059360730593606,0.23517382413087934,0.2384464110127827,0.2883435582822086,178,0.18,105,False,True,0.6651825428310751,-0.00046446491508844723,2.858695652173913,3.0760869565217392,92,0.28067116952418386,0.2760641278635263,0.004607041660657563,0.5168319742449857,0.5098199833968908,0.007011990848094896,-0.1388810200757873,20,AVOID,3.22,1.52,22.1,1,0,21,10,0,0,0,0,RP,18,98,24,5.4,8.46,4.03,9.67,1.61,5.267524673940676
701398,Sal Stewart,R,CIN,2,Dustin May,R,669160,823031,CIN @ STL,5:15 PM,24/07,Scheduled,0.6646207637971957,,,,False,0111101001,estimated,0,0,0.0,0.21307469333583517,0.25431426719095523,0.3320328923495678,0.258707211761313,20,2,0.04601626016260166,1.031,43.5,D,0.2837413684871312,2.5564172610198006,0.43529925140412973,19,6,0,0.2073170731707317,0.25333333333333335,0.6712759270898806,0.26147077309868005,0.06725329981143935,0.2504684572142411,0.271356783919598,0.2833333333333333,0.26121288692356287,0.2708333333333333,268,0.19718309859154928,169,False,False,0.6715415222839908,-0.0069207584867950755,3.82,4.37,100,0.2816910638782935,0.2770124992935831,0.004678564584710387,0.5220530997164651,0.5188280439242684,0.003225055792196674,0.01906711876894851,20,NEUTRAL,4.78,1.32,98.0,5,7,95,32,0,0,0,19,SP,19,414,97,21.8,8.72,2.94,8.91,0.64,21.42064541746382
682998,Corbin Carroll,L,AZ,2,Carson Palmquist,L,687223,822707,AZ @ WSH,3:45 PM,24/07,Pre-Game,0.6636514848728271,-223.0,233.0,69.0,False,1000101111,live,0,0,0.0,0.15289712449331305,0.2971234900565558,0.5085851629348989,0.23444294111442407,20,1,0.20232831704052245,1.04,75.6,B,0.29767441860465116,3.2971131791898913,0.33907920685008613,7,3,0,0.4044943820224719,0.20216606498194944,0.6046511627906976,0.3953488372093023,0.0,0.24304372515616127,0.2830655129789864,0.20758483033932135,0.24764074194598112,0.2672413793103448,258,0.22388059701492538,163,False,False,0.6495196680668988,0.014131816805928343,3.7346938775510203,4.295918367346939,98,0.24386485441996308,0.2466816793881799,-0.002816824968216808,0.4972809133952322,0.4832485898621826,0.014032323533049618,-0.009485594869659612,20,AVOID,8.74,1.68,11.1,0,1,14,3,0,0,0,4,SP,7,54,16,7.7,11.12,2.38,12.71,0.79,7.699245498301718
543807,George Springer,R,TOR,4,Patrick Sandoval,L,663776,824733,TOR @ BOS,4:15 PM,24/07,Pre-Game,0.6626887333842572,,,,False,1110111101,live,0,0,0.0,0.3022326972209134,0.3095094323742465,0.4484241384984259,0.38410507693446333,20,1,-0.015882127822426317,1.063,63.7,C,0.2978723404255319,,,2,6,0,0.21794871794871795,0.23383084577114427,0.3475177304964539,0.425531914893617,0.22695035460992907,0.23943661971830985,0.2350597609561753,0.18791946308724833,0.23188992310805343,0.22807017543859648,196,0.23148148148148148,121,False,False,0.6404828898608309,0.02220584352342625,3.875,4.402777777777778,72,0.2620037990582096,0.24922120780428614,0.012782591253923448,0.5279202832697224,0.48638355164733466,0.041536731622387746,0.11448823008573328,20,NEUTRAL,4.82,1.71,9.1,0,0,10,2,0,0,0,2,SP,2,42,14,21.0,9.64,1.93,13.5,0.96,
805811,Bryce Eldridge,L,SF,3,Grayson Rodriguez,R,680570,823196,LAA @ SF,7:15 PM,24/07,Scheduled,0.6620074848024696,,,,False,1011111010,estimated,0,0,0.0,0.23156355560659664,0.4206360020731388,0.5930120083930758,0.44583760509675324,20,2,-0.051878354203935606,0.994,15.0,F,0.25263157894736843,1.5320617742551916,0.5608605773159377,8,6,0,0.3076923076923077,0.2558139534883721,0.5363636363636364,0.23333333333333334,0.23030303030303031,0.30609756097560975,0.2959349593495935,0.2508591065292096,0.29462738301559793,0.28205128205128205,133,0.24468085106382978,110,False,False,0.6269216202403411,0.03508586456212848,3.5166666666666666,4.05,60,0.26947546455325805,0.21191833439559882,0.05755713015765923,0.5597285955883926,0.49127343644055993,0.06845515914783268,0.005544031646371315,20,STRONG,8.23,1.77,35.0,3,3,27,17,0,0,0,8,SP,8,168,45,21.0,6.94,4.37,11.57,1.29,21.077866537795906
665019,Kody Clemens,L,MIN,3,Jacob Lopez,L,682052,823680,ATH @ MIN,5:10 PM,24/07,Scheduled,0.6616221403410977,,,,False,0000100111,estimated,0,0,0.0,0.21333281093554776,0.27748998709600836,0.43773540260410637,0.2949186742578338,20,1,0.04069685428128089,1.022,59.7,C,0.2583479789103691,1.6721235992462553,0.32177937732309503,15,5,0,0.27450980392156865,0.23381294964028776,0.5892700087950747,0.31926121372031663,0.09146877748460862,0.23949579831932774,0.24933333333333332,0.218562874251497,0.2397614314115308,0.28125,211,0.18248175182481752,149,False,False,0.6385719772928671,0.0230501630482306,3.7386363636363638,4.090909090909091,88,0.28603259498570927,0.2477015737422896,0.038331021243419666,0.5709889302428843,0.48358918810608315,0.08739974213680118,0.016298244731628327,20,NEUTRAL,6.64,1.73,59.2,4,4,49,36,0,0,0,12,SP,15,281,67,18.7,7.39,5.43,10.11,1.66,17.762221091761436
694384,Nolan Schanuel,L,LAA,3,Logan Webb,R,657277,823196,LAA @ SF,7:15 PM,24/07,Scheduled,0.6601716593281015,,,,False,1111011110,estimated,0,0,0.0,0.34264930727065246,0.36482749232339423,0.28854488721200855,0.43083361557734573,20,2,0.01845730027548209,0.994,63.8,C,0.27122015915119363,3.053365988730932,0.374765592955006,16,6,0,0.26666666666666666,0.28512396694214875,0.5510610079575596,0.19827586206896552,0.2506631299734748,0.2886996904024768,0.28290468986384265,0.31773399014778325,0.2922817376634331,0.2903225806451613,205,0.2672413793103448,135,False,False,0.6620074848024696,-0.0018358254743681135,3.728395061728395,4.197530864197531,81,0.266837616089921,0.2538737414968379,0.012963874593083125,0.5250750160376395,0.5038125064422185,0.021262509595420975,0.1737547125302304,20,NEUTRAL,3.87,1.11,107.0,5,7,85,27,0,0,0,17,SP,17,438,92,25.8,7.15,2.27,7.74,0.76,25.85364991261
687637,Dylan Beavers,L,BAL,1,Grant Holmes,R,656550,824812,ATL @ BAL,4:05 PM,24/07,Pre-Game,0.6601716593281015,,,,False,0111011010,live,0,0,0.0,0.26540968819290917,0.2881783170263557,0.2560322808897944,0.3994378112792123,20,2,0.02777777777777779,1.044,44.3,D,0.2749003984063745,1.922125837499476,0.4362304267059578,19,5,0,0.2222222222222222,0.25,0.5043246839654025,0.4411177644710579,0.054557551563539586,0.23205342237061768,0.1907356948228883,0.1702127659574468,0.20883882149046792,0.20454545454545456,100,0.3157894736842105,65,False,False,0.6512647704826482,0.00890688884545332,3.0208333333333335,3.4375,48,0.2769140290825504,0.24963013795459563,0.02728389112795479,0.5343897180666066,0.4819706477188559,0.05241907034775073,-0.10031467232723829,20,NEUTRAL,3.7,1.34,92.1,6,4,78,41,0,0,0,18,SP,19,400,83,21.1,7.6,4.0,8.09,1.46,20.65975629059625
669364,Xavier Edwards,L,MIA,4,Germán Márquez,R,608566,823843,SD @ MIA,4:10 PM,24/07,Pre-Game,0.6588701962469404,,,,False,1111101000,live,0,0,0.0,0.19400149146399154,0.33314755948523167,0.2401873135976617,0.22187542703246393,20,2,-0.016369047619047616,1.0,27.8,F,0.23596938775510204,1.2413523009612508,0.45118566328088383,10,5,0,0.3020833333333333,0.2857142857142857,0.5146871008939975,0.454661558109834,0.03065134099616858,0.289134438305709,0.32323232323232326,0.27601809954751133,0.2960175603637504,0.29914529914529914,268,0.2746478873239437,166,False,False,0.6305095620221767,0.02836063422476376,3.6862745098039214,4.254901960784314,102,0.25428589650169764,0.21819523486004375,0.03609066164165389,0.5268420843107319,0.4600168718458861,0.0668252124648458,-0.12566549997312843,20,STRONG,5.24,1.54,44.2,4,2,30,22,0,0,0,9,SP,10,199,47,19.9,6.04,4.43,9.47,2.22,19.871752310130912
668904,Royce Lewis,R,MIN,4,Jacob Lopez,L,682052,823680,ATH @ MIN,5:10 PM,24/07,Scheduled,0.6588701962469404,,,,False,1110011010,estimated,0,0,0.0,0.18529061952412823,0.28145026112021365,0.40436828300053757,0.2604907647409776,20,1,-0.016202572870867932,1.022,59.7,C,0.2583479789103691,1.6721235992462553,0.32177937732309503,15,5,0,0.2028985507246377,0.21910112359550563,0.5892700087950747,0.31926121372031663,0.09146877748460862,0.18972746331236898,0.2522202486678508,0.22272727272727272,0.2139988525530694,0.2222222222222222,151,0.20535714285714285,128,False,False,0.6305095620221767,0.02836063422476376,3.6323529411764706,4.102941176470588,68,0.26320223952586563,0.23455313767931377,0.028649101846551867,0.5545699848476704,0.4711629135615539,0.08340707128611652,-0.05091659674134314,20,NEUTRAL,6.64,1.73,59.2,4,4,49,36,0,0,0,12,SP,15,281,67,18.7,7.39,5.43,10.11,1.66,17.762221091761436
668715,Spencer Steer,R,CIN,4,Dustin May,R,669160,823031,CIN @ STL,5:15 PM,24/07,Scheduled,0.6584403451244323,,,,False,1010111000,estimated,0,0,0.0,0.21773162636699647,0.285422127343863,0.449110347766031,0.2762546491974629,20,2,-0.10368663594470048,1.031,43.5,D,0.2837413684871312,2.5564172610198006,0.43529925140412973,19,6,0,0.32142857142857145,0.21774193548387097,0.6712759270898806,0.26147077309868005,0.06725329981143935,0.22867132867132867,0.21808510638297873,0.2631578947368421,0.22905706191825173,0.24083769633507854,220,0.24822695035460993,154,False,False,0.6533770552054198,0.005063289919012504,3.5319148936170213,3.978723404255319,94,0.2565327215478596,0.25239592074527417,0.004136800802585439,0.49127343644055993,0.4832485898621826,0.00802484657837732,-0.13945302238537127,20,NEUTRAL,4.78,1.32,98.0,5,7,95,32,0,0,0,19,SP,19,414,97,21.8,8.72,2.94,8.91,0.64,21.42064541746382
808982,Jung Hoo Lee,L,SF,6,Grayson Rodriguez,R,680570,823196,LAA @ SF,7:15 PM,24/07,Scheduled,0.6581583438313066,,,,False,1100101111,estimated,0,0,0.0,0.23042744467401488,0.3069893751315889,0.23415247498141625,0.24972612178840256,20,2,0.02198036705078954,0.994,15.0,F,0.25263157894736843,1.5320617742551916,0.5608605773159377,8,6,0,0.2878787878787879,0.30985915492957744,0.5363636363636364,0.23333333333333334,0.23030303030303031,0.29273504273504275,0.2883116883116883,0.29931972789115646,0.29217110573042776,0.28717948717948716,207,0.32903225806451614,165,False,False,0.6251437773533896,0.03301456647791701,3.763440860215054,4.0,93,0.2628209981886391,0.2232585261562299,0.039562472032409174,0.5098199833968908,0.4378894259707049,0.07193055742618593,0.028245240018837253,20,STRONG,8.23,1.77,35.0,3,3,27,17,0,0,0,8,SP,8,168,45,21.0,6.94,4.37,11.57,1.29,21.077866537795906
575929,Willson Contreras,R,BOS,4,Trey Yesavage,R,702056,824733,TOR @ BOS,4:15 PM,24/07,Pre-Game,0.6577590965426446,-245.0,257.0,71.0,False,1110101111,live,3,1,0.3333333333333333,0.347769747141376,0.4377117644164481,0.5811497867659284,0.4815679233168195,20,2,0.010689170182841101,1.063,67.7,B,0.2852852852852853,1.5395499872227703,0.33892193676385785,15,5,0,0.28888888888888886,0.29957805907172996,0.47072072072072074,0.23873873873873874,0.2905405405405405,0.2836218375499334,0.32357043235704325,0.2751196172248804,0.2938513768389287,0.31343283582089554,240,0.2698412698412698,144,False,False,0.6527202544367471,0.005038842105897556,3.5543478260869565,4.173913043478261,92,0.25428589650169764,0.25171892290995956,0.0025669735917380754,0.5070113655480353,0.5126792385186242,-0.005667872970588905,0.263319374098463,20,AVOID,3.78,1.16,81.0,4,5,78,41,0,0,0,15,SP,15,335,53,22.3,8.67,4.56,5.89,0.89,22.456241703075722
624413,Pete Alonso,R,BAL,2,Grant Holmes,R,656550,824812,ATL @ BAL,4:05 PM,24/07,Pre-Game,0.6566355969338873,-178.0,186.0,64.0,False,0111000111,live,0,0,0.0,0.2141955403988241,0.39958036216871323,0.5580982872957648,0.34212644555649924,20,2,-0.021812500000000012,1.044,44.3,D,0.2749003984063745,1.922125837499476,0.4362304267059578,19,5,0,0.264,0.2421875,0.5043246839654025,0.4411177644710579,0.054557551563539586,0.2450368689733409,0.21103327495621715,0.2712765957446808,0.23613650213284582,0.2554112554112554,263,0.24,182,False,False,0.647592836688971,0.009042760244916237,3.735294117647059,4.362745098039215,102,0.28362491875100476,0.2477015737422896,0.03592334500871516,0.5193465627992065,0.489256066816855,0.03009049598235153,-0.14886541088243518,20,NEUTRAL,3.7,1.34,92.1,6,4,78,41,0,0,0,18,SP,19,400,83,21.1,7.6,4.0,8.09,1.46,20.65975629059625
682928,Cj Abrams,L,WSH,4,Eduardo Rodríguez,L,593958,822707,AZ @ WSH,3:45 PM,24/07,Pre-Game,0.6566355969338873,-194.0,203.0,66.0,False,1111101111,live,3,2,0.6666666666666666,0.3429615490736139,0.3962210190671435,0.4961878284362705,0.45168129483666813,20,2,-0.02067958179581797,1.04,41.7,D,0.25592672413793105,1.9734364583454136,0.389618639072952,20,5,0,0.2708333333333333,0.2915129151291513,0.6032345013477088,0.12776280323450134,0.26900269541778976,0.26477359938603223,0.2584963954685891,0.24407582938388625,0.2589582563723679,0.2946859903381642,238,0.275,182,False,False,0.6382406363365262,0.01839496059736112,3.7448979591836733,4.285714285714286,98,0.2804567886991001,0.23495266639857107,0.045504122300529054,0.5336799724712621,0.47880452665225165,0.05487544581901044,0.056891470166559585,20,NEUTRAL,2.62,1.22,116.2,8,3,82,41,0,0,0,20,SP,20,478,101,23.9,6.33,3.16,7.79,0.93,23.602139298625215
672386,Alejandro Kirk,R,TOR,5,Patrick Sandoval,L,663776,824733,TOR @ BOS,4:15 PM,24/07,Pre-Game,0.656128999299577,,,,False,1110100111,live,0,0,0.0,0.2545744255918568,0.29623625542915855,0.43434715720787614,0.3160062786746844,20,1,0.05536181342632954,1.063,63.7,C,0.2978723404255319,,,2,6,0,0.25806451612903225,0.20270270270270271,0.3475177304964539,0.425531914893617,0.22695035460992907,0.22125813449023862,0.23563218390804597,0.2222222222222222,0.2246376811594203,0.22641509433962265,59,0.21153846153846154,59,False,False,0.647412139125606,0.008716860173970997,3.28125,3.6875,32,0.2485211539780411,0.23749457475927416,0.01102657921876693,0.5018387172470201,0.4688642815954918,0.0329744356515283,0.032016223440105795,20,NEUTRAL,4.82,1.71,9.1,0,0,10,2,0,0,0,2,SP,2,42,14,21.0,9.64,1.93,13.5,0.96,
800050,Chase Delauter,L,CLE,2,Shane Mcclanahan,L,663556,822952,CLE @ TB,4:10 PM,24/07,Pre-Game,0.6561269958054834,,,,False,1011111110,live,0,0,0.0,0.3226706469795689,0.3208379992678168,0.5313262809003787,0.3959890899818166,20,1,0.1432146011186341,0.96,60.3,C,0.2950245269796776,2.8234753284578886,0.4166912458575066,18,5,0,0.38372093023255816,0.24050632911392406,0.37421163279607567,0.3328661527680449,0.29292221443587946,0.27012383900928794,0.23467862481315396,0.2095435684647303,0.24706358849736734,0.24719101123595505,201,0.31724137931034485,158,False,False,0.6811189669123908,-0.02499197110690743,3.755813953488372,4.174418604651163,86,0.2587348858506229,0.2842828994574116,-0.02554801360678871,0.49857344396407854,0.5414653732620965,-0.042891929298017994,0.17403797071366617,20,NEUTRAL,3.16,1.15,91.0,8,6,85,31,0,0,0,18,SP,18,378,74,21.0,8.41,3.07,7.32,0.69,21.358039574615358
645277,Ozzie Albies,L,ATL,2,Trevor Rogers,L,669432,824812,ATL @ BAL,4:05 PM,24/07,Pre-Game,0.6559858210898066,,,,False,0011001011,live,0,0,0.0,0.23261376997498356,0.23049603648933997,0.2208370404813538,0.31828451814910275,20,1,0.09252267841224895,1.044,48.0,D,0.27410832232496696,2.396417192355003,0.4276066504791396,17,6,0,0.31901840490797545,0.2264957264957265,0.6549900859220092,0.12491738268341045,0.2200925313945803,0.25164113785557984,0.25123762376237624,0.23766816143497757,0.2490367775831874,0.2680851063829787,262,0.25925925925925924,181,False,False,0.6444110414723057,0.011574779617500974,3.892156862745098,4.3431372549019605,102,0.28225185964492566,0.25498546269900574,0.027266396945919924,0.5096348318248182,0.47880452665225165,0.03083030517256652,-0.045376049166501814,20,NEUTRAL,4.28,1.3,96.2,6,7,77,32,0,0,0,18,SP,18,409,94,22.7,7.17,2.98,8.75,0.93,22.866403731574366
807799,Masataka Yoshida,L,BOS,5,Trey Yesavage,R,702056,824733,TOR @ BOS,4:15 PM,24/07,Pre-Game,0.6554325361889363,,,,False,1110010111,live,1,1,1.0,0.28840237604721153,0.3530011890228734,0.4024721248934838,0.31380939341594893,20,2,0.0,1.063,67.7,B,0.2852852852852853,1.5395499872227703,0.33892193676385785,15,5,0,,0.2676767676767677,0.47072072072072074,0.23873873873873874,0.2905405405405405,0.22593068035943517,0.2155688622754491,0.2903225806451613,0.2356733524355301,0.25862068965517243,130,0.2804878048780488,92,False,False,0.6668102720700734,-0.011377735881137108,2.955223880597015,3.3134328358208953,67,0.238410014100877,0.24254835391651905,-0.004138339815642045,0.49718287140897793,0.4956525248785281,0.001530346530449811,0.1788922596244178,20,AVOID,3.78,1.16,81.0,4,5,78,41,0,0,0,15,SP,15,335,53,22.3,8.67,4.56,5.89,0.89,22.456241703075722
669003,Garrett Mitchell,L,MIL,5,Tomoyuki Sugano,R,608372,823759,COL @ MIL,1:10 PM,24/07,Pre-Game,0.6538593127439668,-203.0,212.0,67.0,False,1111110100,live,0,0,0.0,0.3018852518479481,0.4471622103688398,0.4539312805431341,0.454095421561223,20,2,0.023441162681669014,0.97,30.5,F,0.23493150684931507,2.3371584268391103,0.43635646076294976,17,6,0,0.25925925925925924,0.28270042194092826,0.5133836650652025,0.28208647906657514,0.20452985586822237,0.2676056338028169,0.28618968386023297,0.259375,0.27136150234741785,0.28125,180,0.2748091603053435,151,False,False,0.6047438818127802,0.04911543093118664,3.2333333333333334,3.6777777777777776,90,0.2443253403106512,0.2130495988277191,0.03127574148293211,0.5400888185954776,0.45212139858451833,0.08796742001095931,0.16277706768735886,20,NEUTRAL,4.76,1.29,90.2,9,4,51,23,0,0,0,17,SP,17,382,94,22.5,5.06,2.28,9.33,1.79,22.73889829234107
682657,Angel Martínez,L,CLE,1,Shane Mcclanahan,L,663556,822952,CLE @ TB,4:10 PM,24/07,Pre-Game,0.652271612161056,,,,False,1000111110,live,0,0,0.0,0.1756837486665488,0.35947016771957924,0.3826253272613065,0.2606736716569733,20,41,0.029385502069973174,0.96,60.3,C,0.2950245269796776,2.8234753284578886,0.4166912458575066,18,5,0,0.25773195876288657,0.2283464566929134,0.37421163279607567,0.3328661527680449,0.29292221443587946,0.23735408560311283,0.2708333333333333,0.26047904191616766,0.25129533678756477,0.22807017543859648,123,0.2545454545454545,118,False,False,0.6734363175979926,-0.021164705436936604,3.6721311475409837,3.9508196721311477,61,0.25707424765436965,0.2782900857611621,-0.02121583810679245,0.49127343644055993,0.5130129601004092,-0.02173952365984927,0.006311570762348969,20,NEUTRAL,3.16,1.15,91.0,8,6,85,31,0,0,0,18,SP,18,378,74,21.0,8.41,3.07,7.32,0.69,21.358039574615358
643289,Mauricio Dubón,R,ATL,5,Trevor Rogers,L,669432,824812,ATL @ BAL,4:05 PM,24/07,Pre-Game,0.6513898433929121,,,,False,0101100011,live,0,0,0.0,0.23452725042784436,0.2801249479133158,0.3285201067796644,0.3055900262804287,20,1,0.019435055528730094,1.044,48.0,D,0.27410832232496696,2.396417192355003,0.4276066504791396,17,6,0,0.27631578947368424,0.25688073394495414,0.6549900859220092,0.12491738268341045,0.2200925313945803,0.27159685863874344,0.27320261437908494,0.21904761904761905,0.2662586074980872,0.2619047619047619,225,0.26875,177,False,False,0.6208729301106372,0.030516913282274905,3.7755102040816326,4.1020408163265305,98,0.2750442335094166,0.23403722705696825,0.04100700645244834,0.4729922681508787,0.44151685041024624,0.03147541774063245,0.05402841343860951,20,NEUTRAL,4.28,1.3,96.2,6,7,77,32,0,0,0,18,SP,18,409,94,22.7,7.17,2.98,8.75,0.93,22.866403731574366
665742,Juan Soto,L,NYM,2,Roki Sasaki,R,808963,823601,LAD @ NYM,4:10 PM,24/07,Pre-Game,0.6503232503497525,-170.0,178.0,63.0,False,0110010100,estimated,0,0,0.0,0.2545156382268609,0.3362973502644533,0.5116798532779121,0.29995262185096294,20,3,-0.05656457739791071,0.949,48.1,D,0.28034300791556727,2.4928919653157036,0.44930389638252366,17,7,0,0.32098765432098764,0.2644230769230769,0.4774052478134111,0.23760932944606414,0.2849854227405248,0.27191011235955054,0.2365038560411311,0.27635327635327633,0.2633064516129032,0.2677595628415301,218,0.3018867924528302,134,False,False,0.6645012942492876,-0.014178043899535142,3.524390243902439,4.2926829268292686,82,0.25024110215839585,0.26473332785571707,-0.014492225697321226,0.5203488008085247,0.5329314512386899,-0.012582650430165154,-0.15739319816062033,20,NEUTRAL,4.98,1.34,86.2,3,5,85,34,0,0,0,17,SP,17,374,82,22.0,8.83,3.53,8.52,1.97,21.88299856990858
803011,Sam Antonacci,L,CWS,1,Spencer Arrighetti,R,681293,824573,HOU @ CWS,4:40 PM,24/07,Pre-Game,0.6495196680668988,,,,False,1011100100,estimated,0,0,0.0,0.22940174137300273,0.289671286597574,0.27682664978075455,0.2565786474235712,20,2,0.023349436392914646,0.968,59.8,C,0.28328804347826086,1.7697576636850687,0.3108981204017503,16,6,0,0.25925925925925924,0.2826086956521739,0.46091094493541807,0.469068660774983,0.07002039428959891,0.2893368010403121,0.24390243902439024,0.2631578947368421,0.2751732572360375,0.2840909090909091,199,0.26851851851851855,133,True,False,0.6754656621297221,-0.025945994062823385,3.55,4.15,80,0.2620037990582096,0.28362491875100476,-0.021621119692795177,0.5220530997164651,0.5220530997164651,0.0,0.0470406646338548,20,NEUTRAL,4.34,1.31,87.0,7,5,87,48,0,0,0,16,SP,16,377,66,23.6,9.0,4.97,6.83,1.24,23.16582762929498
665953,Andrés Chaparro,R,WSH,3,Eduardo Rodríguez,L,593958,822707,AZ @ WSH,3:45 PM,24/07,Pre-Game,0.6490898169443907,,,,False,1000101010,live,3,0,0.0,0.19231552889460346,0.324346700693412,0.4745314127913876,0.26823769313834617,20,3,0.0,1.04,41.7,D,0.25592672413793105,1.9734364583454136,0.389618639072952,20,5,0,0.19047619047619047,,0.6032345013477088,0.12776280323450134,0.26900269541778976,0.15079365079365079,0.11764705882352941,0.12179487179487179,0.13419117647058823,0.13953488372093023,50,0.3,26,False,False,0.6321093948885458,0.016980422055844935,1.96875,2.375,32,0.2614874756039716,0.22401158914886207,0.03747588645510955,0.5332332249721526,0.47752658450892493,0.05570664046322771,-0.1858748321107813,20,NEUTRAL,2.62,1.22,116.2,8,3,82,41,0,0,0,20,SP,20,478,101,23.9,6.33,3.16,7.79,0.93,23.602139298625215
545361,Mike Trout,R,LAA,2,Logan Webb,R,657277,823196,LAA @ SF,7:15 PM,24/07,Scheduled,0.6478011733524941,-178.0,194.0,64.0,False,1011110011,estimated,0,0,0.0,0.2578740673358475,0.349870115010669,0.3656377477778169,0.3738280745708461,20,2,-0.03235326873816685,0.994,63.8,C,0.27122015915119363,3.053365988730932,0.374765592955006,16,6,0,0.25609756097560976,0.2237442922374429,0.5510610079575596,0.19827586206896552,0.2506631299734748,0.25692398350029466,0.22287390029325513,0.2623456790123457,0.24790069368382622,0.25510204081632654,231,0.19047619047619047,145,False,False,0.6440651183343877,0.0037360550181063656,3.6265060240963853,4.530120481927711,83,0.25862132689199807,0.25137602639116446,0.007245300500833607,0.5056518489892982,0.4901498418452454,0.015502007144052754,0.20180736902668722,20,NEUTRAL,3.87,1.11,107.0,5,7,85,27,0,0,0,17,SP,17,438,92,25.8,7.15,2.27,7.74,0.76,25.85364991261
641487,J. P. Crawford,L,SEA,1,Mackenzie Gore,L,669022,822872,SEA @ TEX,5:05 PM,24/07,Scheduled,0.6471414551330871,,,,False,0110101001,estimated,2,0,0.0,0.19485625973827575,0.3036041512486453,0.34554773670404176,0.26807755957304763,20,5,0.0072549019607842935,0.964,52.6,C,0.27050053248136313,3.073872405881046,0.436639953314386,20,6,0,0.22058823529411764,0.21333333333333335,0.5897709110282365,0.3036760788492275,0.10655301012253596,0.22289521502119927,0.2268041237113402,0.25609756097560976,0.2281097331830139,0.23076923076923078,216,0.1891891891891892,133,False,False,0.6566355969338873,-0.009494141800800215,3.573170731707317,4.2560975609756095,82,0.24828625891282882,0.2684904682973505,-0.020204209384521693,0.5053772294120099,0.5018387172470201,0.0035385121649897933,0.10605502064197381,20,NEUTRAL,4.8,1.28,110.2,6,8,122,42,0,0,0,21,SP,21,475,100,22.6,9.92,3.42,8.13,1.14,22.957347626802928
672960,Kazuma Okamoto,R,TOR,3,Patrick Sandoval,L,663776,824733,TOR @ BOS,4:15 PM,24/07,Pre-Game,0.647116732342491,,,,False,1010000000,live,0,0,0.0,0.11479529079413206,0.17896531173846153,0.37716955781698397,0.17403929518705355,20,1,-0.006145706145706142,1.063,63.7,C,0.2978723404255319,,,2,6,0,0.21978021978021978,0.22592592592592592,0.3475177304964539,0.425531914893617,0.22695035460992907,0.20011370096645822,0.24299065420560748,0.22941176470588234,0.21752837326607818,0.2372093023255814,244,0.2054794520547945,163,True,False,0.6278756528171813,0.019241079525309734,3.6464646464646466,4.111111111111111,99,0.2333775508206092,0.20588733076056656,0.027490220060042647,0.5279202832697224,0.4923767692463861,0.035543514023336276,-0.22201449610063187,20,NEUTRAL,4.82,1.71,9.1,0,0,10,2,0,0,0,2,SP,2,42,14,21.0,9.64,1.93,13.5,0.96,
677800,Wilyer Abreu,L,BOS,3,Trey Yesavage,R,702056,824733,TOR @ BOS,4:15 PM,24/07,Pre-Game,0.6469322775583085,,,,False,1001110100,live,2,0,0.0,0.2249159010350409,0.3801089882222952,0.4959657909467169,0.31447530233612814,20,2,-0.07444927429455539,1.063,67.7,B,0.2852852852852853,1.5395499872227703,0.33892193676385785,15,5,0,0.3163265306122449,0.24187725631768953,0.47072072072072074,0.23873873873873874,0.2905405405405405,0.24087982832618027,0.2535410764872521,0.23694779116465864,0.24365647364996748,0.26991150442477874,262,0.2483221476510067,165,False,False,0.6534294616214585,-0.00649718406315003,3.826530612244898,4.357142857142857,98,0.2511215647909871,0.24598162556193484,0.005139939229052232,0.5031312478158664,0.5069443795581444,-0.003813131742278042,-0.00457683321030167,20,AVOID,3.78,1.16,81.0,4,5,78,41,0,0,0,15,SP,15,335,53,22.3,8.67,4.56,5.89,0.89,22.456241703075722
660271,Shohei Ohtani,L,LAD,1,Sean Manaea,L,640455,823601,LAD @ NYM,4:10 PM,24/07,Pre-Game,0.646817062428545,-223.0,233.0,69.0,False,0111011010,estimated,0,0,0.0,0.22460485940617847,0.3603780562069222,0.5311951342639128,0.3055307142563856,20,2,-0.00011745360582571251,0.949,52.9,C,0.2634146341463415,3.4506543147396407,0.42825429205097965,20,6,0,0.2828282828282828,0.28294573643410853,0.640418118466899,0.32125435540069686,0.03832752613240418,0.2984709480122324,0.26235294117647057,0.27627118644067794,0.28381877022653723,0.29493087557603687,258,0.2642857142857143,171,False,False,0.6841414387003087,-0.03732437627176377,3.838709677419355,4.612903225806452,93,0.26710922736027815,0.28147668305320983,-0.014367455692931685,0.521051680209983,0.5441115764943775,-0.02305989628439442,0.09821669713279206,20,AVOID,4.74,1.36,79.2,2,5,81,26,0,0,0,7,RP,21,353,82,16.8,9.15,2.94,9.26,1.36,19.0147093031636
693307,Dillon Dingler,R,DET,3,Beck Way,R,694360,824248,KC @ DET,3:40 PM,24/07,Pre-Game,0.6466280208255489,,,,False,1101101111,live,0,0,0.0,0.36018619776055044,0.32632689783233876,0.2949396984637835,0.43282294392528525,20,1,-0.016666666666666663,1.004,70.6,B,0.3131868131868132,2.52512476983379,0.41545716190179866,18,5,0,0.2833333333333333,0.26666666666666666,0.804945054945055,0.16758241758241757,0.027472527472527472,0.260897030953885,0.21602288984263232,0.30994152046783624,0.2549467275494673,0.2564102564102564,214,0.29333333333333333,172,False,True,0.6560738179000077,-0.009445797074458806,3.7096774193548385,4.150537634408602,93,0.26825968565275166,0.2641046069301011,0.004155078722650529,0.5098199833968908,0.5031923514034589,0.0066276319934319705,0.13426699132335576,20,AVOID,3.22,1.52,22.1,1,0,21,10,0,0,0,0,RP,18,98,24,5.4,8.46,4.03,9.67,1.61,5.267524673940676
514888,José Altuve,R,HOU,4,Davis Martin,R,663436,824573,HOU @ CWS,4:40 PM,24/07,Pre-Game,0.6440111182394176,,,,False,1011101110,estimated,0,0,0.0,0.22136627921295363,0.23307230453680247,0.2870125758526921,0.2950686334855629,20,3,-0.038194444444444475,0.968,39.8,D,0.2771867612293144,2.2116298732787034,0.425294931285825,19,6,0,0.2604166666666667,0.2222222222222222,0.5807228915662651,0.27590361445783135,0.14337349397590363,0.2258326563769293,0.2229299363057325,0.17894736842105263,0.21875,0.234375,207,0.23423423423423423,128,False,False,0.6294948781818992,0.014516240057518393,3.8846153846153846,4.294871794871795,78,0.2552892516062077,0.23403722705696825,0.02125202454923944,0.48797812467352825,0.4644642188832733,0.02351390579025492,0.008702302988733616,20,NEUTRAL,3.31,1.27,106.0,9,5,97,33,0,0,0,19,SP,19,440,102,23.2,8.24,2.8,8.66,0.51,22.74686482892968
668227,Randy Arozarena,R,SEA,2,Mackenzie Gore,L,669022,822872,SEA @ TEX,5:05 PM,24/07,Scheduled,0.6438760767313917,-178.0,186.0,64.0,False,1111001101,estimated,2,0,0.0,0.26681827625682636,0.3354098715821604,0.3379323329388701,0.30259485020578275,20,2,0.0014841976602060214,0.964,52.6,C,0.27050053248136313,3.073872405881046,0.436639953314386,20,6,0,0.2826086956521739,0.28112449799196787,0.5897709110282365,0.3036760788492275,0.10655301012253596,0.24813895781637718,0.23222222222222222,0.2655086848635236,0.2457221081451061,0.2583732057416268,251,0.3181818181818182,151,False,False,0.6695121777522611,-0.02563610102086944,3.627659574468085,4.276595744680851,94,0.24143162243220165,0.2629521704882664,-0.021520548056064764,0.4901643615815759,0.5065949276046942,-0.016430566023118265,0.13023843007927968,20,NEUTRAL,4.8,1.28,110.2,6,8,122,42,0,0,0,21,SP,21,475,100,22.6,9.92,3.42,8.13,1.14,22.957347626802928
702176,Alan Roden,L,MIN,6,Jacob Lopez,L,682052,823680,ATH @ MIN,5:10 PM,24/07,Scheduled,0.6437506946070466,,,,False,0010010011,estimated,0,0,0.0,0.23019426313886812,0.3164606444539158,0.43156437659114344,0.23635519784506553,11,1,0.0,1.022,59.7,C,0.2583479789103691,1.6721235992462553,0.32177937732309503,15,5,0,,0.23076923076923078,0.5892700087950747,0.31926121372031663,0.09146877748460862,0.1935483870967742,0.14035087719298245,0.047619047619047616,0.15789473684210525,0.06666666666666667,19,0.38461538461538464,14,False,False,0.6194458660508884,0.02430482855615823,2.5454545454545454,3.0,11,0.22636495913526436,0.2064964518554507,0.019868507279813652,0.49127343644055993,0.4385258077398868,0.05274762870067312,-0.16544938274750895,11,NEUTRAL,6.64,1.73,59.2,4,4,49,36,0,0,0,12,SP,15,281,67,18.7,7.39,5.43,10.11,1.66,17.762221091761436
665052,Griffin Conine,L,MIA,6,Germán Márquez,R,608566,823843,SD @ MIA,4:10 PM,24/07,Pre-Game,0.6432193862343597,,,,False,1011111110,live,0,0,0.0,0.2736115966422426,0.4870135427672723,0.605183407701996,0.4957573884416119,20,2,0.1558988764044944,1.0,27.8,F,0.23596938775510204,1.2413523009612508,0.45118566328088383,10,5,0,0.125,0.2808988764044944,0.5146871008939975,0.454661558109834,0.03065134099616858,0.2956810631229236,0.26859504132231404,0.2222222222222222,0.26912181303116145,0.3148148148148148,61,0.20930232558139536,49,False,False,0.5802321137230476,0.06298727251131209,2.7714285714285714,3.142857142857143,35,0.23346034209998076,0.2020765040230635,0.03138383807691725,0.5109668966312235,0.424693446700214,0.08627344993100955,0.12450788296384582,20,STRONG,5.24,1.54,44.2,4,2,30,22,0,0,0,9,SP,10,199,47,19.9,6.04,4.43,9.47,2.22,19.871752310130912
696285,Jacob Young,R,WSH,6,Eduardo Rodríguez,L,593958,822707,AZ @ WSH,3:45 PM,24/07,Pre-Game,0.6430920148054816,,,,False,0011011110,live,6,2,0.3333333333333333,0.22192432316399724,0.3140432793696247,0.2690819565324316,0.24488657987906412,20,3,0.09049949938814103,1.04,41.7,D,0.25592672413793105,1.9734364583454136,0.389618639072952,20,5,0,0.2871287128712871,0.19662921348314608,0.6032345013477088,0.12776280323450134,0.26900269541778976,0.23776223776223776,0.18210361067503925,0.21153846153846154,0.2171945701357466,0.2375,174,0.2184873949579832,129,False,False,0.6035335952692633,0.0395584195362183,3.402439024390244,3.6951219512195124,82,0.24627330554214866,0.2064964518554507,0.03977685368669795,0.4941971041563223,0.4307572955179619,0.0634398086383604,3.708741878792761e-06,20,NEUTRAL,2.62,1.22,116.2,8,3,82,41,0,0,0,20,SP,20,478,101,23.9,6.33,3.16,7.79,0.93,23.602139298625215
686797,Brooks Lee,L,MIN,5,Jacob Lopez,L,682052,823680,ATH @ MIN,5:10 PM,24/07,Scheduled,0.6420842868614899,,,,False,0100111110,estimated,0,0,0.0,0.2658387593731665,0.2775033583809637,0.40429145489967777,0.33104688048319936,20,1,-0.017307692307692274,1.022,59.7,C,0.2583479789103691,1.6721235992462553,0.32177937732309503,15,5,0,0.2403846153846154,0.25769230769230766,0.5892700087950747,0.31926121372031663,0.09146877748460862,0.25022341376228774,0.2441717791411043,0.2664298401420959,0.2516,0.26570048309178745,218,0.2356687898089172,180,False,False,0.6092315065717645,0.03285278028972538,3.7916666666666665,4.145833333333333,96,0.25034966160469513,0.22094611590345625,0.029403545701238876,0.5220530997164651,0.4491800773072385,0.07287302240922655,0.046093799542062,20,NEUTRAL,6.64,1.73,59.2,4,4,49,36,0,0,0,12,SP,15,281,67,18.7,7.39,5.43,10.11,1.66,17.762221091761436
647304,Josh Naylor,L,SEA,5,Mackenzie Gore,L,669022,822872,SEA @ TEX,5:05 PM,24/07,Scheduled,0.6405274513082237,,,,False,1111101111,estimated,0,0,0.0,0.31838433683971573,0.3431789329321923,0.28702831867288126,0.3606659825652401,20,2,0.009963768115942018,0.964,52.6,C,0.27050053248136313,3.073872405881046,0.436639953314386,20,6,0,0.2708333333333333,0.2608695652173913,0.5897709110282365,0.3036760788492275,0.10655301012253596,0.2551470588235294,0.26370757180156656,0.22933333333333333,0.2538984406237505,0.2555066079295154,250,0.27586206896551724,161,False,False,0.6511181157966034,-0.010590664488379642,3.9157894736842107,4.326315789473684,95,0.22964941161978147,0.24506618622033197,-0.015416774600550492,0.456840613901174,0.4691231999245143,-0.012282586023340314,0.10491639312607054,20,NEUTRAL,4.8,1.28,110.2,6,8,122,42,0,0,0,21,SP,21,475,100,22.6,9.92,3.42,8.13,1.14,22.957347626802928
663886,Tyler Stephenson,R,CIN,6,Dustin May,R,669160,823031,CIN @ STL,5:15 PM,24/07,Scheduled,0.6398012038823414,,,,False,1111101101,estimated,0,0,0.0,0.346233171544831,0.42528611768895935,0.4811184602719605,0.45821092356904397,20,2,0.03345959595959597,1.031,43.5,D,0.2837413684871312,2.5564172610198006,0.43529925140412973,19,6,0,0.2222222222222222,0.2556818181818182,0.6712759270898806,0.26147077309868005,0.06725329981143935,0.22004608294930875,0.2513181019332162,0.16740088105726872,0.22302158273381295,0.22058823529411764,154,0.2815533980582524,115,False,False,0.6198078894689142,0.01999331441342722,3.22972972972973,3.635135135135135,74,0.25069902855584986,0.24576624004657702,0.00493278850927284,0.4701505016935969,0.4588211368557067,0.01132936483789021,0.21917144187379972,20,NEUTRAL,4.78,1.32,98.0,5,7,95,32,0,0,0,19,SP,19,414,97,21.8,8.72,2.94,8.91,0.64,21.42064541746382
682985,Riley Greene,L,DET,4,Beck Way,R,694360,824248,KC @ DET,3:40 PM,24/07,Pre-Game,0.6391108283083474,,,,False,1011011011,live,0,0,0.0,0.2766913255926959,0.3820483665947361,0.5903762001595857,0.39367900994061644,20,1,-0.0028979207418676767,1.004,70.6,B,0.3131868131868132,2.52512476983379,0.41545716190179866,18,5,0,0.2897196261682243,0.2868217054263566,0.804945054945055,0.16758241758241757,0.027472527472527472,0.29055851063829785,0.32339089481946626,0.2538569424964937,0.2887175893482831,0.3076923076923077,236,0.2611464968152866,188,False,True,0.6314635945990168,0.007647233709330625,3.613861386138614,4.198019801980198,101,0.22870828340106195,0.20902443176413388,0.019683851636928068,0.49712377086119414,0.46723242657968567,0.02989134428150847,0.06780184382478902,20,AVOID,3.22,1.52,22.1,1,0,21,10,0,0,0,0,RP,18,98,24,5.4,8.46,4.03,9.67,1.61,5.267524673940676
802415,Chandler Simpson,L,TB,6,Joey Cantillo,L,676282,822952,CLE @ TB,4:10 PM,24/07,Pre-Game,0.6389640682099765,,,,False,1100111110,live,0,0,0.0,0.35547897722651467,0.3005620203817347,0.11429922113161263,0.38300935425959537,20,1,-0.1248902331934823,0.96,65.7,B,0.31442731277533037,2.157123391317504,0.37025356747150623,20,5,0,0.1891891891891892,0.3140794223826715,0.40573318632855565,0.324696802646086,0.2695700110253583,0.2831858407079646,0.25265017667844525,0.26881720430107525,0.27482488669138855,0.29577464788732394,231,0.2753623188405797,150,False,False,0.6610597045198181,-0.02209563630984157,3.8152173913043477,4.141304347826087,92,0.24901209229832247,0.2648672459076848,-0.01585515360936232,0.4161817889808614,0.4417132155006252,-0.02553142651976381,0.1464436967498825,20,AVOID,3.74,1.42,106.0,8,5,112,52,0,0,0,21,SP,21,455,99,21.7,9.51,4.42,8.41,1.02,22.365329509590445
672695,Geraldo Perdomo,L,AZ,3,Carson Palmquist,L,687223,822707,AZ @ WSH,3:45 PM,24/07,Pre-Game,0.6385719772928671,,,,False,1000011100,live,0,0,0.0,0.16725307367140094,0.19728058507480295,0.17898832392159822,0.17916969704813918,20,1,0.05397727272727271,1.04,75.6,B,0.29767441860465116,3.2971131791898913,0.33907920685008613,7,3,0,0.2727272727272727,0.21875,0.6046511627906976,0.3953488372093023,0.0,0.22476296709425544,0.24896836313617607,0.22761194029850745,0.23089483997387328,0.26540284360189575,256,0.18045112781954886,164,False,False,0.6285214531067103,0.010050524186156817,3.510204081632653,4.285714285714286,98,0.24418268879494684,0.2524670600560316,-0.00828437126108475,0.5298469045874961,0.4775457361959264,0.052301168391569675,-0.10552411099770086,20,AVOID,8.74,1.68,11.1,0,1,14,3,0,0,0,4,SP,7,54,16,7.7,11.12,2.38,12.71,0.79,7.699245498301718
621566,Matt Olson,L,ATL,3,Trevor Rogers,L,669432,824812,ATL @ BAL,4:05 PM,24/07,Pre-Game,0.6385565685069066,-163.0,170.0,62.0,False,0111010110,live,0,0,0.0,0.25001074289894754,0.3075218177668042,0.4176904086183997,0.38218006273988014,20,1,-0.02404422886350599,1.044,48.0,D,0.27410832232496696,2.396417192355003,0.4276066504791396,17,6,0,0.25301204819277107,0.27705627705627706,0.6549900859220092,0.12491738268341045,0.2200925313945803,0.27794561933534745,0.25760286225402507,0.2789115646258503,0.27218934911242604,0.2597402597402597,262,0.27710843373493976,186,False,False,0.6205710485155884,0.017985519991318144,3.892156862745098,4.392156862745098,102,0.266837616089921,0.2313792463785677,0.03545836971135333,0.5069443795581444,0.4832485898621826,0.02369578969596181,-0.13106418641732956,20,NEUTRAL,4.28,1.3,96.2,6,7,77,32,0,0,0,18,SP,18,409,94,22.7,7.17,2.98,8.75,0.93,22.866403731574366
607208,Trea Turner,R,PHI,1,Cam Schlittler,R,693645,823434,NYY @ PHI,3:45 PM,24/07,Pre-Game,0.6385565685069066,-194.0,203.0,66.0,False,0001111110,live,0,0,0.0,0.2696293448230399,0.3413289693309502,0.5456182588829006,0.3928899583071954,20,2,-0.006715645434118511,1.009,70.3,B,0.29151483602290473,5.849298671209848,0.3916074390661905,20,5,0,0.24539877300613497,0.23868312757201646,0.9118414188836724,0.0881585811163276,0.0,0.22186666666666666,0.21711057304277642,0.22613065326633167,0.22010792388525988,0.23046875,274,0.26,164,False,False,0.6798337128584646,-0.04127714435155805,4.101010101010101,4.424242424242424,99,0.243899566970081,0.2760641278635263,-0.0321645608934453,0.48570089427209323,0.5220530997164651,-0.03635220544437184,-0.02292194247626936,20,AVOID,2.2,0.96,123.0,9,6,145,25,0,0,0,21,SP,21,489,93,23.3,10.61,1.83,6.8,0.88,23.751085617009434
681624,Andy Pages,R,LAD,2,Sean Manaea,L,640455,823601,LAD @ NYM,4:10 PM,24/07,Pre-Game,0.6380631888109929,,,,False,1110101111,estimated,0,0,0.0,0.25025116847846196,0.35892521317099196,0.4117855544825103,0.36028163279422143,20,2,0.0181876094919573,0.949,52.9,C,0.2634146341463415,3.4506543147396407,0.42825429205097965,20,6,0,0.2782608695652174,0.2600732600732601,0.640418118466899,0.32125435540069686,0.03832752613240418,0.2583732057416268,0.2256586483390607,0.2537313432835821,0.24975767366720517,0.22624434389140272,245,0.31736526946107785,190,False,False,0.652271612161056,-0.014208423350063115,3.88,4.35,100,0.23381318487185784,0.251784956541474,-0.017971771669616138,0.5018387172470201,0.5056518489892982,-0.003813131742278042,0.21637768002280608,20,AVOID,4.74,1.36,79.2,2,5,81,26,0,0,0,7,RP,21,353,82,16.8,9.15,2.94,9.26,1.36,19.0147093031636
695600,Carter Jensen,L,KC,1,Tarik Skubal,L,669373,824248,KC @ DET,3:40 PM,24/07,Pre-Game,0.6369567356405375,,,,False,0001110101,live,0,0,0.0,0.20708645137931395,0.267942197282587,0.4165321671009407,0.3102111115690565,20,1,-0.024764924557183488,1.004,89.1,A,0.3191489361702128,9.212093260691233,0.2926652344798742,13,6,0,0.22058823529411764,0.24535315985130113,0.5630323679727428,0.1797274275979557,0.2572402044293015,0.21360544217687075,0.2157721796276013,0.24065420560747663,0.2200212239122745,0.2376237623762376,219,0.24444444444444444,160,False,False,0.6476255208243652,-0.010668785183827745,3.5473684210526315,3.9894736842105263,95,0.20441014188487372,0.23541199627139364,-0.031001854386519923,0.4854275854684351,0.5102222245217136,-0.0247946390532785,-0.04166870399993408,20,AVOID,2.83,0.93,82.2,6,5,98,11,0,0,0,14,SP,14,321,66,22.9,10.67,1.2,7.19,1.09,22.86699578209267
694671,Wyatt Langford,R,TEX,1,Bryce Miller,R,682243,822872,SEA @ TEX,5:05 PM,24/07,Scheduled,0.6367994824834923,,,,False,1111011110,estimated,0,0,0.0,0.3189998015117756,0.3661733202618402,0.38383476339458644,0.403690471403779,20,2,0.04137931034482756,0.964,92.0,A,0.2921225382932166,8.07603377289085,0.29258091856452323,11,7,0,0.25862068965517243,0.3,0.5340659340659341,0.22527472527472528,0.24065934065934066,0.25914634146341464,0.24891774891774893,0.21875,0.2519780888618381,0.2619047619047619,136,0.3333333333333333,76,False,False,0.6833103110375692,-0.046510828554076955,4.040816326530612,4.326530612244898,49,0.25045333218214716,0.2824466803812516,-0.03199334819910443,0.4720429354318733,0.5345619031528049,-0.06251896772093163,0.15150444003715519,20,AVOID,2.27,0.88,63.1,4,4,71,10,0,0,0,10,SP,11,241,46,21.9,10.09,1.42,6.54,1.28,22.376052650560982
663457,Lars Nootbaar,L,STL,5,Rhett Lowder,R,695076,823031,CIN @ STL,5:15 PM,24/07,Scheduled,0.6365911458199692,,,,False,1010110101,estimated,3,1,0.3333333333333333,0.1834048877066699,0.29925525245186274,0.49412098916351954,0.23760157931391038,20,1,0.019047619047619035,1.031,32.0,F,0.26895450917797287,1.4505572842246437,0.41421052141985326,17,6,0,0.23809523809523808,0.2571428571428571,0.5184294871794872,0.27564102564102566,0.20592948717948717,0.2589641434262948,0.24752475247524752,0.20930232558139536,0.24821246169560776,0.265625,74,0.24193548387096775,73,False,False,0.601436559966856,0.03515458585311326,3.3157894736842106,3.8684210526315788,38,0.23403722705696825,0.20512951016542869,0.028907716891539564,0.4709875615385506,0.4332890536934361,0.03769850784511447,-0.007248202059489386,20,STRONG,5.75,1.64,72.0,3,7,61,35,0,0,0,14,SP,17,335,83,19.7,7.63,4.38,10.38,1.13,18.755699700562946
661388,William Contreras,R,MIL,4,Tomoyuki Sugano,R,608372,823759,COL @ MIL,1:10 PM,24/07,Pre-Game,0.6365911458199692,-245.0,257.0,71.0,False,0001011000,live,0,0,0.0,0.11611617881724573,0.22888375555717042,0.2973783289597583,0.17259659013654563,20,2,-0.014885910901847155,0.97,30.5,F,0.23493150684931507,2.3371584268391103,0.43635646076294976,17,6,0,0.2818181818181818,0.26693227091633465,0.5133836650652025,0.28208647906657514,0.20452985586822237,0.28929068150208626,0.24142011834319527,0.30434782608695654,0.2762088974854932,0.2803738317757009,239,0.2585034013605442,164,False,False,0.6241589902974239,0.012432155522545285,3.8404255319148937,4.287234042553192,94,0.2760930980685566,0.23341141720448796,0.04268168086406862,0.5495320125485254,0.4667229053756494,0.08280910717287593,-0.13697177101405533,20,NEUTRAL,4.76,1.29,90.2,9,4,51,23,0,0,0,17,SP,17,382,94,22.5,5.06,2.28,9.33,1.79,22.73889829234107
805999,A. J. Ewing,L,NYM,1,Roki Sasaki,R,808963,823601,LAD @ NYM,4:10 PM,24/07,Pre-Game,0.634968626725071,,,,False,1101111011,estimated,0,0,0.0,0.2663561234640762,0.33996266923112395,0.41677258613804097,0.40952055586715586,20,2,0.05764347384459115,0.949,48.1,D,0.28034300791556727,2.4928919653157036,0.44930389638252366,17,7,0,0.22727272727272727,0.2849162011173184,0.4774052478134111,0.23760932944606414,0.2849854227405248,0.22171945701357465,0.25137614678899084,0.2669039145907473,0.23859649122807017,0.2661290322580645,136,0.2828282828282828,115,True,False,0.6541135199366287,-0.019144893211557656,3.5396825396825395,3.984126984126984,63,0.24356267091072448,0.25171892290995956,-0.008156251999235087,0.49368355917085327,0.5069443795581444,-0.01326082038729115,0.0471386047498018,20,NEUTRAL,4.98,1.34,86.2,3,5,85,34,0,0,0,17,SP,17,374,82,22.0,8.83,3.53,8.52,1.97,21.88299856990858
664040,Brandon Lowe,L,PIT,2,Matt Boyd,L,571510,823352,CHC @ PIT,3:40 PM,24/07,Pre-Game,0.6343271337928865,,,,False,1011101010,estimated,0,0,0.0,0.20985146097088495,0.3394558031546399,0.41803031889038567,0.33289784222997343,20,2,-0.05347903657448705,1.013,61.5,C,0.2893081761006289,3.3190796236804734,0.41888009942679966,9,6,0,0.19736842105263158,0.25084745762711863,0.45660377358490567,0.26163522012578616,0.28176100628930817,0.24271186440677966,0.2206703910614525,0.23010752688172043,0.23410596026490066,0.23963133640552994,246,0.24025974025974026,174,False,False,0.6440651183343877,-0.00973798454150121,3.9468085106382977,4.468085106382978,94,0.2450855300879129,0.23884526791680946,0.006240262171103433,0.49260618450015103,0.4914277839885721,0.0011784005115789142,-0.17568995785663852,20,NEUTRAL,4.15,1.21,52.0,6,1,51,14,0,0,0,10,SP,10,217,49,21.7,8.83,2.42,8.48,1.04,22.49352830043323
668709,Jj Bleday,L,CIN,3,Dustin May,R,669160,823031,CIN @ STL,5:15 PM,24/07,Scheduled,0.6343271337928865,,,,False,1111111001,estimated,0,0,0.0,0.2185654842766441,0.35648768643683637,0.310451776531595,0.31166340684477806,20,2,-0.091699604743083,1.031,43.5,D,0.2837413684871312,2.5564172610198006,0.43529925140412973,19,6,0,0.3090909090909091,0.21739130434782608,0.6712759270898806,0.26147077309868005,0.06725329981143935,0.2082514734774067,0.23688663282571912,0.24721189591078066,0.2267037552155772,0.22012578616352202,190,0.2621359223300971,118,False,False,0.6205710485155884,0.013756085277298102,3.589041095890411,4.219178082191781,73,0.24561861184500025,0.23403722705696825,0.011581384788032001,0.49583124029234776,0.4807384314530818,0.015092808839265948,0.021640334213006464,20,NEUTRAL,4.78,1.32,98.0,5,7,95,32,0,0,0,19,SP,19,414,97,21.8,8.72,2.94,8.91,0.64,21.42064541746382
596019,Francisco Lindor,L,NYM,4,Roki Sasaki,R,808963,823601,LAD @ NYM,4:10 PM,24/07,Pre-Game,0.6339531847070029,-156.0,163.0,61.0,False,1101001111,estimated,0,0,0.0,0.29906093575929044,0.34291224068173226,0.5022009738614043,0.35120045239319597,20,2,0.037698412698412676,0.949,48.1,D,0.28034300791556727,2.4928919653157036,0.44930389638252366,17,7,0,0.20833333333333334,0.24603174603174602,0.4774052478134111,0.23760932944606414,0.2849854227405248,0.22790697674418606,0.2436548223350254,0.20165745856353592,0.22586633663366337,0.22123893805309736,120,0.26229508196721313,72,False,False,0.655688401030275,-0.021735216323272133,3.9545454545454546,4.363636363636363,44,0.23203530537550085,0.2466816793881799,-0.014646374012679042,0.47778201999268327,0.505262179545103,-0.027480159552419725,0.09449934520669001,20,NEUTRAL,4.98,1.34,86.2,3,5,85,34,0,0,0,17,SP,17,374,82,22.0,8.83,3.53,8.52,1.97,21.88299856990858
646240,Rafael Devers,L,SF,5,Grayson Rodriguez,R,680570,823196,LAA @ SF,7:15 PM,24/07,Scheduled,0.6333153153164416,-156.0,178.0,61.0,False,1100010101,estimated,0,0,0.0,0.22842056486852536,0.3238184442737077,0.42911754578106304,0.28734943182272815,20,2,0.05614035087719299,0.994,15.0,F,0.25263157894736843,1.5320617742551916,0.5608605773159377,8,6,0,0.2,0.256140350877193,0.5363636363636364,0.23333333333333334,0.23030303030303031,0.22811284046692606,0.2185792349726776,0.26555023923444976,0.23364197530864197,0.22844827586206898,255,0.26143790849673204,174,False,False,0.5859658288196995,0.04734948649674209,3.8118811881188117,4.247524752475248,101,0.2335420131380198,0.20119681803618286,0.03234519510183695,0.5224998472155745,0.4332890536934361,0.0892107935221384,0.016208080949407185,20,STRONG,8.23,1.77,35.0,3,3,27,17,0,0,0,8,SP,8,168,45,21.0,6.94,4.37,11.57,1.29,21.077866537795906
650402,Gleyber Torres,R,DET,2,Beck Way,R,694360,824248,KC @ DET,3:40 PM,24/07,Pre-Game,0.6330634274653859,,,,False,0111010101,live,0,0,0.0,0.3096700500592157,0.36819959773798616,0.31069222058389706,0.4442953267436531,20,1,0.11382113821138212,1.004,70.6,B,0.3131868131868132,2.52512476983379,0.41545716190179866,18,5,0,0.1951219512195122,0.3089430894308943,0.804945054945055,0.16758241758241757,0.027472527472527472,0.21314952279957583,0.2692307692307692,0.24107142857142858,0.23044982698961938,0.2403846153846154,123,0.35,75,False,True,0.6408833231177223,-0.007819895652336428,3.6444444444444444,4.4,45,0.2278163087534457,0.23862988240145164,-0.010813573648005947,0.5004016158247634,0.48682937323062886,0.013572242594134531,0.0409264435335772,20,AVOID,3.22,1.52,22.1,1,0,21,10,0,0,0,0,RP,18,98,24,5.4,8.46,4.03,9.67,1.61,5.267524673940676
691720,Kyle Karros,R,COL,2,Shane Drohan,L,675660,823759,COL @ MIL,1:10 PM,24/07,Pre-Game,0.6321093948885458,-138.0,150.0,58.0,False,1011001101,live,2,1,0.5,0.2542451221584783,0.29036307920644633,0.36052200328967704,0.3639410168135937,20,2,0.04103343465045592,0.97,87.1,A,0.30177514792899407,4.281831766077856,0.3550777422341642,20,6,0,0.2857142857142857,0.24468085106382978,0.6111580726965342,0.3440405748098056,0.044801352493660185,0.25523012552301255,0.23586206896551723,0.24187725631768953,0.24716038164470694,0.25301204819277107,192,0.2677165354330709,152,False,True,0.6505531174466513,-0.018443722558105557,3.0520833333333335,3.5833333333333335,96,0.24346379325812192,0.25975166433073466,-0.01628787107261273,0.4774363313608097,0.49981610299418344,-0.022379771633373735,-0.1119920195666653,20,AVOID,3.2,1.18,76.0,5,3,76,21,1,0,1,10,RP,20,317,69,15.8,9.0,2.49,8.17,0.71,18.11192467420871
664034,Ty France,R,SD,4,Ryan Gusto,R,687473,823843,SD @ MIA,4:10 PM,24/07,Pre-Game,0.6321093948885458,,,,False,1111111101,live,0,0,0.0,0.3511476349596275,0.4027399077998631,0.5901398546601662,0.4752621309073862,20,1,-0.04513778904022808,1.0,65.4,B,0.27111984282907664,4.326567864239675,0.40634876528657576,11,3,0,0.3048780487804878,0.2597402597402597,0.5284872298624754,0.28094302554027506,0.1905697445972495,0.259958071278826,0.28385899814471244,0.3712871287128713,0.28294117647058825,0.3008130081300813,135,0.24778761061946902,128,False,False,0.6446193781358286,-0.012509983247282808,3.2777777777777777,3.6527777777777777,72,0.23403722705696825,0.23657440322836207,-0.002537176171393818,0.48114309042030534,0.4901044232081722,-0.008961332787866871,0.022339733277426433,20,AVOID,4.7,1.37,30.2,0,2,27,10,0,0,0,6,SP,11,138,32,12.5,7.92,2.93,9.39,0.88,12.380052528849424
621493,Taylor Ward,R,BAL,4,Grant Holmes,R,656550,824812,ATL @ BAL,4:05 PM,24/07,Pre-Game,0.6314635945990168,,,,False,1110100111,live,0,0,0.0,0.20202157660211648,0.29301766774725796,0.3345537741990265,0.261947503346209,20,2,0.004901960784313708,1.044,44.3,D,0.2749003984063745,1.922125837499476,0.4362304267059578,19,5,0,0.25,0.2549019607843137,0.5043246839654025,0.4411177644710579,0.054557551563539586,0.2621951219512195,0.22774133083411435,0.2235294117647059,0.2474074074074074,0.24890829694323144,281,0.2602739726027397,184,False,False,0.6126723841560469,0.01879121044296994,3.712871287128713,4.603960396039604,101,0.26415061095592246,0.23203530537550085,0.03211530558042161,0.4853659740872887,0.4467833163222387,0.03858265776504999,-0.2014510990615557,20,NEUTRAL,3.7,1.34,92.1,6,4,78,41,0,0,0,18,SP,19,400,83,21.1,7.6,4.0,8.09,1.46,20.65975629059625
694249,Cole Carrigg,L,COL,3,Shane Drohan,L,675660,823759,COL @ MIL,1:10 PM,24/07,Pre-Game,0.6307391920110511,-144.0,150.0,59.0,False,0000011110,live,0,0,0.0,0.29764303862359887,0.3526256811040635,0.32781554946587094,0.3814320373259226,20,2,0.13179427235534774,0.97,87.1,A,0.30177514792899407,4.281831766077856,0.3550777422341642,20,6,0,0.3559322033898305,0.22413793103448276,0.6111580726965342,0.3440405748098056,0.044801352493660185,0.2651162790697674,0.24390243902439024,0.19594594594594594,0.24585987261146497,0.2608695652173913,77,0.3333333333333333,61,True,True,0.6385719772928671,-0.007832785281815968,3.342857142857143,3.942857142857143,35,0.22870828340106195,0.24815814026110647,-0.019449856860044523,0.46764834792294746,0.48682937323062886,-0.0191810253076814,0.0460355087251669,20,AVOID,3.2,1.18,76.0,5,3,76,21,1,0,1,10,RP,20,317,69,15.8,9.0,2.49,8.17,0.71,18.11192467420871
702332,Caleb Durbin,R,BOS,6,Trey Yesavage,R,702056,824733,TOR @ BOS,4:15 PM,24/07,Pre-Game,0.6306523271808707,,,,False,1101101101,live,2,0,0.0,0.27636912956235465,0.25237532070471597,0.20620472702639395,0.31308563078745166,20,2,0.03295968737145208,1.063,67.7,B,0.2852852852852853,1.5395499872227703,0.33892193676385785,15,5,0,0.2159090909090909,0.248868778280543,0.47072072072072074,0.23873873873873874,0.2905405405405405,0.23519736842105263,0.23800738007380073,0.22325581395348837,0.23660262891809908,0.2737430167597765,201,0.19230769230769232,141,False,False,0.6251437773533896,0.005508549827481168,3.3956043956043955,3.758241758241758,91,0.21121627441647287,0.21896175315648236,-0.007745478740009498,0.4350763168391527,0.43016802843194196,0.004908288407210748,0.0690765919598273,20,AVOID,3.78,1.16,81.0,4,5,78,41,0,0,0,15,SP,15,335,53,22.3,8.67,4.56,5.89,0.89,22.456241703075722
571448,Nolan Arenado,R,AZ,5,Carson Palmquist,L,687223,822707,AZ @ WSH,3:45 PM,24/07,Pre-Game,0.6294754856835504,,,,False,0110111111,live,0,0,0.0,0.3858541171303694,0.3854372815191161,0.47544746555424783,0.4766300476386111,20,1,-0.006601580660158063,1.04,75.6,B,0.29767441860465116,3.2971131791898913,0.33907920685008613,7,3,0,0.24444444444444444,0.2510460251046025,0.6046511627906976,0.3953488372093023,0.0,0.2370255615801704,0.23015873015873015,0.23076923076923078,0.2337087691069992,0.2328042328042328,212,0.2714285714285714,159,False,False,0.6040121916292215,0.0254632940543289,3.4270833333333335,3.8645833333333335,96,0.21296558545608857,0.20165988038529412,0.011305705070794453,0.464339444822879,0.44044830845682564,0.023891136366053334,0.1021327798622959,20,AVOID,8.74,1.68,11.1,0,1,14,3,0,0,0,4,SP,7,54,16,7.7,11.12,2.38,12.71,0.79,7.699245498301718
687093,Vaughn Grissom,R,LAA,5,Logan Webb,R,657277,823196,LAA @ SF,7:15 PM,24/07,Scheduled,0.6278756528171813,,,,False,1110111110,estimated,0,0,0.0,0.28569705050844124,0.3801029703762858,0.41686184390840364,0.3746044343009599,20,2,-0.04650724910562984,0.994,63.8,C,0.27122015915119363,3.053365988730932,0.374765592955006,16,6,0,0.2765957446808511,0.23008849557522124,0.5510610079575596,0.19827586206896552,0.2506631299734748,0.22947131608548932,0.2231578947368421,0.25136612021857924,0.23012281835811246,0.25,132,0.25274725274725274,102,False,False,0.6088968170001982,0.01897883581698312,3.3934426229508197,3.8360655737704916,61,0.23177854132954312,0.21162720850212227,0.020151332827420848,0.4701505016935969,0.4538187496391655,0.01633175205443138,0.11990116654252246,20,NEUTRAL,3.87,1.11,107.0,5,7,85,27,0,0,0,17,SP,17,438,92,25.8,7.15,2.27,7.74,0.76,25.85364991261
691718,Pete Crow-Armstrong,L,CHC,1,Jared Jones,R,683003,823352,CHC @ PIT,3:40 PM,24/07,Pre-Game,0.6278756528171813,-178.0,186.0,64.0,False,1001001010,estimated,0,0,0.0,0.28358886485316326,0.3360148468656626,0.20501407898168172,0.3500276227467304,20,2,-0.024600841118017025,1.013,83.2,A,0.3010752688172043,4.174160660937254,0.3706650157622069,9,6,0,0.29896907216494845,0.2743682310469314,0.4500768049155146,0.402457757296467,0.14746543778801843,0.2537931034482759,0.27110582639714625,0.3188118811881188,0.2709815078236131,0.26635514018691586,248,0.3,192,False,False,0.6433806773243848,-0.01550502450720348,3.702970297029703,4.356435643564357,101,0.22962372274266477,0.24963013795459563,-0.02000641521193086,0.4674851315800854,0.4744262276892182,-0.006941096109132794,-0.10992550779408974,20,AVOID,4.05,1.1,40.0,2,1,48,12,0,0,0,9,SP,9,163,32,18.1,10.8,2.7,7.2,1.13,18.097432256813946
666018,Jonathan Aranda,L,TB,2,Joey Cantillo,L,676282,822952,CLE @ TB,4:10 PM,24/07,Pre-Game,0.6270225294912937,-150.0,156.0,60.0,False,1100011100,live,0,0,0.0,0.21723274805314172,0.28444030923841784,0.4923749518938346,0.2987287646537996,20,1,-0.02537471489084392,0.96,65.7,B,0.31442731277533037,2.157123391317504,0.37025356747150623,20,5,0,0.26136363636363635,0.2867383512544803,0.40573318632855565,0.324696802646086,0.2695700110253583,0.263347022587269,0.2616033755274262,0.2789598108747045,0.26422372227579555,0.28193832599118945,264,0.2785714285714286,170,False,False,0.6530751944439097,-0.026052664952616045,3.67,4.34,100,0.24739231214101365,0.255397797315091,-0.008005485174077343,0.4649287595553695,0.489256066816855,-0.02432730726148552,0.048004080440104326,20,AVOID,3.74,1.42,106.0,8,5,112,52,0,0,0,21,SP,21,455,99,21.7,9.51,4.42,8.41,1.02,22.365329509590445
669127,Shea Langeliers,R,ATH,3,Zebby Matthews,R,805673,823680,ATH @ MIN,5:10 PM,24/07,Scheduled,0.626581582591198,,,,False,1001111111,estimated,0,0,0.0,0.28513444605774907,0.4993403006254963,0.6845467268700332,0.5939443039146775,20,2,-0.009678668215253539,1.022,45.2,D,0.2765765765765766,2.42370339996562,0.41098075812786133,12,5,0,0.2698412698412698,0.2601626016260163,0.5342342342342342,0.34144144144144145,0.12432432432432433,0.22208663819402075,0.2176063303659743,0.2537313432835821,0.22610114192495923,0.23504273504273504,258,0.3115942028985507,155,False,False,0.6105220363845775,0.016059546206620534,4.043478260869565,4.489130434782608,92,0.27533095938981006,0.21191833439559882,0.06341262499421124,0.5468020287610513,0.49127343644055993,0.0555285923204914,-0.0088774969737671,20,NEUTRAL,5.4,1.34,70.0,4,7,58,21,0,0,0,12,SP,12,297,73,24.8,7.46,2.7,9.39,1.93,24.631374132219598
518692,Freddie Freeman,L,LAD,3,Sean Manaea,L,640455,823601,LAD @ NYM,4:10 PM,24/07,Pre-Game,0.6260660214842789,-178.0,194.0,64.0,False,1010001111,estimated,0,0,0.0,0.27322406610847816,0.3769373351611154,0.3380284683116368,0.3277324314937655,20,2,0.02391980642931213,0.949,52.9,C,0.2634146341463415,3.4506543147396407,0.42825429205097965,20,6,0,0.3090909090909091,0.28517110266159695,0.640418118466899,0.32125435540069686,0.03832752613240418,0.2940828402366864,0.28412537917087965,0.3098330241187384,0.293569431500466,0.30042918454935624,262,0.2785714285714286,167,False,False,0.6584403451244323,-0.03237432364015336,3.7676767676767677,4.333333333333333,99,0.22629088598935687,0.25707424765436965,-0.030783361665012776,0.47752658450892493,0.5018387172470201,-0.024312132738095182,0.26752385023987996,20,AVOID,4.74,1.36,79.2,2,5,81,26,0,0,0,7,RP,21,353,82,16.8,9.15,2.94,9.26,1.36,19.0147093031636
686469,Vinnie Pasquantino,L,KC,5,Tarik Skubal,L,669373,824248,KC @ DET,3:40 PM,24/07,Pre-Game,0.6260660214842789,-117.0,122.0,54.0,False,1101110111,live,0,0,0.0,0.2971041783623916,0.3337295569114159,0.4950488060140646,0.36880251484994003,20,1,-0.05141625615763548,1.004,89.1,A,0.3191489361702128,9.212093260691233,0.2926652344798742,13,6,0,0.1896551724137931,0.24107142857142858,0.5630323679727428,0.1797274275979557,0.2572402044293015,0.22993827160493827,0.20480225988700565,0.28337874659400547,0.23057538849223017,0.23353293413173654,197,0.22608695652173913,129,False,False,0.6430724944485381,-0.017006472964259167,3.710526315789474,4.2894736842105265,76,0.19619373479076394,0.22486642396105838,-0.028672689170294446,0.4248576083340075,0.465134268168838,-0.04027665983483053,0.31373910226731166,20,AVOID,2.83,0.93,82.2,6,5,98,11,0,0,0,14,SP,14,321,66,22.9,10.67,1.2,7.19,1.09,22.86699578209267
671732,Lawrence Butler,L,ATH,5,Zebby Matthews,R,805673,823680,ATH @ MIN,5:10 PM,24/07,Scheduled,0.6244751534837026,,,,False,0100100111,estimated,0,0,0.0,0.21523106481565116,0.299118266094712,0.5250458189484211,0.31428368708023247,20,2,0.013513513513513514,1.022,45.2,D,0.2765765765765766,2.42370339996562,0.41098075812786133,12,5,0,0.1891891891891892,0.20270270270270271,0.5342342342342342,0.34144144144144145,0.12432432432432433,0.16111611161116113,0.1415929203539823,0.21176470588235294,0.16666666666666666,0.19083969465648856,146,0.2109375,151,False,False,0.5786780448138334,0.04579710866986919,2.9101123595505616,3.337078651685393,89,0.2179295825003236,0.198898266718469,0.019031315781854602,0.4486002913283944,0.4289771095502372,0.019623181778157195,-0.32148871767722265,20,NEUTRAL,5.4,1.34,70.0,4,7,58,21,0,0,0,12,SP,12,297,73,24.8,7.46,2.7,9.39,1.93,24.631374132219598
701538,Jackson Merrill,L,SD,5,Ryan Gusto,R,687473,823843,SD @ MIA,4:10 PM,24/07,Pre-Game,0.6241589902974239,-186.0,194.0,65.0,False,1100010110,live,0,0,0.0,0.25128335915891686,0.3950510491775377,0.5395357102755122,0.31243784832590105,20,1,-0.0769736842105263,1.0,65.4,B,0.27111984282907664,4.326567864239675,0.40634876528657576,11,3,0,0.2875,0.21052631578947367,0.5284872298624754,0.28094302554027506,0.1905697445972495,0.23315217391304346,0.2270011947431302,0.16326530612244897,0.21967613809960282,0.2127659574468085,255,0.2483221476510067,163,False,False,0.6241589902974239,0.0,3.9183673469387754,4.26530612244898,98,0.22432046796387517,0.22808247354858166,-0.0037620055847064904,0.4551085834386753,0.4587175303128846,-0.003608946874209318,0.0031646250136083414,20,AVOID,4.7,1.37,30.2,0,2,27,10,0,0,0,6,SP,11,138,32,12.5,7.92,2.93,9.39,0.88,12.380052528849424
592518,Manny Machado,R,SD,3,Ryan Gusto,R,687473,823843,SD @ MIA,4:10 PM,24/07,Pre-Game,0.6241589902974239,-170.0,178.0,63.0,False,1110001101,live,0,0,0.0,0.2723171844493795,0.3310517125439677,0.4955959817005152,0.35350611773264773,20,1,-0.05173162051905217,1.0,65.4,B,0.27111984282907664,4.326567864239675,0.40634876528657576,11,3,0,0.24390243902439024,0.19217081850533807,0.5284872298624754,0.28094302554027506,0.1905697445972495,0.18924972004479285,0.1790437436419125,0.23387096774193547,0.19117180057161004,0.20689655172413793,258,0.1984732824427481,161,False,False,0.6391108283083474,-0.01495183801092348,3.6666666666666665,4.232323232323233,99,0.21913636307876327,0.24254835391651905,-0.023411990837755775,0.49389871506899735,0.5090753112873809,-0.015176596218383576,0.031385986031078776,20,AVOID,4.7,1.37,30.2,0,2,27,10,0,0,0,6,SP,11,138,32,12.5,7.92,2.93,9.39,0.88,12.380052528849424
686527,Dominic Canzone,L,SEA,3,Mackenzie Gore,L,669022,822872,SEA @ TEX,5:05 PM,24/07,Scheduled,0.6241589902974239,,,,False,0110101101,estimated,0,0,0.0,0.17355625665457225,0.26610148440338477,0.37094460452256955,0.2605110561667089,20,2,-0.05791855203619911,0.964,52.6,C,0.27050053248136313,3.073872405881046,0.436639953314386,20,6,0,0.2,0.2579185520361991,0.5897709110282365,0.3036760788492275,0.10655301012253596,0.2619974059662776,0.2428842504743833,0.22991071428571427,0.24742857142857144,0.2569444444444444,161,0.24742268041237114,111,False,False,0.6305095620221767,-0.006350571724752729,2.7701149425287355,3.1264367816091956,87,0.22251305397465607,0.23403722705696825,-0.011524173082312184,0.48328946076746987,0.4832485898621826,4.087090528726023e-05,-0.09327379522798825,20,NEUTRAL,4.8,1.28,110.2,6,8,122,42,0,0,0,21,SP,21,475,100,22.6,9.92,3.42,8.13,1.14,22.957347626802928
677587,Brayan Rocchio,L,CLE,4,Shane Mcclanahan,L,663556,822952,CLE @ TB,4:10 PM,24/07,Pre-Game,0.6235439444870204,,,,False,1111011110,live,0,0,0.0,0.2812394497765745,0.291131572237464,0.36678775126032676,0.35742713769892215,20,1,0.00937901822857573,0.96,60.3,C,0.2950245269796776,2.8234753284578886,0.4166912458575066,18,5,0,0.2743362831858407,0.26495726495726496,0.37421163279607567,0.3328661527680449,0.29292221443587946,0.2596491228070175,0.25943396226415094,0.23293172690763053,0.25601750547045954,0.26436781609195403,195,0.27167630057803466,192,False,False,0.6554063997371493,-0.031862455250128874,3.47,3.87,100,0.2486499451723464,0.26720201213358613,-0.018552066961239733,0.4493014800330706,0.489256066816855,-0.03995458678378444,0.19650319440228894,20,NEUTRAL,3.16,1.15,91.0,8,6,85,31,0,0,0,18,SP,18,378,74,21.0,8.41,3.07,7.32,0.69,21.358039574615358
686611,Dylan Crews,R,WSH,5,Eduardo Rodríguez,L,593958,822707,AZ @ WSH,3:45 PM,24/07,Pre-Game,0.6235211209068625,,,,False,0100010101,live,3,1,0.3333333333333333,0.18604576751398716,0.26346884608353294,0.3495822899922089,0.3123960673408256,20,2,0.12568058076225047,1.04,41.7,D,0.25592672413793105,1.9734364583454136,0.389618639072952,20,5,0,0.2894736842105263,0.16379310344827586,0.6032345013477088,0.12776280323450134,0.26900269541778976,0.21979434447300772,0.21138211382113822,0.3509933774834437,0.2323076923076923,0.23853211009174313,118,0.18072289156626506,95,False,False,0.5652762289464949,0.05824489196036764,3.764705882352941,4.176470588235294,51,0.21003540426006037,0.19264710937328444,0.01738829488677593,0.47560697677148484,0.4233397152676092,0.05226726150387562,-0.2585453176956626,20,NEUTRAL,2.62,1.22,116.2,8,3,82,41,0,0,0,20,SP,20,478,101,23.9,6.33,3.16,7.79,0.93,23.602139298625215
605141,Mookie Betts,R,LAD,4,Sean Manaea,L,640455,823601,LAD @ NYM,4:10 PM,24/07,Pre-Game,0.6209066042002159,-194.0,203.0,66.0,False,1110000100,estimated,0,0,0.0,0.18742510159560336,0.22943370694081558,0.2920142465602903,0.19659161492069116,20,2,0.06743421052631582,0.949,52.9,C,0.2634146341463415,3.4506543147396407,0.42825429205097965,20,6,0,0.2736842105263158,0.20625,0.640418118466899,0.32125435540069686,0.03832752613240418,0.2149866190900981,0.22671353251318102,0.2409090909090909,0.22146596858638742,0.2236842105263158,166,0.24271844660194175,113,False,False,0.6405852658082515,-0.019678661608035553,3.923076923076923,4.292307692307692,65,0.22352417851595005,0.24506618622033197,-0.021542007704381916,0.454740898200402,0.4654766307512303,-0.010735732550828325,-0.07587836935759788,20,AVOID,4.74,1.36,79.2,2,5,81,26,0,0,0,7,RP,21,353,82,16.8,9.15,2.94,9.26,1.36,19.0147093031636
663586,Austin Riley,R,ATL,6,Trevor Rogers,L,669432,824812,ATL @ BAL,4:05 PM,24/07,Pre-Game,0.6205710485155884,,,,False,1101110011,live,0,0,0.0,0.24579287905338543,0.4174577985260449,0.5444284217986782,0.4287085870977825,20,1,-0.03928582835606373,1.044,48.0,D,0.27410832232496696,2.396417192355003,0.4276066504791396,17,6,0,0.19083969465648856,0.2301255230125523,0.6549900859220092,0.12491738268341045,0.2200925313945803,0.20735573874445148,0.18687430478309233,0.20334928229665072,0.20110382890651948,0.20689655172413793,227,0.2275449101796407,187,False,False,0.5737698298552768,0.046801218660311616,3.627450980392157,4.0588235294117645,102,0.21634461868557284,0.18724941544387005,0.029095203241702783,0.4636564591677332,0.4261692802522738,0.037487178915459385,0.0990792124506688,20,NEUTRAL,4.28,1.3,96.2,6,7,77,32,0,0,0,18,SP,18,409,94,22.7,7.17,2.98,8.75,0.93,22.866403731574366
665750,Leody Taveras,L,BAL,6,Grant Holmes,R,656550,824812,ATL @ BAL,4:05 PM,24/07,Pre-Game,0.6205710485155884,,,,False,0000101110,live,0,0,0.0,0.20669297673098633,0.3049848266630393,0.24035762224985507,0.31193476102544393,20,2,0.06681107425709065,1.044,44.3,D,0.2749003984063745,1.922125837499476,0.4362304267059578,19,5,0,0.189873417721519,0.25668449197860965,0.5043246839654025,0.4411177644710579,0.054557551563539586,0.21689259645464026,0.23047619047619047,0.1848101265822785,0.21382978723404256,0.2517482517482518,162,0.21951219512195122,143,False,False,0.5723728721636725,0.04819817635191592,3.1666666666666665,3.630952380952381,84,0.2128749889054382,0.18424344098855952,0.02863154791687869,0.46085721551829595,0.42153946132878245,0.0393177541895135,-0.10137955377143827,20,NEUTRAL,3.7,1.34,92.1,6,4,78,41,0,0,0,18,SP,19,400,83,21.1,7.6,4.0,8.09,1.46,20.65975629059625
700250,Ben Rice,L,NYY,2,Jesús Luzardo,L,666200,823434,NYY @ PHI,3:45 PM,24/07,Pre-Game,0.6205710485155884,,,,False,1111111110,live,0,0,0.0,0.30383222655628545,0.41113958770011066,0.5989249032353208,0.4089605873406678,20,2,-0.019435495167390404,1.009,97.7,A,0.328141225337487,3.755156223120487,0.32204767539330587,20,6,0,0.2644628099173554,0.2838983050847458,0.4273104880581516,0.37435098650051923,0.19833852544132918,0.252008765522279,0.2671300893743793,0.24313725490196078,0.25663107130554597,0.25925925925925924,243,0.3049645390070922,169,False,False,0.6530751944439097,-0.03250414592832129,3.71875,4.291666666666667,96,0.23140543056363314,0.2635609168935105,-0.032155486329877386,0.4708205509791616,0.5130129601004092,-0.04219240912124761,-0.0005379295632637655,20,AVOID,3.43,1.21,115.1,9,4,143,37,0,0,0,20,SP,20,483,102,24.1,11.16,2.89,7.96,0.78,24.22056566828684
502671,Paul Goldschmidt,R,NYY,1,Jesús Luzardo,L,666200,823434,NYY @ PHI,3:45 PM,24/07,Pre-Game,0.6205710485155884,,,,False,0011001100,live,0,0,0.0,0.11720705755067551,0.2514019356731169,0.28579350700680295,0.1940702414265498,20,2,0.06827731092436973,1.009,97.7,A,0.328141225337487,3.755156223120487,0.32204767539330587,20,6,0,0.2867647058823529,0.2184873949579832,0.4273104880581516,0.37435098650051923,0.19833852544132918,0.23919043238270468,0.25170068027210885,0.2043343653250774,0.23840445269016697,0.271523178807947,163,0.23076923076923078,115,False,False,0.646817062428545,-0.026246013912956556,3.493150684931507,3.808219178082192,73,0.21681160441242556,0.24200176767267415,-0.025190163260248588,0.4572927882203622,0.48616563776336275,-0.028872849543000567,-0.27000573264444383,20,AVOID,3.43,1.21,115.1,9,4,143,37,0,0,0,20,SP,20,483,102,24.1,11.16,2.89,7.96,0.78,24.22056566828684
703607,Henry Bolte,R,ATH,6,Zebby Matthews,R,805673,823680,ATH @ MIN,5:10 PM,24/07,Scheduled,0.6198078894689142,,,,False,0000011000,estimated,0,0,0.0,0.10580876533730217,0.285735627050529,0.44846456587717115,0.11342586259044417,20,2,0.04483756119270135,1.022,45.2,D,0.2765765765765766,2.42370339996562,0.41098075812786133,12,5,0,0.2261904761904762,0.27102803738317754,0.5342342342342342,0.34144144144144145,0.12432432432432433,0.2304878048780488,0.23891625615763548,0.3188405797101449,0.24705882352941178,0.2631578947368421,126,0.23376623376623376,92,True,False,0.5824089137412842,0.03739897572762996,3.293103448275862,3.7586206896551726,58,0.22539637594943387,0.20236194036442,0.023034435585013863,0.45681246092168754,0.42982852322934545,0.026983937692342086,-0.16495752951208636,20,NEUTRAL,5.4,1.34,70.0,4,7,58,21,0,0,0,12,SP,12,297,73,24.8,7.46,2.7,9.39,1.93,24.631374132219598
678246,Miguel Vargas,R,CWS,3,Spencer Arrighetti,R,681293,824573,HOU @ CWS,4:40 PM,24/07,Pre-Game,0.6198078894689142,,,,False,0101110110,estimated,0,0,0.0,0.24618563864487725,0.286740966997457,0.4491064308937683,0.3060208104136328,20,2,0.05129348795718108,0.968,59.8,C,0.28328804347826086,1.7697576636850687,0.3108981204017503,16,6,0,0.211864406779661,0.2631578947368421,0.46091094493541807,0.469068660774983,0.07002039428959891,0.25,0.2994535519125683,0.3093220338983051,0.2709109380291229,0.2747747747747748,256,0.20279720279720279,175,False,False,0.6584403451244323,-0.038632455655518094,3.686868686868687,4.353535353535354,99,0.24922120780428614,0.2622050643894296,-0.01298385658514345,0.5056518489892982,0.5130129601004092,-0.0073611111111110406,-0.0682820943543204,20,NEUTRAL,4.34,1.31,87.0,7,5,87,48,0,0,0,16,SP,16,377,66,23.6,9.0,4.97,6.83,1.24,23.16582762929498
691406,Junior Caminero,R,TB,3,Joey Cantillo,L,676282,822952,CLE @ TB,4:10 PM,24/07,Pre-Game,0.6198078894689142,-186.0,194.0,65.0,False,1011111110,live,0,0,0.0,0.30513955635320616,0.4453467957163964,0.4549242901900492,0.3882552425333674,20,1,-0.009410073911853278,0.96,65.7,B,0.31442731277533037,2.157123391317504,0.37025356747150623,20,5,0,0.27884615384615385,0.28825622775800713,0.40573318632855565,0.324696802646086,0.2695700110253583,0.31575603557814486,0.27540106951871657,0.3284823284823285,0.3037426538818435,0.31275720164609055,269,0.23943661971830985,176,False,False,0.6385719772928671,-0.01876408782395289,3.8118811881188117,4.405940594059406,101,0.22816169715721704,0.23749457475927416,-0.009332877602057116,0.4980102358986003,0.5091998283581312,-0.011189592459530884,0.15806794209171598,20,AVOID,3.74,1.42,106.0,8,5,112,52,0,0,0,21,SP,21,455,99,21.7,9.51,4.42,8.41,1.02,22.365329509590445
663538,Nico Hoerner,R,CHC,6,Jared Jones,R,683003,823352,CHC @ PIT,3:40 PM,24/07,Pre-Game,0.6194731998973477,,,,False,1000111110,estimated,0,0,0.0,0.26881074956393497,0.3612623700924471,0.27097326960510415,0.3011900066822193,20,2,-0.0011786442405708475,1.013,83.2,A,0.3010752688172043,4.174160660937254,0.3706650157622069,9,6,0,0.24770642201834864,0.2465277777777778,0.4500768049155146,0.402457757296467,0.14746543778801843,0.2367601246105919,0.2359952324195471,0.25217391304347825,0.23891273247496422,0.2648401826484018,247,0.2247191011235955,197,False,False,0.6342394448198522,-0.014766244922504446,4.01010101010101,4.484848484848484,99,0.18806449768103262,0.2333775508206092,-0.04531305313957659,0.4122812484257663,0.442806684209756,-0.030525435783989696,0.19212795102783758,20,AVOID,4.05,1.1,40.0,2,1,48,12,0,0,0,9,SP,9,163,32,18.1,10.8,2.7,7.2,1.13,18.097432256813946
666182,Bo Bichette,R,NYM,3,Roki Sasaki,R,808963,823601,LAD @ NYM,4:10 PM,24/07,Pre-Game,0.6193390387278342,,,,False,1000001111,estimated,0,0,0.0,0.24393251625744347,0.3013410785624672,0.3160096777346699,0.32988396245753376,20,2,-0.06184210526315789,0.949,48.1,D,0.28034300791556727,2.4928919653157036,0.44930389638252366,17,7,0,0.30526315789473685,0.24342105263157895,0.4774052478134111,0.23760932944606414,0.2849854227405248,0.27100271002710025,0.23732251521298176,0.30409356725146197,0.26400251730648205,0.2766798418972332,275,0.22602739726027396,160,False,False,0.6448301093082319,-0.02549107058039768,3.9504950495049505,4.306930693069307,101,0.23148871913165595,0.2483034162179709,-0.016814697086314945,0.4708226107130651,0.4972809133952322,-0.026458302682167145,0.15121884386668807,20,NEUTRAL,4.98,1.34,86.2,3,5,85,34,0,0,0,17,SP,17,374,82,22.0,8.83,3.53,8.52,1.97,21.88299856990858
691026,Masyn Winn,R,STL,6,Rhett Lowder,R,695076,823031,CIN @ STL,5:15 PM,24/07,Scheduled,0.6172849883288016,,,,False,0011100010,estimated,0,0,0.0,0.198689326249057,0.31768888405742907,0.41624702070552233,0.2690772600043177,20,1,-0.03646353646353648,1.031,32.0,F,0.26895450917797287,1.4505572842246437,0.41421052141985326,17,6,0,0.26373626373626374,0.22727272727272727,0.5184294871794872,0.27564102564102566,0.20592948717948717,0.22777777777777777,0.24350205198358413,0.2863849765258216,0.23644703919933277,0.2388888888888889,203,0.23529411764705882,177,False,False,0.5715884671915998,0.045696521137201795,3.619565217391304,4.130434782608695,92,0.21634461868557284,0.19343704708021814,0.0229075716053547,0.46085721551829595,0.4199551916393005,0.04090202387899544,-0.08352361434044239,20,STRONG,5.75,1.64,72.0,3,7,61,35,0,0,0,14,SP,17,335,83,19.7,7.63,4.38,10.38,1.13,18.755699700562946
596146,Max Kepler,L,AZ,6,Carson Palmquist,L,687223,822707,AZ @ WSH,3:45 PM,24/07,Pre-Game,0.6162199476870787,,,,False,0111101100,live,0,0,0.0,0.19211967411304837,0.25381155717101994,0.4366793240926074,0.2838907694915716,18,1,0.0,1.04,75.6,B,0.29767441860465116,3.2971131791898913,0.33907920685008613,7,3,0,,0.21818181818181817,0.6046511627906976,0.3953488372093023,0.0,0.20297029702970298,0.18333333333333332,0.1864406779661017,0.19473684210526315,0.3,34,0.12,28,False,False,0.5872068888567138,0.02901305883036487,3.0555555555555554,3.4444444444444446,18,0.18831746100045751,0.1929071135008321,-0.004589652500374575,0.4474015836208132,0.42341774662876436,0.023983836992048868,-0.06666714355346924,18,AVOID,8.74,1.68,11.1,0,1,14,3,0,0,0,4,SP,7,54,16,7.7,11.12,2.38,12.71,0.79,7.699245498301718
643217,Andrew Benintendi,L,CWS,5,Spencer Arrighetti,R,681293,824573,HOU @ CWS,4:40 PM,24/07,Pre-Game,0.6128194483536,,,,False,0110101101,estimated,0,0,0.0,0.2757055119535462,0.3234767911178385,0.3661864609360108,0.33544869684083184,20,2,0.02777777777777779,0.968,59.8,C,0.28328804347826086,1.7697576636850687,0.3108981204017503,16,6,0,0.2222222222222222,0.25,0.46091094493541807,0.469068660774983,0.07002039428959891,0.23848987108655617,0.2159090909090909,0.22871046228710462,0.23026315789473684,0.23170731707317074,182,0.2702702702702703,125,False,False,0.6294948781818992,-0.01667542982829917,3.125,3.4886363636363638,88,0.20236194036442,0.2232585261562299,-0.02089658579180989,0.4469465516776763,0.4583751677304923,-0.011428616052816032,0.22645581968107326,20,NEUTRAL,4.34,1.31,87.0,7,5,87,48,0,0,0,16,SP,16,377,66,23.6,9.0,4.97,6.83,1.24,23.16582762929498
572233,Christian Walker,R,HOU,5,Davis Martin,R,663436,824573,HOU @ CWS,4:40 PM,24/07,Pre-Game,0.6121540911965148,-133.0,138.0,57.0,False,1101000011,estimated,0,0,0.0,0.1828078445316201,0.2547185648445267,0.37185433806447377,0.35916215112500616,20,2,-0.023234200743494415,0.968,39.8,D,0.2771867612293144,2.2116298732787034,0.425294931285825,19,6,0,0.25,0.22676579925650558,0.5807228915662651,0.27590361445783135,0.14337349397590363,0.2113970588235294,0.21868787276341947,0.25263157894736843,0.21777777777777776,0.2314410480349345,253,0.2357142857142857,158,False,False,0.58930175629017,0.02285233490634475,3.69,4.11,100,0.19599851080593733,0.18974667777101895,0.006251833034918386,0.45201684527585284,0.4309825910611998,0.021034254214653048,-0.08787706253330033,20,NEUTRAL,3.31,1.27,106.0,9,5,97,33,0,0,0,19,SP,19,440,102,23.2,8.24,2.8,8.66,0.51,22.74686482892968
624585,Jorge Soler,R,LAA,4,Logan Webb,R,657277,823196,LAA @ SF,7:15 PM,24/07,Scheduled,0.6105220363845775,,,,False,1111001001,estimated,0,0,0.0,0.1409543377694108,0.3698274975236012,0.541369576102275,0.3748237190575762,20,3,-0.03176966989327376,0.994,63.8,C,0.27122015915119363,3.053365988730932,0.374765592955006,16,6,0,0.22784810126582278,0.19607843137254902,0.5510610079575596,0.19827586206896552,0.2506631299734748,0.22532894736842105,0.23674475955610358,0.1518987341772152,0.21918976545842217,0.24022346368715083,199,0.14423076923076922,127,False,False,0.6162199476870787,-0.005697911302501191,3.628205128205128,4.17948717948718,78,0.20310727858108793,0.20040688032924917,0.002700398251838765,0.465134268168838,0.45613584660148376,0.008998421567354253,-0.12281286935064444,20,NEUTRAL,3.87,1.11,107.0,5,7,85,27,0,0,0,17,SP,17,438,92,25.8,7.15,2.27,7.74,0.76,25.85364991261
673548,Seiya Suzuki,R,CHC,2,Jared Jones,R,683003,823352,CHC @ PIT,3:40 PM,24/07,Pre-Game,0.6102965472134875,,,,False,1111111101,estimated,0,0,0.0,0.29005463638950824,0.4108337881601397,0.4564647697071688,0.397183653881606,20,2,0.00996985856712268,1.013,83.2,A,0.3010752688172043,4.174160660937254,0.3706650157622069,9,6,0,0.2631578947368421,0.27312775330396477,0.4500768049155146,0.402457757296467,0.14746543778801843,0.27618364418938307,0.20689655172413793,0.3392857142857143,0.2556390977443609,0.27071823204419887,207,0.2695035460992908,164,False,False,0.6505531174466513,-0.04025657023316387,3.744186046511628,4.313953488372093,86,0.21819523486004375,0.25326600214758793,-0.035070767287544186,0.4694848757124855,0.5069443795581444,-0.03745950384565894,0.13006825662062796,20,AVOID,4.05,1.1,40.0,2,1,48,12,0,0,0,9,SP,9,163,32,18.1,10.8,2.7,7.2,1.13,18.097432256813946
673962,Josh Jung,R,TEX,2,Bryce Miller,R,682243,822872,SEA @ TEX,5:05 PM,24/07,Scheduled,0.6092315065717645,,,,False,1110101011,estimated,0,0,0.0,0.2726613600457744,0.3190023782670175,0.5157988316358216,0.3407867277403385,20,3,-0.0576393105703209,0.964,92.0,A,0.2921225382932166,8.07603377289085,0.29258091856452323,11,7,0,0.34177215189873417,0.28413284132841327,0.5340659340659341,0.22527472527472528,0.24065934065934066,0.28695652173913044,0.28869778869778867,0.32489451476793246,0.29160125588697017,0.30985915492957744,236,0.2773722627737226,156,False,False,0.656611256838124,-0.047379750266359544,3.8461538461538463,4.3076923076923075,91,0.21673535428577995,0.25644071508857597,-0.03970536080279602,0.44550757109407785,0.5224998472155745,-0.07699227612149667,0.004540146201562581,20,AVOID,2.27,0.88,63.1,4,4,71,10,0,0,0,10,SP,11,241,46,21.9,10.09,1.42,6.54,1.28,22.376052650560982
666176,Jo Adell,R,LAA,6,Logan Webb,R,657277,823196,LAA @ SF,7:15 PM,24/07,Scheduled,0.6092315065717645,-156.0,170.0,61.0,False,1000000110,estimated,0,0,0.0,0.22007228574648194,0.3052749502665368,0.3465928035362657,0.22744594321775075,20,2,-0.005015673981191238,0.994,63.8,C,0.27122015915119363,3.053365988730932,0.374765592955006,16,6,0,0.2413793103448276,0.23636363636363636,0.5510610079575596,0.19827586206896552,0.2506631299734748,0.23739629865985962,0.2524850894632207,0.1696035242290749,0.2315546772068511,0.22916666666666666,253,0.25165562913907286,166,False,False,0.5983142803267203,0.01091722624504421,3.871287128712871,4.148514851485149,101,0.2216999434299829,0.20920826104044743,0.012491682389535463,0.43928352725753816,0.4378894259707049,0.0013941012868332603,-0.11027825771750929,20,NEUTRAL,3.87,1.11,107.0,5,7,85,27,0,0,0,17,SP,17,438,92,25.8,7.15,2.27,7.74,0.76,25.85364991261
693304,Nick Gonzales,R,PIT,6,Matt Boyd,L,571510,823352,CHC @ PIT,3:40 PM,24/07,Pre-Game,0.6092315065717645,,,,False,0011111111,estimated,0,0,0.0,0.35911955067621903,0.3202650089609076,0.4008326762084905,0.4435795245459374,20,2,-0.036866359447004615,1.013,61.5,C,0.2893081761006289,3.3190796236804734,0.41888009942679966,9,6,0,0.2857142857142857,0.3225806451612903,0.45660377358490567,0.26163522012578616,0.28176100628930817,0.2890995260663507,0.2814910025706941,0.2363013698630137,0.28169014084507044,0.29245283018867924,221,0.33783783783783783,174,False,False,0.5951166379501899,0.014114868621574628,3.75,4.114583333333333,96,0.2338632122985019,0.2153756820979047,0.018487530200597208,0.43621708104962204,0.4378894259707049,-0.001672344921082869,0.24912752040835895,20,NEUTRAL,4.15,1.21,52.0,6,1,51,14,0,0,0,10,SP,10,217,49,21.7,8.83,2.42,8.48,1.04,22.49352830043323
701678,Hao-Yu Lee,R,DET,6,Beck Way,R,694360,824248,KC @ DET,3:40 PM,24/07,Pre-Game,0.6088968170001982,,,,False,0011111111,live,0,0,0.0,0.3267370279856741,0.3679353712154408,0.5816434835203492,0.47697569530813144,20,1,0.003081232492997188,1.004,70.6,B,0.3131868131868132,2.52512476983379,0.41545716190179866,18,5,0,0.25882352941176473,0.2619047619047619,0.804945054945055,0.16758241758241757,0.027472527472527472,0.21818181818181817,0.23905723905723905,0.2545454545454545,0.22826086956521738,0.25882352941176473,88,0.2619047619047619,90,True,True,0.6025764651851463,0.006320351815051861,2.864406779661017,3.016949152542373,59,0.2065893907396925,0.2031197609595579,0.0034696297801346254,0.465134268168838,0.4506372943248386,0.014496973843999394,0.029833268957115733,20,AVOID,3.22,1.52,22.1,1,0,21,10,0,0,0,0,RP,18,98,24,5.4,8.46,4.03,9.67,1.61,5.267524673940676
676914,Davis Schneider,R,TOR,6,Patrick Sandoval,L,663776,824733,TOR @ BOS,4:15 PM,24/07,Pre-Game,0.6074701380696683,,,,False,1111000000,live,0,0,0.0,0.12093602434986733,0.1761508409300441,0.4318983732805987,0.2241801372282057,20,1,-0.07828181453231634,1.063,63.7,C,0.2978723404255319,,,2,6,0,0.11320754716981132,0.19148936170212766,0.3475177304964539,0.425531914893617,0.22695035460992907,0.10772833723653395,0.08365019011406843,0.2,0.10747051114023591,0.07142857142857142,69,0.25,52,False,False,0.5709117463985266,0.03655839167114172,2.272727272727273,2.75,44,0.18975383261895085,0.18097840766132797,0.008775424957622874,0.46115763605635535,0.416772449177686,0.044385186878669325,-0.2228237089334686,20,NEUTRAL,4.82,1.71,9.1,0,0,10,2,0,0,0,2,SP,2,42,14,21.0,9.64,1.93,13.5,0.96,
668804,Bryan Reynolds,L,PIT,3,Matt Boyd,L,571510,823352,CHC @ PIT,3:40 PM,24/07,Pre-Game,0.6051656500812007,,,,False,1101110100,estimated,0,0,0.0,0.22310394535312458,0.34254052563068726,0.3508566442976443,0.3507862339691086,20,2,0.014016172506738533,1.013,61.5,C,0.2893081761006289,3.3190796236804734,0.41888009942679966,9,6,0,0.2857142857142857,0.27169811320754716,0.45660377358490567,0.26163522012578616,0.28176100628930817,0.2505415162454874,0.26348547717842324,0.2832764505119454,0.26131337189520243,0.3073394495412844,258,0.23026315789473684,186,False,False,0.6194586954981078,-0.014293045416907124,3.627450980392157,4.352941176470588,102,0.2099660816355853,0.21121627441647287,-0.0012501927808875601,0.47712648880318337,0.480097057221098,-0.002970568417914654,0.08469263294688877,20,NEUTRAL,4.15,1.21,52.0,6,1,51,14,0,0,0,10,SP,10,217,49,21.7,8.83,2.42,8.48,1.04,22.49352830043323
800325,Luis Lara,L,MIL,6,Tomoyuki Sugano,R,608372,823759,COL @ MIL,1:10 PM,24/07,Pre-Game,0.6049541204234649,,,,False,111101100,live,0,0,0.0,0.20308754480591226,0.31635962853704336,0.2820742483145218,0.26284867477180884,9,3,0.0,0.97,30.5,F,0.23493150684931507,2.3371584268391103,0.43635646076294976,17,6,0,,0.2727272727272727,0.5133836650652025,0.28208647906657514,0.20452985586822237,0.2222222222222222,0.25,0.14285714285714285,0.2171945701357466,0.23076923076923078,15,0.25,16,True,False,0.5802321137230476,0.024722006700417243,2.7777777777777777,3.4444444444444446,9,0.21896175315648236,0.2028343246182014,0.016127428538280975,0.49766787331620804,0.41596410290152885,0.08170377041467919,0.09429213301962436,9,NEUTRAL,4.76,1.29,90.2,9,4,51,23,0,0,0,17,SP,17,382,94,22.5,5.06,2.28,9.33,1.79,22.73889829234107
695731,Braden Montgomery,L,CWS,6,Spencer Arrighetti,R,681293,824573,HOU @ CWS,4:40 PM,24/07,Pre-Game,0.6035335952692633,,,,False,1101111101,estimated,0,0,0.0,0.23797197977761395,0.2883214391683067,0.3610815740586156,0.28074899897273936,20,2,0.04999999999999999,0.968,59.8,C,0.28328804347826086,1.7697576636850687,0.3108981204017503,16,6,0,0.2,0.25,0.46091094493541807,0.469068660774983,0.07002039428959891,0.24285714285714285,0.2556818181818182,0.1943127962085308,0.22541966426858512,0.25,76,0.22033898305084745,65,True,False,0.6141099781664129,-0.010576382897149572,3.6285714285714286,4.0285714285714285,35,0.19343704708021814,0.21507026845479046,-0.021633221374572326,0.4287736413237666,0.4378894259707049,-0.009115784646938296,0.0046845231565434626,20,NEUTRAL,4.34,1.31,87.0,7,5,87,48,0,0,0,16,SP,16,377,66,23.6,9.0,4.97,6.83,1.24,23.16582762929498
657041,Lane Thomas,R,KC,2,Tarik Skubal,L,669373,824248,KC @ DET,3:40 PM,24/07,Pre-Game,0.6032786704135262,,,,False,0011101010,live,0,0,0.0,0.2756891431203464,0.36686150879300733,0.5092885353903173,0.42393005789523525,20,1,0.02243609022556392,1.004,89.1,A,0.3191489361702128,9.212093260691233,0.2926652344798742,13,6,0,0.248,0.22556390977443608,0.5630323679727428,0.1797274275979557,0.2572402044293015,0.22456140350877193,0.18252730109204368,0.2463768115942029,0.21385542168674698,0.24822695035460993,159,0.2222222222222222,140,False,False,0.6530751944439097,-0.04979652403038348,3.0,3.4767441860465116,86,0.2129801416561237,0.24932331057208057,-0.036343168915956875,0.4354313546918789,0.5003722947518777,-0.06494094005999884,0.018913733599740894,20,AVOID,2.83,0.93,82.2,6,5,98,11,0,0,0,14,SP,14,321,66,22.9,10.67,1.2,7.19,1.09,22.86699578209267
683737,Michael Busch,L,CHC,3,Jared Jones,R,683003,823352,CHC @ PIT,3:40 PM,24/07,Pre-Game,0.6028995643113917,,,,False,1011111111,estimated,0,0,0.0,0.2868430771942231,0.34177311140080513,0.40957994950040605,0.43898726767968055,20,2,-0.0757587399154821,1.013,83.2,A,0.3010752688172043,4.174160660937254,0.3706650157622069,9,6,0,0.29473684210526313,0.21897810218978103,0.4500768049155146,0.402457757296467,0.14746543778801843,0.22582738481505515,0.25396825396825395,0.20412844036697247,0.23325399523971438,0.2583732057416268,254,0.2125,194,False,False,0.6330634274653859,-0.03016386315399422,3.69,4.48,100,0.20920826104044743,0.22777359473356854,-0.018565333693121105,0.465134268168838,0.4841423648905731,-0.01900809672173509,0.26982369108818166,20,AVOID,4.05,1.1,40.0,2,1,48,12,0,0,0,9,SP,9,163,32,18.1,10.8,2.7,7.2,1.13,18.097432256813946
656811,Ryan O'Hearn,L,PIT,5,Matt Boyd,L,571510,823352,CHC @ PIT,3:40 PM,24/07,Pre-Game,0.6013661786416294,,,,False,0001000100,estimated,0,0,0.0,0.22207210008262632,0.26831593027794814,0.5424487772385997,0.30155143189638445,20,2,-0.11661536674603637,1.013,61.5,C,0.2893081761006289,3.3190796236804734,0.41888009942679966,9,6,0,0.1791044776119403,0.29571984435797666,0.45660377358490567,0.26163522012578616,0.28176100628930817,0.26506024096385544,0.24686716791979949,0.2598684210526316,0.25883319638455216,0.25,199,0.2972972972972973,162,False,False,0.5983142803267203,0.0030518983149091516,3.7241379310344827,4.149425287356322,87,0.20165988038529412,0.20091138169482634,0.0007484986904677804,0.4199551916393005,0.4309825910611998,-0.011027399421899287,-0.12144824899367938,20,NEUTRAL,4.15,1.21,52.0,6,1,51,14,0,0,0,10,SP,10,217,49,21.7,8.83,2.42,8.48,1.04,22.49352830043323
676356,Jonny Deluca,R,TB,5,Joey Cantillo,L,676282,822952,CLE @ TB,4:10 PM,24/07,Pre-Game,0.6013661786416294,,,,False,1100010111,live,0,0,0.0,0.26540626194709577,0.3329832915728027,0.2831902677970538,0.33971144272220344,20,1,0.07882775119617222,0.96,65.7,B,0.31442731277533037,2.157123391317504,0.37025356747150623,20,5,0,0.29473684210526313,0.2159090909090909,0.40573318632855565,0.324696802646086,0.2695700110253583,0.22913719943422914,0.1883656509695291,0.25925925925925924,0.2197346600331675,0.23655913978494625,100,0.2777777777777778,95,False,False,0.6092315065717645,-0.007865327930135058,3.327272727272727,3.5454545454545454,55,0.21750530947923183,0.23341141720448796,-0.015906107725256136,0.42906481875239294,0.44151685041024624,-0.012452031657853302,0.022942927806178924,20,AVOID,3.74,1.42,106.0,8,5,112,52,0,0,0,21,SP,21,455,99,21.7,9.51,4.42,8.41,1.02,22.365329509590445
808959,Munetaka Murakami,L,CWS,2,Spencer Arrighetti,R,681293,824573,HOU @ CWS,4:40 PM,24/07,Pre-Game,0.598647132625057,,,,False,0100110110,estimated,0,0,0.0,0.19839676372676834,0.3139387232707495,0.5647149841557932,0.3680703502366499,20,2,0.06518111318346911,0.968,59.8,C,0.28328804347826086,1.7697576636850687,0.3108981204017503,16,6,0,0.18032786885245902,0.24550898203592814,0.46091094493541807,0.469068660774983,0.07002039428959891,0.2360178970917226,0.19897304236200256,0.22289156626506024,0.21836228287841192,0.21705426356589147,163,0.24242424242424243,118,True,False,0.6278756528171813,-0.029228520192124297,3.5076923076923077,4.323076923076923,65,0.21185235938768612,0.2314094955230206,-0.01955713613533447,0.4752646141890926,0.47573532911399724,-0.00047071492490463607,-0.14126023880789293,20,NEUTRAL,4.34,1.31,87.0,7,5,87,48,0,0,0,16,SP,16,377,66,23.6,9.0,4.97,6.83,1.24,23.16582762929498
679529,Spencer Torkelson,R,DET,5,Beck Way,R,694360,824248,KC @ DET,3:40 PM,24/07,Pre-Game,0.5951166379501899,,,,False,1000101010,live,0,0,0.0,0.19746740667974227,0.294280301238793,0.31491293364815726,0.3140033646511713,20,1,-0.024953863435769885,1.004,70.6,B,0.3131868131868132,2.52512476983379,0.41545716190179866,18,5,0,0.22330097087378642,0.19834710743801653,0.804945054945055,0.16758241758241757,0.027472527472527472,0.20128939828080228,0.19173363949483352,0.1783625730994152,0.19494446572194563,0.18333333333333332,207,0.23030303030303031,188,False,True,0.5760181677407158,0.019098470209474083,3.4158415841584158,3.910891089108911,101,0.1870978982547149,0.18681246191335843,0.0002854363413564709,0.44549348252272886,0.4259124902395863,0.01958099228314253,-0.1611437040140514,20,AVOID,3.22,1.52,22.1,1,0,21,10,0,0,0,0,RP,18,98,24,5.4,8.46,4.03,9.67,1.61,5.267524673940676
656941,Kyle Schwarber,L,PHI,2,Cam Schlittler,R,693645,823434,NYY @ PHI,3:45 PM,24/07,Pre-Game,0.5948714619903482,-163.0,170.0,62.0,False,1011110001,live,0,0,0.0,0.18715850055982694,0.33620228522445345,0.4311919801770084,0.375210114394864,20,2,-0.0004393397351409034,1.009,70.3,B,0.29151483602290473,5.849298671209848,0.3916074390661905,20,5,0,0.24822695035460993,0.24778761061946902,0.9118414188836724,0.0881585811163276,0.0,0.25,0.2147147147147147,0.1936842105263158,0.22765895106944037,0.25327510917030566,266,0.2391304347826087,170,False,False,0.6385719772928671,-0.04370051530251884,3.7448979591836733,4.448979591836735,98,0.20549359103593037,0.2142440127894177,-0.008750421753487336,0.4600503166335101,0.47758171115141074,-0.017531394517900645,-0.05854810470031865,20,AVOID,2.2,0.96,123.0,9,6,145,25,0,0,0,21,SP,21,489,93,23.3,10.61,1.83,6.8,0.88,23.751085617009434
663656,Kyle Tucker,L,LAD,6,Sean Manaea,L,640455,823601,LAD @ NYM,4:10 PM,24/07,Pre-Game,0.5935789472689513,,,,False,0110010100,estimated,0,0,0.0,0.18867123775815625,0.3597366046147319,0.3811424754650403,0.27313881344363733,20,2,-0.0073260073260073,0.949,52.9,C,0.2634146341463415,3.4506543147396407,0.42825429205097965,20,6,0,0.23076923076923078,0.23809523809523808,0.640418118466899,0.32125435540069686,0.03832752613240418,0.21666666666666667,0.24123989218328842,0.1752212389380531,0.21420432966198252,0.22279792746113988,228,0.25333333333333335,169,False,False,0.6035335952692633,-0.009954648000311983,3.610526315789474,4.178947368421053,95,0.18974667777101895,0.2065893907396925,-0.016842712968673568,0.4210991794306603,0.4378894259707049,-0.01679024654004463,-0.14613793700547667,20,AVOID,4.74,1.36,79.2,2,5,81,26,0,0,0,7,RP,21,353,82,16.8,9.15,2.94,9.26,1.36,19.0147093031636
553993,Eugenio Suárez,R,CIN,5,Dustin May,R,669160,823031,CIN @ STL,5:15 PM,24/07,Scheduled,0.5928250354433856,,,,False,0011110101,estimated,0,0,0.0,0.2001673604382806,0.34418208853390164,0.5172739633993108,0.41377061077655475,20,3,-0.020999468367889407,1.031,43.5,D,0.2837413684871312,2.5564172610198006,0.43529925140412973,19,6,0,0.22807017543859648,0.20707070707070707,0.6712759270898806,0.26147077309868005,0.06725329981143935,0.22472924187725632,0.23235800344234078,0.19724770642201836,0.22356020942408378,0.23684210526315788,168,0.17475728155339806,114,False,False,0.5845037811747406,0.00832125426864505,3.591549295774648,3.971830985915493,71,0.1929071135008321,0.18946124142966245,0.0034458720711696422,0.4373096399918608,0.4309825910611998,0.0063270489306609945,0.006702859871532247,20,NEUTRAL,4.78,1.32,98.0,5,7,95,32,0,0,0,19,SP,19,414,97,21.8,8.72,2.94,8.91,0.64,21.42064541746382
664761,Alec Bohm,R,PHI,5,Cam Schlittler,R,693645,823434,NYY @ PHI,3:45 PM,24/07,Pre-Game,0.5920743893285122,,,,False,0001011011,live,0,0,0.0,0.2575275723586173,0.32361610989463774,0.5391414985095236,0.3088829379191555,20,2,-0.018271754492226927,1.009,70.3,B,0.29151483602290473,5.849298671209848,0.3916074390661905,20,5,0,0.23622047244094488,0.21794871794871795,0.9118414188836724,0.0881585811163276,0.0,0.19813084112149532,0.17842323651452283,0.25333333333333335,0.19757433489827855,0.21844660194174756,224,0.23225806451612904,174,False,False,0.6278950453155301,-0.03582065598701789,3.7216494845360826,4.103092783505154,97,0.20665871336416752,0.24254835391651905,-0.035889640552351526,0.4189298451972075,0.4587175303128846,-0.039787685115677096,0.04334589189623077,20,AVOID,2.2,0.96,123.0,9,6,145,25,0,0,0,21,SP,21,489,93,23.3,10.61,1.83,6.8,0.88,23.751085617009434
681297,Colton Cowser,L,BAL,5,Grant Holmes,R,656550,824812,ATL @ BAL,4:05 PM,24/07,Pre-Game,0.5908015554609385,,,,False,0000100000,live,0,0,0.0,0.05957959166983512,0.28298069245890667,0.6455078311258119,0.0970450044677602,20,2,0.06792717086834735,1.044,44.3,D,0.2749003984063745,1.922125837499476,0.4362304267059578,19,5,0,0.14285714285714285,0.2107843137254902,0.5043246839654025,0.4411177644710579,0.054557551563539586,0.21855345911949686,0.16173570019723865,0.19571045576407506,0.19380355965721818,0.20952380952380953,123,0.20754716981132076,121,False,False,0.5659812849478455,0.02482027051309299,2.511904761904762,2.9047619047619047,84,0.20583157014455464,0.19024174905412836,0.015589821090426281,0.4467833163222387,0.4185335730894337,0.028249743232805047,-0.35901825719956504,20,NEUTRAL,3.7,1.34,92.1,6,4,78,41,0,0,0,18,SP,19,400,83,21.1,7.6,4.0,8.09,1.46,20.65975629059625
691176,Jasson Domínguez,L,NYY,5,Jesús Luzardo,L,666200,823434,NYY @ PHI,3:45 PM,24/07,Pre-Game,0.5907185268029305,,,,False,1110110111,live,0,0,0.0,0.2445331714368837,0.33279759326906766,0.34819738373328,0.30434593353177114,20,2,0.06297134238310712,1.009,97.7,A,0.328141225337487,3.755156223120487,0.32204767539330587,20,6,0,0.27450980392156865,0.21153846153846154,0.4273104880581516,0.37435098650051923,0.19833852544132918,0.19166666666666668,0.1712962962962963,0.23870967741935484,0.20071047957371227,0.18888888888888888,96,0.2923076923076923,69,False,False,0.6278950453155301,-0.03717651851259962,3.7804878048780486,4.024390243902439,41,0.18724941544387005,0.23749457475927416,-0.0502451593154041,0.4045555263929344,0.4587175303128846,-0.054162003919950186,0.23932450885694828,20,AVOID,3.43,1.21,115.1,9,4,143,37,0,0,0,20,SP,20,483,102,24.1,11.16,2.89,7.96,0.78,24.22056566828684
696100,Hunter Goodman,R,COL,4,Shane Drohan,L,675660,823759,COL @ MIL,1:10 PM,24/07,Pre-Game,0.5887352753402241,-138.0,150.0,58.0,False,0111101011,live,1,0,0.0,0.3185545755175558,0.4220815340872184,0.4805198971159589,0.49068138155083696,20,2,0.023504273504273532,0.97,87.1,A,0.30177514792899407,4.281831766077856,0.3550777422341642,20,6,0,0.27350427350427353,0.25,0.6111580726965342,0.3440405748098056,0.044801352493660185,0.226546212647672,0.23604309500489715,0.25806451612903225,0.23469026548672567,0.21428571428571427,236,0.3197278911564626,161,False,True,0.6162199476870787,-0.02748467234685459,3.7578947368421054,4.178947368421053,95,0.18975383261895085,0.20542426841145534,-0.01567043579250449,0.4538033925780851,0.46347473301867365,-0.009671340440588538,0.014060158056173916,20,AVOID,3.2,1.18,76.0,5,3,76,21,1,0,1,10,RP,20,317,69,15.8,9.0,2.49,8.17,0.71,18.11192467420871
702284,Cole Young,L,SEA,6,Mackenzie Gore,L,669022,822872,SEA @ TEX,5:05 PM,24/07,Scheduled,0.5873216913452812,,,,False,0111011000,estimated,1,0,0.0,0.20497142659411527,0.3117106536379871,0.4112233269440443,0.26434590935527047,20,2,0.013403263403263421,0.964,52.6,C,0.27050053248136313,3.073872405881046,0.436639953314386,20,6,0,0.25961538461538464,0.24621212121212122,0.5897709110282365,0.3036760788492275,0.10655301012253596,0.2208892025405787,0.2217453505007153,0.22448979591836735,0.22151394422310758,0.24644549763033174,232,0.25477707006369427,177,False,False,0.5983142803267203,-0.010992588981439066,3.607843137254902,4.009803921568627,102,0.2057386312603128,0.2099660816355853,-0.004227450375272501,0.42757207436947126,0.4378894259707049,-0.010317351601233649,0.01742888997304758,20,NEUTRAL,4.8,1.28,110.2,6,8,122,42,0,0,0,21,SP,21,475,100,22.6,9.92,3.42,8.13,1.14,22.957347626802928
663728,Cal Raleigh,L,SEA,4,Mackenzie Gore,L,669022,822872,SEA @ TEX,5:05 PM,24/07,Scheduled,0.5843180319064664,-117.0,127.0,54.0,False,0011000101,estimated,2,0,0.0,0.14503019174285356,0.28255248627181345,0.25675619961357327,0.2599076481309896,20,2,-0.011278195488721804,0.964,52.6,C,0.27050053248136313,3.073872405881046,0.436639953314386,20,6,0,0.15714285714285714,0.16842105263157894,0.5897709110282365,0.3036760788492275,0.10655301012253596,0.15069551777434312,0.16589861751152074,0.1522248243559719,0.1551433389544688,0.175,184,0.15,118,False,False,0.5948617130944526,-0.010543681187986209,3.7142857142857144,4.314285714285714,70,0.19440410806880762,0.20463433070452167,-0.010230222635714048,0.42715151797904,0.4331248920596426,-0.0059733740806026114,-0.08201287909226775,20,NEUTRAL,4.8,1.28,110.2,6,8,122,42,0,0,0,21,SP,21,475,100,22.6,9.92,3.42,8.13,1.14,22.957347626802928
656555,Rhys Hoskins,R,CLE,3,Shane Mcclanahan,L,663556,822952,CLE @ TB,4:10 PM,24/07,Pre-Game,0.5843180319064664,,,,False,0011001100,live,0,0,0.0,0.1414297036732432,0.29124363038830975,0.3626668886323299,0.3116445660571141,20,1,-0.10839565183871713,0.96,60.3,C,0.2950245269796776,2.8234753284578886,0.4166912458575066,18,5,0,0.11009174311926606,0.2184873949579832,0.37421163279607567,0.3328661527680449,0.29292221443587946,0.15428571428571428,0.17657342657342656,0.1024390243902439,0.15611353711790393,0.1746031746031746,147,0.1568627450980392,131,False,False,0.617148800395686,-0.03283076848921962,2.85,3.475,80,0.19775810081294512,0.202417700980432,-0.0046596001674868714,0.46625633844273473,0.4832485898621826,-0.01699225141944788,-0.11215872248867381,20,NEUTRAL,3.16,1.15,91.0,8,6,85,31,0,0,0,18,SP,18,378,74,21.0,8.41,3.07,7.32,0.69,21.358039574615358
701807,Carson Benge,L,NYM,5,Roki Sasaki,R,808963,823601,LAD @ NYM,4:10 PM,24/07,Pre-Game,0.5836742263128954,,,,False,1110010111,estimated,0,0,0.0,0.28904283759187965,0.3492051905447919,0.33291483652671283,0.36529909060814664,20,2,0.0003330003330003217,0.949,48.1,D,0.28034300791556727,2.4928919653157036,0.44930389638252366,17,7,0,0.2619047619047619,0.26223776223776224,0.4774052478134111,0.23760932944606414,0.2849854227405248,0.23248234655078762,0.2645631067961165,0.26976744186046514,0.24620355411954767,0.24311926605504589,240,0.2894736842105263,163,True,False,0.5951166379501899,-0.011442411637294425,3.814432989690722,4.154639175257732,97,0.18946124142966245,0.20236194036442,-0.012900698934757565,0.430424559752239,0.4373096399918608,-0.00688508023962181,0.1892395139992762,20,NEUTRAL,4.98,1.34,86.2,3,5,85,34,0,0,0,17,SP,17,374,82,22.0,8.83,3.53,8.52,1.97,21.88299856990858
656775,Cedric Mullins,L,TB,4,Joey Cantillo,L,676282,822952,CLE @ TB,4:10 PM,24/07,Pre-Game,0.5831077453629494,,,,False,0010010110,live,0,0,0.0,0.15911740052297269,0.2582945164053126,0.2638003613166876,0.270467728171956,20,2,0.03968253968253968,0.96,65.7,B,0.31442731277533037,2.157123391317504,0.37025356747150623,20,5,0,0.23809523809523808,0.1984126984126984,0.40573318632855565,0.324696802646086,0.2695700110253583,0.19239720713731576,0.21626617375231053,0.20164609053497942,0.20038167938931298,0.20121951219512196,185,0.2076923076923077,153,False,False,0.6162199476870787,-0.03311220232412926,3.458823529411765,3.976470588235294,85,0.1989809716155065,0.2200044131872325,-0.021023441571725976,0.42440395526997965,0.4505655474413159,-0.026161592171336234,-0.0591214133598045,20,AVOID,3.74,1.42,106.0,8,5,112,52,0,0,0,21,SP,21,455,99,21.7,9.51,4.42,8.41,1.02,22.365329509590445
608324,Alex Bregman,R,CHC,4,Jared Jones,R,683003,823352,CHC @ PIT,3:40 PM,24/07,Pre-Game,0.5831077453629494,-163.0,170.0,62.0,False,0011001110,estimated,0,0,0.0,0.20430231271319088,0.20068057523779642,0.24805463470830702,0.22857438803280788,20,2,0.010489510489510467,1.013,83.2,A,0.3010752688172043,4.174160660937254,0.3706650157622069,9,6,0,0.23076923076923078,0.24125874125874125,0.4500768049155146,0.402457757296467,0.14746543778801843,0.2289988492520138,0.22060016220600162,0.2528409090909091,0.2284857571214393,0.25,266,0.22151898734177214,188,False,False,0.6232487670531964,-0.040141021690247025,3.9393939393939394,4.585858585858586,99,0.19640217549477557,0.22289836866346976,-0.0264961931686942,0.4265717320001959,0.4639935039583687,-0.03742177195817281,-0.09090472185574501,20,AVOID,4.05,1.1,40.0,2,1,48,12,0,0,0,9,SP,9,163,32,18.1,10.8,2.7,7.2,1.13,18.097432256813946
607043,Brandon Nimmo,L,TEX,3,Bryce Miller,R,682243,822872,SEA @ TEX,5:05 PM,24/07,Scheduled,0.5831077453629494,,,,False,1101110011,estimated,0,0,0.0,0.27346050268645816,0.3846826555635517,0.49393292309192693,0.33932402837246156,20,2,-0.05716878402903808,0.964,92.0,A,0.2921225382932166,8.07603377289085,0.29258091856452323,11,7,0,0.3157894736842105,0.25862068965517243,0.5340659340659341,0.22527472527472528,0.24065934065934066,0.26798462383305877,0.25084745762711863,0.22253521126760564,0.25797007156798957,0.2838983050847458,259,0.24615384615384617,146,False,False,0.6343271337928865,-0.05121938842993712,3.8526315789473684,4.2631578947368425,95,0.19719211320170923,0.23749457475927416,-0.04030246155756492,0.429933076538011,0.49368355917085327,-0.06375048263284228,0.08561762076112212,20,AVOID,2.27,0.88,63.1,4,4,71,10,0,0,0,10,SP,11,241,46,21.9,10.09,1.42,6.54,1.28,22.376052650560982
650489,Willi Castro,L,COL,5,Shane Drohan,L,675660,823759,COL @ MIL,1:10 PM,24/07,Pre-Game,0.5810165014323371,-133.0,138.0,57.0,False,0100111110,live,2,1,0.5,0.21649632244595535,0.29151298467216163,0.30822865633470425,0.3324231825456354,20,2,0.006735290379972059,0.97,87.1,A,0.30177514792899407,4.281831766077856,0.3550777422341642,20,6,0,0.26356589147286824,0.2568306010928962,0.6111580726965342,0.3440405748098056,0.044801352493660185,0.24672489082969432,0.2504317789291883,0.2205607476635514,0.24118589743589744,0.281767955801105,198,0.22900763358778625,152,False,True,0.5929492213225559,-0.011932719890218824,3.586206896551724,4.022988505747127,87,0.18219189685608697,0.20119681803618286,-0.01900492118009589,0.4045555263929344,0.4225511457017712,-0.017995619308836808,-0.08171820012822832,20,AVOID,3.2,1.18,76.0,5,3,76,21,1,0,1,10,RP,20,317,69,15.8,9.0,2.49,8.17,0.71,18.11192467420871
642708,Amed Rosario,R,NYY,3,Jesús Luzardo,L,666200,823434,NYY @ PHI,3:45 PM,24/07,Pre-Game,0.5810165014323371,,,,False,1000100000,live,0,0,0.0,0.14687651519154338,0.3307326773670554,0.391996196075179,0.313444221811108,20,2,-0.0477272727272727,1.009,97.7,A,0.328141225337487,3.755156223120487,0.32204767539330587,20,6,0,0.225,0.2727272727272727,0.4273104880581516,0.37435098650051923,0.19833852544132918,0.23063973063973064,0.21003134796238246,0.19523809523809524,0.22438162544169613,0.21978021978021978,99,0.25806451612903225,68,False,False,0.607802990368005,-0.02678648893566793,2.6842105263157894,2.9298245614035086,57,0.1870978982547149,0.202417700980432,-0.015319802725717091,0.4372050866831952,0.4731376479414798,-0.03593256125828459,-0.18943036934239102,20,AVOID,3.43,1.21,115.1,9,4,143,37,0,0,0,20,SP,20,483,102,24.1,11.16,2.89,7.96,0.78,24.22056566828684
687859,Troy Johnston,L,COL,6,Shane Drohan,L,675660,823759,COL @ MIL,1:10 PM,24/07,Pre-Game,0.5802321137230476,-127.0,133.0,56.0,False,0000010101,live,1,1,1.0,0.19202829714129072,0.28402743831355437,0.4564443748938091,0.2282941578968316,20,3,-0.012158054711246202,0.97,87.1,A,0.30177514792899407,4.281831766077856,0.3550777422341642,20,6,0,0.2857142857142857,0.2978723404255319,0.6111580726965342,0.3440405748098056,0.044801352493660185,0.25443262411347517,0.31261101243339257,0.25588235294117645,0.27495107632093935,0.2807017543859649,191,0.31666666666666665,141,False,True,0.5879514172916768,-0.0077193035686291545,3.1630434782608696,3.608695652173913,92,0.17939204994531996,0.20137444404393756,-0.021982394098617603,0.4112258478406154,0.4141764951152153,-0.002950647274599927,-0.3845608176527978,20,AVOID,3.2,1.18,76.0,5,3,76,21,1,0,1,10,RP,20,317,69,15.8,9.0,2.49,8.17,0.71,18.11192467420871
695657,Colson Montgomery,L,CWS,4,Spencer Arrighetti,R,681293,824573,HOU @ CWS,4:40 PM,24/07,Pre-Game,0.5787248989255328,,,,False,0110110100,estimated,0,0,0.0,0.19816884045717653,0.4082378802066839,0.33631629916342043,0.3471645182991786,20,2,-0.04842963318149121,0.968,59.8,C,0.28328804347826086,1.7697576636850687,0.3108981204017503,16,6,0,0.25773195876288657,0.20930232558139536,0.46091094493541807,0.469068660774983,0.07002039428959891,0.2293456708526107,0.21031746031746032,0.2386058981233244,0.22770041400075272,0.2631578947368421,235,0.1643835616438356,164,False,False,0.5937607754246081,-0.01503587649907534,3.736842105263158,4.2,95,0.1921171757938984,0.20119681803618286,-0.00907964224228447,0.4373096399918608,0.4378894259707049,-0.0005797859788441162,-0.03094882867597774,20,NEUTRAL,4.34,1.31,87.0,7,5,87,48,0,0,0,16,SP,16,377,66,23.6,9.0,4.97,6.83,1.24,23.16582762929498
679845,Nick Loftin,R,KC,6,Tarik Skubal,L,669373,824248,KC @ DET,3:40 PM,24/07,Pre-Game,0.5760181677407158,,,,False,1001001111,live,0,0,0.0,0.30269817221530054,0.27684135038256796,0.1812357422441066,0.3387613522194181,20,1,0.13917106867127185,1.004,89.1,A,0.3191489361702128,9.212093260691233,0.2926652344798742,13,6,0,0.32608695652173914,0.18691588785046728,0.5630323679727428,0.1797274275979557,0.2572402044293015,0.2161741835147745,0.1962864721485411,0.3026315789473684,0.22137404580152673,0.20618556701030927,110,0.29411764705882354,121,False,False,0.6124847587820336,-0.036466591041317775,3.015151515151515,3.5,66,0.18334763587152106,0.22964941161978147,-0.046301775748260415,0.37170604304032145,0.4288781946324322,-0.057172151592110754,-0.03380122492873888,20,AVOID,2.83,0.93,82.2,6,5,98,11,0,0,0,14,SP,14,321,66,22.9,10.67,1.2,7.19,1.09,22.86699578209267
699013,Esmerlyn Valdez,R,PIT,4,Matt Boyd,L,571510,823352,CHC @ PIT,3:40 PM,24/07,Pre-Game,0.5739269238101034,,,,False,1111111100,estimated,0,0,0.0,0.2796789737607959,0.4010637729919369,0.6639976105104622,0.545044368987446,20,2,0.07179487179487176,1.013,61.5,C,0.2893081761006289,3.3190796236804734,0.41888009942679966,9,6,0,0.3333333333333333,0.26153846153846155,0.45660377358490567,0.26163522012578616,0.28176100628930817,0.28932038834951457,0.2808988764044944,0.2857142857142857,0.28635346756152125,0.28125,73,0.30612244897959184,58,True,False,0.5710877062900346,0.002839217520068771,3.323529411764706,3.8529411764705883,34,0.2152950252914916,0.20116470092438707,0.014130324367104541,0.46149999863874774,0.4548692505429143,0.006630748095833416,0.12225654244708778,20,NEUTRAL,4.15,1.21,52.0,6,1,51,14,0,0,0,10,SP,10,217,49,21.7,8.83,2.42,8.48,1.04,22.49352830043323
521692,Salvador Pérez,R,KC,3,Tarik Skubal,L,669373,824248,KC @ DET,3:40 PM,24/07,Pre-Game,0.5739269238101034,,,,False,1011111010,live,0,0,0.0,0.21490091085510674,0.30716026195151924,0.43382639325038297,0.3148420246910534,20,1,0.037347183944597545,1.004,89.1,A,0.3191489361702128,9.212093260691233,0.2926652344798742,13,6,0,0.2358490566037736,0.19850187265917604,0.5630323679727428,0.1797274275979557,0.2572402044293015,0.19718309859154928,0.16886792452830188,0.25752508361204013,0.19219440353460973,0.20270270270270271,243,0.2185430463576159,163,False,False,0.6385719772928671,-0.06464505348276373,3.8854166666666665,4.229166666666667,96,0.19321630755115357,0.24254835391651905,-0.04933204636536548,0.4225511457017712,0.4819706477188559,-0.05941950201708468,-0.057947160835664445,20,AVOID,2.83,0.93,82.2,6,5,98,11,0,0,0,14,SP,14,321,66,22.9,10.67,1.2,7.19,1.09,22.86699578209267
547180,Bryce Harper,L,PHI,3,Cam Schlittler,R,693645,823434,NYY @ PHI,3:45 PM,24/07,Pre-Game,0.5721227658618884,-156.0,163.0,61.0,False,0011110110,live,0,0,0.0,0.16119984790534667,0.2820005020064891,0.39845166579987246,0.2548758719285488,20,2,0.13998963998964,1.009,70.3,B,0.29151483602290473,5.849298671209848,0.3916074390661905,20,5,0,0.17482517482517482,0.3148148148148148,0.9118414188836724,0.0881585811163276,0.0,0.2473919523099851,0.22807017543859648,0.2687224669603524,0.24370906583936575,0.27074235807860264,267,0.23846153846153847,162,False,False,0.6172849883288016,-0.04516222246691326,3.5544554455445545,4.247524752475248,101,0.2038765101093838,0.21204341763608578,-0.008166907526701989,0.4470894078619752,0.480097057221098,-0.033007649359122815,-0.10590655676403367,20,AVOID,2.2,0.96,123.0,9,6,145,25,0,0,0,21,SP,21,489,93,23.3,10.61,1.83,6.8,0.88,23.751085617009434
673357,Luis Robert,R,NYM,6,Roki Sasaki,R,808963,823601,LAD @ NYM,4:10 PM,24/07,Pre-Game,0.5709117463985266,,,,False,1110010010,estimated,0,0,0.0,0.142432851145274,0.3309518885853007,0.4880510471095688,0.20885106798590786,20,2,0.10727272727272727,0.949,48.1,D,0.28034300791556727,2.4928919653157036,0.44930389638252366,17,7,0,0.12,0.22727272727272727,0.4774052478134111,0.23760932944606414,0.2849854227405248,0.18719211822660098,0.15730337078651685,0.1,0.16972477064220184,0.16981132075471697,61,0.23684210526315788,42,False,False,0.5752309556204226,-0.004319209221895992,3.5,3.9615384615384617,26,0.18334763587152106,0.1936556121912998,-0.010307976319778728,0.40936166857110995,0.42646717869153034,-0.017105510120420386,,20,NEUTRAL,4.98,1.34,86.2,3,5,85,34,0,0,0,17,SP,17,374,82,22.0,8.83,3.53,8.52,1.97,21.88299856990858
641355,Cody Bellinger,L,NYY,4,Jesús Luzardo,L,666200,823434,NYY @ PHI,3:45 PM,24/07,Pre-Game,0.5673247907464589,-138.0,150.0,58.0,False,1111110111,live,0,0,0.0,0.2833095339091024,0.40440708814704907,0.40962180119210634,0.40725705598012,20,2,0.037660256410256415,1.009,97.7,A,0.328141225337487,3.755156223120487,0.32204767539330587,20,6,0,0.28125,0.24358974358974358,0.4273104880581516,0.37435098650051923,0.19833852544132918,0.2218586387434555,0.2562326869806094,0.2553648068669528,0.2369581190301249,0.24413145539906103,245,0.2751677852348993,177,False,False,0.6205710485155884,-0.0532462577691295,3.6565656565656566,4.262626262626263,99,0.18363307221287758,0.21380741942285697,-0.030174347209979385,0.4309825910611998,0.4587175303128846,-0.027734939251684798,0.1080878856690983,20,AVOID,3.43,1.21,115.1,9,4,143,37,0,0,0,20,SP,20,483,102,24.1,11.16,2.89,7.96,0.78,24.22056566828684
669016,Brandon Marsh,L,PHI,4,Cam Schlittler,R,693645,823434,NYY @ PHI,3:45 PM,24/07,Pre-Game,0.5673247907464589,,,,False,1100001101,live,0,0,0.0,0.23093280520222254,0.2939362529848424,0.355738714214304,0.31374559991273526,20,2,0.0030673655600854666,1.009,70.3,B,0.29151483602290473,5.849298671209848,0.3916074390661905,20,5,0,0.2871287128712871,0.2901960784313726,0.9118414188836724,0.0881585811163276,0.0,0.27050359712230215,0.24691358024691357,0.2900552486187845,0.26510574018126887,0.275,213,0.3076923076923077,168,False,False,0.6162199476870787,-0.048895156940619744,3.7083333333333335,3.96875,96,0.2000902165752619,0.22627505955936256,-0.026184842984100648,0.4229363254651557,0.4581377443340405,-0.03520141886888478,-0.07748650906412063,20,AVOID,2.2,0.96,123.0,9,6,145,25,0,0,0,21,SP,21,489,93,23.3,10.61,1.83,6.8,0.88,23.751085617009434
516782,Starling Marte,R,KC,4,Tarik Skubal,L,669373,824248,KC @ DET,3:40 PM,24/07,Pre-Game,0.5673247907464589,,,,False,0110110111,live,0,0,0.0,0.22734544105134968,0.3568639624977771,0.4244837369861688,0.3658152857529962,20,2,0.021028037383177545,1.004,89.1,A,0.3191489361702128,9.212093260691233,0.2926652344798742,13,6,0,0.27102803738317754,0.25,0.5630323679727428,0.1797274275979557,0.2572402044293015,0.2737819025522042,0.22660098522167488,0.21794871794871795,0.25,0.296875,71,0.23636363636363636,62,False,False,0.6321093948885458,-0.06478460414208687,2.7674418604651163,3.0930232558139537,43,0.1898031125541153,0.22962372274266477,-0.03982061018854946,0.41236257910728424,0.4674513651311562,-0.05508878602387196,0.2157376550879812,20,AVOID,2.83,0.93,82.2,6,5,98,11,0,0,0,14,SP,14,321,66,22.9,10.67,1.2,7.19,1.09,22.86699578209267
571970,Max Muncy,L,LAD,5,Sean Manaea,L,640455,823601,LAD @ NYM,4:10 PM,24/07,Pre-Game,0.5595396894388391,,,,False,0100101111,estimated,0,0,0.0,0.2303484834974609,0.29319345504715405,0.33847261185678257,0.3146073350491352,20,2,-0.02385069894797523,0.949,52.9,C,0.2634146341463415,3.4506543147396407,0.42825429205097965,20,6,0,0.24074074074074073,0.26459143968871596,0.640418118466899,0.32125435540069686,0.03832752613240418,0.2807570977917981,0.2505938242280285,0.2638623326959847,0.2657463330457291,0.2988505747126437,196,0.2116788321167883,159,False,False,0.5859658288196995,-0.02642613938086036,3.3440860215053765,3.817204301075269,93,0.17844163447289316,0.20165988038529412,-0.02321824591240096,0.41236257910728424,0.4265717320001959,-0.014209152892911636,0.14959337375448897,20,AVOID,4.74,1.36,79.2,2,5,81,26,0,0,0,7,RP,21,353,82,16.8,9.15,2.94,9.26,1.36,19.0147093031636
681082,Bryson Stott,L,PHI,6,Cam Schlittler,R,693645,823434,NYY @ PHI,3:45 PM,24/07,Pre-Game,0.5549305853984037,,,,False,1011011111,live,0,0,0.0,0.295328586398438,0.3842081472633316,0.3470584153217396,0.3820616899137687,20,2,-0.045147420147420125,1.009,70.3,B,0.29151483602290473,5.849298671209848,0.3916074390661905,20,5,0,0.28378378378378377,0.23863636363636365,0.9118414188836724,0.0881585811163276,0.0,0.2220795892169448,0.24303405572755418,0.22074468085106383,0.22625482625482626,0.22527472527472528,200,0.27564102564102566,171,False,False,0.58930175629017,-0.034371170891766334,3.5208333333333335,3.8645833333333335,96,0.18628185172918163,0.21070159934866506,-0.02441974761948343,0.4012896603636255,0.43281932514909144,-0.03152966478546593,0.289193683540645,20,AVOID,2.2,0.96,123.0,9,6,145,25,0,0,0,21,SP,21,489,93,23.3,10.61,1.83,6.8,0.88,23.751085617009434
664774,Lamonte Wade,L,HOU,6,Davis Martin,R,663436,824573,HOU @ CWS,4:40 PM,24/07,Pre-Game,0.553874978840687,,,,False,0111000000,estimated,0,0,0.0,0.11330066993730428,0.26028743154755934,0.2483049335456762,0.1506492542152275,16,2,0.03214285714285714,0.968,39.8,D,0.2771867612293144,2.2116298732787034,0.425294931285825,19,6,0,0.14285714285714285,0.175,0.5807228915662651,0.27590361445783135,0.14337349397590363,0.1956521739130435,0.15384615384615385,0.08064516129032258,0.165,0.1724137931034483,35,0.16666666666666666,21,False,False,0.5481342537933729,0.005740725047314155,2.9375,3.5,16,0.1812416772958334,0.18345350328162582,-0.0022118259857924205,0.42387122462905963,0.4097666250448136,0.014104599584246036,-0.26859044805903504,16,NEUTRAL,3.31,1.27,106.0,9,5,97,33,0,0,0,19,SP,19,440,102,23.2,8.24,2.8,8.66,0.51,22.74686482892968
669394,Jake Burger,R,TEX,4,Bryce Miller,R,682243,822872,SEA @ TEX,5:05 PM,24/07,Scheduled,0.5514764306100488,,,,False,1100011110,estimated,0,0,0.0,0.15641695124742402,0.29891535310955103,0.41718074729241367,0.21012829899446897,20,2,0.007276255154014061,0.964,92.0,A,0.2921225382932166,8.07603377289085,0.29258091856452323,11,7,0,0.22580645161290322,0.23308270676691728,0.5340659340659341,0.22527472527472528,0.24065934065934066,0.18953752843062927,0.20478468899521532,0.21476510067114093,0.19672131147540983,0.2,241,0.2805755395683453,153,False,False,0.6205710485155884,-0.06909461790553961,3.7010309278350517,4.061855670103093,97,0.17588540931679586,0.21380741942285697,-0.03792201010606111,0.3853486532376735,0.45416111222155786,-0.06881245898388438,-0.05126510669751197,20,AVOID,2.27,0.88,63.1,4,4,71,10,0,0,0,10,SP,11,241,46,21.9,10.09,1.42,6.54,1.28,22.376052650560982
664023,Ian Happ,L,CHC,5,Jared Jones,R,683003,823352,CHC @ PIT,3:40 PM,24/07,Pre-Game,0.5514764306100488,,,,False,1110100111,estimated,0,0,0.0,0.23254295467940417,0.2981621479650988,0.3161390093707551,0.3766369294194426,20,2,-0.01357323232323232,1.013,83.2,A,0.3010752688172043,4.174160660937254,0.3706650157622069,9,6,0,0.23232323232323232,0.21875,0.4500768049155146,0.402457757296467,0.14746543778801843,0.20550705171255876,0.22972972972972974,0.18980169971671387,0.20915712799167535,0.22277227722772278,240,0.2222222222222222,180,False,False,0.5687303837348497,-0.017253953124800936,3.6979166666666665,4.375,96,0.16679178799637662,0.19264710937328444,-0.025855321376907825,0.3994254810941202,0.42199311439281034,-0.02256763329869016,-0.00812191827170782,20,AVOID,4.05,1.1,40.0,2,1,48,12,0,0,0,9,SP,9,163,32,18.1,10.8,2.7,7.2,1.13,18.097432256813946
683011,Anthony Volpe,R,NYY,6,Jesús Luzardo,L,666200,823434,NYY @ PHI,3:45 PM,24/07,Pre-Game,0.5514764306100488,,,,False,1001110011,live,0,0,0.0,0.22660242423845006,0.2626740497069926,0.25951337570422256,0.32112782771336956,20,2,0.006756756756756743,1.009,97.7,A,0.328141225337487,3.755156223120487,0.32204767539330587,20,6,0,0.25,0.24324324324324326,0.4273104880581516,0.37435098650051923,0.19833852544132918,0.1954225352112676,0.21254355400696864,0.24074074074074073,0.20536635706914344,0.22972972972972974,80,0.2638888888888889,87,False,False,0.5737698298552768,-0.022293399245227996,3.106382978723404,3.5531914893617023,47,0.1555977535013419,0.18424344098855952,-0.02864568748721763,0.37436932229357794,0.4141764951152153,-0.03980717282163737,0.0002775762480861265,20,AVOID,3.43,1.21,115.1,9,4,143,37,0,0,0,20,SP,20,483,102,24.1,11.16,2.89,7.96,0.78,24.22056566828684
669134,Luis Campusano,R,SD,6,Ryan Gusto,R,687473,823843,SD @ MIA,4:10 PM,24/07,Pre-Game,0.5481342537933729,,,,False,1101001010,live,0,0,0.0,0.22845447741318758,0.300855723846148,0.3423517570866672,0.2786951098604536,20,2,0.012987012987012991,1.0,65.4,B,0.27111984282907664,4.326567864239675,0.40634876528657576,11,3,0,0.2727272727272727,0.2857142857142857,0.5284872298624754,0.28094302554027506,0.1905697445972495,0.2900763358778626,0.2074468085106383,0.3333333333333333,0.2682926829268293,0.2826086956521739,57,0.2857142857142857,39,False,False,0.5481342537933729,0.0,2.6129032258064515,3.096774193548387,31,0.1799886772397885,0.18946124142966245,-0.009472564189873939,0.4015444587556954,0.4112258478406154,-0.00968138908492,-0.14282886866761996,20,AVOID,4.7,1.37,30.2,0,2,27,10,0,0,0,6,SP,11,138,32,12.5,7.92,2.93,9.39,0.88,12.380052528849424
681807,David Fry,R,CLE,5,Shane Mcclanahan,L,663556,822952,CLE @ TB,4:10 PM,24/07,Pre-Game,0.5481342537933729,,,,False,1000000000,live,0,0,0.0,0.08964652430376628,0.1766163021132815,0.40069892616719244,0.15130432150234369,20,3,-0.10767872903795231,0.96,60.3,C,0.2950245269796776,2.8234753284578886,0.4166912458575066,18,5,0,0.1650485436893204,0.2727272727272727,0.37421163279607567,0.3328661527680449,0.29292221443587946,0.2245557350565428,0.17737789203084833,0.18421052631578946,0.2021630615640599,0.2236842105263158,88,0.15,70,False,False,0.5567004719187704,-0.008566218125397485,2.0923076923076924,2.4307692307692306,65,0.1644758419115223,0.17141473679935218,-0.006938894887829866,0.3947129267155078,0.4285603804827336,-0.03384745376722581,-0.32387887865797643,20,NEUTRAL,3.16,1.15,91.0,8,6,85,31,0,0,0,18,SP,18,378,74,21.0,8.41,3.07,7.32,0.69,21.358039574615358
683953,Travis Bazzana,L,CLE,6,Shane Mcclanahan,L,663556,822952,CLE @ TB,4:10 PM,24/07,Pre-Game,0.5372904006494655,,,,False,0101101100,live,0,0,0.0,0.2102807118269641,0.28707765911517225,0.30670854533155917,0.3055717516100932,20,1,0.04129705106689044,0.96,60.3,C,0.2950245269796776,2.8234753284578886,0.4166912458575066,18,5,0,0.26804123711340205,0.22674418604651161,0.37421163279607567,0.3328661527680449,0.29292221443587946,0.2225020990764064,0.27015558698727016,0.22865013774104684,0.23775915306572562,0.25333333333333335,174,0.226890756302521,140,True,False,0.5552393461536246,-0.017948945504159042,3.736111111111111,4.361111111111111,72,0.16816121556627087,0.18345350328162582,-0.015292287715354957,0.3698265527501035,0.40936166857110995,-0.03953511582100644,-0.06650649254680831,20,NEUTRAL,3.16,1.15,91.0,8,6,85,31,0,0,0,18,SP,18,378,74,21.0,8.41,3.07,7.32,0.69,21.358039574615358
677649,Ezequiel Duran,R,TEX,5,Bryce Miller,R,682243,822872,SEA @ TEX,5:05 PM,24/07,Scheduled,0.5251405909057905,,,,False,1110010111,estimated,0,0,0.0,0.2483654658120018,0.33362275054027035,0.3055610006443133,0.3808649433395639,20,2,-0.09585058150995465,0.964,92.0,A,0.2921225382932166,8.07603377289085,0.29258091856452323,11,7,0,0.33707865168539325,0.2412280701754386,0.5340659340659341,0.22527472527472528,0.24065934065934066,0.2412280701754386,0.24535315985130113,0.23228346456692914,0.24098360655737705,0.24867724867724866,209,0.296875,140,False,False,0.5859658288196995,-0.060825237913909036,3.522222222222222,3.8777777777777778,90,0.14664304043083332,0.198898266718469,-0.05225522628763568,0.3550981770402157,0.4259124902395863,-0.07081431319937065,0.05892310302150492,20,AVOID,2.27,0.88,63.1,4,4,71,10,0,0,0,10,SP,11,241,46,21.9,10.09,1.42,6.54,1.28,22.376052650560982
694497,Evan Carter,L,TEX,6,Bryce Miller,R,682243,822872,SEA @ TEX,5:05 PM,24/07,Scheduled,0.5235939888908792,,,,False,0001101010,estimated,0,0,0.0,0.21702119193936129,0.2656600159027761,0.3976363209048742,0.30496170153243424,20,3,-0.21614349775784755,0.964,92.0,A,0.2921225382932166,8.07603377289085,0.29258091856452323,11,7,0,0.4,0.18385650224215247,0.5340659340659341,0.22527472527472528,0.24065934065934066,0.21240799158780233,0.1496881496881497,0.15853658536585366,0.18580715059588299,0.2196969696969697,156,0.15841584158415842,121,False,False,0.5810530512157025,-0.05745906232482334,2.841463414634146,3.3780487804878048,82,0.1555977535013419,0.1940722358290692,-0.03847448232772732,0.3612799020324002,0.42715151797904,-0.06587161594663982,-0.06369037594426478,20,AVOID,2.27,0.88,63.1,4,4,71,10,0,0,0,10,SP,11,241,46,21.9,10.09,1.42,6.54,1.28,22.376052650560982
691594,Javier Sanoja,R,MIA,8,Germán Márquez,R,608566,823843,SD @ MIA,4:10 PM,24/07,Pre-Game,0.48433655004928405,,,,False,1001110111,live,0,0,0.0,0.3118271575655214,0.29465335048868424,0.3231408668413118,0.31765988089631864,20,2,0.012836438923395421,1.0,27.8,F,0.23596938775510204,1.2413523009612508,0.45118566328088383,10,5,0,0.26666666666666666,0.2795031055900621,0.5146871008939975,0.454661558109834,0.03065134099616858,0.25780189959294436,0.268389662027833,0.2848101265822785,0.2644746247319514,0.2890625,134,0.2601626016260163,133,False,False,0.4890537792373421,-0.004717229188058059,3.25974025974026,3.4675324675324677,77,0.10790285021325863,0.10592504784210414,0.001977802371154483,0.3292510791417016,0.31760669442309947,0.01164438471860213,0.21016286099547324,20,STRONG,5.24,1.54,44.2,4,2,30,22,0,0,0,9,SP,10,199,47,19.9,6.04,4.43,9.47,2.22,19.871752310130912
664702,Myles Straw,R,TOR,9,Patrick Sandoval,L,663776,824733,TOR @ BOS,4:15 PM,24/07,Pre-Game,0.4809448012878428,,,,False,0010000100,live,0,0,0.0,0.12033560388192184,0.23610639578534576,0.2480250415295251,0.13275724759129157,20,1,0.027272727272727254,1.063,63.7,C,0.2978723404255319,,,2,6,0,0.22727272727272727,0.2,0.3475177304964539,0.425531914893617,0.22695035460992907,0.21314102564102563,0.19434628975265017,0.13636363636363635,0.19960668633235004,0.23376623376623376,84,0.20481927710843373,95,False,False,0.46150658525697813,0.019438216030864652,2.1052631578947367,2.3552631578947367,76,0.12119341753883635,0.10721006658802641,0.013983350950809936,0.33014471934451994,0.31145615488178047,0.018688564462739476,-0.29350345503119446,20,NEUTRAL,4.82,1.71,9.1,0,0,10,2,0,0,0,2,SP,2,42,14,21.0,9.64,1.93,13.5,0.96,
649966,Luis Urías,R,TOR,8,Patrick Sandoval,L,663776,824733,TOR @ BOS,4:15 PM,24/07,Pre-Game,0.4783119316179414,,,,False,1100011000,live,0,0,0.0,0.21368119207690123,0.23943513234888872,0.25033578738355505,0.30348221082037324,14,1,-0.07777777777777778,1.063,63.7,C,0.2978723404255319,,,2,6,0,0.2,0.2777777777777778,0.3475177304964539,0.425531914893617,0.22695035460992907,0.28125,0.2786885245901639,0.2727272727272727,0.27932960893854747,0.3333333333333333,18,0.16666666666666666,18,False,False,0.4323329081083929,0.04597902350954847,2.357142857142857,2.5714285714285716,14,0.10470521347717154,0.10328276054854764,0.0014224529286239046,0.34899088386643556,0.3024340128036966,0.04655687106273898,-0.05001651527842766,14,NEUTRAL,4.82,1.71,9.1,0,0,10,2,0,0,0,2,SP,2,42,14,21.0,9.64,1.93,13.5,0.96,
675961,Alika Williams,R,ATH,8,Zebby Matthews,R,805673,823680,ATH @ MIN,5:10 PM,24/07,Scheduled,0.4684762183873574,,,,False,1000001010,estimated,0,0,0.0,0.21990831763744825,0.31700731748356353,0.23483593747442866,0.310035774584239,20,2,0.005769230769230804,1.022,45.2,D,0.2765765765765766,2.42370339996562,0.41098075812786133,12,5,0,0.2692307692307692,0.275,0.5342342342342342,0.34144144144144145,0.12432432432432433,0.3871951219512195,0.2893401015228426,0.3008849557522124,0.34316770186335405,0.4,51,0.11904761904761904,47,False,False,0.44236592172141015,0.026110296665947275,2.787878787878788,2.9696969696969697,33,0.14274272990447526,0.1254051943298896,0.017337535574585644,0.3153731754116251,0.3105000075964345,0.004873167815190593,-0.09285196789242381,20,NEUTRAL,5.4,1.34,70.0,4,7,58,21,0,0,0,12,SP,12,297,73,24.8,7.46,2.7,9.39,1.93,24.631374132219598
644433,Chadwick Tromp,R,BAL,9,Grant Holmes,R,656550,824812,ATL @ BAL,4:05 PM,24/07,Pre-Game,0.4575123225219218,,,,False,0100000100,live,0,0,0.0,0.1569665704181971,0.21879809187428545,0.39988023068903694,0.21672155825600584,15,2,-0.1948529411764706,1.044,44.3,D,0.2749003984063745,1.922125837499476,0.4362304267059578,19,5,0,0.3125,0.11764705882352941,0.5043246839654025,0.4411177644710579,0.054557551563539586,0.1774193548387097,0.20634920634920634,0.18181818181818182,0.18660287081339713,0.16666666666666666,14,0.23809523809523808,21,False,False,0.4366990628810517,0.020813259640870108,2.2,2.3333333333333335,15,0.10625220315129429,0.10503236878636169,0.001219834364932601,0.32527155152932935,0.3024189352953004,0.022852616234028955,-0.22629841834774542,15,NEUTRAL,3.7,1.34,92.1,6,4,78,41,0,0,0,18,SP,19,400,83,21.1,7.6,4.0,8.09,1.46,20.65975629059625
823550,Sung Mun Song,L,SD,9,Ryan Gusto,R,687473,823843,SD @ MIA,4:10 PM,24/07,Pre-Game,0.4554091343819155,,,,False,0101001000,live,0,0,0.0,0.23551047678818932,0.18744221093589977,0.30291880786815395,0.26702264875600745,20,1,0.0,1.0,65.4,B,0.27111984282907664,4.326567864239675,0.40634876528657576,11,3,0,,0.22826086956521738,0.5284872298624754,0.28094302554027506,0.1905697445972495,0.1830601092896175,0.16129032258064516,0.15584415584415584,0.19170984455958548,0.18181818181818182,54,0.2653061224489796,53,True,False,0.43511981914461123,0.020289315237304262,2.4473684210526314,2.8157894736842106,38,0.1012316623667488,0.09423373837031213,0.006997923996436672,0.29981177016317834,0.29077455057669827,0.009037219586480072,-0.17648043753215803,20,AVOID,4.7,1.37,30.2,0,2,27,10,0,0,0,6,SP,11,138,32,12.5,7.92,2.93,9.39,0.88,12.380052528849424
662139,Daulton Varsho,L,TOR,7,Patrick Sandoval,L,663776,824733,TOR @ BOS,4:15 PM,24/07,Pre-Game,0.4554091343819155,,,,False,1001011110,live,0,0,0.0,0.148399586757652,0.22973001822829134,0.3012332275682992,0.17853615110183352,20,2,-0.09338407494145198,1.063,63.7,C,0.2978723404255319,,,2,6,0,0.16071428571428573,0.2540983606557377,0.3475177304964539,0.425531914893617,0.22695035460992907,0.2517428350116189,0.22510822510822512,0.21235521235521235,0.23953695458593055,0.23295454545454544,195,0.24193548387096775,135,False,False,0.4441219713440598,0.011287163037855708,3.5714285714285716,3.9285714285714284,84,0.10528100361350506,0.09661199186130111,0.008669011752203956,0.3356976925372506,0.2924247739389499,0.043272918598300736,-0.07853053031646652,20,NEUTRAL,4.82,1.71,9.1,0,0,10,2,0,0,0,2,SP,2,42,14,21.0,9.64,1.93,13.5,0.96,
683083,Nasim Nuñez,L,WSH,9,Eduardo Rodríguez,L,593958,822707,AZ @ WSH,3:45 PM,24/07,Pre-Game,0.4537083593230542,,,,False,1000101111,live,1,0,0.0,0.2612575675216895,0.2901348107615253,0.22618316076657477,0.34063910619111787,20,2,0.02525252525252522,1.04,41.7,D,0.25592672413793105,1.9734364583454136,0.389618639072952,20,5,0,0.2727272727272727,0.2474747474747475,0.6032345013477088,0.12776280323450134,0.26900269541778976,0.25,0.23237597911227154,0.28362573099415206,0.2534351145038168,0.2565789473684211,174,0.2537313432835821,152,False,False,0.44241271944741073,0.01129563987564347,3.25,3.7045454545454546,88,0.10528100361350506,0.10399598486758278,0.0012850187459222812,0.29077455057669827,0.29077455057669827,0.0,-0.07717669967327483,20,NEUTRAL,2.62,1.22,116.2,8,3,82,41,0,0,0,20,SP,20,478,101,23.9,6.33,3.16,7.79,0.93,23.602139298625215
687551,Drew Gilbert,L,SF,8,Grayson Rodriguez,R,680570,823196,LAA @ SF,7:15 PM,24/07,Scheduled,0.4523277881955465,,,,False,0011101010,estimated,0,0,0.0,0.16788496357530802,0.3102988120474382,0.34254169710607424,0.2108514902102059,20,2,0.00409356725146201,0.994,15.0,F,0.25263157894736843,1.5320617742551916,0.5608605773159377,8,6,0,0.2222222222222222,0.22631578947368422,0.5363636363636364,0.23333333333333334,0.23030303030303031,0.22585227272727273,0.21899736147757257,0.2616822429906542,0.22870299309286263,0.23,112,0.2222222222222222,124,False,False,0.4554091343819155,-0.003081346186369016,2.7012987012987013,3.064935064935065,77,0.10592504784210414,0.10303412572140426,0.0028909221206998847,0.3356976925372506,0.3024340128036966,0.03326367973355404,-0.11049209565479758,20,STRONG,8.23,1.77,35.0,3,3,27,17,0,0,0,8,SP,8,168,45,21.0,6.94,4.37,11.57,1.29,21.077866537795906
645302,Víctor Robles,R,SEA,8,Mackenzie Gore,L,669022,822872,SEA @ TEX,5:05 PM,24/07,Scheduled,0.4523277881955465,,,,False,1000010011,estimated,0,0,0.0,0.22580298008508687,0.31292427261526923,0.11160388758758363,0.26957122528868077,20,3,0.09232954545454547,0.964,52.6,C,0.27050053248136313,3.073872405881046,0.436639953314386,20,6,0,0.29545454545454547,0.203125,0.5897709110282365,0.3036760788492275,0.10655301012253596,0.18786127167630057,0.25316455696202533,0.1978021978021978,0.21216617210682492,0.22580645161290322,69,0.2608695652173913,48,False,False,0.4584252390706091,-0.006097450875062638,2.918918918918919,3.1621621621621623,37,0.10592504784210414,0.10918786895918091,-0.003262821117076764,0.2837320266256585,0.3153731754116251,-0.03164114878596658,-0.0339275341618417,20,NEUTRAL,4.8,1.28,110.2,6,8,122,42,0,0,0,21,SP,21,475,100,22.6,9.92,3.42,8.13,1.14,22.957347626802928
663743,Nick Fortes,R,TB,9,Joey Cantillo,L,676282,822952,CLE @ TB,4:10 PM,24/07,Pre-Game,0.4523277881955465,,,,False,0111001111,live,0,0,0.0,0.29781468970835195,0.2531137764077765,0.22482050661655706,0.3594750300054195,20,2,0.0024306428631297172,0.96,65.7,B,0.31442731277533037,2.157123391317504,0.37025356747150623,20,5,0,0.2601626016260163,0.25773195876288657,0.40573318632855565,0.324696802646086,0.2695700110253583,0.27520435967302453,0.24010554089709762,0.2708333333333333,0.26582278481012656,0.24324324324324326,118,0.27522935779816515,119,False,False,0.4584252390706091,-0.006097450875062638,3.0136986301369864,3.2465753424657535,73,0.10599023222309382,0.10721006658802641,-0.0012198343649325871,0.28334146828870604,0.3189515653374893,-0.03561009704878326,0.1373388824746829,20,AVOID,3.74,1.42,106.0,8,5,112,52,0,0,0,21,SP,21,455,99,21.7,9.51,4.42,8.41,1.02,22.365329509590445
671277,Luis García,L,WSH,8,Eduardo Rodríguez,L,593958,822707,AZ @ WSH,3:45 PM,24/07,Pre-Game,0.4514148716468592,,,,False,1101000111,live,0,0,0.0,0.2609133220283976,0.35881484853633644,0.3665217096249004,0.30659387083784584,20,2,-0.12141280353200881,1.04,41.7,D,0.25592672413793105,1.9734364583454136,0.389618639072952,20,5,0,0.16666666666666666,0.28807947019867547,0.6032345013477088,0.12776280323450134,0.26900269541778976,0.22192749778956675,0.23973509933774834,0.2550335570469799,0.23553054662379422,0.25925925925925924,198,0.31297709923664124,138,False,False,0.44241271944741073,0.009002152199448443,3.404255319148936,3.574468085106383,94,0.1037473500404394,0.10232489711181551,0.0014224529286238907,0.2965888257102394,0.2924247739389499,0.004164051771289534,-0.0033217476406299435,20,NEUTRAL,2.62,1.22,116.2,8,3,82,41,0,0,0,20,SP,20,478,101,23.9,6.33,3.16,7.79,0.93,23.602139298625215
701675,Nathan Church,L,STL,7,Rhett Lowder,R,695076,823031,CIN @ STL,5:15 PM,24/07,Scheduled,0.4514148716468592,,,,False,0000001001,estimated,0,0,0.0,0.11157196148976331,0.23266947863446127,0.28142624738252686,0.12672867128208137,20,1,0.01926406926406926,1.031,32.0,F,0.26895450917797287,1.4505572842246437,0.41421052141985326,17,6,0,0.20454545454545456,0.22380952380952382,0.5184294871794872,0.27564102564102566,0.20592948717948717,0.24814422057264052,0.20863309352517986,0.2610062893081761,0.24049881235154394,0.2868217054263566,139,0.152,133,False,False,0.4250400078055934,0.02637486384126575,3.2151898734177213,3.4430379746835444,79,0.09828307961706839,0.09756985529803325,0.0007132243190351439,0.3287998484301301,0.32857997973200054,0.0002198686981295661,-0.26169368028840323,20,STRONG,5.75,1.64,72.0,3,7,61,35,0,0,0,14,SP,17,335,83,19.7,7.63,4.38,10.38,1.13,18.755699700562946
687952,Christian Encarnacion-Strand,R,BAL,8,Grant Holmes,R,656550,824812,ATL @ BAL,4:05 PM,24/07,Pre-Game,0.4514148716468592,,,,False,1101,live,0,0,0.0,,,,,4,2,-0.2545454545454545,1.044,44.3,D,0.2749003984063745,1.922125837499476,0.4362304267059578,19,5,0,0.45454545454545453,0.2,0.5043246839654025,0.4411177644710579,0.054557551563539586,0.4626865671641791,0.2727272727272727,0.75,0.47706422018348627,0.5555555555555556,9,0.14285714285714285,8,False,False,0.4250400078055934,0.02637486384126575,4.0,4.25,4,0.104967184405372,0.10232489711181551,0.0026422872935564917,0.29077455057669827,0.29077455057669827,0.0,,4,NEUTRAL,3.7,1.34,92.1,6,4,78,41,0,0,0,18,SP,19,400,83,21.1,7.6,4.0,8.09,1.46,20.65975629059625
695490,Edwin Arroyo,L,CIN,8,Dustin May,R,669160,823031,CIN @ STL,5:15 PM,24/07,Scheduled,0.448808685506739,,,,False,1010101111,estimated,0,0,0.0,0.3084827792333322,0.4069820443859907,0.2929613083036187,0.40032587073436393,20,2,0.06966292134831459,1.031,43.5,D,0.2837413684871312,2.5564172610198006,0.43529925140412973,19,6,0,0.2,0.2696629213483146,0.6712759270898806,0.26147077309868005,0.06725329981143935,0.1945288753799392,0.20187793427230047,0.2781954887218045,0.21333333333333335,0.2727272727272727,70,0.22916666666666666,54,True,False,0.43624855060617856,0.01256013490056046,3.257142857142857,3.5428571428571427,35,0.11876181816368582,0.10599023222309382,0.012771585940591995,0.31265514753246065,0.31265514753246065,0.0,0.14293123907462546,20,NEUTRAL,4.78,1.32,98.0,5,7,95,32,0,0,0,19,SP,19,414,97,21.8,8.72,2.94,8.91,0.64,21.42064541746382
595978,Austin Hedges,R,CLE,8,Shane Mcclanahan,L,663556,822952,CLE @ TB,4:10 PM,24/07,Pre-Game,0.446406982182467,,,,False,0111111100,live,0,0,0.0,0.2908464456938482,0.2976695470534028,0.31660568700969954,0.3881981689735544,20,3,-0.009398496240601462,0.96,60.3,C,0.2950245269796776,2.8234753284578886,0.4166912458575066,18,5,0,0.27631578947368424,0.2857142857142857,0.37421163279607567,0.3328661527680449,0.29292221443587946,0.28252032520325204,0.29277566539923955,0.3508771929824561,0.29064039408866993,0.3188405797101449,80,0.23809523809523808,72,False,False,0.4584252390706091,-0.01201825688814212,2.933333333333333,3.3777777777777778,45,0.09822329452151961,0.10425396008633686,-0.006030665564817253,0.2849293634832411,0.3185003346259178,-0.03357097114267671,0.15407600645173342,20,NEUTRAL,3.16,1.15,91.0,8,6,85,31,0,0,0,18,SP,18,378,74,21.0,8.41,3.07,7.32,0.69,21.358039574615358
656716,Zach Mckinstry,L,DET,7,Beck Way,R,694360,824248,KC @ DET,3:40 PM,24/07,Pre-Game,0.4441219713440598,,,,False,0010100011,live,0,0,0.0,0.20679809151332937,0.3164381175758856,0.21943624761024103,0.23903255574631863,20,1,0.05882352941176469,1.004,70.6,B,0.3131868131868132,2.52512476983379,0.41545716190179866,18,5,0,0.14705882352941177,0.20588235294117646,0.804945054945055,0.16758241758241757,0.027472527472527472,0.20809248554913296,0.16489361702127658,0.20987654320987653,0.19905850706119704,0.22764227642276422,137,0.16521739130434782,134,False,True,0.4441219713440598,0.0,3.1315789473684212,3.5657894736842106,76,0.09756985529803325,0.10328276054854764,-0.005712905250514391,0.29981177016317834,0.29981177016317834,0.0,-0.2934081071592066,20,AVOID,3.22,1.52,22.1,1,0,21,10,0,0,0,0,RP,18,98,24,5.4,8.46,4.03,9.67,1.61,5.267524673940676
810938,Ben Williamson,R,TB,8,Joey Cantillo,L,676282,822952,CLE @ TB,4:10 PM,24/07,Pre-Game,0.44241271944741073,,,,False,0011100100,live,0,0,0.0,0.21735945992798775,0.2693883507868531,0.1574076385998792,0.25615753391487006,20,1,-0.11642156862745096,0.96,65.7,B,0.31442731277533037,2.157123391317504,0.37025356747150623,20,5,0,0.1875,0.30392156862745096,0.40573318632855565,0.324696802646086,0.2695700110253583,0.25518925518925517,0.2531017369727047,0.2014388489208633,0.24798829553767374,0.25225225225225223,118,0.23300970873786409,119,False,False,0.4523277881955465,-0.009915068748135747,3.057142857142857,3.3857142857142857,70,0.104967184405372,0.10918786895918091,-0.004220684553808904,0.2849293634832411,0.3185003346259178,-0.03357097114267671,-0.0471839287033904,20,AVOID,3.74,1.42,106.0,8,5,112,52,0,0,0,21,SP,21,455,99,21.7,9.51,4.42,8.41,1.02,22.365329509590445
663698,Joey Bart,R,ATL,8,Trevor Rogers,L,669432,824812,ATL @ BAL,4:05 PM,24/07,Pre-Game,0.4413350603078414,,,,False,1001000010,live,0,0,0.0,0.13248695932500038,0.24838955334338358,0.22879365385742637,0.2181029908141585,20,3,-0.22854433380749173,1.044,48.0,D,0.27410832232496696,2.396417192355003,0.4276066504791396,17,6,0,0.12280701754385964,0.35135135135135137,0.6549900859220092,0.12491738268341045,0.2200925313945803,0.16071428571428573,0.18354430379746836,0.18181818181818182,0.1729200652528548,0.21153846153846154,57,0.21428571428571427,48,False,False,0.4189226366903618,0.022412423617479638,2.6857142857142855,3.0,35,0.10328276054854764,0.0925103892710052,0.010772371277542436,0.2849293634832411,0.2849293634832411,0.0,-0.2923362328220852,20,NEUTRAL,4.28,1.3,96.2,6,7,77,32,0,0,0,18,SP,18,409,94,22.7,7.17,2.98,8.75,0.93,22.866403731574366
665877,José Fermín,R,STL,8,Rhett Lowder,R,695076,823031,CIN @ STL,5:15 PM,24/07,Scheduled,0.4413350603078414,,,,False,1001101001,estimated,2,0,0.0,0.2160520429983075,0.2378426324485274,0.29634339047358005,0.22188784328970287,20,1,-0.025572405590246816,1.031,32.0,F,0.26895450917797287,1.4505572842246437,0.41421052141985326,17,6,0,0.2711864406779661,0.24561403508771928,0.5184294871794872,0.27564102564102566,0.20592948717948717,0.2755498059508409,0.27900552486187846,0.3219178082191781,0.2818110850897736,0.27058823529411763,92,0.25555555555555554,103,False,False,0.4323329081083929,0.009002152199448499,2.6923076923076925,3.0,65,0.10232489711181551,0.09822329452151961,0.004101602590295905,0.2849293634832411,0.2849293634832411,0.0,-0.027593243379500275,20,STRONG,5.75,1.64,72.0,3,7,61,35,0,0,0,14,SP,17,335,83,19.7,7.63,4.38,10.38,1.13,18.755699700562946
668952,Ryan Kreidler,R,MIN,9,Jacob Lopez,L,682052,823680,ATH @ MIN,5:10 PM,24/07,Scheduled,0.43840831477770076,,,,False,0011010000,estimated,0,0,0.0,0.13950715806826725,0.32267878680756384,0.4688446123358269,0.15360190286514724,20,1,0.03833125334284185,1.022,59.7,C,0.2583479789103691,1.6721235992462553,0.32177937732309503,15,5,0,0.2535211267605634,0.21518987341772153,0.5892700087950747,0.31926121372031663,0.09146877748460862,0.19198312236286919,0.20116618075801748,0.2037037037037037,0.19654427645788336,0.24,82,0.22666666666666666,81,False,False,0.39265882000418334,0.04574949477351742,2.6785714285714284,2.9107142857142856,56,0.11090366579652554,0.09994664362082652,0.010957022175699022,0.33498157342231466,0.2849293634832411,0.050052209939073555,-0.1315771281855644,20,NEUTRAL,6.64,1.73,59.2,4,4,49,36,0,0,0,12,SP,15,281,67,18.7,7.39,5.43,10.11,1.66,17.762221091761436
645305,Ali Sánchez,R,NYY,9,Jesús Luzardo,L,666200,823434,NYY @ PHI,3:45 PM,24/07,Pre-Game,0.4366990628810517,,,,False,0100001001,live,0,0,0.0,0.1871969660213653,0.3506727656949943,0.16034782326837452,0.26427975154879996,17,2,0.26190476190476186,1.009,97.7,A,0.328141225337487,3.755156223120487,0.32204767539330587,20,6,0,0.3333333333333333,0.07142857142857142,0.4273104880581516,0.37435098650051923,0.19833852544132918,0.15286624203821655,0.2391304347826087,0.2571428571428571,0.18487394957983194,0.24,25,0.23076923076923078,16,False,False,0.4584252390706091,-0.02172617618955741,2.235294117647059,2.411764705882353,17,0.1037473500404394,0.10918786895918091,-0.005440518918741505,0.30602429796425706,0.32527155152932935,-0.019247253565072286,-0.07077851026570096,17,AVOID,3.43,1.21,115.1,9,4,143,37,0,0,0,20,SP,20,483,102,24.1,11.16,2.89,7.96,0.78,24.22056566828684
690984,Petey Halpin,L,CLE,9,Shane Mcclanahan,L,663556,822952,CLE @ TB,4:10 PM,24/07,Pre-Game,0.4294061625782522,,,,False,0011111010,live,0,0,0.0,0.22295579749860459,0.306567498343999,0.2272232001176123,0.3030858533682085,20,1,-0.15066354410616706,0.96,60.3,C,0.2950245269796776,2.8234753284578886,0.4166912458575066,18,5,0,0.09523809523809523,0.2459016393442623,0.37421163279607567,0.3328661527680449,0.29292221443587946,0.22900763358778625,0.1276595744680851,0.2631578947368421,0.20086393088552915,0.2777777777777778,39,0.15217391304347827,49,False,False,0.4584252390706091,-0.02901907649235691,2.5625,2.75,32,0.09661199186130111,0.1135394892927143,-0.016927497431413197,0.2742661093616459,0.33014471934451994,-0.05587860998287403,0.0474636889715236,20,NEUTRAL,3.16,1.15,91.0,8,6,85,31,0,0,0,18,SP,18,378,74,21.0,8.41,3.07,7.32,0.69,21.358039574615358
676609,José Caballero,R,NYY,8,Jesús Luzardo,L,666200,823434,NYY @ PHI,3:45 PM,24/07,Pre-Game,0.428333099144045,,,,False,0111010010,live,0,0,0.0,0.19845320927348234,0.25550264555924024,0.24172616521160964,0.2530631629638748,20,2,-0.0002049600327936052,1.009,97.7,A,0.328141225337487,3.755156223120487,0.32204767539330587,20,6,0,0.24369747899159663,0.24390243902439024,0.4273104880581516,0.37435098650051923,0.19833852544132918,0.2385496183206107,0.2230769230769231,0.205607476635514,0.23008849557522124,0.24113475177304963,158,0.24647887323943662,152,False,False,0.4413350603078414,-0.013001961163796427,3.3294117647058825,3.6470588235294117,85,0.08715496499762243,0.10328276054854764,-0.01612779555092521,0.30049076873168784,0.3105000075964345,-0.010009238864746639,-0.006042399574052247,20,AVOID,3.43,1.21,115.1,9,4,143,37,0,0,0,20,SP,20,483,102,24.1,11.16,2.89,7.96,0.78,24.22056566828684
694378,Jacob Gonzalez,L,PIT,9,Matt Boyd,L,571510,823352,CHC @ PIT,3:40 PM,24/07,Pre-Game,0.4250400078055934,,,,False,0000011110,estimated,0,0,0.0,0.22316372567820694,0.3481722702380406,0.33547503937124157,0.2761704689250174,20,2,-0.05806451612903224,1.013,61.5,C,0.2893081761006289,3.3190796236804734,0.41888009942679966,9,6,0,0.2,0.25806451612903225,0.45660377358490567,0.26163522012578616,0.28176100628930817,0.23057644110275688,0.2358974358974359,0.25190839694656486,0.23108108108108108,0.1896551724137931,63,0.3333333333333333,51,True,False,0.4523277881955465,-0.027287780389953054,2.7837837837837838,3.081081081081081,37,0.10303812143085066,0.10625220315129429,-0.003214081720443629,0.29077455057669827,0.32527155152932935,-0.034497000952631085,0.10615128750784744,20,NEUTRAL,4.15,1.21,52.0,6,1,51,14,0,0,0,10,SP,10,217,49,21.7,8.83,2.42,8.48,1.04,22.49352830043323
681351,Logan O'Hoppe,R,LAA,8,Logan Webb,R,657277,823196,LAA @ SF,7:15 PM,24/07,Scheduled,0.4250400078055934,,,,False,1100000100,estimated,0,0,0.0,0.1771623617084521,0.23977010724119122,0.22567064125505062,0.1949397095515513,20,3,-0.10202898550724637,0.994,63.8,C,0.27122015915119363,3.053365988730932,0.374765592955006,16,6,0,0.2753623188405797,0.17333333333333334,0.5510610079575596,0.19827586206896552,0.2506631299734748,0.1896551724137931,0.21748400852878466,0.18902439024390244,0.19894894894894896,0.23015873015873015,138,0.17204301075268819,103,False,False,0.44241271944741073,-0.017372711641817307,3.2686567164179103,3.5970149253731343,67,0.0925103892710052,0.10328276054854764,-0.010772371277542436,0.2774962811952489,0.306335955825145,-0.028839674629896117,-0.167238180860924,20,NEUTRAL,3.87,1.11,107.0,5,7,85,27,0,0,0,17,SP,17,438,92,25.8,7.15,2.27,7.74,0.76,25.85364991261
678662,Ezequiel Tovar,R,COL,9,Shane Drohan,L,675660,823759,COL @ MIL,1:10 PM,24/07,Pre-Game,0.42397399723179885,113.0,-108.0,47.0,False,0001000100,live,2,0,0.0,0.11768554022044125,0.24611530432271558,0.3467457846261413,0.13324796793680865,20,3,0.033405172413793094,0.97,87.1,A,0.30177514792899407,4.281831766077856,0.3550777422341642,20,6,0,0.21875,0.1853448275862069,0.6111580726965342,0.3440405748098056,0.044801352493660185,0.18045705279747834,0.16368638239339753,0.2237442922374429,0.18356409111210362,0.19680851063829788,203,0.19285714285714287,154,False,True,0.443325635996098,-0.01935163876429913,3.4893617021276597,3.797872340425532,94,0.09423373837031213,0.10625220315129429,-0.01201846478098216,0.3024189352953004,0.3024189352953004,0.0,-0.29566412911954326,20,AVOID,3.2,1.18,76.0,5,3,76,21,1,0,1,10,RP,20,317,69,15.8,9.0,2.49,8.17,0.71,18.11192467420871
666152,David Hamilton,L,MIL,9,Tomoyuki Sugano,R,608372,823759,COL @ MIL,1:10 PM,24/07,Pre-Game,0.4210401988412455,-117.0,127.0,54.0,False,0101001101,live,0,0,0.0,0.264496461041511,0.28515391307302773,0.3469607582754097,0.4378685672840396,20,18,0.016908212560386493,0.97,30.5,F,0.23493150684931507,2.3371584268391103,0.43635646076294976,17,6,0,0.2222222222222222,0.2391304347826087,0.5133836650652025,0.28208647906657514,0.20452985586822237,0.22506738544474394,0.1880108991825613,0.14414414414414414,0.20328849028400597,0.21100917431192662,124,0.26881720430107525,109,False,False,0.4189226366903618,0.0021175621508837117,2.9705882352941178,3.426470588235294,68,0.10303812143085066,0.09923341930179137,0.003804702129059284,0.2873357335015176,0.2800510624688693,0.007284671032648293,-0.051794058755095025,20,NEUTRAL,4.76,1.29,90.2,9,4,51,23,0,0,0,17,SP,17,382,94,22.5,5.06,2.28,9.33,1.79,22.73889829234107
682988,Tyler Locklear,R,AZ,7,Carson Palmquist,L,687223,822707,AZ @ WSH,3:45 PM,24/07,Pre-Game,0.4210401988412455,,,,False,1011,live,0,0,0.0,,,,,4,1,0.0,1.04,75.6,B,0.29767441860465116,3.2971131791898913,0.33907920685008613,7,3,0,,0.5,0.6046511627906976,0.3953488372093023,0.0,0.35185185185185186,0.4166666666666667,0.3333333333333333,0.37373737373737376,0.2857142857142857,7,0.5,8,False,False,0.40380464191699567,0.01723555692424983,3.25,3.75,4,0.09140496515797464,0.09661199186130111,-0.00520702670332647,0.31988925604735907,0.2849293634832411,0.03495989256411797,,4,AVOID,8.74,1.68,11.1,0,1,14,3,0,0,0,4,SP,7,54,16,7.7,11.12,2.38,12.71,0.79,7.699245498301718
643446,Jeff Mcneil,L,ATH,9,Zebby Matthews,R,805673,823680,ATH @ MIN,5:10 PM,24/07,Scheduled,0.4187971787690487,,,,False,0110010101,estimated,0,0,0.0,0.3062303511680778,0.3383268242412289,0.4666663863113668,0.32381925248027754,20,2,0.08439716312056736,1.022,45.2,D,0.2765765765765766,2.42370339996562,0.41098075812786133,12,5,0,0.16666666666666666,0.251063829787234,0.5342342342342342,0.34144144144144145,0.12432432432432433,0.22583826429980275,0.21782178217821782,0.2556818181818182,0.2299044406970208,0.25806451612903225,171,0.21311475409836064,136,False,False,0.42779933096849726,-0.009002152199448554,3.077777777777778,3.411111111111111,90,0.11978175709810819,0.10625220315129429,0.013529553946813905,0.30946311503943774,0.31988925604735907,-0.01042614100792133,0.0016995933485642433,20,NEUTRAL,5.4,1.34,70.0,4,7,58,21,0,0,0,12,SP,12,297,73,24.8,7.46,2.7,9.39,1.93,24.631374132219598
699393,Pedro Ramírez,L,CHC,7,Jared Jones,R,683003,823352,CHC @ PIT,3:40 PM,24/07,Pre-Game,0.4178842622203615,,,,False,0010001111,estimated,0,0,0.0,0.3190475512384861,0.2902699262643426,0.3682265218209914,0.3726659740702986,20,3,-0.016666666666666663,1.013,83.2,A,0.3010752688172043,4.174160660937254,0.3706650157622069,9,6,0,0.3,0.2833333333333333,0.4500768049155146,0.402457757296467,0.14746543778801843,0.2956989247311828,0.16049382716049382,0.31343283582089554,0.26512968299711814,0.2857142857142857,31,0.2857142857142857,46,True,False,0.40787299106945357,0.010011271150907941,2.5,2.75,28,0.08658994039902673,0.10303412572140426,-0.016444185322377528,0.2742661093616459,0.2849293634832411,-0.01066325412159519,0.009900613170086886,20,AVOID,4.05,1.1,40.0,2,1,48,12,0,0,0,9,SP,9,163,32,18.1,10.8,2.7,7.2,1.13,18.097432256813946
695670,Harry Ford,R,WSH,7,Eduardo Rodríguez,L,593958,822707,AZ @ WSH,3:45 PM,24/07,Pre-Game,0.4168066030807922,,,,False,110,live,0,0,0.0,,,,,3,4,0.0,1.04,41.7,D,0.25592672413793105,1.9734364583454136,0.389618639072952,20,5,0,0.2727272727272727,,0.6032345013477088,0.12776280323450134,0.26900269541778976,0.18333333333333332,0.08333333333333333,0.2,0.15730337078651685,0.16666666666666666,7,0.4,6,False,False,0.40380464191699567,0.013001961163796538,3.6666666666666665,4.333333333333333,3,0.09732521618033625,0.09661199186130111,0.0007132243190351439,0.2849293634832411,0.2849293634832411,0.0,,3,NEUTRAL,2.62,1.22,116.2,8,3,82,41,0,0,0,20,SP,20,478,101,23.9,6.33,3.16,7.79,0.93,23.602139298625215
691011,Drew Romo,L,CWS,9,Spencer Arrighetti,R,681293,824573,HOU @ CWS,4:40 PM,24/07,Pre-Game,0.413894185892781,,,,False,0000100010,estimated,0,0,0.0,0.07453088967310094,0.19618200904226854,0.20254168268821846,0.09638189585876875,20,3,0.0603318250377074,0.968,59.8,C,0.28328804347826086,1.7697576636850687,0.3108981204017503,16,6,0,0.07692307692307693,0.13725490196078433,0.46091094493541807,0.469068660774983,0.07002039428959891,0.13090909090909092,0.11320754716981132,0.15789473684210525,0.1329394387001477,0.13432835820895522,75,0.125,55,False,False,0.4250400078055934,-0.011145821912812437,3.108108108108108,3.5135135135135136,37,0.10303812143085066,0.10721006658802641,-0.004171945157175755,0.2917556811737052,0.2982699610324071,-0.006514279858701899,-0.23800658406858752,20,NEUTRAL,4.34,1.31,87.0,7,5,87,48,0,0,0,16,SP,16,377,66,23.6,9.0,4.97,6.83,1.24,23.16582762929498
694374,Tim Tawa,R,AZ,9,Carson Palmquist,L,687223,822707,AZ @ WSH,3:45 PM,24/07,Pre-Game,0.41328117818452004,,,,False,0111100111,live,0,0,0.0,0.24114910211497922,0.34723560721811947,0.5009135714624346,0.33928807558100793,20,1,-0.11825396825396822,1.04,75.6,B,0.29767441860465116,3.2971131791898913,0.33907920685008613,7,3,0,0.1388888888888889,0.2571428571428571,0.6046511627906976,0.3953488372093023,0.0,0.15931372549019607,0.23478260869565218,0.10344827586206896,0.1763085399449036,0.22448979591836735,56,0.21052631578947367,67,False,False,0.37534673604109653,0.03793444214342351,2.717948717948718,3.1538461538461537,39,0.10724571791745181,0.08831348734795051,0.0189322305695013,0.32008458279857005,0.28169919164963814,0.03838539114893191,0.050326778514389124,20,AVOID,8.74,1.68,11.1,0,1,14,3,0,0,0,4,SP,7,54,16,7.7,11.12,2.38,12.71,0.79,7.699245498301718
680728,Adrian Del Castillo,L,AZ,8,Carson Palmquist,L,687223,822707,AZ @ WSH,3:45 PM,24/07,Pre-Game,0.412891814405186,,,,False,1101010111,live,0,0,0.0,0.25668306363295673,0.3360497322981395,0.4300296275011222,0.3045408288808475,20,1,0.0,1.04,75.6,B,0.29767441860465116,3.2971131791898913,0.33907920685008613,7,3,0,,0.2064516129032258,0.6046511627906976,0.3953488372093023,0.0,0.21020092735703247,0.15763546798029557,0.24472573839662448,0.2,0.20618556701030927,105,0.20967741935483872,68,False,False,0.3883633571781368,0.024528457227049216,3.1176470588235294,3.392156862745098,51,0.09140496515797464,0.09218040966419842,-0.0007754445062237852,0.3108138971202989,0.28169919164963814,0.02911470547066075,0.16569122430287184,20,AVOID,8.74,1.68,11.1,0,1,14,3,0,0,0,4,SP,7,54,16,7.7,11.12,2.38,12.71,0.79,7.699245498301718
671289,Tyler Freeman,R,COL,8,Shane Drohan,L,675660,823759,COL @ MIL,1:10 PM,24/07,Pre-Game,0.41171628521761816,-127.0,133.0,56.0,False,0110101001,live,0,0,0.0,0.19224022406643004,0.296936166580678,0.4159600109658491,0.20708113263425748,20,4,0.06124093473005643,0.97,87.1,A,0.30177514792899407,4.281831766077856,0.3550777422341642,20,6,0,0.29411764705882354,0.2328767123287671,0.6111580726965342,0.3440405748098056,0.044801352493660185,0.2228626320845341,0.2069672131147541,0.21794871794871795,0.21818181818181817,0.21804511278195488,149,0.30612244897959184,114,False,True,0.44241271944741073,-0.03069643422979257,3.4477611940298507,3.925373134328358,67,0.0925103892710052,0.10303412572140426,-0.010523736450399057,0.28431901428117573,0.2949386023479878,-0.010619588066812069,-0.052904574184780756,20,AVOID,3.2,1.18,76.0,5,3,76,21,1,0,1,10,RP,20,317,69,15.8,9.0,2.49,8.17,0.71,18.11192467420871
807712,Luke Keaschall,R,MIN,7,Jacob Lopez,L,682052,823680,ATH @ MIN,5:10 PM,24/07,Scheduled,0.41068923196556056,,,,False,0011111011,estimated,0,0,0.0,0.3261663106036801,0.29804133616779527,0.2897752146414819,0.41986927632200116,20,1,-0.049441786283891564,1.022,59.7,C,0.2583479789103691,1.6721235992462553,0.32177937732309503,15,5,0,0.22807017543859648,0.27751196172248804,0.5892700087950747,0.31926121372031663,0.09146877748460862,0.2654268808114962,0.24366197183098592,0.22818791946308725,0.2546612096407458,0.2677595628415301,207,0.25,170,False,False,0.3868137062777497,0.023875525687810872,3.3645833333333335,3.9270833333333335,96,0.09861023492625853,0.0925103892710052,0.00609984565525333,0.31632863043497345,0.2849293634832411,0.03139926695173234,0.03837877543076047,20,NEUTRAL,6.64,1.73,59.2,4,4,49,36,0,0,0,12,SP,15,281,67,18.7,7.39,5.43,10.11,1.66,17.762221091761436
805300,Jakob Marsee,L,MIA,7,Germán Márquez,R,608566,823843,SD @ MIA,4:10 PM,24/07,Pre-Game,0.41068923196556056,,,,False,1011000100,live,0,0,0.0,0.18541268666799882,0.2617261920242057,0.28745783567463135,0.2150511036354302,20,3,-0.0641193731660111,1.0,27.8,F,0.23596938775510204,1.2413523009612508,0.45118566328088383,10,5,0,0.24561403508771928,0.18149466192170818,0.5146871008939975,0.454661558109834,0.03065134099616858,0.1784841075794621,0.19709208400646203,0.2,0.18563789152024446,0.20103092783505155,226,0.18055555555555555,179,False,False,0.40168707976611207,0.009002152199448499,3.484536082474227,4.175257731958763,97,0.09756985529803325,0.0925103892710052,0.005059466027028045,0.2849293634832411,0.2774962811952489,0.007433082287992221,-0.11779926691738879,20,STRONG,5.24,1.54,44.2,4,2,30,22,0,0,0,9,SP,10,199,47,19.9,6.04,4.43,9.47,2.22,19.871752310130912
663494,Bryan Torres,L,STL,9,Rhett Lowder,R,695076,823031,CIN @ STL,5:15 PM,24/07,Scheduled,0.40989437692843306,,,,False,0000010011,estimated,5,0,0.0,0.2579250852836413,0.350317180758002,0.5031955129391953,0.3188224944999952,20,1,-0.3968253968253968,1.031,32.0,F,0.26895450917797287,1.4505572842246437,0.41421052141985326,17,6,0,0.5714285714285714,0.1746031746031746,0.5184294871794872,0.27564102564102566,0.20592948717948717,0.1758957654723127,0.20754716981132076,0.2857142857142857,0.1934065934065934,0.24324324324324326,41,0.18181818181818182,36,True,False,0.3865748202823079,0.023319556646125172,2.5,2.75,28,0.09325481065287576,0.08831348734795051,0.004941323304925249,0.2849293634832411,0.2759668897683461,0.008962473714895003,-0.07116973826924296,20,STRONG,5.75,1.64,72.0,3,7,61,35,0,0,0,14,SP,17,335,83,19.7,7.63,4.38,10.38,1.13,18.755699700562946
691788,Joe Mack,L,MIA,9,Germán Márquez,R,608566,823843,SD @ MIA,4:10 PM,24/07,Pre-Game,0.4093681547108816,,,,False,0001101111,live,0,0,0.0,0.2665798358461813,0.4190117425964543,0.48579644806646044,0.41404798160033424,20,2,0.01142191142191143,1.0,27.8,F,0.23596938775510204,1.2413523009612508,0.45118566328088383,10,5,0,0.23333333333333334,0.24475524475524477,0.5146871008939975,0.454661558109834,0.03065134099616858,0.24500907441016334,0.2359249329758713,0.1992619926199262,0.23141186299081035,0.2087912087912088,98,0.2804878048780488,92,True,False,0.3868137062777497,0.022554448433131924,3.0350877192982457,3.3333333333333335,57,0.10528100361350506,0.10432314017677292,0.0009578634367321398,0.32295466133667294,0.28308707248419035,0.039867588852482594,0.03158287232270244,20,STRONG,5.24,1.54,44.2,4,2,30,22,0,0,0,9,SP,10,199,47,19.9,6.04,4.43,9.47,2.22,19.871752310130912
667472,Dane Myers,R,CIN,9,Dustin May,R,669160,823031,CIN @ STL,5:15 PM,24/07,Scheduled,0.4077768147775494,,,,False,0011001101,estimated,0,0,0.0,0.33601910554506104,0.3013797409533058,0.4220207343291502,0.43316762723658386,20,2,0.06165413533834585,1.031,43.5,D,0.2837413684871312,2.5564172610198006,0.43529925140412973,19,6,0,0.25263157894736843,0.3142857142857143,0.6712759270898806,0.26147077309868005,0.06725329981143935,0.25052192066805845,0.2601626016260163,0.23404255319148937,0.2508630609896433,0.3,61,0.25,92,False,False,0.3883633571781368,0.019413457599412598,2.2033898305084745,2.593220338983051,59,0.1012316623667488,0.09994664362082652,0.0012850187459222812,0.2801112964551031,0.2875443787430953,-0.007433082287992221,0.10495553488935774,20,NEUTRAL,4.78,1.32,98.0,5,7,95,32,0,0,0,19,SP,19,414,97,21.8,8.72,2.94,8.91,0.64,21.42064541746382
806068,Colt Emerson,L,SEA,9,Mackenzie Gore,L,669022,822872,SEA @ TEX,5:05 PM,24/07,Scheduled,0.40598827788172054,,,,False,0010001100,estimated,0,0,0.0,0.12656777229099014,0.3042189652443249,0.30992692695344304,0.22358740041432698,20,2,0.06223893065998329,0.964,52.6,C,0.27050053248136313,3.073872405881046,0.436639953314386,20,6,0,0.23684210526315788,0.1746031746031746,0.5897709110282365,0.3036760788492275,0.10655301012253596,0.18543046357615894,0.1683673469387755,0.17613636363636365,0.17832764505119453,0.2111111111111111,101,0.16216216216216217,82,True,False,0.40989437692843306,-0.003906099046712519,3.215686274509804,3.588235294117647,51,0.09016333284285162,0.0955187571162344,-0.005355424273382786,0.27921418969001466,0.29077455057669827,-0.011560360886683607,-0.3037943449909653,20,NEUTRAL,4.8,1.28,110.2,6,8,122,42,0,0,0,21,SP,21,475,100,22.6,9.92,3.42,8.13,1.14,22.957347626802928
702222,Justin Crawford,L,PHI,9,Cam Schlittler,R,693645,823434,NYY @ PHI,3:45 PM,24/07,Pre-Game,0.4059060155533216,,,,False,1101110001,live,0,0,0.0,0.26398337784032283,0.31516934466644564,0.27562649553153895,0.33848329262121174,20,4,0.05236270753512132,1.009,70.3,B,0.29151483602290473,5.849298671209848,0.3916074390661905,20,5,0,0.20689655172413793,0.25925925925925924,0.9118414188836724,0.0881585811163276,0.0,0.25068870523415976,0.2906666666666667,0.25,0.25925925925925924,0.29411764705882354,148,0.21323529411764705,146,True,False,0.4584252390706091,-0.052519223517287494,3.056179775280899,3.303370786516854,89,0.09815225286324357,0.10721006658802641,-0.009057813724782843,0.2849293634832411,0.3140783975222987,-0.02914903403905761,0.10955742250588343,20,AVOID,2.2,0.96,123.0,9,6,145,25,0,0,0,21,SP,21,489,93,23.3,10.61,1.83,6.8,0.88,23.751085617009434
666126,Carlos Cortes,L,ATH,7,Zebby Matthews,R,805673,823680,ATH @ MIN,5:10 PM,24/07,Scheduled,0.40380464191699567,,,,False,1100111000,estimated,0,0,0.0,0.16182839115714082,0.24582131162569554,0.3804401862623867,0.26511441227653937,20,2,-0.010832769126607966,1.022,45.2,D,0.2765765765765766,2.42370339996562,0.41098075812786133,12,5,0,0.2857142857142857,0.27488151658767773,0.5342342342342342,0.34144144144144145,0.12432432432432433,0.2919563058589871,0.2515463917525773,0.2807017543859649,0.279826464208243,0.2846153846153846,149,0.26136363636363635,97,False,False,0.3883633571781368,0.015441284738858863,2.831168831168831,3.1948051948051948,77,0.10432314017677292,0.09661199186130111,0.007711148315471816,0.29077455057669827,0.2849293634832411,0.00584518709345716,-0.012188342295265343,20,NEUTRAL,5.4,1.34,70.0,4,7,58,21,0,0,0,12,SP,12,297,73,24.8,7.46,2.7,9.39,1.93,24.631374132219598
682622,Noelvi Marte,R,CIN,7,Dustin May,R,669160,823031,CIN @ STL,5:15 PM,24/07,Scheduled,0.40168707976611207,,,,False,1010001100,estimated,0,0,0.0,0.14145208506400292,0.23508206018437264,0.2301279748068646,0.21208415527339805,20,3,0.03139595225739489,1.031,43.5,D,0.2837413684871312,2.5564172610198006,0.43529925140412973,19,6,0,0.17073170731707318,0.20212765957446807,0.6712759270898806,0.26147077309868005,0.06725329981143935,0.17291666666666666,0.14429530201342283,0.1504424778761062,0.16049382716049382,0.17105263157894737,81,0.22033898305084745,63,False,False,0.3905412578532997,0.011145821912812381,3.2142857142857144,3.4285714285714284,42,0.09686723411732129,0.09221443102465048,0.0046528030926708125,0.2873357335015176,0.2849293634832411,0.0024063700182764824,-0.18363561270261625,20,NEUTRAL,4.78,1.32,98.0,5,7,95,32,0,0,0,19,SP,19,414,97,21.8,8.72,2.94,8.91,0.64,21.42064541746382
668885,Austin Martin,R,MIN,8,Jacob Lopez,L,682052,823680,ATH @ MIN,5:10 PM,24/07,Scheduled,0.40168707976611207,,,,False,1001001000,estimated,0,0,0.0,0.24226963565321674,0.33964208577580773,0.265047505400129,0.3344811500748207,20,1,0.06710197277021396,1.022,59.7,C,0.2583479789103691,1.6721235992462553,0.32177937732309503,15,5,0,0.27049180327868855,0.2033898305084746,0.5892700087950747,0.31926121372031663,0.09146877748460862,0.21670802315963605,0.23473282442748092,0.19921875,0.21920563097033685,0.20567375886524822,165,0.2828282828282828,121,False,False,0.3601418165392973,0.04154526322681479,2.926829268292683,3.4878048780487805,82,0.09219360160183539,0.08028835918382732,0.011905242418008069,0.28169919164963814,0.23687164943646732,0.04482754221317081,-0.247825258063141,20,NEUTRAL,6.64,1.73,59.2,4,4,49,36,0,0,0,12,SP,15,281,67,18.7,7.39,5.43,10.11,1.66,17.762221091761436
642201,Eli White,R,ATL,7,Trevor Rogers,L,669432,824812,ATL @ BAL,4:05 PM,24/07,Pre-Game,0.3998985428702832,,,,False,1010111000,live,0,0,0.0,0.19792409747216544,0.24994373723685875,0.18452814360211148,0.3601766277969997,20,2,0.010101010101010083,1.044,48.0,D,0.27410832232496696,2.396417192355003,0.4276066504791396,17,6,0,0.2222222222222222,0.21212121212121213,0.6549900859220092,0.12491738268341045,0.2200925313945803,0.22269807280513917,0.21940928270042195,0.2222222222222222,0.22324510932105868,0.21428571428571427,75,0.22641509433962265,59,False,False,0.37348998368977443,0.026408559180508773,2.3207547169811322,2.5283018867924527,53,0.09828307961706839,0.09756985529803325,0.0007132243190351439,0.28169919164963814,0.2742661093616459,0.007433082287992221,0.028021221434150582,20,NEUTRAL,4.28,1.3,96.2,6,7,77,32,0,0,0,18,SP,18,409,94,22.7,7.17,2.98,8.75,0.93,22.866403731574366
671976,Tristan Peters,L,CWS,7,Spencer Arrighetti,R,681293,824573,HOU @ CWS,4:40 PM,24/07,Pre-Game,0.3983944771825571,,,,False,1101100100,estimated,0,0,0.0,0.2151533376493715,0.2843937426651544,0.2914004900042886,0.2952907108655389,20,2,0.1632315053367685,0.968,59.8,C,0.28328804347826086,1.7697576636850687,0.3108981204017503,16,6,0,0.13636363636363635,0.29959514170040485,0.46091094493541807,0.469068660774983,0.07002039428959891,0.24171122994652405,0.2826552462526767,0.22545454545454546,0.2516281823564239,0.22666666666666666,162,0.36134453781512604,136,False,False,0.4250400078055934,-0.026645530623036318,2.9239130434782608,3.239130434782609,92,0.09125656758791834,0.09756985529803325,-0.006313287710114912,0.26670691618153763,0.2849293634832411,-0.01822244730170347,-0.01615543822505005,20,NEUTRAL,4.34,1.31,87.0,7,5,87,48,0,0,0,16,SP,16,377,66,23.6,9.0,4.97,6.83,1.24,23.16582762929498
655316,Andruw Monasterio,R,BOS,8,Trey Yesavage,R,702056,824733,TOR @ BOS,4:15 PM,24/07,Pre-Game,0.39665862896853127,,,,False,1110011111,live,1,0,0.0,0.3047312164863446,0.3558069845215705,0.3893403118976172,0.35214808505346906,20,2,0.029824561403508754,1.063,67.7,B,0.2852852852852853,1.5395499872227703,0.33892193676385785,15,5,0,0.23333333333333334,0.2631578947368421,0.47072072072072074,0.23873873873873874,0.2905405405405405,0.2350230414746544,0.24552429667519182,0.22151898734177214,0.23607647547797173,0.2987012987012987,86,0.20224719101123595,94,False,False,0.3904809193290204,0.006177709639510864,2.8620689655172415,3.103448275862069,58,0.08658994039902673,0.09923341930179137,-0.01264347890276464,0.28169919164963814,0.28169919164963814,0.0,0.04789257710037059,20,AVOID,3.78,1.16,81.0,4,5,78,41,0,0,0,15,SP,15,335,53,22.3,8.67,4.56,5.89,0.89,22.456241703075722
686475,Tyler Tolbert,R,KC,9,Tarik Skubal,L,669373,824248,KC @ DET,3:40 PM,24/07,Pre-Game,0.3947601936405092,,,,False,0011101000,live,0,0,0.0,0.2938913636063473,0.3137907410727176,0.2881608447353322,0.3595756160360806,20,3,0.10219780219780222,1.004,89.1,A,0.3191489361702128,9.212093260691233,0.2926652344798742,13,6,0,0.37142857142857144,0.2692307692307692,0.5630323679727428,0.1797274275979557,0.2572402044293015,0.2712765957446808,0.32989690721649484,0.4482758620689655,0.3217391304347826,0.27586206896551724,33,0.375,36,False,False,0.4584252390706091,-0.06366504543009993,2.44,2.76,25,0.08348627322103873,0.10721006658802641,-0.023723793366987683,0.28169919164963814,0.32527155152932935,-0.043572359879691214,-0.08982358262437999,20,AVOID,2.83,0.93,82.2,6,5,98,11,0,0,0,14,SP,14,321,66,22.9,10.67,1.2,7.19,1.09,22.86699578209267
669707,Jared Triolo,R,PIT,7,Matt Boyd,L,571510,823352,CHC @ PIT,3:40 PM,24/07,Pre-Game,0.3905412578532997,,,,False,0000111111,estimated,0,0,0.0,0.31772949263725786,0.34040555226276686,0.48765946668442006,0.43033174598332863,20,2,0.15162907268170428,1.013,61.5,C,0.2893081761006289,3.3190796236804734,0.41888009942679966,9,6,0,0.34210526315789475,0.19047619047619047,0.45660377358490567,0.26163522012578616,0.28176100628930817,0.22503328894806923,0.21351351351351353,0.25,0.22490272373540857,0.27927927927927926,124,0.2087912087912088,102,False,False,0.3865748202823079,0.003966437570991799,3.2063492063492065,3.5873015873015874,63,0.09629520419213129,0.09661199186130111,-0.0003167876691698157,0.2725082574569741,0.2759668897683461,-0.0034586323113720008,0.19002101099072188,20,NEUTRAL,4.15,1.21,52.0,6,1,51,14,0,0,0,10,SP,10,217,49,21.7,8.83,2.42,8.48,1.04,22.49352830043323
682997,Tyler Callihan,L,PIT,8,Matt Boyd,L,571510,823352,CHC @ PIT,3:40 PM,24/07,Pre-Game,0.38867045862907185,,,,False,1111001000,estimated,0,0,0.0,0.1326496333310433,0.30821094704204977,0.28604840427030337,0.33792199887171137,20,2,0.0,1.013,61.5,C,0.2893081761006289,3.3190796236804734,0.41888009942679966,9,6,0,,0.23170731707317074,0.45660377358490567,0.26163522012578616,0.28176100628930817,0.20123839009287925,0.23391812865497075,0.08421052631578947,0.19865319865319866,0.2391304347826087,50,0.225,47,False,False,0.4189226366903618,-0.030252178061289936,2.6875,3.03125,32,0.0840634871875983,0.08941891146098109,-0.005355424273382786,0.28169919164963814,0.2849293634832411,-0.0032301718336029683,-0.2068323548775757,20,NEUTRAL,4.15,1.21,52.0,6,1,51,14,0,0,0,10,SP,10,217,49,21.7,8.83,2.42,8.48,1.04,22.49352830043323
670032,Nicky Lopez,L,TEX,7,Bryce Miller,R,682243,822872,SEA @ TEX,5:05 PM,24/07,Scheduled,0.38867045862907185,,,,False,0101101010,estimated,0,0,0.0,0.332647061944493,0.3386138035969231,0.28596890470488173,0.349511150881448,20,2,-0.14555256064690025,0.964,92.0,A,0.2921225382932166,8.07603377289085,0.29258091856452323,11,7,0,0.42857142857142855,0.2830188679245283,0.5340659340659341,0.22527472527472528,0.24065934065934066,0.3490990990990991,0.25688073394495414,0.25190839694656486,0.30943396226415093,0.3611111111111111,78,0.25806451612903225,69,False,False,0.4514148716468592,-0.06274441301778733,2.7916666666666665,3.0625,48,0.07938467063074282,0.10592504784210414,-0.02654037721136132,0.23687164943646732,0.3136271668107272,-0.0767555173742599,0.15737455726906366,20,AVOID,2.27,0.88,63.1,4,4,71,10,0,0,0,10,SP,11,241,46,21.9,10.09,1.42,6.54,1.28,22.376052650560982
701852,Drew Cavanaugh,L,SF,9,Grayson Rodriguez,R,680570,823196,LAA @ SF,7:15 PM,24/07,Scheduled,0.3883633571781368,,,,False,0000110100,estimated,0,0,0.0,0.24898542473473492,0.30425844324755374,0.22177210513123405,0.3452980855123155,15,2,0.0,0.994,15.0,F,0.25263157894736843,1.5320617742551916,0.5608605773159377,8,6,0,,0.23684210526315788,0.5363636363636364,0.23333333333333334,0.23030303030303031,0.256,0.17647058823529413,0.23809523809523808,0.22897196261682243,0.19047619047619047,25,0.29411764705882354,22,True,False,0.3691894368534443,0.019173920324692506,2.533333333333333,3.1333333333333333,15,0.09828307961706839,0.0910945437712581,0.007188535845810293,0.2868735760441235,0.2742661093616459,0.012607466682477586,-0.13596308141917404,15,STRONG,8.23,1.77,35.0,3,3,27,17,0,0,0,8,SP,8,168,45,21.0,6.94,4.37,11.57,1.29,21.077866537795906
666139,Josh Lowe,L,LAA,7,Logan Webb,R,657277,823196,LAA @ SF,7:15 PM,24/07,Scheduled,0.3883633571781368,,,,False,0110010001,estimated,0,0,0.0,0.2109347128385495,0.3198483144849012,0.4226879092910828,0.27756296100262834,20,2,0.02591463414634146,0.994,63.8,C,0.27122015915119363,3.053365988730932,0.374765592955006,16,6,0,0.1875,0.21341463414634146,0.5510610079575596,0.19827586206896552,0.2506631299734748,0.16600265604249667,0.18823529411764706,0.168141592920354,0.17309145880574453,0.21818181818181817,119,0.2,76,False,False,0.3883633571781368,0.0,3.0508474576271185,3.305084745762712,59,0.08530511950272131,0.09661199186130111,-0.0113068723585798,0.26670691618153763,0.2849293634832411,-0.01822244730170347,0.03482242341877073,20,NEUTRAL,3.87,1.11,107.0,5,7,85,27,0,0,0,17,SP,17,438,92,25.8,7.15,2.27,7.74,0.76,25.85364991261
673237,Yainer Diaz,R,HOU,7,Davis Martin,R,663436,824573,HOU @ CWS,4:40 PM,24/07,Pre-Game,0.3883633571781368,,,,False,1111110110,estimated,0,0,0.0,0.2606266219926125,0.37409567316368963,0.4023250876351015,0.28841539481975287,20,2,0.03948942959712806,0.968,39.8,D,0.2771867612293144,2.2116298732787034,0.425294931285825,19,6,0,0.21739130434782608,0.25688073394495414,0.5807228915662651,0.27590361445783135,0.14337349397590363,0.2746858168761221,0.24033149171270718,0.20161290322580644,0.25407478427612656,0.27722772277227725,104,0.19480519480519481,83,False,False,0.39665862896853127,-0.008295271790394465,3.869565217391304,4.065217391304348,46,0.0910945437712581,0.10232489711181551,-0.011230353340557414,0.28169919164963814,0.28696219845926146,-0.005263006809623327,0.18143803238915499,20,NEUTRAL,3.31,1.27,106.0,9,5,97,33,0,0,0,19,SP,19,440,102,23.2,8.24,2.8,8.66,0.51,22.74686482892968
657757,Gavin Sheets,L,SD,7,Ryan Gusto,R,687473,823843,SD @ MIA,4:10 PM,24/07,Pre-Game,0.3883633571781368,,,,False,0000010011,live,0,0,0.0,0.1953099731393985,0.22364609814491102,0.2877826576161814,0.21545969671367612,20,1,0.045309168443496806,1.0,65.4,B,0.27111984282907664,4.326567864239675,0.40634876528657576,11,3,0,0.17857142857142858,0.22388059701492538,0.5284872298624754,0.28094302554027506,0.1905697445972495,0.19205298013245034,0.19519094766619519,0.2059447983014862,0.19645669291338583,0.19662921348314608,204,0.2542372881355932,138,False,False,0.37348998368977443,0.014873373488362374,3.1157894736842104,3.6,95,0.08284768171647368,0.08221364169269718,0.000634040023776497,0.25905757742960983,0.25582740559600686,0.0032301718336029683,0.006451880027050728,20,AVOID,4.7,1.37,30.2,0,2,27,10,0,0,0,6,SP,11,138,32,12.5,7.92,2.93,9.39,0.88,12.380052528849424
695508,Cameron Cauley,R,TEX,8,Bryce Miller,R,682243,822872,SEA @ TEX,5:05 PM,24/07,Scheduled,0.37752463671625947,,,,False,0111010111,estimated,0,0,0.0,0.339986899355787,0.2748025872664129,0.1908952750930442,0.42525908813216307,14,2,-0.030000000000000027,0.964,92.0,A,0.2921225382932166,8.07603377289085,0.29258091856452323,11,7,0,0.28,0.25,0.5340659340659341,0.22527472527472528,0.24065934065934066,0.23015873015873015,0.16071428571428573,0.21739130434782608,0.2087378640776699,0.25,22,0.3076923076923077,16,True,False,0.4250400078055934,-0.04751537108933396,2.357142857142857,2.7142857142857144,14,0.07744479790745996,0.105211823523069,-0.027767025615609037,0.231546850542798,0.2924247739389499,-0.06087792339615189,0.21786737041354806,14,AVOID,2.27,0.88,63.1,4,4,71,10,0,0,0,10,SP,11,241,46,21.9,10.09,1.42,6.54,1.28,22.376052650560982
663837,Matt Vierling,R,DET,8,Beck Way,R,694360,824248,KC @ DET,3:40 PM,24/07,Pre-Game,0.37752463671625947,,,,False,1010100010,live,0,0,0.0,0.21692660966221386,0.3686050781166451,0.4521004946289076,0.2508527351044917,20,2,-0.06027568922305765,1.004,70.6,B,0.3131868131868132,2.52512476983379,0.41545716190179866,18,5,0,0.2357142857142857,0.17543859649122806,0.804945054945055,0.16758241758241757,0.027472527472527472,0.2052679382379655,0.23660714285714285,0.1843137254901961,0.20950801547816472,0.23134328358208955,142,0.18333333333333332,137,False,True,0.42504049656049,-0.04751585984423051,3.175,3.4875,80,0.08800306596123397,0.10232489711181551,-0.01432183115058154,0.2849293634832411,0.30049076873168784,-0.015561405248446736,-0.08819201302290662,20,AVOID,3.22,1.52,22.1,1,0,21,10,0,0,0,0,RP,18,98,24,5.4,8.46,4.03,9.67,1.61,5.267524673940676
543760,Marcus Semien,R,NYM,8,Roki Sasaki,R,808963,823601,LAD @ NYM,4:10 PM,24/07,Pre-Game,0.37566788436493725,,,,False,1000100011,estimated,0,0,0.0,0.160987150214662,0.26160142344640447,0.3846841458471438,0.22057725023451832,20,2,0.05167394468704514,0.949,48.1,D,0.28034300791556727,2.4928919653157036,0.44930389638252366,17,7,0,0.16666666666666666,0.2183406113537118,0.4774052478134111,0.23760932944606414,0.2849854227405248,0.2134502923976608,0.17146433041301626,0.2,0.19521717911176184,0.19540229885057472,190,0.2204724409448819,142,False,False,0.3887527209574708,-0.013084836592533566,3.6265060240963853,4.0,83,0.08096394532261443,0.08941891146098109,-0.00845496613836666,0.2420323620956973,0.2742661093616459,-0.032233747265948604,0.010133190809621875,20,NEUTRAL,4.98,1.34,86.2,3,5,85,34,0,0,0,17,SP,17,374,82,22.0,8.83,3.53,8.52,1.97,21.88299856990858
676724,Jared Young,L,NYM,7,Roki Sasaki,R,808963,823601,LAD @ NYM,4:10 PM,24/07,Pre-Game,0.37534673604109653,,,,False,1011100110,estimated,0,0,0.0,0.2542081769399786,0.32617619822193156,0.4193756270628873,0.29482750210354935,20,2,0.108843537414966,0.949,48.1,D,0.28034300791556727,2.4928919653157036,0.44930389638252366,17,7,0,0.14285714285714285,0.25170068027210885,0.4774052478134111,0.23760932944606414,0.2849854227405248,0.25165562913907286,0.2442159383033419,0.23557692307692307,0.2460515378221114,0.29347826086956524,99,0.1774193548387097,74,False,False,0.3905412578532997,-0.015194521812203154,2.8,3.1454545454545455,55,0.09661199186130111,0.10303412572140426,-0.006422133860103152,0.28169919164963814,0.2849293634832411,-0.0032301718336029683,0.08491552107672692,20,NEUTRAL,4.98,1.34,86.2,3,5,85,34,0,0,0,17,SP,17,374,82,22.0,8.83,3.53,8.52,1.97,21.88299856990858
621020,Dansby Swanson,R,CHC,9,Jared Jones,R,683003,823352,CHC @ PIT,3:40 PM,24/07,Pre-Game,0.37534673604109653,,,,False,1101010110,estimated,0,0,0.0,0.2514764464116137,0.34080703092670306,0.4742195929728741,0.27835006142516466,20,2,-0.023103448275862082,1.013,83.2,A,0.3010752688172043,4.174160660937254,0.3706650157622069,9,6,0,0.23,0.20689655172413793,0.4500768049155146,0.402457757296467,0.14746543778801843,0.20020325203252032,0.17233009708737865,0.2049469964664311,0.19192399049881234,0.22727272727272727,197,0.1987179487179487,180,False,False,0.43511981914461123,-0.0597730831035147,3.4583333333333335,3.9270833333333335,96,0.0715536332508533,0.10432314017677292,-0.03276950692591962,0.23958409898139896,0.2924247739389499,-0.05284067495755093,-0.03766554996971441,20,AVOID,4.05,1.1,40.0,2,1,48,12,0,0,0,9,SP,9,163,32,18.1,10.8,2.7,7.2,1.13,18.097432256813946
668723,Ryan Vilade,R,TB,7,Joey Cantillo,L,676282,822952,CLE @ TB,4:10 PM,24/07,Pre-Game,0.37472944989533286,,,,False,1010001011,live,0,0,0.0,0.23657342179618493,0.32679756398636745,0.4322606338461913,0.3030915797694629,20,6,0.18046804680468048,0.96,65.7,B,0.31442731277533037,2.157123391317504,0.37025356747150623,20,5,0,0.31683168316831684,0.13636363636363635,0.40573318632855565,0.324696802646086,0.2695700110253583,0.2561881188118812,0.17803030303030304,0.2971014492753623,0.24302134646962234,0.25287356321839083,98,0.27586206896551724,66,False,False,0.3905412578532997,-0.015811807957966828,2.7358490566037736,3.0943396226415096,53,0.0925103892710052,0.09661199186130111,-0.004101602590295905,0.258376727128457,0.2849293634832411,-0.02655263635478411,0.06532650737570549,20,AVOID,3.74,1.42,106.0,8,5,112,52,0,0,0,21,SP,21,455,99,21.7,9.51,4.42,8.41,1.02,22.365329509590445
666160,Mickey Moniak,L,COL,7,Shane Drohan,L,675660,823759,COL @ MIL,1:10 PM,24/07,Pre-Game,0.37472944989533286,-108.0,113.0,52.0,False,1011001111,live,0,0,0.0,0.25672962266361865,0.28156858614678865,0.4674874323413989,0.33501355413661527,20,2,0.007107320540156337,0.97,87.1,A,0.30177514792899407,4.281831766077856,0.3550777422341642,20,6,0,0.2857142857142857,0.27860696517412936,0.6111580726965342,0.3440405748098056,0.044801352493660185,0.2528301886792453,0.2870544090056285,0.276657060518732,0.2690715552927262,0.27941176470588236,145,0.27956989247311825,102,False,True,0.3887527209574708,-0.014023271062137965,3.417910447761194,3.6865671641791047,67,0.08800306596123397,0.09661199186130111,-0.008608925900067135,0.24959155527580554,0.28169919164963814,-0.0321076363738326,-0.12331107380105137,20,AVOID,3.2,1.18,76.0,5,3,76,21,1,0,1,10,RP,20,317,69,15.8,9.0,2.49,8.17,0.71,18.11192467420871
828599,Lucas Spence,L,HOU,9,Davis Martin,R,663436,824573,HOU @ CWS,4:40 PM,24/07,Pre-Game,0.37348998368977443,,,,False,110010,estimated,0,0,0.0,0.1816225667416738,0.2399066983594854,0.40512472296457697,0.23708072266854055,6,2,0.0,0.968,39.8,D,0.2771867612293144,2.2116298732787034,0.425294931285825,19,6,0,,0.125,0.5807228915662651,0.27590361445783135,0.14337349397590363,0.26506024096385544,0.15217391304347827,0.125,0.1977401129943503,0.23076923076923078,16,0.14285714285714285,7,True,False,0.3887527209574708,-0.015262737267696391,3.3333333333333335,3.8333333333333335,6,0.09352051405127698,0.09923341930179137,-0.005712905250514391,0.2797384365276788,0.29077455057669827,-0.011036114049019441,-0.14059771653634454,6,NEUTRAL,3.31,1.27,106.0,9,5,97,33,0,0,0,19,SP,19,440,102,23.2,8.24,2.8,8.66,0.51,22.74686482892968
687401,Joey Ortiz,R,MIL,8,Tomoyuki Sugano,R,608372,823759,COL @ MIL,1:10 PM,24/07,Pre-Game,0.37348998368977443,-156.0,163.0,61.0,False,0101100111,live,0,0,0.0,0.33321449294784566,0.3635221778729536,0.46138423125692735,0.38291779540249793,20,2,0.02137161084529507,0.97,30.5,F,0.23493150684931507,2.3371584268391103,0.43635646076294976,17,6,0,0.22105263157894736,0.24242424242424243,0.5133836650652025,0.28208647906657514,0.20452985586822237,0.21419518377693283,0.1934065934065934,0.2459016393442623,0.21174764321972445,0.21238938053097345,126,0.2543859649122807,133,False,False,0.37534673604109653,-0.0018567523513220996,2.91025641025641,3.3205128205128207,78,0.09513181671149547,0.09513181671149547,0.0,0.2849293634832411,0.2676367007152654,0.017292662767975697,0.12342087537845295,20,NEUTRAL,4.76,1.29,90.2,9,4,51,23,0,0,0,17,SP,17,382,94,22.5,5.06,2.28,9.33,1.79,22.73889829234107
670042,Luke Raley,L,SEA,7,Mackenzie Gore,L,669022,822872,SEA @ TEX,5:05 PM,24/07,Scheduled,0.3719846236743709,,,,False,1100101101,estimated,0,0,0.0,0.230539778518478,0.40112470100325404,0.5300238262641455,0.3305823903240551,20,2,-0.23553719008264462,0.964,52.6,C,0.27050053248136313,3.073872405881046,0.436639953314386,20,6,0,0.0,0.23553719008264462,0.5897709110282365,0.3036760788492275,0.10655301012253596,0.22771084337349398,0.23135755258126195,0.22340425531914893,0.2275219298245614,0.23741007194244604,154,0.22018348623853212,117,False,False,0.38867045862907185,-0.01668583495470094,2.9176470588235293,3.1882352941176473,85,0.0910945437712581,0.09629520419213129,-0.005200660420873193,0.24780320180764837,0.26872505400404095,-0.020921852196392587,0.14250036349593737,20,NEUTRAL,4.8,1.28,110.2,6,8,122,42,0,0,0,21,SP,21,475,100,22.6,9.92,3.42,8.13,1.14,22.957347626802928
686681,Michael Massey,L,KC,8,Tarik Skubal,L,669373,824248,KC @ DET,3:40 PM,24/07,Pre-Game,0.36980672299920797,,,,False,1101101111,live,0,0,0.0,0.33396480434533915,0.3142729591360345,0.4098030066559036,0.48659747803938475,20,1,-0.17688679245283018,1.004,89.1,A,0.3191489361702128,9.212093260691233,0.2926652344798742,13,6,0,0.125,0.3018867924528302,0.5630323679727428,0.1797274275979557,0.2572402044293015,0.24901960784313726,0.2714285714285714,0.24193548387096775,0.25595913734392733,0.24503311258278146,160,0.31683168316831684,112,False,False,0.39265882000418334,-0.02285209700497537,3.111111111111111,3.3580246913580245,81,0.08875167026603976,0.10232489711181551,-0.013573226845775749,0.25582740559600686,0.28169919164963814,-0.025871786053631274,0.22217921142029884,20,AVOID,2.83,0.93,82.2,6,5,98,11,0,0,0,14,SP,14,321,66,22.9,10.67,1.2,7.19,1.09,22.86699578209267
687282,Gabriel Rincones,L,PHI,8,Cam Schlittler,R,693645,823434,NYY @ PHI,3:45 PM,24/07,Pre-Game,0.36980672299920797,,,,False,1110000010,live,0,0,0.0,0.20249923698031305,0.2784265602058351,0.38851012042461874,0.27826229501925515,20,2,0.0,1.009,70.3,B,0.29151483602290473,5.849298671209848,0.3916074390661905,20,5,0,,0.16901408450704225,0.9118414188836724,0.0881585811163276,0.0,0.15,0.15527950310559005,0.18181818181818182,0.1574074074074074,0.16279069767441862,47,0.1875,32,True,False,0.4077768147775494,-0.03797009177834143,3.0,3.16,25,0.07938467063074282,0.09661199186130111,-0.017227321230558285,0.2588085278542375,0.2849293634832411,-0.02612083562900358,-0.0948832959851209,20,AVOID,2.2,0.96,123.0,9,6,145,25,0,0,0,21,SP,21,489,93,23.3,10.61,1.83,6.8,0.88,23.751085617009434
669242,Tommy Edman,L,LAD,8,Sean Manaea,L,640455,823601,LAD @ NYM,4:10 PM,24/07,Pre-Game,0.36980672299920797,,,,False,1111111101,estimated,0,0,0.0,0.3442588845120635,0.4128958485107773,0.4756310408654528,0.4454161603957537,20,2,-0.04666666666666669,0.949,52.9,C,0.2634146341463415,3.4506543147396407,0.42825429205097965,20,6,0,0.3333333333333333,0.38,0.640418118466899,0.32125435540069686,0.03832752613240418,0.32621951219512196,0.304,0.2366412213740458,0.3013698630136986,0.37209302325581395,50,0.3488372093023256,50,False,False,0.4059060155533216,-0.03609929255411365,3.185185185185185,3.7037037037037037,27,0.07938467063074282,0.09661199186130111,-0.017227321230558285,0.24405321865630572,0.29273841736044975,-0.048685198704144034,0.0521563450484559,20,AVOID,4.74,1.36,79.2,2,5,81,26,0,0,0,7,RP,21,353,82,16.8,9.15,2.94,9.26,1.36,19.0147093031636
622761,Jorge Mateo,R,ATL,9,Trevor Rogers,L,669432,824812,ATL @ BAL,4:05 PM,24/07,Pre-Game,0.3691894368534443,,,,False,0100100001,live,0,0,0.0,0.16589374488243336,0.3543109854255578,0.4846410549934186,0.23951781089781612,20,7,-0.021378269617706225,1.044,48.0,D,0.27410832232496696,2.396417192355003,0.4276066504791396,17,6,0,0.23214285714285715,0.2535211267605634,0.6549900859220092,0.12491738268341045,0.2200925313945803,0.2600806451612903,0.2087912087912088,0.15625,0.2348401323042999,0.21621621621621623,76,0.2830188679245283,59,False,False,0.3471269702245215,0.022062466628922806,2.4901960784313726,2.6470588235294117,51,0.09423373837031213,0.09069154298932262,0.003542195380989502,0.25532385715709754,0.2476631462540888,0.007660710903008738,-0.19474178815084076,20,NEUTRAL,4.28,1.3,96.2,6,7,77,32,0,0,0,18,SP,18,409,94,22.7,7.17,2.98,8.75,0.93,22.866403731574366
657136,Connor Wong,R,BOS,9,Trey Yesavage,R,702056,824733,TOR @ BOS,4:15 PM,24/07,Pre-Game,0.3691894368534443,,,,False,1111010010,live,2,1,0.5,0.27040595833931214,0.3266523614706994,0.3426928418220292,0.3474846266037351,20,2,-0.0069041701187517734,1.063,67.7,B,0.2852852852852853,1.5395499872227703,0.33892193676385785,15,5,0,0.27450980392156865,0.2676056338028169,0.47072072072072074,0.23873873873873874,0.2905405405405405,0.23076923076923078,0.1522633744855967,0.1282051282051282,0.19487179487179487,0.25,86,0.3,60,False,False,0.3691894368534443,0.0,2.8372093023255816,3.395348837209302,43,0.08154640049775586,0.09352051405127698,-0.011974113553521126,0.2659359203085652,0.2742661093616459,-0.008330189053080694,-0.07268205070002699,20,AVOID,3.78,1.16,81.0,4,5,78,41,0,0,0,15,SP,15,335,53,22.3,8.67,4.56,5.89,0.89,22.456241703075722
701162,Ben Malgeri,R,DET,9,Beck Way,R,694360,824248,KC @ DET,3:40 PM,24/07,Pre-Game,0.3691894368534443,,,,False,0011101101,live,0,0,0.0,0.3478204751128514,0.27549938105245,0.2540825265526633,0.4509337270263839,12,3,-0.08000000000000002,1.004,70.6,B,0.3131868131868132,2.52512476983379,0.41545716190179866,18,5,0,0.28,0.2,0.804945054945055,0.16758241758241757,0.027472527472527472,0.2054794520547945,0.2962962962962963,0.1935483870967742,0.21604938271604937,0.25,17,0.2857142857142857,18,True,True,0.37348998368977443,-0.0043005468363301325,2.5,2.9166666666666665,12,0.07938467063074282,0.08715496499762243,-0.007770294366879607,0.2708196810641073,0.28169919164963814,-0.010879510585530827,0.1471191656803355,12,AVOID,3.22,1.52,22.1,1,0,21,10,0,0,0,0,RP,18,98,24,5.4,8.46,4.03,9.67,1.61,5.267524673940676
642715,Willy Adames,R,SF,7,Grayson Rodriguez,R,680570,823196,LAA @ SF,7:15 PM,24/07,Scheduled,0.3691894368534443,,,,False,1001110101,estimated,0,0,0.0,0.22509682094722921,0.36722356451862764,0.32648936661606137,0.3244400077569488,20,2,0.05614455966568643,0.994,15.0,F,0.25263157894736843,1.5320617742551916,0.5608605773159377,8,6,0,0.18681318681318682,0.24295774647887325,0.5363636363636364,0.23333333333333334,0.23030303030303031,0.22756005056890014,0.20776495278069254,0.21666666666666667,0.21988795518207283,0.2523809523809524,228,0.2,176,False,False,0.35617459053866857,0.01301484631477573,3.90625,4.208333333333333,96,0.08530511950272131,0.08123451612564393,0.004070603377077375,0.2725082574569741,0.2576292444208589,0.014879013036115218,-0.10336016909975167,20,STRONG,8.23,1.77,35.0,3,3,27,17,0,0,0,8,SP,8,168,45,21.0,6.94,4.37,11.57,1.29,21.077866537795906
680776,Jarren Duran,L,BOS,7,Trey Yesavage,R,702056,824733,TOR @ BOS,4:15 PM,24/07,Pre-Game,0.3662991157269495,,,,False,0010100101,live,3,0,0.0,0.14318247347683416,0.3356128825084291,0.41792509751692447,0.23866256830131957,20,2,-0.033121319199057725,1.063,67.7,B,0.2852852852852853,1.5395499872227703,0.33892193676385785,15,5,0,0.21333333333333335,0.18021201413427562,0.47072072072072074,0.23873873873873874,0.2905405405405405,0.17761394101876676,0.16103896103896104,0.20235756385068762,0.1774891774891775,0.18604651162790697,239,0.1888111888111888,163,False,False,0.3644423633756273,0.0018567523513222106,3.849462365591398,4.32258064516129,93,0.07628512876575895,0.08941891146098109,-0.01313378269522214,0.24775116002199815,0.258376727128457,-0.010625567106458844,-0.14618401121070748,20,AVOID,3.78,1.16,81.0,4,5,78,41,0,0,0,15,SP,15,335,53,22.3,8.67,4.56,5.89,0.89,22.456241703075722
701358,Cam Smith,R,HOU,8,Davis Martin,R,663436,824573,HOU @ CWS,4:40 PM,24/07,Pre-Game,0.35617459053866857,,,,False,1000010000,estimated,0,0,0.0,0.14696264562093223,0.2947348141969705,0.43695368817558466,0.15929936276948958,20,4,-0.002200631124397945,0.968,39.8,D,0.2771867612293144,2.2116298732787034,0.425294931285825,19,6,0,0.21296296296296297,0.21076233183856502,0.5807228915662651,0.27590361445783135,0.14337349397590363,0.21998450813323006,0.20990312163616792,0.18421052631578946,0.21186110027311744,0.20526315789473684,212,0.2198581560283688,159,False,False,0.35985785122923497,-0.0036832606905664034,3.4123711340206184,3.8247422680412373,97,0.08123451612564393,0.08910212379181127,-0.007867607666167342,0.23687164943646732,0.25505640972303445,-0.018184760286567125,-0.1985918539268342,20,NEUTRAL,3.31,1.27,106.0,9,5,97,33,0,0,0,19,SP,19,440,102,23.2,8.24,2.8,8.66,0.51,22.74686482892968
593428,Xander Bogaerts,R,SD,8,Ryan Gusto,R,687473,823843,SD @ MIA,4:10 PM,24/07,Pre-Game,0.35617459053866857,,,,False,1011010110,live,0,0,0.0,0.1785843780748279,0.2980987297015347,0.3962281789977015,0.21312532306615342,20,1,-0.06902916205241785,1.0,65.4,B,0.27111984282907664,4.326567864239675,0.40634876528657576,11,3,0,0.26744186046511625,0.1984126984126984,0.5284872298624754,0.28094302554027506,0.1905697445972495,0.210387902695595,0.21034870641169853,0.20108695652173914,0.2092020129403307,0.21634615384615385,238,0.2153846153846154,152,False,False,0.35617459053866857,0.0,3.484536082474227,4.020618556701031,97,0.0715536332508533,0.07938467063074282,-0.007831037379889522,0.231546850542798,0.24748371258793503,-0.01593686204513703,-0.018509888498819918,20,AVOID,4.7,1.37,30.2,0,2,27,10,0,0,0,6,SP,11,138,32,12.5,7.92,2.93,9.39,0.88,12.380052528849424
805367,Chase Meidroth,R,CWS,8,Spencer Arrighetti,R,681293,824573,HOU @ CWS,4:40 PM,24/07,Pre-Game,0.35617459053866857,,,,False,1111011101,estimated,0,0,0.0,0.32804796639290795,0.3435494252458353,0.3821878481659947,0.39730828779683897,20,2,-0.0023540489642184803,0.968,59.8,C,0.28328804347826086,1.7697576636850687,0.3108981204017503,16,6,0,0.2777777777777778,0.2754237288135593,0.46091094493541807,0.469068660774983,0.07002039428959891,0.27010192525481314,0.245593419506463,0.2659279778393352,0.26305220883534136,0.28292682926829266,235,0.267515923566879,173,False,False,0.4077164762532702,-0.05154188571460161,3.731958762886598,4.206185567010309,97,0.07598690008840768,0.09923341930179137,-0.023246519213383693,0.25264442524716496,0.28169919164963814,-0.029054766402473176,0.13708891735812065,20,NEUTRAL,4.34,1.31,87.0,7,5,87,48,0,0,0,16,SP,16,377,66,23.6,9.0,4.97,6.83,1.24,23.16582762929498
682626,Francisco Álvarez,R,NYM,9,Roki Sasaki,R,808963,823601,LAD @ NYM,4:10 PM,24/07,Pre-Game,0.35617459053866857,,,,False,0111011011,estimated,0,0,0.0,0.27692245309625135,0.3656552994097615,0.4537570747334516,0.47814850737926584,20,2,0.01996927803379417,0.949,48.1,D,0.28034300791556727,2.4928919653157036,0.44930389638252366,17,7,0,0.23809523809523808,0.25806451612903225,0.4774052478134111,0.23760932944606414,0.2849854227405248,0.2540983606557377,0.2486865148861646,0.21052631578947367,0.2474937343358396,0.2833333333333333,133,0.21428571428571427,110,False,False,0.35617459053866857,0.0,3.303030303030303,3.6818181818181817,66,0.08348627322103873,0.09352051405127698,-0.010034240830238253,0.24776466397698935,0.2659359203085652,-0.018171256331575875,0.08033733605024032,20,NEUTRAL,4.98,1.34,86.2,3,5,85,34,0,0,0,17,SP,17,374,82,22.0,8.83,3.53,8.52,1.97,21.88299856990858
608348,Carson Kelly,R,CHC,8,Jared Jones,R,683003,823352,CHC @ PIT,3:40 PM,24/07,Pre-Game,0.35617459053866857,,,,False,1001001010,estimated,0,0,0.0,0.19006195098197334,0.256236436412548,0.328047155703418,0.251403725966215,20,2,-0.028928283642223995,1.013,83.2,A,0.3010752688172043,4.174160660937254,0.3706650157622069,9,6,0,0.2823529411764706,0.2534246575342466,0.4500768049155146,0.402457757296467,0.14746543778801843,0.24639423076923078,0.22381930184804927,0.2967032967032967,0.24484364604125083,0.25806451612903225,135,0.27102803738317754,129,False,False,0.37472944989533286,-0.01855485935666429,3.2083333333333335,3.6666666666666665,72,0.06619809290953431,0.08465006767574386,-0.01845197476620955,0.2232654244768404,0.256372126188477,-0.0331067017116366,-0.1316546679127096,20,AVOID,4.05,1.1,40.0,2,1,48,12,0,0,0,9,SP,9,163,32,18.1,10.8,2.7,7.2,1.13,18.097432256813946
686555,Isaac Collins,L,KC,7,Tarik Skubal,L,669373,824248,KC @ DET,3:40 PM,24/07,Pre-Game,0.355431942901067,,,,False,1011111101,live,0,0,0.0,0.3730096573666159,0.34808837798644715,0.46498451411436464,0.47450857006780894,20,1,-0.06810560331687093,1.004,89.1,A,0.3191489361702128,9.212093260691233,0.2926652344798742,13,6,0,0.19480519480519481,0.26291079812206575,0.5630323679727428,0.1797274275979557,0.2572402044293015,0.22928399034593724,0.25,0.23076923076923078,0.23431174089068826,0.24528301886792453,179,0.24427480916030533,162,False,False,0.35590431718073173,-0.00047237427966473344,3.1868131868131866,3.7472527472527473,91,0.0841250785576045,0.08941891146098109,-0.005293832903376594,0.23688515339145852,0.24921869534838126,-0.012333541956922739,0.23808013722940843,20,AVOID,2.83,0.93,82.2,6,5,98,11,0,0,0,14,SP,14,321,66,22.9,10.67,1.2,7.19,1.09,22.86699578209267
592663,J. T. Realmuto,R,PHI,7,Cam Schlittler,R,693645,823434,NYY @ PHI,3:45 PM,24/07,Pre-Game,0.342889470865956,,,,False,1011111111,live,0,0,0.0,0.33893886197616,0.38654244913394914,0.5415343428608461,0.4200063821289067,20,2,0.0027100271002709897,1.009,70.3,B,0.29151483602290473,5.849298671209848,0.3916074390661905,20,5,0,0.21951219512195122,0.2222222222222222,0.9118414188836724,0.0881585811163276,0.0,0.22593320235756384,0.17757009345794392,0.18579234972677597,0.21085714285714285,0.23484848484848486,144,0.20535714285714285,129,False,False,0.3865748202823079,-0.04368534941635188,3.388888888888889,3.7916666666666665,72,0.06213882003031345,0.08940672209301721,-0.027267902062703762,0.23046526168451553,0.2725082574569741,-0.04204299577245857,0.16088968235762235,20,AVOID,2.2,0.96,123.0,9,6,145,25,0,0,0,21,SP,21,489,93,23.3,10.61,1.83,6.8,0.88,23.751085617009434
679822,Justin Foscue,R,TEX,9,Bryce Miller,R,682243,822872,SEA @ TEX,5:05 PM,24/07,Scheduled,0.342889470865956,,,,False,1001100011,estimated,0,0,0.0,0.20552990811958255,0.27338448944386423,0.38801027582106173,0.32061464667613904,20,2,-0.21325828642901817,0.964,92.0,A,0.2921225382932166,8.07603377289085,0.29258091856452323,11,7,0,0.34146341463414637,0.1282051282051282,0.5340659340659341,0.22527472527472528,0.24065934065934066,0.23046092184368738,0.3308550185873606,0.3111111111111111,0.2724252491694352,0.2857142857142857,68,0.25862068965517243,67,False,False,0.3859575341365442,-0.04306806327058821,2.372549019607843,2.6470588235294117,51,0.063957592872097,0.09320372638210717,-0.029246133510010167,0.2262546025218638,0.2762989443376663,-0.05004434181580247,-0.07345571961139395,20,AVOID,2.27,0.88,63.1,4,4,71,10,0,0,0,10,SP,11,241,46,21.9,10.09,1.42,6.54,1.28,22.376052650560982
663757,Trent Grisham,L,NYY,7,Jesús Luzardo,L,666200,823434,NYY @ PHI,3:45 PM,24/07,Pre-Game,0.3424170965862912,,,,False,1110001010,live,0,0,0.0,0.1735280788774287,0.29247132424178385,0.47268689740899184,0.22280259015631754,20,2,0.14492753623188404,1.009,97.7,A,0.328141225337487,3.755156223120487,0.32204767539330587,20,6,0,0.3333333333333333,0.18840579710144928,0.4273104880581516,0.37435098650051923,0.19833852544132918,0.23712835387962292,0.22361359570661896,0.21220930232558138,0.22975929978118162,0.2422360248447205,188,0.2,136,False,False,0.342889470865956,-0.00047237427966478895,3.45,4.05,80,0.06019052892328575,0.07938467063074282,-0.019194141707457077,0.19791125163903134,0.23202490580129073,-0.034113654162259394,-0.02777170244227298,20,AVOID,3.43,1.21,115.1,9,4,143,37,0,0,0,20,SP,20,483,102,24.1,11.16,2.89,7.96,0.78,24.22056566828684
702616,Jackson Holliday,L,BAL,7,Grant Holmes,R,656550,824812,ATL @ BAL,4:05 PM,24/07,Pre-Game,0.33742596487134224,,,,False,0100100011,live,0,0,0.0,0.1998122238620454,0.30146350205947064,0.2813695320763514,0.2900150874855914,20,2,0.0026954177897574316,1.044,44.3,D,0.2749003984063745,1.922125837499476,0.4362304267059578,19,5,0,0.21428571428571427,0.2169811320754717,0.5043246839654025,0.4411177644710579,0.054557551563539586,0.19921875,0.2119815668202765,0.20202020202020202,0.20265379975874548,0.23529411764705882,83,0.19696969696969696,78,False,False,0.342889470865956,-0.00546350599461376,2.627450980392157,3.156862745098039,51,0.08220557763773745,0.08220557763773745,0.0,0.216549749551647,0.216549749551647,0.0,-0.17048050613226398,20,NEUTRAL,3.7,1.34,92.1,6,4,78,41,0,0,0,18,SP,19,400,83,21.1,7.6,4.0,8.09,1.46,20.65975629059625
685133,Wade Meckler,L,LAA,9,Logan Webb,R,657277,823196,LAA @ SF,7:15 PM,24/07,Scheduled,0.33591845007452753,,,,False,1011110001,estimated,0,0,0.0,0.3217252915683075,0.4230925058972072,0.4665120883703367,0.46092429759339415,20,2,0.17714285714285716,0.994,63.8,C,0.27122015915119363,3.053365988730932,0.374765592955006,16,6,0,0.14285714285714285,0.32,0.5510610079575596,0.19827586206896552,0.2506631299734748,0.34174311926605505,0.3049645390070922,0.33043478260869563,0.3280590717299578,0.36363636363636365,97,0.20454545454545456,50,False,False,0.3687170625737796,-0.03279861249925209,3.0,3.340909090909091,44,0.08155052581076,0.09069154298932262,-0.009141017178562624,0.231546850542798,0.23202490580129073,-0.0004780552584927322,0.13456766843854695,20,NEUTRAL,3.87,1.11,107.0,5,7,85,27,0,0,0,17,SP,17,438,92,25.8,7.15,2.27,7.74,0.76,25.85364991261
606192,Teoscar Hernández,R,LAD,7,Sean Manaea,L,640455,823601,LAD @ NYM,4:10 PM,24/07,Pre-Game,0.3306066490958702,,,,False,0000010111,estimated,0,0,0.0,0.1397041363171898,0.29452226111631286,0.46957892750117874,0.27821416909514307,20,2,0.007311538784771809,0.949,52.9,C,0.2634146341463415,3.4506543147396407,0.42825429205097965,20,6,0,0.2465753424657534,0.2392638036809816,0.640418118466899,0.32125435540069686,0.03832752613240418,0.2485207100591716,0.2582781456953642,0.1826625386996904,0.2383073496659243,0.23484848484848486,148,0.25,118,False,False,0.33742596487134224,-0.006819315775472068,3.5223880597014925,3.970149253731343,67,0.07744479790745996,0.08123451612564393,-0.0037897182181839684,0.22548241090019142,0.23688515339145852,-0.011402742491267104,-0.052148707657815034,20,AVOID,4.74,1.36,79.2,2,5,81,26,0,0,0,7,RP,21,353,82,16.8,9.15,2.94,9.26,1.36,19.0147093031636
641343,Jake Bauers,L,MIL,7,Tomoyuki Sugano,R,608372,823759,COL @ MIL,1:10 PM,24/07,Pre-Game,0.32877500458881176,-133.0,144.0,57.0,False,1011000010,live,0,0,0.0,0.22302848458945984,0.3881280334866901,0.5020734785679593,0.3383718236036622,20,2,-0.02974628171478566,0.97,30.5,F,0.23493150684931507,2.3371584268391103,0.43635646076294976,17,6,0,0.2777777777777778,0.24803149606299213,0.5133836650652025,0.28208647906657514,0.20452985586822237,0.24171382376717865,0.25287356321839083,0.22650602409638554,0.24122448979591837,0.26744186046511625,203,0.23529411764705882,159,False,False,0.31964337141747623,0.00913163317133553,3.347826086956522,3.9347826086956523,92,0.0703699906446953,0.06778656930204206,0.0025834213426532415,0.2290474392332141,0.2191704729212934,0.009876966311920699,-0.1954236565217814,20,NEUTRAL,4.76,1.29,90.2,9,4,51,23,0,0,0,17,SP,17,382,94,22.5,5.06,2.28,9.33,1.79,22.73889829234107
672356,Gabriel Arias,R,CLE,7,Shane Mcclanahan,L,663556,822952,CLE @ TB,4:10 PM,24/07,Pre-Game,0.32575860862115796,,,,False,0011100110,live,0,0,0.0,0.23096689248034616,0.4266197675363913,0.4498869558931676,0.48063170861456705,20,1,0.0703296703296703,0.96,60.3,C,0.2950245269796776,2.8234753284578886,0.4166912458575066,18,5,0,0.2857142857142857,0.2153846153846154,0.37421163279607567,0.3328661527680449,0.29292221443587946,0.23931623931623933,0.26153846153846155,0.23880597014925373,0.24705882352941178,0.23636363636363636,58,0.24444444444444444,48,False,False,0.33742596487134224,-0.01166735625018428,3.0303030303030303,3.212121212121212,33,0.07413705459350656,0.08207455303429574,-0.007937498440789184,0.22251844828710599,0.23688515339145852,-0.014366705104352534,0.09114305126012177,20,NEUTRAL,3.16,1.15,91.0,8,6,85,31,0,0,0,18,SP,18,378,74,21.0,8.41,3.07,7.32,0.69,21.358039574615358
687221,Dalton Rushing,L,LAD,9,Sean Manaea,L,640455,823601,LAD @ NYM,4:10 PM,24/07,Pre-Game,0.31432295666309923,,,,False,1000000001,estimated,0,0,0.0,0.17428738192926635,0.34860310941249406,0.45387911631943023,0.2909542289642845,20,2,0.03674756615933089,0.949,52.9,C,0.2634146341463415,3.4506543147396407,0.42825429205097965,20,6,0,0.27450980392156865,0.23776223776223776,0.640418118466899,0.32125435540069686,0.03832752613240418,0.22796352583586627,0.26785714285714285,0.2222222222222222,0.2356637863315004,0.2268041237113402,108,0.26804123711340205,114,False,False,0.32843849452472806,-0.014115537861628835,2.9846153846153847,3.4153846153846152,65,0.06996515685834555,0.0715536332508533,-0.0015884763925077539,0.21410188447836984,0.2322895077273456,-0.01818762324897577,-0.19591966131636482,20,AVOID,4.74,1.36,79.2,2,5,81,26,0,0,0,7,RP,21,353,82,16.8,9.15,2.94,9.26,1.36,19.0147093031636
