batter_id,name,batter_hand,team,slot,pitcher,pitcher_hand,opp_pitcher_id,game_pk,matchup,start_time,game_date,game_state,p_hit,hit_odds,no_hit_odds,yes_cents,has_hit,last5,lineup_source,bvp_ab,bvp_h,bvp_avg,bvp_career,bvp_since,b_hit_rate,b_xba,b_hardhit,b_babip,b_k_rate,b_n_games,b_days_rest,split_diff,park_factor,p_rating,p_grade,p_csw,p_k_bb,p_hardhit_allowed,p_k_rate,p_n_games,p_days_rest,is_opener,b_hit_rate_vs_L,b_hit_rate_vs_R,p_use_fb,p_use_bb,p_use_os,b_hr_vs_fb,b_hr_vs_bb,b_hr_vs_os,b_hr_overall,b_hit_rate_vs_sp,b_pa_vs_sp,b_hit_rate_vs_rp,b_pa_vs_rp,b_is_rookie,p_is_rookie,base_p_hit,matchup_delta,b_avg_ab,b_avg_pa,b_games_played,p_multihit,base_p_multihit,p_multihit_matchup_delta,p_hrRbi,base_p_hrRbi,p_hrRbi_matchup_delta,b_quality_first3,b_n_games_first3,p_era,p_whip_official,p_ip,p_wins,p_losses,p_so,p_bb_official,p_saves,p_blown_saves,p_save_opps,p_games_started,p_role,p_games_pitched,p_bf_official,p_hits_allowed,p_bf_per_g,p_k9,p_bb9,p_h9,p_hr9,p_avg_bf,pen_delta,pen_available_n,pen_rested_frac,def_oaa_tonight,def_oaa_n,sched_games_7d,sched_day_after_night,sched_getaway,sched_tz_shift,b_pa,b_bb_rate,b_hit_rate_long,b_k_rate_long,b_bb_rate_long,b_hardhit_long,b_xba_long,p_hit_rate_vs_hand,slot_pa_exp,def_babip_allowed
676475,Alec Burleson,L,STL,3,Kyle Freeland,L,607536,823021,COL @ STL,4:15 PM,08/08,Scheduled,0.7530691196191773,,,,False,0111111010,estimated,0,0,0.0,0,0,0.29922957505359404,0.37204069342958473,0.5750079332443665,0.4128423707645114,0.19295923555444056,20,1,-0.03235003528581509,1.031,56.7,C,0.2809633027522936,4.429370773910037,0.4221575408545096,0.19221131840671077,20,6,0,0.25688073394495414,0.28923076923076924,0.5424311926605505,0.3176605504587156,0.13990825688073394,0.29951397326852974,0.24720244150559512,0.3370253164556962,0.29056950398040415,0.28679245283018867,287,0.27218934911242604,194,False,False,0.6917712122658123,0.061297907353365044,3.807017543859649,4.219298245614035,114,,,,,,,0.11041885282483699,20,6.81,1.49,108.1,3.0,10.0,93.0,23.0,0.0,0.0,0.0,20.0,SP,20.0,486.0,138.0,24.3,7.73,1.91,11.46,1.74,25.051250369292692,-0.03775661961917731,8,1.0,6.0,7,6,0,0,0.0,4.45,0.08491024901680458,0.2910284463894967,0.15841584158415842,0.07722772277227723,0.48850574712643674,0.347840848806366,0.2916666666666667,4.249,0.3355222851796157
663538,Nico Hoerner,R,CHC,6,Seth Lugo,R,607625,824079,CHC @ KC,4:10 PM,08/08,Scheduled,0.7414418578445017,,,,False,0101101100,estimated,8,1,0.125,1,2023,0.3018017168927063,0.36808406464066695,0.3065780667005358,0.34743664915305533,0.15194581971469717,20,1,-0.03436090575161574,1.028,31.5,F,0.26463473633284956,1.9202913298710897,0.45472560920457983,0.16961121117144148,20,6,0,0.2835820895522388,0.24922118380062305,0.5183930300096805,0.39303000968054214,0.08857696030977735,0.2498608792431831,0.24949290060851928,0.2647058823529412,0.2520530638029059,0.272,279,0.24390243902439024,225,False,False,0.6763621196146413,0.06507973822986035,3.991228070175439,4.421052631578948,114,,,,,,,0.15184137629591876,20,4.41,1.39,128.2,4.0,7.0,99.0,45.0,0.0,0.0,0.0,23.0,SP,23.0,548.0,134.0,23.8,6.92,3.15,9.37,1.05,23.767477662945375,-0.05111328641593027,7,0.7777777777777778,10.0,6,7,0,0,0.0,4.12,0.025943681119634802,0.274468085106383,0.08637236084452975,0.07485604606525911,0.29337254901960785,0.3249756862745098,0.25595238095238093,3.895,0.2723523132907472
805779,Jacob Wilson,R,ATH,1,Jake Bennett,L,687562,824726,ATH @ BOS,1:10 PM,08/08,Scheduled,0.7333031868656302,-203.0,223.0,67.0,False,0011111100,estimated,0,0,0.0,0,0,0.19954063221628102,0.28683283554126904,0.2675851843037797,0.2338496914551793,0.1591385365902719,20,1,-0.030000000000000027,1.063,78.9,B,0.2631578947368421,4.577567878011505,0.3541553921664697,0.17859359352635076,12,6,0,0.25,0.28,0.6414708886618999,0.1041879468845761,0.254341164453524,0.2751824817518248,0.27692307692307694,0.25,0.2726870296591412,0.27807486631016043,196,0.25,119,False,True,0.6876081080640956,0.04569507880153467,4.04054054054054,4.256756756756757,74,,,,,,,0.018115939552392248,20,2.9,1.01,71.1,7.0,4.0,50.0,13.0,0.0,0.0,0.0,12.0,SP,12.0,280.0,59.0,23.3,6.31,1.64,7.44,0.63,23.718066329532544,-0.023753186865630327,4,0.5,18.0,7,6,1,0,0.0,4.65,0.017095292154112172,0.2670940170940171,0.09456740442655935,0.04024144869215292,0.27090261282660333,0.2859398258115598,0.24083769633507854,4.44,0.3177401630789596
660271,Shohei Ohtani,L,LAD,1,Brandon Pfaadt,R,694297,825049,LAD @ AZ,5:10 PM,08/08,Scheduled,0.7264187287517085,-245.0,257.0,71.0,False,1111111110,estimated,21,5,0.23809523809523808,1,2024,0.33110259803669767,0.4579257298569761,0.5529166462823863,0.4827795293426957,0.19320545658759286,20,1,-0.03135888501742162,1.0,53.5,C,0.2642916321458161,2.6232322249876585,0.39347998738568285,0.15640269372503504,20,5,0,0.3170731707317073,0.2857142857142857,0.5617232808616405,0.29660314830157414,0.14167357083678542,0.31737493275954815,0.28907048008171604,0.28662420382165604,0.30510407755916735,0.3157894736842105,294,0.26282051282051283,189,False,False,0.6819681015064932,0.04445062724521531,3.8380952380952382,4.6,105,,,,,,,0.2820105185702806,20,3.66,1.26,78.2,6.0,1.0,52.0,22.0,0.0,0.0,0.0,10.0,RP,20.0,333.0,77.0,16.6,5.95,2.52,8.81,0.92,17.781002547855763,-0.02501872875170863,7,0.7,22.0,7,6,0,0,0.0,4.65,0.05938239298917332,0.28665207877461707,0.23593466424682397,0.10526315789473684,0.5591233435270133,0.4045433231396534,0.281437125748503,4.44,0.3181684970129037
518692,Freddie Freeman,L,LAD,3,Brandon Pfaadt,R,694297,825049,LAD @ AZ,5:10 PM,08/08,Scheduled,0.7006098524589909,-223.0,233.0,69.0,False,1111111110,estimated,27,9,0.3333333333333333,1,2023,0.3682548248049694,0.4104370155601523,0.38411291511392254,0.42797075515327443,0.130642937753858,20,1,-0.056388628553577014,1.0,53.5,C,0.2642916321458161,2.6232322249876585,0.39347998738568285,0.15640269372503504,20,5,0,0.3484848484848485,0.2920962199312715,0.5617232808616405,0.29660314830157414,0.14167357083678542,0.3162696401419159,0.2849213691026827,0.31810490693739424,0.3072074540970129,0.3159851301115242,299,0.2987012987012987,181,False,False,0.6812277206665693,0.019382131792421542,3.7767857142857144,4.285714285714286,112,,,,,,,0.3167483689278779,20,3.66,1.26,78.2,6.0,1.0,52.0,22.0,0.0,0.0,0.0,10.0,RP,20.0,333.0,77.0,16.6,5.95,2.52,8.81,0.92,17.781002547855763,-0.013509852458990834,7,0.7,22.0,7,6,0,0,0.0,4.45,0.040193100537745705,0.30376940133037694,0.16310679611650486,0.10679611650485436,0.4475476839237057,0.35276430517711177,0.281437125748503,4.249,0.3181684970129037
802139,Jj Wetherholt,L,STL,1,Kyle Freeland,L,607536,823021,COL @ STL,4:15 PM,08/08,Scheduled,0.6988053112671411,,,,False,1101001010,estimated,0,0,0.0,0,0,0.1623335550035361,0.28789723306435716,0.3822037971350842,0.17557522022995178,0.10856427403881148,20,1,-0.08024193548387099,1.031,56.7,C,0.2809633027522936,4.429370773910037,0.4221575408545096,0.19221131840671077,20,6,0,0.1875,0.267741935483871,0.5424311926605505,0.3176605504587156,0.13990825688073394,0.2356751370204285,0.2459839357429719,0.2577132486388385,0.24406590337894443,0.25680933852140075,298,0.23030303030303031,195,True,False,0.6716028151190572,0.0272024961480839,3.9074074074074074,4.564814814814815,108,,,,,,,-0.10610910542214591,20,6.81,1.49,108.1,3.0,10.0,93.0,23.0,0.0,0.0,0.0,20.0,SP,20.0,486.0,138.0,24.3,7.73,1.91,11.46,1.74,25.051250369292692,-0.019967811267140978,8,1.0,6.0,7,6,0,0,0.0,4.65,0.2048411728830778,0.2447058823529412,0.15821501014198783,0.0973630831643002,0.44668587896253603,0.3060547550432277,0.2916666666666667,4.44,0.3355222851796157
670541,Yordan Álvarez,L,HOU,2,Mike King,R,650633,823267,HOU @ SD,4:15 PM,08/08,Scheduled,0.6970115329010134,-186.0,194.0,65.0,False,1101111111,estimated,7,2,0.2857142857142857,1,2022,0.35780288096882035,0.43310320867495367,0.5851894041863221,0.4550708567053686,0.1645458826434588,20,1,0.07924641148325362,0.954,68.7,B,0.28537956888472354,2.0403444320504445,0.32015077205771403,0.20688902392555747,20,5,0,0.2727272727272727,0.3519736842105263,0.4681349578256795,0.246485473289597,0.28537956888472354,0.33070088845014806,0.30567226890756305,0.38390092879256965,0.33470057424118127,0.36162361623616235,320,0.2727272727272727,184,False,False,0.6959457692877947,0.0010657636132186399,3.6315789473684212,4.421052631578948,114,,,,,,,0.2096198283083464,20,3.45,1.2,130.1,6.0,8.0,114.0,54.0,0.0,0.0,0.0,23.0,SP,23.0,538.0,102.0,23.4,7.87,3.73,7.04,0.97,23.707046991074975,-0.027971532901013396,5,0.7142857142857143,6.0,7,6,1,0,0.0,4.55,0.1301724137516698,0.3114754098360656,0.1825242718446602,0.11067961165048544,0.5392392392392392,0.41610210210210213,0.21180555555555555,4.349,0.3256993392955122
663968,Jake Mangum,L,PIT,1,Robert Stock,R,476594,823348,NYM @ PIT,3:40 PM,08/08,Scheduled,0.6959457692877947,,,,False,1111011010,estimated,0,0,0.0,0,0,0.2246580442518776,0.32369944416078583,0.38266259157929905,0.3194636201911014,0.22307423717555194,20,1,0.04501949663239985,1.013,63.1,C,0.29577464788732394,,,,1,6,0,0.26373626373626374,0.3087557603686636,0.7714285714285715,0.11428571428571428,0.11428571428571428,0.2826771653543307,0.32748538011695905,0.2876712328767123,0.29381682938168296,0.3254437869822485,180,0.2589928057553957,161,False,False,0.6917712122658123,0.004174557021982439,3.5,3.875,88,,,,,,,0.034153834681071665,20,1.8,0.6,5.0,0.0,1.0,4.0,0.0,0.0,0.0,0.0,1.0,SP,1.0,18.0,3.0,18.0,7.2,0.0,5.4,1.8,,0.006814230712205216,5,0.625,-3.0,6,7,0,0,0.0,4.65,0.08942185805584298,0.31476997578692495,0.17040358744394618,0.04035874439461883,0.2702769535113749,0.30570276953511377,0.25,4.44,0.3278924783524807
664983,Jake Mccarthy,L,COL,1,Matthew Liberatore,L,669461,823021,COL @ STL,4:15 PM,08/08,Scheduled,0.6959457692877947,,,,False,0100111111,estimated,0,0,0.0,0,0,0.3025153303301367,0.36457053971585,0.30133211049407527,0.3610588068636918,0.15267173524692934,20,1,-0.005152425933877214,1.031,49.1,D,0.2834193918531268,2.969759122141383,0.4222562186004788,0.2484612500277562,20,6,0,0.29411764705882354,0.29927007299270075,0.44489092996555685,0.40757749712973596,0.14753157290470723,0.27898279730740466,0.27294685990338163,0.2519893899204244,0.27372549019607845,0.3056768558951965,245,0.2846153846153846,144,False,False,0.6930647709092582,0.0028809983785365034,3.7010309278350517,4.010309278350515,97,,,,,,,0.10945569961821028,20,4.97,1.49,108.2,5.0,8.0,107.0,41.0,0.0,0.0,0.0,22.0,SP,22.0,476.0,121.0,21.6,8.86,3.4,10.02,1.57,21.428976238935398,0.0027342307122053544,5,0.625,28.0,7,6,0,0,0.0,4.65,0.006189246887434161,0.2850356294536817,0.17180616740088106,0.039647577092511016,0.25792031098153545,0.30748396501457725,0.29591836734693877,4.44,0.3255581696952023
678882,Ceddanne Rafaela,R,BOS,1,Gage Jump,L,695611,824726,ATH @ BOS,1:10 PM,08/08,Scheduled,0.6926455624368427,,,,False,1111111011,estimated,0,0,0.0,0,0,0.32324398465472,0.33996740546713844,0.32696437080414575,0.43304362245533506,0.20446838720773994,20,1,-0.009728050574963232,1.063,33.0,F,0.28313253012048195,2.2274231744006054,0.448238951663315,0.2669258792997733,13,6,0,0.2796610169491525,0.28938906752411575,0.5086355785837651,0.41278065630397237,0.07858376511226252,0.28342245989304815,0.2723697148475909,0.25067385444743934,0.2769277845777234,0.27380952380952384,269,0.3050847457627119,188,False,True,0.6806745428630475,0.011971019573795205,3.9722222222222223,4.231481481481482,108,,,,,,,0.13119347385592733,20,4.59,1.47,66.2,4.0,7.0,73.0,31.0,0.0,0.0,0.0,13.0,SP,13.0,288.0,67.0,22.2,9.86,4.19,9.05,0.94,22.043550915322523,-0.013095562436842734,6,0.6,-15.0,6,6,1,0,0.0,4.65,0.01976562857453136,0.29130434782608694,0.20486815415821502,0.05070993914807302,0.3465645311049211,0.30276137418755805,0.2648648648648649,4.44,0.37383225180373264
808982,Jung Hoo Lee,L,SF,3,Jackson Jobe,R,695549,823188,DET @ SF,4:15 PM,08/08,Scheduled,0.6925914352173237,,,,False,1110111111,estimated,5,0,0.0,1,2025,0.3108733239622948,0.32630189475973026,0.29632808593013216,0.3703059873116051,0.11206244496633394,20,1,0.026989297347603525,0.994,,,,,,,0,0,0,0.2857142857142857,0.3127035830618892,,,,0.30383663366336633,0.29020556227327693,0.3130434782608696,0.3007142857142857,0.2909090909090909,233,0.3258426966292135,193,False,False,0.6864056111101619,0.006185824107161841,3.7904761904761903,4.057142857142857,105,,,,,,,0.1596059234598771,20,,,,,,,,,,,,,,,,,,,,,,-0.0035628637887522574,7,0.7777777777777778,-6.0,7,6,1,0,0.0,4.45,0.05375080779479623,0.2982062780269058,0.10272536687631027,0.04612159329140461,0.2886230058774139,0.3156775818639798,,4.249,0.27786452490819036
691718,Pete Crow-Armstrong,L,CHC,1,Seth Lugo,R,607625,824079,CHC @ KC,4:10 PM,08/08,Scheduled,0.6902147010406802,-270.0,285.0,73.0,False,1101011111,estimated,5,1,0.2,1,2024,0.30294579591421095,0.38699639513398876,0.5423472746306028,0.45362730141280955,0.2877848398423809,20,1,-0.031559290382819793,1.028,31.5,F,0.26463473633284956,1.9202913298710897,0.45472560920457983,0.16961121117144148,20,6,0,0.31092436974789917,0.27936507936507937,0.5183930300096805,0.39303000968054214,0.08857696030977735,0.2625570776255708,0.28361138370951916,0.3133561643835616,0.2779590625927025,0.28,290,0.29891304347826086,221,False,False,0.6528319209764525,0.03738278006422768,3.7413793103448274,4.405172413793103,116,,,,,,,0.053866135235775485,20,4.41,1.39,128.2,4.0,7.0,99.0,45.0,0.0,0.0,0.0,23.0,SP,23.0,548.0,134.0,23.8,6.92,3.15,9.37,1.05,23.767477662945375,-0.015457558183537334,7,0.7777777777777778,10.0,6,7,0,0,0.0,4.65,0.14635521030602808,0.27640449438202247,0.2678227360308285,0.10404624277456648,0.4803921568627451,0.36254901960784314,0.2834890965732087,4.44,0.2723523132907472
691023,Jordan Walker,R,STL,2,Kyle Freeland,L,607536,823021,COL @ STL,4:15 PM,08/08,Scheduled,0.6882217757489499,,,,False,0001111111,estimated,7,2,0.2857142857142857,1,2023,0.24556808111396455,0.3083586816167821,0.3023907644587043,0.3411776104082713,0.2371983008130381,20,1,0.009615384615384637,1.031,56.7,C,0.2809633027522936,4.429370773910037,0.4221575408545096,0.19221131840671077,20,6,0,0.2916666666666667,0.28205128205128205,0.5424311926605505,0.3176605504587156,0.13990825688073394,0.2647058823529412,0.26416739319965127,0.2841225626740947,0.26784,0.28346456692913385,279,0.28651685393258425,196,False,False,0.6492021902051722,0.03901958554377771,3.891891891891892,4.2792792792792795,111,,,,,,,0.2034366553845706,20,6.81,1.49,108.1,3.0,10.0,93.0,23.0,0.0,0.0,0.0,20.0,SP,20.0,486.0,138.0,24.3,7.73,1.91,11.46,1.74,25.051250369292692,-0.018621775748949965,8,1.0,6.0,7,6,0,0,0.0,4.55,0.048749068043074814,0.27292576419213976,0.2504930966469428,0.08086785009861933,0.49521651560926483,0.3692477341389728,0.3074626865671642,4.349,0.3355222851796157
664770,Nathan Lukes,L,TOR,1,Aaron Nola,R,605400,823426,TOR @ PHI,3:05 PM,08/08,Scheduled,0.6873337026621437,,,,False,1000000101,estimated,0,0,0.0,0,0,0.15225410246906448,0.24949208156121133,0.24032912492123923,0.20673373342767135,0.15135032640191526,20,1,0.0582650539732085,1.009,57.9,C,0.2988947621335896,2.9775781918316855,0.43831106014225707,0.22706303276496947,20,5,0,0.21212121212121213,0.2703862660944206,0.5024131274131274,0.34025096525096526,0.15733590733590733,0.24049000644745325,0.2421875,0.329153605015674,0.2527242246437552,0.23214285714285715,183,0.3163265306122449,109,False,False,0.6860401440186977,0.0012935586434459356,3.325,3.65,80,,,,,,,-0.12150517949613367,20,5.55,1.44,120.0,3.0,9.0,121.0,41.0,0.0,0.0,0.0,23.0,SP,23.0,522.0,132.0,22.7,9.08,3.08,9.9,2.1,22.95442374933643,0.0015662973378562928,1,0.125,-13.0,7,7,0,0,0.0,4.65,0.058129663945701536,0.2766497461928934,0.14942528735632185,0.06666666666666667,0.3411854103343465,0.30433738601823707,0.2807017543859649,4.44,0.3128395124733892
665487,Fernando Tatís,R,SD,1,Peter Lambert,R,663567,823267,HOU @ SD,4:15 PM,08/08,Scheduled,0.6873337026621437,-212.0,223.0,68.0,False,1111001111,estimated,5,3,0.6,1,2023,0.2692903988145599,0.3395059700543741,0.4934871843097525,0.30618261739229896,0.13216161666288487,20,1,-0.06024063365034121,0.954,71.8,B,0.27216954824316786,2.883040144980644,0.3591862770007197,0.2511407085182764,19,6,0,0.32710280373831774,0.2668621700879765,0.503070910106086,0.26744835287548857,0.22948073701842547,0.2704837117472853,0.2583955223880597,0.21511627906976744,0.2591160220994475,0.2509090909090909,313,0.32947976878612717,192,False,False,0.6873337026621437,0.0,3.9298245614035086,4.4298245614035086,114,,,,,,,-0.12185658106890504,20,3.06,1.13,108.2,8.0,5.0,108.0,41.0,0.0,0.0,0.0,19.0,SP,19.0,449.0,82.0,23.6,8.94,3.4,6.79,0.91,23.53792751384885,-0.008600369328810364,3,0.42857142857142855,2.0,7,7,1,0,0.0,4.65,0.0949478482657819,0.27729257641921395,0.20576923076923076,0.08846153846153847,0.5217948717948718,0.3643219373219373,0.27040816326530615,4.44,0.29290725815592317
672640,Otto Lopez,R,MIA,1,Walbert Ureña,R,700712,823834,LAA @ MIA,1:10 PM,08/08,Scheduled,0.6864056111101619,,,,False,0100111010,estimated,0,0,0.0,0,0,0.18875665534402122,0.256611329334147,0.3313610409121992,0.19644153791180916,0.08448425135419603,20,1,-0.08093238032078204,1.0,73.4,B,0.2907253269916766,1.8856036297286407,0.3289418288245913,0.228807724096764,19,6,0,0.37398373983739835,0.2930513595166163,0.5241502683363148,0.1520572450805009,0.32379248658318427,0.341998844598498,0.285831960461285,0.3308270676691729,0.3206787460454415,0.31272727272727274,298,0.31843575418994413,194,False,True,0.6917712122658123,-0.005365601155650435,4.017699115044247,4.353982300884955,113,,,,,,,-0.12202747971278696,20,2.54,1.25,99.1,7.0,7.0,95.0,52.0,0.0,0.0,0.0,18.0,SP,20.0,423.0,72.0,21.1,8.61,4.71,6.52,0.54,22.365037805232504,0.0054193888898380616,4,0.5,-2.0,6,6,1,0,0.0,4.65,0.027633656706377536,0.3172268907563025,0.13618677042801555,0.04474708171206226,0.41535303776683086,0.327061986863711,0.1952662721893491,4.44,0.2961232027332944
607208,Trea Turner,R,PHI,1,Max Scherzer,R,453286,823426,TOR @ PHI,3:05 PM,08/08,Scheduled,0.6860401440186977,-245.0,257.0,71.0,False,0111101010,estimated,8,3,0.375,1,2023,0.29184769122379584,0.36806911149183236,0.4385497244198534,0.341918730902927,0.1611979641679934,20,1,-0.00888730892285819,1.009,28.7,F,0.2188034188034188,1.4443546945314258,0.39497409611510975,0.17227602866767577,8,6,0,0.25287356321839083,0.24398625429553264,0.476027397260274,0.3613013698630137,0.16267123287671234,0.22660332541567696,0.22805805114029026,0.25279642058165547,0.22954091816367264,0.24315068493150685,312,0.2543352601156069,189,False,False,0.664013834436004,0.022026309582693693,4.115044247787611,4.433628318584071,113,,,,,,,0.0479829833180977,20,7.92,1.63,30.2,1.0,4.0,23.0,15.0,0.0,0.0,0.0,8.0,SP,8.0,140.0,35.0,17.5,6.75,4.4,10.27,2.64,17.696475873410037,-0.015490144018697749,4,0.5,7.0,6,7,0,0,0.0,4.65,0.05240664225058284,0.24180327868852458,0.22328244274809161,0.05916030534351145,0.4047619047619047,0.3128167115902965,0.2,4.44,0.3063247120069656
665489,Vladimir Guerrero,R,TOR,2,Aaron Nola,R,605400,823426,TOR @ PHI,3:05 PM,08/08,Scheduled,0.6860401440186977,-203.0,212.0,67.0,False,1101111000,estimated,8,5,0.625,1,2023,0.23537548534822839,0.30626223197903035,0.39308142531524715,0.2613503116645879,0.20056513614641425,20,4,0.012626262626262652,1.009,57.9,C,0.2988947621335896,2.9775781918316855,0.43831106014225707,0.22706303276496947,20,5,0,0.25,0.26262626262626265,0.5024131274131274,0.34025096525096526,0.15733590733590733,0.25542570951585974,0.24971493728620298,0.22792022792022792,0.25156817431495543,0.23809523809523808,282,0.2953020134228188,175,False,False,0.6812277206665693,0.004812423352128392,3.712962962962963,4.231481481481482,108,,,,,,,-0.0006056493864370956,20,5.55,1.44,120.0,3.0,9.0,121.0,41.0,0.0,0.0,0.0,23.0,SP,23.0,522.0,132.0,22.7,9.08,3.08,9.9,2.1,22.95442374933643,-0.004840144018697701,1,0.125,-13.0,7,7,0,0,0.0,4.55,0.06632414256823575,0.28794642857142855,0.12403100775193798,0.09108527131782945,0.45659722222222227,0.33973177083333334,0.2751322751322751,4.349,0.3128395124733892
695506,Jac Caglianone,L,KC,2,Clay Holmes,R,605280,824079,CHC @ KC,4:10 PM,08/08,Scheduled,0.6812277206665693,,,,False,0110111111,estimated,0,0,0.0,0,0,0.24900013739562718,0.35129609015984103,0.5377611133603393,0.27399824281129437,0.12511920893342574,20,1,-0.005767524401064761,1.028,49.1,D,0.28502415458937197,2.677328643164062,0.4525534400737207,0.2209115974620578,9,85,0,0.2608695652173913,0.25510204081632654,0.5760869565217391,0.2777777777777778,0.1461352657004831,0.2484375,0.23478260869565218,0.2266949152542373,0.23946288698246923,0.26244343891402716,244,0.24848484848484848,174,False,False,0.6643773179614606,0.016850402705108736,3.574074074074074,3.8703703703703702,108,,,,,,,0.10688802354567267,20,2.39,1.1,52.2,4.0,4.0,45.0,18.0,0.0,0.0,0.0,9.0,SP,9.0,215.0,40.0,23.9,7.69,3.08,6.84,0.51,23.894181180411422,-0.031877720666569354,2,0.4,47.0,7,6,0,0,0.0,4.55,0.023785991842802775,0.24154589371980675,0.2803532008830022,0.0728476821192053,0.5365853658536586,0.3644006968641115,0.22608695652173913,4.349,0.29366136627278533
695720,Tommy White,R,ATH,4,Jake Bennett,L,687562,824726,ATH @ BOS,1:10 PM,08/08,Scheduled,0.6812277206665693,,,,False,1000100110,estimated,0,0,0.0,0,0,0.23379209073234497,0.31813559504601746,0.2981613654284612,0.24755501252850884,0.22508290928034927,19,1,0.24305555555555558,1.063,78.9,B,0.2631578947368421,4.577567878011505,0.3541553921664697,0.17859359352635076,12,6,0,0.3541666666666667,0.1111111111111111,0.6414708886618999,0.1041879468845761,0.254341164453524,0.2198581560283688,0.18248175182481752,0.2898550724637681,0.2192622950819672,0.26666666666666666,46,0.26666666666666666,31,True,True,0.6613113663225487,0.019916354344020615,3.9473684210526314,4.052631578947368,19,,,,,,,-0.0696586464686563,19,2.9,1.01,71.1,7.0,4.0,50.0,13.0,0.0,0.0,0.0,12.0,SP,12.0,280.0,59.0,23.3,6.31,1.64,7.44,0.63,23.718066329532544,-0.03680272066656931,4,0.5,18.0,7,6,1,0,0.0,4.35,0.017551394456968322,0.2753623188405797,0.16216216216216217,0.06756756756756757,0.3333333333333333,0.29754385964912283,0.24083769633507854,4.159,0.3177401630789596
681624,Andy Pages,R,LAD,2,Brandon Pfaadt,R,694297,825049,LAD @ AZ,5:10 PM,08/08,Scheduled,0.6812277206665693,,,,False,1111111011,estimated,14,3,0.21428571428571427,1,2024,0.26299552625109435,0.3598714994592744,0.3645051585033223,0.3460846817087653,0.19740092479853594,20,1,-0.010922823203231458,1.0,53.5,C,0.2642916321458161,2.6232322249876585,0.39347998738568285,0.15640269372503504,20,5,0,0.2733812949640288,0.26245847176079734,0.5617232808616405,0.29660314830157414,0.14167357083678542,0.2683035714285714,0.22854291417165667,0.2553191489361702,0.2568984547461369,0.23921568627450981,284,0.3027027027027027,209,False,False,0.6662660298515197,0.01496169081504961,3.893805309734513,4.3628318584070795,113,,,,,,,0.1965859741110324,20,3.66,1.26,78.2,6.0,1.0,52.0,22.0,0.0,0.0,0.0,10.0,RP,20.0,333.0,77.0,16.6,5.95,2.52,8.81,0.92,17.781002547855763,-0.016227720666569412,7,0.7,22.0,7,6,0,0,0.0,4.55,0.07193309095269451,0.2621145374449339,0.1913214990138067,0.07889546351084813,0.43977591036414565,0.3256750700280112,0.21897810218978103,4.349,0.3181684970129037
650490,Yandy Díaz,R,TB,1,George Kirby,R,669923,823102,TB @ SEA,6:50 PM,08/08,Scheduled,0.6806225021189664,,,,False,0011110010,estimated,10,5,0.5,1,2023,0.1959041757616106,0.30050516673270955,0.4951867768616217,0.26645117033068083,0.2042488729318074,20,1,-0.027719063545150524,0.906,56.9,C,0.268586387434555,4.9091624911596705,0.4204612054382085,0.21021689097074736,20,6,0,0.312,0.2842809364548495,0.5324947589098532,0.3915094339622642,0.0759958071278826,0.26177105831533476,0.2675086107921929,0.2446236559139785,0.26183141977037244,0.24253731343283583,301,0.3782051282051282,178,False,False,0.6925914352173237,-0.011968933098357337,3.889908256880734,4.394495412844036,109,,,,,,,-0.16636402881109746,20,3.76,1.28,127.0,8.0,9.0,110.0,26.0,0.0,0.0,0.0,21.0,SP,21.0,523.0,136.0,24.9,7.8,1.84,9.64,1.06,24.772615721026952,-0.005951073547537877,7,0.875,-10.0,7,6,0,0,0.0,4.65,0.05958496336704479,0.31277533039647576,0.14202334630350194,0.08560311284046693,0.47703412073490814,0.3228280839895013,0.28991596638655465,4.44,0.346393768127407
666182,Bo Bichette,R,NYM,3,Bubba Chandler,R,696149,823348,NYM @ PIT,3:40 PM,08/08,Scheduled,0.6798850106539961,,,,False,0010101111,estimated,0,0,0.0,0,0,0.2563874634478891,0.2871871745650419,0.22919531706275348,0.3317536906630408,0.22992560842280507,20,1,-0.07939098722297314,1.013,52.2,C,0.2582503928758512,1.7561426190167504,0.37841707522629653,0.19441285901707037,20,5,0,0.3185840707964602,0.23919308357348704,0.5436382754994742,0.2928496319663512,0.16351209253417456,0.2647887323943662,0.2315882874889086,0.3022113022113022,0.2590377820059799,0.273972602739726,315,0.23214285714285715,183,False,False,0.6613113663225487,0.01857364433144737,4.0,4.3304347826086955,115,,,,,,,0.14850857538718767,20,4.49,1.41,110.1,4.0,8.0,98.0,61.0,0.0,0.0,0.0,21.0,SP,22.0,487.0,95.0,22.1,7.99,4.98,7.75,0.82,22.473839210835624,-0.027218343987329474,6,0.6666666666666666,-8.0,6,6,0,0,0.0,4.45,0.038106639670278615,0.2676659528907923,0.1761252446183953,0.0684931506849315,0.4149425287356322,0.33894341290893015,0.21761658031088082,4.249,0.34654757156915134
641680,Jonah Heim,L,ATH,3,Jake Bennett,L,687562,824726,ATH @ BOS,1:10 PM,08/08,Scheduled,0.6791087301538195,,,,False,0111010110,estimated,0,0,0.0,0,0,0.2105323726913986,0.32280675017350696,0.4458635756326921,0.27284169438075756,0.21117733302113043,20,1,-0.029166666666666646,1.063,78.9,B,0.2631578947368421,4.577567878011505,0.3541553921664697,0.17859359352635076,12,6,0,0.2152777777777778,0.24444444444444444,0.6414708886618999,0.1041879468845761,0.254341164453524,0.21457085828343314,0.20493827160493827,0.23824451410658307,0.21668597914252608,0.2391304347826087,149,0.20833333333333334,107,False,True,0.6547619928775888,0.0243467372762306,3.391304347826087,3.710144927536232,69,,,,,,,-0.0377349143514923,20,2.9,1.01,71.1,7.0,4.0,50.0,13.0,0.0,0.0,0.0,12.0,SP,12.0,280.0,59.0,23.3,6.31,1.64,7.44,0.63,23.718066329532544,-0.034133730153819375,4,0.5,18.0,7,6,1,0,0.0,4.45,0.06502737031824105,0.21794871794871795,0.17511520737327188,0.08294930875576037,0.3503715498938429,0.28058280254777074,0.19117647058823528,4.249,0.3177401630789596
694192,Jackson Chourio,R,MIL,2,Taj Bradley,R,671737,823752,MIN @ MIL,4:10 PM,08/08,Scheduled,0.6789520781616436,,,,False,1011101011,estimated,0,0,0.0,0,0,0.27071072540810187,0.3829710517304873,0.5851168013625136,0.34595769027264334,0.2046192966579814,20,1,-0.037470137055199304,0.97,51.2,C,0.2811188811188811,2.566242149512253,0.4635470654047287,0.26852027162512715,20,6,0,0.30303030303030304,0.26556016597510373,0.7056902985074627,0.08955223880597014,0.20475746268656717,0.2590144230769231,0.2853957636566332,0.2947761194029851,0.27103132699753607,0.30303030303030304,217,0.23943661971830985,156,False,False,0.6666839908843648,0.012268087277278794,4.146341463414634,4.548780487804878,82,,,,,,,0.13981585133982183,20,3.69,1.24,126.2,9.0,4.0,141.0,53.0,0.0,0.0,0.0,22.0,SP,22.0,533.0,104.0,24.2,10.02,3.77,7.39,1.21,24.655396633654657,-0.007818744828310353,3,0.375,-9.0,5,7,0,0,0.0,4.55,0.10205036642491944,0.27494908350305497,0.23605947955390336,0.06133828996282528,0.4931776556776557,0.3321043956043956,0.24623115577889448,4.349,0.3070979722413909
676391,Ernie Clement,R,TOR,6,Aaron Nola,R,605400,823426,TOR @ PHI,3:05 PM,08/08,Scheduled,0.6786702530933876,,,,False,1101000110,estimated,0,0,0.0,0,0,0.18266195248082237,0.23313979788072411,0.12034006569919116,0.19664357803693996,0.0939379774383912,20,1,0.018071238066751427,1.009,57.9,C,0.2988947621335896,2.9775781918316855,0.43831106014225707,0.22706303276496947,20,5,0,0.2713178294573643,0.28938906752411575,0.5024131274131274,0.34025096525096526,0.15733590733590733,0.2729083665338645,0.2718340611353712,0.24362606232294617,0.2694244604316547,0.25287356321839083,271,0.329608938547486,191,False,False,0.668865250233348,0.009805002860039602,3.8596491228070176,4.052631578947368,114,,,,,,,-0.09013620060986,20,5.55,1.44,120.0,3.0,9.0,121.0,41.0,0.0,0.0,0.0,23.0,SP,23.0,522.0,132.0,22.7,9.08,3.08,9.9,2.1,22.95442374933643,-0.0030702530933875982,1,0.125,-13.0,7,7,0,0,0.0,4.12,0.01993996479863937,0.296137339055794,0.09795918367346938,0.0326530612244898,0.23425039872408296,0.2798333333333333,0.2751322751322751,3.895,0.3128395124733892
802415,Chandler Simpson,L,TB,5,George Kirby,R,669923,823102,TB @ SEA,6:50 PM,08/08,Scheduled,0.678608925565792,,,,False,1001111110,estimated,0,0,0.0,0,0,0.3505667960028206,0.27228401737946756,0.12846563668072872,0.38469021978031764,0.07323587839170227,20,1,0.06930030130565781,0.906,56.9,C,0.268586387434555,4.9091624911596705,0.4204612054382085,0.21021689097074736,20,6,0,0.2413793103448276,0.3106796116504854,0.5324947589098532,0.3915094339622642,0.0759958071278826,0.2948328267477204,0.2650793650793651,0.26683291770573564,0.2844955489614243,0.30833333333333335,259,0.27564102564102566,171,False,False,0.668865250233348,0.009743675332444024,3.8076923076923075,4.134615384615385,104,,,,,,,0.1155715219075973,20,3.76,1.28,127.0,8.0,9.0,110.0,26.0,0.0,0.0,0.0,21.0,SP,21.0,523.0,136.0,24.9,7.8,1.84,9.64,1.06,24.772615721026952,-0.02972321128007771,7,0.875,-10.0,7,6,0,0,0.0,4.25,0.016591231116871802,0.29555555555555557,0.09090909090909091,0.045454545454545456,0.14675697865353038,0.2815894909688013,0.2627450980392157,4.023,0.346393768127407
682829,Elly De La Cruz,L,CIN,1,Andrew Alvarez,L,674841,822701,CIN @ WSH,3:45 PM,08/08,Scheduled,0.6784017928573324,-212.0,223.0,68.0,False,1011011111,estimated,0,0,0.0,0,0,0.2902955526140134,0.3556210319377996,0.4763446142275939,0.36853444451402145,0.2059111333408545,20,1,0.0475175022129235,1.04,35.1,D,0.2834862385321101,1.953931239527081,0.44408477213937936,0.22057888914780802,16,5,0,0.313953488372093,0.2664359861591695,0.42752293577981654,0.5394495412844037,0.03302752293577982,0.25477326968973746,0.25075528700906347,0.2594752186588921,0.2550595238095238,0.27385892116182575,267,0.2835820895522388,161,False,False,0.6528657973835561,0.025535995473776274,3.9473684210526314,4.505263157894737,95,,,,,,,0.24110354356234429,20,3.94,1.45,64.0,2.0,3.0,63.0,31.0,1.0,0.0,1.0,8.0,RP,16.0,276.0,62.0,17.2,8.86,4.36,8.72,0.28,18.1850226660875,0.010483921428381948,7,0.7,1.0,6,6,0,0,0.0,4.65,0.18589560791889345,0.2657952069716776,0.272552783109405,0.10940499040307101,0.5488958990536278,0.3785289169295479,0.2676056338028169,4.44,0.3149151465425154
683737,Michael Busch,L,CHC,3,Seth Lugo,R,607625,824079,CHC @ KC,4:10 PM,08/08,Scheduled,0.6780913672000181,,,,False,0101110101,estimated,0,0,0.0,0,0,0.2696608301646293,0.3031343097486827,0.33619253380426223,0.3393421184396475,0.19202241970862283,20,1,-0.07261904761904764,1.028,31.5,F,0.26463473633284956,1.9202913298710897,0.45472560920457983,0.16961121117144148,20,6,0,0.2916666666666667,0.21904761904761905,0.5183930300096805,0.39303000968054214,0.08857696030977735,0.22394043528064148,0.247992863514719,0.19439252336448598,0.22858813212510962,0.242914979757085,293,0.23404255319148937,226,False,False,0.617204633242611,0.06088673395740707,3.782608695652174,4.51304347826087,115,,,,,,,0.09991585640230449,20,4.41,1.39,128.2,4.0,7.0,99.0,45.0,0.0,0.0,0.0,23.0,SP,23.0,548.0,134.0,23.8,6.92,3.15,9.37,1.05,23.767477662945375,-0.02659136720001798,7,0.7777777777777778,10.0,6,7,0,0,0.0,4.45,0.05176294005423868,0.23820224719101124,0.22306238185255198,0.1285444234404537,0.4140672782874618,0.30717737003058104,0.2834890965732087,4.249,0.2723523132907472
646240,Rafael Devers,L,SF,2,Jackson Jobe,R,695549,823188,DET @ SF,4:15 PM,08/08,Scheduled,0.6764991703015069,-150.0,156.0,60.0,False,1010110011,estimated,0,0,0.0,0,0,0.2451122503478013,0.3007936658232079,0.558502862928132,0.27860227702524126,0.16079046537453812,20,1,0.04365079365079366,0.994,,,,,,,0,0,0,0.21666666666666667,0.26031746031746034,,,,0.2306684141546527,0.2141089108910891,0.2796610169491525,0.23620737454948712,0.23735408560311283,284,0.2640449438202247,204,False,False,0.661684387970288,0.014814782331218912,3.782608695652174,4.243478260869566,115,,,,,,,0.02530541257359386,20,,,,,,,,,,,,,,,,,,,,,,-0.0001563131586497235,7,0.7777777777777778,-6.0,7,6,1,0,0.0,4.55,0.11630122644737596,0.2533039647577093,0.26418786692759294,0.09001956947162426,0.5157262277951934,0.32867084639498434,,4.349,0.27786452490819036
691458,Blaze Jordan,R,STL,8,Kyle Freeland,L,607536,823021,COL @ STL,4:15 PM,08/08,Scheduled,0.6758621195109189,,,,False,0011111110,estimated,0,0,0.0,0,0,0.27529787495255803,0.40568714701809766,0.5892192856189228,0.3707240622566344,0.14603867685989652,20,1,0.1025526197939991,1.031,56.7,C,0.2809633027522936,4.429370773910037,0.4221575408545096,0.19221131840671077,20,6,0,0.3103448275862069,0.2077922077922078,0.5424311926605505,0.3176605504587156,0.13990825688073394,0.2402464065708419,0.23616236162361623,0.1702127659574468,0.2321219226260258,0.21052631578947367,78,0.3050847457627119,67,True,False,0.6309760662539847,0.04488605325693418,3.292682926829268,3.5365853658536586,41,,,,,,,0.10715392403271623,20,6.81,1.49,108.1,3.0,10.0,93.0,23.0,0.0,0.0,0.0,20.0,SP,20.0,486.0,138.0,24.3,7.73,1.91,11.46,1.74,25.051250369292692,-0.01596211951091886,8,1.0,6.0,7,6,0,0,0.0,3.88,0.022953482128304677,0.248,0.13432835820895522,0.03731343283582089,0.4330218068535826,0.2934579439252336,0.3074626865671642,3.598,0.3355222851796157
691016,Tyler Soderstrom,L,ATH,2,Jake Bennett,L,687562,824726,ATH @ BOS,1:10 PM,08/08,Scheduled,0.6755545863528151,,,,False,0000111111,estimated,0,0,0.0,0,0,0.2705992952336276,0.31974790099218653,0.5537330428993673,0.36527168426511275,0.25200037107000706,20,1,0.009913340336134446,1.063,78.9,B,0.2631578947368421,4.577567878011505,0.3541553921664697,0.17859359352635076,12,6,0,0.25210084033613445,0.2421875,0.6414708886618999,0.1041879468845761,0.254341164453524,0.25972396486825594,0.25217391304347825,0.2826086956521739,0.26157407407407407,0.26991150442477874,264,0.2080536912751678,167,False,True,0.6404690148583698,0.035085571494445245,3.605769230769231,4.144230769230769,104,,,,,,,0.3138334869018244,20,2.9,1.01,71.1,7.0,4.0,50.0,13.0,0.0,0.0,0.0,12.0,SP,12.0,280.0,59.0,23.3,6.31,1.64,7.44,0.63,23.718066329532544,-0.03197958635281506,4,0.5,18.0,7,6,1,0,0.0,4.55,0.08402607872456283,0.24880382775119617,0.1949685534591195,0.10272536687631027,0.457948717948718,0.3191466666666667,0.19117647058823528,4.349,0.3177401630789596
673548,Seiya Suzuki,R,CHC,2,Seth Lugo,R,607625,824079,CHC @ KC,4:10 PM,08/08,Scheduled,0.6755545863528151,,,,False,1101111101,estimated,9,2,0.2222222222222222,1,2023,0.2857143708144138,0.36059072752614624,0.34088950725291245,0.4142661035733022,0.21119552926720844,20,1,-0.008080155138978695,1.028,31.5,F,0.26463473633284956,1.9202913298710897,0.45472560920457983,0.16961121117144148,20,6,0,0.2773109243697479,0.2692307692307692,0.5183930300096805,0.39303000968054214,0.08857696030977735,0.27437916414294367,0.2023121387283237,0.31417624521072796,0.25039669946048876,0.2676056338028169,243,0.27710843373493976,196,False,False,0.6361957750705163,0.03935881128229879,3.79,4.39,100,,,,,,,0.10180273075847636,20,4.41,1.39,128.2,4.0,7.0,99.0,45.0,0.0,0.0,0.0,23.0,SP,23.0,548.0,134.0,23.8,6.92,3.15,9.37,1.05,23.767477662945375,-0.012040300638529233,7,0.7777777777777778,10.0,6,7,0,0,0.0,4.55,0.1599372310702098,0.26174496644295303,0.258252427184466,0.1087378640776699,0.417728237791932,0.33835350318471336,0.25595238095238093,4.349,0.2723523132907472
805808,Kevin Mcgonigle,L,DET,1,Landen Roupp,R,694738,823188,DET @ SF,4:15 PM,08/08,Scheduled,0.6755545863528151,,,,False,1101100011,estimated,0,0,0.0,0,0,0.33209567371261395,0.2787110610786649,0.31745352489555273,0.3941199476954419,0.13332610473871434,20,1,0.0948108108108108,0.994,62.1,C,0.2803605313092979,1.9303773947854332,0.30736082384156566,0.22075603022350557,20,6,0,0.216,0.3108108108108108,0.5353583293782629,0.2591362126245847,0.20550545799715236,0.2899797570850202,0.2890551917680075,0.2848,0.2883569096844396,0.29571984435797666,303,0.2621951219512195,199,True,False,0.6755545863528151,0.0,3.7927927927927927,4.5225225225225225,111,,,,,,,0.11967870557304804,20,4.34,1.29,118.1,7.0,10.0,120.0,52.0,0.0,0.0,0.0,22.0,SP,22.0,499.0,101.0,22.7,9.13,3.95,7.68,0.68,22.88705596891884,0.010782913647184866,8,1.0,0.0,2,6,1,0,0.0,4.65,0.14488399398915872,0.2897196261682243,0.13582677165354332,0.13976377952755906,0.36805942432683375,0.3048022284122563,0.21951219512195122,4.44,0.3392701383310421
671739,Michael Harris,L,ATL,4,Gerrit Cole,R,543037,823514,ATL @ NYY,12:05 PM,08/08,Scheduled,0.6745833239322079,,,,False,0001001110,estimated,0,0,0.0,0,0,0.24556243435825856,0.3095313508471812,0.4951859981743254,0.28158019540481444,0.1556826681294023,20,1,-0.007815734989647993,1.007,64.9,C,0.28987993138936535,4.689061028649903,0.4384966897541757,0.26818952946858343,13,6,0,0.2971014492753623,0.2892857142857143,0.5211267605633803,0.3274647887323944,0.15140845070422534,0.26860622462787553,0.250814332247557,0.2979214780600462,0.26878713736455784,0.2813852813852814,246,0.3048128342245989,198,False,False,0.6860401440186977,-0.01145682008648985,3.8,4.036363636363636,110,,,,,,,0.08033282108926182,20,3.42,1.1,73.2,5.0,5.0,78.0,17.0,0.0,0.0,0.0,13.0,SP,13.0,302.0,64.0,23.2,9.53,2.08,7.82,1.34,23.384465357477886,0.005845247496363393,7,0.875,2.0,6,6,1,0,0.0,4.35,0.030275030495715553,0.289532293986637,0.18238993710691823,0.03773584905660377,0.49705340699815836,0.35513812154696134,0.2032967032967033,4.159,0.30811762569216816
694384,Nolan Schanuel,L,LAA,3,Sandy Alcántara,R,645261,823834,LAA @ MIA,1:10 PM,08/08,Scheduled,0.6738578297412592,,,,False,1111001101,estimated,0,0,0.0,0,0,0.2428021129191675,0.29517842980366465,0.3458284392984702,0.2715444073188498,0.09538024179945957,20,1,0.02375318529304693,1.0,62.6,C,0.26791013141161507,2.951337543433846,0.35757643972774644,0.1927016440818047,20,6,0,0.25609756097560976,0.2798507462686567,0.5989826197541331,0.19287833827893175,0.20813904196693514,0.27699530516431925,0.27631578947368424,0.3362255965292842,0.28707782672540383,0.2837209302325581,239,0.25925925925925924,156,False,False,0.6707500805280632,0.0031077492131960094,3.723404255319149,4.202127659574468,94,,,,,,,0.050166106526459565,20,3.68,1.2,156.2,12.0,6.0,120.0,41.0,0.0,0.0,0.0,24.0,SP,24.0,649.0,147.0,27.0,6.89,2.36,8.44,0.98,26.958621570286525,-0.008932829741259196,4,0.4444444444444444,11.0,7,6,1,0,0.0,4.45,0.09859752655877366,0.2585812356979405,0.142,0.098,0.3147085610200364,0.32278688524590166,0.23229461756373937,4.249,0.3164708543339555
807799,Masataka Yoshida,L,BOS,4,Gage Jump,L,695611,824726,ATH @ BOS,1:10 PM,08/08,Scheduled,0.6735776124303087,,,,False,1011011011,estimated,0,0,0.0,0,0,0.2996313352015986,0.3020450923425046,0.3701140891666971,0.3244827073435646,0.06405899493919982,20,1,0.0,1.063,33.0,F,0.28313253012048195,2.2274231744006054,0.448238951663315,0.2669258792997733,13,6,0,,0.2727272727272727,0.5086355785837651,0.41278065630397237,0.07858376511226252,0.23764458464773922,0.2245430809399478,0.2732732732732733,0.24117295032914424,0.24822695035460993,157,0.3069306930693069,115,False,True,0.6660989485416503,0.007478663888658366,2.9876543209876543,3.3580246913580245,81,,,,,,,0.056940525796874766,20,4.59,1.47,66.2,4.0,7.0,73.0,31.0,0.0,0.0,0.0,13.0,SP,13.0,288.0,67.0,22.2,9.86,4.19,9.05,0.94,22.043550915322523,-6.0945763642017425e-05,6,0.6,-15.0,6,6,1,0,0.0,4.35,0.06780638912360522,0.2702702702702703,0.10462287104622871,0.08029197080291971,0.4074923547400612,0.2987003058103975,0.27692307692307694,4.159,0.37383225180373264
608324,Alex Bregman,R,CHC,4,Seth Lugo,R,607625,824079,CHC @ KC,4:10 PM,08/08,Scheduled,0.6735377892533427,-223.0,233.0,69.0,False,1111011111,estimated,9,2,0.2222222222222222,1,2023,0.28593773984446846,0.3265196838676169,0.46878464307513423,0.33885471789981153,0.16356479697541587,20,1,-0.011299846905300004,1.028,31.5,F,0.26463473633284956,1.9202913298710897,0.45472560920457983,0.16961121117144148,20,6,0,0.2558139534883721,0.2445141065830721,0.5183930300096805,0.39303000968054214,0.08857696030977735,0.24233283056812469,0.2427459306440198,0.2557544757033248,0.24388961892247044,0.2641509433962264,301,0.22404371584699453,217,False,False,0.6366249073099075,0.03691288194343523,3.9646017699115044,4.584070796460177,113,,,,,,,0.19219335038096316,20,4.41,1.39,128.2,4.0,7.0,99.0,45.0,0.0,0.0,0.0,23.0,SP,23.0,548.0,134.0,23.8,6.92,3.15,9.37,1.05,23.767477662945375,-0.011480646396199945,7,0.7777777777777778,10.0,6,7,0,0,0.0,4.35,0.08443857300064306,0.25646551724137934,0.1589648798521257,0.11275415896487985,0.38641975308641974,0.2893531746031746,0.25595238095238093,4.159,0.2723523132907472
596019,Francisco Lindor,L,NYM,2,Bubba Chandler,R,696149,823348,NYM @ PIT,3:40 PM,08/08,Scheduled,0.6734355958400653,-178.0,186.0,64.0,False,0011110011,estimated,0,0,0.0,0,0,0.26078881201715925,0.3786355438014053,0.3867461124017452,0.4090274501023888,0.3165353049080474,20,1,0.01867556838686396,1.013,52.2,C,0.2582503928758512,1.7561426190167504,0.37841707522629653,0.19441285901707037,20,5,0,0.22058823529411764,0.2392638036809816,0.5436382754994742,0.2928496319663512,0.16351209253417456,0.22433132010353754,0.236983842010772,0.20668058455114824,0.22338489535941766,0.21333333333333335,160,0.2716049382716049,97,False,False,0.6614355273453411,0.012000068494724236,3.9827586206896552,4.431034482758621,58,,,,,,,0.08911989396828879,20,4.49,1.41,110.1,4.0,8.0,98.0,61.0,0.0,0.0,0.0,21.0,SP,22.0,487.0,95.0,22.1,7.99,4.98,7.75,0.82,22.473839210835624,-0.02150226250673204,6,0.6666666666666666,-8.0,6,6,0,0,0.0,4.55,0.11462012612184648,0.266384778012685,0.17962962962962964,0.10740740740740741,0.4796099290780142,0.32645478723404253,0.23660714285714285,4.349,0.34654757156915134
643289,Mauricio Dubón,R,ATL,6,Gerrit Cole,R,543037,823514,ATL @ NYY,12:05 PM,08/08,Scheduled,0.6732676156414262,,,,False,0110110111,estimated,0,0,0.0,0,0,0.2950684210071902,0.29153513674989695,0.3118469335916038,0.3213555234930686,0.04976162197319572,20,1,-0.0052828579550838195,1.007,64.9,C,0.28987993138936535,4.689061028649903,0.4384966897541757,0.26818952946858343,13,6,0,0.27167630057803466,0.26639344262295084,0.5211267605633803,0.3274647887323944,0.15140845070422534,0.2703170028818444,0.270906949352179,0.22965116279069767,0.26643952299829643,0.2605042016806723,254,0.27932960893854747,198,False,False,0.6732676156414262,0.0,3.7567567567567566,4.072072072072072,111,,,,,,,0.10788295875380564,20,3.42,1.1,73.2,5.0,5.0,78.0,17.0,0.0,0.0,0.0,13.0,SP,13.0,302.0,64.0,23.2,9.53,2.08,7.82,1.34,23.384465357477886,-0.0124390442128548,7,0.875,2.0,6,6,1,0,0.0,4.12,0.03354573182537702,0.25565610859728505,0.13807531380753138,0.060669456066945605,0.30731382978723404,0.29825265957446806,0.27,3.895,0.30811762569216816
691406,Junior Caminero,R,TB,3,George Kirby,R,669923,823102,TB @ SEA,6:50 PM,08/08,Scheduled,0.6724643334194581,-194.0,203.0,66.0,False,1001011110,estimated,0,0,0.0,0,0,0.26539459848642344,0.3405034773073471,0.47862181612689725,0.3279986443825671,0.151221182583239,20,1,0.020873269435569775,0.906,56.9,C,0.268586387434555,4.9091624911596705,0.4204612054382085,0.21021689097074736,20,6,0,0.26666666666666666,0.28753993610223644,0.5324947589098532,0.3915094339622642,0.0759958071278826,0.3057288712422008,0.26989335520918784,0.30550621669627,0.29380727575673427,0.3025830258302583,300,0.24691358024691357,200,False,False,0.6823379185141327,-0.00987358509467462,3.7982456140350878,4.385964912280702,114,,,,,,,0.03742642929798269,20,3.76,1.28,127.0,8.0,9.0,110.0,26.0,0.0,0.0,0.0,21.0,SP,21.0,523.0,136.0,24.9,7.8,1.84,9.64,1.06,24.772615721026952,0.0006070951519704382,7,0.875,-10.0,7,6,0,0,0.0,4.45,0.11192026291859408,0.2841163310961969,0.17533718689788053,0.10597302504816955,0.5117041198501873,0.3339803370786517,0.28991596638655465,4.249,0.346393768127407
686948,Drake Baldwin,L,ATL,1,Gerrit Cole,R,543037,823514,ATL @ NYY,12:05 PM,08/08,Scheduled,0.6723988780067655,,,,False,1100100111,estimated,0,0,0.0,0,0,0.28543450347108396,0.35770009863809715,0.48494625213747367,0.3852925979251859,0.19863024684301653,20,1,0.010866372980910421,1.007,64.9,C,0.28987993138936535,4.689061028649903,0.4384966897541757,0.26818952946858343,13,6,0,0.26666666666666666,0.2775330396475771,0.5211267605633803,0.3274647887323944,0.15140845070422534,0.2617114303560275,0.23575418994413408,0.28604118993135014,0.25783378746594005,0.27232142857142855,253,0.2753623188405797,161,False,False,0.6762949671927391,-0.003896089185973617,3.89247311827957,4.451612903225806,93,,,,,,,0.13234390373178592,20,3.42,1.1,73.2,5.0,5.0,78.0,17.0,0.0,0.0,0.0,13.0,SP,13.0,302.0,64.0,23.2,9.53,2.08,7.82,1.34,23.384465357477886,0.011072550564663164,7,0.875,2.0,6,6,1,0,0.0,4.65,0.08676581530534483,0.27850877192982454,0.19305019305019305,0.10038610038610038,0.5121722846441947,0.33645224719101124,0.2032967032967033,4.44,0.30811762569216816
547180,Bryce Harper,L,PHI,3,Max Scherzer,R,453286,823426,TOR @ PHI,3:05 PM,08/08,Scheduled,0.6720046526549094,-223.0,233.0,69.0,False,1111110011,estimated,14,4,0.2857142857142857,1,2022,0.26481206879480984,0.38119494689875516,0.4577144116496858,0.3758982101846218,0.23122064713939655,20,1,0.14144736842105263,1.009,28.7,F,0.2188034188034188,1.4443546945314258,0.39497409611510975,0.17227602866767577,8,6,0,0.17105263157894737,0.3125,0.476027397260274,0.3613013698630137,0.16267123287671234,0.24124256444150693,0.23227383863080683,0.2722007722007722,0.24298780487804877,0.27586206896551724,302,0.23129251700680273,188,False,False,0.6265459650937327,0.04545868756117666,3.5478260869565217,4.260869565217392,115,,,,,,,0.08179126612132197,20,7.92,1.63,30.2,1.0,4.0,23.0,15.0,0.0,0.0,0.0,8.0,SP,8.0,140.0,35.0,17.5,6.75,4.4,10.27,2.64,17.696475873410037,-0.028304652654909335,4,0.5,7.0,6,7,0,0,0.0,4.45,0.17560769709641177,0.2511737089201878,0.20948616600790515,0.13636363636363635,0.4481770833333333,0.35488125,0.3333333333333333,4.249,0.3063247120069656
671056,Iván Herrera,R,STL,4,Kyle Freeland,L,607536,823021,COL @ STL,4:15 PM,08/08,Scheduled,0.6716028151190572,,,,False,0110100111,estimated,6,2,0.3333333333333333,1,2024,0.18761812014321727,0.32543105409614753,0.4781513293659713,0.2706571150235952,0.27462413983900663,20,1,-0.0021141649048625755,1.031,56.7,C,0.2809633027522936,4.429370773910037,0.4221575408545096,0.19221131840671077,20,6,0,0.24031007751937986,0.24242424242424243,0.5424311926605505,0.3176605504587156,0.13990825688073394,0.2152847152847153,0.21577123050259966,0.2598752598752599,0.22115648122773363,0.22988505747126436,309,0.2606060606060606,197,False,False,0.6378501424629804,0.03375267265607673,3.736842105263158,4.43859649122807,114,,,,,,,-0.03325663208057995,20,6.81,1.49,108.1,3.0,10.0,93.0,23.0,0.0,0.0,0.0,20.0,SP,20.0,486.0,138.0,24.3,7.73,1.91,11.46,1.74,25.051250369292692,-0.015177815119057136,8,1.0,6.0,7,6,0,0,0.0,4.35,0.029411255318902662,0.2471655328798186,0.17110266159695817,0.09695817490494296,0.3990503323836657,0.3063570750237417,0.3074626865671642,4.159,0.3355222851796157
800050,Chase Delauter,L,CLE,3,Anthony Kay,L,641743,824565,CLE @ CWS,4:15 PM,08/08,Scheduled,0.671254932795156,,,,False,0110111011,estimated,0,0,0.0,0,0,0.28712369539786314,0.351347276653437,0.5457407877014125,0.3884233034015141,0.17975137727018953,20,1,0.10348766644058119,0.968,54.1,C,0.25970751386787694,2.372864958303598,0.3795996426470083,0.18958193047889604,20,6,0,0.3486238532110092,0.245136186770428,0.5769036812909732,0.28189611699445283,0.14120020171457387,0.2744310575635877,0.24116161616161616,0.21172022684310018,0.25193525686136525,0.25,231,0.3072289156626506,183,False,False,0.6745833239322079,-0.003328391137051856,3.7346938775510203,4.224489795918367,98,,,,,,,0.11966521360727367,20,4.01,1.35,110.0,8.0,5.0,90.0,42.0,0.0,0.0,0.0,21.0,SP,23.0,494.0,107.0,21.5,7.36,3.44,8.75,1.15,21.76661439170506,-0.004979932795156072,4,0.5714285714285714,10.0,7,6,0,0,0.0,4.45,0.15669111651844614,0.2931937172774869,0.1388888888888889,0.1087962962962963,0.4547101449275362,0.30496506211180124,0.19491525423728814,4.249,0.3259183054763652
665161,Jeremy Peña,R,HOU,1,Mike King,R,650633,823267,HOU @ SD,4:15 PM,08/08,Scheduled,0.6709722950071261,,,,False,1111111000,estimated,9,1,0.1111111111111111,1,2023,0.2968270055623334,0.44300514230797794,0.5204817944153505,0.4285275699628222,0.24239101662447726,20,1,0.11594684385382062,0.954,68.7,B,0.28537956888472354,2.0403444320504445,0.32015077205771403,0.20688902392555747,20,5,0,0.21428571428571427,0.3302325581395349,0.4681349578256795,0.246485473289597,0.28537956888472354,0.3153153153153153,0.2921760391198044,0.288135593220339,0.3028263795423957,0.3160919540229885,191,0.28865979381443296,110,False,False,0.6821318166051468,-0.011159521598020694,3.985294117647059,4.426470588235294,68,,,,,,,0.05145393221472455,20,3.45,1.2,130.1,6.0,8.0,114.0,54.0,0.0,0.0,0.0,23.0,SP,23.0,538.0,102.0,23.4,7.87,3.73,7.04,0.97,23.707046991074975,-0.028092295007125956,5,0.7142857142857143,6.0,7,6,1,0,0.0,4.65,0.0752612637731137,0.3008298755186722,0.19245283018867926,0.0660377358490566,0.43723684210526315,0.36119210526315787,0.22404371584699453,4.44,0.3256993392955122
803011,Sam Antonacci,L,CWS,1,Gavin Williams,R,668909,824565,CLE @ CWS,4:15 PM,08/08,Scheduled,0.6693344962065485,,,,False,0111000110,estimated,5,0,0.0,1,2026,0.23883189868048554,0.3320308039714001,0.4700581565632983,0.28927912849316845,0.14648703081252779,20,1,0.01155462184873951,0.968,65.1,B,0.33025830258302585,6.7975933661053975,0.48576168024028843,0.35167055736833197,20,6,0,0.26785714285714285,0.27941176470588236,0.5025737014506317,0.49742629854936826,0.0,0.27515997673065734,0.24328859060402686,0.26490066225165565,0.2664259927797834,0.2727272727272727,224,0.2846153846153846,156,True,False,0.6860401440186977,-0.016705647812149227,3.4893617021276597,4.042553191489362,94,,,,,,,-0.08201427683310236,20,3.56,1.04,139.0,11.0,6.0,178.0,39.0,0.0,0.0,0.0,23.0,SP,23.0,551.0,106.0,24.0,11.53,2.53,6.86,1.36,23.681790310299665,0.010885503793451545,5,0.625,7.0,6,6,0,0,0.0,4.65,0.04303309701286169,0.27899686520376177,0.15159574468085107,0.0797872340425532,0.37245547073791346,0.33899745547073795,0.1955128205128205,4.44,0.3557100735140421
666160,Mickey Moniak,L,COL,2,Matthew Liberatore,L,669461,823021,COL @ STL,4:15 PM,08/08,Scheduled,0.6689614745588094,,,,False,1111101111,estimated,0,0,0.0,0,0,0.2697687804084001,0.35178325065393384,0.45651167174998003,0.45612840012362255,0.29106638162935017,20,1,0.012417407154249271,1.031,49.1,D,0.2834193918531268,2.969759122141383,0.4222562186004788,0.2484612500277562,20,6,0,0.2894736842105263,0.27705627705627706,0.44489092996555685,0.40757749712973596,0.14753157290470723,0.25460455037919827,0.2765957446808511,0.28859060402684567,0.2694041061592389,0.2732919254658385,173,0.28703703703703703,119,False,False,0.6535397848622596,0.015421689696549779,3.448717948717949,3.7435897435897436,78,,,,,,,0.12933615455971886,20,4.97,1.49,108.2,5.0,8.0,107.0,41.0,0.0,0.0,0.0,22.0,SP,22.0,476.0,121.0,21.6,8.86,3.4,10.02,1.57,21.428976238935398,-0.0008214745588094319,5,0.625,28.0,7,6,0,0,0.0,4.55,0.024736719930193028,0.2709832134292566,0.2505643340857788,0.040632054176072234,0.4176470588235294,0.3212107843137255,0.29591836734693877,4.349,0.3255581696952023
672515,Gabriel Moreno,R,AZ,3,Yoshinobu Yamamoto,R,808967,825049,LAD @ AZ,5:10 PM,08/08,Scheduled,0.6689614745588094,,,,False,1011100011,estimated,14,3,0.21428571428571427,1,2024,0.29416215426653136,0.36553440786961333,0.41225715268566676,0.3503324925823404,0.13163685161237465,20,1,0.06517564667344405,1.0,88.9,A,0.29030530262453136,3.912635502291095,0.3335861350433177,0.23312167098627812,19,7,0,0.2564102564102564,0.32158590308370044,0.537345513164965,0.1907576571735626,0.27189682966147233,0.30954115076474875,0.29534313725490197,0.2956810631229236,0.30067702110712863,0.29545454545454547,201,0.3178294573643411,159,False,False,0.6717388392285093,-0.002777364669699911,3.5057471264367814,4.137931034482759,87,,,,,,,0.016401621357481563,20,2.76,0.88,133.2,11.0,7.0,121.0,29.0,0.0,0.0,0.0,20.0,SP,20.0,509.0,89.0,25.4,8.15,1.95,5.99,1.01,26.04228542523094,0.0034956682983334764,7,0.875,13.0,6,7,0,0,0.0,4.45,0.10464695325676461,0.30071599045346065,0.1565040650406504,0.11382113821138211,0.4168615984405458,0.35516374269005846,0.19090909090909092,4.249,0.3240523434183342
677800,Wilyer Abreu,L,BOS,2,Gage Jump,L,695611,824726,ATH @ BOS,1:10 PM,08/08,Scheduled,0.6689073704117675,,,,False,1011011111,estimated,0,0,0.0,0,0,0.3122103742619081,0.37996945100274887,0.5587770626936205,0.3705095316328911,0.1975022229825661,20,1,0.05682939571602713,1.063,33.0,F,0.28313253012048195,2.2274231744006054,0.448238951663315,0.2669258792997733,13,6,0,0.29906542056074764,0.2422360248447205,0.5086355785837651,0.41278065630397237,0.07858376511226252,0.23156411460779708,0.24103831891223734,0.22569444444444445,0.23323863636363637,0.2548262548262548,297,0.25882352941176473,193,False,True,0.6360446128880762,0.03286275752369128,3.830357142857143,4.375,112,,,,,,,-0.11358976921909573,20,4.59,1.47,66.2,4.0,7.0,73.0,31.0,0.0,0.0,0.0,13.0,SP,13.0,288.0,67.0,22.2,9.86,4.19,9.05,0.94,22.043550915322523,-0.006690703745100834,6,0.6,-15.0,6,6,1,0,0.0,4.55,0.11481383404594644,0.2383073496659243,0.21739130434782608,0.08695652173913043,0.4049164208456244,0.31509292035398234,0.27692307692307694,4.349,0.37383225180373264
669242,Tommy Edman,L,LAD,5,Brandon Pfaadt,R,694297,825049,LAD @ AZ,5:10 PM,08/08,Scheduled,0.6684922285856087,,,,False,1100001011,estimated,9,3,0.3333333333333333,1,2024,0.22262235488454313,0.3163784777576957,0.37315927500541163,0.30221761261862945,0.24069403645270723,20,1,0.08771929824561403,1.0,53.5,C,0.2642916321458161,2.6232322249876585,0.39347998738568285,0.15640269372503504,20,5,0,0.24561403508771928,0.3333333333333333,0.5617232808616405,0.29660314830157414,0.14167357083678542,0.275049115913556,0.21777777777777776,0.25116279069767444,0.256059009483667,0.2972972972972973,83,0.29310344827586204,66,False,False,0.6402443968729054,0.028247831712703397,3.3846153846153846,3.8205128205128207,39,,,,,,,0.029418879006748035,20,3.66,1.26,78.2,6.0,1.0,52.0,22.0,0.0,0.0,0.0,10.0,RP,20.0,333.0,77.0,16.6,5.95,2.52,8.81,0.92,17.781002547855763,-0.031020800014180172,7,0.7,22.0,7,6,0,0,0.0,4.25,0.030684339887415944,0.24170616113744076,0.18669527896995708,0.060085836909871244,0.3718905472636816,0.3424855721393035,0.281437125748503,4.023,0.3181684970129037
656941,Kyle Schwarber,L,PHI,2,Max Scherzer,R,453286,823426,TOR @ PHI,3:05 PM,08/08,Scheduled,0.6680799240797023,-163.0,170.0,62.0,False,1100000011,estimated,15,4,0.26666666666666666,1,2022,0.16726132753885792,0.4011725363420427,0.502455174434677,0.33999304254440305,0.3691552866176655,20,1,-0.0028456125827814593,1.009,28.7,F,0.2188034188034188,1.4443546945314258,0.39497409611510975,0.17227602866767577,8,6,0,0.24503311258278146,0.2421875,0.476027397260274,0.3613013698630137,0.16267123287671234,0.2465034965034965,0.21185876082611593,0.1835564053537285,0.22339862361037585,0.24803149606299213,298,0.23529411764705882,192,False,False,0.614523286576634,0.05355663750306827,3.7,4.454545454545454,110,,,,,,,-0.1310407608221874,20,7.92,1.63,30.2,1.0,4.0,23.0,15.0,0.0,0.0,0.0,8.0,SP,8.0,140.0,35.0,17.5,6.75,4.4,10.27,2.64,17.696475873410037,-0.045204924079702336,4,0.5,7.0,6,7,0,0,0.0,4.55,0.15363534005404525,0.24276169265033407,0.35094339622641507,0.13018867924528302,0.526615969581749,0.38459885931558935,0.3333333333333333,4.349,0.3063247120069656
694249,Cole Carrigg,L,COL,3,Matthew Liberatore,L,669461,823021,COL @ STL,4:15 PM,08/08,Scheduled,0.6680699946844149,,,,False,1110011100,estimated,0,0,0.0,0,0,0.2566383025569647,0.3908529334809133,0.3529539472737863,0.3095382762583716,0.23389116309404062,20,1,0.08482578964506676,1.031,49.1,D,0.2834193918531268,2.969759122141383,0.4222562186004788,0.2484612500277562,20,6,0,0.33783783783783783,0.25301204819277107,0.44489092996555685,0.40757749712973596,0.14753157290470723,0.2826797385620915,0.2655172413793103,0.2015810276679842,0.2601555747623163,0.27835051546391754,106,0.31666666666666665,80,True,False,0.6529564633026846,0.015113531381730216,3.4130434782608696,4.043478260869565,46,,,,,,,0.043140716252919646,20,4.97,1.49,108.2,5.0,8.0,107.0,41.0,0.0,0.0,0.0,22.0,SP,22.0,476.0,121.0,21.6,8.86,3.4,10.02,1.57,21.428976238935398,-0.002829994684414805,5,0.625,28.0,7,6,0,0,0.0,4.45,0.09528062372869531,0.2857142857142857,0.20454545454545456,0.10795454545454546,0.3408408408408409,0.31373873873873875,0.29591836734693877,4.249,0.3255581696952023
701675,Nathan Church,L,STL,6,Kyle Freeland,L,607536,823021,COL @ STL,4:15 PM,08/08,Scheduled,0.6679044781165544,,,,False,1001111110,estimated,0,0,0.0,0,0,0.22549750988370565,0.34962370499946416,0.39709703410531033,0.2869692383772033,0.18798217227999506,20,1,-0.03823119205841333,1.031,56.7,C,0.2809633027522936,4.429370773910037,0.4221575408545096,0.19221131840671077,20,6,0,0.19607843137254902,0.23430962343096234,0.5424311926605505,0.3176605504587156,0.13990825688073394,0.2577903682719547,0.22933884297520662,0.27466666666666667,0.25363825363825365,0.3,166,0.15,151,False,False,0.6095581250437854,0.05834635307276903,3.1868131868131866,3.4835164835164836,91,,,,,,,0.015584440308424203,20,6.81,1.49,108.1,3.0,10.0,93.0,23.0,0.0,0.0,0.0,20.0,SP,20.0,486.0,138.0,24.3,7.73,1.91,11.46,1.74,25.051250369292692,-0.022279478116554396,8,1.0,6.0,7,6,0,0,0.0,4.12,0.08993213145079675,0.2206703910614525,0.20759493670886076,0.05822784810126582,0.32765700483091786,0.277286231884058,0.2916666666666667,3.895,0.3355222851796157
671289,Tyler Freeman,R,COL,7,Matthew Liberatore,L,669461,823021,COL @ STL,4:15 PM,08/08,Scheduled,0.6667911991057038,,,,False,1010101100,estimated,0,0,0.0,0,0,0.14165342590749655,0.2599431355170315,0.36449554987414823,0.1566660552699231,0.062021434388017625,20,1,0.046964564877540416,1.031,49.1,D,0.2834193918531268,2.969759122141383,0.4222562186004788,0.2484612500277562,20,6,0,0.27722772277227725,0.23026315789473684,0.44489092996555685,0.40757749712973596,0.14753157290470723,0.2209405501330967,0.20384615384615384,0.2,0.21428571428571427,0.2206896551724138,161,0.28703703703703703,125,False,False,0.6576505201525733,0.009140678953130532,3.3289473684210527,3.763157894736842,76,,,,,,,-0.06030185584570792,20,4.97,1.49,108.2,5.0,8.0,107.0,41.0,0.0,0.0,0.0,22.0,SP,22.0,476.0,121.0,21.6,8.86,3.4,10.02,1.57,21.428976238935398,-0.0018111991057038201,5,0.625,28.0,7,6,0,0,0.0,4.0,0.011513330231463545,0.25,0.13445378151260504,0.04831932773109244,0.35847222222222225,0.31291851851851854,0.27960526315789475,3.761,0.3255581696952023
805999,A. J. Ewing,L,NYM,1,Bubba Chandler,R,696149,823348,NYM @ PIT,3:40 PM,08/08,Scheduled,0.666709223424287,,,,False,1101101101,estimated,0,0,0.0,0,0,0.2649647609338076,0.3346230712833403,0.4407799200901327,0.3643408504018008,0.23775415385223753,20,1,-0.010809451985922591,1.013,52.2,C,0.2582503928758512,1.7561426190167504,0.37841707522629653,0.19441285901707037,20,5,0,0.2777777777777778,0.2669683257918552,0.5436382754994742,0.2928496319663512,0.16351209253417456,0.22875226039783003,0.24420401854714066,0.25139664804469275,0.23732828043581242,0.2721518987341772,171,0.26495726495726496,139,True,False,0.6358868355376394,0.030822387886647595,3.6184210526315788,4.078947368421052,76,,,,,,,0.02798537925634281,20,4.49,1.41,110.1,4.0,8.0,98.0,61.0,0.0,0.0,0.0,21.0,SP,22.0,487.0,95.0,22.1,7.99,4.98,7.75,0.82,22.473839210835624,-0.02965922342428695,6,0.6666666666666666,-8.0,6,6,0,0,0.0,4.65,0.043259722029743694,0.26666666666666666,0.2638888888888889,0.09375,0.4236499068901303,0.3638212290502793,0.23660714285714285,4.44,0.34654757156915134
607043,Brandon Nimmo,L,TEX,4,Kyle Bradish,R,680694,822864,BAL @ TEX,4:15 PM,08/08,Scheduled,0.6666858320538838,,,,False,0100110111,estimated,0,0,0.0,0,0,0.34218612700123746,0.3801723959730544,0.48057007259004686,0.4219425287039569,0.18892228666521324,20,1,-0.05531601252994284,0.964,54.3,C,0.2773359840954274,2.098322356196533,0.3892629849354991,0.21693645051795205,20,6,0,0.32098765432098764,0.2656716417910448,0.5176529090004973,0.48234709099950274,0.0,0.26708676684440136,0.2568359375,0.231651376146789,0.2598981900452489,0.2846441947565543,294,0.26174496644295303,167,False,False,0.6690145786331066,-0.0023287465792228845,3.81651376146789,4.229357798165138,109,,,,,,,0.09194447350450359,20,3.79,1.36,121.0,7.0,10.0,117.0,54.0,0.0,0.0,0.0,22.0,SP,22.0,513.0,111.0,23.3,8.7,4.02,8.26,0.97,23.314274187780292,0.0028141679461163305,8,1.0,-1.0,6,6,0,0,0.0,4.35,0.1019630949468922,0.2663755458515284,0.21456692913385828,0.07874015748031496,0.5143266475644699,0.36489111747851005,0.23897058823529413,4.159,0.32697725996184585
665877,José Fermín,R,STL,7,Kyle Freeland,L,607536,823021,COL @ STL,4:15 PM,08/08,Scheduled,0.6662660298515197,,,,False,1001011000,estimated,0,0,0.0,0,0,0.1340893544917264,0.2954639367107203,0.3930693542179882,0.16916018252558193,0.16403988016150228,20,1,0.05310745217474064,1.031,56.7,C,0.2809633027522936,4.429370773910037,0.4221575408545096,0.19221131840671077,20,6,0,0.2556390977443609,0.20253164556962025,0.5424311926605505,0.3176605504587156,0.13990825688073394,0.24692737430167597,0.23093681917211328,0.2786885245901639,0.24593363695510737,0.2403846153846154,114,0.23148148148148148,123,False,False,0.6263745353124571,0.0398914945390626,2.7532467532467533,3.0779220779220777,77,,,,,,,-0.21666258840527286,20,6.81,1.49,108.1,3.0,10.0,93.0,23.0,0.0,0.0,0.0,20.0,SP,20.0,486.0,138.0,24.3,7.73,1.91,11.46,1.74,25.051250369292692,-0.013828529851519833,8,1.0,6.0,7,6,0,0,0.0,4.0,0.0516327899778311,0.24367088607594936,0.125,0.07670454545454546,0.30514705882352944,0.25412132352941175,0.3074626865671642,3.761,0.3355222851796157
686681,Michael Massey,L,KC,5,Clay Holmes,R,605280,824079,CHC @ KC,4:10 PM,08/08,Scheduled,0.6659392612689433,,,,False,1010011100,estimated,0,0,0.0,0,0,0.22861503778077022,0.26504230623563535,0.3708219561745193,0.33033565082162475,0.15414497035401042,20,1,0.13602731929425155,1.028,49.1,D,0.28502415458937197,2.677328643164062,0.4525534400737207,0.2209115974620578,9,85,0,0.14285714285714285,0.2788844621513944,0.5760869565217391,0.2777777777777778,0.1461352657004831,0.2427265170407315,0.26851851851851855,0.22,0.2470195517405818,0.23595505617977527,190,0.2956521739130435,126,False,False,0.6620147411812892,0.003924520087654093,3.150537634408602,3.3978494623655915,93,,,,,,,0.010335234714832024,20,2.39,1.1,52.2,4.0,4.0,45.0,18.0,0.0,0.0,0.0,9.0,SP,9.0,215.0,40.0,23.9,7.69,3.08,6.84,0.51,23.894181180411422,-0.025589261268943342,2,0.4,47.0,7,6,0,0,0.0,4.25,0.02037010707659681,0.2782152230971129,0.16381418092909536,0.05134474327628362,0.3977176220806794,0.3016974522292994,0.22608695652173913,4.023,0.29366136627278533
680777,Ryan Jeffers,R,MIN,1,Robert Gasser,L,688107,823752,MIN @ MIL,4:10 PM,08/08,Scheduled,0.665292630014715,,,,False,1111110101,estimated,0,0,0.0,0,0,0.2393216155256952,0.2891364115289035,0.3648019662490115,0.30604673805732535,0.15676157333394733,20,1,0.03014842300556586,0.97,75.2,B,0.27647058823529413,4.173555199328886,0.33584902173548764,0.22364048492498287,12,7,0,0.29545454545454547,0.2653061224489796,0.6627450980392157,0.26666666666666666,0.07058823529411765,0.2518837459634015,0.2339688041594454,0.19574468085106383,0.23836875358989087,0.23931623931623933,133,0.34782608695652173,86,False,False,0.6715821872363334,-0.0062895572216185025,3.4444444444444446,4.055555555555555,54,,,,,,,-0.0971294801336084,20,4.48,1.17,62.1,3.0,4.0,58.0,16.0,0.0,0.0,0.0,12.0,SP,12.0,263.0,57.0,21.9,8.37,2.31,8.23,1.59,21.891454481894673,-0.008725963348048316,3,0.42857142857142855,10.0,7,6,0,0,0.0,4.65,0.118469601097565,0.2840095465393795,0.17391304347826086,0.11387163561076605,0.3920398009950249,0.29474477611940303,0.2603550295857988,4.44,0.30732761173428347
669016,Brandon Marsh,L,PHI,5,Max Scherzer,R,453286,823426,TOR @ PHI,3:05 PM,08/08,Scheduled,0.665094442494148,,,,False,0101101110,estimated,9,2,0.2222222222222222,1,2022,0.20088044067915561,0.302924959689845,0.3786141623458731,0.22424315213598348,0.14462380550718745,20,1,-0.014997565330303497,1.009,28.7,F,0.2188034188034188,1.4443546945314258,0.39497409611510975,0.17227602866767577,8,6,0,0.2871287128712871,0.2721311475409836,0.476027397260274,0.3613013698630137,0.16267123287671234,0.2540983606557377,0.23976023976023977,0.2605633802816901,0.25,0.2577777777777778,240,0.2983425414364641,195,False,False,0.6338162746452659,0.031278167848882044,3.690909090909091,3.9545454545454546,110,,,,,,,0.004069574908622613,20,7.92,1.63,30.2,1.0,4.0,23.0,15.0,0.0,0.0,0.0,8.0,SP,8.0,140.0,35.0,17.5,6.75,4.4,10.27,2.64,17.696475873410037,-0.01664444249414787,4,0.5,7.0,6,7,0,0,0.0,4.25,0.049745326660590256,0.271264367816092,0.27194860813704497,0.04925053533190578,0.44805194805194803,0.35323295454545456,0.3333333333333333,4.023,0.3063247120069656
643446,Jeff Mcneil,L,ATH,7,Jake Bennett,L,687562,824726,ATH @ BOS,1:10 PM,08/08,Scheduled,0.6649584183846958,,,,False,1111101110,estimated,0,0,0.0,0,0,0.35093744713795205,0.35630648948828164,0.32259316174437175,0.4168742787576224,0.12250691086827445,20,3,-0.02156862745098037,1.063,78.9,B,0.2631578947368421,4.577567878011505,0.3541553921664697,0.17859359352635076,12,6,0,0.23333333333333334,0.2549019607843137,0.6414708886618999,0.1041879468845761,0.254341164453524,0.2357581069237511,0.23311546840958605,0.24528301886792453,0.23686868686868687,0.26285714285714284,192,0.2357142857142857,154,False,True,0.6205533628801561,0.04440505550453977,3.118811881188119,3.4257425742574257,101,,,,,,,0.15263752867238922,20,2.9,1.01,71.1,7.0,4.0,50.0,13.0,0.0,0.0,0.0,12.0,SP,12.0,280.0,59.0,23.3,6.31,1.64,7.44,0.63,23.718066329532544,-0.0215334183846958,4,0.5,18.0,7,6,1,0,0.0,4.0,0.04784259069714285,0.22282608695652173,0.12530712530712532,0.07125307125307126,0.30757097791798105,0.2961167192429022,0.19117647058823528,3.761,0.3177401630789596
693307,Dillon Dingler,R,DET,3,Landen Roupp,R,694738,823188,DET @ SF,4:15 PM,08/08,Scheduled,0.6644021919300943,,,,False,1011111110,estimated,0,0,0.0,0,0,0.3239315343600522,0.41324103096677633,0.38477144107013617,0.46161554946869,0.2260191468431812,20,1,-0.013669301712779969,0.994,62.1,C,0.2803605313092979,1.9303773947854332,0.30736082384156566,0.22075603022350557,20,6,0,0.2826086956521739,0.2689393939393939,0.5353583293782629,0.2591362126245847,0.20550545799715236,0.2643364281813217,0.22616136919315402,0.29594272076372313,0.2581380208333333,0.2702702702702703,244,0.2777777777777778,204,False,False,0.6644021919300943,0.0,3.792452830188679,4.226415094339623,106,,,,,,,0.23414169306528793,20,4.34,1.29,118.1,7.0,10.0,120.0,52.0,0.0,0.0,0.0,22.0,SP,22.0,499.0,101.0,22.7,9.13,3.95,7.68,0.68,22.88705596891884,0.01111030806990565,8,1.0,0.0,2,6,1,0,0.0,4.45,0.06569980960465989,0.2702702702702703,0.21414141414141413,0.06464646464646465,0.45202169625246547,0.3566730769230769,0.24352331606217617,4.249,0.3392701383310421
702332,Caleb Durbin,R,BOS,5,Gage Jump,L,695611,824726,ATH @ BOS,1:10 PM,08/08,Scheduled,0.6644021919300943,,,,False,1101011111,estimated,0,0,0.0,0,0,0.31999094272244333,0.26150688900210484,0.21429403594613794,0.35971730091259463,0.0918694807670278,20,1,-0.015470494417862829,1.063,33.0,F,0.28313253012048195,2.2274231744006054,0.448238951663315,0.2669258792997733,13,6,0,0.24210526315789474,0.25757575757575757,0.5086355785837651,0.41278065630397237,0.07858376511226252,0.2529290144727774,0.2496124031007752,0.2546816479400749,0.25380067567567566,0.2753623188405797,233,0.2236842105263158,174,False,True,0.6415453048550376,0.02285688707505673,3.419047619047619,3.876190476190476,105,,,,,,,0.014419061364249955,20,4.59,1.47,66.2,4.0,7.0,73.0,31.0,0.0,0.0,0.0,13.0,SP,13.0,288.0,67.0,22.2,9.86,4.19,9.05,0.94,22.043550915322523,-0.0050521919300943186,6,0.6,-15.0,6,6,1,0,0.0,4.25,0.08082418268572616,0.24378109452736318,0.14634146341463414,0.06651884700665188,0.28635912698412697,0.26570535714285715,0.2648648648648649,4.023,0.37383225180373264
681082,Bryson Stott,L,PHI,6,Max Scherzer,R,453286,823426,TOR @ PHI,3:05 PM,08/08,Scheduled,0.6641056837937018,,,,False,0101011110,estimated,14,8,0.5714285714285714,1,2022,0.30931682483897677,0.37405923360157095,0.5411286189525186,0.3535086017579776,0.1323062205238724,20,1,-0.01992708592261161,1.009,28.7,F,0.2188034188034188,1.4443546945314258,0.39497409611510975,0.17227602866767577,8,6,0,0.2716049382716049,0.2516778523489933,0.476027397260274,0.3613013698630137,0.16267123287671234,0.23340832395950506,0.25857519788918204,0.23222748815165878,0.23888140161725066,0.22926829268292684,230,0.28735632183908044,195,False,False,0.635985502182621,0.028120181611080874,3.4454545454545453,3.8636363636363638,110,,,,,,,0.13525421226105352,20,7.92,1.63,30.2,1.0,4.0,23.0,15.0,0.0,0.0,0.0,8.0,SP,8.0,140.0,35.0,17.5,6.75,4.4,10.27,2.64,17.696475873410037,-0.01865568379370186,4,0.5,7.0,6,7,0,0,0.0,4.12,0.2378107589669711,0.25721153846153844,0.189010989010989,0.07032967032967033,0.3896464646464647,0.31581666666666663,0.3333333333333333,3.895,0.3063247120069656
575929,Willson Contreras,R,BOS,3,Gage Jump,L,695611,824726,ATH @ BOS,1:10 PM,08/08,Scheduled,0.6640603705680922,,,,False,0000110011,estimated,0,0,0.0,0,0,0.3144820907337501,0.363980278487358,0.39888107194643024,0.48292597146777094,0.2560233779966629,20,3,-0.009682603455202887,1.063,33.0,F,0.28313253012048195,2.2274231744006054,0.448238951663315,0.2669258792997733,13,6,0,0.28421052631578947,0.29389312977099236,0.5086355785837651,0.41278065630397237,0.07858376511226252,0.27479975354282193,0.30472636815920395,0.26200873362445415,0.28182131769575713,0.2986425339366516,267,0.27941176470588236,159,False,True,0.6340060349145181,0.03005433565357407,3.466019417475728,4.135922330097087,103,,,,,,,0.03965103454106836,20,4.59,1.47,66.2,4.0,7.0,73.0,31.0,0.0,0.0,0.0,13.0,SP,13.0,288.0,67.0,22.2,9.86,4.19,9.05,0.94,22.043550915322523,-0.016027037234758845,6,0.6,-15.0,6,6,1,0,0.0,4.45,0.18573156372312116,0.2777777777777778,0.24696356275303644,0.09919028340080972,0.4566780821917808,0.35326883561643835,0.2648648648648649,4.249,0.37383225180373264
664034,Ty France,R,SD,4,Peter Lambert,R,663567,823267,HOU @ SD,4:15 PM,08/08,Scheduled,0.6639318587545869,,,,False,1011100110,estimated,0,0,0.0,0,0,0.33226876591253574,0.36502656746632617,0.5026080547025819,0.43991129603497464,0.2663868612746445,20,1,-0.007631160572337037,0.954,71.8,B,0.27216954824316786,2.883040144980644,0.3591862770007197,0.2511407085182764,19,6,0,0.29411764705882354,0.2864864864864865,0.503070910106086,0.26744835287548857,0.22948073701842547,0.2841845140032949,0.2785829307568438,0.35877862595419846,0.29352997145575643,0.3223684210526316,170,0.2518518518518518,151,False,False,0.664013834436004,-8.197568141710132e-05,3.3372093023255816,3.7325581395348837,86,,,,,,,0.04140099695393576,20,3.06,1.13,108.2,8.0,5.0,108.0,41.0,0.0,0.0,0.0,19.0,SP,19.0,449.0,82.0,23.6,8.94,3.4,6.79,0.91,23.53792751384885,-0.020031858754586906,3,0.42857142857142855,2.0,7,7,1,0,0.0,4.35,0.03660200967063115,0.2923497267759563,0.2200488997555012,0.039119804400977995,0.49064009661835745,0.3290851449275362,0.27040816326530615,4.159,0.29290725815592317
681198,Tj Rumfield,L,COL,5,Matthew Liberatore,L,669461,823021,COL @ STL,4:15 PM,08/08,Scheduled,0.6637130625348544,,,,False,1011110101,estimated,0,0,0.0,0,0,0.27536961278611827,0.32612588944165455,0.2561896777291347,0.3241941192188007,0.14862856251116835,20,1,-0.04794701986754968,1.031,49.1,D,0.2834193918531268,2.969759122141383,0.4222562186004788,0.2484612500277562,20,6,0,0.26,0.3079470198675497,0.44489092996555685,0.40757749712973596,0.14753157290470723,0.2999331997327989,0.2497376705141658,0.23517786561264822,0.27441077441077444,0.26359832635983266,270,0.34355828220858897,186,True,False,0.6457129085291335,0.01800015400572086,3.5575221238938055,4.035398230088496,113,,,,,,,-0.08047279044275853,20,4.97,1.49,108.2,5.0,8.0,107.0,41.0,0.0,0.0,0.0,22.0,SP,22.0,476.0,121.0,21.6,8.86,3.4,10.02,1.57,21.428976238935398,-0.013433062534854323,5,0.625,28.0,7,6,0,0,0.0,4.25,0.04974234566257927,0.2898550724637681,0.14680851063829786,0.09787234042553192,0.278743961352657,0.2830080193236715,0.29591836734693877,4.023,0.3255581696952023
664761,Alec Bohm,R,PHI,4,Max Scherzer,R,453286,823426,TOR @ PHI,3:05 PM,08/08,Scheduled,0.6630081229341047,,,,False,1101111110,estimated,14,5,0.35714285714285715,1,2022,0.25014679840857734,0.3134341161479341,0.41667844562561257,0.2920027239967589,0.091213012028082,20,1,-0.010702714187071749,1.009,28.7,F,0.2188034188034188,1.4443546945314258,0.39497409611510975,0.17227602866767577,8,6,0,0.23134328358208955,0.2206405693950178,0.476027397260274,0.3613013698630137,0.16267123287671234,0.2029379760609358,0.1914648212226067,0.24,0.2028397565922921,0.21940928270042195,257,0.2303370786516854,201,False,False,0.6509178853291265,0.012090237604978182,3.7387387387387387,4.126126126126126,111,,,,,,,0.08512556772617523,20,7.92,1.63,30.2,1.0,4.0,23.0,15.0,0.0,0.0,0.0,8.0,SP,8.0,140.0,35.0,17.5,6.75,4.4,10.27,2.64,17.696475873410037,-0.005683122934104667,4,0.5,7.0,6,7,0,0,0.0,4.35,0.05555417700773056,0.2318181818181818,0.1492842535787321,0.065439672801636,0.42484105358764757,0.2916821071752952,0.2,4.159,0.3063247120069656
701398,Sal Stewart,R,CIN,2,Andrew Alvarez,L,674841,822701,CIN @ WSH,3:45 PM,08/08,Scheduled,0.662317077824448,,,,False,1111011110,estimated,0,0,0.0,0,0,0.28286760796229343,0.3451212243771952,0.3083581742493953,0.43027182935380387,0.2808541854861611,20,1,-0.05220585865747154,1.04,35.1,D,0.2834862385321101,1.953931239527081,0.44408477213937936,0.22057888914780802,16,5,0,0.2087912087912088,0.26099706744868034,0.42752293577981654,0.5394495412844037,0.03302752293577982,0.25555555555555554,0.2679083094555874,0.2905759162303665,0.2633045416550571,0.26765799256505574,300,0.22085889570552147,195,False,False,0.63488745284582,0.027429624978627998,3.789473684210526,4.342105263157895,114,,,,,,,0.06745913701953252,20,3.94,1.45,64.0,2.0,3.0,63.0,31.0,1.0,0.0,1.0,8.0,RP,16.0,276.0,62.0,17.2,8.86,4.36,8.72,0.28,18.1850226660875,0.008568636461266155,7,0.7,1.0,6,6,0,0,0.0,4.55,0.06891482376509588,0.2585034013605442,0.21696252465483234,0.10256410256410256,0.42819738167170185,0.321416918429003,0.25443786982248523,4.349,0.3149151465425154
703607,Henry Bolte,R,ATH,6,Jake Bennett,L,687562,824726,ATH @ BOS,1:10 PM,08/08,Scheduled,0.662101675456535,,,,False,0101101010,estimated,0,0,0.0,0,0,0.21671997455341377,0.32637279585438445,0.45448934417291437,0.26197171001472164,0.3146096967602209,20,1,-0.04285714285714287,1.063,78.9,B,0.2631578947368421,4.577567878011505,0.3541553921664697,0.17859359352635076,12,6,0,0.23214285714285715,0.275,0.6414708886618999,0.1041879468845761,0.254341164453524,0.24294354838709678,0.241869918699187,0.3155737704918033,0.2540229885057471,0.27205882352941174,155,0.22916666666666666,111,True,True,0.616788703108684,0.04531297234785092,3.267605633802817,3.7464788732394365,71,,,,,,,-0.05698285939213873,20,2.9,1.01,71.1,7.0,4.0,50.0,13.0,0.0,0.0,0.0,12.0,SP,12.0,280.0,59.0,23.3,6.31,1.64,7.44,0.63,23.718066329532544,-0.05210167545653488,4,0.5,18.0,7,6,1,0,0.0,4.12,0.0529727858278456,0.27074235807860264,0.2765151515151515,0.07575757575757576,0.4658119658119658,0.3083974358974359,0.24083769633507854,3.895,0.3177401630789596
605141,Mookie Betts,R,LAD,6,Brandon Pfaadt,R,694297,825049,LAD @ AZ,5:10 PM,08/08,Scheduled,0.6593316511725487,-194.0,203.0,66.0,False,1111000011,estimated,27,11,0.4074074074074074,1,2023,0.19992891487581751,0.2937597483091746,0.3121361455463056,0.2217161061545985,0.1006756983789005,20,1,-0.06605746499363524,1.0,53.5,C,0.2642916321458161,2.6232322249876585,0.39347998738568285,0.15640269372503504,20,5,0,0.27350427350427353,0.2074468085106383,0.5617232808616405,0.29660314830157414,0.14167357083678542,0.221976401179941,0.23219814241486067,0.2396694214876033,0.2268270944741533,0.22527472527472528,196,0.24390243902439024,133,False,False,0.6415453048550376,0.01778634631751108,3.91025641025641,4.217948717948718,78,,,,,,,0.03045806088075958,20,3.66,1.26,78.2,6.0,1.0,52.0,22.0,0.0,0.0,0.0,10.0,RP,20.0,333.0,77.0,16.6,5.95,2.52,8.81,0.92,17.781002547855763,-0.026103079743977298,7,0.7,22.0,7,6,0,0,0.0,4.12,0.020810647191391866,0.24675324675324675,0.11650485436893204,0.0854368932038835,0.40049751243781095,0.30552487562189057,0.21897810218978103,3.895,0.3181684970129037
701807,Carson Benge,L,NYM,4,Bubba Chandler,R,696149,823348,NYM @ PIT,3:40 PM,08/08,Scheduled,0.658677505175791,,,,False,1111101111,estimated,0,0,0.0,0,0,0.3322925419446323,0.3590756531255798,0.422194270998298,0.40760454921818867,0.23151950305638408,20,1,-0.011269770122302625,1.013,52.2,C,0.2582503928758512,1.7561426190167504,0.37841707522629653,0.19441285901707037,20,5,0,0.27835051546391754,0.2670807453416149,0.5436382754994742,0.2928496319663512,0.16351209253417456,0.23982125124131082,0.2611050920910076,0.26515151515151514,0.24935064935064935,0.25,272,0.2982456140350877,184,True,False,0.6423860046070508,0.01629150056874029,3.809090909090909,4.1454545454545455,110,,,,,,,0.1292180812917768,20,4.49,1.41,110.1,4.0,8.0,98.0,61.0,0.0,0.0,0.0,21.0,SP,22.0,487.0,95.0,22.1,7.99,4.98,7.75,0.82,22.473839210835624,-0.03211083850912444,6,0.6666666666666666,-8.0,6,6,0,0,0.0,4.35,0.05112798546358908,0.2687651331719128,0.22466960352422907,0.07709251101321586,0.40514469453376206,0.36414415862808147,0.23660714285714285,4.159,0.34654757156915134
656811,Ryan O'Hearn,L,PIT,5,Robert Stock,R,476594,823348,NYM @ PIT,3:40 PM,08/08,Scheduled,0.6586242862685374,,,,False,0011101001,estimated,0,0,0.0,0,0,0.2062001229993918,0.2466411107991108,0.40364746182411726,0.2449809298242338,0.17548086726020468,20,8,0.09650097195223548,1.013,63.1,C,0.29577464788732394,,,,1,6,0,0.19230769230769232,0.2888086642599278,0.7714285714285715,0.11428571428571428,0.11428571428571428,0.2589779005524862,0.2410196987253766,0.25507246376811593,0.25300751879699246,0.24489795918367346,221,0.29559748427672955,174,False,False,0.6364351470406553,0.022189139227882126,3.736842105263158,4.157894736842105,95,,,,,,,-0.18973272618610165,20,1.8,0.6,5.0,0.0,1.0,4.0,0.0,0.0,0.0,0.0,1.0,SP,1.0,18.0,3.0,18.0,7.2,0.0,5.4,1.8,,0.002615713731462632,5,0.625,-3.0,6,7,0,0,0.0,4.25,0.07547910729351552,0.2681818181818182,0.2151639344262295,0.07581967213114754,0.4223880597014925,0.3237940298507463,0.25,4.023,0.3278924783524807
664040,Brandon Lowe,L,PIT,2,Robert Stock,R,476594,823348,NYM @ PIT,3:40 PM,08/08,Scheduled,0.6564091862632825,,,,False,1111011011,estimated,0,0,0.0,0,0,0.267372476357164,0.39501127614398496,0.4881322113144965,0.4642002683479584,0.35955517791509406,20,1,0.08358433734939757,1.013,63.1,C,0.29577464788732394,,,,1,6,0,0.1875,0.2710843373493976,0.7714285714285715,0.11428571428571428,0.11428571428571428,0.24883720930232558,0.23108552631578946,0.2727272727272727,0.24758110415480933,0.250996015936255,284,0.2542372881355932,197,False,False,0.6400171705545958,0.016392015708686647,3.962962962962963,4.453703703703703,108,,,,,,,0.05583216645962917,20,1.8,0.6,5.0,0.0,1.0,4.0,0.0,0.0,0.0,0.0,1.0,SP,1.0,18.0,3.0,18.0,7.2,0.0,5.4,1.8,,0.010210813736717506,5,0.625,-3.0,6,7,0,0,0.0,4.55,0.061697143758894846,0.2531914893617021,0.27703984819734345,0.08918406072106262,0.4470164609053498,0.3498672839506173,0.25,4.349,0.3278924783524807
691026,Masyn Winn,R,STL,5,Kyle Freeland,L,607536,823021,COL @ STL,4:15 PM,08/08,Scheduled,0.6560361646155433,,,,False,1011100101,estimated,6,1,0.16666666666666666,1,2024,0.2124301307082677,0.3004360431273877,0.2441391479383845,0.272839106953278,0.22502202447565445,20,1,0.04392181027695044,1.031,56.7,C,0.2809633027522936,4.429370773910037,0.4221575408545096,0.19221131840671077,20,6,0,0.27102803738317754,0.2271062271062271,0.5424311926605505,0.3176605504587156,0.13990825688073394,0.23536585365853657,0.23907766990291263,0.25680933852140075,0.23729433272394881,0.24285714285714285,237,0.23529411764705882,197,False,False,0.5974448454400209,0.058591319175522405,3.5849056603773586,4.09433962264151,106,,,,,,,-0.02757799703263605,20,6.81,1.49,108.1,3.0,10.0,93.0,23.0,0.0,0.0,0.0,20.0,SP,20.0,486.0,138.0,24.3,7.73,1.91,11.46,1.74,25.051250369292692,-0.02706116461554331,8,1.0,6.0,7,6,0,0,0.0,4.25,0.13490404673317222,0.23543123543123542,0.2085889570552147,0.09202453987730061,0.34760448521916415,0.3118929663608563,0.3074626865671642,4.023,0.3355222851796157
805811,Bryce Eldridge,L,SF,1,Jackson Jobe,R,695549,823188,DET @ SF,4:15 PM,08/08,Scheduled,0.6557677043794882,,,,False,0101011110,estimated,0,0,0.0,0,0,0.2347514359608392,0.32906062897621347,0.5209944917560106,0.32297600879945215,0.30004048532326516,20,1,-0.046929563069585234,0.994,,,,,,,0,0,0,0.288135593220339,0.24120603015075376,,,,0.2780487804878049,0.2777777777777778,0.2257142857142857,0.27041306436119117,0.2714285714285714,160,0.2288135593220339,137,False,False,0.6348105455409716,0.020957158838516565,3.5342465753424657,4.068493150684931,73,,,,,,,0.03900982671166781,20,,,,,,,,,,,,,,,,,,,,,,0.0008322956205119025,7,0.7777777777777778,-6.0,7,6,1,0,0.0,4.65,0.10649666300269273,0.23655913978494625,0.28353658536585363,0.13719512195121952,0.5349462365591398,0.3556236559139785,,4.44,0.27786452490819036
682998,Corbin Carroll,L,AZ,1,Yoshinobu Yamamoto,R,808967,825049,LAD @ AZ,5:10 PM,08/08,Scheduled,0.6551546141364363,-156.0,170.0,61.0,False,1101000110,estimated,23,2,0.08695652173913043,1,2024,0.19106245051851337,0.3088421737410827,0.5566443946135003,0.24383980287178275,0.19176490214480738,20,1,-0.19373831775700937,1.0,88.9,A,0.29030530262453136,3.912635502291095,0.3335861350433177,0.23312167098627812,19,7,0,0.39,0.19626168224299065,0.537345513164965,0.1907576571735626,0.27189682966147233,0.23155837811431362,0.26543878656554715,0.20557491289198607,0.23604060913705585,0.25660377358490566,296,0.21794871794871795,190,False,False,0.6610429060864936,-0.005888291950057356,3.7589285714285716,4.339285714285714,112,,,,,,,-0.025424289777619687,20,2.76,0.88,133.2,11.0,7.0,121.0,29.0,0.0,0.0,0.0,20.0,SP,20.0,509.0,89.0,25.4,8.15,1.95,5.99,1.01,26.04228542523094,0.0005311001492780409,7,0.875,13.0,6,7,0,0,0.0,4.65,0.09472088714614617,0.24774774774774774,0.22823984526112184,0.11605415860735009,0.49846625766871167,0.33675664621676893,0.1794871794871795,4.44,0.3240523434183342
702284,Cole Young,L,SEA,1,Griffin Jax,R,643377,823102,TB @ SEA,6:50 PM,08/08,Scheduled,0.6551546141364363,,,,False,1111110001,estimated,0,0,0.0,0,0,0.2760163156797966,0.3017052228349742,0.3975441621022681,0.3221257214648,0.08841542571588516,20,1,-0.03934959349593492,0.906,70.9,B,0.3116045845272206,4.400184491769512,0.399367929408711,0.29289746487582863,20,6,0,0.2926829268292683,0.25333333333333335,0.4207492795389049,0.34293948126801155,0.23631123919308358,0.25072886297376096,0.2484472049689441,0.24778761061946902,0.24949562878278414,0.2701612903225806,273,0.2571428571428571,197,False,False,0.6840083424714556,-0.028853728335019313,3.646551724137931,4.051724137931035,116,,,,,,,0.16670440280054447,20,3.63,1.21,91.2,6.0,9.0,100.0,30.0,0.0,2.0,2.0,18.0,SP,29.0,379.0,81.0,13.1,9.82,2.95,7.95,1.37,19.173130095653022,-0.006254614136436243,7,0.875,-8.0,7,6,0,0,0.0,4.65,0.08902211307162783,0.26096997690531176,0.1694560669456067,0.060669456066945605,0.39820075757575757,0.32757386363636365,0.24757281553398058,4.44,0.2802338600838801
693304,Nick Gonzales,R,PIT,6,Robert Stock,R,476594,823348,NYM @ PIT,3:40 PM,08/08,Scheduled,0.6549459169864077,,,,False,1110000111,estimated,0,0,0.0,0,0,0.32011485103038945,0.324062754602219,0.30540562109670855,0.36260532893767927,0.13113877056114948,20,1,0.043395252837977294,1.013,63.1,C,0.29577464788732394,,,,1,6,0,0.27941176470588236,0.32280701754385965,0.7714285714285715,0.11428571428571428,0.11428571428571428,0.28838295388207824,0.2780320366132723,0.2457627118644068,0.2810169491525424,0.2891566265060241,259,0.3372093023255814,199,False,False,0.6572774985048341,-0.0023315815184263844,3.7927927927927927,4.126126126126126,111,,,,,,,0.23617728232463658,20,1.8,0.6,5.0,0.0,1.0,4.0,0.0,0.0,0.0,0.0,1.0,SP,1.0,18.0,3.0,18.0,7.2,0.0,5.4,1.8,,0.010934083013592333,5,0.625,-3.0,6,7,0,0,0.0,4.12,0.0,0.3008849557522124,0.17586912065439672,0.05930470347648262,0.3605646630236794,0.3336388888888889,0.0,3.895,0.3278924783524807
608348,Carson Kelly,R,CHC,7,Seth Lugo,R,607625,824079,CHC @ KC,4:10 PM,08/08,Scheduled,0.6546774567503525,,,,False,0011111101,estimated,0,0,0.0,0,0,0.2060172305278799,0.33579106429107736,0.25983802676237544,0.24407832836498972,0.1315047229566165,20,1,-0.058324679820006914,1.028,31.5,F,0.26463473633284956,1.9202913298710897,0.45472560920457983,0.16961121117144148,20,6,0,0.29906542056074764,0.24074074074074073,0.5183930300096805,0.39303000968054214,0.08857696030977735,0.250499001996008,0.2176759410801964,0.3140096618357488,0.24643249176728868,0.26573426573426573,155,0.2619047619047619,149,False,False,0.5915972467459177,0.06308021000443476,3.2804878048780486,3.707317073170732,82,,,,,,,0.019542256086017087,20,4.41,1.39,128.2,4.0,7.0,99.0,45.0,0.0,0.0,0.0,23.0,SP,23.0,548.0,134.0,23.8,6.92,3.15,9.37,1.05,23.767477662945375,-0.02062031389320973,7,0.7777777777777778,10.0,6,7,0,0,0.0,4.0,0.06380050608219316,0.2456575682382134,0.21238938053097345,0.08849557522123894,0.3794788273615635,0.28103583061889253,0.25595238095238093,3.761,0.2723523132907472
660670,Ronald Acuña,R,ATL,2,Gerrit Cole,R,543037,823514,ATL @ NYY,12:05 PM,08/08,Scheduled,0.654148902634537,,,,False,0010111111,estimated,0,0,0.0,0,0,0.24831479574324178,0.39948215181582486,0.4825736598615985,0.3672740337942127,0.25871852547045426,20,1,0.03728352654930586,1.007,64.9,C,0.28987993138936535,4.689061028649903,0.4384966897541757,0.26818952946858343,13,6,0,0.22549019607843138,0.26277372262773724,0.5211267605633803,0.3274647887323944,0.15140845070422534,0.23809523809523808,0.2313167259786477,0.2140468227424749,0.2330410706045224,0.2631578947368421,182,0.21839080459770116,102,False,False,0.6372463382900155,0.01690256434452142,3.734375,4.4375,64,,,,,,,0.15350749601346733,20,3.42,1.1,73.2,5.0,5.0,78.0,17.0,0.0,0.0,0.0,13.0,SP,13.0,302.0,64.0,23.2,9.53,2.08,7.82,1.34,23.384465357477886,-0.010906045491679839,7,0.875,2.0,6,6,1,0,0.0,4.55,0.0661443652303695,0.24883720930232558,0.2294455066921606,0.15105162523900573,0.4806451612903226,0.35093548387096773,0.27,4.349,0.30811762569216816
668804,Bryan Reynolds,L,PIT,3,Robert Stock,R,476594,823348,NYM @ PIT,3:40 PM,08/08,Scheduled,0.653597945186479,,,,False,1011110101,estimated,0,0,0.0,0,0,0.2088238047924891,0.32607684738710424,0.4998470481091412,0.32099316564962316,0.34630609022261666,20,1,-0.0055370985603543366,1.013,63.1,C,0.29577464788732394,,,,1,6,0,0.2713178294573643,0.26578073089701,0.7714285714285715,0.11428571428571428,0.11428571428571428,0.23856009762050032,0.25285171102661597,0.2653352353780314,0.24852767962308597,0.296875,299,0.22413793103448276,212,False,False,0.6254834402625293,0.028114504923949624,3.675213675213675,4.367521367521367,117,,,,,,,0.026287578873630493,20,1.8,0.6,5.0,0.0,1.0,4.0,0.0,0.0,0.0,0.0,1.0,SP,1.0,18.0,3.0,18.0,7.2,0.0,5.4,1.8,,0.0016220548135210677,5,0.625,-3.0,6,7,0,0,0.0,4.45,0.07490231788194048,0.26976744186046514,0.236328125,0.1328125,0.47357065803667747,0.34001618122977345,0.25,4.249,0.3278924783524807
661388,William Contreras,R,MIL,4,Taj Bradley,R,671737,823752,MIN @ MIL,4:10 PM,08/08,Scheduled,0.6528831021767377,,,,False,1011100110,estimated,0,0,0.0,0,0,0.19271887077393698,0.2669351131876251,0.47977715049774755,0.24884996136401455,0.2051061108242188,20,1,-0.01524195885250651,0.97,51.2,C,0.2811188811188811,2.566242149512253,0.4635470654047287,0.26852027162512715,20,6,0,0.2773109243697479,0.2620689655172414,0.7056902985074627,0.08955223880597014,0.20475746268656717,0.28307692307692306,0.23823823823823823,0.29878048780487804,0.270023656640757,0.2697095435684647,269,0.2619047619047619,185,False,False,0.6595710784354792,-0.006687976258741513,3.858490566037736,4.283018867924528,106,,,,,,,0.09715533623534246,20,3.69,1.24,126.2,9.0,4.0,141.0,53.0,0.0,0.0,0.0,22.0,SP,22.0,533.0,104.0,24.2,10.02,3.77,7.39,1.21,24.655396633654657,-0.006283102176737776,3,0.375,-9.0,5,7,0,0,0.0,4.35,0.07504606029603561,0.26914660831509846,0.14595660749506903,0.07495069033530571,0.44447345517841597,0.3084804177545692,0.24623115577889448,4.159,0.3070979722413909
543807,George Springer,R,TOR,4,Aaron Nola,R,605400,823426,TOR @ PHI,3:05 PM,08/08,Scheduled,0.6518600858816568,,,,False,1111111001,estimated,9,1,0.1111111111111111,1,2023,0.2699142893188428,0.2709118779208042,0.3583777525146794,0.3308592407292923,0.12875164266075,20,1,0.017094017094017117,1.009,57.9,C,0.2988947621335896,2.9775781918316855,0.43831106014225707,0.22706303276496947,20,5,0,0.2222222222222222,0.23931623931623933,0.5024131274131274,0.34025096525096526,0.15733590733590733,0.23323442136498515,0.23322332233223322,0.1813186813186813,0.22684246112238,0.22660098522167488,233,0.24615384615384617,145,False,False,0.6452838547696472,0.006576231112009556,3.872093023255814,4.395348837209302,86,,,,,,,0.04426040375845854,20,5.55,1.44,120.0,3.0,9.0,121.0,41.0,0.0,0.0,0.0,23.0,SP,23.0,522.0,132.0,22.7,9.08,3.08,9.9,2.1,22.95442374933643,-0.00176008588165677,1,0.125,-13.0,7,7,0,0,0.0,4.35,0.11435056153557112,0.27586206896551724,0.1935483870967742,0.09867172675521822,0.4240331491712707,0.3126243093922652,0.2751322751322751,4.159,0.3128395124733892
682928,Cj Abrams,L,WSH,3,Chase Burns,R,695505,822701,CIN @ WSH,3:45 PM,08/08,Scheduled,0.6518600858816568,-170.0,186.0,63.0,False,0011001101,estimated,5,1,0.2,1,2025,0.2857946898508218,0.39166189216651126,0.4548148583229377,0.4039298331790633,0.32698933649274936,20,1,-0.026179860809047384,1.04,73.1,B,0.2961439588688946,3.0119603416517933,0.371896709586179,0.2843757172022708,20,6,0,0.30578512396694213,0.27960526315789475,0.5660668380462724,0.38046272493573263,0.05347043701799486,0.2625994694960212,0.2530647985989492,0.2356687898089172,0.2547892720306513,0.29535864978902954,274,0.2765957446808511,212,False,False,0.6532249235387398,-0.0013648376570830623,3.7610619469026547,4.300884955752212,113,,,,,,,-0.1334207715153498,20,2.35,1.1,118.2,13.0,1.0,137.0,43.0,0.0,0.0,0.0,21.0,SP,21.0,477.0,87.0,22.7,10.39,3.26,6.6,0.99,22.712904656023003,0.012256580785009796,6,0.6666666666666666,9.0,7,7,0,0,0.0,4.45,0.07757464676312083,0.2841163310961969,0.21850393700787402,0.08267716535433071,0.42127976190476196,0.3272767857142857,0.21212121212121213,4.249,0.28841598678328495
521692,Salvador Pérez,R,KC,3,Clay Holmes,R,605280,824079,CHC @ KC,4:10 PM,08/08,Scheduled,0.6518600858816568,,,,False,1101111011,estimated,5,1,0.2,1,2022,0.24291772702988051,0.2928778889299214,0.3559114853487268,0.309908847359126,0.1634083572511399,20,1,-0.02093316519546029,1.028,49.1,D,0.28502415458937197,2.677328643164062,0.4525534400737207,0.2209115974620578,9,85,0,0.23076923076923078,0.2098360655737705,0.5760869565217391,0.2777777777777778,0.1461352657004831,0.2093628088426528,0.18109610802223988,0.26358695652173914,0.20390797352663095,0.21705426356589147,281,0.21341463414634146,178,False,False,0.6565109767337288,-0.004650890852072043,3.871559633027523,4.2110091743119265,109,,,,,,,0.004070269175321442,20,2.39,1.1,52.2,4.0,4.0,45.0,18.0,0.0,0.0,0.0,9.0,SP,9.0,215.0,40.0,23.9,7.69,3.08,6.84,0.51,23.894181180411422,-0.013710085881656786,2,0.4,47.0,7,6,0,0,0.0,4.45,0.04387412080733612,0.22342733188720174,0.20634920634920634,0.037698412698412696,0.43772175536881425,0.2934733893557423,0.17721518987341772,4.249,0.29366136627278533
672386,Alejandro Kirk,R,TOR,5,Aaron Nola,R,605400,823426,TOR @ PHI,3:05 PM,08/08,Scheduled,0.6518600858816568,,,,False,1011111010,estimated,9,0,0.0,1,2023,0.2910102401157313,0.31404059006752233,0.35617661493971015,0.34279048165673215,0.10472794429044179,20,1,-0.1290322580645161,1.009,57.9,C,0.2988947621335896,2.9775781918316855,0.43831106014225707,0.22706303276496947,20,5,0,0.3333333333333333,0.20430107526881722,0.5024131274131274,0.34025096525096526,0.15733590733590733,0.2544,0.26171875,0.27941176470588236,0.2578947368421053,0.2876712328767123,83,0.2112676056338028,80,False,False,0.6276504683541447,0.02420961752751205,3.3488372093023258,3.7906976744186047,43,,,,,,,0.16911531259798782,20,5.55,1.44,120.0,3.0,9.0,121.0,41.0,0.0,0.0,0.0,23.0,SP,23.0,522.0,132.0,22.7,9.08,3.08,9.9,2.1,22.95442374933643,-0.022060085881656755,1,0.125,-13.0,7,7,0,0,0.0,4.25,0.0655200449912057,0.2438423645320197,0.14316239316239315,0.10897435897435898,0.4335299901671583,0.3013569321533923,0.2751322751322751,4.023,0.3128395124733892
687093,Vaughn Grissom,R,LAA,5,Sandy Alcántara,R,645261,823834,LAA @ MIA,1:10 PM,08/08,Scheduled,0.6507281250598743,,,,False,1111011010,estimated,5,1,0.2,1,2022,0.24977020820174664,0.30465967849903863,0.3249674576033191,0.34066099091090374,0.2517202962105462,20,1,0.012411347517730487,1.0,62.6,C,0.26791013141161507,2.951337543433846,0.35757643972774644,0.1927016440818047,20,6,0,0.25,0.2624113475177305,0.5989826197541331,0.19287833827893175,0.20813904196693514,0.23069767441860464,0.23333333333333334,0.23214285714285715,0.23167469234884966,0.2534246575342466,164,0.26126126126126126,124,False,False,0.6154432050657738,0.03528491999410055,3.472972972972973,3.891891891891892,74,,,,,,,0.1045974423332159,20,3.68,1.2,156.2,12.0,6.0,120.0,41.0,0.0,0.0,0.0,24.0,SP,24.0,649.0,147.0,27.0,6.89,2.36,8.44,0.98,26.958621570286525,-0.03910312505987423,4,0.4444444444444444,11.0,7,6,1,0,0.0,4.25,0.0434404388314092,0.2400990099009901,0.18485523385300667,0.06904231625835189,0.3825025960539979,0.3255295950155763,0.26639344262295084,4.023,0.3164708543339555
606466,Ketel Marte,L,AZ,4,Yoshinobu Yamamoto,R,808967,825049,LAD @ AZ,5:10 PM,08/08,Scheduled,0.6504763619431267,-163.0,170.0,62.0,False,1111100010,estimated,21,5,0.23809523809523808,1,2024,0.1653524999498612,0.2687813460395958,0.32572949204191365,0.25175619822360723,0.2300197869621616,20,1,-0.002265861027190341,1.0,88.9,A,0.29030530262453136,3.912635502291095,0.3335861350433177,0.23312167098627812,19,7,0,0.25,0.24773413897280966,0.537345513164965,0.1907576571735626,0.27189682966147233,0.23703256936067552,0.20851063829787234,0.23242630385487528,0.22840746054519367,0.2463768115942029,299,0.25149700598802394,188,False,False,0.6560361646155433,-0.005559802672416514,4.027272727272727,4.427272727272728,110,,,,,,,-0.016977121587402787,20,2.76,0.88,133.2,11.0,7.0,121.0,29.0,0.0,0.0,0.0,20.0,SP,20.0,509.0,89.0,25.4,8.15,1.95,5.99,1.01,26.04228542523094,-0.011319219085983878,7,0.875,13.0,6,7,0,0,0.0,4.35,0.07129159253822195,0.25925925925925924,0.14500941619585686,0.060263653483992465,0.43822330888345556,0.33513406682966584,0.1794871794871795,4.159,0.3240523434183342
677587,Brayan Rocchio,L,CLE,5,Anthony Kay,L,641743,824565,CLE @ CWS,4:15 PM,08/08,Scheduled,0.6501150348168224,,,,False,0110001010,estimated,0,0,0.6666666666666666,0,0,0.15196466489993965,0.20516844760815217,0.16566222212728968,0.1726048624284523,0.15780703920843497,20,1,0.018282872604943712,0.968,54.1,C,0.25970751386787694,2.372864958303598,0.3795996426470083,0.18958193047889604,20,6,0,0.26356589147286824,0.24528301886792453,0.5769036812909732,0.28189611699445283,0.14120020171457387,0.2433052792654935,0.23809523809523808,0.2244165170556553,0.23983276320790575,0.24623115577889448,224,0.2564102564102564,217,False,False,0.6459026687983858,0.004212366018436664,3.4867256637168142,3.9026548672566372,113,,,,,,,-0.05786032808047849,20,4.01,1.35,110.0,8.0,5.0,90.0,42.0,0.0,0.0,0.0,21.0,SP,23.0,494.0,107.0,21.5,7.36,3.44,8.75,1.15,21.76661439170506,-0.02069003481682241,4,0.5714285714285714,10.0,7,6,0,0,0.0,4.25,0.0644695679296548,0.2566585956416465,0.14814814814814814,0.06318082788671024,0.3297584541062802,0.28274106280193234,0.19491525423728814,4.023,0.3259183054763652
665019,Kody Clemens,L,MIN,2,Robert Gasser,L,688107,823752,MIN @ MIL,4:10 PM,08/08,Scheduled,0.6494706504412274,,,,False,1110010001,estimated,0,0,0.0,0,0,0.14552815924683643,0.2492125120242096,0.42321562562482606,0.17368266193850637,0.1857679952848663,20,1,0.040204678362573104,0.97,75.2,B,0.27647058823529413,4.173555199328886,0.33584902173548764,0.22364048492498287,12,7,0,0.2638888888888889,0.2236842105263158,0.6627450980392157,0.26666666666666666,0.07058823529411765,0.226906385616863,0.2291904218928164,0.1975,0.22364327687521604,0.2648401826484018,241,0.18471337579617833,169,False,False,0.6602037682896394,-0.010733117848412022,3.76,4.1,100,,,,,,,-0.16156452192265447,20,4.48,1.17,62.1,3.0,4.0,58.0,16.0,0.0,0.0,0.0,12.0,SP,12.0,263.0,57.0,21.9,8.37,2.31,8.23,1.59,21.891454481894673,-0.0012706504412274278,3,0.42857142857142855,10.0,7,6,0,0,0.0,4.55,0.026184873875744384,0.24044943820224718,0.2329896907216495,0.05979381443298969,0.4632530120481928,0.3202003012048193,0.18571428571428572,4.349,0.30732761173428347
608070,José Ramírez,L,CLE,2,Anthony Kay,L,641743,824565,CLE @ CWS,4:15 PM,08/08,Scheduled,0.6494706504412274,,,,False,1001100111,estimated,0,0,0.0,0,0,0.19291140711169047,0.2928330972462844,0.291080054495913,0.201132549403099,0.0804120336722926,20,1,0.0338418862690707,0.968,54.1,C,0.25970751386787694,2.372864958303598,0.3795996426470083,0.18958193047889604,20,6,0,0.2571428571428571,0.22330097087378642,0.5769036812909732,0.28189611699445283,0.14120020171457387,0.22417582417582418,0.23970588235294119,0.19601328903654486,0.22384701912260968,0.26344086021505375,218,0.192,146,False,False,0.6614355273453411,-0.01196487690411363,3.746987951807229,4.385542168674699,83,,,,,,,0.21066801477734698,20,4.01,1.35,110.0,8.0,5.0,90.0,42.0,0.0,0.0,0.0,21.0,SP,23.0,494.0,107.0,21.5,7.36,3.44,8.75,1.15,21.76661439170506,-0.008695650441227554,4,0.5714285714285714,10.0,7,6,0,0,0.0,4.55,0.09008793156397009,0.248868778280543,0.1264591439688716,0.10700389105058365,0.41432360742705565,0.32012466843501325,0.19491525423728814,4.349,0.3259183054763652
687263,Zach Neto,R,LAA,1,Sandy Alcántara,R,645261,823834,LAA @ MIA,1:10 PM,08/08,Scheduled,0.6492804334521164,,,,False,1101011010,estimated,0,0,0.0,0,0,0.16891948580204388,0.3169935298467131,0.4391463230017164,0.2658766817251233,0.3805472025235274,20,1,0.0033291818356006864,1.0,62.6,C,0.26791013141161507,2.951337543433846,0.35757643972774644,0.1927016440818047,20,6,0,0.22794117647058823,0.23127035830618892,0.5989826197541331,0.19287833827893175,0.20813904196693514,0.24392819429778248,0.2147458840372226,0.24746743849493488,0.23483709273182957,0.23859649122807017,319,0.21518987341772153,182,False,False,0.6171500755308315,0.032130357921284936,3.955357142857143,4.473214285714286,112,,,,,,,-0.022745494010265724,20,3.68,1.2,156.2,12.0,6.0,120.0,41.0,0.0,0.0,0.0,24.0,SP,24.0,649.0,147.0,27.0,6.89,2.36,8.44,0.98,26.958621570286525,-0.01835543345211632,4,0.4444444444444444,11.0,7,6,1,0,0.0,4.65,0.04340716021951851,0.22657952069716775,0.31749049429657794,0.09315589353612168,0.406392694063927,0.3149280821917808,0.26639344262295084,4.44,0.3164708543339555
571970,Max Muncy,L,LAD,4,Brandon Pfaadt,R,694297,825049,LAD @ AZ,5:10 PM,08/08,Scheduled,0.6492021902051722,,,,False,0110011010,estimated,20,3,0.15,1,2023,0.17100365821391492,0.2577492172915652,0.5399101217301402,0.28900354283599755,0.372703905229686,20,1,-0.01022593425420279,1.0,53.5,C,0.2642916321458161,2.6232322249876585,0.39347998738568285,0.15640269372503504,20,5,0,0.25757575757575757,0.24734982332155478,0.5617232808616405,0.29660314830157414,0.14167357083678542,0.26230975828111014,0.22684703433922998,0.24912280701754386,0.246043707611153,0.27918781725888325,221,0.21052631578947367,176,False,False,0.6062733029959277,0.04292888720924448,3.355769230769231,3.8173076923076925,104,,,,,,,-0.09460816368285405,20,3.66,1.26,78.2,6.0,1.0,52.0,22.0,0.0,0.0,0.0,10.0,RP,20.0,333.0,77.0,16.6,5.95,2.52,8.81,0.92,17.781002547855763,-0.03538790449088658,7,0.7,22.0,7,6,0,0,0.0,4.35,0.08055324710212028,0.25125628140703515,0.24672489082969432,0.11790393013100436,0.4456140350877193,0.3261333333333334,0.281437125748503,4.159,0.3181684970129037
666018,Jonathan Aranda,L,TB,2,George Kirby,R,669923,823102,TB @ SEA,6:50 PM,08/08,Scheduled,0.6479394758690807,-178.0,186.0,64.0,False,1111011111,estimated,0,0,0.0,0,0,0.26618750299320265,0.3410933187695166,0.4820655108353989,0.36131821452288554,0.25632895199423855,20,1,0.03650396988580645,0.906,56.9,C,0.268586387434555,4.9091624911596705,0.4204612054382085,0.21021689097074736,20,6,0,0.25742574257425743,0.2939297124600639,0.5324947589098532,0.3915094339622642,0.0759958071278826,0.2679708826205642,0.25625,0.2817796610169492,0.2663618176621892,0.2874015748031496,292,0.28125,191,False,False,0.665094442494148,-0.017154966625067214,3.72972972972973,4.351351351351352,111,,,,,,,0.19742784302465985,20,3.76,1.28,127.0,8.0,9.0,110.0,26.0,0.0,0.0,0.0,21.0,SP,21.0,523.0,136.0,24.9,7.8,1.84,9.64,1.06,24.772615721026952,-0.0020823330119379424,7,0.875,-10.0,7,6,0,0,0.0,4.55,0.034836300152270155,0.2840909090909091,0.23586744639376217,0.10331384015594541,0.446969696969697,0.35278369905956114,0.2627450980392157,4.349,0.346393768127407
669364,Xavier Edwards,L,MIA,4,Walbert Ureña,R,700712,823834,LAA @ MIA,1:10 PM,08/08,Scheduled,0.6473966606302681,,,,False,1111101110,estimated,0,0,0.0,0,0,0.23425691056462705,0.328620529768177,0.29629084573457626,0.28143847702918373,0.14307661202028182,20,1,-0.010321168746672993,1.0,73.4,B,0.2907253269916766,1.8856036297286407,0.3289418288245913,0.228807724096764,19,6,0,0.29245283018867924,0.28213166144200624,0.5241502683363148,0.1520572450805009,0.32379248658318427,0.2785515320334262,0.3088235294117647,0.2708618331053352,0.2847321684331137,0.2857142857142857,297,0.28313253012048195,192,False,True,0.6573925272128358,-0.00999586658256768,3.6956521739130435,4.252173913043478,115,,,,,,,-0.06022009345941968,20,2.54,1.25,99.1,7.0,7.0,95.0,52.0,0.0,0.0,0.0,18.0,SP,20.0,423.0,72.0,21.1,8.61,4.71,6.52,0.54,22.365037805232504,-0.0010216606302680953,4,0.5,-2.0,6,6,1,0,0.0,4.35,0.09414522392403175,0.2899543378995434,0.1388888888888889,0.10714285714285714,0.28170289855072467,0.3057690217391304,0.20105820105820105,4.159,0.2961232027332944
624413,Pete Alonso,R,BAL,2,Jacob Degrom,R,594798,822864,BAL @ TEX,4:15 PM,08/08,Scheduled,0.6473014229038724,-156.0,163.0,61.0,False,1011011010,estimated,0,0,0.0,0,0,0.21911490750077678,0.41889094803022636,0.6262076478470026,0.2873284504167484,0.256629285658193,20,1,0.005395683453237404,0.964,66.1,B,0.30817941952506595,4.208896716912514,0.44502707181649964,0.27185784957878767,20,7,0,0.2446043165467626,0.25,0.4423791821561338,0.4312267657992565,0.12639405204460966,0.24267578125,0.22621902478017586,0.26036866359447003,0.23915372254954473,0.26037735849056604,299,0.2289156626506024,200,False,False,0.6523433730596327,-0.005041950155760366,3.747826086956522,4.339130434782609,115,,,,,,,0.00871763550907287,20,3.96,1.14,113.2,7.0,7.0,135.0,29.0,0.0,0.0,0.0,21.0,SP,21.0,468.0,101.0,22.3,10.69,2.3,8.0,1.27,22.68746347997273,0.02239857709612758,5,0.625,7.0,6,6,0,0,0.0,4.55,0.060866488644054854,0.251685393258427,0.24806201550387597,0.10852713178294573,0.5604626708727655,0.3686340694006309,0.24719101123595505,4.349,0.32529425795769495
672695,Geraldo Perdomo,L,AZ,2,Yoshinobu Yamamoto,R,808967,825049,LAD @ AZ,5:10 PM,08/08,Scheduled,0.645500250699241,,,,False,1011111101,estimated,15,4,0.26666666666666666,1,2025,0.2934395239634642,0.2889465132622061,0.2664859937675418,0.32671457600255704,0.15493316360345954,20,1,-0.05076411960132893,1.0,88.9,A,0.29030530262453136,3.912635502291095,0.3335861350433177,0.23312167098627812,19,7,0,0.28,0.2292358803986711,0.537345513164965,0.1907576571735626,0.27189682966147233,0.2460048426150121,0.256140350877193,0.2638888888888889,0.25153889199776164,0.2816326530612245,293,0.1794871794871795,192,False,False,0.6517386126576282,-0.0062383619583872285,3.580357142857143,4.330357142857143,112,,,,,,,0.10905359283916984,20,2.76,0.88,133.2,11.0,7.0,121.0,29.0,0.0,0.0,0.0,20.0,SP,20.0,509.0,89.0,25.4,8.15,1.95,5.99,1.01,26.04228542523094,0.0011426064436160788,7,0.875,13.0,6,7,0,0,0.0,4.55,0.10760977658751437,0.2447058823529412,0.1262135922330097,0.1436893203883495,0.30300925925925926,0.2858509259259259,0.1794871794871795,4.349,0.3240523434183342
592626,Joc Pederson,L,TEX,1,Kyle Bradish,R,680694,822864,BAL @ TEX,4:15 PM,08/08,Scheduled,0.6437736430978479,,,,False,1001101011,estimated,0,0,0.0,0,0,0.29897857826962393,0.3755747280496465,0.5016820891949282,0.45042404470325403,0.2842553367138619,20,1,0.25666666666666665,0.964,54.3,C,0.2773359840954274,2.098322356196533,0.3892629849354991,0.21693645051795205,20,6,0,0.0,0.25666666666666665,0.5176529090004973,0.48234709099950274,0.0,0.2603036876355748,0.2421686746987952,0.29069767441860467,0.2607585703865791,0.2561576354679803,237,0.24509803921568626,115,False,False,0.6497467763468482,-0.005973133249000284,2.9326923076923075,3.3846153846153846,104,,,,,,,0.22069913329309856,20,3.79,1.36,121.0,7.0,10.0,117.0,54.0,0.0,0.0,0.0,22.0,SP,22.0,513.0,111.0,23.3,8.7,4.02,8.26,0.97,23.314274187780292,0.019363856902152143,8,1.0,-1.0,6,6,0,0,0.0,4.65,0.0730581234266282,0.24571428571428572,0.2315270935960591,0.10837438423645321,0.486328125,0.33321484375,0.23897058823529413,4.44,0.32697725996184585
545121,Ildemaro Vargas,L,AZ,8,Yoshinobu Yamamoto,R,808967,825049,LAD @ AZ,5:10 PM,08/08,Scheduled,0.6437736430978479,,,,False,1111010010,estimated,0,0,0.0,0,0,0.31627713415282194,0.37115659964685555,0.40346499786911794,0.34755646446790217,0.08724454806370106,20,1,-0.07258064516129034,1.0,88.9,A,0.29030530262453136,3.912635502291095,0.3335861350433177,0.23312167098627812,19,7,0,0.32142857142857145,0.2488479262672811,0.537345513164965,0.1907576571735626,0.27189682966147233,0.2778776978417266,0.2697160883280757,0.265,0.27276951672862454,0.2616279069767442,183,0.28662420382165604,172,False,False,0.6527247127551133,-0.008951069657265442,3.463157894736842,3.736842105263158,95,,,,,,,-0.01221615708751987,20,2.76,0.88,133.2,11.0,7.0,121.0,29.0,0.0,0.0,0.0,20.0,SP,20.0,509.0,89.0,25.4,8.15,1.95,5.99,1.01,26.04228542523094,0.0006692140450091921,7,0.875,13.0,6,7,0,0,0.0,3.88,0.14968283650611353,0.27941176470588236,0.09339407744874716,0.04783599088838269,0.36693914623069934,0.3078855585831063,0.1794871794871795,3.598,0.3240523434183342
621566,Matt Olson,L,ATL,3,Gerrit Cole,R,543037,823514,ATL @ NYY,12:05 PM,08/08,Scheduled,0.6432675550861578,-144.0,150.0,59.0,False,1101111011,estimated,0,0,0.0,0,0,0.30070594220078495,0.3724552035113006,0.47506544743633045,0.3923157570964643,0.2524213690673671,20,1,0.01845063538611924,1.007,64.9,C,0.28987993138936535,4.689061028649903,0.4384966897541757,0.26818952946858343,13,6,0,0.25806451612903225,0.2765151515151515,0.5211267605633803,0.3274647887323944,0.15140845070422534,0.27681352914997776,0.2610759493670886,0.285140562248996,0.27322540473225404,0.2696629213483146,301,0.2677595628415301,207,False,False,0.6476651208663232,-0.004397565780165369,3.8793103448275863,4.379310344827586,116,,,,,,,0.06865834466442514,20,3.42,1.1,73.2,5.0,5.0,78.0,17.0,0.0,0.0,0.0,13.0,SP,13.0,302.0,64.0,23.2,9.53,2.08,7.82,1.34,23.384465357477886,0.00957530205669932,7,0.875,2.0,6,6,1,0,0.0,4.45,0.10037586726336774,0.2683982683982684,0.2471042471042471,0.09266409266409266,0.49820359281437127,0.32955988023952093,0.2032967032967033,4.249,0.30811762569216816
690993,Colt Keith,L,DET,5,Landen Roupp,R,694738,823188,DET @ SF,4:15 PM,08/08,Scheduled,0.6422241669684509,,,,False,1110101010,estimated,0,0,0.0,0,0,0.3221366186603795,0.33055377002762654,0.3897751919122926,0.3839601636139823,0.2336373848249696,20,1,0.0,0.994,62.1,C,0.2803605313092979,1.9303773947854332,0.30736082384156566,0.22075603022350557,20,6,0,,0.2682119205298013,0.5353583293782629,0.2591362126245847,0.20550545799715236,0.2727272727272727,0.23046092184368738,0.26352530541012215,0.2609983079526227,0.3155080213903743,204,0.19658119658119658,124,False,False,0.635985502182621,0.006238664785829906,2.895238095238095,3.123809523809524,105,,,,,,,0.05182582645822791,20,4.34,1.29,118.1,7.0,10.0,120.0,52.0,0.0,0.0,0.0,22.0,SP,22.0,499.0,101.0,22.7,9.13,3.95,7.68,0.68,22.88705596891884,0.014975833031549146,8,1.0,0.0,2,6,1,0,0.0,4.25,0.04401508487684732,0.26239067055393583,0.18933333333333333,0.06666666666666667,0.42046568627450975,0.3256433823529412,0.21951219512195122,4.023,0.3392701383310421
545361,Mike Trout,R,LAA,2,Sandy Alcántara,R,645261,823834,LAA @ MIA,1:10 PM,08/08,Scheduled,0.6415458451319244,-163.0,170.0,62.0,False,0110111001,estimated,0,0,0.0,0,0,0.2560238432321202,0.4056182436300937,0.39169144558568403,0.39748127435930924,0.3126446480773287,20,1,-0.07124842370744008,1.0,62.6,C,0.26791013141161507,2.951337543433846,0.35757643972774644,0.1927016440818047,20,6,0,0.28846153846153844,0.21721311475409835,0.5989826197541331,0.19287833827893175,0.20813904196693514,0.2547958681751107,0.23618090452261306,0.3020833333333333,0.2548476454293629,0.2687224669603524,267,0.18181818181818182,164,False,False,0.5907005879281041,0.05084525720382027,3.625,4.489583333333333,96,,,,,,,0.018547516619761825,20,3.68,1.2,156.2,12.0,6.0,120.0,41.0,0.0,0.0,0.0,24.0,SP,24.0,649.0,147.0,27.0,6.89,2.36,8.44,0.98,26.958621570286525,-0.0056958451319243375,4,0.4444444444444444,11.0,7,6,1,0,0.0,4.55,0.10958657782774772,0.24880382775119617,0.2667946257197697,0.15738963531669867,0.5,0.37668697729988054,0.26639344262295084,4.349,0.3164708543339555
691740,Daniel Susac,R,SF,5,Jackson Jobe,R,695549,823188,DET @ SF,4:15 PM,08/08,Scheduled,0.6402443968729054,,,,False,0001110010,estimated,0,0,0.0,0,0,0.15143724998256092,0.2636148404218541,0.2951840856859817,0.1768285276426276,0.24257947369845098,20,1,-0.2236175369024014,0.994,,,,,,,0,0,0,0.39215686274509803,0.16853932584269662,,,,0.21120689655172414,0.25287356321839083,0.32432432432432434,0.2451539338654504,0.2898550724637681,75,0.2112676056338028,82,True,False,0.6336539206641943,0.006590476208711005,3.111111111111111,3.488888888888889,45,,,,,,,-0.17644497763740827,20,,,,,,,,,,,,,,,,,,,,,,0.0009127459842375174,7,0.7777777777777778,-6.0,7,6,1,0,0.0,4.25,0.03159420312180466,0.2789115646258503,0.20606060606060606,0.04242424242424243,0.32890855457227136,0.30034513274336283,,4.023,0.27786452490819036
655316,Andruw Monasterio,R,BOS,7,Gage Jump,L,695611,824726,ATH @ BOS,1:10 PM,08/08,Scheduled,0.6400544230886243,,,,False,0111111111,estimated,0,0,0.0,0,0,0.3868765860828425,0.34356544560242946,0.3526180405328235,0.45115925809669827,0.15080004865437963,20,1,-0.04424398625429554,1.063,33.0,F,0.28313253012048195,2.2274231744006054,0.448238951663315,0.2669258792997733,13,6,0,0.24742268041237114,0.2916666666666667,0.5086355785837651,0.41278065630397237,0.07858376511226252,0.2658959537572254,0.28390596745027125,0.2413793103448276,0.2685925015365704,0.32673267326732675,114,0.22413793103448276,125,False,True,0.6089789699762624,0.031075453112361817,3.013888888888889,3.3194444444444446,72,,,,,,,0.31850509685923045,20,4.59,1.47,66.2,4.0,7.0,73.0,31.0,0.0,0.0,0.0,13.0,SP,13.0,288.0,67.0,22.2,9.86,4.19,9.05,0.94,22.043550915322523,-0.01035442308862422,6,0.6,-15.0,6,6,1,0,0.0,4.0,0.07968308398013682,0.2634730538922156,0.225,0.058333333333333334,0.3695652173913043,0.3026363636363636,0.2648648648648649,3.761,0.37383225180373264
669065,Kyle Stowers,L,MIA,2,Walbert Ureña,R,700712,823834,LAA @ MIA,1:10 PM,08/08,Scheduled,0.6400193700003355,,,,False,1011101011,estimated,0,0,0.0,0,0,0.28780941396724274,0.3197496890620339,0.5350998956554769,0.3576533449894518,0.28100810573954554,20,1,0.09574869335632305,1.0,73.4,B,0.2907253269916766,1.8856036297286407,0.3289418288245913,0.228807724096764,19,6,0,0.16417910447761194,0.259927797833935,0.5241502683363148,0.1520572450805009,0.32379248658318427,0.20156695156695156,0.2324621733149931,0.2468916518650089,0.21966604823747682,0.21674876847290642,233,0.2765957446808511,158,False,True,0.6348105455409716,0.005208824459363881,3.739130434782609,4.25,92,,,,,,,0.03910227609962966,20,2.54,1.25,99.1,7.0,7.0,95.0,52.0,0.0,0.0,0.0,18.0,SP,20.0,423.0,72.0,21.1,8.61,4.71,6.52,0.54,22.365037805232504,0.0022556299996644436,4,0.5,-2.0,6,6,1,0,0.0,4.55,0.10976141663377348,0.25688073394495414,0.2954091816367265,0.09580838323353294,0.5416666666666666,0.36390972222222223,0.20105820105820105,4.349,0.2961232027332944
670623,Isaac Paredes,R,HOU,3,Mike King,R,650633,823267,HOU @ SD,4:15 PM,08/08,Scheduled,0.6394933836812057,,,,False,0011100001,estimated,5,2,0.4,1,2022,0.22529201038995808,0.3065572138345422,0.22155378886142282,0.23819434296496547,0.08928095965673079,20,1,-0.002585201298906048,0.954,68.7,B,0.28537956888472354,2.0403444320504445,0.32015077205771403,0.20688902392555747,20,5,0,0.25688073394495414,0.2542955326460481,0.4681349578256795,0.246485473289597,0.28537956888472354,0.25513616817964646,0.24646128226477934,0.338768115942029,0.26415584415584414,0.27165354330708663,284,0.22602739726027396,180,False,False,0.6518600858816568,-0.012366702200451107,3.669724770642202,4.256880733944954,109,,,,,,,-0.039267192945869785,20,3.45,1.2,130.1,6.0,8.0,114.0,54.0,0.0,0.0,0.0,23.0,SP,23.0,538.0,102.0,23.4,7.87,3.73,7.04,0.97,23.707046991074975,-0.003573383681205633,5,0.7142857142857143,6.0,7,6,1,0,0.0,4.45,0.08621602866601862,0.2523148148148148,0.15568862275449102,0.09580838323353294,0.3036723163841808,0.29042090395480225,0.22404371584699453,4.249,0.3256993392955122
673357,Luis Robert,R,NYM,5,Bubba Chandler,R,696149,823348,NYM @ PIT,3:40 PM,08/08,Scheduled,0.6384000556961601,,,,False,0010101001,estimated,0,0,0.0,0,0,0.143859938337518,0.2882116759419658,0.378644835634764,0.2071146565653868,0.3794396583463059,20,2,0.058730158730158716,1.013,52.2,C,0.2582503928758512,1.7561426190167504,0.37841707522629653,0.19441285901707037,20,5,0,0.15555555555555556,0.21428571428571427,0.5436382754994742,0.2928496319663512,0.16351209253417456,0.19395017793594305,0.16205533596837945,0.14685314685314685,0.17750257997936017,0.16883116883116883,86,0.23076923076923078,58,False,False,0.5896357452868543,0.048764310409305844,3.4864864864864864,3.891891891891892,37,,,,,,,-0.13564879913404668,20,4.49,1.41,110.1,4.0,8.0,98.0,61.0,0.0,0.0,0.0,21.0,SP,22.0,487.0,95.0,22.1,7.99,4.98,7.75,0.82,22.473839210835624,-0.048533389029493446,6,0.6666666666666666,-8.0,6,6,0,0,0.0,4.25,0.08321248141113743,0.23349056603773585,0.24152542372881355,0.0826271186440678,0.41774193548387095,0.3261010752688172,0.21761658031088082,4.023,0.34654757156915134
696100,Hunter Goodman,R,COL,4,Matthew Liberatore,L,669461,823021,COL @ STL,4:15 PM,08/08,Scheduled,0.6361957750705163,,,,False,1100010100,estimated,0,0,0.0,0,0,0.21231885074674106,0.3412837063665929,0.4369495293768302,0.3486175517510519,0.4856578085658249,20,1,0.01142168398094473,1.031,49.1,D,0.2834193918531268,2.969759122141383,0.4222562186004788,0.2484612500277562,20,6,0,0.2595419847328244,0.24812030075187969,0.44489092996555685,0.40757749712973596,0.14753157290470723,0.22139764996907854,0.2294642857142857,0.24040920716112532,0.2274746192893401,0.21030042918454936,261,0.31097560975609756,180,False,False,0.617851410311507,0.018344364759009246,3.7452830188679247,4.160377358490566,106,,,,,,,-0.07197279936071642,20,4.97,1.49,108.2,5.0,8.0,107.0,41.0,0.0,0.0,0.0,22.0,SP,22.0,476.0,121.0,21.6,8.86,3.4,10.02,1.57,21.428976238935398,-0.0022957750705162594,5,0.625,28.0,7,6,0,0,0.0,4.35,0.0717483168994528,0.26948775055679286,0.31388329979879276,0.07847082494969819,0.46803185437997724,0.3421146757679181,0.27960526315789475,4.159,0.3255581696952023
668930,Brice Turang,L,MIL,1,Taj Bradley,R,671737,823752,MIN @ MIL,4:10 PM,08/08,Scheduled,0.6361957750705163,,,,False,1111101011,estimated,0,0,0.0,0,0,0.26717478962555713,0.39788314601738584,0.44816575894708666,0.3623664399762767,0.24307150971691932,20,1,0.08383283383283385,0.97,51.2,C,0.2811188811188811,2.566242149512253,0.4635470654047287,0.26852027162512715,20,6,0,0.20512820512820512,0.288961038961039,0.7056902985074627,0.08955223880597014,0.20475746268656717,0.2502218278615794,0.2559576345984113,0.2874806800618238,0.2564102564102564,0.2509090909090909,308,0.29333333333333333,190,False,False,0.6400193700003355,-0.0038235949298192073,3.8990825688073394,4.568807339449541,109,,,,,,,0.10088545829114152,20,3.69,1.24,126.2,9.0,4.0,141.0,53.0,0.0,0.0,0.0,22.0,SP,22.0,533.0,104.0,24.2,10.02,3.77,7.39,1.21,24.655396633654657,0.0018375582628170628,3,0.375,-9.0,5,7,0,0,0.0,4.65,0.1158646155726393,0.2607758620689655,0.24675324675324675,0.11688311688311688,0.43705941591137965,0.3499637462235649,0.19927536231884058,4.44,0.3070979722413909
592663,J. T. Realmuto,R,PHI,7,Max Scherzer,R,453286,823426,TOR @ PHI,3:05 PM,08/08,Scheduled,0.6360765958068916,,,,False,0101010111,estimated,16,2,0.125,1,2022,0.329949484158983,0.43695107085812657,0.5187008850957724,0.3811768176540415,0.1895893732693334,20,1,-0.009163464380727154,1.009,28.7,F,0.2188034188034188,1.4443546945314258,0.39497409611510975,0.17227602866767577,8,6,0,0.23529411764705882,0.22613065326633167,0.476027397260274,0.3613013698630137,0.16267123287671234,0.23817427385892115,0.19345238095238096,0.21621621621621623,0.22479886417415995,0.25161290322580643,171,0.20155038759689922,149,False,False,0.6011021763066066,0.034974419500285014,3.380952380952381,3.8095238095238093,84,,,,,,,0.22119675051728652,20,7.92,1.63,30.2,1.0,4.0,23.0,15.0,0.0,0.0,0.0,8.0,SP,8.0,140.0,35.0,17.5,6.75,4.4,10.27,2.64,17.696475873410037,-0.01750159580689159,4,0.5,7.0,6,7,0,0,0.0,4.0,0.06747985035295702,0.22113022113022113,0.21814254859611232,0.07127429805615551,0.4294662309368191,0.3212287581699347,0.2,3.761,0.3063247120069656
695600,Carter Jensen,L,KC,1,Clay Holmes,R,605280,824079,CHC @ KC,4:10 PM,08/08,Scheduled,0.6357533454793604,,,,False,0101100011,estimated,0,0,0.0,0,0,0.16677690797690367,0.2862253065980105,0.5193612722663898,0.2940189395750948,0.3627328801149023,20,1,0.03964456596035543,1.028,49.1,D,0.28502415458937197,2.677328643164062,0.4525534400737207,0.2209115974620578,9,85,0,0.19736842105263158,0.237012987012987,0.5760869565217391,0.2777777777777778,0.1461352657004831,0.19727891156462585,0.20452310717797442,0.2332730560578662,0.20686567164179104,0.2245762711864407,257,0.23648648648648649,176,False,False,0.6285092720190738,0.007244073460286549,3.5555555555555554,4.0092592592592595,108,,,,,,,-0.11769151627100484,20,2.39,1.1,52.2,4.0,4.0,45.0,18.0,0.0,0.0,0.0,9.0,SP,9.0,215.0,40.0,23.9,7.69,3.08,6.84,0.51,23.894181180411422,-0.028703345479360376,2,0.4,47.0,7,6,0,0,0.0,4.65,0.1332851665081875,0.2357142857142857,0.27637130801687765,0.0970464135021097,0.4388696655132641,0.304515570934256,0.22608695652173913,4.44,0.29366136627278533
676724,Jared Young,L,NYM,6,Bubba Chandler,R,696149,823348,NYM @ PIT,3:40 PM,08/08,Scheduled,0.6353614548003281,,,,False,0111010111,estimated,0,0,0.0,0,0,0.29203892046866714,0.3342062225270736,0.5395146885220137,0.34080450084692904,0.1402255726206609,20,1,0.1295238095238095,1.013,52.2,C,0.2582503928758512,1.7561426190167504,0.37841707522629653,0.19441285901707037,20,5,0,0.13333333333333333,0.26285714285714284,0.5436382754994742,0.2928496319663512,0.16351209253417456,0.2549019607843137,0.22988505747126436,0.250996015936255,0.24725274725274726,0.2831858407079646,122,0.2077922077922078,93,False,False,0.5880133111852893,0.04734814361503881,2.878787878787879,3.257575757575758,66,,,,,,,0.1420812742488802,20,4.49,1.41,110.1,4.0,8.0,98.0,61.0,0.0,0.0,0.0,21.0,SP,22.0,487.0,95.0,22.1,7.99,4.98,7.75,0.82,22.473839210835624,-0.033378121466994815,6,0.6666666666666666,-8.0,6,6,0,0,0.0,4.12,0.11452366907530961,0.22297297297297297,0.24096385542168675,0.0783132530120482,0.4351851851851852,0.29230092592592594,0.23660714285714285,3.895,0.34654757156915134
680757,Steven Kwan,L,CLE,1,Anthony Kay,L,641743,824565,CLE @ CWS,4:15 PM,08/08,Scheduled,0.6344570891627067,-178.0,186.0,64.0,False,1011111111,estimated,0,0,0.0,0,0,0.43994948651664206,0.3890010431955793,0.052617426183238225,0.47328882500942776,0.08860586989247049,20,1,-0.06435262154819349,0.968,54.1,C,0.25970751386787694,2.372864958303598,0.3795996426470083,0.18958193047889604,20,6,0,0.21978021978021978,0.28413284132841327,0.5769036812909732,0.28189611699445283,0.14120020171457387,0.27800829875518673,0.27899686520376177,0.2644628099173554,0.2766609880749574,0.2796208530805687,235,0.25165562913907286,197,False,False,0.6338156072789124,0.0006414818837943148,3.447619047619048,4.114285714285714,105,,,,,,,0.4163075217727519,20,4.01,1.35,110.0,8.0,5.0,90.0,42.0,0.0,0.0,0.0,21.0,SP,23.0,494.0,107.0,21.5,7.36,3.44,8.75,1.15,21.76661439170506,0.00871791083729323,4,0.5714285714285714,10.0,7,6,0,0,0.0,4.65,0.12519802433249397,0.24879227053140096,0.1,0.12448979591836734,0.09863013698630137,0.3051771689497717,0.19491525423728814,4.44,0.3259183054763652
668904,Royce Lewis,R,MIN,4,Robert Gasser,L,688107,823752,MIN @ MIL,4:10 PM,08/08,Scheduled,0.6340060349145181,,,,False,1111111111,estimated,0,0,0.0,0,0,0.34085493118014504,0.3788448819875234,0.5116244274332953,0.3986909964402521,0.14497182350809035,20,1,-0.028914114371385746,0.97,75.2,B,0.27647058823529413,4.173555199328886,0.33584902173548764,0.22364048492498287,12,7,0,0.21739130434782608,0.24630541871921183,0.6627450980392157,0.26666666666666666,0.07058823529411765,0.20647419072615922,0.2619392185238784,0.24150943396226415,0.22897862232779098,0.2345679012345679,179,0.24060150375939848,152,False,False,0.6288770852049441,0.005128949709574004,3.6419753086419755,4.08641975308642,81,,,,,,,0.1866205563883091,20,4.48,1.17,62.1,3.0,4.0,58.0,16.0,0.0,0.0,0.0,12.0,SP,12.0,263.0,57.0,21.9,8.37,2.31,8.23,1.59,21.891454481894673,-0.015406034914518196,3,0.42857142857142855,10.0,7,6,0,0,0.0,4.35,0.07256102824004852,0.22654462242562928,0.2567849686847599,0.0709812108559499,0.3964968152866242,0.29644904458598725,0.2603550295857988,4.159,0.30732761173428347
683734,Andrew Vaughn,R,MIL,6,Taj Bradley,R,671737,823752,MIN @ MIL,4:10 PM,08/08,Scheduled,0.6338162746452659,,,,False,1110001111,estimated,0,0,0.0,0,0,0.22896374719064996,0.4287643086138291,0.5003611843233357,0.4018432574966711,0.2146613290724493,20,2,-0.06477272727272732,0.97,51.2,C,0.2811188811188811,2.566242149512253,0.4635470654047287,0.26852027162512715,20,6,0,0.3375,0.2727272727272727,0.7056902985074627,0.08955223880597014,0.20475746268656717,0.3173575129533679,0.29051383399209485,0.3220338983050847,0.3115201090661213,0.2912621359223301,123,0.3103448275862069,101,False,False,0.6455791726727521,-0.011762898027486202,2.7142857142857144,3.2,70,,,,,,,0.1217230278707331,20,3.69,1.24,126.2,9.0,4.0,141.0,53.0,0.0,0.0,0.0,22.0,SP,22.0,533.0,104.0,24.2,10.02,3.77,7.39,1.21,24.655396633654657,-0.011882941311932571,3,0.375,-9.0,5,7,0,0,0.0,4.12,0.13750776822907826,0.2853107344632768,0.13138686131386862,0.10218978102189781,0.4280555555555555,0.3130833333333333,0.24623115577889448,3.895,0.3070979722413909
543760,Marcus Semien,R,NYM,7,Bubba Chandler,R,696149,823348,NYM @ PIT,3:40 PM,08/08,Scheduled,0.6336539206641943,,,,False,0010110011,estimated,0,0,0.0,0,0,0.2424486840461148,0.27540134337923405,0.4088503139261846,0.2777163877189099,0.21689692890717482,20,1,0.010298295454545442,1.013,52.2,C,0.2582503928758512,1.7561426190167504,0.37841707522629653,0.19441285901707037,20,5,0,0.20454545454545456,0.21484375,0.5436382754994742,0.2928496319663512,0.16351209253417456,0.22459436379163109,0.18,0.22093023255813954,0.2064102564102564,0.20512820512820512,213,0.2214765100671141,168,False,False,0.5880133111852893,0.045640609478905025,3.5463917525773194,3.9278350515463916,97,,,,,,,0.09992245449473111,20,4.49,1.41,110.1,4.0,8.0,98.0,61.0,0.0,0.0,0.0,21.0,SP,22.0,487.0,95.0,22.1,7.99,4.98,7.75,0.82,22.473839210835624,-0.05372058733086105,6,0.6666666666666666,-8.0,6,6,0,0,0.0,4.0,0.08653407257955553,0.22377622377622378,0.20125786163522014,0.07127882599580712,0.35585585585585583,0.32195045045045045,0.21761658031088082,3.761,0.34654757156915134
679845,Nick Loftin,R,KC,4,Clay Holmes,R,605280,824079,CHC @ KC,4:10 PM,08/08,Scheduled,0.6334022307415532,,,,False,1100100100,estimated,0,0,0.0,0,0,0.22765554182658504,0.3032809373805743,0.23628081731699518,0.3169484825806311,0.26916483015962284,20,1,-0.11220358588779644,1.028,49.1,D,0.28502415458937197,2.677328643164062,0.4525534400737207,0.2209115974620578,9,85,0,0.3076923076923077,0.19548872180451127,0.5760869565217391,0.2777777777777778,0.1461352657004831,0.21052631578947367,0.1887966804979253,0.25688073394495414,0.2106299212598425,0.2032520325203252,141,0.2894736842105263,136,False,False,0.6275540011549028,0.005848229586650433,3.0,3.5063291139240507,79,,,,,,,-0.15530297465915233,20,2.39,1.1,52.2,4.0,4.0,45.0,18.0,0.0,0.0,0.0,9.0,SP,9.0,215.0,40.0,23.9,7.69,3.08,6.84,0.51,23.894181180411422,-0.02030223074155324,2,0.4,47.0,7,6,0,0,0.0,4.35,0.06882953309157976,0.25076452599388377,0.14210526315789473,0.09210526315789473,0.2933455433455433,0.27217399267399267,0.17721518987341772,4.159,0.29366136627278533
683002,Gunnar Henderson,L,BAL,3,Jacob Degrom,R,594798,822864,BAL @ TEX,4:15 PM,08/08,Scheduled,0.6323516675220539,-163.0,178.0,62.0,False,1011100100,estimated,11,2,0.18181818181818182,1,2023,0.16806088703969574,0.33612337188579583,0.48614357194020996,0.2530383797617961,0.19425768310057073,20,1,-0.021268950028074107,0.964,66.1,B,0.30817941952506595,4.208896716912514,0.44502707181649964,0.27185784957878767,20,7,0,0.23357664233576642,0.2123076923076923,0.4423791821561338,0.4312267657992565,0.12639405204460966,0.20305052430886558,0.20903454384410983,0.1673469387755102,0.1977828168304359,0.2152777777777778,313,0.22413793103448276,206,False,False,0.6491035235601906,-0.01675185603813678,4.052631578947368,4.552631578947368,114,,,,,,,-0.08968760584900225,20,3.96,1.14,113.2,7.0,7.0,135.0,29.0,0.0,0.0,0.0,21.0,SP,21.0,468.0,101.0,22.3,10.69,2.3,8.0,1.27,22.68746347997273,0.036008332477946214,5,0.625,7.0,6,6,0,0,0.0,4.45,0.16596005382319817,0.22336065573770492,0.22794117647058823,0.07720588235294118,0.45879120879120877,0.30619505494505495,0.22007722007722008,4.249,0.32529425795769495
681715,Heriberto Hernandez,R,MIA,3,Walbert Ureña,R,700712,823834,LAA @ MIA,1:10 PM,08/08,Scheduled,0.6321619072528016,,,,False,1010001000,estimated,0,0,0.0,0,0,0.16768451595932476,0.3052525378454255,0.4163819441893994,0.2668747528170259,0.3184037901052179,20,1,0.04999999999999999,1.0,73.4,B,0.2907253269916766,1.8856036297286407,0.3289418288245913,0.228807724096764,19,6,0,0.2,0.25,0.5241502683363148,0.1520572450805009,0.32379248658318427,0.20238095238095238,0.1927007299270073,0.21766561514195584,0.20237506185056903,0.1875,161,0.2706766917293233,146,False,True,0.6321619072528016,0.0,3.2209302325581395,3.5697674418604652,86,,,,,,,-0.06039846650858355,20,2.54,1.25,99.1,7.0,7.0,95.0,52.0,0.0,0.0,0.0,18.0,SP,20.0,423.0,72.0,21.1,8.61,4.71,6.52,0.54,22.365037805232504,0.007588092747198405,4,0.5,-2.0,6,6,1,0,0.0,4.45,0.06806669152904923,0.24193548387096775,0.2540792540792541,0.10955710955710955,0.4923954372623574,0.35207604562737643,0.1952662721893491,4.249,0.2961232027332944
680776,Jarren Duran,L,BOS,6,Gage Jump,L,695611,824726,ATH @ BOS,1:10 PM,08/08,Scheduled,0.6314846931268393,,,,False,1001111101,estimated,0,0,0.0,0,0,0.28087608253363616,0.3532695178681414,0.40226054285708424,0.35028783738695346,0.1911204053284944,20,1,0.032064968735702304,1.063,33.0,F,0.28313253012048195,2.2274231744006054,0.448238951663315,0.2669258792997733,13,6,0,0.22784810126582278,0.19578313253012047,0.5086355785837651,0.41278065630397237,0.07858376511226252,0.19165659008464328,0.18466898954703834,0.2098976109215017,0.19303899452143086,0.1950207468879668,265,0.21176470588235294,195,False,True,0.5912229364155472,0.04026175671129206,3.8411214953271027,4.299065420560748,107,,,,,,,0.16481318734768186,20,4.59,1.47,66.2,4.0,7.0,73.0,31.0,0.0,0.0,0.0,13.0,SP,13.0,288.0,67.0,22.2,9.86,4.19,9.05,0.94,22.043550915322523,-0.009984693126839361,6,0.6,-15.0,6,6,1,0,0.0,4.12,0.024937567886390167,0.19912472647702406,0.2890625,0.068359375,0.39104638619201726,0.3274368932038835,0.27692307692307694,3.895,0.37383225180373264
650489,Willi Castro,L,COL,6,Matthew Liberatore,L,669461,823021,COL @ STL,4:15 PM,08/08,Scheduled,0.6311054234477546,,,,False,1011111111,estimated,0,0,0.0,0,0,0.2976312127756449,0.3724806372395293,0.39625253903674906,0.48072017888816465,0.2687895460633811,20,1,-0.010661987988393296,1.031,49.1,D,0.2834193918531268,2.969759122141383,0.4222562186004788,0.2484612500277562,20,6,0,0.2602739726027397,0.270935960591133,0.44489092996555685,0.40757749712973596,0.14753157290470723,0.2547043010752688,0.2634146341463415,0.2270450751252087,0.24981549815498155,0.29292929292929293,219,0.23178807947019867,173,False,False,0.5998754902110096,0.031229933236744944,3.597938144329897,4.041237113402062,97,,,,,,,0.29258852462324725,20,4.97,1.49,108.2,5.0,8.0,107.0,41.0,0.0,0.0,0.0,22.0,SP,22.0,476.0,121.0,21.6,8.86,3.4,10.02,1.57,21.428976238935398,-0.0036854234477544656,5,0.625,28.0,7,6,0,0,0.0,4.12,0.0711959191861378,0.25609756097560976,0.27801724137931033,0.08620689655172414,0.38018979833926453,0.31073042704626336,0.29591836734693877,3.895,0.3255581696952023
645277,Ozzie Albies,L,ATL,5,Gerrit Cole,R,543037,823514,ATL @ NYY,12:05 PM,08/08,Scheduled,0.630877399609003,,,,False,0111111000,estimated,0,0,0.0,0,0,0.1983879446637592,0.23149461403919713,0.27027934544593457,0.24433629650571764,0.14878981701684646,20,1,-0.08629776021080368,1.007,64.9,C,0.28987993138936535,4.689061028649903,0.4384966897541757,0.26818952946858343,13,6,0,0.30978260869565216,0.22348484848484848,0.5211267605633803,0.3274647887323944,0.15140845070422534,0.2503192848020434,0.2507903055848261,0.23648648648648649,0.24800735744941754,0.26765799256505574,299,0.24581005586592178,199,False,False,0.6479412467719439,-0.01706384716294085,3.8620689655172415,4.293103448275862,116,,,,,,,-0.021907159507086566,20,3.42,1.1,73.2,5.0,5.0,78.0,17.0,0.0,0.0,0.0,13.0,SP,13.0,302.0,64.0,23.2,9.53,2.08,7.82,1.34,23.384465357477886,0.006751171819568413,7,0.875,2.0,6,6,1,0,0.0,4.25,0.10406932527252229,0.25813449023861174,0.14313725490196078,0.06274509803921569,0.2958762886597938,0.2726408934707904,0.2032967032967033,4.023,0.30811762569216816
650402,Gleyber Torres,R,DET,2,Landen Roupp,R,694738,823188,DET @ SF,4:15 PM,08/08,Scheduled,0.6307766777232571,,,,False,0110111111,estimated,0,0,0.0,0,0,0.23929993594939974,0.30403473739457915,0.3978571294895342,0.34006630106233604,0.2651444057858075,20,1,0.10856481481481484,0.994,62.1,C,0.2803605313092979,1.9303773947854332,0.30736082384156566,0.22075603022350557,20,6,0,0.18518518518518517,0.29375,0.5353583293782629,0.2591362126245847,0.20550545799715236,0.2127838519764508,0.23622047244094488,0.2543352601156069,0.2229946524064171,0.2556390977443609,156,0.2839506172839506,101,False,False,0.6244754042013594,0.006301273521897688,3.689655172413793,4.431034482758621,58,,,,,,,0.07755550981044276,20,4.34,1.29,118.1,7.0,10.0,120.0,52.0,0.0,0.0,0.0,22.0,SP,22.0,499.0,101.0,22.7,9.13,3.95,7.68,0.68,22.88705596891884,0.01604832227674291,8,1.0,0.0,2,6,1,0,0.0,4.55,0.10868804522565823,0.24336283185840707,0.21172022684310018,0.1285444234404537,0.362156862745098,0.3197029411764706,0.24352331606217617,4.349,0.3392701383310421
671732,Lawrence Butler,L,ATH,5,Jake Bennett,L,687562,824726,ATH @ BOS,1:10 PM,08/08,Scheduled,0.6297361830849929,,,,False,1110110110,estimated,0,0,0.0,0,0,0.2510501307721704,0.3053634573196549,0.46907277200968206,0.3081002867993165,0.20590457944983004,20,1,-0.007468879668049794,1.063,78.9,B,0.2631578947368421,4.577567878011505,0.3541553921664697,0.17859359352635076,12,6,0,0.2,0.2074688796680498,0.6414708886618999,0.1041879468845761,0.254341164453524,0.1671850699844479,0.16356877323420074,0.21293800539083557,0.17495479204339964,0.2,174,0.21232876712328766,172,False,True,0.5905760878315349,0.03916009525345798,2.9223300970873787,3.3592233009708736,103,,,,,,,-0.1648907371667171,20,2.9,1.01,71.1,7.0,4.0,50.0,13.0,0.0,0.0,0.0,12.0,SP,12.0,280.0,59.0,23.3,6.31,1.64,7.44,0.63,23.718066329532544,-0.030036183084992896,4,0.5,18.0,7,6,1,0,0.0,4.25,0.08680142149791265,0.21448467966573817,0.2707317073170732,0.10975609756097561,0.45161290322580644,0.32306854838709675,0.19117647058823528,4.023,0.3177401630789596
699393,Pedro Ramírez,L,CHC,9,Seth Lugo,R,607625,824079,CHC @ KC,4:10 PM,08/08,Scheduled,0.6288770852049441,,,,False,1001001001,estimated,0,0,0.0,0,0,0.27146939756432725,0.33046376817679324,0.4577713696028111,0.3527177969098613,0.22528454542655948,20,1,0.034090909090909116,1.028,31.5,F,0.26463473633284956,1.9202913298710897,0.45472560920457983,0.16961121117144148,20,6,0,0.2727272727272727,0.3068181818181818,0.5183930300096805,0.39303000968054214,0.08857696030977735,0.28023598820059,0.28901734104046245,0.2980769230769231,0.2845786963434022,0.2708333333333333,52,0.3225806451612903,70,True,False,0.5621808347007945,0.06669625050414962,2.682926829268293,2.975609756097561,41,,,,,,,-0.032924487824398344,20,4.41,1.39,128.2,4.0,7.0,99.0,45.0,0.0,0.0,0.0,23.0,SP,23.0,548.0,134.0,23.8,6.92,3.15,9.37,1.05,23.767477662945375,-0.017819942347801265,7,0.7777777777777778,10.0,6,7,0,0,0.0,3.76,0.12217318272287933,0.32038834951456313,0.1391304347826087,0.0782608695652174,0.46551724137931033,0.28693103448275864,0.2834890965732087,3.443,0.2723523132907472
695578,James Wood,L,WSH,1,Chase Burns,R,695505,822701,CIN @ WSH,3:45 PM,08/08,Scheduled,0.6284731136401123,,,,False,1110101001,estimated,6,0,0.0,1,2025,0.20574760298536873,0.36762524674163827,0.47883743954978464,0.308392057561086,0.25642907768948525,20,5,0.02816901408450706,1.04,73.1,B,0.2961439588688946,3.0119603416517933,0.371896709586179,0.2843757172022708,20,6,0,0.25,0.27816901408450706,0.5660668380462724,0.38046272493573263,0.05347043701799486,0.2638815441565309,0.2507267441860465,0.25625,0.2584756563854193,0.2734375,317,0.26136363636363635,215,False,False,0.655643162053256,-0.027170048413143744,3.8230088495575223,4.707964601769912,113,,,,,,,-0.09734545842974492,20,2.35,1.1,118.2,13.0,1.0,137.0,43.0,0.0,0.0,0.0,21.0,SP,21.0,477.0,87.0,22.7,10.39,3.26,6.6,0.99,22.712904656023003,0.029510219693220985,6,0.6666666666666666,9.0,7,7,0,0,0.0,4.65,0.13254110627550234,0.26406926406926406,0.29537366548042704,0.14590747330960854,0.5847972972972972,0.41226689189189186,0.21212121212121213,4.44,0.28841598678328495
694671,Wyatt Langford,R,TEX,2,Kyle Bradish,R,680694,822864,BAL @ TEX,4:15 PM,08/08,Scheduled,0.6284450962048306,,,,False,1011100010,estimated,0,0,0.0,0,0,0.17540939845523704,0.2673145936686302,0.3886058971362653,0.24336025957515015,0.2905529894541745,20,1,0.005841217605923488,0.964,54.3,C,0.2773359840954274,2.098322356196533,0.3892629849354991,0.21693645051795205,20,6,0,0.26153846153846155,0.26737967914438504,0.5176529090004973,0.48234709099950274,0.0,0.25275590551181104,0.24835526315789475,0.2126865671641791,0.24686192468619247,0.25925925925925924,174,0.2777777777777778,97,False,False,0.6361752624518732,-0.007730166247042591,4.0,4.301587301587301,63,,,,,,,0.013183343271376049,20,3.79,1.36,121.0,7.0,10.0,117.0,54.0,0.0,0.0,0.0,22.0,SP,22.0,513.0,111.0,23.3,8.7,4.02,8.26,0.97,23.314274187780292,0.008979903795169442,8,1.0,-1.0,6,6,0,0,0.0,4.55,0.09181758691430275,0.26174496644295303,0.23529411764705882,0.10980392156862745,0.4515800203873598,0.32274006116207954,0.25555555555555554,4.349,0.32697725996184585
606192,Teoscar Hernández,R,LAD,7,Brandon Pfaadt,R,694297,825049,LAD @ AZ,5:10 PM,08/08,Scheduled,0.627743761424155,,,,False,0110111000,estimated,14,4,0.2857142857142857,1,2023,0.24102966452690006,0.27933138794602785,0.25869721666855033,0.333549299047636,0.2957271163519388,20,1,-0.04147465437788017,1.0,53.5,C,0.2642916321458161,2.6232322249876585,0.39347998738568285,0.15640269372503504,20,5,0,0.27956989247311825,0.23809523809523808,0.5617232808616405,0.29660314830157414,0.14167357083678542,0.275750202757502,0.2673076923076923,0.19767441860465115,0.2601046124583928,0.27044025157232704,176,0.22764227642276422,138,False,False,0.5950704993135454,0.03267326211060961,3.525,3.925,80,,,,,,,0.05823600848911563,20,3.66,1.26,78.2,6.0,1.0,52.0,22.0,0.0,0.0,0.0,10.0,RP,20.0,333.0,77.0,16.6,5.95,2.52,8.81,0.92,17.781002547855763,-0.033015189995583616,7,0.7,22.0,7,6,0,0,0.0,4.0,0.03912279647498554,0.2602739726027397,0.2572614107883817,0.07468879668049792,0.4482484076433121,0.3287388535031847,0.21897810218978103,3.761,0.3181684970129037
592518,Manny Machado,R,SD,3,Peter Lambert,R,663567,823267,HOU @ SD,4:15 PM,08/08,Scheduled,0.6270517494384195,-170.0,178.0,63.0,False,1010001001,estimated,8,4,0.5,1,2023,0.22830120483342767,0.3836074584811612,0.4590031957711768,0.272760253171844,0.2528946715734231,20,1,-0.03573101789674235,0.954,71.8,B,0.27216954824316786,2.883040144980644,0.3591862770007197,0.2511407085182764,19,6,0,0.2376237623762376,0.20189274447949526,0.503070910106086,0.26744835287548857,0.22948073701842547,0.1937224129475233,0.18923766816143497,0.24367816091954023,0.19822073950514318,0.21052631578947367,295,0.21052631578947367,186,False,False,0.6254834402625293,0.0015683091758901258,3.6991150442477876,4.256637168141593,113,,,,,,,-0.010461811827064505,20,3.06,1.13,108.2,8.0,5.0,108.0,41.0,0.0,0.0,0.0,19.0,SP,19.0,449.0,82.0,23.6,8.94,3.4,6.79,0.91,23.53792751384885,-0.014485082771752866,3,0.42857142857142855,2.0,7,7,1,0,0.0,4.45,0.13451164501068,0.20594965675057209,0.22709163346613545,0.10358565737051793,0.4540763673890609,0.31426315789473686,0.27040816326530615,4.249,0.29290725815592317
605137,Josh Bell,L,MIN,3,Robert Gasser,L,688107,823752,MIN @ MIL,4:10 PM,08/08,Scheduled,0.6265455036865176,,,,False,0100111011,estimated,0,0,0.0,0,0,0.26998302145046216,0.2673654960309998,0.32427360065578653,0.3444934260486339,0.16911990012488246,20,1,-0.003350644999162322,0.97,75.2,B,0.27647058823529413,4.173555199328886,0.33584902173548764,0.22364048492498287,12,7,0,0.25196850393700787,0.2553191489361702,0.6627450980392157,0.26666666666666666,0.07058823529411765,0.26509853782581055,0.2414605418138987,0.24461343472750316,0.2537313432835821,0.285140562248996,270,0.20625,178,False,False,0.6338162746452659,-0.007270770958748285,3.684684684684685,4.036036036036036,111,,,,,,,0.013180246442928246,20,4.48,1.17,62.1,3.0,4.0,58.0,16.0,0.0,0.0,0.0,12.0,SP,12.0,263.0,57.0,21.9,8.37,2.31,8.23,1.59,21.891454481894673,-0.0005455036865176233,3,0.42857142857142855,10.0,7,6,0,0,0.0,4.45,0.10639280935714858,0.24,0.22008547008547008,0.07905982905982906,0.41951345755693586,0.3178167701863354,0.18571428571428572,4.249,0.30732761173428347
686527,Dominic Canzone,L,SEA,3,Griffin Jax,R,643377,823102,TB @ SEA,6:50 PM,08/08,Scheduled,0.6263745353124571,,,,False,1101011010,estimated,0,0,0.0,0,0,0.18141925224170743,0.3275804841566779,0.33229368216935784,0.25532588456358685,0.23050092671798866,20,1,0.012185132090927725,0.906,70.9,B,0.3116045845272206,4.400184491769512,0.399367929408711,0.29289746487582863,20,6,0,0.23684210526315788,0.2490272373540856,0.4207492795389049,0.34293948126801155,0.23631123919308358,0.2397119341563786,0.2328966521106259,0.21042830540037244,0.23,0.2388888888888889,201,0.2608695652173913,131,False,False,0.6565857082949793,-0.030211172982522183,2.9207920792079207,3.287128712871287,101,,,,,,,-0.08588177140264185,20,3.63,1.21,91.2,6.0,9.0,100.0,30.0,0.0,2.0,2.0,18.0,SP,29.0,379.0,81.0,13.1,9.82,2.95,7.95,1.37,19.173130095653022,0.0009111789732572095,7,0.875,-8.0,7,6,0,0,0.0,4.45,0.06593963285139454,0.25142857142857145,0.2185089974293059,0.08226221079691516,0.48962264150943396,0.34139811320754715,0.24757281553398058,4.249,0.2802338600838801
682985,Riley Greene,L,DET,4,Landen Roupp,R,694738,823188,DET @ SF,4:15 PM,08/08,Scheduled,0.6263745353124571,,,,False,1100001011,estimated,0,0,0.0,0,0,0.1943444543431509,0.32472652530769225,0.35268272283076646,0.29258973580358955,0.23417374628093263,20,1,0.01179071481208549,0.994,62.1,C,0.2803605313092979,1.9303773947854332,0.30736082384156566,0.22075603022350557,20,6,0,0.26956521739130435,0.28135593220338984,0.5353583293782629,0.2591362126245847,0.20550545799715236,0.275802752293578,0.2993377483443709,0.2481012658227848,0.2745515354211006,0.2948717948717949,266,0.2556818181818182,212,False,False,0.6287061168308836,-0.0023315815184264954,3.6283185840707963,4.230088495575221,113,,,,,,,-0.035327139705811805,20,4.34,1.29,118.1,7.0,10.0,120.0,52.0,0.0,0.0,0.0,22.0,SP,22.0,499.0,101.0,22.7,9.13,3.95,7.68,0.68,22.88705596891884,0.018787964687542846,8,1.0,0.0,2,6,1,0,0.0,4.35,0.08741764443495317,0.2702078521939954,0.26147704590818366,0.10978043912175649,0.48896247240618096,0.3517649006622517,0.21951219512195122,4.159,0.3392701383310421
686611,Dylan Crews,R,WSH,2,Chase Burns,R,695505,822701,CIN @ WSH,3:45 PM,08/08,Scheduled,0.6254834402625293,,,,False,1101100110,estimated,0,0,0.0,0,0,0.1820375552589227,0.3475910495176712,0.40595345152944917,0.33574082753765166,0.29345767479741797,20,1,-0.12741205154998259,1.04,73.1,B,0.2961439588688946,3.0119603416517933,0.371896709586179,0.2843757172022708,20,6,0,0.29292929292929293,0.16551724137931034,0.5660668380462724,0.38046272493573263,0.05347043701799486,0.223480947476828,0.19222903885480572,0.32857142857142857,0.22727272727272727,0.2318840579710145,150,0.19811320754716982,121,False,False,0.6338162746452659,-0.008332834382736576,3.8125,4.234375,64,,,,,,,-0.14610127239197004,20,2.35,1.1,118.2,13.0,1.0,137.0,43.0,0.0,0.0,0.0,21.0,SP,21.0,477.0,87.0,22.7,10.39,3.26,6.6,0.99,22.712904656023003,0.03293322640413732,6,0.6666666666666666,9.0,7,7,0,0,0.0,4.55,0.10310120807115027,0.21016166281755197,0.23553719008264462,0.08264462809917356,0.4153605015673981,0.30826959247648905,0.18674698795180722,4.349,0.28841598678328495
663886,Tyler Stephenson,R,CIN,4,Andrew Alvarez,L,674841,822701,CIN @ WSH,3:45 PM,08/08,Scheduled,0.6254834402625293,,,,False,0011111010,estimated,0,0,0.0,0,0,0.28844812458149943,0.43601331468133714,0.39566180792676353,0.5029598565302047,0.29570604020672026,20,1,-0.031100478468899545,1.04,35.1,D,0.2834862385321101,1.953931239527081,0.44408477213937936,0.22057888914780802,16,5,0,0.22727272727272727,0.2583732057416268,0.42752293577981654,0.5394495412844037,0.03302752293577982,0.24251497005988024,0.24964739069111425,0.1686746987951807,0.23523421588594703,0.2356687898089172,178,0.2711864406779661,135,False,False,0.5982016738841123,0.02728176637841706,3.235294117647059,3.6823529411764704,85,,,,,,,0.06159727882377284,20,3.94,1.45,64.0,2.0,3.0,63.0,31.0,1.0,0.0,1.0,8.0,RP,16.0,276.0,62.0,17.2,8.86,4.36,8.72,0.28,18.1850226660875,0.017759416880327783,7,0.7,1.0,6,6,0,0,0.0,4.35,0.08132427165481106,0.24,0.28074245939675174,0.10672853828306264,0.4593175853018373,0.34348228346456694,0.25443786982248523,4.159,0.3149151465425154
672960,Kazuma Okamoto,R,TOR,3,Aaron Nola,R,605400,823426,TOR @ PHI,3:05 PM,08/08,Scheduled,0.6244754042013594,,,,False,1110110110,estimated,0,0,0.0,0,0,0.1883313700910932,0.25802546625581885,0.32254949797129534,0.26580476036405726,0.36490065201169664,20,1,0.01623376623376624,1.009,57.9,C,0.2988947621335896,2.9775781918316855,0.43831106014225707,0.22706303276496947,20,5,0,0.21428571428571427,0.2305194805194805,0.5024131274131274,0.34025096525096526,0.15733590733590733,0.2014851485148515,0.24162120031176929,0.24173027989821882,0.21951878886185455,0.24096385542168675,279,0.2046783625730994,188,True,False,0.6026893674352994,0.021786036766059946,3.7168141592920354,4.132743362831858,113,,,,,,,0.01922255955078118,20,5.55,1.44,120.0,3.0,9.0,121.0,41.0,0.0,0.0,0.0,23.0,SP,23.0,522.0,132.0,22.7,9.08,3.08,9.9,2.1,22.95442374933643,-0.021775404201359372,1,0.125,-13.0,7,7,0,0,0.0,4.45,0.023657795426945426,0.2301980198019802,0.30242825607064017,0.09050772626931568,0.44631710362047444,0.3108164794007491,0.2751322751322751,4.249,0.3128395124733892
676356,Jonny Deluca,R,TB,6,George Kirby,R,669923,823102,TB @ SEA,6:50 PM,08/08,Scheduled,0.6228210368088951,,,,False,1100011101,estimated,0,0,0.0,0,0,0.23459087174270965,0.34410911867418675,0.387180879707861,0.36561867695549033,0.24204717664132042,20,1,-0.06594202898550725,0.906,56.9,C,0.268586387434555,4.9091624911596705,0.4204612054382085,0.21021689097074736,20,6,0,0.2833333333333333,0.21739130434782608,0.5324947589098532,0.3915094339622642,0.0759958071278826,0.2275,0.21395348837209302,0.23976608187134502,0.22435897435897437,0.24299065420560748,114,0.26666666666666666,111,False,False,0.6540433450006843,-0.031222308191789172,3.3125,3.515625,64,,,,,,,0.11052360710400791,20,3.76,1.28,127.0,8.0,9.0,110.0,26.0,0.0,0.0,0.0,21.0,SP,21.0,523.0,136.0,24.9,7.8,1.84,9.64,1.06,24.772615721026952,-0.0084353225231808,7,0.875,-10.0,7,6,0,0,0.0,4.12,0.010230534125936677,0.28316326530612246,0.18571428571428572,0.047619047619047616,0.3050955414012739,0.2944904458598726,0.28991596638655465,3.895,0.346393768127407
663494,Bryan Torres,L,STL,9,Kyle Freeland,L,607536,823021,COL @ STL,4:15 PM,08/08,Scheduled,0.622772589065018,,,,False,0111011000,estimated,0,0,0.0,0,0,0.25248520337629055,0.29965911901023384,0.2917526193951535,0.3162554227867675,0.23306492289629865,20,1,0.2375478927203065,1.031,56.7,C,0.2809633027522936,4.429370773910037,0.4221575408545096,0.19221131840671077,20,6,0,0.4444444444444444,0.20689655172413793,0.5424311926605505,0.3176605504587156,0.13990825688073394,0.21173469387755103,0.2129032258064516,0.2835820895522388,0.21986970684039087,0.2549019607843137,56,0.2,50,True,False,0.5725440461084991,0.05022854295651891,2.4615384615384617,2.717948717948718,39,,,,,,,-0.14444919013404217,20,6.81,1.49,108.1,3.0,10.0,93.0,23.0,0.0,0.0,0.0,20.0,SP,20.0,486.0,138.0,24.3,7.73,1.91,11.46,1.74,25.051250369292692,-0.01507258906501796,8,1.0,6.0,7,6,0,0,0.0,3.76,0.06673996453204566,0.25,0.18681318681318682,0.06593406593406594,0.36815920398009955,0.3382238805970149,0.2916666666666667,3.443,0.3355222851796157
677649,Ezequiel Duran,R,TEX,3,Kyle Bradish,R,680694,822864,BAL @ TEX,4:15 PM,08/08,Scheduled,0.6227225904175111,,,,False,1001011100,estimated,0,0,0.0,0,0,0.27887659161479517,0.3081463386476253,0.3359990474618096,0.38928316702748655,0.26984673329864695,20,1,-0.05476006191950461,0.964,54.3,C,0.2773359840954274,2.098322356196533,0.3892629849354991,0.21693645051795205,20,6,0,0.3157894736842105,0.2610294117647059,0.5176529090004973,0.48234709099950274,0.0,0.2554278416347382,0.25813449023861174,0.22304832713754646,0.252528901734104,0.2638888888888889,242,0.2913907284768212,164,False,False,0.6335552540192128,-0.010832663601701653,3.5288461538461537,3.9038461538461537,104,,,,,,,0.21313671520649807,20,3.79,1.36,121.0,7.0,10.0,117.0,54.0,0.0,0.0,0.0,22.0,SP,22.0,513.0,111.0,23.3,8.7,4.02,8.26,0.97,23.314274187780292,0.013864909582488871,8,1.0,-1.0,6,6,0,0,0.0,4.45,0.07262750625141708,0.25980392156862747,0.23595505617977527,0.060674157303370786,0.3452145214521452,0.32526897689768974,0.25555555555555554,4.249,0.32697725996184585
668709,Jj Bleday,L,CIN,3,Andrew Alvarez,L,674841,822701,CIN @ WSH,3:45 PM,08/08,Scheduled,0.6227203909717715,,,,False,1001011010,estimated,0,0,0.0,0,0,0.20341940140679945,0.30189745815642605,0.389831588714911,0.3266247201825185,0.2656199815402226,20,1,0.08025204265337207,1.04,35.1,D,0.2834862385321101,1.953931239527081,0.44408477213937936,0.22057888914780802,16,5,0,0.29310344827586204,0.21285140562248997,0.42752293577981654,0.5394495412844037,0.03302752293577982,0.2205258693808312,0.2282453637660485,0.2523961661341853,0.2313195548489666,0.22702702702702704,223,0.22950819672131148,142,False,False,0.5966144827554193,0.02610590821635217,3.528735632183908,4.195402298850575,87,,,,,,,-0.03283981050886838,20,3.94,1.45,64.0,2.0,3.0,63.0,31.0,1.0,0.0,1.0,8.0,RP,16.0,276.0,62.0,17.2,8.86,4.36,8.72,0.28,18.1850226660875,0.02160818045680013,7,0.7,1.0,6,6,0,0,0.0,4.45,0.21409285349364596,0.236318407960199,0.23326133909287258,0.11663066954643629,0.4118480725623583,0.3290549886621315,0.2676056338028169,4.249,0.3149151465425154
695734,Daylen Lile,L,WSH,5,Chase Burns,R,695505,822701,CIN @ WSH,3:45 PM,08/08,Scheduled,0.6221569381875272,,,,False,1110110001,estimated,5,0,0.0,1,2025,0.2100456626517592,0.28505638874348377,0.4243892345290362,0.3065176028793075,0.25359488922014417,20,1,-0.021739130434782594,1.04,73.1,B,0.2961439588688946,3.0119603416517933,0.371896709586179,0.2843757172022708,20,6,0,0.2608695652173913,0.2391304347826087,0.5660668380462724,0.38046272493573263,0.05347043701799486,0.21005154639175258,0.2188235294117647,0.24574669187145556,0.21804001356391997,0.2384937238493724,258,0.25252525252525254,218,False,False,0.6417350651242898,-0.01957812693676264,3.8,4.139130434782609,115,,,,,,,-0.017424355762106613,20,2.35,1.1,118.2,13.0,1.0,137.0,43.0,0.0,0.0,0.0,21.0,SP,21.0,477.0,87.0,22.7,10.39,3.26,6.6,0.99,22.712904656023003,0.03389306181247276,6,0.6666666666666666,9.0,7,7,0,0,0.0,4.25,0.038870828805897935,0.2543859649122807,0.1797979797979798,0.05656565656565657,0.35113533151680293,0.3031471389645776,0.21212121212121213,4.023,0.28841598678328495
682657,Angel Martínez,L,CLE,7,Anthony Kay,L,641743,824565,CLE @ CWS,4:15 PM,08/08,Scheduled,0.6221438226829328,,,,False,0000011111,estimated,0,0,0.0,0,0,0.20651191545585026,0.38294682399481816,0.35607829359210913,0.32571020539051027,0.2506995616399735,20,1,0.050713991890462495,0.968,54.1,C,0.25970751386787694,2.372864958303598,0.3795996426470083,0.18958193047889604,20,6,0,0.2605042016806723,0.2097902097902098,0.5769036812909732,0.28189611699445283,0.14120020171457387,0.23170731707317074,0.2597938144329897,0.239247311827957,0.24024872809496892,0.22388059701492538,145,0.2421875,137,False,False,0.5905760878315349,0.031567734851397855,3.6901408450704225,3.971830985915493,71,,,,,,,0.12056168104842972,20,4.01,1.35,110.0,8.0,5.0,90.0,42.0,0.0,0.0,0.0,21.0,SP,23.0,494.0,107.0,21.5,7.36,3.44,8.75,1.15,21.76661439170506,-0.04349382268293278,4,0.5714285714285714,10.0,7,6,0,0,0.0,4.0,0.025001089725235192,0.21772151898734177,0.22897196261682243,0.0397196261682243,0.3322109988776656,0.29135016835016836,0.19491525423728814,3.761,0.3259183054763652
668227,Randy Arozarena,R,SEA,2,Griffin Jax,R,643377,823102,TB @ SEA,6:50 PM,08/08,Scheduled,0.6214974913516387,-156.0,163.0,61.0,False,0010111110,estimated,6,3,0.5,1,2023,0.26283842842559746,0.33410376017833804,0.38458361102092,0.30585332727472186,0.17463846350168194,20,1,0.019862155388471192,0.906,70.9,B,0.3116045845272206,4.400184491769512,0.399367929408711,0.29289746487582863,20,6,0,0.26785714285714285,0.28771929824561404,0.4207492795389049,0.34293948126801155,0.23631123919308358,0.24518479958355024,0.2391713747645951,0.2515592515592516,0.24430999711898588,0.24796747967479674,293,0.33774834437086093,170,False,False,0.6501150348168224,-0.028617543465183748,3.675925925925926,4.287037037037037,108,,,,,,,0.1236098896356252,20,3.63,1.21,91.2,6.0,9.0,100.0,30.0,0.0,2.0,2.0,18.0,SP,29.0,379.0,81.0,13.1,9.82,2.95,7.95,1.37,19.173130095653022,0.013316794362646989,7,0.875,-8.0,7,6,0,0,0.0,4.55,0.09147105103838556,0.27293577981651373,0.22504892367906065,0.0958904109589041,0.4221703011422638,0.3305436137071651,0.2248062015503876,4.349,0.2802338600838801
686797,Brooks Lee,L,MIN,5,Robert Gasser,L,688107,823752,MIN @ MIL,4:10 PM,08/08,Scheduled,0.6205533628801561,,,,False,1100110001,estimated,0,0,0.0,0,0,0.15813845062619303,0.21562897992481742,0.2817843259365392,0.17809424059381013,0.19132016312504804,20,2,-0.03326085679026858,0.97,75.2,B,0.27647058823529413,4.173555199328886,0.33584902173548764,0.22364048492498287,12,7,0,0.2184873949579832,0.2517482517482518,0.6627450980392157,0.26666666666666666,0.07058823529411765,0.2371638141809291,0.22538293216630198,0.24375,0.23455459770114942,0.24675324675324675,245,0.23563218390804597,198,False,False,0.6340060349145181,-0.013452672034362068,3.75,4.101851851851852,108,,,,,,,-0.21450383967193667,20,4.48,1.17,62.1,3.0,4.0,58.0,16.0,0.0,0.0,0.0,12.0,SP,12.0,263.0,57.0,21.9,8.37,2.31,8.23,1.59,21.891454481894673,-0.009753362880156158,3,0.42857142857142855,10.0,7,6,0,0,0.0,4.25,0.07701821193297231,0.24830699774266365,0.15734989648033126,0.06832298136645963,0.3242506811989101,0.25532152588555856,0.18571428571428572,4.023,0.30732761173428347
687859,Troy Johnston,L,COL,8,Matthew Liberatore,L,669461,823021,COL @ STL,4:15 PM,08/08,Scheduled,0.6199877106501721,,,,False,1001001100,estimated,0,0,0.0,0,0,0.1057524043719663,0.29979542197013176,0.32141241743446686,0.14089183574364023,0.20225897293699235,20,1,-0.016727941176470584,1.031,49.1,D,0.2834193918531268,2.969759122141383,0.4222562186004788,0.2484612500277562,20,6,0,0.265625,0.2823529411764706,0.44489092996555685,0.40757749712973596,0.14753157290470723,0.2375296912114014,0.30333333333333334,0.2222222222222222,0.25616197183098594,0.25925925925925924,209,0.3076923076923077,151,False,False,0.5855588518220333,0.03442885882813884,3.1584158415841586,3.5643564356435644,101,,,,,,,-0.33926443658392935,20,4.97,1.49,108.2,5.0,8.0,107.0,41.0,0.0,0.0,0.0,22.0,SP,22.0,476.0,121.0,21.6,8.86,3.4,10.02,1.57,21.428976238935398,-0.015067710650172095,5,0.625,28.0,7,6,0,0,0.0,3.88,0.058439728026910255,0.2958904109589041,0.17718446601941748,0.08737864077669903,0.4072488584474886,0.3357728310502283,0.29591836734693877,3.598,0.3255581696952023
691594,Javier Sanoja,R,MIA,9,Walbert Ureña,R,700712,823834,LAA @ MIA,1:10 PM,08/08,Scheduled,0.6195362147610376,,,,False,0101101111,estimated,0,0,0.0,0,0,0.27369100563293247,0.2907788489721594,0.2734959850692785,0.30053389006647296,0.07214326514735388,20,1,-0.030260166708764802,1.0,73.4,B,0.2907253269916766,1.8856036297286407,0.3289418288245913,0.228807724096764,19,6,0,0.2897196261682243,0.2594594594594595,0.5241502683363148,0.1520572450805009,0.32379248658318427,0.267688679245283,0.27927927927927926,0.2840909090909091,0.2732447817836812,0.2867132867132867,151,0.2550335570469799,160,False,True,0.6122205284974195,0.007315686263618115,3.208791208791209,3.4175824175824174,91,,,,,,,0.21572979846574836,20,2.54,1.25,99.1,7.0,7.0,95.0,52.0,0.0,0.0,0.0,18.0,SP,20.0,423.0,72.0,21.1,8.61,4.71,6.52,0.54,22.365037805232504,0.00861378523896239,4,0.5,-2.0,6,6,1,0,0.0,3.76,0.02384865386432413,0.259946949602122,0.08229426433915212,0.05236907730673317,0.3192829457364341,0.264155765503876,0.1952662721893491,3.443,0.2961232027332944
624585,Jorge Soler,R,LAA,4,Sandy Alcántara,R,645261,823834,LAA @ MIA,1:10 PM,08/08,Scheduled,0.6183144121757508,,,,False,0011010101,estimated,0,0,0.0,0,0,0.16850016515744862,0.3181491386268487,0.49018253711864873,0.3645815274393515,0.3679147213123302,20,7,-0.008333333333333331,1.0,62.6,C,0.26791013141161507,2.951337543433846,0.35757643972774644,0.1927016440818047,20,6,0,0.20833333333333334,0.2,0.5989826197541331,0.19287833827893175,0.20813904196693514,0.2199546485260771,0.23529411764705882,0.141643059490085,0.21414538310412573,0.2422680412371134,216,0.13675213675213677,141,False,False,0.5784582760700774,0.0398561361056734,3.6588235294117646,4.2,85,,,,,,,-0.11322864570784873,20,3.68,1.2,156.2,12.0,6.0,120.0,41.0,0.0,0.0,0.0,24.0,SP,24.0,649.0,147.0,27.0,6.89,2.36,8.44,0.98,26.958621570286525,-0.027589412175750727,4,0.4444444444444444,11.0,7,6,1,0,0.0,4.35,0.07988691015957002,0.20481927710843373,0.3319327731092437,0.09663865546218488,0.43865110246433203,0.313147859922179,0.26639344262295084,4.159,0.3164708543339555
665052,Griffin Conine,L,MIA,5,Walbert Ureña,R,700712,823834,LAA @ MIA,1:10 PM,08/08,Scheduled,0.618212669303781,,,,False,1101100010,estimated,0,0,0.0,0,0,0.2429071392574341,0.3759296722468015,0.5261310213232461,0.31598698862566216,0.32869480053411054,20,1,-0.022727272727272707,1.0,73.4,B,0.2907253269916766,1.8856036297286407,0.3289418288245913,0.228807724096764,19,6,0,0.2727272727272727,0.25,0.5241502683363148,0.1520572450805009,0.32379248658318427,0.2408256880733945,0.23841059602649006,0.21153846153846154,0.2323869610935857,0.2631578947368421,86,0.23809523809523808,71,False,True,0.617204633242611,0.001008036061170059,2.836734693877551,3.204081632653061,49,,,,,,,0.1406249033384165,20,2.54,1.25,99.1,7.0,7.0,95.0,52.0,0.0,0.0,0.0,18.0,SP,20.0,423.0,72.0,21.1,8.61,4.71,6.52,0.54,22.365037805232504,-0.009462669303781035,4,0.5,-2.0,6,6,1,0,0.0,4.25,0.08477019919350155,0.2672955974842767,0.29829545454545453,0.08522727272727272,0.4671361502347418,0.32579342723004695,0.20105820105820105,4.023,0.2961232027332944
571448,Nolan Arenado,R,AZ,6,Yoshinobu Yamamoto,R,808967,825049,LAD @ AZ,5:10 PM,08/08,Scheduled,0.617811600880259,,,,False,0100101101,estimated,6,0,0.0,1,2024,0.23064387243996137,0.2738551057840805,0.35191772237066876,0.31032473373090114,0.235605909784252,20,1,0.004134479382004147,1.0,88.9,A,0.29030530262453136,3.912635502291095,0.3335861350433177,0.23312167098627812,19,7,0,0.2376237623762376,0.24175824175824176,0.537345513164965,0.1907576571735626,0.27189682966147233,0.22321428571428573,0.20857699805068225,0.22121212121212122,0.21762208067940553,0.21962616822429906,239,0.26875,184,False,False,0.6160017617392815,0.0018098391409775427,3.4311926605504586,3.8807339449541285,109,,,,,,,-0.10343417317575986,20,2.76,0.88,133.2,11.0,7.0,121.0,29.0,0.0,0.0,0.0,20.0,SP,20.0,509.0,89.0,25.4,8.15,1.95,5.99,1.01,26.04228542523094,-0.01775445802311615,7,0.875,13.0,6,7,0,0,0.0,4.12,0.10747453617064677,0.24757281553398058,0.20562770562770563,0.07792207792207792,0.329179810725552,0.3029589905362776,0.19090909090909092,3.895,0.3240523434183342
691781,Brady House,R,WSH,4,Chase Burns,R,695505,822701,CIN @ WSH,3:45 PM,08/08,Scheduled,0.6150485212098503,,,,False,0011001101,estimated,6,1,0.16666666666666666,1,2025,0.20077389603511744,0.43051563588277586,0.6163683140857269,0.28971336762963007,0.3082511475668093,20,1,-0.08630952380952384,1.04,73.1,B,0.2961439588688946,3.0119603416517933,0.371896709586179,0.2843757172022708,20,6,0,0.27380952380952384,0.1875,0.5660668380462724,0.38046272493573263,0.05347043701799486,0.20948616600790515,0.21271929824561403,0.2660098522167488,0.21901408450704227,0.21359223300970873,111,0.23655913978494625,101,False,False,0.6231966428844716,-0.008148121674621311,3.6296296296296298,3.925925925925926,54,,,,,,,-0.14590597311496814,20,2.35,1.1,118.2,13.0,1.0,137.0,43.0,0.0,0.0,0.0,21.0,SP,21.0,477.0,87.0,22.7,10.39,3.26,6.6,0.99,22.712904656023003,0.03348481212348298,6,0.6666666666666666,9.0,7,7,0,0,0.0,4.35,0.035770976088933856,0.2383177570093458,0.2847682119205298,0.04415011037527594,0.48327759197324416,0.34783723522853954,0.18674698795180722,4.159,0.28841598678328495
592885,Christian Yelich,L,MIL,3,Taj Bradley,R,671737,823752,MIN @ MIL,4:10 PM,08/08,Scheduled,0.6146287337431527,,,,False,0111000101,estimated,0,0,0.0,0,0,0.20052963211500047,0.3277850191739798,0.4528451807536027,0.2993573963671012,0.2626071832100667,20,1,-0.0024227740763173855,0.97,51.2,C,0.2811188811188811,2.566242149512253,0.4635470654047287,0.26852027162512715,20,6,0,0.23076923076923078,0.2283464566929134,0.7056902985074627,0.08955223880597014,0.20475746268656717,0.21747098350641417,0.19225967540574282,0.25,0.21425919049387301,0.2159090909090909,197,0.24615384615384617,151,False,False,0.6205442508222075,-0.0059155170790547995,3.923076923076923,4.461538461538462,78,,,,,,,-0.02041559034966905,20,3.69,1.24,126.2,9.0,4.0,141.0,53.0,0.0,0.0,0.0,22.0,SP,22.0,533.0,104.0,24.2,10.02,3.77,7.39,1.21,24.655396633654657,0.011937932923513972,3,0.375,-9.0,5,7,0,0,0.0,4.45,0.0686468519519941,0.2326086956521739,0.25239005736137665,0.09560229445506692,0.4192073170731707,0.3168689024390244,0.19927536231884058,4.249,0.3070979722413909
687551,Drew Gilbert,L,SF,7,Jackson Jobe,R,695549,823188,DET @ SF,4:15 PM,08/08,Scheduled,0.6122205284974195,,,,False,0110101100,estimated,0,0,0.0,0,0,0.2944425418514893,0.37189925543616575,0.3855543647088126,0.3254380245538566,0.09958431081627771,20,1,0.041860465116279055,0.994,,,,,,,0,0,0,0.2,0.24186046511627907,,,,0.24238733252131547,0.22857142857142856,0.26104417670682734,0.24064171122994651,0.2564102564102564,130,0.22033898305084745,139,False,False,0.6112124924362495,0.001008036061169948,2.640449438202247,3.0224719101123596,89,,,,,,,0.09765702718394312,20,,,,,,,,,,,,,,,,,,,,,,0.006365185788294814,7,0.7777777777777778,-6.0,7,6,1,0,0.0,4.0,0.13745498458002786,0.23493975903614459,0.16266666666666665,0.07733333333333334,0.34993849938499383,0.285530135301353,,3.761,0.27786452490819036
678246,Miguel Vargas,R,CWS,3,Gavin Williams,R,668909,824565,CLE @ CWS,4:15 PM,08/08,Scheduled,0.611950879332943,,,,False,1101010100,estimated,8,4,0.5,1,2025,0.17820232878304929,0.2943749464622387,0.3836077516482997,0.2527321817307169,0.2755713066866007,20,1,0.07273611715609718,0.968,65.1,B,0.33025830258302585,6.7975933661053975,0.48576168024028843,0.35167055736833197,20,6,0,0.18705035971223022,0.2597864768683274,0.5025737014506317,0.49742629854936826,0.0,0.23807205452775074,0.27793974732750243,0.26353790613718414,0.25304064075941857,0.2608695652173913,294,0.19760479041916168,202,False,False,0.6288958771001358,-0.016944997767192826,3.7168141592920354,4.389380530973451,113,,,,,,,-0.16829363804863534,20,3.56,1.04,139.0,11.0,6.0,178.0,39.0,0.0,0.0,0.0,23.0,SP,23.0,551.0,106.0,24.0,11.53,2.53,6.86,1.36,23.681790310299665,0.01306912066705701,5,0.625,7.0,6,6,0,0,0.0,4.45,0.11405876355563975,0.2379862700228833,0.175,0.12884615384615383,0.4667630057803468,0.33256936416184973,0.23076923076923078,4.249,0.3557100735140421
687637,Dylan Beavers,L,BAL,1,Jacob Degrom,R,594798,822864,BAL @ TEX,4:15 PM,08/08,Scheduled,0.6097445154578657,,,,False,1001110011,estimated,0,0,0.0,0,0,0.26526977290952514,0.38975707629814244,0.34305692356603196,0.47098756132641795,0.32944628624191935,20,1,0.02490421455938699,0.964,66.1,B,0.30817941952506595,4.208896716912514,0.44502707181649964,0.27185784957878767,20,7,0,0.2222222222222222,0.2471264367816092,0.4423791821561338,0.4312267657992565,0.12639405204460966,0.2176039119804401,0.2013129102844639,0.1774193548387097,0.206172028890348,0.20535714285714285,127,0.30985915492957744,81,False,False,0.6256732005317815,-0.01592868507391587,3.0,3.4098360655737703,61,,,,,,,0.05702511862536763,20,3.96,1.14,113.2,7.0,7.0,135.0,29.0,0.0,0.0,0.0,21.0,SP,21.0,468.0,101.0,22.3,10.69,2.3,8.0,1.27,22.68746347997273,0.032635484542134274,5,0.625,7.0,6,6,0,0,0.0,4.65,0.0607694445624667,0.24489795918367346,0.2420749279538905,0.13544668587896252,0.3460317460317461,0.3100365079365079,0.22007722007722008,4.44,0.32529425795769495
596146,Max Kepler,L,AZ,5,Yoshinobu Yamamoto,R,808967,825049,LAD @ AZ,5:10 PM,08/08,Scheduled,0.6091330041307955,,,,False,0111000010,estimated,6,1,0.16666666666666666,1,2025,0.1605917656073003,0.22236787516068765,0.3042845977188717,0.2073319198163838,0.19027704168566603,20,1,0.0,1.0,88.9,A,0.29030530262453136,3.912635502291095,0.3335861350433177,0.23312167098627812,19,7,0,,0.2111111111111111,0.537345513164965,0.1907576571735626,0.27189682966147233,0.19817073170731708,0.2,0.19161676646706588,0.1949685534591195,0.2830188679245283,59,0.12195121951219512,47,False,False,0.6136245550147533,-0.004491550883957807,3.1333333333333333,3.533333333333333,30,,,,,,,-0.1676522794267924,20,2.76,0.88,133.2,11.0,7.0,121.0,29.0,0.0,0.0,0.0,20.0,SP,20.0,509.0,89.0,25.4,8.15,1.95,5.99,1.01,26.04228542523094,-0.010661575559366865,7,0.875,13.0,6,7,0,0,0.0,4.25,0.10167200441177171,0.211340206185567,0.19545454545454546,0.09090909090909091,0.43901766004415016,0.29751655629139073,0.1794871794871795,4.023,0.3240523434183342
700250,Ben Rice,L,NYY,1,Chris Sale,L,519242,823514,ATL @ NYY,12:05 PM,08/08,Scheduled,0.6089789699762624,,,,False,0101000001,estimated,0,0,0.0,0,0,0.12193113147456806,0.2730373819263085,0.3963280477840215,0.20073477593376926,0.32295082395688696,20,1,-0.009934121091707604,1.007,88.9,A,0.32886984467059455,6.391073977543918,0.3220852467678339,0.32156474380235617,20,10,0,0.2534246575342466,0.2633587786259542,0.4946409431939979,0.3912111468381565,0.11414790996784566,0.2289308176100629,0.24438687392055267,0.2345890410958904,0.23618990743505525,0.23673469387755103,278,0.294478527607362,194,False,False,0.6518600858816568,-0.04288111590539434,3.709090909090909,4.290909090909091,110,,,,,,,-0.3276514110510383,20,2.08,1.02,117.0,12.0,6.0,143.0,26.0,0.0,0.0,0.0,20.0,SP,20.0,471.0,93.0,23.6,11.0,2.0,7.15,0.62,23.24370534418699,0.056021030023737595,4,0.5,6.0,7,6,1,0,0.0,4.65,0.1370703396182265,0.2625570776255708,0.2485089463220676,0.10536779324055666,0.48109691160809376,0.36577635782747603,0.22115384615384615,4.44,0.2955697739953178
647304,Josh Naylor,L,SEA,5,Griffin Jax,R,643377,823102,TB @ SEA,6:50 PM,08/08,Scheduled,0.608710632788869,,,,False,1111011000,estimated,0,0,0.0,0,0,0.23135700918732283,0.32107548002770253,0.2708477319525582,0.26975760992554765,0.1555499215112158,20,1,-0.01377676377676379,0.906,70.9,B,0.3116045845272206,4.400184491769512,0.399367929408711,0.29289746487582863,20,6,0,0.2702702702702703,0.2564935064935065,0.4207492795389049,0.34293948126801155,0.23631123919308358,0.24836173001310616,0.26787741203178206,0.22843822843822845,0.251410437235543,0.25,284,0.27607361963190186,180,False,False,0.6509178853291265,-0.04220725254025748,3.8796296296296298,4.296296296296297,108,,,,,,,-0.05909404529331605,20,3.63,1.21,91.2,6.0,9.0,100.0,30.0,0.0,2.0,2.0,18.0,SP,29.0,379.0,81.0,13.1,9.82,2.95,7.95,1.37,19.173130095653022,-0.000410632788868992,7,0.875,-8.0,7,6,0,0,0.0,4.25,0.10433532812730728,0.27253218884120173,0.12524461839530332,0.0684931506849315,0.3656716417910448,0.31259452736318405,0.24757281553398058,4.023,0.2802338600838801
685133,Wade Meckler,L,LAA,6,Sandy Alcántara,R,645261,823834,LAA @ MIA,1:10 PM,08/08,Scheduled,0.6079709339150924,,,,False,0010011110,estimated,0,0,0.0,0,0,0.32382012550933786,0.33984194850414956,0.3221789546825954,0.4020276754042072,0.16753161303044867,20,1,0.0006535947712418277,1.0,62.6,C,0.26791013141161507,2.951337543433846,0.35757643972774644,0.1927016440818047,20,6,0,0.3,0.3006535947712418,0.5989826197541331,0.19287833827893175,0.20813904196693514,0.32065217391304346,0.3058823529411765,0.2743055555555556,0.3050847457627119,0.34579439252336447,116,0.21428571428571427,64,False,False,0.5878228623647035,0.02014807155038889,2.963636363636364,3.272727272727273,55,,,,,,,-0.03323193417030705,20,3.68,1.2,156.2,12.0,6.0,120.0,41.0,0.0,0.0,0.0,24.0,SP,24.0,649.0,147.0,27.0,6.89,2.36,8.44,0.98,26.958621570286525,-0.0018709339150922988,4,0.4444444444444444,11.0,7,6,1,0,0.0,4.12,0.061763562501339346,0.26905829596412556,0.264,0.096,0.28662420382165604,0.32163057324840766,0.23229461756373937,3.895,0.3164708543339555
694378,Jacob Gonzalez,L,PIT,8,Robert Stock,R,476594,823348,NYM @ PIT,3:40 PM,08/08,Scheduled,0.6072081686487427,,,,False,1100101001,estimated,0,0,0.0,0,0,0.23471282963193346,0.26733456990743953,0.2645042954394582,0.2867685428752716,0.24179938106205706,20,1,0.09205548549810844,1.013,63.1,C,0.29577464788732394,,,,1,6,0,0.15384615384615385,0.2459016393442623,0.7714285714285715,0.11428571428571428,0.11428571428571428,0.20872865275142316,0.22784810126582278,0.22105263157894736,0.21259029927760578,0.19230769230769232,84,0.2982456140350877,63,True,False,0.5814923041220096,0.025715864526733134,2.7551020408163267,3.0,49,,,,,,,0.017725548017324882,20,1.8,0.6,5.0,0.0,1.0,4.0,0.0,0.0,0.0,0.0,1.0,SP,1.0,18.0,3.0,18.0,7.2,0.0,5.4,1.8,,0.00045183135125725915,5,0.625,-3.0,6,7,0,0,0.0,3.88,0.0,0.23622047244094488,0.19285714285714287,0.05714285714285714,0.39666666666666667,0.30791,0.25,3.598,0.3278924783524807
686475,Tyler Tolbert,R,KC,8,Clay Holmes,R,605280,824079,CHC @ KC,4:10 PM,08/08,Scheduled,0.6067247988850623,,,,False,0000011101,estimated,0,0,0.0,0,0,0.28664811485193714,0.3070651519133318,0.27526594252704095,0.3469022582699204,0.1744735687417475,20,1,0.03193960511033683,1.028,49.1,D,0.28502415458937197,2.677328643164062,0.4525534400737207,0.2209115974620578,9,85,0,0.30952380952380953,0.34146341463414637,0.5760869565217391,0.2777777777777778,0.1461352657004831,0.25842696629213485,0.32142857142857145,0.32954545454545453,0.2931726907630522,0.25,50,0.41025641025641024,44,False,False,0.5861815116049983,0.020543287280063938,2.515151515151515,2.8484848484848486,33,,,,,,,-0.0720399736233656,20,2.39,1.1,52.2,4.0,4.0,45.0,18.0,0.0,0.0,0.0,9.0,SP,9.0,215.0,40.0,23.9,7.69,3.08,6.84,0.51,23.894181180411422,-0.014374798885062212,2,0.4,47.0,7,6,0,0,0.0,3.88,0.05434139466271378,0.30538922155688625,0.19895287958115182,0.05759162303664921,0.28617571059431524,0.2595813953488372,0.17721518987341772,3.598,0.29366136627278533
649966,Luis Urías,R,TOR,8,Aaron Nola,R,605400,823426,TOR @ PHI,3:05 PM,08/08,Scheduled,0.6067247988850623,,,,False,0001011101,estimated,0,0,0.0,0,0,0.2877210594458538,0.3248198372099609,0.45814804540620824,0.34130982922843506,0.21450107288263484,20,2,0.05777777777777782,1.009,57.9,C,0.2988947621335896,2.9775781918316855,0.43831106014225707,0.22706303276496947,20,5,0,0.2222222222222222,0.28,0.5024131274131274,0.34025096525096526,0.15733590733590733,0.25517241379310346,0.1951219512195122,0.27906976744186046,0.2347266881028939,0.3076923076923077,31,0.19230769230769232,28,False,False,0.5948820687937753,0.011842730091287001,2.3636363636363638,2.6818181818181817,22,,,,,,,-0.09740437340729964,20,5.55,1.44,120.0,3.0,9.0,121.0,41.0,0.0,0.0,0.0,23.0,SP,23.0,522.0,132.0,22.7,9.08,3.08,9.9,2.1,22.95442374933643,-0.011824798885062271,1,0.125,-13.0,7,7,0,0,0.0,3.88,0.06536656318280307,0.24057971014492754,0.13533834586466165,0.09774436090225563,0.2963917525773196,0.27254639175257733,0.2751322751322751,3.598,0.3128395124733892
675961,Alika Williams,R,ATH,9,Jake Bennett,L,687562,824726,ATH @ BOS,1:10 PM,08/08,Scheduled,0.6056941479284048,,,,False,0010111000,estimated,0,0,0.0,0,0,0.2140939196454389,0.28817945014898444,0.4111026428839663,0.29074530845419416,0.13499210612795176,20,1,0.003333333333333355,1.063,78.9,B,0.2631578947368421,4.577567878011505,0.3541553921664697,0.17859359352635076,12,6,0,0.25333333333333335,0.25,0.6414708886618999,0.1041879468845761,0.254341164453524,0.3356643356643357,0.25396825396825395,0.2898550724637681,0.30424242424242426,0.3283582089552239,70,0.16071428571428573,61,False,True,0.563536591258151,0.04215755667025378,2.6739130434782608,2.847826086956522,46,,,,,,,-0.09372698539354683,20,2.9,1.01,71.1,7.0,4.0,50.0,13.0,0.0,0.0,0.0,12.0,SP,12.0,280.0,59.0,23.3,6.31,1.64,7.44,0.63,23.718066329532544,-0.022969147928404876,4,0.5,18.0,7,6,1,0,0.0,3.76,0.021198162271099098,0.20860927152317882,0.2754491017964072,0.05089820359281437,0.2972222222222222,0.2717428571428572,0.24083769633507854,3.443,0.3177401630789596
650559,Bryan De La Cruz,R,PHI,8,Max Scherzer,R,453286,823426,TOR @ PHI,3:05 PM,08/08,Scheduled,0.6051376077563694,,,,False,111110110,estimated,0,0,0.0,0,0,0.4203650589507649,0.43048230484044075,0.43868251770193095,0.5009972398612161,0.14676077443911814,9,5,-0.22222222222222227,1.009,28.7,F,0.2188034188034188,1.4443546945314258,0.39497409611510975,0.17227602866767577,8,6,0,0.5555555555555556,0.3333333333333333,0.476027397260274,0.3613013698630137,0.16267123287671234,0.42857142857142855,0.46153846153846156,0.5833333333333334,0.4696969696969697,0.5833333333333334,16,0.2222222222222222,11,False,False,0.5790455259333235,0.0260920818230459,2.3333333333333335,3.0,9,,,,,,,0.21165722820525806,9,7.92,1.63,30.2,1.0,4.0,23.0,15.0,0.0,0.0,0.0,8.0,SP,8.0,140.0,35.0,17.5,6.75,4.4,10.27,2.64,17.696475873410037,-0.013087607756369413,4,0.5,7.0,6,7,0,0,0.0,3.88,0.06371479366661582,0.2364066193853428,0.289237668161435,0.03587443946188341,0.40958049886621317,0.29650000000000004,0.2,3.598,0.3063247120069656
514888,José Altuve,R,HOU,4,Mike King,R,650633,823267,HOU @ SD,4:15 PM,08/08,Scheduled,0.6051376077563694,,,,False,0110011111,estimated,12,2,0.16666666666666666,1,2022,0.29975916593547547,0.27373135089330647,0.2817362812753497,0.3278774446084719,0.11727086062168507,20,1,-0.03562418775322987,0.954,68.7,B,0.28537956888472354,2.0403444320504445,0.32015077205771403,0.20688902392555747,20,5,0,0.27184466019417475,0.23622047244094488,0.4681349578256795,0.246485473289597,0.28537956888472354,0.2339350180505415,0.23948220064724918,0.19753086419753085,0.23114816218264495,0.24545454545454545,239,0.24817518248175183,154,False,False,0.6236966809022474,-0.018559073145878013,3.923076923076923,4.318681318681318,91,,,,,,,0.18391945791202213,20,3.45,1.2,130.1,6.0,8.0,114.0,54.0,0.0,0.0,0.0,23.0,SP,23.0,538.0,102.0,23.4,7.87,3.73,7.04,0.97,23.707046991074975,-0.021917607756369306,5,0.7142857142857143,6.0,7,6,1,0,0.0,4.35,0.06836217081935551,0.2234513274336283,0.21442885771543085,0.07615230460921844,0.3371014492753623,0.28607753623188403,0.22404371584699453,4.159,0.3256993392955122
665926,Andrés Giménez,L,TOR,7,Aaron Nola,R,605400,823426,TOR @ PHI,3:05 PM,08/08,Scheduled,0.6050704314925982,,,,False,0010101011,estimated,0,0,0.0,0,0,0.24457072575829827,0.2961589738961213,0.20593589817466662,0.30345767946488766,0.15892319305699923,20,1,-0.1453373015873016,1.009,57.9,C,0.2988947621335896,2.9775781918316855,0.43831106014225707,0.22706303276496947,20,5,0,0.35714285714285715,0.21180555555555555,0.5024131274131274,0.34025096525096526,0.15733590733590733,0.25471698113207547,0.2287145242070117,0.19325153374233128,0.23774954627949182,0.2611111111111111,194,0.2073170731707317,180,False,False,0.5966144827554193,0.00845594873717892,3.2452830188679247,3.5283018867924527,106,,,,,,,0.00782966404244466,20,5.55,1.44,120.0,3.0,9.0,121.0,41.0,0.0,0.0,0.0,23.0,SP,23.0,522.0,132.0,22.7,9.08,3.08,9.9,2.1,22.95442374933643,-0.004670431492598159,1,0.125,-13.0,7,7,0,0,0.0,4.0,0.0,0.23155216284987276,0.19168591224018475,0.03695150115473441,0.24935483870967742,0.2912677419354839,0.2807017543859649,3.761,0.3128395124733892
663757,Trent Grisham,L,NYY,2,Chris Sale,L,519242,823514,ATL @ NYY,12:05 PM,08/08,Scheduled,0.6036974034964695,,,,False,1010001100,estimated,0,0,0.0,0,0,0.113850345587263,0.21343598689278184,0.3281469817929405,0.13390744141575303,0.17016782257832316,20,1,0.08707326428845413,1.007,88.9,A,0.32886984467059455,6.391073977543918,0.3220852467678339,0.32156474380235617,20,10,0,0.2727272727272727,0.18565400843881857,0.4946409431939979,0.3912111468381565,0.11414790996784566,0.20790273556231004,0.20679012345679013,0.19170984455958548,0.20507084265473527,0.20725388601036268,221,0.21212121212121213,156,False,False,0.6349092121859532,-0.0312118086894837,3.4574468085106385,4.01063829787234,94,,,,,,,-0.33384921195343487,20,2.08,1.02,117.0,12.0,6.0,143.0,26.0,0.0,0.0,0.0,20.0,SP,20.0,471.0,93.0,23.6,11.0,2.0,7.15,0.62,23.24370534418699,0.044452596503530506,4,0.5,6.0,7,6,1,0,0.0,4.55,0.10995446727928129,0.20293398533007334,0.19668737060041408,0.14078674948240166,0.4601910828025478,0.2960859872611465,0.22115384615384615,4.349,0.2955697739953178
656555,Rhys Hoskins,R,CLE,4,Anthony Kay,L,641743,824565,CLE @ CWS,4:15 PM,08/08,Scheduled,0.6036974034964695,,,,False,0000011001,estimated,0,0,0.0,0,0,0.174514701924063,0.3201167803461978,0.5611281461356336,0.2807896849367959,0.35571956205839644,20,1,-0.10203945614502799,0.968,54.1,C,0.25970751386787694,2.372864958303598,0.3795996426470083,0.18958193047889604,20,6,0,0.11570247933884298,0.21774193548387097,0.5769036812909732,0.28189611699445283,0.14120020171457387,0.15933098591549297,0.18076285240464346,0.10328638497652583,0.1604496678589678,0.1791044776119403,157,0.15315315315315314,140,False,False,0.5715694016565621,0.03212800183990738,2.784090909090909,3.375,88,,,,,,,-0.19187829556886832,20,4.01,1.35,110.0,8.0,5.0,90.0,42.0,0.0,0.0,0.0,21.0,SP,23.0,494.0,107.0,21.5,7.36,3.44,8.75,1.15,21.76661439170506,-0.03364740349646955,4,0.5714285714285714,10.0,7,6,0,0,0.0,4.35,0.10672790997722656,0.18484848484848485,0.3157894736842105,0.14035087719298245,0.4366830065359477,0.26902450980392156,0.27722772277227725,4.159,0.3259183054763652
807712,Luke Keaschall,R,MIN,7,Robert Gasser,L,688107,823752,MIN @ MIL,4:10 PM,08/08,Scheduled,0.6034832403639052,,,,False,0110111111,estimated,0,0,0.0,0,0,0.29048932022486806,0.3637132675230531,0.2928519108788167,0.3904716291689711,0.1626130899264025,20,1,-0.07032478632478631,0.97,75.2,B,0.27647058823529413,4.173555199328886,0.33584902173548764,0.22364048492498287,12,7,0,0.216,0.2863247863247863,0.6627450980392157,0.26666666666666666,0.07058823529411765,0.2617801047120419,0.24078624078624078,0.2324159021406728,0.252212389380531,0.2669902912621359,234,0.2549019607843137,187,False,False,0.6051376077563694,-0.0016543673924641622,3.3551401869158877,3.9345794392523366,107,,,,,,,0.05987723189649736,20,4.48,1.17,62.1,3.0,4.0,58.0,16.0,0.0,0.0,0.0,12.0,SP,12.0,263.0,57.0,21.9,8.37,2.31,8.23,1.59,21.891454481894673,-0.01514990703057184,3,0.42857142857142855,10.0,7,6,0,0,0.0,4.0,0.10461656736330038,0.2638190954773869,0.15053763440860216,0.09032258064516129,0.31656504065040647,0.26730411585365854,0.2603550295857988,3.761,0.30732761173428347
702222,Justin Crawford,L,PHI,9,Max Scherzer,R,453286,823426,TOR @ PHI,3:05 PM,08/08,Scheduled,0.6017856094447406,,,,False,1011111011,estimated,0,0,0.0,0,0,0.29914096057396355,0.283827560234216,0.3494615291169079,0.3559885124643252,0.10652730924734123,20,1,0.06096059113300492,1.009,28.7,F,0.2188034188034188,1.4443546945314258,0.39497409611510975,0.17227602866767577,8,6,0,0.20689655172413793,0.26785714285714285,0.476027397260274,0.3613013698630137,0.16267123287671234,0.25334448160535117,0.2921615201900237,0.2572614107883817,0.2623655913978495,0.28846153846153844,169,0.23529411764705882,168,True,False,0.5748057299722542,0.026979879472486368,3.0294117647058822,3.303921568627451,102,,,,,,,0.12325911426198694,20,7.92,1.63,30.2,1.0,4.0,23.0,15.0,0.0,0.0,0.0,8.0,SP,8.0,140.0,35.0,17.5,6.75,4.4,10.27,2.64,17.696475873410037,-0.017060609444740638,4,0.5,7.0,6,7,0,0,0.0,3.76,0.06564612406452296,0.2578616352201258,0.19825072886297376,0.05539358600583091,0.338,0.305156,0.3333333333333333,3.443,0.3063247120069656
682848,Endy Rodríguez,L,PIT,7,Robert Stock,R,476594,823348,NYM @ PIT,3:40 PM,08/08,Scheduled,0.6011021763066066,,,,False,1111011110,estimated,0,0,0.0,0,0,0.2704139972960805,0.3281575049253959,0.5076688998464406,0.4066546717249129,0.25320556133798144,20,1,0.17048853439680958,1.013,63.1,C,0.29577464788732394,,,,1,6,0,0.11764705882352941,0.288135593220339,0.7714285714285715,0.11428571428571428,0.11428571428571428,0.2808988764044944,0.16216216216216217,0.2795031055900621,0.24879227053140096,0.2608695652173913,80,0.2727272727272727,79,False,False,0.565988723942492,0.03511345236411456,3.0,3.533333333333333,45,,,,,,,0.10582099239131831,20,1.8,0.6,5.0,0.0,1.0,4.0,0.0,0.0,0.0,0.0,1.0,SP,1.0,18.0,3.0,18.0,7.2,0.0,5.4,1.8,,-0.0006421763066065678,5,0.625,-3.0,6,7,0,0,0.0,4.0,0.06863416992009139,0.2219178082191781,0.2511961722488038,0.11722488038277512,0.4025641025641026,0.31365000000000004,0.25,3.761,0.3278924783524807
667472,Dane Myers,R,CIN,6,Andrew Alvarez,L,674841,822701,CIN @ WSH,3:45 PM,08/08,Scheduled,0.6011021763066066,,,,False,1111111010,estimated,0,0,0.0,0,0,0.26778396208426636,0.25958764725583794,0.4380943601407092,0.41623645223775957,0.3359032792967091,20,2,-0.01793657626632228,1.04,35.1,D,0.2834862385321101,1.953931239527081,0.44408477213937936,0.22057888914780802,16,5,0,0.25742574257425743,0.2753623188405797,0.42752293577981654,0.5394495412844037,0.03302752293577982,0.24514200298953662,0.25787965616045844,0.23529411764705882,0.24723874256584538,0.273972602739726,86,0.25773195876288657,112,False,False,0.5664659815862326,0.034636194720373936,2.4285714285714284,2.8285714285714287,70,,,,,,,0.1647398292011412,20,3.94,1.45,64.0,2.0,3.0,63.0,31.0,1.0,0.0,1.0,8.0,RP,16.0,276.0,62.0,17.2,8.86,4.36,8.72,0.28,18.1850226660875,0.021697823693393348,7,0.7,1.0,6,6,0,0,0.0,4.12,0.09982685206406162,0.2222222222222222,0.2507204610951009,0.09798270893371758,0.38234398782343987,0.29970091324200915,0.25443786982248523,3.895,0.3149151465425154
701678,Hao-Yu Lee,R,DET,7,Landen Roupp,R,694738,823188,DET @ SF,4:15 PM,08/08,Scheduled,0.6001984183160476,,,,False,1111001000,estimated,0,0,0.0,0,0,0.25061756077793756,0.3155529479441659,0.4998330178267399,0.3632988835437743,0.24378496881486178,20,1,0.0515463917525773,0.994,62.1,C,0.2803605313092979,1.9303773947854332,0.30736082384156566,0.22075603022350557,20,6,0,0.23711340206185566,0.28865979381443296,0.5353583293782629,0.2591362126245847,0.20550545799715236,0.22585438335809807,0.24198250728862974,0.22794117647058823,0.2309027777777778,0.2755102040816326,103,0.25,104,True,False,0.5966144827554193,0.003583935560628304,2.8115942028985508,3.0,69,,,,,,,-0.1115567829917943,20,4.34,1.29,118.1,7.0,10.0,120.0,52.0,0.0,0.0,0.0,22.0,SP,22.0,499.0,101.0,22.7,9.13,3.95,7.68,0.68,22.88705596891884,0.015489081683952466,8,1.0,0.0,2,6,1,0,0.0,4.0,0.12728400885677896,0.26288659793814434,0.2560386473429952,0.04830917874396135,0.38534278959810875,0.30518439716312057,0.24352331606217617,3.761,0.3392701383310421
663647,Ke'Bryan Hayes,R,CIN,8,Andrew Alvarez,L,674841,822701,CIN @ WSH,3:45 PM,08/08,Scheduled,0.5990992128324849,,,,False,1010001001,estimated,0,0,0.0,0,0,0.14728792595829715,0.3522560793507189,0.3510837652452823,0.21515077368098834,0.32040646548142965,20,1,0.055611729019211326,1.04,35.1,D,0.2834862385321101,1.953931239527081,0.44408477213937936,0.22057888914780802,16,5,0,0.18604651162790697,0.13043478260869565,0.42752293577981654,0.5394495412844037,0.03302752293577982,0.13706563706563707,0.12211221122112212,0.19767441860465115,0.1397139713971397,0.16129032258064516,99,0.12307692307692308,70,False,False,0.5793323347564782,0.019766878076006744,3.16,3.38,50,,,,,,,-0.10455502530669555,20,3.94,1.45,64.0,2.0,3.0,63.0,31.0,1.0,0.0,1.0,8.0,RP,16.0,276.0,62.0,17.2,8.86,4.36,8.72,0.28,18.1850226660875,0.010457930024658002,7,0.7,1.0,6,6,0,0,0.0,3.88,0.027875658548326267,0.19270833333333334,0.1766109785202864,0.07398568019093078,0.40913978494623654,0.29101666666666665,0.25443786982248523,3.598,0.3149151465425154
691788,Joe Mack,L,MIA,7,Walbert Ureña,R,700712,823834,LAA @ MIA,1:10 PM,08/08,Scheduled,0.5987744521209505,,,,False,1001011000,estimated,0,0,0.0,0,0,0.21198415483841976,0.35536333475221255,0.45368434772110716,0.3107424927426015,0.25428824219811436,20,1,0.0022988505747126298,1.0,73.4,B,0.2907253269916766,1.8856036297286407,0.3289418288245913,0.228807724096764,19,6,0,0.23333333333333334,0.23563218390804597,0.5241502683363148,0.1520572450805009,0.32379248658318427,0.24770642201834864,0.22877358490566038,0.19873817034700317,0.2304939155332856,0.2222222222222222,115,0.25,109,True,True,0.5982016738841123,0.0005727782368382117,3.044776119402985,3.343283582089552,67,,,,,,,-0.02483686517638754,20,2.54,1.25,99.1,7.0,7.0,95.0,52.0,0.0,0.0,0.0,18.0,SP,20.0,423.0,72.0,21.1,8.61,4.71,6.52,0.54,22.365037805232504,0.005500547879049522,4,0.5,-2.0,6,6,1,0,0.0,4.0,0.025470290517435927,0.2358974358974359,0.25462962962962965,0.06018518518518518,0.4160714285714286,0.3343714285714286,0.20105820105820105,3.761,0.2961232027332944
682622,Noelvi Marte,R,CIN,7,Andrew Alvarez,L,674841,822701,CIN @ WSH,3:45 PM,08/08,Scheduled,0.5987744521209505,,,,False,1010100111,estimated,0,0,0.0,0,0,0.1959434691670934,0.23516421292047482,0.3519436607216222,0.2653975634600675,0.2921727537575094,20,1,-0.011635638297872342,1.04,35.1,D,0.2834862385321101,1.953931239527081,0.44408477213937936,0.22057888914780802,16,5,0,0.19148936170212766,0.203125,0.42752293577981654,0.5394495412844037,0.03302752293577982,0.18181818181818182,0.16467780429594273,0.16129032258064516,0.1734253666954271,0.1717171717171717,105,0.23684210526315788,81,False,False,0.5801705732266921,0.018603878894258408,3.30188679245283,3.509433962264151,53,,,,,,,-0.12353130520251696,20,3.94,1.45,64.0,2.0,3.0,63.0,31.0,1.0,0.0,1.0,8.0,RP,16.0,276.0,62.0,17.2,8.86,4.36,8.72,0.28,18.1850226660875,0.0328398335933352,7,0.7,1.0,6,6,0,0,0.0,4.0,0.025037138754350895,0.22505800464037123,0.2621145374449339,0.039647577092511016,0.36912393162393164,0.2990080128205128,0.25443786982248523,3.761,0.3149151465425154
673237,Yainer Diaz,R,HOU,8,Mike King,R,650633,823267,HOU @ SD,4:15 PM,08/08,Scheduled,0.5971590959692045,,,,False,0011101100,estimated,6,1,0.16666666666666666,1,2023,0.29035782391378107,0.36196613285742096,0.4174158171589249,0.3412063871592654,0.1622601421328935,20,1,0.08123383465849221,0.954,68.7,B,0.28537956888472354,2.0403444320504445,0.32015077205771403,0.20688902392555747,20,5,0,0.2054794520547945,0.2867132867132867,0.4681349578256795,0.246485473289597,0.28537956888472354,0.28482003129890454,0.259825327510917,0.2046783625730994,0.26614173228346455,0.275,123,0.23958333333333334,103,False,False,0.6117945288449116,-0.014635432875707122,3.9272727272727272,4.109090909090909,55,,,,,,,0.10323198847835806,20,3.45,1.2,130.1,6.0,8.0,114.0,54.0,0.0,0.0,0.0,23.0,SP,23.0,538.0,102.0,23.4,7.87,3.73,7.04,0.97,23.707046991074975,-0.013859095969204427,5,0.7142857142857143,6.0,7,6,1,0,0.0,3.88,0.029686154929253604,0.2610619469026549,0.1540084388185654,0.03164556962025317,0.3728232189973615,0.3178984168865435,0.22404371584699453,3.598,0.3256993392955122
593871,Jorge Polanco,L,NYM,8,Bubba Chandler,R,696149,823348,NYM @ PIT,3:40 PM,08/08,Scheduled,0.5966144827554193,,,,False,0000000010,estimated,0,0,0.0,0,0,0.08556680062433188,0.20453072528108876,0.31336544398363136,0.12982052803559332,0.36959293772952295,20,1,-0.08043478260869566,1.013,52.2,C,0.2582503928758512,1.7561426190167504,0.37841707522629653,0.19441285901707037,20,5,0,0.2,0.11956521739130435,0.5436382754994742,0.2928496319663512,0.16351209253417456,0.08686440677966102,0.1024390243902439,0.11946902654867257,0.09845132743362832,0.08955223880597014,69,0.2,50,False,False,0.5509431699094188,0.045671312846000456,3.7333333333333334,3.966666666666667,30,,,,,,,-0.35311948300860935,20,4.49,1.41,110.1,4.0,8.0,98.0,61.0,0.0,0.0,0.0,21.0,SP,22.0,487.0,95.0,22.1,7.99,4.98,7.75,0.82,22.473839210835624,-0.0503978160887526,6,0.6666666666666666,-8.0,6,6,0,0,0.0,3.88,0.040276167558654576,0.23058823529411765,0.19238900634249473,0.08456659619450317,0.41966067864271456,0.2837694610778443,0.23660714285714285,3.598,0.34654757156915134
687952,Christian Encarnacion-Strand,R,BAL,6,Jacob Degrom,R,594798,822864,BAL @ TEX,4:15 PM,08/08,Scheduled,0.5966144827554193,,,,False,1101000100,estimated,0,0,0.0,0,0,0.22831316725646741,0.3539916654830434,0.42088392653661894,0.30505406604642854,0.2771206322364548,15,1,-0.030100334448160515,0.964,66.1,B,0.30817941952506595,4.208896716912514,0.44502707181649964,0.27185784957878767,20,7,0,0.2608695652173913,0.23076923076923078,0.4423791821561338,0.4312267657992565,0.12639405204460966,0.32019704433497537,0.2191780821917808,0.3157894736842105,0.2972972972972973,0.3333333333333333,30,0.13636363636363635,25,False,False,0.6095581250437854,-0.012943642288366086,3.2666666666666666,3.6666666666666665,15,,,,,,,-0.09510407237634218,15,3.96,1.14,113.2,7.0,7.0,135.0,29.0,0.0,0.0,0.0,21.0,SP,21.0,468.0,101.0,22.3,10.69,2.3,8.0,1.27,22.68746347997273,0.0234855172445807,5,0.625,7.0,6,6,0,0,0.0,4.12,0.051472665410421385,0.2465437788018433,0.24358974358974358,0.049145299145299144,0.4104166666666667,0.287296875,0.24719101123595505,3.895,0.32529425795769495
669394,Jake Burger,R,TEX,6,Kyle Bradish,R,680694,822864,BAL @ TEX,4:15 PM,08/08,Scheduled,0.5966144827554193,,,,False,1101010110,estimated,0,0,0.0,0,0,0.24490302994065724,0.3103655432557692,0.6217173603953134,0.3422693260851963,0.294849678132812,20,1,0.020194124161292404,0.964,54.3,C,0.2773359840954274,2.098322356196533,0.3892629849354991,0.21693645051795205,20,6,0,0.21568627450980393,0.23588039867109634,0.5176529090004973,0.48234709099950274,0.0,0.1903137789904502,0.20159151193633953,0.21159420289855072,0.19568151147098514,0.20164609053497942,265,0.275,175,False,False,0.5896357452868543,0.006978737468565033,3.6636363636363636,4.0,110,,,,,,,0.07104372938074342,20,3.79,1.36,121.0,7.0,10.0,117.0,54.0,0.0,0.0,0.0,22.0,SP,22.0,513.0,111.0,23.3,8.7,4.02,8.26,0.97,23.314274187780292,-0.0011769827554192203,8,1.0,-1.0,6,6,0,0,0.0,4.12,0.046192195340295804,0.22811059907834103,0.2742616033755274,0.06962025316455696,0.4666666666666667,0.30559375000000005,0.25555555555555554,3.895,0.32697725996184585
572233,Christian Walker,R,HOU,5,Mike King,R,650633,823267,HOU @ SD,4:15 PM,08/08,Scheduled,0.5966144827554193,-127.0,133.0,56.0,False,1111111111,estimated,9,2,0.2222222222222222,1,2024,0.2579629681979285,0.37028084149190216,0.42759638910067493,0.4372132287741659,0.2997893319874304,20,1,-0.029424178474525137,0.954,68.7,B,0.28537956888472354,2.0403444320504445,0.32015077205771403,0.20688902392555747,20,5,0,0.2616822429906542,0.23225806451612904,0.4681349578256795,0.246485473289597,0.28537956888472354,0.21162280701754385,0.22657580919931858,0.2716049382716049,0.2226233453670277,0.23529411764705882,283,0.24691358024691357,183,False,False,0.6072813390570978,-0.010666856301678518,3.7232142857142856,4.160714285714286,112,,,,,,,0.12637051722933365,20,3.45,1.2,130.1,6.0,8.0,114.0,54.0,0.0,0.0,0.0,23.0,SP,23.0,538.0,102.0,23.4,7.87,3.73,7.04,0.97,23.707046991074975,-0.0367944827554193,5,0.7142857142857143,6.0,7,6,1,0,0.0,4.25,0.10356921913596163,0.2398190045248869,0.24385245901639344,0.07172131147540983,0.4179566563467492,0.30144272445820436,0.22404371584699453,4.023,0.3256993392955122
701538,Jackson Merrill,L,SD,6,Peter Lambert,R,663567,823267,HOU @ SD,4:15 PM,08/08,Scheduled,0.5966144827554193,-150.0,156.0,60.0,False,1101111011,estimated,0,0,0.0,0,0,0.3259205039330593,0.35323394991258833,0.5120989641381392,0.4276409286498715,0.20724554550447238,20,1,-0.056359482102056324,0.954,71.8,B,0.27216954824316786,2.883040144980644,0.3591862770007197,0.2511407085182764,19,6,0,0.2871287128712871,0.23076923076923078,0.503070910106086,0.26744835287548857,0.22948073701842547,0.2473378509196515,0.24104234527687296,0.1874062968515742,0.23539049699617695,0.22846441947565543,288,0.26744186046511625,189,False,False,0.6214974913516387,-0.02488300859621939,3.919642857142857,4.258928571428571,112,,,,,,,0.2566906296145264,20,3.06,1.13,108.2,8.0,5.0,108.0,41.0,0.0,0.0,0.0,19.0,SP,19.0,449.0,82.0,23.6,8.94,3.4,6.79,0.91,23.53792751384885,-0.0016478160887525295,3,0.42857142857142855,2.0,7,7,1,0,0.0,4.12,0.04138907107788728,0.2326086956521739,0.24055666003976142,0.061630218687872766,0.4835299901671583,0.3309070796460177,0.14285714285714285,3.895,0.29290725815592317
699013,Esmerlyn Valdez,R,PIT,4,Robert Stock,R,476594,823348,NYM @ PIT,3:40 PM,08/08,Scheduled,0.5957106299667344,,,,False,1010000000,estimated,0,0,0.0,0,0,0.09222442707857673,0.32254205104618605,0.46235932855458667,0.2934519386033142,0.3540833751535609,20,1,-0.028205128205128216,1.013,63.1,C,0.29577464788732394,,,,1,6,0,0.26153846153846155,0.23333333333333334,0.7714285714285715,0.11428571428571428,0.11428571428571428,0.23229461756373937,0.21635883905013192,0.16831683168316833,0.21756021756021757,0.2222222222222222,110,0.27692307692307694,78,True,False,0.5966576904422385,-0.0009470604755040801,3.2291666666666665,3.9166666666666665,48,,,,,,,-0.3319701518194851,20,1.8,0.6,5.0,0.0,1.0,4.0,0.0,0.0,0.0,0.0,1.0,SP,1.0,18.0,3.0,18.0,7.2,0.0,5.4,1.8,,0.025769370033265515,5,0.625,-3.0,6,7,0,0,0.0,4.35,0.26424874230009626,0.2708333333333333,0.3333333333333333,0.14035087719298245,0.4961685823754789,0.36170114942528736,0.0,4.159,0.3278924783524807
642715,Willy Adames,R,SF,4,Jackson Jobe,R,695549,823188,DET @ SF,4:15 PM,08/08,Scheduled,0.5951314748992115,,,,False,1110010101,estimated,0,0,0.0,0,0,0.17612961037744984,0.2674925426974127,0.27018218749608924,0.24892433727324345,0.28649551544696883,20,1,0.05058101727501482,0.994,,,,,,,0,0,0,0.18584070796460178,0.2364217252396166,,,,0.22152974504249293,0.20361560418648905,0.21866666666666668,0.21544209215442092,0.2532188841201717,256,0.18652849740932642,206,False,False,0.5776077965804466,0.01752367831876489,3.8727272727272726,4.2,110,,,,,,,0.14570291997188917,20,,,,,,,,,,,,,,,,,,,,,,0.013111382243645608,7,0.7777777777777778,-6.0,7,6,1,0,0.0,4.35,0.10406149827678562,0.2210065645514223,0.27345309381237526,0.07784431137724551,0.384375,0.31003125000000004,,4.159,0.27786452490819036
622268,Donovan Walton,L,ATH,8,Jake Bennett,L,687562,824726,ATH @ BOS,1:10 PM,08/08,Scheduled,0.5944048111500347,,,,False,0010101000,estimated,0,0,0.0,0,0,0.24755580820562598,0.2507741101172861,0.2069916380694998,0.28966621948425003,0.15144864790019175,20,3,-0.08828828828828827,1.063,78.9,B,0.2631578947368421,4.577567878011505,0.3541553921664697,0.17859359352635076,12,6,0,0.2,0.2882882882882883,0.6414708886618999,0.1041879468845761,0.254341164453524,0.24552429667519182,0.22924901185770752,0.21495327102803738,0.2339930151338766,0.2571428571428571,76,0.3137254901960784,62,False,True,0.5509381106770074,0.043466700473027364,2.813953488372093,3.2093023255813953,43,,,,,,,-0.22242347316103392,20,2.9,1.01,71.1,7.0,4.0,50.0,13.0,0.0,0.0,0.0,12.0,SP,12.0,280.0,59.0,23.3,6.31,1.64,7.44,0.63,23.718066329532544,-0.004779811150034674,4,0.5,18.0,7,6,1,0,0.0,3.88,0.16804168252742024,0.2163265306122449,0.18050541516245489,0.08664259927797834,0.3294871794871795,0.2535025641025641,0.19117647058823528,3.598,0.3177401630789596
663656,Kyle Tucker,L,LAD,8,Brandon Pfaadt,R,694297,825049,LAD @ AZ,5:10 PM,08/08,Scheduled,0.5941600233921632,,,,False,1001011111,estimated,7,3,0.42857142857142855,1,2024,0.27099850269118925,0.33732460556961874,0.5029923463262013,0.33867805064830503,0.1204285354783356,20,1,-0.02531860662701782,1.0,53.5,C,0.2642916321458161,2.6232322249876585,0.39347998738568285,0.15640269372503504,20,5,0,0.2616822429906542,0.23636363636363636,0.5617232808616405,0.29660314830157414,0.14167357083678542,0.2335127860026918,0.25153374233128833,0.19370860927152317,0.22981793198213674,0.22897196261682243,257,0.2619047619047619,188,False,False,0.562368518809684,0.03179150458247926,3.537037037037037,4.12037037037037,108,,,,,,,-0.001289483461563184,20,3.66,1.26,78.2,6.0,1.0,52.0,22.0,0.0,0.0,0.0,10.0,RP,20.0,333.0,77.0,16.6,5.95,2.52,8.81,0.92,17.781002547855763,-0.02227430910644901,7,0.7,22.0,7,6,0,0,0.0,3.88,0.12431073578887446,0.23389021479713604,0.1901840490797546,0.12269938650306748,0.37474437627811863,0.32078220858895706,0.281437125748503,3.598,0.3181684970129037
656775,Cedric Mullins,L,TB,4,George Kirby,R,669923,823102,TB @ SEA,6:50 PM,08/08,Scheduled,0.5932950818365152,,,,False,1010110110,estimated,20,4,0.2,1,2022,0.19714825114206988,0.18994926600201414,0.3104033929311344,0.25140758493397314,0.22089962332436353,20,3,-0.041379310344827586,0.906,56.9,C,0.268586387434555,4.9091624911596705,0.4204612054382085,0.21021689097074736,20,6,0,0.2413793103448276,0.2,0.5324947589098532,0.3915094339622642,0.0759958071278826,0.19185645272601795,0.210016155088853,0.19767441860465115,0.1979565772669221,0.20441988950276244,206,0.2108843537414966,170,False,False,0.6160017617392815,-0.022706679902766203,3.4526315789473685,3.957894736842105,95,,,,,,,-0.13766780410934945,20,3.76,1.28,127.0,8.0,9.0,110.0,26.0,0.0,0.0,0.0,21.0,SP,21.0,523.0,136.0,24.9,7.8,1.84,9.64,1.06,24.772615721026952,0.007247775306341908,7,0.875,-10.0,7,6,0,0,0.0,4.35,0.04979938711441954,0.1928020565552699,0.2141280353200883,0.09492273730684327,0.30776255707762556,0.23667979452054796,0.2627450980392157,4.159,0.346393768127407
696285,Jacob Young,R,WSH,7,Chase Burns,R,695505,822701,CIN @ WSH,3:45 PM,08/08,Scheduled,0.5927360571970661,,,,False,1010010111,estimated,5,1,0.2,1,2025,0.35572935251110877,0.3590365765197385,0.2445613263790832,0.4264323802598803,0.12662296820607802,20,1,-0.0871860857218919,1.04,73.1,B,0.2961439588688946,3.0119603416517933,0.371896709586179,0.2843757172022708,20,6,0,0.2966101694915254,0.2094240837696335,0.5660668380462724,0.38046272493573263,0.05347043701799486,0.2455573505654281,0.20229555236728838,0.22131147540983606,0.22900413033501607,0.24444444444444444,200,0.24031007751937986,145,False,False,0.6032621456721378,-0.010526088475071638,3.2872340425531914,3.6702127659574466,94,,,,,,,0.06928724994340887,20,2.35,1.1,118.2,13.0,1.0,137.0,43.0,0.0,0.0,0.0,21.0,SP,21.0,477.0,87.0,22.7,10.39,3.26,6.6,0.99,22.712904656023003,0.04551394280293386,6,0.6666666666666666,9.0,7,7,0,0,0.0,4.0,0.1503762881204078,0.23218997361477572,0.19002375296912113,0.07125890736342043,0.37235228539576365,0.32877146042363437,0.18674698795180722,3.761,0.28841598678328495
678011,Anthony Seigler,L,BOS,8,Gage Jump,L,695611,824726,ATH @ BOS,1:10 PM,08/08,Scheduled,0.5925010047364765,,,,False,0010000011,estimated,0,0,0.0,0,0,0.16361686128030545,0.2712771852654738,0.3353923557573067,0.1893865969591107,0.20793256799133644,20,1,-0.04561074664167444,1.063,33.0,F,0.28313253012048195,2.2274231744006054,0.448238951663315,0.2669258792997733,13,6,0,0.21212121212121213,0.25773195876288657,0.5086355785837651,0.41278065630397237,0.07858376511226252,0.26,0.2018348623853211,0.2125,0.23809523809523808,0.26582278481012656,87,0.21568627450980393,59,False,True,0.5475113335407295,0.04498967119574704,3.3333333333333335,3.7435897435897436,39,,,,,,,-0.1099477777827369,20,4.59,1.47,66.2,4.0,7.0,73.0,31.0,0.0,0.0,0.0,13.0,SP,13.0,288.0,67.0,22.2,9.86,4.19,9.05,0.94,22.043550915322523,-0.009417671403143202,6,0.6,-15.0,6,6,1,0,0.0,3.88,0.057961756894208384,0.22346368715083798,0.19117647058823528,0.09313725490196079,0.37357142857142855,0.3097,0.27692307692307694,3.598,0.37383225180373264
502671,Paul Goldschmidt,R,NYY,3,Chris Sale,L,519242,823514,ATL @ NYY,12:05 PM,08/08,Scheduled,0.5923105559158907,,,,False,1010000010,estimated,0,0,0.0,0,0,0.14536278098703398,0.2870940885015761,0.3702319824725752,0.20942983838108362,0.25905871449404444,20,1,0.05080287929125138,1.007,88.9,A,0.32886984467059455,6.391073977543918,0.3220852467678339,0.32156474380235617,20,10,0,0.26785714285714285,0.21705426356589147,0.4946409431939979,0.3912111468381565,0.11414790996784566,0.22841444270015698,0.2388758782201405,0.20161290322580644,0.22819593787335724,0.26011560693641617,188,0.22580645161290322,136,False,False,0.6423860046070508,-0.050075448691160096,3.453488372093023,3.7674418604651163,86,,,,,,,-0.1354574553098855,20,2.08,1.02,117.0,12.0,6.0,143.0,26.0,0.0,0.0,0.0,20.0,SP,20.0,471.0,93.0,23.6,11.0,2.0,7.15,0.62,23.24370534418699,0.06061444408410943,4,0.5,6.0,7,6,1,0,0.0,4.45,0.051202347729385415,0.24873096446700507,0.22632794457274827,0.06697459584295612,0.40033783783783783,0.3130371621621622,0.21341463414634146,4.249,0.2955697739953178
621020,Dansby Swanson,R,CHC,8,Seth Lugo,R,607625,824079,CHC @ KC,4:10 PM,08/08,Scheduled,0.5915972467459177,,,,False,0000011100,estimated,9,2,0.2222222222222222,1,2022,0.22118154699351214,0.30979725630365007,0.2994594452310634,0.27248666648373326,0.2325877986606263,20,1,-0.0456438079616428,1.028,31.5,F,0.26463473633284956,1.9202913298710897,0.45472560920457983,0.16961121117144148,20,6,0,0.24793388429752067,0.20229007633587787,0.5183930300096805,0.39303000968054214,0.08857696030977735,0.19891500904159132,0.17116182572614108,0.21122112211221122,0.19103477167993296,0.225,225,0.20765027322404372,207,False,False,0.536723628292327,0.05487361845359073,3.481818181818182,3.9272727272727272,110,,,,,,,-0.06817841779106959,20,4.41,1.39,128.2,4.0,7.0,99.0,45.0,0.0,0.0,0.0,23.0,SP,23.0,548.0,134.0,23.8,6.92,3.15,9.37,1.05,23.767477662945375,-0.008325818174489075,7,0.7777777777777778,10.0,6,7,0,0,0.0,3.88,0.07380898347373263,0.20638820638820637,0.2549019607843137,0.09586056644880174,0.41609195402298854,0.2895810344827586,0.25595238095238093,3.598,0.2723523132907472
669707,Jared Triolo,R,PIT,9,Robert Stock,R,476594,823348,NYM @ PIT,3:40 PM,08/08,Scheduled,0.5912229364155472,,,,False,0100010001,estimated,0,0,0.0,0,0,0.2596001571228581,0.35556840758265384,0.26749845686985463,0.31286143659028487,0.1792145189436996,20,1,-0.12548683595575635,1.013,63.1,C,0.29577464788732394,,,,1,6,0,0.3163265306122449,0.19083969465648856,0.7714285714285715,0.11428571428571428,0.11428571428571428,0.22170361726954493,0.2225,0.2596685082872928,0.22676837725381416,0.2777777777777778,141,0.20388349514563106,117,False,False,0.5593021281192886,0.03192080829625865,3.013157894736842,3.3947368421052633,76,,,,,,,-0.05154347656340073,20,1.8,0.6,5.0,0.0,1.0,4.0,0.0,0.0,0.0,0.0,1.0,SP,1.0,18.0,3.0,18.0,7.2,0.0,5.4,1.8,,-0.00236293641554719,5,0.625,-3.0,6,7,0,0,0.0,3.76,0.09286929324292884,0.2525,0.22494432071269488,0.08685968819599109,0.3712374581939799,0.31007357859531776,0.0,3.443,0.3278924783524807
694203,Denzer Guzman,R,LAA,7,Sandy Alcántara,R,645261,823834,LAA @ MIA,1:10 PM,08/08,Scheduled,0.5911199891021771,,,,False,0101011100,estimated,0,0,0.0,0,0,0.17119676581297982,0.2595945324383057,0.2337987719727326,0.23647765201835994,0.25924299376558513,20,4,0.010204081632653073,1.0,62.6,C,0.26791013141161507,2.951337543433846,0.35757643972774644,0.1927016440818047,20,6,0,0.22448979591836735,0.23469387755102042,0.5989826197541331,0.19287833827893175,0.20813904196693514,0.23622047244094488,0.14606741573033707,0.23308270676691728,0.2108060230292294,0.22580645161290322,99,0.24074074074074073,61,False,False,0.5536903070925692,0.037429682009607945,3.769230769230769,4.102564102564102,39,,,,,,,0.06588153365830245,20,3.68,1.2,156.2,12.0,6.0,120.0,41.0,0.0,0.0,0.0,24.0,SP,24.0,649.0,147.0,27.0,6.89,2.36,8.44,0.98,26.958621570286525,-0.02186998910217708,4,0.4444444444444444,11.0,7,6,1,0,0.0,4.0,0.06930314937923984,0.2268041237113402,0.30097087378640774,0.043689320388349516,0.36363636363636365,0.3166287878787879,0.26639344262295084,3.761,0.3164708543339555
683953,Travis Bazzana,L,CLE,6,Anthony Kay,L,641743,824565,CLE @ CWS,4:15 PM,08/08,Scheduled,0.5905760878315349,,,,False,0111011110,estimated,5,2,0.4,1,2026,0.24512714569973235,0.31383276599691246,0.43583997658265317,0.3453187527244399,0.2891818616161274,20,2,0.018339852238157317,0.968,54.1,C,0.25970751386787694,2.372864958303598,0.3795996426470083,0.18958193047889604,20,6,0,0.2542372881355932,0.2358974358974359,0.5769036812909732,0.28189611699445283,0.14120020171457387,0.2259927797833935,0.2707535121328225,0.23832923832923833,0.2409918636187524,0.2556818181818182,205,0.22627737226277372,158,True,False,0.5905760878315349,0.0,3.7261904761904763,4.321428571428571,84,,,,,,,0.056915761368546,20,4.01,1.35,110.0,8.0,5.0,90.0,42.0,0.0,0.0,0.0,21.0,SP,23.0,494.0,107.0,21.5,7.36,3.44,8.75,1.15,21.76661439170506,-0.02617608783153491,4,0.5714285714285714,10.0,7,6,0,0,0.0,4.12,0.1394051902803204,0.25477707006369427,0.21763085399449036,0.11294765840220386,0.3790780141843971,0.2878,0.19491525423728814,3.895,0.3259183054763652
678545,Osleivis Basabe,R,SF,8,Jackson Jobe,R,695549,823188,DET @ SF,4:15 PM,08/08,Scheduled,0.5905760878315349,,,,False,00111111,estimated,0,0,0.0,0,0,0.30793967975986464,0.353186555633496,0.4790299353454381,0.43461767927929107,0.2152915263984651,8,1,0.16666666666666669,0.994,,,,,,,0,0,0,0.25,0.4166666666666667,,,,0.3424657534246575,0.3448275862068966,0.16666666666666666,0.2887323943661972,0.3333333333333333,13,0.3333333333333333,13,False,False,0.5756466013529469,0.01492948647858805,3.0,3.25,8,,,,,,,0.2380906671879206,8,,,,,,,,,,,,,,,,,,,,,,-0.0012475164029635,7,0.7777777777777778,-6.0,7,6,1,0,0.0,3.88,0.0,0.23809523809523808,0.25663716814159293,0.061946902654867256,0.39473684210526316,0.2695921052631579,,3.598,0.27786452490819036
810938,Ben Williamson,R,TB,8,George Kirby,R,669923,823102,TB @ SEA,6:50 PM,08/08,Scheduled,0.5897111462758869,,,,False,1011010110,estimated,0,0,0.0,0,0,0.23812958065158918,0.28844985224188424,0.25582217199890966,0.33056075340889973,0.16908208680729195,20,3,0.09958592132505176,0.906,56.9,C,0.268586387434555,4.9091624911596705,0.4204612054382085,0.21021689097074736,20,6,0,0.1956521739130435,0.29523809523809524,0.5324947589098532,0.3915094339622642,0.0759958071278826,0.23814655172413793,0.23076923076923078,0.20218579234972678,0.23091603053435114,0.23387096774193547,132,0.24369747899159663,135,False,False,0.5974448454400209,-0.0077336991641339115,3.0375,3.3375,80,,,,,,,-0.08937453449490941,20,3.76,1.28,127.0,8.0,9.0,110.0,26.0,0.0,0.0,0.0,21.0,SP,21.0,523.0,136.0,24.9,7.8,1.84,9.64,1.06,24.772615721026952,-0.013496860561601265,7,0.875,-10.0,7,6,0,0,0.0,3.88,0.02057250434484012,0.24731182795698925,0.18627450980392157,0.07598039215686274,0.3536036036036036,0.30015202702702704,0.28991596638655465,3.598,0.346393768127407
682626,Francisco Álvarez,R,NYM,9,Bubba Chandler,R,696149,823348,NYM @ PIT,3:40 PM,08/08,Scheduled,0.5896357452868543,,,,False,1110001101,estimated,0,0,0.0,0,0,0.23703167322900212,0.3727949538650768,0.47964047072339205,0.4228024115986985,0.31717981856704125,20,2,0.014586466165413564,1.013,52.2,C,0.2582503928758512,1.7561426190167504,0.37841707522629653,0.19441285901707037,20,5,0,0.23684210526315788,0.25142857142857145,0.5436382754994742,0.2928496319663512,0.16351209253417456,0.25206611570247933,0.25157232704402516,0.21904761904761905,0.2473886750962067,0.2826086956521739,157,0.20353982300884957,130,False,False,0.5658241961302761,0.023811549156578127,3.25974025974026,3.727272727272727,77,,,,,,,0.00916927374585768,20,4.49,1.41,110.1,4.0,8.0,98.0,61.0,0.0,0.0,0.0,21.0,SP,22.0,487.0,95.0,22.1,7.99,4.98,7.75,0.82,22.473839210835624,-0.05445241195352091,6,0.6666666666666666,-8.0,6,6,0,0,0.0,3.76,0.19154953387706625,0.2631578947368421,0.25925925925925924,0.09722222222222222,0.4894278606965174,0.337615671641791,0.21761658031088082,3.443,0.34654757156915134
686555,Isaac Collins,L,KC,6,Clay Holmes,R,605280,824079,CHC @ KC,4:10 PM,08/08,Scheduled,0.5886359709682544,,,,False,1001110101,estimated,0,0,0.0,0,0,0.2519259655216844,0.2705897192924247,0.39466873243261685,0.330888226208546,0.17357106524803156,20,1,0.04518072289156627,1.028,49.1,D,0.28502415458937197,2.677328643164062,0.4525534400737207,0.2209115974620578,9,85,0,0.20481927710843373,0.25,0.5760869565217391,0.2777777777777778,0.1461352657004831,0.224591329068941,0.23758099352051837,0.2158273381294964,0.22610213880401572,0.23529411764705882,210,0.24305555555555555,177,False,False,0.5725440461084991,0.016091924859755302,3.2135922330097086,3.7572815533980584,103,,,,,,,0.03968671602455189,20,2.39,1.1,52.2,4.0,4.0,45.0,18.0,0.0,0.0,0.0,9.0,SP,9.0,215.0,40.0,23.9,7.69,3.08,6.84,0.51,23.894181180411422,-0.017785970968254294,2,0.4,47.0,7,6,0,0,0.0,4.12,0.1077783986216074,0.22404371584699453,0.23255813953488372,0.12093023255813953,0.3944235588972431,0.3028796992481203,0.22608695652173913,3.895,0.29366136627278533
664702,Myles Straw,R,TOR,9,Aaron Nola,R,605400,823426,TOR @ PHI,3:05 PM,08/08,Scheduled,0.588123955147194,,,,False,1001011100,estimated,0,0,0.0,0,0,0.1831923058227539,0.2844550396329587,0.2825673375257866,0.18987128493841235,0.09880006186815972,20,1,0.06407461240310078,1.009,57.9,C,0.2988947621335896,2.9775781918316855,0.43831106014225707,0.22706303276496947,20,5,0,0.20155038759689922,0.265625,0.5024131274131274,0.34025096525096526,0.15733590733590733,0.22830440587449932,0.19705882352941176,0.13636363636363635,0.20966420966420968,0.26881720430107525,100,0.18,114,False,False,0.5793323347564782,0.008791620390715793,2.1931818181818183,2.4318181818181817,88,,,,,,,-0.2611829324923311,20,5.55,1.44,120.0,3.0,9.0,121.0,41.0,0.0,0.0,0.0,23.0,SP,23.0,522.0,132.0,22.7,9.08,3.08,9.9,2.1,22.95442374933643,-0.00862395514719394,1,0.125,-13.0,7,7,0,0,0.0,3.76,0.012754952693800874,0.23107569721115537,0.15,0.075,0.25717703349282295,0.2897272727272727,0.2751322751322751,3.443,0.3128395124733892
516782,Starling Marte,R,KC,9,Clay Holmes,R,605280,824079,CHC @ KC,4:10 PM,08/08,Scheduled,0.5880917618449805,,,,False,1001000110,estimated,0,0,0.0,0,0,0.2053759372329272,0.268607261564209,0.4107285996031436,0.2688447438172439,0.16019133412812153,20,1,-0.09562841530054647,1.028,49.1,D,0.28502415458937197,2.677328643164062,0.4525534400737207,0.2209115974620578,9,85,0,0.26229508196721313,0.16666666666666666,0.5760869565217391,0.2777777777777778,0.1461352657004831,0.2480916030534351,0.2248995983935743,0.19791666666666666,0.23164426059979318,0.2692307692307692,85,0.22580645161290322,69,False,False,0.5691172689722213,0.018974492872759208,2.6923076923076925,2.9615384615384617,52,,,,,,,-0.1308742144179439,20,2.39,1.1,52.2,4.0,4.0,45.0,18.0,0.0,0.0,0.0,9.0,SP,9.0,215.0,40.0,23.9,7.69,3.08,6.84,0.51,23.894181180411422,-0.014841761844980428,2,0.4,47.0,7,6,0,0,0.0,3.76,0.027727826055705042,0.2770083102493075,0.22807017543859648,0.06265664160401002,0.3993827160493827,0.31345123456790125,0.17721518987341772,3.443,0.29366136627278533
677594,Julio Rodríguez,R,SEA,4,Griffin Jax,R,643377,823102,TB @ SEA,6:50 PM,08/08,Scheduled,0.5861449270508766,,,,False,1001111111,estimated,7,1,0.14285714285714285,1,2022,0.3174572628090351,0.45730585273865626,0.3994204687951192,0.42877623925134867,0.17878467687292435,20,1,-0.013258741258741269,0.906,70.9,B,0.3116045845272206,4.400184491769512,0.399367929408711,0.29289746487582863,20,6,0,0.272,0.25874125874125875,0.4207492795389049,0.34293948126801155,0.23631123919308358,0.2346368715083799,0.2537577365163572,0.2331002331002331,0.24083457526080476,0.2528301886792453,287,0.2808219178082192,168,False,False,0.645166122941718,-0.05902119589084143,3.914285714285714,4.333333333333333,105,,,,,,,0.1893528642571468,20,3.63,1.21,91.2,6.0,9.0,100.0,30.0,0.0,2.0,2.0,18.0,SP,29.0,379.0,81.0,13.1,9.82,2.95,7.95,1.37,19.173130095653022,0.03526935866340908,7,0.875,-8.0,7,6,0,0,0.0,4.35,0.09289087600007918,0.24678111587982832,0.21621621621621623,0.07335907335907337,0.4376177024482109,0.34520197740112996,0.2248062015503876,4.159,0.2802338600838801
595879,Javier Báez,R,DET,8,Landen Roupp,R,694738,823188,DET @ SF,4:15 PM,08/08,Scheduled,0.5855588518220333,,,,False,0001110010,estimated,0,0,0.0,0,0,0.22120672323864088,0.24911324034699317,0.20817166871747772,0.2367688799480392,0.13811705655736004,20,1,-0.010979729729729715,0.994,62.1,C,0.2803605313092979,1.9303773947854332,0.30736082384156566,0.22075603022350557,20,6,0,0.28125,0.2702702702702703,0.5353583293782629,0.2591362126245847,0.20550545799715236,0.2801418439716312,0.27125506072874495,0.19480519480519481,0.26567656765676567,0.22807017543859648,59,0.32653061224489793,51,False,False,0.5841348856269363,0.0014239661950969928,3.533333333333333,3.6666666666666665,30,,,,,,,-0.13683082254333498,20,4.34,1.29,118.1,7.0,10.0,120.0,52.0,0.0,0.0,0.0,22.0,SP,22.0,499.0,101.0,22.7,9.13,3.95,7.68,0.68,22.88705596891884,0.01901614817796682,8,1.0,0.0,2,6,1,0,0.0,3.88,0.026420732754568087,0.25980392156862747,0.22535211267605634,0.02112676056338028,0.37393162393162394,0.30675320512820514,0.24352331606217617,3.598,0.3392701383310421
670032,Nicky Lopez,L,TEX,7,Kyle Bradish,R,680694,822864,BAL @ TEX,4:15 PM,08/08,Scheduled,0.5814976586176644,,,,False,0000000110,estimated,0,0,0.0,0,0,0.16008203215418032,0.28578142582050603,0.1998890952530096,0.19757060914304725,0.2533830751660555,20,1,-0.1517730496453901,0.964,54.3,C,0.2773359840954274,2.098322356196533,0.3892629849354991,0.21693645051795205,20,6,0,0.4,0.24822695035460993,0.5176529090004973,0.48234709099950274,0.0,0.3094017094017094,0.25259515570934254,0.2342857142857143,0.2825880114176974,0.3125,104,0.2375,93,False,False,0.5948820687937753,-0.013384410176110806,2.838709677419355,3.1774193548387095,62,,,,,,,-0.09099635291099652,20,3.79,1.36,121.0,7.0,10.0,117.0,54.0,0.0,0.0,0.0,22.0,SP,22.0,513.0,111.0,23.3,8.7,4.02,8.26,0.97,23.314274187780292,0.0037148413823356874,8,1.0,-1.0,6,6,0,0,0.0,4.0,0.059058582217281386,0.24355300859598855,0.1414141414141414,0.08585858585858586,0.21217292377701932,0.26663139931740615,0.23897058823529413,3.761,0.32697725996184585
650859,Luis Rengifo,L,SD,5,Peter Lambert,R,663567,823267,HOU @ SD,4:15 PM,08/08,Scheduled,0.5808441248961386,,,,False,0110111010,estimated,0,0,0.0,0,0,0.29576681069003685,0.31610279862593554,0.30347500039045383,0.3593192394844835,0.1782013259550156,20,1,-0.024232736572890018,0.954,71.8,B,0.27216954824316786,2.883040144980644,0.3591862770007197,0.2511407085182764,19,6,0,0.25217391304347825,0.22794117647058823,0.503070910106086,0.26744835287548857,0.22948073701842547,0.23577235772357724,0.22077922077922077,0.2080745341614907,0.23076923076923078,0.2302158273381295,154,0.25,133,False,False,0.6095581250437854,-0.0287140001476468,3.3466666666666667,3.8266666666666667,75,,,,,,,0.11090113596275698,20,3.06,1.13,108.2,8.0,5.0,108.0,41.0,0.0,0.0,0.0,19.0,SP,19.0,449.0,82.0,23.6,8.94,3.4,6.79,0.91,23.53792751384885,0.01035587510386149,3,0.42857142857142855,2.0,7,7,1,0,0.0,4.25,0.09199072593963581,0.23316062176165803,0.15668202764976957,0.08986175115207373,0.34643605870020966,0.2869654088050314,0.14285714285714285,4.023,0.29290725815592317
553993,Eugenio Suárez,R,CIN,5,Andrew Alvarez,L,674841,822701,CIN @ WSH,3:45 PM,08/08,Scheduled,0.5805573160729838,,,,False,0010011011,estimated,0,0,0.0,0,0,0.20235554920371246,0.39625561780949775,0.6721653987464485,0.49664635141232205,0.468330946500912,20,1,0.01703326180257511,1.04,35.1,D,0.2834862385321101,1.953931239527081,0.44408477213937936,0.22057888914780802,16,5,0,0.21875,0.2017167381974249,0.42752293577981654,0.5394495412844037,0.03302752293577982,0.21064814814814814,0.21487603305785125,0.1927710843373494,0.20976253298153033,0.2247191011235955,196,0.17647058823529413,135,False,False,0.55614243977691,0.02441487629607375,3.5783132530120483,3.9879518072289155,83,,,,,,,-0.07006428739802593,20,3.94,1.45,64.0,2.0,3.0,63.0,31.0,1.0,0.0,1.0,8.0,RP,16.0,276.0,62.0,17.2,8.86,4.36,8.72,0.28,18.1850226660875,0.021756969641301915,7,0.7,1.0,6,6,0,0,0.0,4.25,0.10599135120437206,0.19727891156462585,0.36885245901639346,0.08401639344262295,0.3671775223499361,0.3117822477650064,0.25443786982248523,4.023,0.3149151465425154
630105,Jake Cronenworth,L,SD,2,Peter Lambert,R,663567,823267,HOU @ SD,4:15 PM,08/08,Scheduled,0.5801705732266921,,,,False,0101101011,estimated,7,4,0.5714285714285714,1,2023,0.2601040679645187,0.3180028239605091,0.2919965343957311,0.3523583198334807,0.16657322002283456,20,1,-0.032352941176470584,0.954,71.8,B,0.27216954824316786,2.883040144980644,0.3591862770007197,0.2511407085182764,19,6,0,0.25,0.21764705882352942,0.503070910106086,0.26744835287548857,0.22948073701842547,0.20061412487205732,0.22514619883040934,0.20754716981132076,0.20707070707070707,0.19327731092436976,137,0.26373626373626374,105,False,False,0.6266424322929747,-0.046471859066282595,3.3333333333333335,3.8412698412698414,63,,,,,,,-0.13165002895202293,20,3.06,1.13,108.2,8.0,5.0,108.0,41.0,0.0,0.0,0.0,19.0,SP,19.0,449.0,82.0,23.6,8.94,3.4,6.79,0.91,23.53792751384885,0.01462942677330803,3,0.42857142857142855,2.0,7,7,1,0,0.0,4.55,0.09434706911289993,0.22764227642276422,0.21029082774049218,0.12080536912751678,0.37727272727272726,0.30044727272727273,0.14285714285714285,4.349,0.29290725815592317
669003,Garrett Mitchell,L,MIL,5,Taj Bradley,R,671737,823752,MIN @ MIL,4:10 PM,08/08,Scheduled,0.5801705732266921,,,,False,1010000011,estimated,0,0,0.0,0,0,0.13696125404735154,0.3350424362096401,0.5760680645990545,0.19993587466643428,0.2868175321055036,20,1,0.008992805755395683,0.97,51.2,C,0.2811188811188811,2.566242149512253,0.4635470654047287,0.26852027162512715,20,6,0,0.25,0.2589928057553957,0.7056902985074627,0.08955223880597014,0.20475746268656717,0.24543462381300218,0.26858877086494687,0.2266355140186916,0.2481692432872254,0.25405405405405407,209,0.26174496644295303,178,False,False,0.5819749162614049,-0.0018043430347127742,3.2427184466019416,3.7572815533980584,103,,,,,,,-0.1483308524670143,20,3.69,1.24,126.2,9.0,4.0,141.0,53.0,0.0,0.0,0.0,22.0,SP,22.0,533.0,104.0,24.2,10.02,3.77,7.39,1.21,24.655396633654657,0.017196093439974636,3,0.375,-9.0,5,7,0,0,0.0,4.25,0.14001483920680863,0.24603174603174602,0.3302752293577982,0.11009174311926606,0.4985754985754986,0.38874786324786326,0.19927536231884058,4.023,0.3070979722413909
668885,Austin Martin,R,MIN,8,Robert Gasser,L,688107,823752,MIN @ MIL,4:10 PM,08/08,Scheduled,0.579522783577064,,,,False,1100000011,estimated,0,0,0.0,0,0,0.1938481744092657,0.2643254361888199,0.30026523925530135,0.22120731919020098,0.13240126986186576,20,1,0.07088432232740705,0.97,75.2,B,0.27647058823529413,4.173555199328886,0.33584902173548764,0.22364048492498287,12,7,0,0.2676056338028169,0.19672131147540983,0.6627450980392157,0.26666666666666666,0.07058823529411765,0.21455938697318008,0.23117338003502627,0.1956521739130435,0.21654275092936803,0.21052631578947367,181,0.26785714285714285,136,False,False,0.5814923041220096,-0.001969520544945591,2.838709677419355,3.4086021505376345,93,,,,,,,-0.1867941595261506,20,4.48,1.17,62.1,3.0,4.0,58.0,16.0,0.0,0.0,0.0,12.0,SP,12.0,263.0,57.0,21.9,8.37,2.31,8.23,1.59,21.891454481894673,-0.02085611691039735,3,0.42857142857142855,10.0,7,6,0,0,0.0,3.88,0.11861064883471469,0.26685393258426965,0.17757009345794392,0.14018691588785046,0.3300595238095238,0.3148892857142857,0.2603550295857988,3.598,0.30732761173428347
679529,Spencer Torkelson,R,DET,6,Landen Roupp,R,694738,823188,DET @ SF,4:15 PM,08/08,Scheduled,0.5780987340372877,,,,False,1011111011,estimated,0,0,0.0,0,0,0.3176692559478611,0.33753378626164604,0.3774608738359954,0.4091680601864578,0.24374895472771455,20,1,-0.04702397482180873,0.994,62.1,C,0.2803605313092979,1.9303773947854332,0.30736082384156566,0.22075603022350557,20,6,0,0.2564102564102564,0.20938628158844766,0.5353583293782629,0.2591362126245847,0.20550545799715236,0.21042713567839197,0.20418848167539266,0.19946808510638298,0.2066962760505637,0.1890547263681592,233,0.25906735751295334,217,False,False,0.5715694016565621,0.0065293323807256165,3.456140350877193,3.9473684210526314,114,,,,,,,-0.015074548145082446,20,4.34,1.29,118.1,7.0,10.0,120.0,52.0,0.0,0.0,0.0,22.0,SP,22.0,499.0,101.0,22.7,9.13,3.95,7.68,0.68,22.88705596891884,0.019213765962712293,8,1.0,0.0,2,6,1,0,0.0,4.12,0.06692070875958554,0.21686746987951808,0.2966101694915254,0.09745762711864407,0.422,0.3110818181818182,0.24352331606217617,3.895,0.3392701383310421
605170,Víctor Caratini,L,MIN,6,Robert Gasser,L,688107,823752,MIN @ MIL,4:10 PM,08/08,Scheduled,0.5774173477598608,,,,False,1100000000,estimated,0,0,0.0,0,0,0.10841333965359541,0.24941872100149468,0.3937091609786858,0.14007312449959985,0.3396865459368443,20,1,-0.08627450980392157,0.97,75.2,B,0.27647058823529413,4.173555199328886,0.33584902173548764,0.22364048492498287,12,7,0,0.16666666666666666,0.2529411764705882,0.6627450980392157,0.26666666666666666,0.07058823529411765,0.20918367346938777,0.23010752688172043,0.22713864306784662,0.21804932735426008,0.2127659574468085,169,0.232,142,False,False,0.5810345737167243,-0.0036172259568635345,3.1294117647058823,3.6588235294117646,85,,,,,,,-0.30775767518115554,20,4.48,1.17,62.1,3.0,4.0,58.0,16.0,0.0,0.0,0.0,12.0,SP,12.0,263.0,57.0,21.9,8.37,2.31,8.23,1.59,21.891454481894673,-0.009617347759860784,3,0.42857142857142855,10.0,7,6,0,0,0.0,4.12,0.07490117575026618,0.22507122507122507,0.2,0.08536585365853659,0.404089219330855,0.3056914498141264,0.18571428571428572,3.895,0.30732761173428347
657136,Connor Wong,R,BOS,9,Gage Jump,L,695611,824726,ATH @ BOS,1:10 PM,08/08,Scheduled,0.577130538936706,,,,False,1011000001,estimated,0,0,0.0,0,0,0.22830225653030803,0.32648280697647897,0.463183723850382,0.28167167772666146,0.2592337788479412,20,2,0.04066437571592213,1.063,33.0,F,0.28313253012048195,2.2274231744006054,0.448238951663315,0.2669258792997733,13,6,0,0.2777777777777778,0.23711340206185566,0.5086355785837651,0.41278065630397237,0.07858376511226252,0.20137693631669534,0.12885154061624648,0.14,0.16986564299424184,0.21739130434782608,106,0.3050847457627119,72,False,True,0.5365756137818195,0.040554925154886456,2.849056603773585,3.358490566037736,53,,,,,,,-0.09474154126564471,20,4.59,1.47,66.2,4.0,7.0,73.0,31.0,0.0,0.0,0.0,13.0,SP,13.0,288.0,67.0,22.2,9.86,4.19,9.05,0.94,22.043550915322523,-0.013130538936706015,6,0.6,-15.0,6,6,1,0,0.0,3.76,0.048423327809777,0.21676300578034682,0.23037974683544304,0.08860759493670886,0.33856209150326794,0.27972549019607845,0.2648648648648649,3.443,0.37383225180373264
664023,Ian Happ,L,CHC,5,Seth Lugo,R,607625,824079,CHC @ KC,4:10 PM,08/08,Scheduled,0.5766543442850555,,,,False,0110000000,estimated,8,2,0.25,1,2023,0.11372389577626686,0.2116956410039405,0.22266010363546657,0.1991573145976443,0.3595099977910182,20,1,0.012328767123287648,1.028,31.5,F,0.26463473633284956,1.9202913298710897,0.45472560920457983,0.16961121117144148,20,6,0,0.2,0.21232876712328766,0.5183930300096805,0.39303000968054214,0.08857696030977735,0.18778801843317972,0.21026894865525672,0.18170580964153277,0.1935007385524372,0.20346320346320346,271,0.2159090909090909,207,False,False,0.5334391673057651,0.04321517697929034,3.6666666666666665,4.306306306306307,111,,,,,,,-0.27825541586013275,20,4.41,1.39,128.2,4.0,7.0,99.0,45.0,0.0,0.0,0.0,23.0,SP,23.0,548.0,134.0,23.8,6.92,3.15,9.37,1.05,23.767477662945375,0.00105994142923016,7,0.7777777777777778,10.0,6,7,0,0,0.0,4.25,0.17939276954193983,0.2100456621004566,0.3093385214007782,0.122568093385214,0.4265232974910394,0.30730107526881717,0.2834890965732087,4.023,0.2723523132907472
814439,Ryan Waldschmidt,R,AZ,9,Yoshinobu Yamamoto,R,808967,825049,LAD @ AZ,5:10 PM,08/08,Scheduled,0.5756466013529469,,,,False,1111101101,estimated,0,0,0.0,0,0,0.3554811431417547,0.3976113083379616,0.393420386070536,0.4985542955843309,0.26614879041014283,20,1,-0.22701354240912328,1.0,88.9,A,0.29030530262453136,3.912635502291095,0.3335861350433177,0.23312167098627812,19,7,0,0.45652173913043476,0.22950819672131148,0.537345513164965,0.1907576571735626,0.27189682966147233,0.26916524701873934,0.2718676122931442,0.23529411764705882,0.2661361626878868,0.22826086956521738,96,0.3684210526315789,86,True,False,0.579522783577064,-0.0038761822241171195,3.36,3.64,50,,,,,,,0.09950176392337273,20,2.76,0.88,133.2,11.0,7.0,121.0,29.0,0.0,0.0,0.0,20.0,SP,20.0,509.0,89.0,25.4,8.15,1.95,5.99,1.01,26.04228542523094,-0.007532315638661191,7,0.875,13.0,6,7,0,0,0.0,3.76,0.012912025605353263,0.2916666666666667,0.30434782608695654,0.04891304347826087,0.34375,0.33354464285714286,0.19090909090909092,3.443,0.3240523434183342
678662,Ezequiel Tovar,R,COL,9,Matthew Liberatore,L,669461,823021,COL @ STL,4:15 PM,08/08,Scheduled,0.5748057299722542,,,,False,1100001110,estimated,0,0,0.0,0,0,0.2140301606960515,0.2969775750334521,0.46428661774501706,0.3107654755194113,0.2525071539438684,20,1,0.0642292490118577,1.031,49.1,D,0.2834193918531268,2.969759122141383,0.4222562186004788,0.2484612500277562,20,6,0,0.25,0.1857707509881423,0.44489092996555685,0.40757749712973596,0.14753157290470723,0.18948126801152737,0.163727959697733,0.24789915966386555,0.190671031096563,0.2048780487804878,222,0.20512820512820512,173,False,False,0.5381734503315375,0.03663227964071669,3.4380952380952383,3.761904761904762,105,,,,,,,-0.13127909515612526,20,4.97,1.49,108.2,5.0,8.0,107.0,41.0,0.0,0.0,0.0,22.0,SP,22.0,476.0,121.0,21.6,8.86,3.4,10.02,1.57,21.428976238935398,0.0021342700277456883,5,0.625,28.0,7,6,0,0,0.0,3.76,0.06597219071574278,0.19759036144578312,0.2577092511013216,0.05286343612334802,0.3430089485458613,0.29271812080536913,0.27960526315789475,3.443,0.3255581696952023
670231,John Rave,L,KC,7,Clay Holmes,R,605280,824079,CHC @ KC,4:10 PM,08/08,Scheduled,0.5748057299722542,,,,False,0011110000,estimated,0,0,0.0,0,0,0.17820855737060395,0.3250855502211424,0.39977516107115235,0.27366358161094656,0.26337579280578594,16,1,0.0,1.028,49.1,D,0.28502415458937197,2.677328643164062,0.4525534400737207,0.2209115974620578,9,85,0,,0.2571428571428571,0.5760869565217391,0.2777777777777778,0.1461352657004831,0.24060150375939848,0.25806451612903225,0.3114754098360656,0.2613240418118467,0.25,30,0.2727272727272727,15,False,False,0.563536591258151,0.011269138714103177,2.4375,2.8125,16,,,,,,,-0.1661835072957796,16,2.39,1.1,52.2,4.0,4.0,45.0,18.0,0.0,0.0,0.0,9.0,SP,9.0,215.0,40.0,23.9,7.69,3.08,6.84,0.51,23.894181180411422,-0.01825572997225411,2,0.4,47.0,7,6,0,0,0.0,4.0,0.08353184784102541,0.22535211267605634,0.25,0.0942622950819672,0.39473684210526316,0.2876447368421053,0.22608695652173913,3.761,0.29366136627278533
683766,Christian Koss,R,SF,9,Jackson Jobe,R,695549,823188,DET @ SF,4:15 PM,08/08,Scheduled,0.5726150204720216,,,,False,0011100100,estimated,0,0,0.0,0,0,0.13735734752408665,0.24956946939586225,0.23280206175867085,0.18353165172910585,0.29947412295721837,20,1,-0.08552631578947367,0.994,,,,,,,0,0,0,0.21052631578947367,0.125,,,,0.09826589595375723,0.13793103448275862,0.13043478260869565,0.10894941634241245,0.125,26,0.18518518518518517,28,False,False,0.5506563610862639,0.021958659385757695,2.4285714285714284,2.5714285714285716,21,,,,,,,-0.22251086305748774,20,,,,,,,,,,,,,,,,,,,,,,-0.014786449043450167,7,0.7777777777777778,-6.0,7,6,1,0,0.0,3.76,0.03060464283773957,0.24609375,0.2222222222222222,0.05017921146953405,0.3015463917525773,0.27394329896907216,,3.443,0.27786452490819036
595978,Austin Hedges,R,CLE,8,Anthony Kay,L,641743,824565,CLE @ CWS,4:15 PM,08/08,Scheduled,0.5725440461084991,,,,False,0010010101,estimated,0,0,0.0,0,0,0.23852219948992623,0.2941784169924989,0.3604666997253312,0.36401576026667615,0.21426938192849126,20,1,-0.007260155574762339,0.968,54.1,C,0.25970751386787694,2.372864958303598,0.3795996426470083,0.18958193047889604,20,6,0,0.2696629213483146,0.27692307692307694,0.5769036812909732,0.28189611699445283,0.14120020171457387,0.2866779089376054,0.2724252491694352,0.30985915492957744,0.2839378238341969,0.2911392405063291,91,0.25333333333333335,86,False,False,0.546061511501519,0.026482534606980024,2.9056603773584904,3.339622641509434,53,,,,,,,0.056824856964863224,20,4.01,1.35,110.0,8.0,5.0,90.0,42.0,0.0,0.0,0.0,21.0,SP,23.0,494.0,107.0,21.5,7.36,3.44,8.75,1.15,21.76661439170506,-0.03356904610849909,4,0.5714285714285714,10.0,7,6,0,0,0.0,3.88,0.07954190876412982,0.21362229102167182,0.21657754010695188,0.0962566844919786,0.33333333333333337,0.26225619834710745,0.27722772277227725,3.598,0.3259183054763652
665953,Andrés Chaparro,R,WSH,6,Chase Burns,R,695505,822701,CIN @ WSH,3:45 PM,08/08,Scheduled,0.5725440461084991,,,,False,0101000011,estimated,0,0,0.0,0,0,0.18459618742664685,0.2544772413922371,0.3846289601385055,0.2720986708793892,0.2535442943049194,20,2,0.0,1.04,73.1,B,0.2961439588688946,3.0119603416517933,0.371896709586179,0.2843757172022708,20,6,0,0.19318181818181818,,0.5660668380462724,0.38046272493573263,0.05347043701799486,0.17941176470588235,0.13551401869158877,0.14215686274509803,0.15699208443271767,0.14754098360655737,70,0.3,38,False,False,0.5950704993135454,-0.022526453205046315,2.0681818181818183,2.4545454545454546,44,,,,,,,-0.17038614473495517,20,2.35,1.1,118.2,13.0,1.0,137.0,43.0,0.0,0.0,0.0,21.0,SP,21.0,477.0,87.0,22.7,10.39,3.26,6.6,0.99,22.712904656023003,0.04917262055816762,6,0.6666666666666666,9.0,7,7,0,0,0.0,4.12,0.050555572442575275,0.2033898305084746,0.21621621621621623,0.08408408408408409,0.3961136023916293,0.2678071748878924,0.18674698795180722,3.895,0.28841598678328495
806198,Cooper Pratt,R,MIL,8,Taj Bradley,R,671737,823752,MIN @ MIL,4:10 PM,08/08,Scheduled,0.5720667884647584,,,,False,1111101010,estimated,0,0,0.0,0,0,0.2876849628276757,0.2502683372607619,0.22892132307967816,0.44819612417271354,0.24016927023475335,20,1,0.06062424969987995,0.97,51.2,C,0.2811188811188811,2.566242149512253,0.4635470654047287,0.26852027162512715,20,6,0,0.23529411764705882,0.29591836734693877,0.7056902985074627,0.08955223880597014,0.20475746268656717,0.3150684931506849,0.31716417910447764,0.25274725274725274,0.3075,0.3283582089552239,78,0.23076923076923078,77,True,False,0.5831067191376924,-0.011039930672933962,3.142857142857143,3.6904761904761907,42,,,,,,,0.044173335460341766,20,3.69,1.24,126.2,9.0,4.0,141.0,53.0,0.0,0.0,0.0,22.0,SP,22.0,533.0,104.0,24.2,10.02,3.77,7.39,1.21,24.655396633654657,-0.013400121798091691,3,0.375,-9.0,5,7,0,0,0.0,3.88,0.0793370333435817,0.3023255813953488,0.18064516129032257,0.14193548387096774,0.3292079207920792,0.3136089108910891,0.24623115577889448,3.598,0.3070979722413909
665750,Leody Taveras,L,BAL,5,Jacob Degrom,R,594798,822864,BAL @ TEX,4:15 PM,08/08,Scheduled,0.5715694016565621,,,,False,0101000101,estimated,0,0,0.0,0,0,0.21400966562977963,0.2652131007722936,0.37939538643808496,0.2804655373049778,0.2511509074150168,20,1,0.05572329042851845,0.964,66.1,B,0.30817941952506595,4.208896716912514,0.44502707181649964,0.27185784957878767,20,7,0,0.1839080459770115,0.23963133640552994,0.4423791821561338,0.4312267657992565,0.12639405204460966,0.20377019748653502,0.21775544388609716,0.17920353982300885,0.2024029574861368,0.23780487804878048,188,0.20714285714285716,162,False,False,0.5896357452868543,-0.018066343630292137,3.1666666666666665,3.6458333333333335,96,,,,,,,-0.09784331033044674,20,3.96,1.14,113.2,7.0,7.0,135.0,29.0,0.0,0.0,0.0,21.0,SP,21.0,468.0,101.0,22.3,10.69,2.3,8.0,1.27,22.68746347997273,0.03231059834343786,5,0.625,7.0,6,6,0,0,0.0,4.25,0.09099162862992902,0.20725388601036268,0.2540045766590389,0.08695652173913043,0.3481818181818182,0.29587636363636366,0.22007722007722008,4.023,0.32529425795769495
694374,Tim Tawa,R,AZ,7,Yoshinobu Yamamoto,R,808967,825049,LAD @ AZ,5:10 PM,08/08,Scheduled,0.5715694016565621,,,,False,0000110111,estimated,6,3,0.5,1,2025,0.2620886063635077,0.34731226116597325,0.567612611465933,0.38853756579366233,0.24285101465577752,20,1,0.10217035217035217,1.0,88.9,A,0.29030530262453136,3.912635502291095,0.3335861350433177,0.23312167098627812,19,7,0,0.1590909090909091,0.26126126126126126,0.537345513164965,0.1907576571735626,0.27189682966147233,0.1753472222222222,0.25806451612903225,0.2033898305084746,0.2055984555984556,0.2465753424657534,82,0.21951219512195122,94,False,False,0.5715694016565621,0.0,2.9245283018867925,3.3207547169811322,53,,,,,,,0.07167174321954921,20,2.76,0.88,133.2,11.0,7.0,121.0,29.0,0.0,0.0,0.0,20.0,SP,20.0,509.0,89.0,25.4,8.15,1.95,5.99,1.01,26.04228542523094,0.001202026914866372,7,0.875,13.0,6,7,0,0,0.0,4.0,0.04780642533213643,0.21238938053097345,0.25906735751295334,0.08549222797927461,0.4309623430962343,0.2839958158995816,0.19090909090909092,3.761,0.3240523434183342
808959,Munetaka Murakami,L,CWS,2,Gavin Williams,R,668909,824565,CLE @ CWS,4:15 PM,08/08,Scheduled,0.5713789528359764,,,,False,1111111001,estimated,0,0,0.0,0,0,0.23051963394524286,0.4005485835048804,0.6200932010141017,0.44163453511685663,0.37853117089550553,20,1,0.07197513151602103,0.968,65.1,B,0.33025830258302585,6.7975933661053975,0.48576168024028843,0.35167055736833197,20,6,0,0.18292682926829268,0.2549019607843137,0.5025737014506317,0.49742629854936826,0.0,0.24567188788128608,0.20063025210084034,0.23333333333333334,0.22612085769980506,0.2331288343558282,201,0.23577235772357724,145,True,False,0.6205616815005183,-0.049182728664541875,3.6202531645569622,4.379746835443038,79,,,,,,,0.06490886251934017,20,3.56,1.04,139.0,11.0,6.0,178.0,39.0,0.0,0.0,0.0,23.0,SP,23.0,551.0,106.0,24.0,11.53,2.53,6.86,1.36,23.681790310299665,0.03690104716402365,5,0.625,7.0,6,6,0,0,0.0,4.55,0.09395264633800468,0.24113475177304963,0.31976744186046513,0.1569767441860465,0.6036821705426356,0.3522296511627907,0.1955128205128205,4.349,0.3557100735140421
805347,Jim Jarvis,L,ATL,9,Gerrit Cole,R,543037,823514,ATL @ NYY,12:05 PM,08/08,Scheduled,0.5713789528359764,,,,False,0010110000,estimated,0,0,0.0,0,0,0.16074810645656565,0.2536356933587249,0.38851250768438433,0.17608144703884138,0.10954189408519902,20,1,-0.10964912280701752,1.007,64.9,C,0.28987993138936535,4.689061028649903,0.4384966897541757,0.26818952946858343,13,6,0,0.3333333333333333,0.2236842105263158,0.5211267605633803,0.3274647887323944,0.15140845070422534,0.23921568627450981,0.2152777777777778,0.22,0.228,0.2391304347826087,49,0.23809523809523808,48,True,False,0.5819749162614049,-0.010595963425428456,3.0344827586206895,3.3448275862068964,29,,,,,,,-0.16922711448552805,20,3.42,1.1,73.2,5.0,5.0,78.0,17.0,0.0,0.0,0.0,13.0,SP,13.0,302.0,64.0,23.2,9.53,2.08,7.82,1.34,23.384465357477886,0.006163904306880741,7,0.875,2.0,6,6,1,0,0.0,3.76,0.053401128291218874,0.2625,0.15555555555555556,0.06666666666666667,0.3661616161616162,0.2991212121212121,0.2032967032967033,3.443,0.30811762569216816
702616,Jackson Holliday,L,BAL,4,Jacob Degrom,R,594798,822864,BAL @ TEX,4:15 PM,08/08,Scheduled,0.5710921440128215,,,,False,1111000000,estimated,5,0,0.0,1,2025,0.20993060923145268,0.24543765687780525,0.2537559900506504,0.3065898261270047,0.2983731864931171,20,1,0.0717563621193158,0.964,66.1,B,0.30817941952506595,4.208896716912514,0.44502707181649964,0.27185784957878767,20,7,0,0.17647058823529413,0.24822695035460993,0.4423791821561338,0.4312267657992565,0.12639405204460966,0.2125984251968504,0.2198581560283688,0.18831168831168832,0.21082089552238806,0.2391304347826087,110,0.2289156626506024,99,False,False,0.5941600233921632,-0.023067879379341738,2.734375,3.265625,64,,,,,,,-0.14711691077489772,20,3.96,1.14,113.2,7.0,7.0,135.0,29.0,0.0,0.0,0.0,21.0,SP,21.0,468.0,101.0,22.3,10.69,2.3,8.0,1.27,22.68746347997273,0.03494785598717853,5,0.625,7.0,6,6,0,0,0.0,4.35,0.11734321120274593,0.23308270676691728,0.20212765957446807,0.13191489361702127,0.35581140350877194,0.3041875,0.22007722007722008,4.159,0.32529425795769495
694497,Evan Carter,L,TEX,5,Kyle Bradish,R,680694,822864,BAL @ TEX,4:15 PM,08/08,Scheduled,0.5710921440128215,,,,False,1001010000,estimated,0,0,0.0,0,0,0.16772774549524197,0.2515877303544979,0.30109644402365443,0.25837464127658166,0.2134412921395559,20,1,-0.11464211464211466,0.964,54.3,C,0.2773359840954274,2.098322356196533,0.3892629849354991,0.21693645051795205,20,6,0,0.3076923076923077,0.19305019305019305,0.5176529090004973,0.48234709099950274,0.0,0.2119514472455649,0.16991150442477876,0.17922606924643583,0.19474425152510558,0.22580645161290322,186,0.1623931623931624,140,False,False,0.57499617879284,-0.0039040347800185504,2.8333333333333335,3.3958333333333335,96,,,,,,,-0.008123937103473871,20,3.79,1.36,121.0,7.0,10.0,117.0,54.0,0.0,0.0,0.0,22.0,SP,22.0,513.0,111.0,23.3,8.7,4.02,8.26,0.97,23.314274187780292,0.012620355987178478,8,1.0,-1.0,6,6,0,0,0.0,4.25,0.10858294744776277,0.20527859237536658,0.23209876543209876,0.12345679012345678,0.3765182186234818,0.2988502024291498,0.23897058823529413,4.023,0.32697725996184585
642708,Amed Rosario,R,NYY,4,Chris Sale,L,519242,823514,ATL @ NYY,12:05 PM,08/08,Scheduled,0.5708590464179093,,,,False,0011101110,estimated,8,2,0.25,1,2023,0.17149428501246194,0.37302408812940246,0.30138246617661857,0.35784715144810414,0.42424946748280845,20,1,-0.04491815759421394,1.007,88.9,A,0.32886984467059455,6.391073977543918,0.3220852467678339,0.32156474380235617,20,10,0,0.22535211267605634,0.2702702702702703,0.4946409431939979,0.3912111468381565,0.11414790996784566,0.21349862258953167,0.20050125313283207,0.20454545454545456,0.21316165951359084,0.2,118,0.2898550724637681,76,False,False,0.6373765686784146,-0.06651752226050534,2.671641791044776,2.8955223880597014,67,,,,,,,-0.26384860968634927,20,2.08,1.02,117.0,12.0,6.0,143.0,26.0,0.0,0.0,0.0,20.0,SP,20.0,471.0,93.0,23.6,11.0,2.0,7.15,0.62,23.24370534418699,0.06591595358209068,4,0.5,6.0,7,6,1,0,0.0,4.35,0.08129247728158803,0.2634730538922156,0.22346368715083798,0.05027932960893855,0.43832020997375326,0.33316404199475064,0.21341463414634146,4.159,0.2955697739953178
571771,Enrique Hernández,R,LAD,9,Brandon Pfaadt,R,694297,825049,LAD @ AZ,5:10 PM,08/08,Scheduled,0.5691172689722213,,,,False,110100000,estimated,9,4,0.4444444444444444,1,2023,0.2202696451011749,0.25614168778340946,0.4021974104067462,0.2202696451011749,0.17782309283799144,9,1,0.0357142857142857,1.0,53.5,C,0.2642916321458161,2.6232322249876585,0.39347998738568285,0.15640269372503504,20,5,0,0.25,0.2857142857142857,0.5617232808616405,0.29660314830157414,0.14167357083678542,0.16417910447761194,0.3684210526315789,0.18181818181818182,0.2283464566929134,0.35714285714285715,14,0.0,5,False,False,0.5465648500091705,0.022552418963050713,2.111111111111111,2.111111111111111,9,,,,,,,-0.24152283220436993,9,3.66,1.26,78.2,6.0,1.0,52.0,22.0,0.0,0.0,0.0,10.0,RP,20.0,333.0,77.0,16.6,5.95,2.52,8.81,0.92,17.781002547855763,-0.016002983257935477,7,0.7,22.0,7,6,0,0,0.0,3.76,0.0,0.22507122507122507,0.2647814910025707,0.06940874035989718,0.39180107526881724,0.30649059139784945,0.21897810218978103,3.443,0.3181684970129037
690984,Petey Halpin,L,CLE,9,Anthony Kay,L,641743,824565,CLE @ CWS,4:15 PM,08/08,Scheduled,0.5691172689722213,,,,False,0001101101,estimated,0,0,0.0,0,0,0.22765642587884963,0.3261705941197907,0.17082643513750814,0.27102605682510156,0.11190267428338363,20,2,-0.17842696629213484,0.968,54.1,C,0.25970751386787694,2.372864958303598,0.3795996426470083,0.18958193047889604,20,6,0,0.08,0.25842696629213485,0.5769036812909732,0.28189611699445283,0.14120020171457387,0.21447721179624665,0.14450867052023122,0.25316455696202533,0.19904458598726116,0.2692307692307692,56,0.1774193548387097,67,False,False,0.5689268201516354,0.00019044882058583124,2.6511627906976742,2.86046511627907,43,,,,,,,-0.0396754117151966,20,4.01,1.35,110.0,8.0,5.0,90.0,42.0,0.0,0.0,0.0,21.0,SP,23.0,494.0,107.0,21.5,7.36,3.44,8.75,1.15,21.76661439170506,0.0017327310277787111,4,0.5714285714285714,10.0,7,6,0,0,0.0,3.76,0.020405822091241938,0.20833333333333334,0.21212121212121213,0.045454545454545456,0.23550724637681156,0.2767608695652174,0.19491525423728814,3.443,0.3259183054763652
805300,Jakob Marsee,L,MIA,6,Walbert Ureña,R,700712,823834,LAA @ MIA,1:10 PM,08/08,Scheduled,0.5689268201516354,,,,False,0100110111,estimated,0,0,0.0,0,0,0.291249764860113,0.2889914352851096,0.29291773279993594,0.34734117043599544,0.18483426681208245,20,1,-0.040513942044833245,1.0,73.4,B,0.2907253269916766,1.8856036297286407,0.3289418288245913,0.228807724096764,19,6,0,0.23728813559322035,0.1967741935483871,0.5241502683363148,0.1520572450805009,0.32379248658318427,0.18774815655133295,0.20361990950226244,0.2025974025974026,0.19346822861199858,0.215311004784689,246,0.1875,197,False,True,0.5691172689722213,-0.00019044882058583124,3.385321100917431,4.064220183486238,109,,,,,,,0.0168403123875089,20,2.54,1.25,99.1,7.0,7.0,95.0,52.0,0.0,0.0,0.0,18.0,SP,20.0,423.0,72.0,21.1,8.61,4.71,6.52,0.54,22.365037805232504,-0.0004768201516355264,4,0.5,-2.0,6,6,1,0,0.0,4.12,0.14696101309780477,0.19331742243436753,0.21975806451612903,0.11693548387096774,0.33225806451612905,0.28835645161290324,0.20105820105820105,3.895,0.2961232027332944
682987,Spencer Jones,L,NYY,5,Chris Sale,L,519242,823514,ATL @ NYY,12:05 PM,08/08,Scheduled,0.5683805573331591,,,,False,0111100000,estimated,0,0,0.0,0,0,0.16650534277771942,0.39379207501477215,0.5075862927457283,0.2637058706573944,0.28995736846263204,20,1,0.06985832926233512,1.007,88.9,A,0.32886984467059455,6.391073977543918,0.3220852467678339,0.32156474380235617,20,10,0,0.2608695652173913,0.19101123595505617,0.4946409431939979,0.3912111468381565,0.11414790996784566,0.21169354838709678,0.21428571428571427,0.1721311475409836,0.21099887766554434,0.24285714285714285,77,0.14285714285714285,49,True,False,0.6138143152840055,-0.045433757950846476,2.731707317073171,3.073170731707317,41,,,,,,,-0.1603572339612977,20,2.08,1.02,117.0,12.0,6.0,143.0,26.0,0.0,0.0,0.0,20.0,SP,20.0,471.0,93.0,23.6,11.0,2.0,7.15,0.62,23.24370534418699,0.054644442666840876,4,0.5,6.0,7,6,1,0,0.0,4.25,0.07042551412215306,0.2702702702702703,0.3488372093023256,0.12403100775193798,0.6060606060606061,0.3180909090909091,0.22115384615384615,4.023,0.2955697739953178
643217,Andrew Benintendi,L,CWS,5,Gavin Williams,R,668909,824565,CLE @ CWS,4:15 PM,08/08,Scheduled,0.5674322692816315,,,,False,1011110111,estimated,8,2,0.25,1,2024,0.2840705741800639,0.2671259805983418,0.3750897300357695,0.3949655640306629,0.28964028182058005,20,2,0.02777777777777779,0.968,65.1,B,0.33025830258302585,6.7975933661053975,0.48576168024028843,0.35167055736833197,20,6,0,0.2222222222222222,0.25,0.5025737014506317,0.49742629854936826,0.0,0.23990107172300082,0.22418879056047197,0.2297872340425532,0.23371164354770912,0.23655913978494625,204,0.264,142,False,False,0.6231518587441028,-0.05571958946247135,3.11,3.46,100,,,,,,,0.22883116713204357,20,3.56,1.04,139.0,11.0,6.0,178.0,39.0,0.0,0.0,0.0,23.0,SP,23.0,551.0,106.0,24.0,11.53,2.53,6.86,1.36,23.681790310299665,0.038867730718368576,5,0.625,7.0,6,6,0,0,0.0,4.25,0.0636787940983649,0.25,0.23933649289099526,0.08530805687203792,0.4521212121212121,0.32981090909090904,0.1955128205128205,4.023,0.3557100735140421
663586,Austin Riley,R,ATL,7,Gerrit Cole,R,543037,823514,ATL @ NYY,12:05 PM,08/08,Scheduled,0.565988723942492,,,,False,0001111101,estimated,0,0,0.0,0,0,0.28308089219397375,0.41355145861502696,0.5639897407638343,0.49698828553123375,0.3863312557503605,20,1,0.04000911023382933,1.007,64.9,C,0.28987993138936535,4.689061028649903,0.4384966897541757,0.26818952946858343,13,6,0,0.19594594594594594,0.23595505617977527,0.5211267605633803,0.3274647887323944,0.15140845070422534,0.2140812821980538,0.1857707509881423,0.23076923076923078,0.20813917365641504,0.21397379912663755,256,0.23118279569892472,208,False,False,0.565988723942492,0.0,3.608695652173913,4.034782608695652,115,,,,,,,0.17868428142768367,20,3.42,1.1,73.2,5.0,5.0,78.0,17.0,0.0,0.0,0.0,13.0,SP,13.0,302.0,64.0,23.2,9.53,2.08,7.82,1.34,23.384465357477886,0.006325561771793664,7,0.875,2.0,6,6,1,0,0.0,4.0,0.0560285547826087,0.21395348837209302,0.3048016701461378,0.07724425887265135,0.43603286384976525,0.2946302816901408,0.27,3.761,0.30811762569216816
666139,Josh Lowe,L,LAA,8,Sandy Alcántara,R,645261,823834,LAA @ MIA,1:10 PM,08/08,Scheduled,0.564838210370464,,,,False,1000001001,estimated,9,3,0.3333333333333333,1,2023,0.18428777961239767,0.3606164505627104,0.4153191301576516,0.22358041424556013,0.21298711725865138,20,1,0.05558840922531047,1.0,62.6,C,0.26791013141161507,2.951337543433846,0.35757643972774644,0.1927016440818047,20,6,0,0.15789473684210525,0.21348314606741572,0.5989826197541331,0.19287833827893175,0.20813904196693514,0.1570048309178744,0.1853932584269663,0.1746031746031746,0.16805555555555557,0.21008403361344538,130,0.20512820512820512,87,False,False,0.5419695007276508,0.02286870964281318,2.8970588235294117,3.1911764705882355,68,,,,,,,-0.20684592478960456,20,3.68,1.2,156.2,12.0,6.0,120.0,41.0,0.0,0.0,0.0,24.0,SP,24.0,649.0,147.0,27.0,6.89,2.36,8.44,0.98,26.958621570286525,-0.01621321037046397,4,0.4444444444444444,11.0,7,6,1,0,0.0,3.88,0.1828464557943116,0.20558375634517767,0.2850467289719626,0.05841121495327103,0.36213235294117646,0.29337132352941175,0.23229461756373937,3.598,0.3164708543339555
691723,Coby Mayo,R,BAL,7,Jacob Degrom,R,594798,822864,BAL @ TEX,4:15 PM,08/08,Scheduled,0.5623288492113019,,,,False,0101001101,estimated,0,0,0.0,0,0,0.2253998024206567,0.3876493863893028,0.484677005476932,0.38845340443783916,0.481469874476995,20,1,-0.0993253373313343,0.964,66.1,B,0.30817941952506595,4.208896716912514,0.44502707181649964,0.27185784957878767,20,7,0,0.2717391304347826,0.1724137931034483,0.4423791821561338,0.4312267657992565,0.12639405204460966,0.21278825995807127,0.1966794380587484,0.26459143968871596,0.2131394182547643,0.2052980132450331,166,0.20869565217391303,124,False,False,0.5774173477598608,-0.01508849854855887,3.1294117647058823,3.411764705882353,85,,,,,,,0.0010317278719653993,20,3.96,1.14,113.2,7.0,7.0,135.0,29.0,0.0,0.0,0.0,21.0,SP,21.0,468.0,101.0,22.3,10.69,2.3,8.0,1.27,22.68746347997273,0.03699115078869808,5,0.625,7.0,6,6,0,0,0.0,4.0,0.03133181523496495,0.20634920634920634,0.33016627078384797,0.0855106888361045,0.4435146443514644,0.3160502092050209,0.24719101123595505,3.761,0.32529425795769495
800325,Luis Lara,L,MIL,7,Taj Bradley,R,671737,823752,MIN @ MIL,4:10 PM,08/08,Scheduled,0.561393874357747,,,,False,1011001001,estimated,0,0,0.0,0,0,0.23045882301331394,0.29799326271447196,0.38738432158885105,0.30285314716281964,0.2415271047724784,20,1,-0.004716981132075471,0.97,51.2,C,0.2811188811188811,2.566242149512253,0.4635470654047287,0.26852027162512715,20,6,0,0.25,0.24528301886792453,0.7056902985074627,0.08955223880597014,0.20475746268656717,0.233201581027668,0.21705426356589147,0.1566265060240964,0.21413276231263384,0.16666666666666666,37,0.3225806451612903,37,True,False,0.5861815116049983,-0.024787637247251304,2.9047619047619047,3.5238095238095237,21,,,,,,,-0.03606251995750668,20,3.69,1.24,126.2,9.0,4.0,141.0,53.0,0.0,0.0,0.0,22.0,SP,22.0,533.0,104.0,24.2,10.02,3.77,7.39,1.21,24.655396633654657,0.018472792308919628,3,0.375,-9.0,5,7,0,0,0.0,4.0,0.15045675375704126,0.273972602739726,0.17857142857142858,0.10714285714285714,0.39655172413793105,0.24643103448275863,0.19927536231884058,3.761,0.3070979722413909
670042,Luke Raley,L,SEA,7,Griffin Jax,R,643377,823102,TB @ SEA,6:50 PM,08/08,Scheduled,0.5607207760599465,,,,False,1101010000,estimated,5,0,0.0,1,2023,0.15249239421685815,0.3817637735416567,0.42527680336799845,0.29202350138877076,0.36139380485441164,20,9,0.23015873015873015,0.906,70.9,B,0.3116045845272206,4.400184491769512,0.399367929408711,0.29289746487582863,20,6,0,0.0,0.23015873015873015,0.4207492795389049,0.34293948126801155,0.23631123919308358,0.22260668973471742,0.22532588454376165,0.22381930184804927,0.22357293868921777,0.2328767123287671,163,0.21428571428571427,120,False,False,0.5905760878315349,-0.0298553117715884,2.8351648351648353,3.10989010989011,91,,,,,,,-0.059445378414012866,20,3.63,1.21,91.2,6.0,9.0,100.0,30.0,0.0,2.0,2.0,18.0,SP,29.0,379.0,81.0,13.1,9.82,2.95,7.95,1.37,19.173130095653022,0.012322081082910663,7,0.875,-8.0,7,6,0,0,0.0,4.0,0.03953125714906272,0.22291021671826625,0.32222222222222224,0.05,0.46215780998389694,0.3501545893719807,0.24757281553398058,3.761,0.2802338600838801
701358,Cam Smith,R,HOU,9,Mike King,R,650633,823267,HOU @ SD,4:15 PM,08/08,Scheduled,0.5572096031958039,,,,False,0001111111,estimated,0,0,0.0,0,0,0.26699862174313155,0.31958097595763685,0.45519279212043373,0.35673386669036716,0.21676661037895914,20,1,-0.00019970709625882765,0.954,68.7,B,0.28537956888472354,2.0403444320504445,0.32015077205771403,0.20688902392555747,20,5,0,0.22413793103448276,0.22393822393822393,0.4681349578256795,0.246485473289597,0.28537956888472354,0.23268698060941828,0.22136669874879691,0.19302949061662197,0.2231924554662941,0.21800947867298578,235,0.23170731707317074,185,False,False,0.5536151283462375,0.0035944748495664314,3.4722222222222223,3.888888888888889,108,,,,,,,0.09626620142497838,20,3.45,1.2,130.1,6.0,8.0,114.0,54.0,0.0,0.0,0.0,23.0,SP,23.0,538.0,102.0,23.4,7.87,3.73,7.04,0.97,23.707046991074975,-0.026449603195803917,5,0.7142857142857143,6.0,7,6,1,0,0.0,3.76,0.08045636108234078,0.2035623409669211,0.23927765237020315,0.07900677200902935,0.4481997677119628,0.3204738675958188,0.22404371584699453,3.443,0.3256993392955122
671976,Tristan Peters,L,CWS,7,Gavin Williams,R,668909,824565,CLE @ CWS,4:15 PM,08/08,Scheduled,0.5519079766380476,,,,False,0000001001,estimated,0,0,0.0,0,0,0.10640857709808675,0.23857329031046595,0.21012962546951522,0.12395524712573758,0.198943299206028,20,2,0.1506183745583039,0.968,65.1,B,0.33025830258302585,6.7975933661053975,0.48576168024028843,0.35167055736833197,20,6,0,0.125,0.2756183745583039,0.5025737014506317,0.49742629854936826,0.0,0.22857142857142856,0.2638623326959847,0.22077922077922077,0.23824617010036978,0.21686746987951808,179,0.3191489361702128,162,False,False,0.6003616432496436,-0.048453666611596,2.9238095238095236,3.2476190476190476,105,,,,,,,-0.2618633908597761,20,3.56,1.04,139.0,11.0,6.0,178.0,39.0,0.0,0.0,0.0,23.0,SP,23.0,551.0,106.0,24.0,11.53,2.53,6.86,1.36,23.681790310299665,0.029612023361952455,5,0.625,7.0,6,6,0,0,0.0,4.0,0.10106919134930184,0.25671641791044775,0.1935483870967742,0.06451612903225806,0.317680608365019,0.28631178707224336,0.1955128205128205,3.761,0.3557100735140421
695731,Braden Montgomery,L,CWS,6,Gavin Williams,R,668909,824565,CLE @ CWS,4:15 PM,08/08,Scheduled,0.5513399573718661,,,,False,1100010011,estimated,0,0,0.5,0,0,0.24314791372203878,0.39077449469123754,0.44227818166126603,0.3832359748045148,0.2552822967115907,20,1,0.040386714486199904,0.968,65.1,B,0.33025830258302585,6.7975933661053975,0.48576168024028843,0.35167055736833197,20,6,0,0.20754716981132076,0.24793388429752067,0.5025737014506317,0.49742629854936826,0.0,0.24500907441016334,0.23880597014925373,0.1945392491467577,0.2247585601404741,0.2391304347826087,105,0.23170731707317074,91,True,False,0.6034832403639052,-0.052143282992039075,3.625,4.083333333333333,48,,,,,,,0.12688448121001752,20,3.56,1.04,139.0,11.0,6.0,178.0,39.0,0.0,0.0,0.0,23.0,SP,23.0,551.0,106.0,24.0,11.53,2.53,6.86,1.36,23.681790310299665,0.03446004262813385,5,0.625,7.0,6,6,0,0,0.0,4.12,0.11719854848865222,0.2389937106918239,0.20786516853932585,0.0898876404494382,0.41188524590163933,0.32151639344262295,0.1955128205128205,3.895,0.3557100735140421
656716,Zach Mckinstry,L,DET,9,Landen Roupp,R,694738,823188,DET @ SF,4:15 PM,08/08,Scheduled,0.5505317949498938,,,,False,1110111001,estimated,0,0,0.0,0,0,0.31326839076915763,0.3514509847283445,0.2983622290677544,0.34079550007765547,0.070776596753872,20,1,0.03601953601953603,0.994,62.1,C,0.2803605313092979,1.9303773947854332,0.30736082384156566,0.22075603022350557,20,6,0,0.19047619047619047,0.2264957264957265,0.5353583293782629,0.2591362126245847,0.20550545799715236,0.2548076923076923,0.18990384615384615,0.20819112627986347,0.233751425313569,0.24113475177304963,158,0.2,157,False,False,0.5536903070925692,-0.0031585121426753737,3.101123595505618,3.539325842696629,89,,,,,,,-0.08994956840008082,20,4.34,1.29,118.1,7.0,10.0,120.0,52.0,0.0,0.0,0.0,22.0,SP,22.0,499.0,101.0,22.7,9.13,3.95,7.68,0.68,22.88705596891884,0.005130705050106155,8,1.0,0.0,2,6,1,0,0.0,3.76,0.09770891345767156,0.20821917808219179,0.1820388349514563,0.0825242718446602,0.22040229885057472,0.2759436781609196,0.21951219512195122,3.443,0.3392701383310421
687529,Grant Mccray,L,SF,6,Jackson Jobe,R,695549,823188,DET @ SF,4:15 PM,08/08,Scheduled,0.5498674658711417,,,,False,1101000000,estimated,0,0,0.0,0,0,0.05980323701108678,0.2474501433925696,0.13346947358827405,0.08418127715183814,0.2789561168150194,14,1,0.053571428571428575,0.994,,,,,,,0,0,0,0.07142857142857142,0.125,,,,0.11607142857142858,0.10638297872340426,0.06060606060606061,0.10416666666666667,0.14285714285714285,20,0.0625,20,False,False,0.5340226624752628,0.015844803395878904,2.142857142857143,2.857142857142857,14,,,,,,,-0.3077216800693915,14,,,,,,,,,,,,,,,,,,,,,,0.01200396270028703,7,0.7777777777777778,-6.0,7,6,1,0,0.0,4.12,0.1818290188300247,0.18085106382978725,0.3923444976076555,0.08133971291866028,0.3490566037735849,0.2967924528301887,,3.895,0.27786452490819036
680574,Matt Mclain,R,CIN,9,Andrew Alvarez,L,674841,822701,CIN @ WSH,3:45 PM,08/08,Scheduled,0.5492903679272699,,,,False,0011001101,estimated,0,0,0.0,0,0,0.15632468874308464,0.34143321213902494,0.23484655131235485,0.23346509187180756,0.344746500357144,20,1,0.011931064958020321,1.04,35.1,D,0.2834862385321101,1.953931239527081,0.44408477213937936,0.22057888914780802,16,5,0,0.2054794520547945,0.1935483870967742,0.42752293577981654,0.5394495412844037,0.03302752293577982,0.2202852614896989,0.1798469387755102,0.18807339449541285,0.20379355977062197,0.21511627906976744,196,0.1694915254237288,137,False,False,0.5232938379556542,0.025996529971615723,3.372093023255814,3.872093023255814,86,,,,,,,-0.16259665608762913,20,3.94,1.45,64.0,2.0,3.0,63.0,31.0,1.0,0.0,1.0,8.0,RP,16.0,276.0,62.0,17.2,8.86,4.36,8.72,0.28,18.1850226660875,0.009752489215587135,7,0.7,1.0,6,6,0,0,0.0,3.76,0.04078580980544618,0.20947630922693267,0.29130434782608694,0.1108695652173913,0.41136079900124844,0.32020162297128585,0.25443786982248523,3.443,0.3149151465425154
805367,Chase Meidroth,R,CWS,8,Gavin Williams,R,668909,824565,CLE @ CWS,4:15 PM,08/08,Scheduled,0.5487398101770177,,,,False,1100011011,estimated,0,0,0.5,0,0,0.264594731080893,0.30628460954236847,0.3617954077557324,0.3274725516764357,0.21702056898494612,20,1,-0.014834092387768394,0.968,65.1,B,0.33025830258302585,6.7975933661053975,0.48576168024028843,0.35167055736833197,20,6,0,0.2827586206896552,0.2679245283018868,0.5025737014506317,0.49742629854936826,0.0,0.2610238215914851,0.25164835164835164,0.26683291770573564,0.25956284153005466,0.26956521739130435,265,0.2777777777777778,203,False,False,0.5723535972879132,-0.023613787110895568,3.6936936936936937,4.216216216216216,111,,,,,,,0.012660363630243672,20,3.56,1.04,139.0,11.0,6.0,178.0,39.0,0.0,0.0,0.0,23.0,SP,23.0,551.0,106.0,24.0,11.53,2.53,6.86,1.36,23.681790310299665,0.0031601898229823844,5,0.625,7.0,6,6,0,0,0.0,3.88,0.11021088681193367,0.2618510158013544,0.21669980119284293,0.08946322067594434,0.3628243512974052,0.29523203592814373,0.23076923076923078,3.598,0.3557100735140421
668952,Ryan Kreidler,R,MIN,9,Robert Gasser,L,688107,823752,MIN @ MIL,4:10 PM,08/08,Scheduled,0.547871719986612,,,,False,1111010001,estimated,0,0,0.0,0,0,0.18544391098508958,0.32677778310454814,0.41326661295431927,0.2105914903323696,0.16304120142727502,20,1,0.05614035087719299,0.97,75.2,B,0.27647058823529413,4.173555199328886,0.33584902173548764,0.22364048492498287,12,7,0,0.26666666666666666,0.21052631578947367,0.6627450980392157,0.26666666666666666,0.07058823529411765,0.21340388007054673,0.2136150234741784,0.17037037037037037,0.20814880425155005,0.23958333333333334,104,0.23595505617977527,95,False,False,0.543606082749197,0.004265637237415021,2.7611940298507465,2.970149253731343,67,,,,,,,-0.08870414629642366,20,4.48,1.17,62.1,3.0,4.0,58.0,16.0,0.0,0.0,0.0,12.0,SP,12.0,263.0,57.0,21.9,8.37,2.31,8.23,1.59,21.891454481894673,-0.012538386653278666,3,0.42857142857142855,10.0,7,6,0,0,0.0,3.76,0.01976562857453136,0.20723684210526316,0.23582089552238805,0.07462686567164178,0.34555555555555556,0.25493333333333335,0.2603550295857988,3.443,0.30732761173428347
553869,Elías Díaz,R,TEX,8,Kyle Bradish,R,680694,822864,BAL @ TEX,4:15 PM,08/08,Scheduled,0.5475113335407295,,,,False,0010100011,estimated,0,0,0.0,0,0,0.17761494857078786,0.2141475856318819,0.2805503152875242,0.3048297295403302,0.30538958496355256,20,1,-0.04417293233082706,0.964,54.3,C,0.2773359840954274,2.098322356196533,0.3892629849354991,0.21693645051795205,20,6,0,0.26785714285714285,0.2236842105263158,0.5176529090004973,0.48234709099950274,0.0,0.220675944333996,0.23651452282157676,0.26126126126126126,0.2331002331002331,0.24324324324324326,76,0.2413793103448276,64,False,False,0.5543937879975994,-0.006882454456869969,2.933333333333333,3.111111111111111,45,,,,,,,-0.0761451713438275,20,3.79,1.36,121.0,7.0,10.0,117.0,54.0,0.0,0.0,0.0,22.0,SP,22.0,513.0,111.0,23.3,8.7,4.02,8.26,0.97,23.314274187780292,0.016138666459270645,8,1.0,-1.0,6,6,0,0,0.0,3.88,0.07352813829725666,0.22492401215805471,0.2563380281690141,0.04507042253521127,0.3865546218487395,0.2977079831932773,0.25555555555555554,3.598,0.32697725996184585
683083,Nasim Nuñez,L,WSH,8,Chase Burns,R,695505,822701,CIN @ WSH,3:45 PM,08/08,Scheduled,0.5475113335407295,,,,False,0000101000,estimated,0,0,0.0,0,0,0.13204373375965694,0.2359083666319694,0.24068163724830158,0.15024475530510678,0.09579041415885724,20,1,-0.012314439946018912,1.04,73.1,B,0.2961439588688946,3.0119603416517933,0.371896709586179,0.2843757172022708,20,6,0,0.2403846153846154,0.22807017543859648,0.5660668380462724,0.38046272493573263,0.05347043701799486,0.2305496074232691,0.2168141592920354,0.2617801047120419,0.2340898976412995,0.23863636363636365,203,0.22435897435897437,177,False,False,0.5494882886377969,-0.001976955097067412,3.2549019607843137,3.7254901960784315,102,,,,,,,-0.22830204406210092,20,2.35,1.1,118.2,13.0,1.0,137.0,43.0,0.0,0.0,0.0,21.0,SP,21.0,477.0,87.0,22.7,10.39,3.26,6.6,0.99,22.712904656023003,0.03232199979260386,6,0.6666666666666666,9.0,7,7,0,0,0.0,3.88,0.11448772210660389,0.24054054054054055,0.2069767441860465,0.10930232558139535,0.2470344009489917,0.28663345195729534,0.21212121212121213,3.598,0.28841598678328495
669134,Luis Campusano,R,SD,7,Peter Lambert,R,663567,823267,HOU @ SD,4:15 PM,08/08,Scheduled,0.5475113335407295,,,,False,0011111101,estimated,6,2,0.3333333333333333,1,2023,0.3228338678500137,0.3221272037013365,0.35035406959711435,0.37968227794617226,0.16428678798858176,20,1,-0.014811031664964225,0.954,71.8,B,0.27216954824316786,2.883040144980644,0.3591862770007197,0.2511407085182764,19,6,0,0.3181818181818182,0.30337078651685395,0.503070910106086,0.26744835287548857,0.22948073701842547,0.3179347826086957,0.22962962962962963,0.35294117647058826,0.2924901185770751,0.30158730158730157,76,0.3125,54,False,False,0.5589417416734062,-0.011430408132676706,2.775,3.25,40,,,,,,,-0.10139729683733455,20,3.06,1.13,108.2,8.0,5.0,108.0,41.0,0.0,0.0,0.0,19.0,SP,19.0,449.0,82.0,23.6,8.94,3.4,6.79,0.91,23.53792751384885,-0.005311333540729435,3,0.42857142857142855,2.0,7,7,1,0,0.0,4.0,0.16315982701022042,0.22590361445783133,0.19680851063829788,0.10904255319148937,0.40568475452196384,0.28323643410852717,0.27040816326530615,3.761,0.29290725815592317
677588,José Tena,L,WSH,9,Chase Burns,R,695505,822701,CIN @ WSH,3:45 PM,08/08,Scheduled,0.5467087067705563,,,,False,0110000001,estimated,0,0,0.0,0,0,0.18426896379187513,0.23707383897222387,0.34401462715971814,0.2669060429801755,0.28641453162651387,20,1,-0.27,1.04,73.1,B,0.2961439588688946,3.0119603416517933,0.371896709586179,0.2843757172022708,20,6,0,0.5,0.23,0.5660668380462724,0.38046272493573263,0.05347043701799486,0.2222222222222222,0.21982758620689655,0.1952662721893491,0.21602101116217992,0.20168067226890757,130,0.28735632183908044,97,False,False,0.5509431699094188,-0.004234463138862554,2.395348837209302,2.63953488372093,86,,,,,,,-0.2266590473449427,20,2.35,1.1,118.2,13.0,1.0,137.0,43.0,0.0,0.0,0.0,21.0,SP,21.0,477.0,87.0,22.7,10.39,3.26,6.6,0.99,22.712904656023003,0.03262462656277709,6,0.6666666666666666,9.0,7,7,0,0,0.0,3.76,0.11873132199991013,0.23809523809523808,0.25501432664756446,0.08595988538681948,0.47013274336283184,0.3257787610619469,0.21212121212121213,3.443,0.28841598678328495
695657,Colson Montgomery,L,CWS,4,Gavin Williams,R,668909,824565,CLE @ CWS,4:15 PM,08/08,Scheduled,0.5462354726766264,,,,False,0001011010,estimated,5,0,0.0,1,2025,0.16533318310014658,0.25484914526512453,0.24079947017565717,0.2888376736984327,0.4033377967866256,20,1,-0.06548003049674508,0.968,65.1,B,0.33025830258302585,6.7975933661053975,0.48576168024028843,0.35167055736833197,20,6,0,0.2627118644067797,0.1972318339100346,0.5025737014506317,0.49742629854936826,0.0,0.21299435028248587,0.19724770642201836,0.22518159806295399,0.21237785016286645,0.25,269,0.16766467065868262,189,False,False,0.572504376510117,-0.026268903833490564,3.7685185185185186,4.2407407407407405,108,,,,,,,-0.08561103168497297,20,3.56,1.04,139.0,11.0,6.0,178.0,39.0,0.0,0.0,0.0,23.0,SP,23.0,551.0,106.0,24.0,11.53,2.53,6.86,1.36,23.681790310299665,0.029744527323373626,5,0.625,7.0,6,6,0,0,0.0,4.35,0.09906168768717538,0.22172949002217296,0.3134920634920635,0.07738095238095238,0.42662116040955633,0.32719453924914677,0.1955128205128205,4.159,0.3557100735140421
641857,Ryan Mcmahon,L,NYY,7,Chris Sale,L,519242,823514,ATL @ NYY,12:05 PM,08/08,Scheduled,0.5443398710117183,,,,False,0010011101,estimated,0,0,0.0,0,0,0.22952089156873395,0.3595219903061603,0.4547253038005403,0.3187598734266606,0.2523460861611914,20,1,0.09545454545454543,1.007,88.9,A,0.32886984467059455,6.391073977543918,0.3220852467678339,0.32156474380235617,20,10,0,0.3,0.20454545454545456,0.4946409431939979,0.3912111468381565,0.11414790996784566,0.19491525423728814,0.21188118811881188,0.2119815668202765,0.20071047957371227,0.17692307692307693,141,0.25833333333333336,133,False,False,0.5896357452868543,-0.04529587427513593,2.840909090909091,3.1136363636363638,88,,,,,,,0.02437242046866894,20,2.08,1.02,117.0,12.0,6.0,143.0,26.0,0.0,0.0,0.0,20.0,SP,20.0,471.0,93.0,23.6,11.0,2.0,7.15,0.62,23.24370534418699,0.06478512898828159,4,0.5,6.0,7,6,1,0,0.0,4.0,0.06697843871105934,0.2134502923976608,0.31117021276595747,0.07446808510638298,0.5166666666666667,0.3425185185185185,0.22115384615384615,3.761,0.2955697739953178
573262,Mike Yastrzemski,L,ATL,8,Gerrit Cole,R,543037,823514,ATL @ NYY,12:05 PM,08/08,Scheduled,0.5408100769206821,,,,False,1000111000,estimated,0,0,0.0,0,0,0.1839299047391837,0.30459310837979603,0.4217140925947117,0.26722878365218133,0.30962190052515887,20,2,0.10956790123456789,1.007,64.9,C,0.28987993138936535,4.689061028649903,0.4384966897541757,0.26818952946858343,13,6,0,0.125,0.2345679012345679,0.5211267605633803,0.3274647887323944,0.15140845070422534,0.21665174574753804,0.16666666666666666,0.2489451476793249,0.20835565077664703,0.22900763358778625,143,0.2265625,150,False,False,0.552943965958389,-0.012133889037706957,2.642857142857143,2.989795918367347,98,,,,,,,-0.11505892303912434,20,3.42,1.1,73.2,5.0,5.0,78.0,17.0,0.0,0.0,0.0,13.0,SP,13.0,302.0,64.0,23.2,9.53,2.08,7.82,1.34,23.384465357477886,0.01494706593646078,7,0.875,2.0,6,6,1,0,0.0,3.88,0.04087433200123511,0.22916666666666666,0.21761658031088082,0.10880829015544041,0.44166666666666665,0.3048015873015873,0.2032967032967033,3.598,0.30811762569216816
545341,Randal Grichuk,R,CWS,9,Gavin Williams,R,668909,824565,CLE @ CWS,4:15 PM,08/08,Scheduled,0.5394369430207823,,,,False,1100111011,estimated,0,0,0.0,0,0,0.28974842414529,0.3156979432672308,0.4274825183878791,0.41991508229487495,0.28425260832007965,20,1,-0.11594202898550723,0.968,65.1,B,0.33025830258302585,6.7975933661053975,0.48576168024028843,0.35167055736833197,20,6,0,0.2826086956521739,0.16666666666666666,0.5025737014506317,0.49742629854936826,0.0,0.23156342182890854,0.2909698996655518,0.3096446700507614,0.25979557069846676,0.27472527472527475,96,0.24675324675324675,81,False,False,0.5591958060603077,-0.019758863039525454,2.27027027027027,2.391891891891892,74,,,,,,,0.059521568195445324,20,3.56,1.04,139.0,11.0,6.0,178.0,39.0,0.0,0.0,0.0,23.0,SP,23.0,551.0,106.0,24.0,11.53,2.53,6.86,1.36,23.681790310299665,0.00924305697921779,5,0.625,7.0,6,6,0,0,0.0,3.76,0.021198162271099098,0.22743682310469315,0.21885521885521886,0.050505050505050504,0.45872641509433965,0.33249056603773586,0.23076923076923078,3.443,0.3557100735140421
666211,Taylor Trammell,L,HOU,6,Mike King,R,650633,823267,HOU @ SD,4:15 PM,08/08,Scheduled,0.536723628292327,,,,False,1101111010,estimated,0,0,0.0,0,0,0.19849926381362715,0.2977017764396656,0.3083642052005591,0.2883994406934199,0.2548871792817184,20,3,0.0710955710955711,0.954,68.7,B,0.28537956888472354,2.0403444320504445,0.32015077205771403,0.20688902392555747,20,5,0,0.16666666666666666,0.23776223776223776,0.4681349578256795,0.246485473289597,0.28537956888472354,0.22889305816135083,0.25925925925925924,0.20754716981132076,0.23500491642084562,0.30952380952380953,94,0.14084507042253522,82,False,False,0.547871719986612,-0.01114809169428499,2.719298245614035,3.087719298245614,57,,,,,,,0.012992830581440453,20,3.45,1.2,130.1,6.0,8.0,114.0,54.0,0.0,0.0,0.0,23.0,SP,23.0,538.0,102.0,23.4,7.87,3.73,7.04,0.97,23.707046991074975,-0.008823628292326968,5,0.7142857142857143,6.0,7,6,1,0,0.0,4.12,0.09478283672395847,0.20945945945945946,0.3196480938416422,0.11436950146627566,0.36185383244206776,0.27780748663101607,0.21180555555555555,3.895,0.3256993392955122
593428,Xander Bogaerts,R,SD,9,Peter Lambert,R,663567,823267,HOU @ SD,4:15 PM,08/08,Scheduled,0.5365756137818195,,,,False,0111011010,estimated,9,4,0.4444444444444444,1,2023,0.2462854015540488,0.3822381617545996,0.46874315460413774,0.2820615224255038,0.14725839385594378,20,1,-0.08575776881149572,0.954,71.8,B,0.27216954824316786,2.883040144980644,0.3591862770007197,0.2511407085182764,19,6,0,0.28431372549019607,0.19855595667870035,0.503070910106086,0.26744835287548857,0.22948073701842547,0.22003577817531306,0.21406727828746178,0.20481927710843373,0.21611959701007474,0.225531914893617,267,0.2152777777777778,173,False,False,0.53802543582103,-0.0014498220392105132,3.4454545454545453,4.0,110,,,,,,,0.1612370170116968,20,3.06,1.13,108.2,8.0,5.0,108.0,41.0,0.0,0.0,0.0,19.0,SP,19.0,449.0,82.0,23.6,8.94,3.4,6.79,0.91,23.53792751384885,0.0004577195515138577,3,0.42857142857142855,2.0,7,7,1,0,0.0,3.76,0.15382859958729722,0.22946859903381642,0.18895966029723993,0.10191082802547771,0.41584615384615387,0.3021774358974359,0.27040816326530615,3.443,0.29290725815592317
680700,Richie Palacios,L,TB,7,George Kirby,R,669923,823102,TB @ SEA,6:50 PM,08/08,Scheduled,0.5360075945156381,,,,False,1100001000,estimated,0,0,0.0,0,0,0.13017391839272055,0.254399340381533,0.3750441445856883,0.221766887607517,0.29194120442125604,20,1,-0.00844226579520696,0.906,56.9,C,0.268586387434555,4.9091624911596705,0.4204612054382085,0.21021689097074736,20,6,0,0.23529411764705882,0.22685185185185186,0.5324947589098532,0.3915094339622642,0.0759958071278826,0.25203252032520324,0.1895551257253385,0.22413793103448276,0.22808056872037916,0.22627737226277372,159,0.22916666666666666,112,False,False,0.5686400113284806,-0.03263241681284257,2.876543209876543,3.345679012345679,81,,,,,,,-0.2304079393422278,20,3.76,1.28,127.0,8.0,9.0,110.0,26.0,0.0,0.0,0.0,21.0,SP,21.0,523.0,136.0,24.9,7.8,1.84,9.64,1.06,24.772615721026952,0.010820976912933378,7,0.875,-10.0,7,6,0,0,0.0,4.0,0.14529091340028727,0.21597633136094674,0.17839195979899497,0.12814070351758794,0.2880774032459426,0.28708333333333336,0.2627450980392157,3.761,0.346393768127407
664774,Lamonte Wade,L,HOU,7,Mike King,R,650633,823267,HOU @ SD,4:15 PM,08/08,Scheduled,0.5358595800051306,,,,False,0110001111,estimated,13,5,0.38461538461538464,1,2023,0.28559613456610167,0.23935183001493726,0.2489441125477364,0.33654196717166246,0.20323443330034865,20,3,0.09523809523809523,0.954,68.7,B,0.28537956888472354,2.0403444320504445,0.32015077205771403,0.20688902392555747,20,5,0,0.14285714285714285,0.23809523809523808,0.4681349578256795,0.246485473289597,0.28537956888472354,0.25071225071225073,0.22807017543859648,0.14150943396226415,0.22468354430379747,0.21739130434782608,53,0.25,31,False,False,0.5381734503315375,-0.0023138703264069527,2.8,3.36,25,,,,,,,0.043549949307358754,20,3.45,1.2,130.1,6.0,8.0,114.0,54.0,0.0,0.0,0.0,23.0,SP,23.0,538.0,102.0,23.4,7.87,3.73,7.04,0.97,23.707046991074975,-0.006539580005130552,5,0.7142857142857143,6.0,7,6,1,0,0.0,4.0,0.15139635152934028,0.18895348837209303,0.23325062034739455,0.12406947890818859,0.35660000000000003,0.26262,0.21180555555555555,3.761,0.3256993392955122
641933,Tyler O'Neill,R,BAL,9,Jacob Degrom,R,594798,822864,BAL @ TEX,4:15 PM,08/08,Scheduled,0.5344833983169768,,,,False,1001011110,estimated,0,0,0.0,0,0,0.42931453571787503,0.29798379037947254,0.4574700856540763,0.5039321742302079,0.2003412704950435,20,1,0.0006105006105006083,0.964,66.1,B,0.30817941952506595,4.208896716912514,0.44502707181649964,0.27185784957878767,20,7,0,0.21367521367521367,0.21428571428571427,0.4423791821561338,0.4312267657992565,0.12639405204460966,0.19669876203576342,0.17585301837270342,0.14285714285714285,0.18147871545929797,0.17346938775510204,112,0.25842696629213485,98,False,False,0.5358595800051306,-0.001376181688153788,2.6714285714285713,3.0,70,,,,,,,0.11821105372137322,20,3.96,1.14,113.2,7.0,7.0,135.0,29.0,0.0,0.0,0.0,21.0,SP,21.0,468.0,101.0,22.3,10.69,2.3,8.0,1.27,22.68746347997273,0.016696601683023338,5,0.625,7.0,6,6,0,0,0.0,3.76,0.06280145141999577,0.19154929577464788,0.263681592039801,0.09701492537313433,0.4103078982597055,0.3082128514056225,0.24719101123595505,3.443,0.32529425795769495
657757,Gavin Sheets,L,SD,8,Peter Lambert,R,663567,823267,HOU @ SD,4:15 PM,08/08,Scheduled,0.5311203739622251,,,,False,0110001000,estimated,0,0,0.0,0,0,0.16475239611577416,0.22797087418524473,0.32456795188033766,0.18696091529381254,0.14065656034341972,20,1,0.06326219512195122,0.954,71.8,B,0.27216954824316786,2.883040144980644,0.3591862770007197,0.2511407085182764,19,6,0,0.15625,0.21951219512195122,0.503070910106086,0.26744835287548857,0.22948073701842547,0.18951048951048952,0.18622448979591838,0.21212121212121213,0.19358407079646017,0.19576719576719576,220,0.23846153846153847,151,False,False,0.546061511501519,-0.014941137539293936,3.009433962264151,3.5,106,,,,,,,-0.08708214210582958,20,3.06,1.13,108.2,8.0,5.0,108.0,41.0,0.0,0.0,0.0,19.0,SP,19.0,449.0,82.0,23.6,8.94,3.4,6.79,0.91,23.53792751384885,1.2959371108234308e-05,3,0.42857142857142855,2.0,7,7,1,0,0.0,3.88,0.1423785249007636,0.21525885558583105,0.1976190476190476,0.10714285714285714,0.42136150234741787,0.2847394366197183,0.14285714285714285,3.598,0.29290725815592317
665923,Esteury Ruiz,R,MIA,8,Walbert Ureña,R,700712,823834,LAA @ MIA,1:10 PM,08/08,Scheduled,0.5308176579256273,,,,False,1010011001,estimated,0,0,0.0,0,0,0.2558187746001032,0.28722898794458795,0.22884774074686265,0.46582772891293917,0.3775073133057075,20,1,0.12170385395537525,1.0,73.4,B,0.2907253269916766,1.8856036297286407,0.3289418288245913,0.228807724096764,19,6,0,0.20588235294117646,0.3275862068965517,0.5241502683363148,0.1520572450805009,0.32379248658318427,0.1960352422907489,0.2047244094488189,0.21428571428571427,0.2016509433962264,0.23076923076923078,80,0.29508196721311475,74,False,True,0.525850008628675,0.004967649296952259,2.1,2.566666666666667,60,,,,,,,-0.08093431906055931,20,2.54,1.25,99.1,7.0,7.0,95.0,52.0,0.0,0.0,0.0,18.0,SP,20.0,423.0,72.0,21.1,8.61,4.71,6.52,0.54,22.365037805232504,0.014957342074372715,4,0.5,-2.0,6,6,1,0,0.0,3.88,0.1344107513804691,0.2342007434944238,0.29073482428115016,0.08306709265175719,0.27153558052434457,0.27147191011235955,0.1952662721893491,3.598,0.2961232027332944
676609,José Caballero,R,NYY,8,Chris Sale,L,519242,823514,ATL @ NYY,12:05 PM,08/08,Scheduled,0.5306214652223405,,,,False,0100111110,estimated,0,0,0.0,0,0,0.22739897459064276,0.39961909145934715,0.2549985600435725,0.36784318466770705,0.32603045463612784,20,1,-0.025925925925925908,1.007,88.9,A,0.32886984467059455,6.391073977543918,0.3220852467678339,0.32156474380235617,20,10,0,0.22962962962962963,0.25555555555555554,0.4946409431939979,0.3912111468381565,0.11414790996784566,0.23237597911227154,0.20751633986928106,0.20987654320987653,0.22216748768472908,0.2356687898089172,175,0.25316455696202533,170,False,False,0.5490202787614926,-0.01839881353915207,3.3157894736842106,3.6315789473684212,95,,,,,,,0.05376452013329911,20,2.08,1.02,117.0,12.0,6.0,143.0,26.0,0.0,0.0,0.0,20.0,SP,20.0,471.0,93.0,23.6,11.0,2.0,7.15,0.62,23.24370534418699,0.03702853477765944,4,0.5,6.0,7,6,1,0,0.0,3.88,0.0639873313373923,0.2393617021276596,0.23132530120481928,0.06746987951807229,0.26190476190476186,0.29288928571428574,0.21341463414634146,3.598,0.2955697739953178
663728,Cal Raleigh,L,SEA,6,Griffin Jax,R,643377,823102,TB @ SEA,6:50 PM,08/08,Scheduled,0.5265567128488952,-100.0,104.0,50.0,False,1100101100,estimated,6,4,0.6666666666666666,1,2023,0.12848768199945793,0.3348950062998978,0.43543410702659535,0.2507403146811176,0.31631999749695505,20,1,0.016279069767441867,0.906,70.9,B,0.3116045845272206,4.400184491769512,0.399367929408711,0.29289746487582863,20,6,0,0.1511627906976744,0.16744186046511628,0.4207492795389049,0.34293948126801155,0.23631123919308358,0.1536926147704591,0.16506189821182943,0.14669421487603307,0.15549005158437731,0.17553191489361702,214,0.1415929203539823,135,False,False,0.5358595800051306,-0.009302867156235406,3.6707317073170733,4.2560975609756095,82,,,,,,,-0.0607440351024046,20,3.63,1.21,91.2,6.0,9.0,100.0,30.0,0.0,2.0,2.0,18.0,SP,29.0,379.0,81.0,13.1,9.82,2.95,7.95,1.37,19.173130095653022,0.01025757286539053,7,0.875,-8.0,7,6,0,0,0.0,4.12,0.11581749055100735,0.20489977728285078,0.30725190839694655,0.11068702290076336,0.3952546296296296,0.3105347222222222,0.24757281553398058,3.895,0.2802338600838801
665862,Jazz Chisholm,L,NYY,6,Chris Sale,L,519242,823514,ATL @ NYY,12:05 PM,08/08,Scheduled,0.5264086983383878,,,,False,1011000100,estimated,0,0,0.0,0,0,0.1573118345842507,0.3414924680481585,0.4946163530920265,0.30691324938786746,0.41763138976902975,20,1,0.0017767833640431607,1.007,88.9,A,0.32886984467059455,6.391073977543918,0.3220852467678339,0.32156474380235617,20,10,0,0.21551724137931033,0.21374045801526717,0.4946409431939979,0.3912111468381565,0.11414790996784566,0.19098856758574312,0.19483568075117372,0.1905781584582441,0.1925531914893617,0.19696969696969696,221,0.23333333333333334,203,False,False,0.5664659815862326,-0.040057283247844855,3.532710280373832,3.9626168224299065,107,,,,,,,-0.1499675031485216,20,2.08,1.02,117.0,12.0,6.0,143.0,26.0,0.0,0.0,0.0,20.0,SP,20.0,471.0,93.0,23.6,11.0,2.0,7.15,0.62,23.24370534418699,0.054841301661612274,4,0.5,6.0,7,6,1,0,0.0,4.12,0.05433530266454503,0.2146341463414634,0.3008658008658009,0.09307359307359307,0.40682656826568264,0.30405904059040595,0.22115384615384615,3.895,0.2955697739953178
679822,Justin Foscue,R,TEX,9,Kyle Bradish,R,680694,822864,BAL @ TEX,4:15 PM,08/08,Scheduled,0.5232938379556542,,,,False,1000000001,estimated,0,0,0.0,0,0,0.10661532468384137,0.1694825853298691,0.2596595749497846,0.19461170768649932,0.4512426932794675,20,3,-0.19963369963369962,0.964,54.3,C,0.2773359840954274,2.098322356196533,0.3892629849354991,0.21693645051795205,20,6,0,0.31868131868131866,0.11904761904761904,0.5176529090004973,0.48234709099950274,0.0,0.21973929236499068,0.30716723549488056,0.3150684931506849,0.26024590163934425,0.27941176470588236,73,0.23076923076923078,74,False,False,0.525850008628675,-0.00255617067302083,2.216666666666667,2.45,60,,,,,,,-0.2280846434172095,20,3.79,1.36,121.0,7.0,10.0,117.0,54.0,0.0,0.0,0.0,22.0,SP,22.0,513.0,111.0,23.3,8.7,4.02,8.26,0.97,23.314274187780292,0.00703116204434584,8,1.0,-1.0,6,6,0,0,0.0,3.76,0.006189246887434161,0.1872146118721461,0.2987551867219917,0.06224066390041494,0.30952380952380953,0.25027891156462584,0.25555555555555554,3.443,0.32697725996184585
806068,Colt Emerson,L,SEA,9,Griffin Jax,R,643377,823102,TB @ SEA,6:50 PM,08/08,Scheduled,0.5211705835555978,,,,False,1000110111,estimated,0,0,0.0,0,0,0.22014546149723574,0.37430944101306934,0.35867393826233585,0.32357576447901365,0.2932256870154826,20,1,-0.08176181865151125,0.906,70.9,B,0.3116045845272206,4.400184491769512,0.399367929408711,0.29289746487582863,20,6,0,0.2653061224489796,0.18354430379746836,0.4207492795389049,0.34293948126801155,0.23631123919308358,0.1950261780104712,0.17420814479638008,0.16279069767441862,0.1836734693877551,0.20175438596491227,127,0.20430107526881722,101,True,False,0.5324905648008516,-0.011319981245253796,3.234375,3.5625,64,,,,,,,0.14635902109006757,20,3.63,1.21,91.2,6.0,9.0,100.0,30.0,0.0,2.0,2.0,18.0,SP,29.0,379.0,81.0,13.1,9.82,2.95,7.95,1.37,19.173130095653022,0.007986559301545126,7,0.875,-8.0,7,6,0,0,0.0,3.76,0.023242448243640395,0.20100502512562815,0.3212669683257919,0.07239819004524888,0.2786458333333333,0.285203125,0.24757281553398058,3.443,0.2802338600838801
670764,Taylor Walls,L,TB,9,George Kirby,R,669923,823102,TB @ SEA,6:50 PM,08/08,Scheduled,0.5163991269619322,,,,False,0000001100,estimated,7,0,0.0,1,2022,0.13654970462705027,0.20693438435758044,0.13750342776579533,0.21906750385171403,0.341780197247707,20,1,-0.028583438419504004,0.906,56.9,C,0.268586387434555,4.9091624911596705,0.4204612054382085,0.21021689097074736,20,6,0,0.23076923076923078,0.20218579234972678,0.5324947589098532,0.3915094339622642,0.0759958071278826,0.21017274472168906,0.18181818181818182,0.17114093959731544,0.19666666666666666,0.2328767123287671,167,0.1875,156,False,False,0.5299403849773581,-0.013541258015425828,3.1494252873563218,3.7126436781609193,87,,,,,,,-0.20849419433930477,20,3.76,1.28,127.0,8.0,9.0,110.0,26.0,0.0,0.0,0.0,21.0,SP,21.0,523.0,136.0,24.9,7.8,1.84,9.64,1.06,24.772615721026952,0.001543730180924796,7,0.875,-10.0,7,6,0,0,0.0,3.76,0.09620448310766937,0.21485411140583555,0.2505800464037123,0.08816705336426914,0.24510532837670385,0.2675799256505576,0.2627450980392157,3.443,0.346393768127407
666152,David Hamilton,L,MIL,9,Taj Bradley,R,671737,823752,MIN @ MIL,4:10 PM,08/08,Scheduled,0.505127231097319,,,,False,1110011001,estimated,5,2,0.4,1,2024,0.25661740883620365,0.31060287794407815,0.3677339750867837,0.3701085253153256,0.21261762830704373,20,1,0.013888888888888895,0.97,51.2,C,0.2811188811188811,2.566242149512253,0.4635470654047287,0.26852027162512715,20,6,0,0.2222222222222222,0.2361111111111111,0.7056902985074627,0.08955223880597014,0.20475746268656717,0.22235576923076922,0.18949771689497716,0.15789473684210525,0.20349967595593,0.2125984251968504,146,0.2616822429906542,124,False,False,0.5334546432090811,-0.02832741211176204,2.962025316455696,3.4177215189873418,79,,,,,,,4.946599343924276e-05,20,3.69,1.24,126.2,9.0,4.0,141.0,53.0,0.0,0.0,0.0,22.0,SP,22.0,533.0,104.0,24.2,10.02,3.77,7.39,1.21,24.655396633654657,0.039072768902680965,3,0.375,-9.0,5,7,0,0,0.0,3.76,0.12014140449943832,0.23582089552238805,0.21761658031088082,0.09067357512953368,0.3090969455511288,0.2588187250996016,0.19927536231884058,3.443,0.3070979722413909
642350,José Siri,R,LAA,9,Sandy Alcántara,R,645261,823834,LAA @ MIA,1:10 PM,08/08,Scheduled,0.5030108992316188,,,,False,0000100110,estimated,8,2,0.25,1,2023,0.20695786354332416,0.4413624190539404,0.6076918812865738,0.49202406602889814,0.4674015887223174,20,1,0.10666666666666666,1.0,62.6,C,0.26791013141161507,2.951337543433846,0.35757643972774644,0.1927016440818047,20,6,0,0.22666666666666666,0.3333333333333333,0.5989826197541331,0.19287833827893175,0.20813904196693514,0.2471655328798186,0.25,0.25961538461538464,0.2496798975672215,0.2698412698412698,67,0.25925925925925924,64,False,False,0.4887411803213866,0.01426971891023221,2.25,2.519230769230769,52,,,,,,,-0.012745078089130342,20,3.68,1.2,156.2,12.0,6.0,120.0,41.0,0.0,0.0,0.0,24.0,SP,24.0,649.0,147.0,27.0,6.89,2.36,8.44,0.98,26.958621570286525,0.010989100768381221,4,0.4444444444444444,11.0,7,6,1,0,0.0,3.76,0.0618852866337224,0.19230769230769232,0.3760217983651226,0.05449591280653951,0.40875,0.294265,0.26639344262295084,3.443,0.3164708543339555
681297,Colton Cowser,L,BAL,8,Jacob Degrom,R,594798,822864,BAL @ TEX,4:15 PM,08/08,Scheduled,0.49904544970474474,,,,False,1001001001,estimated,7,1,0.14285714285714285,1,2025,0.17078990858872098,0.26859629091060044,0.3925629659353401,0.2463657385487735,0.30378971019480794,20,1,0.007207207207207189,0.964,66.1,B,0.30817941952506595,4.208896716912514,0.44502707181649964,0.27185784957878767,20,7,0,0.2,0.2072072072072072,0.4423791821561338,0.4312267657992565,0.12639405204460966,0.21971830985915494,0.16817359855334538,0.2,0.19776339022954678,0.211864406779661,138,0.20175438596491227,133,False,False,0.49904544970474474,0.0,2.4166666666666665,2.8229166666666665,96,,,,,,,-0.19468932215494877,20,3.96,1.14,113.2,7.0,7.0,135.0,29.0,0.0,0.0,0.0,21.0,SP,21.0,468.0,101.0,22.3,10.69,2.3,8.0,1.27,22.68746347997273,0.008794550295255332,5,0.625,7.0,6,6,0,0,0.0,3.88,0.17832280993161262,0.18210862619808307,0.328804347826087,0.13043478260869565,0.38628472222222227,0.3034322916666667,0.22007722007722008,3.598,0.32529425795769495
669224,Austin Wells,L,NYY,9,Chris Sale,L,519242,823514,ATL @ NYY,12:05 PM,08/08,Scheduled,0.48450439435171955,,,,False,0001001011,estimated,0,0,0.0,0,0,0.2588398578567777,0.3710033500611255,0.4901857512478399,0.3558207195167589,0.24978566649941703,20,1,-0.04640921409214091,1.007,88.9,A,0.32886984467059455,6.391073977543918,0.3220852467678339,0.32156474380235617,20,10,0,0.13414634146341464,0.18055555555555555,0.4946409431939979,0.3912111468381565,0.11414790996784566,0.14870395634379263,0.11133200795228629,0.1285140562248996,0.13480885311871227,0.13846153846153847,142,0.19791666666666666,117,False,False,0.5294414762374734,-0.04493708188575385,2.825,3.2375,80,,,,,,,-0.10520651601321972,20,2.08,1.02,117.0,12.0,6.0,143.0,26.0,0.0,0.0,0.0,20.0,SP,20.0,471.0,93.0,23.6,11.0,2.0,7.15,0.62,23.24370534418699,0.05157060564828042,4,0.5,6.0,7,6,1,0,0.0,3.76,0.14899194547841899,0.1908831908831909,0.2864321608040201,0.09296482412060302,0.43108298171589315,0.31471026722925455,0.22115384615384615,3.443,0.2955697739953178
642215,Weston Wilson,R,SEA,8,Griffin Jax,R,643377,823102,TB @ SEA,6:50 PM,08/08,Scheduled,0.48290592422500644,,,,False,0100011001,estimated,0,0,0.0,0,0,0.1784205647429884,0.2766762685540971,0.21200182096760778,0.3085975788362255,0.3494830802714027,20,2,-0.043650793650793634,0.906,70.9,B,0.3116045845272206,4.400184491769512,0.399367929408711,0.29289746487582863,20,6,0,0.2222222222222222,0.17857142857142858,0.4207492795389049,0.34293948126801155,0.23631123919308358,0.1919191919191919,0.1919191919191919,0.2413793103448276,0.20249221183800623,0.18181818181818182,60,0.25,42,False,False,0.5324905648008516,-0.04958464057584511,2.3947368421052633,2.6842105263157894,38,,,,,,,0.05857446756351618,20,3.63,1.21,91.2,6.0,9.0,100.0,30.0,0.0,2.0,2.0,18.0,SP,29.0,379.0,81.0,13.1,9.82,2.95,7.95,1.37,19.173130095653022,0.03856550434642225,7,0.875,-8.0,7,6,0,0,0.0,3.88,0.054004991044047365,0.21942446043165467,0.2980769230769231,0.08974358974358974,0.41261261261261256,0.31973693693693694,0.2248062015503876,3.598,0.2802338600838801
