batter_id,name,batter_hand,team,slot,pitcher,pitcher_hand,opp_pitcher_id,game_pk,matchup,start_time,game_date,game_state,p_hit,hit_odds,no_hit_odds,yes_cents,has_hit,last5,lineup_source,bvp_ab,bvp_h,bvp_avg,bvp_career,bvp_since,b_hit_rate,b_xba,b_hardhit,b_babip,b_k_rate,b_n_games,b_days_rest,split_diff,park_factor,p_rating,p_grade,p_csw,p_k_bb,p_hardhit_allowed,p_k_rate,p_n_games,p_days_rest,is_opener,b_hit_rate_vs_L,b_hit_rate_vs_R,p_use_fb,p_use_bb,p_use_os,b_hr_vs_fb,b_hr_vs_bb,b_hr_vs_os,b_hr_overall,b_hit_rate_vs_sp,b_pa_vs_sp,b_hit_rate_vs_rp,b_pa_vs_rp,b_is_rookie,p_is_rookie,base_p_hit,matchup_delta,b_avg_ab,b_avg_pa,b_games_played,p_multihit,base_p_multihit,p_multihit_matchup_delta,p_hrRbi,base_p_hrRbi,p_hrRbi_matchup_delta,b_quality_first3,b_n_games_first3,p_era,p_whip_official,p_ip,p_wins,p_losses,p_so,p_bb_official,p_saves,p_blown_saves,p_save_opps,p_games_started,p_role,p_games_pitched,p_bf_official,p_hits_allowed,p_bf_per_g,p_k9,p_bb9,p_h9,p_hr9,p_avg_bf,pen_delta,pen_available_n,pen_rested_frac,def_oaa_tonight,def_oaa_n,sched_games_7d,sched_day_after_night,sched_getaway,sched_tz_shift,b_pa,b_bb_rate,b_hit_rate_long,b_k_rate_long,b_bb_rate_long,b_hardhit_long,b_xba_long,p_hit_rate_vs_hand,slot_pa_exp,def_babip_allowed
665487,Fernando Tatís,R,SD,1,Kyle Freeland,L,607536,824307,SD @ COL,5:40 PM,15/09,Scheduled,0.9351432880844645,-400.0,488.0,80.0,False,0011011111,estimated,12,1,0.08333333333333333,1,2023,0.3378894641422081,0.3789850808644462,0.5966240034561328,0.4330452528949943,0.17405340959578725,20,1,0.07188560879836048,1.148,56.7,C,0.2766699900299103,3.707709768966293,0.40858502389515705,0.18495301949229156,20,27,0,0.3422818791946309,0.2703962703962704,0.5443668993020937,0.32153539381854435,0.13409770687936193,0.2834023334587881,0.272108843537415,0.2485294117647059,0.27518216888126873,0.2689075630252101,406,0.3212669683257919,244,False,False,0.7028775178864849,0.23226577019797956,3.931972789115646,4.421768707482993,147,,,,,,,0.04817303426343884,20,6.37,1.46,124.1,4,10,103,28,0,0,0,23,SP,23,554,153,24.1,7.46,2.03,11.08,1.74,24.568469991871527,-0.11484328808446453,7,0.7,1.0,6,6,0,0,0.0,4.551732782538402,0.06974658845290498,0.29350104821802936,0.16729323308270677,0.08082706766917293,0.5149914089347079,0.37128350515463915,0.30563002680965146,4.443,0.3648916976534297
664034,Ty France,R,SD,3,Kyle Freeland,L,607536,824307,SD @ COL,5:40 PM,15/09,Scheduled,0.785042735042735,,,,False,1011000111,estimated,0,0,0.0,0,0,0.3424407929187679,0.36817772034632323,0.4529650051658367,0.413020310964575,0.18002475314105093,20,1,0.0057507438773174435,1.148,56.7,C,0.2766699900299103,3.707709768966293,0.40858502389515705,0.18495301949229156,20,27,0,0.3014705882352941,0.29571984435797666,0.5443668993020937,0.32153539381854435,0.13409770687936193,0.2841348811498065,0.2743682310469314,0.36070381231671556,0.29207092673134827,0.31390134529147984,251,0.27647058823529413,199,False,False,0.6829204940952248,0.10212224094751021,3.3879310344827585,3.8793103448275863,116,,,,,,,0.13022005419235924,20,6.37,1.46,124.1,4,10,103,28,0,0,0,23,SP,23,554,153,24.1,7.46,2.03,11.08,1.74,24.568469991871527,-0.03218559218559225,7,0.7,1.0,6,6,0,0,0.0,4.300406253804701,0.1428466700009641,0.29177057356608477,0.20869565217391303,0.07391304347826087,0.47814207650273227,0.3235262295081967,0.30563002680965146,4.251,0.3648916976534297
701538,Jackson Merrill,L,SD,4,Kyle Freeland,L,607536,824307,SD @ COL,5:40 PM,15/09,Scheduled,0.785042735042735,-300.0,355.0,75.0,False,0001011111,estimated,0,0,0.0,0,0,0.3300741598169092,0.40911040659198744,0.6186693638638193,0.38819377803213867,0.14707484597659057,20,1,0.03876561254318364,1.148,56.7,C,0.2766699900299103,3.707709768966293,0.40858502389515705,0.18495301949229156,20,27,0,0.28169014084507044,0.2429245283018868,0.5443668993020937,0.32153539381854435,0.13409770687936193,0.25925925925925924,0.24206008583690988,0.21654501216545013,0.24765642031829083,0.24495677233429394,373,0.2648401826484018,244,False,False,0.6592940191942532,0.1257487158484818,3.9034482758620688,4.255172413793104,145,,,,,,,0.11189037757907416,20,6.37,1.46,124.1,4,10,103,28,0,0,0,23,SP,23,554,153,24.1,7.46,2.03,11.08,1.74,24.568469991871527,-0.038157020757020765,7,0.7,1.0,6,6,0,0,0.0,4.41210870592148,0.04345134813003112,0.2553648068669528,0.233201581027668,0.05731225296442688,0.4887452107279694,0.3660272988505747,0.2708333333333333,4.16,0.3648916976534297
664983,Jake Mccarthy,L,COL,1,Walker Buehler,R,621111,824307,SD @ COL,5:40 PM,15/09,Scheduled,0.757942416006932,,,,False,0111111101,estimated,0,0,0.0,0,0,0.30355430473215866,0.30885187992619945,0.33795747577823093,0.33863377188751226,0.12438793197838768,20,1,-0.013420724094881431,1.148,60.7,C,0.2630241423125794,2.2392671562146664,0.3662463459540341,0.21207726482789663,20,6,0,0.3055555555555556,0.29213483146067415,0.6441326530612245,0.2572278911564626,0.09863945578231292,0.27754010695187165,0.2638544251447477,0.25865580448065173,0.2708216880939072,0.29337539432176657,342,0.3005464480874317,204,False,False,0.6965813056144933,0.061361110392438745,3.816793893129771,4.1679389312977095,131,,,,,,,0.09561303403025197,20,4.61,1.36,138.2,8,6,121,53,0,0,0,29,SP,29,588,135,20.3,7.85,3.44,8.76,1.23,19.92362534565838,-0.01916741600693206,4,0.5,25.0,7,7,0,0,0.0,4.648625411544289,0.02997546498899446,0.3055555555555556,0.15717092337917485,0.04911591355599214,0.28595360824742266,0.3338015463917525,0.2745762711864407,4.443,0.30066065871050446
592518,Manny Machado,R,SD,2,Kyle Freeland,L,607536,824307,SD @ COL,5:40 PM,15/09,Scheduled,0.7511550343446896,-355.0,376.0,78.0,False,1111100011,estimated,28,8,0.2857142857142857,1,2022,0.24855094412642634,0.30068180275076367,0.3871605981953267,0.3020765284308938,0.15842401891334282,20,1,0.03725706833783124,1.148,56.7,C,0.2766699900299103,3.707709768966293,0.40858502389515705,0.18495301949229156,20,27,0,0.24817518248175183,0.2109181141439206,0.5443668993020937,0.32153539381854435,0.13409770687936193,0.21064726158559938,0.21139327385037748,0.2309090909090909,0.21314310419368784,0.22674418604651161,384,0.20918367346938777,239,False,False,0.6394807349473878,0.11167429939730178,3.7241379310344827,4.296551724137931,145,,,,,,,0.11647339942920484,20,6.37,1.46,124.1,4,10,103,28,0,0,0,23,SP,23,554,153,24.1,7.46,2.03,11.08,1.74,24.568469991871527,-0.04101217720183237,7,0.7,1.0,6,6,0,0,0.0,4.501781727221523,0.15660766056375475,0.2251655629139073,0.2127659574468085,0.10251450676982592,0.46404275996112726,0.3383542274052478,0.30563002680965146,4.352,0.3648916976534297
676475,Alec Burleson,L,STL,2,Blade Tidwell,R,694918,823007,SF @ STL,4:45 PM,15/09,Scheduled,0.7228133052529836,-233.0,245.0,70.0,False,1111101011,estimated,0,0,0.0,0,0,0.3025101920337494,0.34436611996600064,0.5260277102142392,0.3674193393317115,0.1798197187871496,20,1,0.02425627065914837,1.031,46.4,D,0.2685643564356436,2.0020773677476758,0.43811222708820835,0.19029832337379396,15,6,0,0.2635135135135135,0.28776978417266186,0.49814126394052044,0.45724907063197023,0.04460966542750929,0.30088085303662493,0.24682124158563948,0.33700980392156865,0.2906141367323291,0.2961876832844575,376,0.25892857142857145,254,False,False,0.6965813056144933,0.026231999638490322,3.791946308724832,4.228187919463087,149,,,,,,,0.15799693937992082,20,4.82,1.29,46.2,0,2,38,20,1,0,1,7,RP,15,197,40,13.1,7.33,3.86,7.71,1.16,15.289277971745618,-0.006329971919650124,6,0.6,1.0,5,6,0,0,0.0,4.279537125889641,0.13594311445255636,0.2869757174392936,0.17892644135188868,0.073558648111332,0.5052800734618916,0.37145730027548207,0.2857142857142857,4.352,0.3159703544990549
646240,Rafael Devers,L,SF,2,Andre Pallante,R,669467,823007,SF @ STL,4:45 PM,15/09,Scheduled,0.7193561710915732,,,,False,1101111011,estimated,10,2,0.2,1,2022,0.3466805284978265,0.39017091590451375,0.6163885553345341,0.4631435112468892,0.23247332788062103,20,3,0.060916925838245956,1.031,62.1,C,0.26745662293694455,2.1464966858510466,0.3230099535895921,0.1588770133107207,20,6,0,0.2155688622754491,0.27648578811369506,0.5035971223021583,0.46804909013965296,0.028353787558188744,0.25294525294525294,0.23822714681440443,0.3219761499148211,0.260339573356552,0.2676923076923077,370,0.2445414847161572,259,False,False,0.6646211442523627,0.0547350268392105,3.7687074829931975,4.27891156462585,147,,,,,,,0.24973535855373766,20,3.45,1.23,146.0,12,6,102,45,0,0,0,26,SP,26,602,135,23.2,6.29,2.77,8.32,0.62,22.981044433656702,-0.04599617109157317,5,0.5555555555555556,12.0,6,6,0,0,0.0,4.535876831066819,0.10527160597754176,0.2684563758389262,0.24224806201550386,0.11046511627906977,0.5357660455486543,0.3349099378881987,0.25573770491803277,4.352,0.3425594092626681
605141,Mookie Betts,R,LAD,2,Rhett Lowder,R,695076,824466,LAD @ CIN,3:40 PM,15/09,Scheduled,0.7191185783458852,-270.0,285.0,73.0,False,0111010110,estimated,0,0,0.0,0,0,0.2782406386562982,0.31522660116533896,0.4267434970399048,0.3264895213491767,0.09044840179584095,20,1,-0.04996962674646205,1.083,33.7,F,0.2606177606177606,1.7394878415909547,0.41572867187593343,0.1625618529606195,20,6,0,0.2781065088757396,0.22813688212927757,0.5004840271055179,0.2933204259438529,0.20619554695062922,0.23232848232848233,0.25287356321839083,0.25271739130434784,0.2406894429055094,0.24045801526717558,281,0.25882352941176473,193,False,False,0.6642570470294591,0.054861531316426126,3.891891891891892,4.27027027027027,111,,,,,,,0.05702376307287415,20,5.81,1.53,119.1,6,10,94,49,0,0,0,23,SP,26,541,133,20.8,7.09,3.7,10.03,1.28,20.82351141813287,-0.057218578345885174,6,0.75,11.0,7,6,0,0,0.0,4.58987117247144,0.13682668458863856,0.24557522123893805,0.1111111111111111,0.09126984126984126,0.3838383838383838,0.30247474747474745,0.28717948717948716,4.352,0.36022902194476353
606466,Ketel Marte,L,AZ,1,Janson Junk,R,676083,825030,MIA @ AZ,6:40 PM,15/09,Scheduled,0.708351712042692,-203.0,223.0,67.0,False,1111111011,estimated,0,0,0.0,0,0,0.2453280716095578,0.2825823025501986,0.36000414632390243,0.27207170366848193,0.08220829753780352,20,1,-0.0030717126767219605,1.0,48.3,D,0.24560408394781622,2.1382241136986426,0.3848925533459124,0.12998588870082287,20,6,0,0.2537313432835821,0.25065963060686014,0.3798977853492334,0.43668370244179444,0.18341851220897218,0.2366211962224554,0.2135561745589601,0.23436041083099907,0.23010593742301058,0.240625,351,0.2694300518134715,220,False,False,0.6809187476792462,0.027432964363445778,3.9767441860465116,4.426356589147287,129,,,,,,,-0.06003072903672225,20,4.54,1.32,111.0,6,9,74,30,0,0,0,22,SP,23,472,117,20.5,6.0,2.43,9.49,1.05,19.098436609664663,-0.019401712042692032,4,0.4444444444444444,7.0,6,6,0,0,0.0,4.535537011930046,0.07608453020700791,0.25523012552301255,0.14500941619585686,0.07156308851224105,0.41641729010806317,0.3287826267664173,0.2962962962962963,4.443,0.33543550822257623
650490,Yandy Díaz,R,TB,1,Jack Perkins,R,678022,822925,ATH @ TB,3:40 PM,15/09,Scheduled,0.7078418259481382,,,,False,1101111001,estimated,0,0,0.0,0,0,0.26063551792367906,0.3027502309071773,0.5020353480808533,0.29961760786460645,0.15548730579808753,20,2,-0.021782481975763157,0.96,56.3,C,0.291958985429034,2.109592150000326,0.38284539320908534,0.24545075090137575,20,7,0,0.31446540880503143,0.2926829268292683,0.5002763957987839,0.3156440022111664,0.18407960199004975,0.27477183833116037,0.29073756432247,0.2631578947368421,0.27767235926628714,0.2681564245810056,397,0.35071090047393366,239,False,False,0.6965813056144933,0.011260520333644886,3.979020979020979,4.4475524475524475,143,,,,,,,0.22016509581983307,20,6.53,1.53,103.1,3,11,119,47,3,2,5,14,RP,34,473,111,13.9,10.36,4.09,9.67,1.74,19.701371408634095,0.004639992233680057,11,1.0,-9.0,5,6,0,0,0.0,4.55921816776069,0.0308959896348234,0.2964509394572025,0.14821763602251406,0.07129455909943715,0.49375,0.344453125,0.2653061224489796,4.443,0.35475629197471314
681198,Tj Rumfield,L,COL,4,Walker Buehler,R,621111,824307,SD @ COL,5:40 PM,15/09,Scheduled,0.7049192088289757,,,,False,1111100111,estimated,2,1,0.5,0,0,0.36719694544914416,0.35594782753143467,0.29657289570991296,0.42388688051840656,0.1090448139689291,20,1,0.025054487241306156,1.148,60.7,C,0.2630241423125794,2.2392671562146664,0.3662463459540341,0.21207726482789663,20,6,0,0.2805755395683453,0.30563002680965146,0.6441326530612245,0.2572278911564626,0.09863945578231292,0.3021088769004414,0.26736672051696286,0.255663430420712,0.2846920521339126,0.2786885245901639,352,0.3285024154589372,241,True,False,0.6651271212272032,0.03979208760177255,3.5310344827586206,4.089655172413793,145,,,,,,,0.20720171423419662,20,4.61,1.36,138.2,8,6,121,53,0,0,0,29,SP,29,588,135,20.3,7.85,3.44,8.76,1.23,19.92362534565838,-0.022644208828975776,4,0.5,25.0,7,7,0,0,0.0,4.417801718806631,0.17771824896403232,0.3058823529411765,0.13306451612903225,0.12298387096774194,0.2525533890436398,0.30203834726090995,0.2745762711864407,4.16,0.30066065871050446
593428,Xander Bogaerts,R,SD,5,Kyle Freeland,L,607536,824307,SD @ COL,5:40 PM,15/09,Scheduled,0.6984121756855309,,,,False,1101011101,estimated,12,6,0.5,1,2023,0.24020412958562576,0.27195187287131734,0.4500312307735063,0.2991787463258754,0.18644931532707723,20,1,0.08381384697174174,1.148,56.7,C,0.2766699900299103,3.707709768966293,0.40858502389515705,0.18495301949229156,20,27,0,0.27972027972027974,0.195906432748538,0.5443668993020937,0.32153539381854435,0.13409770687936193,0.22939759036144577,0.21512605042016808,0.2202020202020202,0.2234607218683652,0.23745819397993312,340,0.1935483870967742,225,False,False,0.6012445780030116,0.09716759768251937,3.415492957746479,3.9788732394366195,142,,,,,,,-0.034093591476689805,20,6.37,1.46,124.1,4,10,103,28,0,0,0,23,SP,23,554,153,24.1,7.46,2.03,11.08,1.74,24.568469991871527,-0.021712175685530855,7,0.7,1.0,6,6,0,0,0.0,4.046452278416436,0.11663599041909492,0.21588089330024815,0.19238900634249473,0.1226215644820296,0.4139423076923077,0.3012393162393162,0.30563002680965146,4.026,0.3648916976534297
650333,Luis Arráez,L,PHI,4,Jackson Kent,L,800600,822683,PHI @ WSH,3:45 PM,15/09,Scheduled,0.6982758138480222,,,,False,1110111100,estimated,0,0,0.0,0,0,0.2453665555470236,0.24306854799767397,0.14159875177500908,0.2453665555470236,0.03077477711902545,20,2,0.07425750913899698,1.04,22.4,F,0.2514506769825919,1.1923797575469213,0.4184319335112172,0.17678662073972387,6,6,0,0.36879432624113473,0.29453681710213775,0.4506769825918762,0.3346228239845261,0.21470019342359767,0.34723707664884135,0.3221343873517787,0.3083778966131907,0.3357581268470107,0.36227544910179643,358,0.2412280701754386,256,False,True,0.6641387698351514,0.034137044012870765,3.9858156028368796,4.3546099290780145,141,,,,,,,0.13355019382868602,20,6.59,1.83,27.1,1,4,23,20,0,0,0,6,SP,6,129,30,21.5,7.57,6.59,9.88,0.33,21.50202648960159,0.004149186151977902,8,0.8888888888888888,3.0,7,6,0,0,0.0,4.004594325546125,0.02190523546122579,0.3179916317991632,0.04206500956022945,0.03824091778202677,0.19364035087719297,0.30142763157894736,0.2692307692307692,4.16,0.30724007808414366
802415,Chandler Simpson,L,TB,5,Jack Perkins,R,678022,822925,ATH @ TB,3:40 PM,15/09,Scheduled,0.6977074829110704,,,,False,0101110011,estimated,0,0,0.0,0,0,0.26782144406721575,0.30507221182048455,0.14737519410259986,0.2829553642369679,0.046793891521464535,20,2,0.05571310410020086,0.96,56.3,C,0.291958985429034,2.109592150000326,0.38284539320908534,0.24545075090137575,20,7,0,0.2619047619047619,0.3176178660049628,0.5002763957987839,0.3156440022111664,0.18407960199004975,0.3087557603686636,0.2864385297845374,0.2658486707566462,0.29815455594002305,0.3194888178913738,337,0.2824074074074074,236,False,False,0.692069012410549,0.005638470500521464,3.8613138686131387,4.182481751824818,137,,,,,,,0.21641061649157745,20,6.53,1.53,103.1,3,11,119,47,3,2,5,14,RP,34,473,111,13.9,10.36,4.09,9.67,1.74,19.701371408634095,-0.004143846547433938,11,1.0,-9.0,5,6,0,0,0.0,4.261262671459535,0.047888430513776836,0.2952586206896552,0.08366533864541832,0.043824701195219126,0.13408372827804108,0.27881022906793046,0.27314814814814814,4.026,0.35475629197471314
691406,Junior Caminero,R,TB,3,Jack Perkins,R,678022,822925,ATH @ TB,3:40 PM,15/09,Scheduled,0.6977074829110704,-245.0,257.0,71.0,False,0110110111,estimated,0,0,0.0,0,0,0.26849989032710403,0.3281930590333898,0.45054695575323117,0.3366943819955896,0.14706406215693688,20,2,0.013166535855584582,0.96,56.3,C,0.291958985429034,2.109592150000326,0.38284539320908534,0.24545075090137575,20,7,0,0.2684563758389262,0.28162291169451076,0.5002763957987839,0.3156440022111664,0.18407960199004975,0.3023850085178876,0.27238805970149255,0.3092485549132948,0.2936558455336304,0.3031161473087819,390,0.2372093023255814,259,False,False,0.692069012410549,0.005638470500521464,3.8378378378378377,4.385135135135135,148,,,,,,,0.14372890304149197,20,6.53,1.53,103.1,3,11,119,47,3,2,5,14,RP,34,473,111,13.9,10.36,4.09,9.67,1.74,19.701371408634095,-0.0038711192747067358,11,1.0,-9.0,5,6,0,0,0.0,4.404784003597784,0.049273119217476284,0.2841409691629956,0.18666666666666668,0.09142857142857143,0.5117041198501873,0.3444691011235955,0.2653061224489796,4.251,0.35475629197471314
686527,Dominic Canzone,L,SEA,2,Ryan Johnson,R,696270,823980,SEA @ LAA,6:38 PM,15/09,Scheduled,0.6975170592942576,,,,False,1111011111,estimated,0,0,0.0,0,0,0.26807858271874113,0.3542172556738038,0.4737796304676914,0.3822032449362612,0.2560443996400803,20,1,0.0123856927885172,0.979,55.3,C,0.27010309278350514,1.5735132024146703,0.35030692914148265,0.1761265159403403,19,6,0,0.24528301886792453,0.25766871165644173,0.5690721649484536,0.21512027491408936,0.21580756013745706,0.2517289073305671,0.235,0.22331460674157302,0.23866498740554157,0.23921568627450981,285,0.2768361581920904,195,False,False,0.6592940191942532,0.038223040100004324,3.2238805970149254,3.582089552238806,134,,,,,,,0.07721041596938906,20,5.12,1.36,84.1,4,8,63,39,0,0,0,16,SP,19,363,76,19.1,6.72,4.16,8.11,1.92,20.267451985925113,-0.04707420215140046,7,0.7777777777777778,-12.0,6,7,0,0,0.0,4.477875672118067,0.03196149662143146,0.26208651399491095,0.21967963386727687,0.08009153318077804,0.4436026936026936,0.35200673400673405,0.24598930481283424,4.352,0.33908816012929044
671277,Luis García,L,NYY,3,Bailey Ober,R,641927,823654,NYY @ MIN,4:40 PM,15/09,Scheduled,0.693419646742156,,,,False,0101111100,estimated,0,0,0.0,0,0,0.27072271085144184,0.3547402560867576,0.5514561904515383,0.3633982348463195,0.22260656230860093,20,1,0.018967397891164695,1.022,56.7,C,0.2567783094098884,2.425593587980119,0.38093924991988537,0.17579710379217514,20,9,0,0.2702702702702703,0.289237668161435,0.3487506645401382,0.31153641679957467,0.3397129186602871,0.24553039332538737,0.25093984962406013,0.26429341963322545,0.2518357356540658,0.2676056338028169,299,0.3165829145728643,209,False,False,0.6746439272326996,0.018775719509456334,3.5,3.681159420289855,138,,,,,,,0.03808538715181153,20,4.28,1.25,117.2,7,5,85,34,0,0,0,22,SP,22,498,113,22.6,6.5,2.6,8.64,1.38,22.681450920734907,-0.0077863134088225205,3,0.375,-5.0,7,7,0,0,0.0,3.7249685841526166,0.023311766241488955,0.29691211401425177,0.17607223476297967,0.045146726862302484,0.4757045675413022,0.3551880466472303,0.2366412213740458,4.251,0.3223238495233071
691718,Pete Crow-Armstrong,L,CHC,1,Martín Pérez,L,527048,824627,ATL @ CHC,4:40 PM,15/09,Scheduled,0.6931871478456859,-203.0,223.0,67.0,False,1111111001,estimated,0,0,0.0,0,0,0.2833660798862174,0.4692859623563473,0.5417140404768048,0.36458294732034413,0.2354133843356705,20,1,0.019779732426639107,0.983,55.9,C,0.27189605389797883,1.6288877015242367,0.33900938893086335,0.18135112865921443,20,5,0,0.294478527607362,0.2746987951807229,0.6154216867469879,0.0746987951807229,0.30987951807228914,0.2540983606557377,0.2635486265775798,0.3050632911392405,0.2657236126224157,0.26785714285714285,384,0.2975206611570248,288,False,False,0.6592940191942532,0.03389312865143268,3.8533333333333335,4.48,150,,,,,,,0.031032784350325724,20,3.08,1.25,131.2,8,9,98,56,0,0,0,24,SP,28,547,108,19.5,6.7,3.83,7.38,0.89,21.24367612935044,-0.031099647845685974,8,0.8888888888888888,16.0,7,6,0,0,0.0,4.609434388478945,0.07419310103992756,0.2875536480686695,0.2550091074681239,0.11657559198542805,0.49182004089979553,0.3894314928425358,0.25,4.443,0.31030966978124047
696100,Hunter Goodman,R,COL,3,Walker Buehler,R,621111,824307,SD @ COL,5:40 PM,15/09,Scheduled,0.6923491827733154,,,,False,1010100011,estimated,0,0,0.0,0,0,0.1836993571709672,0.25160612385619935,0.4137893260458459,0.2432033127417893,0.20475113810575687,20,1,0.012196718858147687,1.148,60.7,C,0.2630241423125794,2.2392671562146664,0.3662463459540341,0.21207726482789663,20,6,0,0.23699421965317918,0.24919093851132687,0.6441326530612245,0.2572278911564626,0.09863945578231292,0.2194871794871795,0.22179289026275115,0.21956087824351297,0.22095490716180372,0.20714285714285716,316,0.297029702970297,220,False,False,0.6443250358191969,0.048024146954118496,3.7364341085271318,4.155038759689923,129,,,,,,,-0.2094965753498489,20,4.61,1.36,138.2,8,6,121,53,0,0,0,29,SP,29,588,135,20.3,7.85,3.44,8.76,1.23,19.92362534565838,0.006975817226684611,4,0.5,25.0,7,7,0,0,0.0,4.222769645870532,0.0754583835695675,0.24384787472035793,0.3132530120481928,0.0783132530120482,0.4523482245131729,0.34585704467353956,0.2317596566523605,4.251,0.30066065871050446
808982,Jung Hoo Lee,L,SF,6,Andre Pallante,R,669467,823007,SF @ STL,4:45 PM,15/09,Scheduled,0.6923491827733154,,,,False,1011010101,estimated,6,2,0.3333333333333333,1,2025,0.2153981657275287,0.3530803580106652,0.439059960285023,0.22214197811138495,0.0655764463737305,20,1,0.03044501278772377,1.031,62.1,C,0.26745662293694455,2.1464966858510466,0.3230099535895921,0.1588770133107207,20,6,0,0.256,0.2864450127877238,0.5035971223021583,0.46804909013965296,0.028353787558188744,0.26993865030674846,0.2573599240265907,0.28794642857142855,0.2684268426842684,0.2569444444444444,307,0.30701754385964913,248,False,False,0.6676429167500695,0.024706266023245882,3.7664233576642334,4.0510948905109485,137,,,,,,,-0.010174831874189173,20,3.45,1.23,146.0,12,6,102,45,0,0,0,26,SP,26,602,135,23.2,6.29,2.77,8.32,0.62,22.981044433656702,-0.010389182773315464,5,0.5555555555555556,12.0,6,6,0,0,0.0,3.9069578873849116,0.06634486333251138,0.289760348583878,0.09164969450101833,0.04276985743380855,0.3140096618357488,0.3259993961352657,0.25573770491803277,3.896,0.3425594092626681
694192,Jackson Chourio,R,MIL,1,Lake Bachar,R,669199,823333,MIL @ PIT,3:40 PM,15/09,Scheduled,0.6923491827733154,-233.0,245.0,70.0,False,0110111110,estimated,0,0,0.0,0,0,0.3313948990564971,0.3845654558489258,0.49960320232087696,0.39335923536739514,0.2058238781443493,20,2,-0.06609857208659603,1.013,78.2,B,0.29632465543644715,2.1229732014167575,0.2320449123163905,0.25652631769581696,20,6,0,0.33532934131736525,0.2692307692307692,0.3432950191570881,0.5777777777777777,0.0789272030651341,0.2703423743886172,0.3160415003990423,0.26939655172413796,0.2849962302085951,0.3028169014084507,310,0.27692307692307694,215,False,False,0.6925886241244795,-0.0002394413511641602,4.165217391304348,4.565217391304348,115,,,,,,,-0.03080305132832203,20,3.52,1.1,79.1,1,3,83,33,2,1,3,9,RP,48,325,54,6.8,9.42,3.74,6.13,1.47,7.542049119597936,0.006387180863048458,11,1.0,-29.0,6,5,0,0,1.0,4.826341537837806,0.058707220249545354,0.29494949494949496,0.23105360443622922,0.066543438077634,0.48081081081081084,0.3454662162162162,0.16,4.443,0.2755785142764188
700250,Ben Rice,L,NYY,1,Bailey Ober,R,641927,823654,NYY @ MIN,4:40 PM,15/09,Scheduled,0.6923491827733154,-194.0,223.0,66.0,False,1110001111,estimated,0,0,0.0,0,0,0.3757367637544963,0.3526388313479343,0.467341477441275,0.4701529444436297,0.1825627442229387,20,1,-0.013249334285899805,1.022,56.7,C,0.2567783094098884,2.425593587980119,0.38093924991988537,0.17579710379217514,20,9,0,0.27167630057803466,0.25842696629213485,0.3487506645401382,0.31153641679957467,0.3397129186602871,0.25513616817964646,0.2383838383838384,0.233201581027668,0.2460973370064279,0.246875,365,0.28708133971291866,248,False,False,0.6616051018487616,0.03074408092455372,3.7253521126760565,4.316901408450704,142,,,,,,,0.21923120689915956,20,4.28,1.25,117.2,7,5,85,34,0,0,0,22,SP,22,498,113,22.6,6.5,2.6,8.64,1.38,22.681450920734907,-0.015615849439981955,3,0.375,-5.0,7,7,0,0,0.0,4.395075637477408,0.13758669840286367,0.24838012958963282,0.24427480916030533,0.09732824427480916,0.45746268656716416,0.36171940298507466,0.2366412213740458,4.443,0.3223238495233071
669242,Tommy Edman,L,LAD,1,Rhett Lowder,R,695076,824466,LAD @ CIN,3:40 PM,15/09,Scheduled,0.6923491827733154,,,,False,0110000000,estimated,0,0,0.0,0,0,0.142339001727804,0.24014894848836307,0.27307007280312057,0.19810577798254903,0.19276601168190471,20,1,0.04169884169884172,1.083,33.7,F,0.2606177606177606,1.7394878415909547,0.41572867187593343,0.1625618529606195,20,6,0,0.22857142857142856,0.2702702702702703,0.5004840271055179,0.2933204259438529,0.20619554695062922,0.23249027237354086,0.19375,0.24331550802139038,0.22476089266737515,0.25517241379310346,162,0.25,124,False,False,0.6429902602013757,0.049358922571939634,3.513888888888889,3.9722222222222223,72,,,,,,,-0.30306205523912083,20,5.81,1.53,119.1,6,10,94,49,0,0,0,23,SP,26,541,133,20.8,7.09,3.7,10.03,1.28,20.82351141813287,-0.041532516106648654,6,0.75,11.0,7,6,0,0,0.0,4.156029790264195,0.06858720475132216,0.23201856148491878,0.20416666666666666,0.0625,0.37012012012012013,0.31978078078078076,0.2664359861591695,4.443,0.36022902194476353
571970,Max Muncy,L,LAD,3,Rhett Lowder,R,695076,824466,LAD @ CIN,3:40 PM,15/09,Scheduled,0.6923491827733154,,,,False,0011111100,estimated,0,0,0.0,0,0,0.2690613373008082,0.29090833960199475,0.5049865839945525,0.3244979861603194,0.27733658409754947,20,1,-0.0019273535952557541,1.083,33.7,F,0.2606177606177606,1.7394878415909547,0.41572867187593343,0.1625618529606195,20,6,0,0.25263157894736843,0.2507042253521127,0.5004840271055179,0.2933204259438529,0.20619554695062922,0.2615484710474951,0.21821164889253486,0.23687752355316286,0.24079885877318116,0.268,285,0.23,232,False,False,0.6250577604715654,0.06729142230175,3.3088235294117645,3.801470588235294,136,,,,,,,-0.028568489961794813,20,5.81,1.53,119.1,6,10,94,49,0,0,0,23,SP,26,541,133,20.8,7.09,3.7,10.03,1.28,20.82351141813287,-0.05596584943998195,6,0.75,11.0,7,6,0,0,0.0,4.0683371990496955,0.13218341635274983,0.2608695652173913,0.2345132743362832,0.1172566371681416,0.4666666666666667,0.3293578947368421,0.2664359861591695,4.251,0.36022902194476353
607208,Trea Turner,R,PHI,2,Jackson Kent,L,800600,822683,PHI @ WSH,3:45 PM,15/09,Scheduled,0.6898702126906588,-233.0,245.0,70.0,False,1111110011,estimated,0,0,0.0,0,0,0.23239595023795645,0.2357121756646084,0.29222206114932353,0.2872438774027447,0.2103180270875453,20,2,0.014615764764022737,1.04,22.4,F,0.2514506769825919,1.1923797575469213,0.4184319335112172,0.17678662073972387,6,6,0,0.24882629107981222,0.23421052631578948,0.4506769825918762,0.3346228239845261,0.21470019342359767,0.2283763277693475,0.2227122381477398,0.2504258943781942,0.2284978200554895,0.2398921832884097,398,0.23873873873873874,243,False,True,0.6449552351831344,0.04491497750752449,4.118055555555555,4.451388888888889,144,,,,,,,0.12688592638469484,20,6.59,1.83,27.1,1,4,23,20,0,0,0,6,SP,6,129,30,21.5,7.57,6.59,9.88,0.33,21.50202648960159,-0.03080771269065885,8,0.8888888888888888,3.0,7,6,0,0,0.0,4.374224528753412,0.05181553110670268,0.2404040404040404,0.21910112359550563,0.05805243445692884,0.4052028218694885,0.3144259259259259,0.27710843373493976,4.352,0.30724007808414366
677594,Julio Rodríguez,R,SEA,3,Ryan Johnson,R,696270,823980,SEA @ LAA,6:38 PM,15/09,Scheduled,0.6893575434314224,,,,False,0010111110,estimated,0,0,0.0,0,0,0.2001088940449497,0.3627655784461526,0.6310589676000896,0.27045376319702896,0.2642363132107094,20,1,0.012159090909090925,0.979,55.3,C,0.27010309278350514,1.5735132024146703,0.35030692914148265,0.1761265159403403,19,6,0,0.235,0.2471590909090909,0.5690721649484536,0.21512027491408936,0.21580756013745706,0.22727272727272727,0.2375,0.2255772646536412,0.23033067274800456,0.24489795918367346,371,0.23923444976076555,236,False,False,0.6549132577952387,0.034444285636183736,3.971223021582734,4.366906474820144,139,,,,,,,0.01524106592901511,20,5.12,1.36,84.1,4,8,63,39,0,0,0,16,SP,19,363,76,19.1,6.72,4.16,8.11,1.92,20.267451985925113,-0.053043257717136694,7,0.7777777777777778,-12.0,6,7,0,0,0.0,4.478119566232863,0.06727883358721569,0.24791666666666667,0.21946564885496184,0.0648854961832061,0.45388127853881277,0.3602068493150685,0.23255813953488372,4.251,0.33908816012929044
547180,Bryce Harper,L,PHI,3,Jackson Kent,L,800600,822683,PHI @ WSH,3:45 PM,15/09,Scheduled,0.687910010965847,-170.0,194.0,63.0,False,0100110111,estimated,0,0,0.0,0,0,0.31736291069738976,0.4204471489610371,0.4981031751331607,0.46616767977127677,0.2699426073114342,20,2,-0.0978835978835979,1.04,22.4,F,0.2514506769825919,1.1923797575469213,0.4184319335112172,0.17678662073972387,6,6,0,0.21164021164021163,0.30952380952380953,0.4506769825918762,0.3346228239845261,0.21470019342359767,0.26428216592151016,0.23894939141575913,0.3071718538565629,0.26251441753171856,0.281437125748503,392,0.2617801047120419,243,False,True,0.6430933291657469,0.04481668180010012,3.5472972972972974,4.29054054054054,148,,,,,,,0.18628682593391885,20,6.59,1.83,27.1,1,4,23,20,0,0,0,6,SP,6,129,30,21.5,7.57,6.59,9.88,0.33,21.50202648960159,-0.022410010965846938,8,0.8888888888888888,3.0,7,6,0,0,0.0,4.161776743089947,0.09554291073266553,0.27380952380952384,0.22330097087378642,0.1650485436893204,0.4595628415300546,0.3807344262295082,0.2692307692307692,4.251,0.30724007808414366
672515,Gabriel Moreno,R,AZ,2,Janson Junk,R,676083,825030,MIA @ AZ,6:40 PM,15/09,Scheduled,0.687910010965847,,,,False,1111101111,estimated,0,0,0.0,0,0,0.2742256594331458,0.2966935230837899,0.40166152591846266,0.3635666840417023,0.19608493090891163,20,1,0.043401759530791784,1.0,48.3,D,0.24560408394781622,2.1382241136986426,0.3848925533459124,0.12998588870082287,20,6,0,0.2727272727272727,0.3161290322580645,0.3798977853492334,0.43668370244179444,0.18341851220897218,0.3030449492508458,0.2817631806395851,0.2925764192139738,0.29338731443994603,0.2845849802371542,286,0.33146067415730335,215,False,False,0.6755772295245038,0.012332781441343199,3.6218487394957983,4.2100840336134455,119,,,,,,,-0.10583899966010885,20,4.54,1.32,111.0,6,9,74,30,0,0,0,22,SP,23,472,117,20.5,6.0,2.43,9.49,1.05,19.098436609664663,-0.001260010965847047,4,0.4444444444444444,7.0,6,6,0,0,0.0,4.332437111636516,0.08879328757648537,0.30484988452655887,0.1497005988023952,0.10778443113772455,0.42616387337057726,0.34229748603351956,0.22699386503067484,4.352,0.33543550822257623
664761,Alec Bohm,R,PHI,5,Jackson Kent,L,800600,822683,PHI @ WSH,3:45 PM,15/09,Scheduled,0.6867186618957567,,,,False,1101011011,estimated,0,0,0.0,0,0,0.2522571273327486,0.3642077849047554,0.5907544197023351,0.33141388597859517,0.17945578283278352,20,2,0.028311849405769668,1.04,22.4,F,0.2514506769825919,1.1923797575469213,0.4184319335112172,0.17678662073972387,6,6,0,0.26627218934911245,0.23796033994334279,0.4506769825918762,0.3346228239845261,0.21470019342359767,0.22472885032537962,0.22262443438914026,0.2599388379204893,0.22727272727272727,0.24503311258278146,327,0.25,251,False,True,0.6704717234531957,0.016246938442560976,3.7285714285714286,4.128571428571429,140,,,,,,,0.062060798332562984,20,6.59,1.83,27.1,1,4,23,20,0,0,0,6,SP,6,129,30,21.5,7.57,6.59,9.88,0.33,21.50202648960159,-0.015668661895756775,8,0.8888888888888888,3.0,7,6,0,0,0.0,4.146826187644361,0.09495457094978121,0.26339285714285715,0.1431451612903226,0.06854838709677419,0.4442970822281167,0.31944385499557915,0.27710843373493976,4.026,0.30724007808414366
677951,Bobby Witt,R,KC,2,Hunter Brown,R,686613,824143,KC @ HOU,5:10 PM,15/09,Scheduled,0.6867085538183216,-178.0,194.0,64.0,False,0111001011,estimated,9,3,0.3333333333333333,1,2023,0.21355342226052787,0.3577743741837417,0.5641237805325289,0.3335541417022173,0.18804382680849846,20,2,0.03126132656759695,0.998,71.5,B,0.2959731543624161,2.4028671676847035,0.37422343592300583,0.256401733129974,16,6,0,0.25806451612903225,0.2893258426966292,0.6154362416107383,0.2859060402684564,0.09865771812080537,0.2620050547598989,0.26159420289855073,0.270935960591133,0.2633093525179856,0.2897196261682243,350,0.2631578947368421,231,False,False,0.6867085538183216,0.0,3.900763358778626,4.435114503816794,131,,,,,,,0.2522884045747256,20,3.52,1.3,92.0,5,3,100,46,0,0,0,17,SP,17,386,74,22.7,9.78,4.5,7.24,1.08,23.057983048808584,0.0019057318959639913,7,1.0,1.0,7,5,0,0,-1.0,4.556672910315593,0.0739160716519483,0.28085106382978725,0.16917293233082706,0.08834586466165413,0.5107456140350878,0.3705701754385965,0.23308270676691728,4.352,0.3051938336156547
672695,Geraldo Perdomo,L,AZ,3,Janson Junk,R,676083,825030,MIA @ AZ,6:40 PM,15/09,Scheduled,0.6828890574814931,,,,False,1011010110,estimated,0,0,0.0,0,0,0.28922755616174245,0.29788528345106674,0.29477388292595413,0.3702842872140345,0.11838162115488708,20,1,-0.06271461802606804,1.0,48.3,D,0.24560408394781622,2.1382241136986426,0.3848925533459124,0.12998588870082287,20,6,0,0.2945205479452055,0.23180592991913745,0.3798977853492334,0.43668370244179444,0.18341851220897218,0.25357142857142856,0.2659963436928702,0.2589395807644883,0.25716104392106937,0.275,382,0.20812182741116753,244,False,False,0.6428494298465756,0.04003962763491753,3.56551724137931,4.317241379310345,145,,,,,,,0.06587693058948828,20,4.54,1.32,111.0,6,9,74,30,0,0,0,22,SP,23,472,117,20.5,6.0,2.43,9.49,1.05,19.098436609664663,-0.021514057481493043,4,0.4444444444444444,7.0,6,6,0,0,0.0,4.227005846704155,0.12376156820152918,0.2465437788018433,0.1206896551724138,0.1360153256704981,0.3198562443845463,0.302707097933513,0.2962962962962963,4.251,0.33543550822257623
668227,Randy Arozarena,R,SEA,1,Ryan Johnson,R,696270,823980,SEA @ LAA,6:38 PM,15/09,Scheduled,0.6821783676382949,-178.0,212.0,64.0,False,0111101111,estimated,0,0,0.0,0,0,0.3054939719825084,0.2873099777773773,0.39851873958239137,0.40285680824097303,0.20915214691787531,20,1,-0.027477350387159483,0.979,55.3,C,0.27010309278350514,1.5735132024146703,0.35030692914148265,0.1761265159403403,19,6,0,0.2956989247311828,0.26822157434402333,0.5690721649484536,0.21512027491408936,0.21580756013745706,0.25296442687747034,0.239568345323741,0.26251896813353565,0.25049008930516226,0.259375,383,0.3062200956937799,235,False,False,0.653680998518024,0.0284973691202709,3.7253521126760565,4.352112676056338,142,,,,,,,0.03918169210703718,20,5.12,1.36,84.1,4,8,63,39,0,0,0,16,SP,19,363,76,19.1,6.72,4.16,8.11,1.92,20.267451985925113,-0.04892122478115202,7,0.7777777777777778,-12.0,6,7,0,0,0.0,4.526581093287552,0.07776108314020666,0.27111111111111114,0.22709923664122136,0.0916030534351145,0.4225075528700906,0.343261329305136,0.23255813953488372,4.443,0.33908816012929044
624413,Pete Alonso,R,BAL,1,Sean Manaea,L,640455,823574,BAL @ NYM,4:10 PM,15/09,Scheduled,0.6807430696103048,-163.0,194.0,62.0,False,0010110110,estimated,0,0,0.0,0,0,0.24300405026939362,0.36498660002528416,0.4467762534050976,0.35519122067460623,0.23408917217894085,20,1,0.019180309166619114,0.949,55.7,C,0.27391109115401885,3.529232233966364,0.423416194342463,0.20797262465345367,20,7,0,0.28191489361702127,0.26273458445040215,0.6506511001347104,0.305792546026044,0.04355635383924562,0.25963718820861675,0.27412415488629377,0.2992957746478873,0.2691036761668732,0.2857142857142857,388,0.24311926605504589,265,False,False,0.6641311068153245,0.01661196279498034,3.74,4.3533333333333335,150,,,,,,,0.017302626489179712,20,4.79,1.34,133.1,5,7,126,41,0,0,0,16,SP,30,582,138,19.4,8.51,2.77,9.32,1.42,23.82920214645919,-0.022143069610304766,8,0.8888888888888888,-7.0,7,6,0,0,0.0,4.490432856874098,0.153241484251603,0.28314606741573034,0.23653846153846153,0.1076923076923077,0.5641821946169772,0.4115714285714286,0.2752808988764045,4.443,0.3382446126252338
666018,Jonathan Aranda,L,TB,2,Jack Perkins,R,678022,822925,ATH @ TB,3:40 PM,15/09,Scheduled,0.6807430696103048,-178.0,194.0,64.0,False,0111100111,estimated,0,0,0.0,0,0,0.2561044269306276,0.31583340081442485,0.4806340220652519,0.3790882012243755,0.22613293693741476,20,2,0.018657298985167825,0.96,56.3,C,0.291958985429034,2.109592150000326,0.38284539320908534,0.24545075090137575,20,7,0,0.26229508196721313,0.28095238095238095,0.5002763957987839,0.3156440022111664,0.18407960199004975,0.25083166999334666,0.23828920570264767,0.2679738562091503,0.2499459926550011,0.26666666666666666,377,0.29245283018867924,248,False,False,0.6800768869080155,0.000666182702289353,3.763888888888889,4.340277777777778,144,,,,,,,0.05953291474639871,20,6.53,1.53,103.1,3,11,119,47,3,2,5,14,RP,34,473,111,13.9,10.36,4.09,9.67,1.74,19.701371408634095,0.0014478394806043404,11,1.0,-9.0,5,6,0,0,0.0,4.239462107916622,0.08680902797770502,0.28665207877461707,0.2335907335907336,0.08301158301158301,0.454265873015873,0.35906770833333335,0.27314814814814814,4.352,0.35475629197471314
606192,Teoscar Hernández,R,LAD,5,Rhett Lowder,R,695076,824466,LAD @ CIN,3:40 PM,15/09,Scheduled,0.6790167087659574,,,,False,1111111001,estimated,0,0,0.0,0,0,0.37460127447798025,0.4633877298037817,0.5673774228018746,0.5018508625038032,0.24343221950576566,20,1,-0.06025333789798015,1.083,33.7,F,0.2606177606177606,1.7394878415909547,0.41572867187593343,0.1625618529606195,20,6,0,0.30434782608695654,0.2440944881889764,0.5004840271055179,0.2933204259438529,0.20619554695062922,0.2852779474648748,0.27989821882951654,0.22269807280513917,0.275137741046832,0.2747747747747748,247,0.2529411764705882,190,False,False,0.6316104206047539,0.047406288161203514,3.5,3.9017857142857144,112,,,,,,,0.15294351297344452,20,5.81,1.53,119.1,6,10,94,49,0,0,0,23,SP,26,541,133,20.8,7.09,3.7,10.03,1.28,20.82351141813287,-0.05615004209929075,6,0.75,11.0,7,6,0,0,0.0,4.092526074660247,0.12157949631240503,0.26811594202898553,0.2683982683982684,0.08441558441558442,0.4508620689655172,0.34856896551724137,0.28717948717948716,4.026,0.36022902194476353
671056,Iván Herrera,R,STL,1,Blade Tidwell,R,694918,823007,SF @ STL,4:45 PM,15/09,Scheduled,0.6790167087659574,-186.0,212.0,65.0,False,1111110000,estimated,0,0,0.0,0,0,0.1973986281507718,0.3091656564706275,0.4501411918826188,0.2730380596021706,0.18899168541935513,20,1,0.019425513356888358,1.031,46.4,D,0.2685643564356436,2.0020773677476758,0.43811222708820835,0.19029832337379396,15,6,0,0.23121387283236994,0.2506393861892583,0.49814126394052044,0.45724907063197023,0.04460966542750929,0.2249352571217166,0.22715572715572716,0.240625,0.22754125076390302,0.23631123919308358,409,0.25806451612903225,260,False,False,0.6549523673917187,0.02406434137423874,3.785234899328859,4.489932885906041,149,,,,,,,-0.08144589392575535,20,4.82,1.29,46.2,0,2,38,20,1,0,1,7,RP,15,197,40,13.1,7.33,3.86,7.71,1.16,15.289277971745618,-0.007400042099290793,6,0.6,1.0,5,6,0,0,0.0,4.624152380319785,0.11165570477853409,0.24891774891774893,0.19144981412639406,0.09479553903345725,0.391272051996286,0.31061977715877437,0.175,4.443,0.3159703544990549
663538,Nico Hoerner,R,CHC,6,Martín Pérez,L,527048,824627,ATL @ CHC,4:40 PM,15/09,Scheduled,0.6790167087659574,,,,False,1110111101,estimated,0,0,0.0,0,0,0.29553157497298715,0.33962987908257486,0.32433756430480565,0.3157751644748972,0.07692886668089831,20,1,-0.012390475788644661,0.983,55.9,C,0.27189605389797883,1.6288877015242367,0.33900938893086335,0.18135112865921443,20,5,0,0.26011560693641617,0.2725060827250608,0.6154216867469879,0.0746987951807229,0.30987951807228914,0.25789701427953265,0.25533596837944667,0.23421588594704684,0.2546614327772326,0.26851851851851855,356,0.2692307692307692,286,False,False,0.6676429167500695,0.011373792015887951,3.9727891156462585,4.36734693877551,147,,,,,,,0.13502446011242883,20,3.08,1.25,131.2,8,9,98,56,0,0,0,24,SP,28,547,108,19.5,6.7,3.83,7.38,0.89,21.24367612935044,-0.014329208765957446,8,0.8888888888888888,16.0,7,6,0,0,0.0,4.148433189719744,0.008896579503926109,0.26004228329809725,0.0854368932038835,0.05825242718446602,0.2982128982128982,0.33393123543123543,0.2125748502994012,3.896,0.31030966978124047
661388,William Contreras,R,MIL,3,Lake Bachar,R,669199,823333,MIL @ PIT,3:40 PM,15/09,Scheduled,0.6790167087659574,-178.0,194.0,64.0,False,1101101111,estimated,0,0,0.0,0,0,0.343845209646676,0.34118082698633556,0.5209013607903832,0.43327137323120346,0.1985567048287772,20,3,-0.04323650656696387,1.013,78.2,B,0.29632465543644715,2.1229732014167575,0.2320449123163905,0.25652631769581696,20,6,0,0.3005464480874317,0.2573099415204678,0.3432950191570881,0.5777777777777777,0.0789272030651341,0.28106095858538854,0.2431561996779388,0.28952772073921973,0.27176984330850246,0.27419354838709675,350,0.26976744186046514,242,False,False,0.6861958845590851,-0.007179175793127657,3.860294117647059,4.352941176470588,136,,,,,,,0.15994437288864313,20,3.52,1.1,79.1,1,3,83,33,2,1,3,9,RP,48,325,54,6.8,9.42,3.74,6.13,1.47,7.542049119597936,0.009274200324951742,11,1.0,-29.0,6,5,0,0,1.0,4.701560599060358,0.09278801852086432,0.2673913043478261,0.15028901734104047,0.08092485549132948,0.4400523560209424,0.30905497382198954,0.16,4.251,0.2755785142764188
805811,Bryce Eldridge,L,SF,3,Andre Pallante,R,669467,823007,SF @ STL,4:45 PM,15/09,Scheduled,0.6785383400698818,,,,False,1111111011,estimated,0,0,0.0,0,0,0.325803065100456,0.4245574981201592,0.4962503531447845,0.5160749628125576,0.2907374735512877,20,1,-0.075634341327772,1.031,62.1,C,0.26745662293694455,2.1464966858510466,0.3230099535895921,0.1588770133107207,20,6,0,0.3238095238095238,0.24817518248175183,0.5035971223021583,0.46804909013965296,0.028353787558188744,0.2762541806020067,0.2654377880184332,0.2202020202020202,0.2642857142857143,0.28169014084507044,244,0.25301204819277107,194,False,False,0.6178771524406598,0.06066118762922201,3.6095238095238096,4.171428571428572,105,,,,,,,0.0878279131081036,20,3.45,1.23,146.0,12,6,102,45,0,0,0,26,SP,26,602,135,23.2,6.29,2.77,8.32,0.62,22.981044433656702,-0.030518340069881744,5,0.5555555555555556,12.0,6,6,0,0,0.0,4.500944202695158,0.128370340352374,0.254320987654321,0.27848101265822783,0.13291139240506328,0.528998778998779,0.3667326007326007,0.25573770491803277,4.251,0.3425594092626681
643446,Jeff Mcneil,L,ATH,2,Griffin Jax,R,643377,822925,ATH @ TB,3:40 PM,15/09,Scheduled,0.6770972113379751,,,,False,1111011101,estimated,0,0,0.0,0,0,0.27247049085617225,0.30110638424775965,0.24090886615496998,0.2939797389268918,0.0880669905065044,20,2,-0.005498495694574113,0.96,65.6,B,0.30688524590163935,3.587293657900245,0.4178292191353623,0.24782184581246472,20,6,0,0.2716049382716049,0.2661064425770308,0.4297956493078444,0.34014502307185235,0.23005932762030323,0.2503192848020434,0.22171945701357465,0.2397003745318352,0.24190064794816415,0.264,269,0.2712765957446808,208,False,False,0.6867085538183216,-0.009611342480346563,3.3181818181818183,3.6136363636363638,132,,,,,,,0.005377487058876464,20,3.99,1.24,99.1,7,10,103,33,0,2,2,20,SP,31,413,90,13.3,9.33,2.99,8.15,1.36,19.46536297316057,0.0034327886620247883,10,1.0,13.0,7,5,0,0,3.0,4.44857865921755,0.03316030058870265,0.26865671641791045,0.09839816933638444,0.05263157894736842,0.30167130919220053,0.31549303621169916,0.252212389380531,4.352,0.2565822853914867
694249,Cole Carrigg,L,COL,5,Walker Buehler,R,621111,824307,SD @ COL,5:40 PM,15/09,Scheduled,0.676955009887208,,,,False,1110011001,estimated,0,0,0.0,0,0,0.20432674549939858,0.26675100348320224,0.3659149026798541,0.29603870097632834,0.32762257172940484,20,1,-0.09072268067016753,1.148,60.7,C,0.2630241423125794,2.2392671562146664,0.3662463459540341,0.21207726482789663,20,6,0,0.31007751937984496,0.21935483870967742,0.6441326530612245,0.2572278911564626,0.09863945578231292,0.24772313296903462,0.23367697594501718,0.2331288343558282,0.24,0.26011560693641617,187,0.26126126126126126,136,True,False,0.5992263323884673,0.07772867749874068,3.641025641025641,4.141025641025641,78,,,,,,,0.033113504842930644,20,4.61,1.36,138.2,8,6,121,53,0,0,0,29,SP,29,588,135,20.3,7.85,3.44,8.76,1.23,19.92362534565838,0.0014449901127919773,4,0.5,25.0,7,7,0,0,0.0,4.12058392634328,0.02162344250335592,0.2596491228070175,0.2331288343558282,0.08282208588957055,0.35685805422647526,0.3274497607655502,0.2745762711864407,4.026,0.30066065871050446
641355,Cody Bellinger,L,NYY,2,Bailey Ober,R,641927,823654,NYY @ MIN,4:40 PM,15/09,Scheduled,0.6769278638561108,-194.0,233.0,66.0,False,0111111101,estimated,0,0,0.0,0,0,0.31760540976076007,0.2832396901948891,0.42560863231468277,0.378649706437969,0.12109513848689928,20,1,-0.04705634987384355,1.022,56.7,C,0.2567783094098884,2.425593587980119,0.38093924991988537,0.17579710379217514,20,9,0,0.29878048780487804,0.2517241379310345,0.3487506645401382,0.31153641679957467,0.3397129186602871,0.244824016563147,0.2811816192560175,0.24822695035460993,0.25563030125767766,0.250936329588015,302,0.29411764705882354,216,False,False,0.6646211442523627,0.012306719603748073,3.721311475409836,4.245901639344262,122,,,,,,,0.016963090404572275,20,4.28,1.25,117.2,7,5,85,34,0,0,0,22,SP,22,498,113,22.6,6.5,2.6,8.64,1.38,22.681450920734907,-0.00286119718944422,3,0.375,-5.0,7,7,0,0,0.0,4.160840757491206,0.0066551041800367305,0.2713004484304933,0.1568627450980392,0.10980392156862745,0.37518214936247724,0.3352044626593807,0.2366412213740458,4.352,0.3223238495233071
647304,Josh Naylor,L,SEA,6,Ryan Johnson,R,696270,823980,SEA @ LAA,6:38 PM,15/09,Scheduled,0.6755772295245038,,,,False,1011101110,estimated,0,0,0.0,0,0,0.2797122024642986,0.32486312584867455,0.40607703017653585,0.2868591432523414,0.12106185281238988,20,1,-0.0012195121951219523,0.979,55.3,C,0.27010309278350514,1.5735132024146703,0.35030692914148265,0.1761265159403403,19,6,0,0.2722222222222222,0.27100271002710025,0.5690721649484536,0.21512027491408936,0.21580756013745706,0.2556732223903177,0.2649647887323944,0.24381625441696114,0.2575223637842234,0.25688073394495414,358,0.2927927927927928,243,False,False,0.6646211442523627,0.010956085272141092,3.9214285714285713,4.292857142857143,140,,,,,,,0.0790091962394051,20,5.12,1.36,84.1,4,8,63,39,0,0,0,16,SP,19,363,76,19.1,6.72,4.16,8.11,1.92,20.267451985925113,-0.024362943810218085,7,0.7777777777777778,-12.0,6,7,0,0,0.0,4.240362922428451,0.024119954850049582,0.2942430703624733,0.119140625,0.064453125,0.3663398692810458,0.32591584967320264,0.24598930481283424,3.896,0.33908816012929044
670541,Yordan Álvarez,L,HOU,2,Michael Wacha,R,608379,824143,KC @ HOU,5:10 PM,15/09,Scheduled,0.6737619144011391,-194.0,223.0,66.0,False,0101010100,estimated,0,0,0.0,0,0,0.19423488610965495,0.36239146839063485,0.45858848471239533,0.27181768118891897,0.2562121554079154,20,2,0.06867610001938362,0.998,76.3,B,0.27052785923753664,3.3780694160238274,0.3409864786350497,0.2010983108389033,20,7,0,0.26119402985074625,0.32987012987012987,0.5616287600880411,0.18708730741012472,0.2512839325018342,0.309048178613396,0.29264069264069265,0.36658653846153844,0.3156175125245045,0.34210526315789475,407,0.2542372881355932,227,False,False,0.6711824132963939,0.002579501104745141,3.579310344827586,4.372413793103449,145,,,,,,,-0.06119073660414763,20,3.25,1.11,182.2,9,8,147,48,0,0,0,29,SP,29,736,154,25.4,7.24,2.36,7.59,1.18,25.379722656520325,0.020028085598861045,10,1.0,18.0,7,6,0,0,-1.0,4.231226476126183,0.10000420747919804,0.30697674418604654,0.19348659003831417,0.10344827586206896,0.5457953394123607,0.4108206686930091,0.21608040201005024,4.352,0.3304501533596403
669134,Luis Campusano,R,SD,6,Kyle Freeland,L,607536,824307,SD @ COL,5:40 PM,15/09,Scheduled,0.6724432397668269,,,,False,1010111100,estimated,0,0,0.0,0,0,0.17598428333482485,0.2643623633707802,0.26694422160788894,0.2108171082022315,0.24308243388748546,20,1,0.020607520406797808,1.148,56.7,C,0.2766699900299103,3.707709768966293,0.40858502389515705,0.18495301949229156,20,27,0,0.2830188679245283,0.2624113475177305,0.5443668993020937,0.32153539381854435,0.13409770687936193,0.24778761061946902,0.23026315789473684,0.2751322751322751,0.24830699774266365,0.2616822429906542,125,0.27586206896551724,99,False,False,0.585101612285403,0.08734162748142382,2.9846153846153847,3.4461538461538463,65,,,,,,,-0.0642206815926677,20,6.37,1.46,124.1,4,10,103,28,0,0,0,23,SP,23,554,153,24.1,7.46,2.03,11.08,1.74,24.568469991871527,-0.02818609690968399,7,0.7,1.0,6,6,0,0,0.0,3.9860529199312715,0.07535712792430961,0.2433234421364985,0.21502590673575128,0.11398963730569948,0.4002624671916011,0.29062204724409446,0.30563002680965146,3.896,0.3648916976534297
672640,Otto Lopez,R,MIA,4,Michael Soroka,R,647336,825030,MIA @ AZ,6:40 PM,15/09,Scheduled,0.6714508317466304,,,,False,0111111110,estimated,0,0,0.0,0,0,0.359547442116215,0.346551827326715,0.3969183100456282,0.38967193472656575,0.14687563273784274,20,1,-0.0651615425427941,1.0,59.3,C,0.2710691823899371,3.521271991676913,0.35775928622055,0.2078820686562064,19,6,0,0.35260115606936415,0.28743961352657005,0.5447103274559194,0.33123425692695213,0.12405541561712846,0.32416851441241684,0.2742040285899935,0.313953488372093,0.30544399821508256,0.29295774647887324,385,0.3275862068965517,257,False,False,0.6820457154744332,-0.010594883727802706,3.993197278911565,4.36734693877551,147,,,,,,,0.12229634837485728,20,3.53,1.16,99.1,8,5,95,25,0,0,0,18,SP,19,411,90,21.6,8.61,2.27,8.15,0.63,20.878127884803597,-0.008484165079963857,6,0.75,36.0,7,6,0,0,0.0,4.467390483477262,0.05245351034344611,0.30561330561330563,0.1157495256166983,0.05313092979127135,0.38317460317460317,0.3213083333333333,0.18243243243243243,4.16,0.3106363882892391
691594,Javier Sanoja,R,MIA,6,Michael Soroka,R,647336,825030,MIA @ AZ,6:40 PM,15/09,Scheduled,0.6714508317466304,,,,False,1111111011,estimated,0,0,0.0,0,0,0.3551046400130358,0.3606794840172489,0.38115818014698455,0.37489823594796146,0.058606203948494855,20,1,-0.015067560999319551,1.0,59.3,C,0.2710691823899371,3.521271991676913,0.35775928622055,0.2078820686562064,19,6,0,0.30246913580246915,0.2874015748031496,0.5447103274559194,0.33123425692695213,0.12405541561712846,0.29195402298850576,0.2737789203084833,0.30514705882352944,0.2875318066157761,0.28640776699029125,220,0.3,225,False,False,0.6825583847336696,-0.011107552987039138,3.328,3.56,125,,,,,,,0.05798666641658232,20,3.53,1.16,99.1,8,5,95,25,0,0,0,18,SP,19,411,90,21.6,8.61,2.27,8.15,0.63,20.878127884803597,0.00229916825336951,6,0.75,36.0,7,6,0,0,0.0,4.299216470190825,0.045301681688231114,0.285,0.07692307692307693,0.055944055944055944,0.31834695731153495,0.29123864668483196,0.18243243243243243,3.896,0.3106363882892391
703520,Brett Bateman,L,TOR,1,Drew Anderson,R,623454,822762,DET @ TOR,4:07 PM,15/09,Scheduled,0.6714508317466304,,,,False,1110111101,estimated,0,0,0.0,0,0,0.31525264386950486,0.36486321323482274,0.22983396746584156,0.40623707159314004,0.1992838270098372,20,1,0.13945142271212507,0.995,61.6,C,0.2942295497780596,2.529399538132644,0.3792891752035196,0.22162851038969306,20,7,0,0.23404255319148937,0.37349397590361444,0.4165079365079365,0.273015873015873,0.31047619047619046,0.34522111269614836,0.3383458646616541,0.3125,0.34,0.35443037974683544,91,0.27450980392156865,58,True,False,0.6737619144011391,-0.002311082654508634,4.0625,4.65625,32,,,,,,,0.19721155669575377,20,3.8,1.31,97.0,4,6,105,40,2,6,8,9,RP,47,414,87,8.8,9.74,3.71,8.07,1.3,13.138362946841761,0.003063453967655283,7,0.7,-10.0,7,6,0,0,0.0,4.68828024753953,0.11673353833089367,0.3387096774193548,0.19718309859154928,0.08450704225352113,0.21354166666666666,0.33554687499999997,0.23737373737373738,4.443,0.2987501469839543
665489,Vladimir Guerrero,R,TOR,3,Drew Anderson,R,623454,822762,DET @ TOR,4:07 PM,15/09,Scheduled,0.6706495809435248,-194.0,223.0,66.0,False,1101101110,estimated,0,0,0.0,0,0,0.25483915301712834,0.3461661198079404,0.5174910271681218,0.3280747948079468,0.1669914228815349,20,1,-0.016182269085978362,0.995,61.6,C,0.2942295497780596,2.529399538132644,0.3792891752035196,0.22162851038969306,20,7,0,0.27388535031847133,0.25770308123249297,0.4165079365079365,0.273015873015873,0.31047619047619046,0.26142674070909866,0.2632042253521127,0.25892857142857145,0.2623409669211196,0.2553846153846154,359,0.2751322751322751,220,False,False,0.6829204940952248,-0.012270913151700036,3.7794117647058822,4.257352941176471,136,,,,,,,0.03541003097415426,20,3.8,1.31,97.0,4,6,105,40,2,6,8,9,RP,47,414,87,8.8,9.74,3.71,8.07,1.3,13.138362946841761,0.013350419056475271,7,0.7,-10.0,7,6,0,0,0.0,4.459997360834693,0.07436161742413035,0.25274725274725274,0.13555992141453832,0.07858546168958742,0.4421416234887737,0.3263523316062176,0.2375,4.251,0.2987501469839543
608369,Corey Seager,L,TEX,2,Patrick Sandoval,L,663776,822849,BOS @ TEX,5:05 PM,15/09,Scheduled,0.6702021578383331,-163.0,186.0,62.0,False,1111110011,estimated,9,3,0.3333333333333333,1,2022,0.2705140017090203,0.35793576138958894,0.46577032110996763,0.3287174489180165,0.1511344122371899,20,2,0.06198347107438015,0.964,36.3,D,0.2787750791974657,2.0273291999739413,0.3740359902302527,0.22474637650342905,11,7,0,0.2727272727272727,0.21074380165289255,0.4065469904963041,0.33368532206969376,0.25976768743400214,0.23206442166910687,0.2412121212121212,0.2542372881355932,0.23643122676579925,0.25112107623318386,249,0.17757009345794392,132,False,False,0.6513699158635154,0.0188322419748177,3.75,4.329545454545454,88,,,,,,,0.033596803607272,20,4.58,1.76,55.0,1,5,57,27,0,0,0,11,SP,11,253,70,23.0,9.33,4.42,11.45,0.98,23.184319319897146,-0.017730729266904555,7,0.7777777777777778,10.0,6,6,0,0,2.0,4.529424107588657,0.07819892273002928,0.23542600896860988,0.22417153996101363,0.10331384015594541,0.4959718026183283,0.3252235649546828,0.36923076923076925,4.352,0.3488640726795736
693304,Nick Gonzales,R,PIT,3,Jacob Misiorowski,R,694819,823333,MIL @ PIT,3:40 PM,15/09,Scheduled,0.6677903645502569,,,,False,1110101111,estimated,8,2,0.25,1,2025,0.26153832102832947,0.32484974692991914,0.31093355016018764,0.2887457827420794,0.11391795924582318,20,2,0.05821282906933628,1.013,95.9,A,0.35338983050847456,5.6822269982643565,0.34879825537458864,0.37062185443748275,20,7,0,0.26436781609195403,0.3225806451612903,0.7778719796523951,0.21153030945315812,0.0105977108944468,0.2785714285714286,0.27497621313035203,0.2478813559322034,0.27377680043980207,0.28205128205128205,328,0.33497536945812806,241,False,False,0.6867085538183216,-0.018918189268064767,3.759124087591241,4.153284671532846,137,,,,,,,0.06900799703384695,20,1.95,0.8,161.1,14,5,236,41,0,0,0,27,SP,27,616,88,22.8,13.17,2.29,4.91,0.78,22.803272042719104,0.016509635449743154,5,0.625,16.0,7,6,0,0,1.0,4.2785628692547135,0.09715259714456698,0.31277533039647576,0.15476190476190477,0.07142857142857142,0.3363475177304965,0.3455301418439716,0.19838056680161945,4.251,0.31427579437741654
670623,Isaac Paredes,R,HOU,3,Michael Wacha,R,608379,824143,KC @ HOU,5:10 PM,15/09,Scheduled,0.6669322269068713,-150.0,170.0,60.0,False,1110111111,estimated,12,3,0.25,1,2022,0.2650087423528032,0.2860713544360534,0.421614134256468,0.3326814609909029,0.1704046255946824,20,2,0.013453428238841325,0.998,76.3,B,0.27052785923753664,3.3780694160238274,0.3409864786350497,0.2010983108389033,20,7,0,0.2517985611510791,0.26525198938992045,0.5616287600880411,0.18708730741012472,0.2512839325018342,0.2565671104713926,0.2584047462096243,0.33841886269070737,0.26871019108280253,0.2740963855421687,379,0.2391304347826087,226,False,False,0.6563329436987213,0.010599283208149957,3.6338028169014085,4.26056338028169,142,,,,,,,0.28026672903488403,20,3.25,1.11,182.2,9,8,147,48,0,0,0,29,SP,29,736,154,25.4,7.24,2.36,7.59,1.18,25.379722656520325,0.006647773093128695,10,1.0,18.0,7,6,0,0,-1.0,4.230588766444972,0.12891226193846295,0.2671232876712329,0.1262135922330097,0.10679611650485436,0.2928954423592493,0.2936112600536193,0.24285714285714285,4.251,0.3304501533596403
665742,Juan Soto,L,NYM,2,Shane Baz,R,669358,823574,BAL @ NYM,4:10 PM,15/09,Scheduled,0.6669322269068713,-163.0,186.0,62.0,False,0011101101,estimated,5,3,0.6,1,2024,0.2037623836341876,0.32041246576462806,0.43123593166162427,0.2636466874009722,0.21839442774246107,20,1,-0.03591836734693876,0.949,56.2,C,0.2644927536231884,2.917996740590271,0.42001154109575173,0.21237831067933288,20,6,0,0.29591836734693877,0.26,0.5821818181818181,0.3276363636363636,0.09018181818181818,0.2724358974358974,0.24134199134199133,0.27906976744186046,0.26516700749829586,0.2744186046511628,255,0.2631578947368421,165,False,False,0.6556018804563806,0.011330346450490691,3.5510204081632653,4.285714285714286,98,,,,,,,0.03989253659296074,20,4.05,1.33,169.0,6,15,150,58,0,0,0,29,SP,29,721,167,24.9,7.99,3.09,8.89,0.75,24.597325797891166,-0.004294726906871271,8,0.8,-5.0,7,6,0,0,0.0,4.464833442579386,0.12252165615225821,0.271461716937355,0.14728682170542637,0.13178294573643412,0.48539906103286384,0.3548957746478873,0.2755905511811024,4.352,0.341886795417157
680757,Steven Kwan,L,CLE,1,Chris Murphy,L,669684,824384,CWS @ CLE,3:40 PM,15/09,Scheduled,0.6651271212272032,,,,False,0011111111,estimated,0,0,0.0,0,0,0.34399758547982395,0.34530916862528876,0.16697430773700975,0.377945660874884,0.10585896066829499,20,1,-0.06036150342159452,0.987,91.1,A,0.2904929577464789,4.720280985441955,0.3099650908087677,0.29974818822706134,20,2,0,0.2366412213740458,0.2970027247956403,0.3626760563380282,0.602112676056338,0.035211267605633804,0.2950586562388909,0.2978494623655914,0.29723991507430997,0.2958313595452392,0.3044982698961938,326,0.24880382775119617,263,False,False,0.6821783676382949,-0.01705124641109168,3.58273381294964,4.237410071942446,139,,,,,,,0.13394958223693118,20,3.94,1.34,32.0,3,0,34,15,1,1,2,2,RP,31,140,28,4.5,9.56,4.22,7.88,0.56,4.252518442990284,0.013956212106130073,6,0.6666666666666666,4.0,7,6,0,0,0.0,4.52821005417008,0.08008754407403278,0.28,0.10119047619047619,0.13095238095238096,0.10494652406417113,0.3154792780748663,0.23728813559322035,4.443,0.3109342805868798
687957,Dustin Harris,L,SD,7,Kyle Freeland,L,607536,824307,SD @ COL,5:40 PM,15/09,Scheduled,0.6649736077841503,,,,False,1001001111,estimated,0,0,0.0,0,0,0.32490464750640263,0.3468177808292516,0.2516936623063156,0.36142062766510713,0.12710112482915323,20,1,0.06306306306306303,1.148,56.7,C,0.2766699900299103,3.707709768966293,0.40858502389515705,0.18495301949229156,20,27,0,0.3333333333333333,0.2702702702702703,0.5443668993020937,0.32153539381854435,0.13409770687936193,0.2664233576642336,0.23809523809523808,0.2882882882882883,0.2613240418118467,0.3269230769230769,58,0.20588235294117646,42,False,False,0.5849617006460385,0.08001190713811179,2.774193548387097,3.225806451612903,31,,,,,,,0.04367788015622313,20,6.37,1.46,124.1,4,10,103,28,0,0,0,23,SP,23,554,153,24.1,7.46,2.03,11.08,1.74,24.568469991871527,-0.02444503635557882,7,0.7,1.0,6,6,0,0,0.0,3.5372189025789877,0.08781716891035096,0.2653061224489796,0.19393939393939394,0.07878787878787878,0.2182608695652174,0.27044347826086956,0.2708333333333333,3.76,0.3648916976534297
643289,Mauricio Dubón,R,ATL,5,Kevin Gausman,R,592332,824627,ATL @ CHC,4:40 PM,15/09,Scheduled,0.6646211442523627,,,,False,0101101111,estimated,9,3,0.3333333333333333,1,2023,0.3073956013724556,0.3092183242767666,0.2385153709099271,0.33523750828926857,0.07645365264210727,20,1,-0.011366695581944919,0.983,53.6,C,0.29537366548042704,3.35520825191266,0.4132818692631531,0.24929452317292317,20,6,0,0.27722772277227725,0.26586102719033233,0.5135327635327636,0.09223646723646724,0.3942307692307692,0.27207207207207207,0.2736842105263158,0.23766816143497757,0.26908602150537636,0.26058631921824105,326,0.2831858407079646,251,False,False,0.6612149011326097,0.0034062431197530163,3.727272727272727,4.034965034965035,143,,,,,,,0.13961776047130664,20,4.6,1.29,166.1,9,12,171,46,0,0,0,30,SP,30,706,168,23.5,9.25,2.49,9.09,1.3,23.82074151186308,-0.017801144252362677,5,0.7142857142857143,42.0,6,7,0,0,0.0,4.112216381288645,0.05450834998909037,0.2583518930957684,0.10699588477366255,0.05555555555555555,0.29021830394626363,0.30828211586901766,0.2682926829268293,4.026,0.3245325554438119
686948,Drake Baldwin,L,ATL,1,Kevin Gausman,R,592332,824627,ATL @ CHC,4:40 PM,15/09,Scheduled,0.6646211442523627,-178.0,203.0,64.0,False,1101111111,estimated,0,0,0.0,0,0,0.3300699106905306,0.3830244177377112,0.39312713658606385,0.48955159124259384,0.27172530567180686,20,1,0.016166525781910412,0.983,53.6,C,0.29537366548042704,3.35520825191266,0.4132818692631531,0.24929452317292317,20,6,0,0.26785714285714285,0.28402366863905326,0.5135327635327636,0.09223646723646724,0.3942307692307692,0.26523749474569147,0.24938067712634188,0.3014586709886548,0.26631853785900783,0.2852664576802508,352,0.26737967914438504,216,False,False,0.6592940191942532,0.005327125058109505,3.953125,4.4375,128,,,,,,,0.2995805071169069,20,4.6,1.29,166.1,9,12,171,46,0,0,0,30,SP,30,706,168,23.5,9.25,2.49,9.09,1.3,23.82074151186308,0.003938855747637193,5,0.7142857142857143,42.0,6,7,0,0,0.0,4.534148238578658,0.051932100584149495,0.2746331236897275,0.22326454033771106,0.08442776735459662,0.5009310986964618,0.35786033519553073,0.2520775623268698,4.443,0.3245325554438119
807712,Luke Keaschall,R,MIN,1,Max Fried,L,608331,823654,NYY @ MIN,4:40 PM,15/09,Scheduled,0.6642783177052639,,,,False,0101100110,estimated,0,0,0.0,0,0,0.24792708161690752,0.25283085340414846,0.23510719826538698,0.2645295252286899,0.0943437752580036,20,1,-0.056057098765432134,1.022,83.0,A,0.2849122807017544,3.131475785979626,0.27581963085517974,0.27588868064463246,17,5,0,0.2345679012345679,0.290625,0.6182456140350877,0.2575438596491228,0.12421052631578948,0.2730706961683756,0.24360189573459715,0.25754060324825984,0.2626865671641791,0.2846715328467153,319,0.2548076923076923,248,False,False,0.6797273986091558,-0.015449080903891854,3.442857142857143,4.05,140,,,,,,,-0.020724111937635,20,2.73,0.99,99.0,4,4,94,31,0,0,0,18,SP,18,382,67,21.2,8.55,2.82,6.09,0.36,19.945143446352997,0.006550253723307531,7,0.875,-7.0,5,6,0,0,0.0,4.432822557834922,0.11952106012124472,0.2800982800982801,0.14730290456431536,0.0954356846473029,0.2976190476190476,0.2975357142857143,0.21686746987951808,4.443,0.27160528236081666
665161,Jeremy Peña,R,HOU,1,Michael Wacha,R,608379,824143,KC @ HOU,5:10 PM,15/09,Scheduled,0.6632863686345415,,,,False,0100111100,estimated,5,2,0.4,1,2025,0.1706701983600561,0.32234259991601577,0.33168306411714005,0.27342726683525637,0.36439278479766135,20,2,0.06218699333453431,0.998,76.3,B,0.27052785923753664,3.3780694160238274,0.3409864786350497,0.2010983108389033,20,7,0,0.21978021978021978,0.2819672131147541,0.5616287600880411,0.18708730741012472,0.2512839325018342,0.26243259436788496,0.24471830985915494,0.2572062084257206,0.2556644213104715,0.2596899224806202,278,0.2826086956521739,153,False,False,0.637784064504046,0.02550230413049548,4.0,4.353535353535354,99,,,,,,,-0.12049418248112898,20,3.25,1.11,182.2,9,8,147,48,0,0,0,29,SP,29,736,154,25.4,7.24,2.36,7.59,1.18,25.379722656520325,0.01225363136545854,10,1.0,18.0,7,6,0,0,-1.0,4.175288170734253,0.03923426784400162,0.2731006160164271,0.22641509433962265,0.05849056603773585,0.4036784741144414,0.34683106267029973,0.24285714285714285,4.443,0.3304501533596403
691182,Adael Amador,L,COL,7,Walker Buehler,R,621111,824307,SD @ COL,5:40 PM,15/09,Scheduled,0.6631078993442717,,,,False,1110111111,estimated,0,0,0.0,0,0,0.31100814491843226,0.25473902658353853,0.26089705406831015,0.37426076985320217,0.16906492203519147,16,1,-0.1050903119868637,1.148,60.7,C,0.2630241423125794,2.2392671562146664,0.3662463459540341,0.21207726482789663,20,6,0,0.38095238095238093,0.27586206896551724,0.6441326530612245,0.2572278911564626,0.09863945578231292,0.3273809523809524,0.2717391304347826,0.25,0.30067567567567566,0.375,28,0.2692307692307692,30,False,False,0.6029484134724094,0.06015948587186237,3.125,3.625,16,,,,,,,0.12066281854590935,16,4.61,1.36,138.2,8,6,121,53,0,0,0,29,SP,29,588,135,20.3,7.85,3.44,8.76,1.23,19.92362534565838,-0.002007899344271702,4,0.5,25.0,7,7,0,0,0.0,3.816231280621983,0.07539188177456539,0.21,0.17857142857142858,0.07589285714285714,0.25416666666666665,0.25870625,0.2745762711864407,3.76,0.30066065871050446
803011,Sam Antonacci,L,CWS,1,Foster Griffin,L,656492,824384,CWS @ CLE,3:40 PM,15/09,Scheduled,0.6626566542181487,,,,False,1011101111,estimated,0,0,0.0,0,0,0.312063439393744,0.35515790630652566,0.299412523725558,0.33491458826480575,0.10898898836581541,20,1,-0.009687463960327547,0.987,57.4,C,0.2847508430123642,3.1102968458320874,0.36803978422959444,0.2025434985843479,20,6,0,0.2608695652173913,0.27055702917771884,0.5943007124109486,0.23322084739407575,0.17247844019497563,0.26237406920718354,0.23529411764705882,0.24273504273504273,0.25263991552270326,0.2610294117647059,311,0.28160919540229884,210,True,False,0.6676429167500695,-0.004986262531920804,3.4573643410852712,4.038759689922481,129,,,,,,,0.08582151342694005,20,3.65,1.18,162.2,15,5,146,43,0,0,0,29,SP,29,674,149,23.2,8.08,2.38,8.24,1.27,22.78318536980429,-0.0002137970752914553,7,0.875,17.0,7,7,0,0,0.0,3.9056404818437653,0.07156857650058968,0.27163461538461536,0.16255144032921812,0.0823045267489712,0.32270029673590506,0.33316913946587534,0.19760479041916168,4.443,0.342996404523976
691023,Jordan Walker,R,STL,3,Blade Tidwell,R,694918,823007,SF @ STL,4:45 PM,15/09,Scheduled,0.6622457417861756,-194.0,212.0,66.0,False,1001001001,estimated,0,0,0.0,0,0,0.19702955572289446,0.3171630771282861,0.5186495111716978,0.33428773448120824,0.36570172390181027,20,1,-0.0365522239333273,1.031,46.4,D,0.2685643564356436,2.0020773677476758,0.43811222708820835,0.19029832337379396,15,6,0,0.3072289156626506,0.2706766917293233,0.49814126394052044,0.45724907063197023,0.04460966542750929,0.25601539942252166,0.24967824967824967,0.2725409836065574,0.2564597923206955,0.2713864306784661,368,0.29646017699115046,251,False,False,0.6298232677732937,0.0324224740128819,3.8698630136986303,4.239726027397261,146,,,,,,,-0.007395812347819268,20,4.82,1.29,46.2,0,2,38,20,1,0,1,7,RP,15,197,40,13.1,7.33,3.86,7.71,1.16,15.289277971745618,-0.006179075119508881,6,0.6,1.0,5,6,0,0,0.0,3.766799189659703,0.05100631185320864,0.2832618025751073,0.2357563850687623,0.068762278978389,0.4751926782273603,0.36078612716763003,0.175,4.251,0.3159703544990549
686797,Brooks Lee,L,MIN,2,Max Fried,L,608331,823654,NYY @ MIN,4:40 PM,15/09,Scheduled,0.6619459643749505,-138.0,156.0,58.0,False,0111100101,estimated,0,0,0.0,0,0,0.2420182505888371,0.27750427344556144,0.42858982896223063,0.2872352208571946,0.1926388108358258,20,1,-0.03838308288570072,1.022,83.0,A,0.2849122807017544,3.131475785979626,0.27581963085517974,0.27588868064463246,17,5,0,0.22077922077922077,0.2591623036649215,0.6182456140350877,0.2575438596491228,0.12421052631578948,0.2458628841607565,0.24646643109540636,0.24759871931696906,0.24608441730820282,0.2532467532467532,323,0.2412280701754386,257,False,False,0.6694582318734342,-0.007512267498483771,3.801418439716312,4.113475177304965,141,,,,,,,0.11217209731960857,20,2.73,0.99,99.0,4,4,94,31,0,0,0,18,SP,18,382,67,21.2,8.55,2.82,6.09,0.36,19.945143446352997,0.011539749910763897,7,0.875,-7.0,5,6,0,0,0.0,4.254812662940206,0.03011103825362673,0.2548596112311015,0.154,0.058,0.33592400690846286,0.276979274611399,0.14864864864864866,4.352,0.27160528236081666
677649,Ezequiel Duran,R,TEX,3,Patrick Sandoval,L,663776,822849,BOS @ TEX,5:05 PM,15/09,Scheduled,0.6618630289056991,,,,False,1101000011,estimated,0,0,0.0,0,0,0.21788101866666967,0.3273295592875397,0.48646309762100715,0.2968776745035034,0.19554043396680054,20,2,0.08875784096457948,0.964,36.3,D,0.2787750791974657,2.0273291999739413,0.3740359902302527,0.22474637650342905,11,7,0,0.3291139240506329,0.2403560830860534,0.4065469904963041,0.33368532206969376,0.25976768743400214,0.25023430178069356,0.24859211584875301,0.25609756097560976,0.24980257962621744,0.2593856655290102,329,0.28217821782178215,221,False,False,0.6612149011326097,0.0006481277730894242,3.5869565217391304,3.9855072463768115,138,,,,,,,0.125078417827589,20,4.58,1.76,55.0,1,5,57,27,0,0,0,11,SP,11,253,70,23.0,9.33,4.42,11.45,0.98,23.184319319897146,-0.017463028905699063,7,0.7777777777777778,10.0,6,6,0,0,2.0,4.330824893699573,0.0916907505321316,0.2681818181818182,0.23469387755102042,0.07755102040816327,0.3874871794871795,0.3356753846153846,0.2948717948717949,4.251,0.3488640726795736
500743,Miguel Rojas,R,LAD,7,Rhett Lowder,R,695076,824466,LAD @ CIN,3:40 PM,15/09,Scheduled,0.6616051018487616,,,,False,1000011010,estimated,0,0,0.0,0,0,0.23270827845529352,0.22147316823278812,0.19046136657354412,0.25480585177531834,0.10441231613721964,20,1,-0.08571428571428569,1.083,33.7,F,0.2606177606177606,1.7394878415909547,0.41572867187593343,0.1625618529606195,20,6,0,0.2857142857142857,0.2,0.5004840271055179,0.2933204259438529,0.20619554695062922,0.2478134110787172,0.2554945054945055,0.2857142857142857,0.25566849100860045,0.2818181818181818,121,0.25274725274725274,104,False,False,0.6068511197468003,0.05475398210196136,2.208791208791209,2.4725274725274726,91,,,,,,,-0.061519240138791,20,5.81,1.53,119.1,6,10,94,49,0,0,0,23,SP,26,541,133,20.8,7.09,3.7,10.03,1.28,20.82351141813287,-0.03852176851542832,6,0.75,11.0,7,6,0,0,0.0,2.189434712890987,0.02005315991528668,0.27986348122866894,0.11692307692307692,0.055384615384615386,0.361437908496732,0.2954470588235294,0.28717948717948716,3.76,0.36022902194476353
660670,Ronald Acuña,R,ATL,2,Kevin Gausman,R,592332,824627,ATL @ CHC,4:40 PM,15/09,Scheduled,0.6616051018487616,,,,False,1101101110,estimated,0,0,0.0,0,0,0.3512854578973787,0.34949993051327105,0.4142468762338088,0.3930215427936075,0.15095169332999045,20,1,-0.007475869030345084,0.983,53.6,C,0.29537366548042704,3.35520825191266,0.4132818692631531,0.24929452317292317,20,6,0,0.2595419847328244,0.25206611570247933,0.5135327635327636,0.09223646723646724,0.3942307692307692,0.24687800192122958,0.24937655860349128,0.2273838630806846,0.2449227038496514,0.2689075630252101,278,0.22962962962962963,154,False,False,0.6493002371190095,0.012304864729752119,3.806122448979592,4.408163265306122,98,,,,,,,0.21890216634359846,20,4.6,1.29,166.1,9,12,171,46,0,0,0,30,SP,30,706,168,23.5,9.25,2.49,9.09,1.3,23.82074151186308,-0.009985101848761668,5,0.7142857142857143,42.0,6,7,0,0,0.0,4.459225566166548,0.08909719747541928,0.2708803611738149,0.22030651340996169,0.12835249042145594,0.4649390243902439,0.3555579268292683,0.2682926829268293,4.352,0.3245325554438119
521692,Salvador Pérez,R,KC,3,Hunter Brown,R,686613,824143,KC @ HOU,5:10 PM,15/09,Scheduled,0.6612149011326097,-133.0,150.0,57.0,False,1111110110,estimated,10,4,0.4,1,2023,0.28740202274156046,0.37141154739660587,0.4695686574186009,0.33530803466726644,0.12723105109232333,20,2,-0.009709055246812676,0.998,71.5,B,0.2959731543624161,2.4028671676847035,0.37422343592300583,0.256401733129974,16,6,0,0.2360248447204969,0.22631578947368422,0.6154362416107383,0.2859060402684564,0.09865771812080537,0.22216674987518722,0.19504447268106734,0.26382978723404255,0.21602959309494452,0.22727272727272727,356,0.23222748815165878,233,False,False,0.6669322269068713,-0.005717325774261539,3.8642857142857143,4.207142857142857,140,,,,,,,0.15355513883682012,20,3.52,1.3,92.0,5,3,100,46,0,0,0,17,SP,17,386,74,22.7,9.78,4.5,7.24,1.08,23.057983048808584,0.0026565274388188342,7,1.0,1.0,7,5,0,0,-1.0,4.278926132680158,0.035425836368187885,0.24034334763948498,0.18700787401574803,0.03346456692913386,0.4275381850853549,0.31986522911051213,0.23308270676691728,4.251,0.3051938336156547
671739,Michael Harris,L,ATL,4,Kevin Gausman,R,592332,824627,ATL @ CHC,4:40 PM,15/09,Scheduled,0.6612149011326097,,,,False,0110000111,estimated,9,2,0.2222222222222222,1,2024,0.27582140618901807,0.3425188949362865,0.3587021249433771,0.36752914954165816,0.18384695458530106,20,1,-0.012893130965420163,0.983,53.6,C,0.29537366548042704,3.35520825191266,0.4132818692631531,0.24929452317292317,20,6,0,0.30120481927710846,0.2883116883116883,0.5135327635327636,0.09223646723646724,0.3942307692307692,0.2588001983143282,0.2452504317789292,0.3156089193825043,0.2644497228820269,0.27070063694267515,333,0.3206751054852321,251,False,False,0.6614360087968069,-0.0002211076641971399,3.8,4.027586206896552,145,,,,,,,-0.02269434570345537,20,4.6,1.29,166.1,9,12,171,46,0,0,0,30,SP,30,706,168,23.5,9.25,2.49,9.09,1.3,23.82074151186308,-0.0010549011326097535,5,0.7142857142857143,42.0,6,7,0,0,0.0,4.02387274974302,0.02085001921327165,0.28633405639913234,0.1983640081799591,0.03067484662576687,0.4576923076923077,0.34971703296703294,0.2520775623268698,4.16,0.3245325554438119
678246,Miguel Vargas,R,CWS,2,Foster Griffin,L,656492,824384,CWS @ CLE,3:40 PM,15/09,Scheduled,0.6606111887571293,-170.0,203.0,63.0,False,1110001111,estimated,0,0,0.0,0,0,0.24753989637285584,0.3294527122786689,0.28184242384981606,0.31630942931089334,0.2435235206747497,20,1,-0.0705843780737225,0.987,57.4,C,0.2847508430123642,3.1102968458320874,0.36803978422959444,0.2025434985843479,20,6,0,0.20118343195266272,0.2717678100263852,0.5943007124109486,0.23322084739407575,0.17247844019497563,0.2606498194945848,0.2854122621564482,0.2631578947368421,0.26936619718309857,0.27927927927927926,386,0.20465116279069767,263,False,False,0.6263576657497852,0.03425352300734408,3.727891156462585,4.414965986394558,147,,,,,,,0.13279384153523405,20,3.65,1.18,162.2,15,5,146,43,0,0,0,29,SP,29,674,149,23.2,8.08,2.38,8.24,1.27,22.78318536980429,-0.03733976018570073,7,0.875,17.0,7,7,0,0,0.0,4.444266911970642,0.0887660892262916,0.25389755011135856,0.1893939393939394,0.12121212121212122,0.4509073543457498,0.3486446991404012,0.2577777777777778,4.352,0.342996404523976
666160,Mickey Moniak,L,COL,6,Walker Buehler,R,621111,824307,SD @ COL,5:40 PM,15/09,Scheduled,0.6600047090374513,-163.0,186.0,62.0,False,1100100010,estimated,6,1,0.16666666666666666,1,2024,0.1360888411374468,0.2955647443053178,0.3685133535006307,0.2477289654367081,0.37788779126126637,20,1,0.0648961661341853,1.148,60.7,C,0.2630241423125794,2.2392671562146664,0.3662463459540341,0.21207726482789663,20,6,0,0.1875,0.2523961661341853,0.6441326530612245,0.2572278911564626,0.09863945578231292,0.20606060606060606,0.23931623931623933,0.2591362126245847,0.2278985507246377,0.23766816143497757,238,0.24675324675324675,170,False,False,0.5849617006460385,0.07504300839141287,3.5233644859813085,3.8130841121495327,107,,,,,,,-0.2426806316926534,20,4.61,1.36,138.2,8,6,121,53,0,0,0,29,SP,29,588,135,20.3,7.85,3.44,8.76,1.23,19.92362534565838,0.00042029096254869724,4,0.5,25.0,7,7,0,0,0.0,3.9766210538349043,0.030402763596405,0.25295508274231676,0.27312775330396477,0.046255506607929514,0.4020624303232999,0.30519732441471575,0.2745762711864407,3.896,0.30066065871050446
681393,Connor Norby,R,COL,2,Walker Buehler,R,621111,824307,SD @ COL,5:40 PM,15/09,Scheduled,0.6600047090374513,,,,False,0110010111,estimated,0,0,0.0,0,0,0.2943246141936821,0.4319906471980023,0.38480077504522553,0.4384284446309319,0.31817024570021124,20,1,0.009650965096509645,1.148,60.7,C,0.2630241423125794,2.2392671562146664,0.3662463459540341,0.21207726482789663,20,6,0,0.22772277227722773,0.23737373737373738,0.6441326530612245,0.2572278911564626,0.09863945578231292,0.20448430493273542,0.19384615384615383,0.22492401215805471,0.20476190476190476,0.23952095808383234,197,0.22727272727272727,150,False,False,0.6115696563125254,0.04843505272492599,3.1808510638297873,3.6914893617021276,94,,,,,,,-0.03631338706115494,20,4.61,1.36,138.2,8,6,121,53,0,0,0,29,SP,29,588,135,20.3,7.85,3.44,8.76,1.23,19.92362534565838,0.011145290962548793,4,0.5,25.0,7,7,0,0,0.0,4.0686395843178875,0.08842977467152709,0.2454308093994778,0.2857142857142857,0.09750566893424037,0.36835278858625164,0.3285914396887159,0.2317596566523605,4.352,0.30066065871050446
666182,Bo Bichette,R,NYM,3,Shane Baz,R,669358,823574,BAL @ NYM,4:10 PM,15/09,Scheduled,0.6598801255147886,-186.0,223.0,65.0,False,1011111010,estimated,7,1,0.14285714285714285,1,2022,0.22198316911612037,0.349921667334294,0.4546064199902242,0.2616421688649026,0.1908211084037819,20,1,-0.03987134360966138,0.949,56.2,C,0.2644927536231884,2.917996740590271,0.42001154109575173,0.21237831067933288,20,6,0,0.2922077922077922,0.2523364485981308,0.5821818181818181,0.3276363636363636,0.09018181818181818,0.25909428359317,0.2487235594456601,0.2840909090909091,0.259765625,0.2699724517906336,393,0.2511415525114155,241,False,False,0.6797273986091558,-0.01984727309436718,3.9591836734693877,4.312925170068027,147,,,,,,,-0.099152271756296,20,4.05,1.33,169.0,6,15,150,58,0,0,0,29,SP,29,721,167,24.9,7.99,3.09,8.89,0.75,24.597325797891166,0.008994874485211524,8,0.8,-5.0,7,6,0,0,0.0,4.434343235785752,0.08931978208179923,0.26865671641791045,0.17054263565891473,0.0755813953488372,0.41058617672790904,0.3417576552930884,0.2366412213740458,4.251,0.341886795417157
663656,Kyle Tucker,L,LAD,6,Rhett Lowder,R,695076,824466,LAD @ CIN,3:40 PM,15/09,Scheduled,0.6598801255147886,,,,False,1000011001,estimated,0,0,0.0,0,0,0.23628996978562428,0.290061152505684,0.35268711727007945,0.25289167772972665,0.11178240641832692,20,1,-0.010987056614958995,1.083,33.7,F,0.2606177606177606,1.7394878415909547,0.41572867187593343,0.1625618529606195,20,6,0,0.23448275862068965,0.22349570200573066,0.5004840271055179,0.2933204259438529,0.20619554695062922,0.2104989604989605,0.22617901828681425,0.17470664928292046,0.20733012306046014,0.21978021978021978,324,0.23529411764705882,252,False,False,0.6092069741188073,0.050673151395981275,3.5285714285714285,4.114285714285714,140,,,,,,,-0.035610139904660824,20,5.81,1.53,119.1,6,10,94,49,0,0,0,23,SP,26,541,133,20.8,7.09,3.7,10.03,1.28,20.82351141813287,-0.044880125514788594,6,0.75,11.0,7,6,0,0,0.0,4.053851757948518,0.15396789353725948,0.2261904761904762,0.16632443531827515,0.11704312114989733,0.36307767944936087,0.32112241887905607,0.2664359861591695,3.896,0.36022902194476353
682998,Corbin Carroll,L,AZ,5,Janson Junk,R,676083,825030,MIA @ AZ,6:40 PM,15/09,Scheduled,0.6590081235761335,-186.0,203.0,65.0,False,0001101011,estimated,0,0,0.0,0,0,0.1734069227053689,0.38854087662132675,0.533721634833614,0.2620547208006755,0.3608819171049366,20,1,-0.13261571194172483,1.0,48.3,D,0.24560408394781622,2.1382241136986426,0.3848925533459124,0.12998588870082287,20,6,0,0.3381294964028777,0.20551378446115287,0.3798977853492334,0.43668370244179444,0.18341851220897218,0.2376767290790982,0.2578191039729501,0.20441988950276244,0.2375165709235528,0.25513196480938416,381,0.2131979695431472,240,False,False,0.6094594758214109,0.04954864775472256,3.736111111111111,4.3125,144,,,,,,,-0.07626382124785853,20,4.54,1.32,111.0,6,9,74,30,0,0,0,22,SP,23,472,117,20.5,6.0,2.43,9.49,1.05,19.098436609664663,-0.019958123576133358,4,0.4444444444444444,7.0,6,6,0,0,0.0,4.075858846908023,0.03290479682387893,0.22787610619469026,0.21923076923076923,0.1,0.497534516765286,0.33029191321499013,0.2962962962962963,4.026,0.33543550822257623
669065,Kyle Stowers,L,MIA,1,Michael Soroka,R,647336,825030,MIA @ AZ,6:40 PM,15/09,Scheduled,0.6588171443095695,-170.0,194.0,63.0,False,1100011011,estimated,0,0,0.0,0,0,0.2220218492245958,0.3548468899294372,0.7463701651922964,0.42483094060339677,0.40499675371301297,20,1,0.04385873528492554,1.0,59.3,C,0.2710691823899371,3.521271991676913,0.35775928622055,0.2078820686562064,19,6,0,0.20689655172413793,0.25075528700906347,0.5447103274559194,0.33123425692695213,0.12405541561712846,0.21073225265511458,0.23826291079812206,0.24963715529753266,0.2257871064467766,0.22357723577235772,282,0.26744186046511625,195,False,False,0.6294795945723707,0.02933754973719882,3.6991150442477876,4.221238938053097,113,,,,,,,0.09141235718815516,20,3.53,1.16,99.1,8,5,95,25,0,0,0,18,SP,19,411,90,21.6,8.61,2.27,8.15,0.63,20.878127884803597,-0.03980047764290284,6,0.75,36.0,7,6,0,0,0.0,4.226143656903622,0.06701475646818969,0.2425629290617849,0.3093812375249501,0.09580838323353294,0.5650118203309693,0.35274822695035457,0.27510917030567683,4.443,0.3106363882892391
543807,George Springer,R,TOR,2,Drew Anderson,R,623454,822762,DET @ TOR,4:07 PM,15/09,Scheduled,0.6573190758338557,-186.0,194.0,65.0,False,1101001111,estimated,0,0,0.0,0,0,0.342195446128465,0.33159187229760834,0.4675582636403495,0.3947945115827559,0.14355811154610154,20,1,0.02230368968779567,0.995,61.6,C,0.2942295497780596,2.529399538132644,0.3792891752035196,0.22162851038969306,20,7,0,0.23841059602649006,0.26071428571428573,0.4165079365079365,0.273015873015873,0.31047619047619046,0.24916467780429594,0.24458483754512636,0.19078947368421054,0.2407103825136612,0.23282442748091603,297,0.28402366863905326,188,False,False,0.6598801255147886,-0.0025610496809328476,3.747826086956522,4.217391304347826,115,,,,,,,0.010983312753665276,20,3.8,1.31,97.0,4,6,105,40,2,6,8,9,RP,47,414,87,8.8,9.74,3.71,8.07,1.3,13.138362946841761,0.0099952098804299,7,0.7,-10.0,7,6,0,0,0.0,3.986007012676546,0.08368799890702641,0.2645739910313901,0.182,0.092,0.3976525821596244,0.2878845070422535,0.2375,4.352,0.2987501469839543
656941,Kyle Schwarber,L,PHI,1,Jackson Kent,L,800600,822683,PHI @ WSH,3:45 PM,15/09,Scheduled,0.6569826417493592,-156.0,178.0,61.0,False,0111110001,estimated,0,0,0.0,0,0,0.20106817685313128,0.31845615983257497,0.3838302556254281,0.2476021971504879,0.288903967446621,20,2,0.003498854087089359,1.04,22.4,F,0.2514506769825919,1.1923797575469213,0.4184319335112172,0.17678662073972387,6,6,0,0.24064171122994651,0.23714285714285716,0.4506769825918762,0.3346228239845261,0.21470019342359767,0.23823654090716406,0.21226415094339623,0.175561797752809,0.21912350597609562,0.23809523809523808,391,0.23880597014925373,252,False,True,0.6148606741166239,0.042121967632735235,3.7552447552447554,4.496503496503497,143,,,,,,,-0.19743045900230868,20,6.59,1.83,27.1,1,4,23,20,0,0,0,6,SP,6,129,30,21.5,7.57,6.59,9.88,0.33,21.50202648960159,-0.018645141749359162,8,0.8888888888888888,3.0,7,6,0,0,0.0,4.545856470222507,0.10813373248296446,0.24008810572687225,0.32653061224489793,0.12987012987012986,0.486810551558753,0.39133992805755397,0.2692307692307692,4.443,0.30724007808414366
630105,Jake Cronenworth,L,SD,8,Kyle Freeland,L,607536,824307,SD @ COL,5:40 PM,15/09,Scheduled,0.6559437022025358,,,,False,0001001111,estimated,21,6,0.2857142857142857,1,2022,0.1773142537329944,0.20690465177225972,0.23993855833548455,0.25572484667636763,0.2280843627214671,20,1,-0.00860202802779994,1.148,56.7,C,0.2766699900299103,3.707709768966293,0.40858502389515705,0.18495301949229156,20,27,0,0.208955223880597,0.21755725190839695,0.5443668993020937,0.32153539381854435,0.13409770687936193,0.20759338640538885,0.2138364779874214,0.2088888888888889,0.20926811327694006,0.20408163265306123,221,0.23308270676691728,154,False,False,0.5662306044505511,0.08971309775198477,3.463157894736842,3.9473684210526314,95,,,,,,,-0.12365934761864014,20,6.37,1.46,124.1,4,10,103,28,0,0,0,23,SP,23,554,153,24.1,7.46,2.03,11.08,1.74,24.568469991871527,-0.016429416488250026,7,0.7,1.0,6,6,0,0,0.0,4.00163041894491,0.08522900362150304,0.20854271356783918,0.22270742358078602,0.09606986899563319,0.3234797297297297,0.28385472972972975,0.2708333333333333,3.598,0.3648916976534297
699024,Leonardo Bernal,L,STL,4,Blade Tidwell,R,694918,823007,SF @ STL,4:45 PM,15/09,Scheduled,0.6556018804563806,,,,False,1111011101,estimated,0,0,0.0,0,0,0.3341628967673244,0.3898643042039802,0.7253812583911605,0.37063214609950146,0.1853419754048607,13,1,-0.09477124183006536,1.031,46.4,D,0.2685643564356436,2.0020773677476758,0.43811222708820835,0.19029832337379396,15,6,0,0.3888888888888889,0.29411764705882354,0.49814126394052044,0.45724907063197023,0.04460966542750929,0.367816091954023,0.25,0.34782608695652173,0.32802547770700635,0.35714285714285715,31,0.2916666666666667,25,True,False,0.6153016654173739,0.040300215039006715,4.0,4.3076923076923075,13,,,,,,,0.13965251584827693,13,4.82,1.29,46.2,0,2,38,20,1,0,1,7,RP,15,197,40,13.1,7.33,3.86,7.71,1.16,15.289277971745618,-0.02090188045638064,6,0.6,1.0,5,6,0,0,0.0,4.247785316036203,0.06355395547699204,,,,,,0.2857142857142857,4.16,0.3159703544990549
701675,Nathan Church,L,STL,9,Blade Tidwell,R,694918,823007,SF @ STL,4:45 PM,15/09,Scheduled,0.6553622653038039,,,,False,1111111110,estimated,0,0,0.0,0,0,0.3534632549678417,0.32817153859172876,0.26123185880527827,0.3760763133115119,0.09508193226846488,20,1,0.03569511540526035,1.031,46.4,D,0.2685643564356436,2.0020773677476758,0.43811222708820835,0.19029832337379396,15,6,0,0.21739130434782608,0.25308641975308643,0.49814126394052044,0.45724907063197023,0.04460966542750929,0.2669404517453799,0.25199362041467305,0.2916666666666667,0.2672811059907834,0.28708133971291866,229,0.20108695652173914,200,False,False,0.6228849600771403,0.03247730522666359,3.275,3.575,120,,,,,,,0.12751099032276803,20,4.82,1.29,46.2,0,2,38,20,1,0,1,7,RP,15,197,40,13.1,7.33,3.86,7.71,1.16,15.289277971745618,-0.016512265303803897,6,0.6,1.0,5,6,0,0,0.0,3.7822751858810992,0.06514280019602153,0.25063291139240507,0.1716937354988399,0.05568445475638051,0.29444444444444445,0.29984735202492213,0.2857142857142857,3.443,0.3159703544990549
607043,Brandon Nimmo,L,TEX,4,Patrick Sandoval,L,663776,822849,BOS @ TEX,5:05 PM,15/09,Scheduled,0.6549132577952387,-170.0,178.0,63.0,False,0001010011,estimated,6,1,0.16666666666666666,1,2022,0.2524757310323,0.2700610509240725,0.5298025094728286,0.32494831326389173,0.2589761568810489,20,2,0.08182432432432435,0.964,36.3,D,0.2787750791974657,2.0273291999739413,0.3740359902302527,0.22474637650342905,11,7,0,0.32432432432432434,0.2425,0.4065469904963041,0.33368532206969376,0.25976768743400214,0.2565556343019135,0.2484423676012461,0.20238095238095238,0.24771616741024008,0.2742857142857143,388,0.2474747474747475,219,False,False,0.6357501452226795,0.019163112572559204,3.832167832167832,4.244755244755245,143,,,,,,,-0.02512808468334051,20,4.58,1.76,55.0,1,5,57,27,0,0,0,11,SP,11,253,70,23.0,9.33,4.42,11.45,0.98,23.184319319897146,-0.02125611493809587,7,0.7777777777777778,10.0,6,6,0,0,2.0,4.342844191030132,0.08218568020779182,0.25442477876106195,0.21956087824351297,0.07584830339321358,0.5238791423001949,0.3591666666666667,0.36923076923076925,4.16,0.3488640726795736
701398,Sal Stewart,R,CIN,3,Yoshinobu Yamamoto,R,808967,824466,LAD @ CIN,3:40 PM,15/09,Scheduled,0.6532907978018722,-163.0,178.0,62.0,False,1110011110,estimated,6,3,0.5,1,2025,0.3027335034477655,0.3646518612238664,0.5724379297915607,0.41565728279779246,0.21532572852043963,20,1,0.03774519200051116,1.083,87.5,A,0.30251419302514193,4.707876081594437,0.3723553351744445,0.28521355317127534,20,6,0,0.23648648648648649,0.27423167848699764,0.5455284552845528,0.18739837398373985,0.26707317073170733,0.26098081023454156,0.27787307032590053,0.2656546489563567,0.26727115716753025,0.2655367231638418,391,0.2626728110599078,255,False,False,0.6590508227972061,-0.005760024995333901,3.8322147651006713,4.3355704697986575,149,,,,,,,0.025346816029340816,20,2.62,0.88,172.0,13,8,171,39,0,0,0,26,SP,26,658,113,25.3,8.95,2.04,5.91,0.99,25.5764629122614,0.02097170219812783,8,0.8888888888888888,0.0,6,6,0,0,0.0,4.238700115860218,0.0644340760656625,0.2629310344827586,0.22157996146435452,0.07707129094412331,0.3879656160458453,0.33107736389684816,0.19708029197080293,4.251,0.3291422662706531
596019,Francisco Lindor,L,NYM,1,Shane Baz,R,669358,823574,BAL @ NYM,4:10 PM,15/09,Scheduled,0.6526981466584999,-163.0,194.0,62.0,False,1001111100,estimated,0,0,0.0,0,0,0.20030527946015292,0.2551204137102308,0.4210783768272494,0.29104642071593495,0.27639243868473384,20,1,0.00797635580244277,0.949,56.2,C,0.2644927536231884,2.917996740590271,0.42001154109575173,0.21237831067933288,20,6,0,0.22522522522522523,0.233201581027668,0.5821818181818181,0.3276363636363636,0.09018181818181818,0.22092376182526433,0.22554660529344073,0.20808383233532934,0.21935870542403357,0.22171945701357465,245,0.24475524475524477,161,False,False,0.6513577423989089,0.0013404042595910326,4.0,4.461538461538462,91,,,,,,,0.023806155783554796,20,4.05,1.33,169.0,6,15,150,58,0,0,0,29,SP,29,721,167,24.9,7.99,3.09,8.89,0.75,24.597325797891166,-0.0007981466584998653,8,0.8,-5.0,7,6,0,0,0.0,4.781085931200787,0.07514325050948292,0.23617021276595745,0.18063314711359404,0.10800744878957169,0.47810545129579984,0.30629356568364613,0.2755905511811024,4.443,0.341886795417157
545121,Ildemaro Vargas,L,AZ,8,Janson Junk,R,676083,825030,MIA @ AZ,6:40 PM,15/09,Scheduled,0.6520098111721548,,,,False,1100110111,estimated,0,0,0.0,0,0,0.2317680773024903,0.2225315435805178,0.2780164262601341,0.2532671614522451,0.08493866184682931,20,3,-0.05945755702690217,1.0,48.3,D,0.24560408394781622,2.1382241136986426,0.3848925533459124,0.12998588870082287,20,6,0,0.28994082840236685,0.23048327137546468,0.3798977853492334,0.43668370244179444,0.18341851220897218,0.26212938005390835,0.2540880503144654,0.22527472527472528,0.2524717514124294,0.2412280701754386,243,0.26666666666666666,227,False,False,0.6295285961183003,0.022481215053854586,3.4761904761904763,3.7301587301587302,126,,,,,,,0.08504064481437235,20,4.54,1.32,111.0,6,9,74,30,0,0,0,22,SP,23,472,117,20.5,6.0,2.43,9.49,1.05,19.098436609664663,-0.018009811172154833,4,0.4444444444444444,7.0,6,6,0,0,0.0,3.8733396253948227,0.04572050403649688,0.24162679425837322,0.10022271714922049,0.04899777282850779,0.3438784629133155,0.2901260053619303,0.2962962962962963,3.598,0.33543550822257623
703607,Henry Bolte,R,ATH,1,Griffin Jax,R,643377,822925,ATH @ TB,3:40 PM,15/09,Scheduled,0.6519560221840509,,,,False,1011111110,estimated,0,0,0.0,0,0,0.3029318629660455,0.41957339382315195,0.4111515856256153,0.47557781809314564,0.32225823187423547,20,2,0.001191130657870576,0.96,65.6,B,0.30688524590163935,3.587293657900245,0.4178292191353623,0.24782184581246472,20,6,0,0.27450980392156865,0.2757009345794392,0.4297956493078444,0.34014502307185235,0.23005932762030323,0.28277046365197483,0.2647814910025707,0.3444730077120823,0.2869832593098736,0.3013698630136986,249,0.23648648648648649,172,True,False,0.6592940191942532,-0.007337997010202324,3.4952380952380953,4.0095238095238095,105,,,,,,,0.1880624339732303,20,3.99,1.24,99.1,7,10,103,33,0,2,2,20,SP,31,413,90,13.3,9.33,2.99,8.15,1.36,19.46536297316057,0.00818397781594904,10,1.0,13.0,7,5,0,0,3.0,4.565795610951605,0.1339349959576703,0.2849604221635884,0.279445727482679,0.08083140877598152,0.4715762273901809,0.3488527131782946,0.22857142857142856,4.443,0.2565822853914867
673548,Seiya Suzuki,R,CHC,2,Martín Pérez,L,527048,824627,ATL @ CHC,4:40 PM,15/09,Scheduled,0.6500229667810876,-178.0,186.0,64.0,False,0110101001,estimated,0,0,0.0,0,0,0.20163201265259723,0.2746057841300201,0.40472614861525796,0.2446540843394053,0.1571153830499259,20,1,0.023125982068583073,0.983,55.9,C,0.27189605389797883,1.6288877015242367,0.33900938893086335,0.18135112865921443,20,5,0,0.2838709677419355,0.2607449856733524,0.6154216867469879,0.0746987951807229,0.30987951807228914,0.2594880847308032,0.20198265179677818,0.272264631043257,0.2406032482598608,0.2491103202846975,325,0.2914798206278027,263,False,False,0.6404292105204429,0.009593756260644737,3.789473684210526,4.421052631578948,133,,,,,,,0.015589420715464606,20,3.08,1.25,131.2,8,9,98,56,0,0,0,24,SP,28,547,108,19.5,6.7,3.83,7.38,0.89,21.24367612935044,-0.020560466781087694,8,0.8888888888888888,16.0,7,6,0,0,0.0,4.36359121877266,0.2352415673897267,0.2713347921225383,0.23728813559322035,0.1224105461393597,0.3851963746223565,0.3399848942598187,0.2125748502994012,4.352,0.31030966978124047
669257,Will Smith,R,LAD,4,Rhett Lowder,R,695076,824466,LAD @ CIN,3:40 PM,15/09,Scheduled,0.6474740905647614,,,,False,0010111010,estimated,0,0,0.0,0,0,0.18625102720245984,0.35204757767663825,0.40615752696428953,0.2734782883057646,0.1830081243057626,20,1,0.0671831765356945,1.083,33.7,F,0.2606177606177606,1.7394878415909547,0.41572867187593343,0.1625618529606195,20,6,0,0.18461538461538463,0.2517985611510791,0.5004840271055179,0.2933204259438529,0.20619554695062922,0.21581196581196582,0.23089983022071306,0.16326530612244897,0.21668597914252608,0.208,141,0.26582278481012656,99,False,False,0.595709307966369,0.051764782598392345,3.1875,3.75,64,,,,,,,-0.0257869166846673,20,5.81,1.53,119.1,6,10,94,49,0,0,0,23,SP,26,541,133,20.8,7.09,3.7,10.03,1.28,20.82351141813287,-0.05065742389809469,6,0.75,11.0,7,6,0,0,0.0,3.434183289364287,0.1324583922078773,0.24173027989821882,0.21397379912663755,0.1091703056768559,0.43107344632768363,0.33518305084745764,0.28717948717948716,4.16,0.36022902194476353
683737,Michael Busch,L,CHC,3,Martín Pérez,L,527048,824627,ATL @ CHC,4:40 PM,15/09,Scheduled,0.64723019124559,-163.0,186.0,62.0,False,1100101110,estimated,0,0,0.0,0,0,0.1995213576330045,0.2949939264831014,0.40381109502490625,0.2973525339520137,0.2538945167437121,20,1,0.03893991580558745,0.983,55.9,C,0.27189605389797883,1.6288877015242367,0.33900938893086335,0.18135112865921443,20,5,0,0.26282051282051283,0.22388059701492538,0.6154216867469879,0.0746987951807229,0.30987951807228914,0.22570244127130354,0.24879393521709167,0.19035202086049544,0.22826086956521738,0.246875,373,0.2184873949579832,287,False,False,0.6089216526853874,0.038308538560202554,3.77027027027027,4.45945945945946,148,,,,,,,0.017712454279910295,20,3.08,1.25,131.2,8,9,98,56,0,0,0,24,SP,28,547,108,19.5,6.7,3.83,7.38,0.89,21.24367612935044,-0.03591769124559008,8,0.8888888888888888,16.0,7,6,0,0,0.0,4.0644892818025715,0.13146346712105772,0.24282560706401765,0.23191094619666047,0.1280148423005566,0.4176829268292683,0.32321646341463417,0.25,4.251,0.31030966978124047
695336,Thomas Saggese,R,STL,7,Blade Tidwell,R,694918,823007,SF @ STL,4:45 PM,15/09,Scheduled,0.647082053049085,,,,False,1111101101,estimated,0,0,0.0,0,0,0.3341400023326184,0.3659069075701885,0.4680711031161516,0.4342888575144176,0.22466995367687964,20,1,0.006505026611472509,1.031,46.4,D,0.2685643564356436,2.0020773677476758,0.43811222708820835,0.19029832337379396,15,6,0,0.2631578947368421,0.2696629213483146,0.49814126394052044,0.45724907063197023,0.04460966542750929,0.3157894736842105,0.2777777777777778,0.3157894736842105,0.30461165048543687,0.34328358208955223,72,0.18333333333333332,68,False,False,0.6089216526853874,0.0381604003636975,3.097560975609756,3.4146341463414633,41,,,,,,,0.2644473060667719,20,4.82,1.29,46.2,0,2,38,20,1,0,1,7,RP,15,197,40,13.1,7.33,3.86,7.71,1.16,15.289277971745618,-0.014298719715751584,6,0.6,1.0,5,6,0,0,0.0,3.6823004463870803,0.08631396476682475,0.25692695214105793,0.27972027972027974,0.06293706293706294,0.43441636582430804,0.3349638989169675,0.175,3.76,0.3159703544990549
665019,Kody Clemens,L,MIN,3,Max Fried,L,608331,823654,NYY @ MIN,4:40 PM,15/09,Scheduled,0.6469891544645009,,,,False,1001111110,estimated,0,0,0.0,0,0,0.2523670612315179,0.3322955777262185,0.43966221878714135,0.34306437065181444,0.22009311301802462,20,1,0.02672882672882676,1.022,83.0,A,0.2849122807017544,3.131475785979626,0.27581963085517974,0.27588868064463246,17,5,0,0.26262626262626265,0.2358974358974359,0.6182456140350877,0.2575438596491228,0.12421052631578948,0.2419127988748242,0.23636363636363636,0.2379110251450677,0.2398593834505138,0.27816901408450706,316,0.1902439024390244,222,False,False,0.6572243404497472,-0.010235185985246309,3.732824427480916,4.106870229007634,131,,,,,,,0.1845053888225557,20,2.73,0.99,99.0,4,4,94,31,0,0,0,18,SP,18,382,67,21.2,8.55,2.82,6.09,0.36,19.945143446352997,0.012496559821213449,7,0.875,-7.0,5,6,0,0,0.0,4.18576919840702,0.10442469706938466,0.24833702882483372,0.2150101419878296,0.060851926977687626,0.48057971014492756,0.3389927536231884,0.14864864864864866,4.251,0.27160528236081666
663457,Lars Nootbaar,L,AZ,4,Janson Junk,R,676083,825030,MIA @ AZ,6:40 PM,15/09,Scheduled,0.6448167710837579,,,,False,0100100011,estimated,0,0,0.0,0,0,0.3313602823124452,0.3938103402427047,0.5343950510428919,0.4411431203611713,0.14350395769708155,20,1,0.02777777777777779,1.0,48.3,D,0.24560408394781622,2.1382241136986426,0.3848925533459124,0.12998588870082287,20,6,0,0.2222222222222222,0.25,0.3798977853492334,0.43668370244179444,0.18341851220897218,0.26750448833034113,0.25946969696969696,0.2577565632458234,0.2641783809985458,0.26811594202898553,159,0.22018348623853212,131,False,False,0.597674620006308,0.0471421510774499,3.0875,3.625,80,,,,,,,-0.06720598818913598,20,4.54,1.32,111.0,6,9,74,30,0,0,0,22,SP,23,472,117,20.5,6.0,2.43,9.49,1.05,19.098436609664663,-0.031091771083757935,4,0.4444444444444444,7.0,6,6,0,0,0.0,3.06137887326761,0.10830813328208841,0.2376237623762376,0.1870967741935484,0.11182795698924732,0.4831756046267087,0.3107634069400631,0.2962962962962963,4.16,0.33543550822257623
702284,Cole Young,L,SEA,7,Ryan Johnson,R,696270,823980,SEA @ LAA,6:38 PM,15/09,Scheduled,0.6436742485534171,-163.0,178.0,62.0,False,1101111100,estimated,0,0,0.0,0,0,0.19821583450429442,0.2704815310684703,0.40868384131433017,0.25817735260654395,0.16537123932942663,20,1,-0.0006849315068493123,0.979,55.3,C,0.27010309278350514,1.5735132024146703,0.35030692914148265,0.1761265159403403,19,6,0,0.25,0.2493150684931507,0.5690721649484536,0.21512027491408936,0.21580756013745706,0.22873345935727787,0.23214285714285715,0.24210526315789474,0.23116392114501755,0.2671009771986971,337,0.2264957264957265,262,False,False,0.6321927147636045,0.011481533789812648,3.6554054054054053,4.047297297297297,148,,,,,,,0.023380938143861628,20,5.12,1.36,84.1,4,8,63,39,0,0,0,16,SP,19,363,76,19.1,6.72,4.16,8.11,1.92,20.267451985925113,-0.026731391410560024,7,0.7777777777777778,-12.0,6,7,0,0,0.0,3.906746481731471,0.04211564459302735,0.2539325842696629,0.1574642126789366,0.05521472392638037,0.3808876811594203,0.3203125,0.24598930481283424,3.76,0.33908816012929044
621566,Matt Olson,L,ATL,3,Kevin Gausman,R,592332,824627,ATL @ CHC,4:40 PM,15/09,Scheduled,0.6433343659468359,-178.0,186.0,64.0,False,0011011010,estimated,9,3,0.3333333333333333,1,2024,0.17723779426865902,0.2983146848046617,0.6756435050078001,0.21771086982634164,0.23063147879381923,20,1,0.022885646964455802,0.983,53.6,C,0.29537366548042704,3.35520825191266,0.4132818692631531,0.24929452317292317,20,6,0,0.23394495412844038,0.2568306010928962,0.5135327635327636,0.09223646723646724,0.3942307692307692,0.24260958205912334,0.23894939141575913,0.24212034383954154,0.24151160560138116,0.2344632768361582,393,0.26956521739130435,261,False,False,0.6316104206047539,0.011723945342081987,3.8675496688741724,4.33112582781457,151,,,,,,,-0.06497322147533606,20,4.6,1.29,166.1,9,12,171,46,0,0,0,30,SP,30,706,168,23.5,9.25,2.49,9.09,1.3,23.82074151186308,-0.005774365946836002,5,0.7142857142857143,42.0,6,7,0,0,0.0,4.215221027842689,0.07799637404001186,0.23427331887201736,0.25486381322957197,0.08365758754863813,0.5242424242424243,0.3447878787878788,0.2520775623268698,4.251,0.3245325554438119
608070,José Ramírez,L,CLE,2,Chris Murphy,L,669684,824384,CWS @ CLE,3:40 PM,15/09,Scheduled,0.6423099262432189,,,,False,1010110001,estimated,0,0,0.0,0,0,0.16293149306527138,0.22177486616529282,0.14009092716691127,0.19769148274647538,0.1607285250594477,20,1,0.01161382786824483,0.987,91.1,A,0.2904929577464789,4.720280985441955,0.3099650908087677,0.29974818822706134,20,2,0,0.23776223776223776,0.22614840989399293,0.3626760563380282,0.602112676056338,0.035211267605633804,0.21348940914158304,0.2191358024691358,0.1980319803198032,0.21293725707940034,0.2559055118110236,293,0.19186046511627908,200,False,False,0.6514621558384551,-0.009152229595236205,3.769911504424779,4.3628318584070795,113,,,,,,,-0.12813628071393152,20,3.94,1.34,32.0,3,0,34,15,1,1,2,2,RP,31,140,28,4.5,9.56,4.22,7.88,0.56,4.252518442990284,0.018606740423447787,6,0.6666666666666666,4.0,7,6,0,0,0.0,4.373617531024579,0.022358599275731857,0.23542600896860988,0.12959381044487428,0.10058027079303675,0.38795074758135445,0.2998654353562005,0.23728813559322035,4.352,0.3109342805868798
805808,Kevin Mcgonigle,L,DET,1,Braydon Fisher,R,680755,822762,DET @ TOR,4:07 PM,15/09,Scheduled,0.6422911165378303,-178.0,203.0,64.0,False,1101110111,estimated,0,0,0.0,0,0,0.2433675538367366,0.32342474853298403,0.40838280665163024,0.2819850323357784,0.11528765005506317,20,1,0.05872042068361086,0.995,62.4,C,0.30049668874172186,3.216705792837425,0.44486251829905143,0.36882480118415406,20,2,0,0.22699386503067484,0.2857142857142857,0.21530698065601345,0.7846930193439865,0.0,0.27471668620554907,0.2684172137126185,0.25608342989571264,0.26894254787676936,0.2852852852852853,388,0.24324324324324326,264,True,False,0.6554963136413887,-0.013205197103558386,3.8541666666666665,4.527777777777778,144,,,,,,,0.14211529481268925,20,3.22,1.22,72.2,3,4,72,38,1,0,1,9,RP,72,295,51,4.1,8.92,4.71,6.32,0.99,3.438002127059365,0.0022088834621696307,3,0.375,18.0,7,6,0,0,0.0,4.5643432700287745,0.11000184126523618,0.2623655913978495,0.14076782449725778,0.13345521023765997,0.3603092783505155,0.2996778350515464,0.225,4.443,0.29256105072055005
664770,Nathan Lukes,L,TOR,4,Drew Anderson,R,623454,822762,DET @ TOR,4:07 PM,15/09,Scheduled,0.6421648259030605,,,,False,1111111101,estimated,0,0,0.0,0,0,0.3625866629562897,0.266467646323126,0.28639594142339436,0.4138099759296537,0.1275576093560233,20,1,0.0023984649824112525,0.995,61.6,C,0.2942295497780596,2.529399538132644,0.3792891752035196,0.22162851038969306,20,7,0,0.2711864406779661,0.27358490566037735,0.4165079365079365,0.273015873015873,0.31047619047619046,0.2489451476793249,0.265527950310559,0.334841628959276,0.2646420824295011,0.24786324786324787,254,0.3146853146853147,159,False,False,0.6421648259030605,0.0,3.3660714285714284,3.6875,112,,,,,,,0.2883396173285798,20,3.8,1.31,97.0,4,6,105,40,2,6,8,9,RP,47,414,87,8.8,9.74,3.71,8.07,1.3,13.138362946841761,0.000649459811225217,7,0.7,-10.0,7,6,0,0,0.0,3.5543369971901444,0.09612057503484736,0.2747524752475248,0.1463963963963964,0.05630630630630631,0.29041297935103244,0.2926961651917404,0.23737373737373738,4.16,0.2987501469839543
608324,Alex Bregman,R,CHC,4,Martín Pérez,L,527048,824627,ATL @ CHC,4:40 PM,15/09,Scheduled,0.6410905025714427,-186.0,194.0,65.0,False,1001011110,estimated,24,7,0.2916666666666667,1,2022,0.308773272265634,0.27238131415853467,0.25572817253580205,0.327548016721384,0.05707992742651655,20,1,0.030365132053687405,0.983,55.9,C,0.27189605389797883,1.6288877015242367,0.33900938893086335,0.18135112865921443,20,5,0,0.28402366863905326,0.25365853658536586,0.6154216867469879,0.0746987951807229,0.30987951807228914,0.25116822429906543,0.24349334875650666,0.28024193548387094,0.2514546965918537,0.2692307692307692,386,0.25311203319502074,283,False,False,0.6474740905647614,-0.006383587993318618,3.938775510204082,4.551020408163265,147,,,,,,,0.16946989429468984,20,3.08,1.25,131.2,8,9,98,56,0,0,0,24,SP,28,547,108,19.5,6.7,3.83,7.38,0.89,21.24367612935044,-0.00560300257144275,8,0.8888888888888888,16.0,7,6,0,0,0.0,4.24745227601254,0.09786869998820777,0.2633832976445396,0.14732965009208104,0.10497237569060773,0.35934539190353143,0.29904392764857884,0.2125748502994012,4.16,0.31030966978124047
514888,José Altuve,R,HOU,4,Michael Wacha,R,608379,824143,KC @ HOU,5:10 PM,15/09,Scheduled,0.6410594098843804,-194.0,203.0,66.0,False,1011011110,estimated,5,1,0.2,1,2025,0.23082659632166122,0.2529320376601371,0.35647993279829826,0.2873578531315632,0.1598699398880541,20,2,-0.05090642739425014,0.998,76.3,B,0.27052785923753664,3.3780694160238274,0.3409864786350497,0.2010983108389033,20,7,0,0.28346456692913385,0.23255813953488372,0.5616287600880411,0.18708730741012472,0.2512839325018342,0.2350726196880043,0.22987551867219916,0.22911694510739858,0.23235800344234078,0.25084745762711863,322,0.23863636363636365,196,False,False,0.6272627175845721,0.013796692299808289,3.860655737704918,4.245901639344262,122,,,,,,,0.06449296325978372,20,3.25,1.11,182.2,9,8,147,48,0,0,0,29,SP,29,736,154,25.4,7.24,2.36,7.59,1.18,25.379722656520325,0.010390590115619602,10,1.0,18.0,7,6,0,0,-1.0,4.208239620809404,0.05192085867969404,0.2478448275862069,0.2019607843137255,0.07254901960784314,0.333471837488458,0.28612950138504156,0.24285714285714285,4.16,0.3304501533596403
665052,Griffin Conine,L,MIA,3,Michael Soroka,R,647336,825030,MIA @ AZ,6:40 PM,15/09,Scheduled,0.6389536045478215,,,,False,1110011101,estimated,0,0,0.0,0,0,0.28332484341417524,0.3688904229685236,0.29680325331617624,0.401609129716916,0.2792678713862968,20,1,-0.03450862715678921,1.0,59.3,C,0.2710691823899371,3.521271991676913,0.35775928622055,0.2078820686562064,19,6,0,0.2903225806451613,0.2558139534883721,0.5447103274559194,0.33123425692695213,0.12405541561712846,0.26369426751592356,0.23443223443223443,0.1977401129943503,0.2409923213230951,0.2558139534883721,152,0.26495726495726496,132,False,False,0.6153016654173739,0.023651939130447608,3.0,3.4634146341463414,82,,,,,,,-0.05213012979096072,20,3.53,1.16,99.1,8,5,95,25,0,0,0,18,SP,19,411,90,21.6,8.61,2.27,8.15,0.63,20.878127884803597,-0.031186937881154786,6,0.75,36.0,7,6,0,0,0.0,3.9737298617231223,0.1050304421229675,0.27100271002710025,0.2853717026378897,0.10071942446043165,0.468,0.34026,0.27510917030567683,4.251,0.3106363882892391
686611,Dylan Crews,R,WSH,4,Cristopher Sánchez,L,650911,822683,PHI @ WSH,3:45 PM,15/09,Scheduled,0.6380251012851349,,,,False,0110111101,estimated,8,4,0.5,1,2025,0.27437905411198027,0.3655729679556955,0.3568128378526551,0.42379590876012796,0.2682141731847721,20,2,0.04721719911593328,1.04,80.6,A,0.3207207207207207,4.419011693849428,0.3802454807772537,0.24934263621899505,20,6,0,0.25396825396825395,0.20675105485232068,0.4338738738738739,0.1881081081081081,0.37801801801801804,0.21404456448345713,0.21428571428571427,0.2803738317757009,0.22230858919549165,0.23222748815165878,225,0.21052631578947367,173,False,False,0.6102697510343054,0.027755350250829536,3.78125,4.145833333333333,96,,,,,,,0.022195530794919094,20,2.79,1.21,187.1,17,5,210,42,0,0,0,30,SP,30,778,185,25.9,10.09,2.02,8.89,0.77,25.44236017720288,-0.018947323507357172,9,1.0,-13.0,7,5,0,0,0.0,4.103554187291143,0.05509566949332633,0.2182628062360802,0.24032586558044808,0.06924643584521385,0.4169184290030212,0.3125906344410876,0.28703703703703703,4.16,0.3173011029357529
686681,Michael Massey,L,KC,5,Hunter Brown,R,686613,824143,KC @ HOU,5:10 PM,15/09,Scheduled,0.636573476162619,,,,False,1111011111,estimated,8,2,0.25,1,2023,0.33817884043986207,0.38619501063510414,0.39033310857256087,0.39906317081111753,0.1273912218477819,20,2,0.06780749644446485,0.998,71.5,B,0.2959731543624161,2.4028671676847035,0.37422343592300583,0.256401733129974,16,6,0,0.22535211267605634,0.2931596091205212,0.6154362416107383,0.2859060402684564,0.09865771812080537,0.2793548387096774,0.28924418604651164,0.22482435597189696,0.2742600224803297,0.2675438596491228,242,0.3,164,False,False,0.6561088837386974,-0.019535407576078412,3.230769230769231,3.47008547008547,117,,,,,,,0.32094183157454287,20,3.52,1.3,92.0,5,3,100,46,0,0,0,17,SP,17,386,74,22.7,9.78,4.5,7.24,1.08,23.057983048808584,0.009440809551666818,7,1.0,1.0,7,5,0,0,-1.0,3.810879962049176,0.06272630976569804,0.2879177377892031,0.1606714628297362,0.050359712230215826,0.4126811594202898,0.31394099378881984,0.21195652173913043,4.026,0.3051938336156547
695491,Joshua Báez,R,STL,5,Blade Tidwell,R,694918,823007,SF @ STL,4:45 PM,15/09,Scheduled,0.6339093575173148,,,,False,1111101100,estimated,0,0,0.0,0,0,0.27545043281957815,0.320081259160678,0.4015245261248452,0.4020952030582311,0.27623991176653656,20,1,-0.11364633611232994,1.031,46.4,D,0.2685643564356436,2.0020773677476758,0.43811222708820835,0.19029832337379396,15,6,0,0.3023255813953488,0.18867924528301888,0.49814126394052044,0.45724907063197023,0.04460966542750929,0.19791666666666666,0.24336283185840707,0.17142857142857143,0.210016155088853,0.24074074074074073,56,0.23809523809523808,48,True,False,0.6082601761852202,0.025649181332094595,3.4285714285714284,3.7142857142857144,28,,,,,,,-0.03206926964727225,20,4.82,1.29,46.2,0,2,38,20,1,0,1,7,RP,15,197,40,13.1,7.33,3.86,7.71,1.16,15.289277971745618,-0.006876024183981477,6,0.6,1.0,5,6,0,0,0.0,3.6376813736804916,0.01478571818409162,0.25,0.31683168316831684,0.039603960396039604,0.5,0.33796666666666664,0.175,4.026,0.3159703544990549
645277,Ozzie Albies,L,ATL,6,Kevin Gausman,R,592332,824627,ATL @ CHC,4:40 PM,15/09,Scheduled,0.6338603559713851,-144.0,156.0,59.0,False,0100010100,estimated,0,0,0.0,0,0,0.1895316340158002,0.2604513392084951,0.3246697248021104,0.23141191170045022,0.15920998881936455,20,1,-0.06844409072821328,0.983,53.6,C,0.29537366548042704,3.35520825191266,0.4132818692631531,0.24929452317292317,20,6,0,0.2857142857142857,0.21727019498607242,0.5135327635327636,0.09223646723646724,0.3942307692307692,0.23033175355450236,0.23936613844870724,0.22199170124481327,0.23166744511910323,0.24216524216524216,387,0.24444444444444444,255,False,False,0.6294795945723707,0.004380761399014443,3.814569536423841,4.251655629139073,151,,,,,,,-0.26243413202444943,20,4.6,1.29,166.1,9,12,171,46,0,0,0,30,SP,30,706,168,23.5,9.25,2.49,9.09,1.3,23.82074151186308,-0.004720355971385204,5,0.7142857142857143,42.0,6,7,0,0,0.0,4.14460823132762,0.05147327190454577,0.22958057395143489,0.1512770137524558,0.07072691552062868,0.2800531914893617,0.2696427304964539,0.2520775623268698,3.896,0.3245325554438119
689414,Liam Hicks,L,TB,4,Jack Perkins,R,678022,822925,ATH @ TB,3:40 PM,15/09,Scheduled,0.631429133540054,,,,False,1011011001,estimated,5,4,0.8,1,2026,0.2594214793662301,0.34686387043594685,0.23256845216421557,0.3207922597747381,0.16291190834506294,20,3,0.09896907216494844,0.96,56.3,C,0.291958985429034,2.109592150000326,0.38284539320908534,0.24545075090137575,20,7,0,0.2,0.29896907216494845,0.5002763957987839,0.3156440022111664,0.18407960199004975,0.2899441340782123,0.28249744114636643,0.27699530516431925,0.28600702576112413,0.3046875,296,0.2604166666666667,223,False,False,0.6373499089150044,-0.005920775374950393,3.393939393939394,3.9318181818181817,132,,,,,,,-0.002750843190102223,20,6.53,1.53,103.1,3,11,119,47,3,2,5,14,RP,34,473,111,13.9,10.36,4.09,9.67,1.74,19.701371408634095,0.0018890482781277473,11,1.0,-9.0,5,6,0,0,0.0,3.212222009369098,0.03024435757628441,0.28329297820823246,0.09853249475890985,0.09433962264150944,0.2693078324225865,0.28652732240437156,0.27314814814814814,4.16,0.35475629197471314
695578,James Wood,L,WSH,1,Cristopher Sánchez,L,650911,822683,PHI @ WSH,3:45 PM,15/09,Scheduled,0.6296973068147457,-144.0,170.0,59.0,False,1111101111,estimated,11,0,0.0,1,2024,0.2688217330807382,0.3326800966563284,0.5168211904049388,0.41550204219549813,0.2553408045348544,20,2,-0.01703366030363468,1.04,80.6,A,0.3207207207207207,4.419011693849428,0.3802454807772537,0.24934263621899505,20,6,0,0.25949367088607594,0.2765273311897106,0.4338738738738739,0.1881081081081081,0.37801801801801804,0.26824552924117934,0.2561141304347826,0.26345609065155806,0.26366408632418487,0.2779783393501805,343,0.2604166666666667,234,False,False,0.6293425854296493,0.0003547213850964015,3.813008130081301,4.691056910569106,123,,,,,,,0.09737369793009983,20,2.79,1.21,187.1,17,5,210,42,0,0,0,30,SP,30,778,185,25.9,10.09,2.02,8.89,0.77,25.44236017720288,0.01628047096303209,9,1.0,-13.0,7,5,0,0,0.0,4.544209896690569,0.16004263027717908,0.2713347921225383,0.27886323268206037,0.152753108348135,0.5914444444444444,0.42358666666666667,0.16363636363636364,4.443,0.3173011029357529
813841,Jonah Cox,R,SF,4,Andre Pallante,R,669467,823007,SF @ STL,4:45 PM,15/09,Scheduled,0.6295285961183003,,,,False,1111011111,estimated,0,0,0.0,0,0,0.2861380652179305,0.3179496325123635,0.2864596019182445,0.41676143263014653,0.2837068295190801,20,1,-0.00034199726402189823,1.031,62.1,C,0.26745662293694455,2.1464966858510466,0.3230099535895921,0.1588770133107207,20,6,0,0.27941176470588236,0.27906976744186046,0.5035971223021583,0.46804909013965296,0.028353787558188744,0.28421052631578947,0.24607329842931938,0.24528301886792453,0.27599486521181,0.2903225806451613,67,0.2653061224489796,55,True,False,0.5985648558883002,0.030963740230000036,2.707317073170732,2.975609756097561,41,,,,,,,0.1539250582371475,20,3.45,1.23,146.0,12,6,102,45,0,0,0,26,SP,26,602,135,23.2,6.29,2.77,8.32,0.62,22.981044433656702,-0.013448596118300293,5,0.5555555555555556,12.0,6,6,0,0,0.0,3.8752109352046453,0.060377244506617335,0.28431372549019607,0.35398230088495575,0.05309734513274336,0.41935483870967744,0.34732258064516125,0.23553719008264462,4.16,0.3425594092626681
667472,Dane Myers,R,CIN,1,Yoshinobu Yamamoto,R,808967,824466,LAD @ CIN,3:40 PM,15/09,Scheduled,0.6294795945723707,,,,False,1011101101,estimated,0,0,0.0,0,0,0.3023424133333847,0.3438831573982892,0.38404118929286246,0.3715776794910871,0.16652453043011456,20,1,0.009781224678782285,1.083,87.5,A,0.30251419302514193,4.707876081594437,0.3723553351744445,0.28521355317127534,20,6,0,0.26380368098159507,0.27358490566037735,0.5455284552845528,0.18739837398373985,0.26707317073170733,0.2586975914362177,0.2872531418312388,0.25691699604743085,0.26639132679401134,0.2926829268292683,142,0.2465753424657534,167,False,False,0.6474740905647614,-0.01799449599239067,2.717171717171717,3.121212121212121,99,,,,,,,0.11737875727938486,20,2.62,0.88,172.0,13,8,171,39,0,0,0,26,SP,26,658,113,25.3,8.95,2.04,5.91,0.99,25.5764629122614,0.027407905427629276,8,0.8888888888888888,0.0,6,6,0,0,0.0,4.014477404271842,0.07314151191356562,0.25696594427244585,0.23978201634877383,0.10354223433242507,0.4056737588652482,0.31361063829787234,0.19708029197080293,4.443,0.3291422662706531
687551,Drew Gilbert,L,SF,1,Andre Pallante,R,669467,823007,SF @ STL,4:45 PM,15/09,Scheduled,0.628052990145679,,,,False,0110010100,estimated,5,3,0.6,1,2025,0.19401019748766277,0.32421188194433676,0.39891768854177323,0.24568262155316092,0.20669500262006588,20,1,0.10521965044874823,1.031,62.1,C,0.26745662293694455,2.1464966858510466,0.3230099535895921,0.1588770133107207,20,6,0,0.13793103448275862,0.24315068493150685,0.5035971223021583,0.46804909013965296,0.028353787558188744,0.2487644151565074,0.2353923205342237,0.2531017369727047,0.24527452745274528,0.26627218934911245,188,0.19736842105263158,182,False,False,0.6048467890465883,0.023206201099090662,2.675,3.0833333333333335,120,,,,,,,-0.10842804954498171,20,3.45,1.23,146.0,12,6,102,45,0,0,0,26,SP,26,602,135,23.2,6.29,2.77,8.32,0.62,22.981044433656702,-0.00909299014567888,5,0.5555555555555556,12.0,6,6,0,0,0.0,2.8698921793946885,0.18177009728465382,0.2361963190184049,0.17962466487935658,0.08579088471849866,0.3587516087516088,0.31646203346203344,0.25573770491803277,4.443,0.3425594092626681
701807,Carson Benge,L,NYM,4,Shane Baz,R,669358,823574,BAL @ NYM,4:10 PM,15/09,Scheduled,0.628052990145679,-156.0,186.0,61.0,False,1011001101,estimated,0,0,0.0,0,0,0.23970466979160898,0.3514705938910322,0.1992695141498123,0.3306285280795843,0.2658912977166423,20,1,-0.03011254362846355,0.949,56.2,C,0.2644927536231884,2.917996740590271,0.42001154109575173,0.21237831067933288,20,6,0,0.2949640287769784,0.26485148514851486,0.5821818181818181,0.3276363636363636,0.09018181818181818,0.2528111671190384,0.252297410192147,0.2691751085383502,0.2553715308863026,0.2555205047318612,347,0.29646017699115046,247,True,False,0.6339093575173148,-0.005856367371635862,3.823943661971831,4.183098591549296,142,,,,,,,0.06193539623389788,20,4.05,1.33,169.0,6,15,150,58,0,0,0,29,SP,29,721,167,24.9,7.99,3.09,8.89,0.75,24.597325797891166,0.00024700985432102307,8,0.8,-5.0,7,6,0,0,0.0,4.407561143458035,0.08416747318715508,0.2899786780383795,0.21553398058252426,0.07184466019417475,0.3812849162011173,0.3740637802607076,0.2755905511811024,4.16,0.341886795417157
681082,Bryson Stott,L,PHI,6,Jackson Kent,L,800600,822683,PHI @ WSH,3:45 PM,15/09,Scheduled,0.6268188667392315,,,,False,0010100001,estimated,0,0,0.0,0,0,0.1465438230130486,0.2992438020043872,0.24911613299171476,0.205559076171595,0.21512049749595719,20,2,-0.010261379447425972,1.04,22.4,F,0.2514506769825919,1.1923797575469213,0.4184319335112172,0.17678662073972387,6,6,0,0.2403846153846154,0.25064599483204136,0.4506769825918762,0.3346228239845261,0.21470019342359767,0.2335958005249344,0.2675619834710744,0.22408026755852842,0.23972071373157486,0.22878228782287824,301,0.2727272727272727,253,False,True,0.5937372501038639,0.03308161663536757,3.4577464788732395,3.9014084507042255,142,,,,,,,-0.2036727355145764,20,6.59,1.83,27.1,1,4,23,20,0,0,0,6,SP,6,129,30,21.5,7.57,6.59,9.88,0.33,21.50202648960159,-0.017206366739231482,8,0.8888888888888888,3.0,7,6,0,0,0.0,3.64146779941711,0.07437151777262363,0.25181598062953997,0.1740976645435244,0.10615711252653928,0.3534239677744209,0.3291797583081571,0.2692307692307692,3.896,0.30724007808414366
681715,Heriberto Hernandez,R,MIA,2,Michael Soroka,R,647336,825030,MIA @ AZ,6:40 PM,15/09,Scheduled,0.6265945893874744,,,,False,0010101111,estimated,0,0,0.0,0,0,0.20221277134540175,0.2853579555772242,0.3684840062664894,0.2504448284659824,0.2548841646878341,20,1,0.03446099469830852,1.0,59.3,C,0.2710691823899371,3.521271991676913,0.35775928622055,0.2078820686562064,19,6,0,0.20588235294117646,0.24034334763948498,0.5447103274559194,0.33123425692695213,0.12405541561712846,0.21437422552664187,0.20573689416419386,0.19254658385093168,0.2093469910371319,0.19724770642201836,246,0.2594594594594595,209,False,False,0.6195449168088975,0.007049672578576915,3.3865546218487395,3.823529411764706,119,,,,,,,0.06394732893706244,20,3.53,1.16,99.1,8,5,95,25,0,0,0,18,SP,19,411,90,21.6,8.61,2.27,8.15,0.63,20.878127884803597,-0.016111256054140988,6,0.75,36.0,7,6,0,0,0.0,4.639720727501611,0.11906937932951744,0.22885572139303484,0.2703296703296703,0.10329670329670329,0.478494623655914,0.3487096774193548,0.18243243243243243,4.352,0.3106363882892391
668804,Bryan Reynolds,L,PIT,2,Jacob Misiorowski,R,694819,823333,MIL @ PIT,3:40 PM,15/09,Scheduled,0.6265945893874744,-117.0,127.0,54.0,False,0110100111,estimated,6,2,0.3333333333333333,1,2025,0.2846545612796483,0.380139070781727,0.5987502730549431,0.3565371635403332,0.1696542614148336,20,2,-0.022232209737827746,1.013,95.9,A,0.35338983050847456,5.6822269982643565,0.34879825537458864,0.37062185443748275,20,7,0,0.2808988764044944,0.25866666666666666,0.7778719796523951,0.21153030945315812,0.0105977108944468,0.24049429657794677,0.24222222222222223,0.2694063926940639,0.2466005992164093,0.2948328267477204,385,0.22321428571428573,266,False,False,0.6623157916919599,-0.0357212023044855,3.7114093959731544,4.369127516778524,149,,,,,,,0.171415662055723,20,1.95,0.8,161.1,14,5,236,41,0,0,0,27,SP,27,616,88,22.8,13.17,2.29,4.91,0.78,22.803272042719104,0.04172541061252555,5,0.625,16.0,7,6,0,0,1.0,4.434501360587616,0.10942316257486437,0.27111111111111114,0.2222222222222222,0.11494252873563218,0.49476047904191617,0.35498203592814376,0.12333333333333334,4.352,0.31427579437741654
694197,Angel Genao,L,CLE,7,Chris Murphy,L,669684,824384,CWS @ CLE,3:40 PM,15/09,Scheduled,0.6265333664441867,,,,False,0101100100,estimated,0,0,0.0,0,0,0.1773145892943542,0.2877738984729695,0.4618928803512347,0.20197500690741568,0.1507282119038625,20,2,0.0007309941520467766,0.987,91.1,A,0.2904929577464789,4.720280985441955,0.3099650908087677,0.29974818822706134,20,2,0,0.23684210526315788,0.2361111111111111,0.3626760563380282,0.602112676056338,0.035211267605633804,0.2358974358974359,0.2062780269058296,0.2074074074074074,0.22192513368983957,0.2777777777777778,57,0.19642857142857142,63,True,False,0.657959243576432,-0.03142587713224532,3.4375,3.75,32,,,,,,,-0.05818689411629923,20,3.94,1.34,32.0,3,0,34,15,1,1,2,2,RP,31,140,28,4.5,9.56,4.22,7.88,0.56,4.252518442990284,0.012949966889146625,6,0.6666666666666666,4.0,7,6,0,0,0.0,3.6344963978064717,0.13150735785219933,0.24528301886792453,0.1391304347826087,0.06956521739130435,0.5222222222222223,0.29259999999999997,0.23728813559322035,3.76,0.3109342805868798
673237,Yainer Diaz,R,HOU,7,Michael Wacha,R,608379,824143,KC @ HOU,5:10 PM,15/09,Scheduled,0.6262959169991973,,,,False,1110110110,estimated,6,1,0.16666666666666666,1,2025,0.3404565700706222,0.28119498967188983,0.47626879905666497,0.4524453462821262,0.2767817972488398,20,2,0.04622051035146846,0.998,76.3,B,0.27052785923753664,3.3780694160238274,0.3409864786350497,0.2010983108389033,20,7,0,0.24731182795698925,0.2935323383084577,0.5616287600880411,0.18708730741012472,0.2512839325018342,0.30292397660818715,0.27586206896551724,0.2767857142857143,0.29053254437869824,0.31097560975609756,169,0.23846153846153847,141,False,False,0.6221311716854475,0.004164745313749774,3.675,3.875,80,,,,,,,0.20721052917639377,20,3.25,1.11,182.2,9,8,147,48,0,0,0,29,SP,29,736,154,25.4,7.24,2.36,7.59,1.18,25.379722656520325,0.00817408300080269,10,1.0,18.0,7,6,0,0,-1.0,3.5561784042585294,0.04923776335839418,0.27293577981651373,0.16339869281045752,0.034858387799564274,0.3893351800554017,0.31444459833795013,0.24285714285714285,3.76,0.3304501533596403
665877,José Fermín,R,STL,8,Blade Tidwell,R,694918,823007,SF @ STL,4:45 PM,15/09,Scheduled,0.625202403887814,,,,False,1110110110,estimated,0,0,0.0,0,0,0.2284614650474701,0.26152932328133477,0.24720227926073804,0.2906208681092288,0.15485979147012854,20,3,-0.08007246376811591,1.031,46.4,D,0.2685643564356436,2.0020773677476758,0.43811222708820835,0.19029832337379396,15,6,0,0.2717391304347826,0.19166666666666668,0.49814126394052044,0.45724907063197023,0.04460966542750929,0.24411302982731553,0.23941605839416058,0.2926829268292683,0.24888691006233304,0.24025974025974026,169,0.24,176,False,False,0.6050940466003186,0.020108357287495382,2.8411214953271027,3.2242990654205608,107,,,,,,,-0.09704783428773729,20,4.82,1.29,46.2,0,2,38,20,1,0,1,7,RP,15,197,40,13.1,7.33,3.86,7.71,1.16,15.289277971745618,-0.00646907055448076,6,0.6,1.0,5,6,0,0,0.0,3.730732957180047,0.049353095070127716,0.23738872403560832,0.12827225130890052,0.08115183246073299,0.31024305555555554,0.27571875,0.175,3.598,0.3159703544990549
683002,Gunnar Henderson,L,BAL,2,Sean Manaea,L,640455,823574,BAL @ NYM,4:10 PM,15/09,Scheduled,0.6244476801893021,-144.0,163.0,59.0,False,1110101111,estimated,0,0,0.0,0,0,0.2577075496497886,0.3263148061546069,0.4077809402405671,0.3702734110663131,0.18168679970822926,20,1,0.02482426523495876,0.949,55.7,C,0.27391109115401885,3.529232233966364,0.423416194342463,0.20797262465345367,20,7,0,0.24157303370786518,0.21674876847290642,0.6506511001347104,0.305792546026044,0.04355635383924562,0.205723124516628,0.2213967310549777,0.1980728051391863,0.20829058075107737,0.21367521367521367,391,0.24034334763948498,270,False,False,0.6353159896336379,-0.01086830944433581,3.9727891156462585,4.496598639455782,147,,,,,,,-0.12785764078949624,20,4.79,1.34,133.1,5,7,126,41,0,0,0,16,SP,30,582,138,19.4,8.51,2.77,9.32,1.42,23.82920214645919,-0.007335180189302126,8,0.8888888888888888,-7.0,7,6,0,0,0.0,4.222046811613997,0.1427810129031741,0.22505307855626328,0.19548872180451127,0.09022556390977443,0.41689373297002724,0.3135149863760218,0.2484472049689441,4.352,0.3382446126252338
605137,Josh Bell,L,MIN,5,Max Fried,L,608331,823654,NYY @ MIN,4:40 PM,15/09,Scheduled,0.6238882448319291,-138.0,150.0,58.0,False,1110001001,estimated,16,6,0.375,1,2022,0.23911112503963752,0.36707224768148206,0.4645085329707719,0.32599263206642576,0.2099300557979469,20,1,0.011110134481849332,1.022,83.0,A,0.2849122807017544,3.131475785979626,0.27581963085517974,0.27588868064463246,17,5,0,0.2645161290322581,0.25340599455040874,0.6182456140350877,0.2575438596491228,0.12421052631578948,0.2628841607565012,0.23479087452471484,0.23658051689860835,0.24910351422424098,0.28164556962025317,348,0.21844660194174756,232,False,False,0.6351199458587419,-0.011231701026812813,3.676056338028169,4.084507042253521,142,,,,,,,0.037143261331945926,20,2.73,0.99,99.0,4,4,94,31,0,0,0,18,SP,18,382,67,21.2,8.55,2.82,6.09,0.36,19.945143446352997,0.012283183739499437,7,0.875,-7.0,5,6,0,0,0.0,4.143219659144118,0.08917423309424012,0.251685393258427,0.20121951219512196,0.07723577235772358,0.41377649325626203,0.3244190751445087,0.14864864864864866,4.026,0.27160528236081666
682987,Spencer Jones,L,NYY,4,Bailey Ober,R,641927,823654,NYY @ MIN,4:40 PM,15/09,Scheduled,0.6238882448319291,,,,False,1110111110,estimated,0,0,0.0,0,0,0.3525277037602101,0.5230326951355835,0.4381112556621229,0.5786472428035847,0.34644885874252207,20,1,-0.09176029962546814,1.022,56.7,C,0.2567783094098884,2.425593587980119,0.38093924991988537,0.17579710379217514,20,9,0,0.3333333333333333,0.24157303370786518,0.3487506645401382,0.31153641679957467,0.3397129186602871,0.2613412228796844,0.2294455066921606,0.17699115044247787,0.2391304347826087,0.2753623188405797,152,0.23529411764705882,99,True,False,0.6085126778878237,0.015375566944105357,2.973333333333333,3.3466666666666667,75,,,,,,,0.027191494110496973,20,4.28,1.25,117.2,7,5,85,34,0,0,0,22,SP,22,498,113,22.6,6.5,2.6,8.64,1.38,22.681450920734907,0.0020784218347376093,3,0.375,-5.0,7,7,0,0,0.0,3.7166724064810777,0.07679168297781758,0.27350427350427353,0.3445692883895131,0.10112359550561797,0.5545774647887324,0.3773380281690141,0.2366412213740458,4.16,0.3223238495233071
666176,Jo Adell,R,CLE,3,Chris Murphy,L,669684,824384,CWS @ CLE,3:40 PM,15/09,Scheduled,0.6237096621226473,-170.0,194.0,63.0,False,0001110111,estimated,0,0,0.0,0,0,0.22465881109574845,0.34440522375188304,0.4525943806823405,0.3066209093166655,0.26362482597455156,20,1,0.005013054830287189,0.987,91.1,A,0.2904929577464789,4.720280985441955,0.3099650908087677,0.29974818822706134,20,2,0,0.24,0.2349869451697128,0.3626760563380282,0.602112676056338,0.035211267605633804,0.2278268179907524,0.2503429355281207,0.21608040201005024,0.23336330935251798,0.24242424242424243,357,0.22807017543859648,252,False,False,0.6378222301328371,-0.014112568010189785,3.795918367346939,4.142857142857143,147,,,,,,,0.09866245503862248,20,3.94,1.34,32.0,3,0,34,15,1,1,2,2,RP,31,140,28,4.5,9.56,4.22,7.88,0.56,4.252518442990284,0.02200700454401927,6,0.6666666666666666,4.0,7,6,0,0,0.0,4.277946259217108,0.04634168881380538,0.22991071428571427,0.25609756097560976,0.04878048780487805,0.4280538302277433,0.3485709109730849,0.23333333333333334,4.251,0.3109342805868798
671976,Tristan Peters,L,CWS,7,Foster Griffin,L,656492,824384,CWS @ CLE,3:40 PM,15/09,Scheduled,0.623146973816752,,,,False,1110100110,estimated,0,0,0.0,0,0,0.23581779141217202,0.2514279866097658,0.40918927957143025,0.2752871493900501,0.17906236722353555,20,1,-0.09066213921901528,0.987,57.4,C,0.2847508430123642,3.1102968458320874,0.36803978422959444,0.2025434985843479,20,6,0,0.1935483870967742,0.28421052631578947,0.5943007124109486,0.23322084739407575,0.17247844019497563,0.2403335860500379,0.2545968882602546,0.24752475247524752,0.24713584288052373,0.2409090909090909,239,0.3193717277486911,222,False,False,0.6295285961183003,-0.006381622301548262,2.9568345323741005,3.316546762589928,139,,,,,,,0.0726084912736161,20,3.65,1.18,162.2,15,5,146,43,0,0,0,29,SP,29,674,149,23.2,8.08,2.38,8.24,1.27,22.78318536980429,-0.01244697381675186,7,0.875,17.0,7,7,0,0,0.0,3.8033000365735568,0.06995550429196332,0.28291316526610644,0.16458852867830423,0.07481296758104738,0.3627147766323024,0.3171890034364261,0.19760479041916168,3.76,0.342996404523976
682829,Elly De La Cruz,L,CIN,2,Yoshinobu Yamamoto,R,808967,824466,LAD @ CIN,3:40 PM,15/09,Scheduled,0.6225784115328025,-156.0,170.0,61.0,False,1111110111,estimated,10,2,0.2,1,2024,0.3746719706599982,0.5263766692480932,0.7257767409953979,0.5989525722720034,0.33563664536135046,20,1,-0.04997312276409205,1.083,87.5,A,0.30251419302514193,4.707876081594437,0.3723553351744445,0.28521355317127534,20,6,0,0.3197278911564626,0.26975476839237056,0.5455284552845528,0.18739837398373985,0.26707317073170733,0.26002703920684994,0.2664756446991404,0.2612704918032787,0.2625054371465855,0.27522935779816515,360,0.2994652406417112,222,False,False,0.641421589196113,-0.018843177663310562,3.953846153846154,4.476923076923077,130,,,,,,,0.2979984607476988,20,2.62,0.88,172.0,13,8,171,39,0,0,0,26,SP,26,658,113,25.3,8.95,2.04,5.91,0.99,25.5764629122614,0.03807158846719749,8,0.8888888888888888,0.0,6,6,0,0,0.0,4.364323341764821,0.0826826442130117,0.2860169491525424,0.26865671641791045,0.11007462686567164,0.538109756097561,0.41301422764227647,0.17142857142857143,4.352,0.3291422662706531
680777,Ryan Jeffers,R,MIN,4,Max Fried,L,608331,823654,NYY @ MIN,4:40 PM,15/09,Scheduled,0.6208216424887995,,,,False,1101001100,estimated,0,0,0.0,0,0,0.18953299434210416,0.282452812302136,0.41393187218041844,0.22098459514529467,0.18482168682600644,20,1,0.008460320601622773,1.022,83.0,A,0.2849122807017544,3.131475785979626,0.27581963085517974,0.27588868064463246,17,5,0,0.2661290322580645,0.25766871165644173,0.6182456140350877,0.2575438596491228,0.12421052631578948,0.24452296819787986,0.24425634824667472,0.22018348623853212,0.24133904242896068,0.24,200,0.29464285714285715,134,False,False,0.6351199458587419,-0.014298303369942422,3.4578313253012047,4.024096385542169,83,,,,,,,-0.018651434387114488,20,2.73,0.99,99.0,4,4,94,31,0,0,0,18,SP,18,382,67,21.2,8.55,2.82,6.09,0.36,19.945143446352997,0.009306928939771919,7,0.875,-7.0,5,6,0,0,0.0,4.017923408740975,0.07046830322478927,0.27817745803357313,0.1797520661157025,0.11983471074380166,0.40101010101010104,0.30286212121212125,0.21686746987951808,4.16,0.27160528236081666
686469,Vinnie Pasquantino,L,KC,4,Hunter Brown,R,686613,824143,KC @ HOU,5:10 PM,15/09,Scheduled,0.6208216424887995,,,,False,1101110110,estimated,8,2,0.25,1,2024,0.198659812190728,0.303460673960509,0.49848706740732257,0.23734761430828413,0.12124064362146596,20,2,0.005432098765432103,0.998,71.5,B,0.2959731543624161,2.4028671676847035,0.37422343592300583,0.256401733129974,16,6,0,0.2345679012345679,0.24,0.6154362416107383,0.2859060402684564,0.09865771812080537,0.24144037780401417,0.21029572836801752,0.2670940170940171,0.23590408295528192,0.23636363636363636,259,0.2422360248447205,181,False,False,0.6421648259030605,-0.021343183414261002,3.6990291262135924,4.271844660194175,103,,,,,,,-0.06097193430003635,20,3.52,1.3,92.0,5,3,100,46,0,0,0,17,SP,17,386,74,22.7,9.78,4.5,7.24,1.08,23.057983048808584,0.010192643225486187,7,1.0,1.0,7,5,0,0,-1.0,4.136864116376327,0.09623051694439316,0.24222222222222223,0.1517509727626459,0.09727626459143969,0.43799283154121865,0.29364605734767024,0.21195652173913043,4.16,0.3051938336156547
502671,Paul Goldschmidt,R,NYY,5,Bailey Ober,R,641927,823654,NYY @ MIN,4:40 PM,15/09,Scheduled,0.6207663160093437,,,,False,1101010101,estimated,0,0,0.0,0,0,0.21742433819299029,0.3593336700896452,0.3843118455356968,0.30232062087296074,0.20297842908519445,20,3,-0.056577577230128406,1.022,56.7,C,0.2567783094098884,2.425593587980119,0.38093924991988537,0.17579710379217514,20,9,0,0.2736318407960199,0.21705426356589147,0.3487506645401382,0.31153641679957467,0.3397129186602871,0.2346723044397463,0.25268817204301075,0.20665083135391923,0.23660553757641137,0.265625,209,0.2318840579710145,154,False,False,0.5933063308525733,0.027459985156770395,3.3333333333333335,3.6666666666666665,99,,,,,,,-0.08275182485617309,20,4.28,1.25,117.2,7,5,85,34,0,0,0,22,SP,22,498,113,22.6,6.5,2.6,8.64,1.38,22.681450920734907,-0.025066316009343725,3,0.375,-5.0,7,7,0,0,0.0,2.878264348076346,0.15463411844213237,0.25129533678756477,0.22716627634660422,0.0702576112412178,0.4039792387543253,0.3128650519031142,0.25757575757575757,4.026,0.3223238495233071
571448,Nolan Arenado,R,AZ,6,Janson Junk,R,676083,825030,MIA @ AZ,6:40 PM,15/09,Scheduled,0.620413208664711,-144.0,156.0,59.0,False,0111011011,estimated,0,0,0.0,0,0,0.25639193890120227,0.25360499872339376,0.28945846025279703,0.37480904809156074,0.20252624345898038,20,1,-0.007074085334954905,1.0,48.3,D,0.24560408394781622,2.1382241136986426,0.3848925533459124,0.12998588870082287,20,6,0,0.24475524475524477,0.23768115942028986,0.3798977853492334,0.43668370244179444,0.18341851220897218,0.2158912702561422,0.21659324522760645,0.2318840579710145,0.2179314069673238,0.2147887323943662,316,0.27450980392156865,234,False,False,0.5972812177415974,0.023131990923113577,3.4857142857142858,3.9285714285714284,140,,,,,,,0.10189537901868322,20,4.54,1.32,111.0,6,9,74,30,0,0,0,22,SP,23,472,117,20.5,6.0,2.43,9.49,1.05,19.098436609664663,-0.008513208664710947,4,0.4444444444444444,7.0,6,6,0,0,0.0,4.055892929623939,0.10440232049695129,0.24213075060532688,0.19873150105708245,0.09936575052854123,0.32319749216300936,0.28601724137931034,0.22699386503067484,3.896,0.33543550822257623
691723,Coby Mayo,R,BAL,4,Sean Manaea,L,640455,823574,BAL @ NYM,4:10 PM,15/09,Scheduled,0.6198076656994749,,,,False,1011011111,estimated,0,0,0.0,0,0,0.2743669388980455,0.38948909969274703,0.47344747181940655,0.4369589622220972,0.22277083767446018,20,1,0.09121395036887997,0.949,55.7,C,0.27391109115401885,3.529232233966364,0.423416194342463,0.20797262465345367,20,7,0,0.28169014084507044,0.19047619047619047,0.6506511001347104,0.305792546026044,0.04355635383924562,0.21152388172858225,0.21091581868640147,0.2748091603053435,0.22019334049409237,0.22380952380952382,233,0.22699386503067484,175,False,False,0.6198222670875299,-1.4601388054980013e-05,3.2155172413793105,3.5172413793103448,116,,,,,,,0.09487786735131602,20,4.79,1.34,133.1,5,7,126,41,0,0,0,16,SP,30,582,138,19.4,8.51,2.77,9.32,1.42,23.82920214645919,-0.024170165699474833,8,0.8888888888888888,-7.0,7,6,0,0,0.0,3.940885555377155,0.11898930919303051,0.21957671957671956,0.3076923076923077,0.07692307692307693,0.48,0.33872399999999997,0.2752808988764045,4.16,0.3382446126252338
806367,Turner Hill,L,SF,5,Andre Pallante,R,669467,823007,SF @ STL,4:45 PM,15/09,Scheduled,0.6168224111674939,,,,False,0100100001,estimated,0,0,0.0,0,0,0.1687370184941837,0.29042297821736746,0.31383214954958377,0.20164078757409457,0.23097112378826973,20,1,-0.019230769230769218,1.031,62.1,C,0.26745662293694455,2.1464966858510466,0.3230099535895921,0.1588770133107207,20,6,0,0.25,0.23076923076923078,0.5035971223021583,0.46804909013965296,0.028353787558188744,0.2275449101796407,0.24293785310734464,0.15555555555555556,0.22056384742951907,0.2558139534883721,52,0.21212121212121213,40,True,False,0.5804986301098615,0.036323781057632454,3.04,3.68,25,,,,,,,-0.04252272845736247,20,3.45,1.23,146.0,12,6,102,45,0,0,0,26,SP,26,602,135,23.2,6.29,2.77,8.32,0.62,22.981044433656702,-0.022002411167493907,5,0.5555555555555556,12.0,6,6,0,0,0.0,3.923202568957377,0.1456625894172935,0.22972972972972974,0.19101123595505617,0.11235955056179775,0.3087719298245614,0.29743859649122806,0.25573770491803277,4.026,0.3425594092626681
641487,J. P. Crawford,L,SEA,5,Ryan Johnson,R,696270,823980,SEA @ LAA,6:38 PM,15/09,Scheduled,0.6158074278985413,,,,False,1110001111,estimated,0,0,0.0,0,0,0.2906873444819883,0.2611164278888714,0.26269046876384883,0.33742180154763757,0.154431227948964,20,1,-0.04395297729096176,0.979,55.3,C,0.27010309278350514,1.5735132024146703,0.35030692914148265,0.1761265159403403,19,6,0,0.25688073394495414,0.21292775665399238,0.5690721649484536,0.21512027491408936,0.21580756013745706,0.22126436781609196,0.22840236686390533,0.2518703241895262,0.22685046448906204,0.2345132743362832,269,0.21232876712328766,176,False,False,0.5964169722185751,0.019390455679966112,3.5428571428571427,4.238095238095238,105,,,,,,,0.13827518443753162,20,5.12,1.36,84.1,4,8,63,39,0,0,0,16,SP,19,363,76,19.1,6.72,4.16,8.11,1.92,20.267451985925113,-0.03563599932711281,7,0.7777777777777778,-12.0,6,7,0,0,0.0,4.485175578842471,0.11983691895829883,0.22062350119904076,0.19438877755511022,0.13226452905811623,0.33489583333333334,0.3153625,0.24598930481283424,4.026,0.33908816012929044
676724,Jared Young,L,NYM,5,Shane Baz,R,669358,823574,BAL @ NYM,4:10 PM,15/09,Scheduled,0.6156344901220884,,,,False,1010110100,estimated,0,0,0.0,0,0,0.19699302713724173,0.3023446745161504,0.3892001224948947,0.23388263436534476,0.18925445553306533,20,1,0.04415584415584414,0.949,56.2,C,0.2644927536231884,2.917996740590271,0.42001154109575173,0.21237831067933288,20,6,0,0.22857142857142856,0.2727272727272727,0.5821818181818181,0.3276363636363636,0.09018181818181818,0.2521150592216582,0.23964497041420119,0.2413793103448276,0.2463768115942029,0.29518072289156627,178,0.23308270676691728,154,False,False,0.6237096621226473,-0.008075172000558961,3.082474226804124,3.422680412371134,97,,,,,,,0.09929206003717599,20,4.05,1.33,169.0,6,15,150,58,0,0,0,29,SP,29,721,167,24.9,7.99,3.09,8.89,0.75,24.597325797891166,-0.009834490122088257,8,0.8,-5.0,7,6,0,0,0.0,3.7587196428919447,0.11247671722303748,0.2556818181818182,0.211340206185567,0.06443298969072164,0.45037037037037037,0.30162962962962964,0.2755905511811024,4.026,0.341886795417157
682928,Cj Abrams,L,WSH,5,Cristopher Sánchez,L,650911,822683,PHI @ WSH,3:45 PM,15/09,Scheduled,0.6150896824532938,-122.0,138.0,55.0,False,0011000111,estimated,22,6,0.2727272727272727,1,2022,0.20129252725712996,0.34554238780198354,0.4940537954008435,0.3011231779492382,0.3101459640172475,20,2,0.025761165218917248,1.04,80.6,A,0.3207207207207207,4.419011693849428,0.3802454807772537,0.24934263621899505,20,6,0,0.2827586206896552,0.25699745547073793,0.4338738738738739,0.1881081081081081,0.37801801801801804,0.2512664640324215,0.24068965517241378,0.25245901639344265,0.24790123456790122,0.2838283828382838,348,0.23829787234042554,263,False,False,0.6109259802248251,0.004163702228468624,3.8156028368794326,4.333333333333333,141,,,,,,,0.03227636008681521,20,2.79,1.21,187.1,17,5,210,42,0,0,0,30,SP,30,778,185,25.9,10.09,2.02,8.89,0.77,25.44236017720288,0.0016880953244838848,9,1.0,-13.0,7,5,0,0,0.0,4.366138683549234,0.06299349284382776,0.2526997840172786,0.2653846153846154,0.08076923076923077,0.4032307692307693,0.33350153846153846,0.16363636363636364,4.026,0.3173011029357529
691781,Brady House,R,WSH,6,Cristopher Sánchez,L,650911,822683,PHI @ WSH,3:45 PM,15/09,Scheduled,0.6139918321182473,,,,False,1111010100,estimated,0,0,1.0,0,0,0.23524138654796065,0.3530673717683979,0.44978964844168107,0.26801135907085555,0.11318465783597915,20,2,0.08116883116883114,1.04,80.6,A,0.3207207207207207,4.419011693849428,0.3802454807772537,0.24934263621899505,20,6,0,0.2857142857142857,0.20454545454545456,0.4338738738738739,0.1881081081081081,0.37801801801801804,0.23669724770642203,0.23823975720789076,0.28517110266159695,0.24379344587884808,0.2611464968152866,173,0.20610687022900764,145,False,False,0.6100431403816469,0.003948691736600396,3.4698795180722892,3.8313253012048194,83,,,,,,,0.12555561036501517,20,2.79,1.21,187.1,17,5,210,42,0,0,0,30,SP,30,778,185,25.9,10.09,2.02,8.89,0.77,25.44236017720288,-0.007858498784913959,9,1.0,-13.0,7,5,0,0,0.0,3.5530244246975444,0.12453897498769015,0.2396088019559902,0.2696629213483146,0.06292134831460675,0.4858708189158016,0.3571833910034602,0.28703703703703703,3.896,0.3173011029357529
665926,Andrés Giménez,L,TOR,6,Drew Anderson,R,623454,822762,DET @ TOR,4:07 PM,15/09,Scheduled,0.6139535670684558,,,,False,1101110111,estimated,0,0,0.0,0,0,0.2773198221789117,0.34598852188838863,0.32809319463943276,0.35463522653460366,0.14138229894278448,20,1,-0.13865414710485136,0.995,61.6,C,0.2942295497780596,2.529399538132644,0.3792891752035196,0.22162851038969306,20,7,0,0.35555555555555557,0.21690140845070421,0.4165079365079365,0.273015873015873,0.31047619047619046,0.25538103548574753,0.22875,0.2116279069767442,0.2412043301759134,0.26639344262295084,261,0.21890547263681592,222,False,False,0.6284763098175818,-0.014522742749126016,3.3208955223880596,3.6044776119402986,134,,,,,,,0.11338029361609861,20,3.8,1.31,97.0,4,6,105,40,2,6,8,9,RP,47,414,87,8.8,9.74,3.71,8.07,1.3,13.138362946841761,0.01228929007440116,7,0.7,-10.0,7,6,0,0,0.0,3.8415956623183067,0.028686789360745164,0.2423469387755102,0.1920374707259953,0.02576112412177986,0.24532258064516127,0.29958709677419354,0.23737373737373738,3.896,0.2987501469839543
592663,J. T. Realmuto,R,PHI,8,Jackson Kent,L,800600,822683,PHI @ WSH,3:45 PM,15/09,Scheduled,0.6136883003803218,,,,False,1000001011,estimated,0,0,0.0,0,0,0.2732165779426855,0.30043095732486214,0.3591822152795432,0.3377465782793533,0.20858924788567687,20,2,0.016666666666666663,1.04,22.4,F,0.2514506769825919,1.1923797575469213,0.4184319335112172,0.17678662073972387,6,6,0,0.23636363636363636,0.2196969696969697,0.4506769825918762,0.3346228239845261,0.21470019342359767,0.22871994801819362,0.21107266435986158,0.2236842105263158,0.2250367107195301,0.2537313432835821,223,0.1907514450867052,199,False,True,0.5713737178874321,0.042314582492889774,3.4,3.8363636363636364,110,,,,,,,-0.06636871515842119,20,6.59,1.83,27.1,1,4,23,20,0,0,0,6,SP,6,129,30,21.5,7.57,6.59,9.88,0.33,21.50202648960159,-0.019150800380321797,8,0.8888888888888888,3.0,7,6,0,0,0.0,3.7661120849058785,0.0781030597377176,0.22524752475247525,0.20833333333333334,0.07456140350877193,0.418824163969795,0.3281326860841424,0.27710843373493976,3.598,0.30724007808414366
694376,Shay Whitcomb,R,SF,7,Andre Pallante,R,669467,823007,SF @ STL,4:45 PM,15/09,Scheduled,0.6135445922708923,,,,False,1011110111,estimated,0,0,0.0,0,0,0.22514114836761467,0.25592308343207476,0.25276331907108457,0.2690161071183996,0.1665712663138415,20,1,0.05448717948717949,1.031,62.1,C,0.26745662293694455,2.1464966858510466,0.3230099535895921,0.1588770133107207,20,6,0,0.15384615384615385,0.20833333333333334,0.5035971223021583,0.46804909013965296,0.028353787558188744,0.16666666666666666,0.12941176470588237,0.2153846153846154,0.16221374045801526,0.17391304347826086,48,0.1951219512195122,44,False,False,0.5713737178874321,0.04217087438346023,2.5588235294117645,2.7058823529411766,34,,,,,,,-0.034576360316445336,20,3.45,1.23,146.0,12,6,102,45,0,0,0,26,SP,26,602,135,23.2,6.29,2.77,8.32,0.62,22.981044433656702,-0.013724592270892289,5,0.5555555555555556,12.0,6,6,0,0,0.0,3.564642546731073,0.05115267062968338,0.1945945945945946,0.25888324873096447,0.050761421319796954,0.32649253731343286,0.24449253731343285,0.23553719008264462,3.76,0.3425594092626681
680869,Zack Gelof,R,ATH,3,Griffin Jax,R,643377,822925,ATH @ TB,3:40 PM,15/09,Scheduled,0.6122350630742442,,,,False,1110100101,estimated,0,0,0.0,0,0,0.20921618411242734,0.3270412696166368,0.47645161951229575,0.25014828442762166,0.2698020362399979,20,2,-0.06542386185243329,0.96,65.6,B,0.30688524590163935,3.587293657900245,0.4178292191353623,0.24782184581246472,20,6,0,0.2980769230769231,0.23265306122448978,0.4297956493078444,0.34014502307185235,0.23005932762030323,0.23241206030150754,0.2316043425814234,0.3028169014084507,0.2388663967611336,0.23444976076555024,230,0.2785714285714286,156,False,False,0.6262022798195164,-0.013967216745272126,3.6736842105263157,4.063157894736842,95,,,,,,,-0.052340812791094184,20,3.99,1.24,99.1,7,10,103,33,0,2,2,20,SP,31,413,90,13.3,9.33,2.99,8.15,1.36,19.46536297316057,0.014024936925755793,10,1.0,13.0,7,5,0,0,3.0,4.342962994523908,0.09456648623058009,0.23842592592592593,0.28781512605042014,0.07352941176470588,0.43152542372881353,0.30606779661016953,0.22857142857142856,4.251,0.2565822853914867
694374,Tim Tawa,R,AZ,7,Janson Junk,R,676083,825030,MIA @ AZ,6:40 PM,15/09,Scheduled,0.6121964939219743,,,,False,0011111110,estimated,0,0,0.0,0,0,0.23197947206736802,0.35751762054798053,0.37739587919506334,0.36005098674453645,0.2627332257926829,20,1,0.039677032738282964,1.0,48.3,D,0.24560408394781622,2.1382241136986426,0.3848925533459124,0.12998588870082287,20,6,0,0.21686746987951808,0.25654450261780104,0.3798977853492334,0.43668370244179444,0.18341851220897218,0.19287833827893175,0.24878048780487805,0.25654450261780104,0.21837183718371836,0.2517985611510791,152,0.23703703703703705,156,False,False,0.5813777973165973,0.03081869660537695,3.186046511627907,3.5813953488372094,86,,,,,,,0.047094364574656856,20,4.54,1.32,111.0,6,9,74,30,0,0,0,22,SP,23,472,117,20.5,6.0,2.43,9.49,1.05,19.098436609664663,-0.01104649392197432,4,0.4444444444444444,7.0,6,6,0,0,0.0,3.87778600958589,0.10261493208948493,0.23243243243243245,0.2674698795180723,0.0819277108433735,0.45926640926640927,0.30541827541827543,0.22699386503067484,3.76,0.33543550822257623
702222,Justin Crawford,L,PHI,9,Jackson Kent,L,800600,822683,PHI @ WSH,3:45 PM,15/09,Scheduled,0.6109007864607992,,,,False,0000111111,estimated,0,0,0.0,0,0,0.26993676162229396,0.3190264870172956,0.417296179097669,0.31303249321673454,0.14818142771630916,20,2,-0.06869806094182823,1.04,22.4,F,0.2514506769825919,1.1923797575469213,0.4184319335112172,0.17678662073972387,6,6,0,0.2,0.26869806094182824,0.4506769825918762,0.3346228239845261,0.21470019342359767,0.253618194348725,0.2746615087040619,0.23648648648648649,0.2559576345984113,0.28,216,0.24607329842931938,212,True,True,0.5713737178874321,0.039527068573367075,2.9398496240601504,3.218045112781955,133,,,,,,,0.15922285473523307,20,6.59,1.83,27.1,1,4,23,20,0,0,0,6,SP,6,129,30,21.5,7.57,6.59,9.88,0.33,21.50202648960159,-0.014338286460799154,8,0.8888888888888888,3.0,7,6,0,0,0.0,2.880905243609556,0.06456220895412709,0.2556818181818182,0.17232375979112272,0.05483028720626632,0.3758741258741259,0.3180769230769231,0.2692307692307692,3.443,0.30724007808414366
687093,Vaughn Grissom,R,LAA,4,Logan Gilbert,R,669302,823980,SEA @ LAA,6:38 PM,15/09,Scheduled,0.6102697510343054,,,,False,1100100101,estimated,0,0,0.0,0,0,0.20576019184804645,0.2751388624936772,0.3019138492430264,0.26451133768820717,0.20628066385689356,20,1,-0.004851004851004842,0.979,78.1,B,0.2977844536237326,3.934868351364223,0.384675137350884,0.28616805385504046,20,5,0,0.24358974358974358,0.23873873873873874,0.45618653629183903,0.32493418578412936,0.21887927792403158,0.21442246330567966,0.22628571428571428,0.20671834625322996,0.21665490472829924,0.2409090909090909,245,0.24050632911392406,177,False,False,0.6294795945723707,-0.01920984353806532,3.5660377358490565,3.981132075471698,106,,,,,,,-0.10456286765067913,20,3.72,1.05,172.0,12,9,187,44,0,0,0,29,SP,29,686,137,23.7,9.78,2.3,7.17,1.41,24.17439738022735,0.029815963251408895,7,0.7777777777777778,-18.0,6,6,0,0,0.0,4.230686777745062,0.08381245001607328,0.24278846153846154,0.1888412017167382,0.07296137339055794,0.3641768292682927,0.3097713414634147,0.23161764705882354,4.16,0.3326931948823558
669392,Samad Taylor,R,SD,9,Kyle Freeland,L,607536,824307,SD @ COL,5:40 PM,15/09,Scheduled,0.6102018438290485,,,,False,1100001111,estimated,0,0,0.0,0,0,0.27184890600707207,0.32027686944073613,0.22486059710429368,0.36616646183755325,0.2572618230149348,20,2,0.004901960784313708,1.148,56.7,C,0.2766699900299103,3.707709768966293,0.40858502389515705,0.18495301949229156,20,27,0,0.3137254901960784,0.3088235294117647,0.5443668993020937,0.32153539381854435,0.13409770687936193,0.314878892733564,0.2392857142857143,0.2833333333333333,0.28877551020408165,0.2676056338028169,79,0.375,58,False,False,0.5283547639042001,0.08184707992484841,3.3055555555555554,3.8055555555555554,36,,,,,,,0.14786201276328442,20,6.37,1.46,124.1,4,10,103,28,0,0,0,23,SP,23,554,153,24.1,7.46,2.03,11.08,1.74,24.568469991871527,-0.033044700971905705,7,0.7,1.0,6,6,0,0,0.0,3.468543455891489,0.06916877715252044,0.2669902912621359,0.27310924369747897,0.10504201680672269,0.24172576832151302,0.3076595744680851,0.30563002680965146,3.443,0.3648916976534297
676391,Ernie Clement,R,TOR,8,Drew Anderson,R,623454,822762,DET @ TOR,4:07 PM,15/09,Scheduled,0.6097632263685435,,,,False,1101011001,estimated,0,0,0.0,0,0,0.15591952713274862,0.18798672549221396,0.16731038997552466,0.1669395241986779,0.052667746302023595,20,1,0.029682835013629894,0.995,61.6,C,0.2942295497780596,2.529399538132644,0.3792891752035196,0.22162851038969306,20,7,0,0.2513089005235602,0.2809917355371901,0.4165079365079365,0.273015873015873,0.31047619047619046,0.26230394808004326,0.2655954631379962,0.2280334728033473,0.25884433962264153,0.24610591900311526,335,0.30472103004291845,249,False,False,0.6102620766688575,-0.0004988503003139355,3.7687074829931975,3.9727891156462585,147,,,,,,,-0.0749137074002942,20,3.8,1.31,97.0,4,6,105,40,2,6,8,9,RP,47,414,87,8.8,9.74,3.71,8.07,1.3,13.138362946841761,0.006536773631456438,7,0.7,-10.0,7,6,0,0,0.0,3.5591185505253966,0.038698633813435676,0.26244343891402716,0.10191082802547771,0.04246284501061571,0.1835871404399323,0.26531810490693736,0.2375,3.598,0.2987501469839543
668930,Brice Turang,L,MIL,2,Lake Bachar,R,669199,823333,MIL @ PIT,3:40 PM,15/09,Scheduled,0.6094718677744986,-186.0,203.0,65.0,False,0101010111,estimated,0,0,0.0,0,0,0.36294516938869487,0.3705953940583994,0.3094830275522117,0.3997138815834091,0.21352214398408811,20,2,0.057146178629554595,1.013,78.2,B,0.29632465543644715,2.1229732014167575,0.2320449123163905,0.25652631769581696,20,6,0,0.2236024844720497,0.2807486631016043,0.3432950191570881,0.5777777777777777,0.0789272030651341,0.24461206896551724,0.26018584703359543,0.26265060240963856,0.2508434213137527,0.2573099415204678,387,0.27461139896373055,243,False,False,0.6238361694760526,-0.014364301701554005,3.8768115942028984,4.565217391304348,138,,,,,,,0.029870454247661334,20,3.52,1.1,79.1,1,3,83,33,2,1,3,9,RP,48,325,54,6.8,9.42,3.74,6.13,1.47,7.542049119597936,0.018537223134592273,11,1.0,-29.0,6,5,0,0,1.0,4.4768501297139895,0.1743107487776801,0.2579957356076759,0.24770642201834864,0.11743119266055047,0.38922155688622756,0.3550119760479042,0.2138364779874214,4.352,0.2755785142764188
665953,Andrés Chaparro,R,WSH,3,Cristopher Sánchez,L,650911,822683,PHI @ WSH,3:45 PM,15/09,Scheduled,0.6069120778363022,,,,False,1011110011,estimated,8,2,0.25,1,2024,0.30442510479330925,0.26051683303524026,0.33154397827972804,0.41448030653931,0.28047590768974806,20,2,-0.008333333333333331,1.04,80.6,A,0.3207207207207207,4.419011693849428,0.3802454807772537,0.24934263621899505,20,6,0,0.24166666666666667,0.25,0.4338738738738739,0.1881081081081081,0.37801801801801804,0.2282793867120954,0.22602739726027396,0.1861198738170347,0.21758569299552907,0.19607843137254902,117,0.3142857142857143,82,False,False,0.5754269466324801,0.031485131203822125,2.388888888888889,2.763888888888889,72,,,,,,,0.09422262109730656,20,2.79,1.21,187.1,17,5,210,42,0,0,0,30,SP,30,778,185,25.9,10.09,2.02,8.89,0.77,25.44236017720288,-0.020723188947413318,9,1.0,-13.0,7,5,0,0,0.0,3.4016289791985406,0.06827691313702543,0.2159468438538206,0.24561403508771928,0.08771929824561403,0.4254992319508448,0.28733179723502306,0.28703703703703703,4.251,0.3173011029357529
687263,Zach Neto,R,LAA,1,Logan Gilbert,R,669302,823980,SEA @ LAA,6:38 PM,15/09,Scheduled,0.6066575350692756,-144.0,170.0,59.0,False,0110110011,estimated,10,2,0.2,1,2023,0.2960610884505153,0.3825645212385353,0.41296902168198285,0.3896388567828419,0.27777693568329986,20,1,-0.018958393787395195,0.979,78.1,B,0.2977844536237326,3.934868351364223,0.384675137350884,0.28616805385504046,20,5,0,0.25668449197860965,0.23772609819121446,0.45618653629183903,0.32493418578412936,0.21887927792403158,0.24968892575694732,0.23620309050772628,0.24727668845315903,0.24504854368932039,0.24864864864864866,409,0.23529411764705882,234,False,False,0.6259363722303874,-0.019278837161111895,3.986111111111111,4.465277777777778,144,,,,,,,0.10510078441186925,20,3.72,1.05,172.0,12,9,187,44,0,0,0,29,SP,29,686,137,23.7,9.78,2.3,7.17,1.41,24.17439738022735,0.04712817921643864,7,0.7777777777777778,-18.0,6,6,0,0,0.0,4.488222266780272,0.041203300740491784,0.2390852390852391,0.3107344632768362,0.07156308851224105,0.40611814345991565,0.325370253164557,0.23161764705882354,4.443,0.3326931948823558
672960,Kazuma Okamoto,R,TOR,5,Drew Anderson,R,623454,822762,DET @ TOR,4:07 PM,15/09,Scheduled,0.605648254053393,-133.0,150.0,57.0,False,1101101111,estimated,0,0,0.0,0,0,0.29734493234685194,0.37035004420074313,0.4918822786726361,0.35406011868141024,0.21732835370137152,20,1,0.021647916283579344,0.995,61.6,C,0.2942295497780596,2.529399538132644,0.3792891752035196,0.22162851038969306,20,7,0,0.22085889570552147,0.24250681198910082,0.4165079365079365,0.273015873015873,0.31047619047619046,0.21542765787370105,0.25063291139240507,0.24849699398797595,0.23097055616139586,0.25559105431309903,353,0.2073732718894009,239,True,False,0.6152479925411681,-0.009599738487775178,3.6805555555555554,4.111111111111111,144,,,,,,,0.14502513923305269,20,3.8,1.31,97.0,4,6,105,40,2,6,8,9,RP,47,414,87,8.8,9.74,3.71,8.07,1.3,13.138362946841761,0.004023174518035577,7,0.7,-10.0,7,6,0,0,0.0,4.051979540046705,0.14010115017160826,0.24145785876993167,0.28716904276985744,0.08757637474541752,0.4351230425055928,0.331496644295302,0.2375,4.026,0.2987501469839543
701678,Hao-Yu Lee,R,DET,2,Braydon Fisher,R,680755,822762,DET @ TOR,4:07 PM,15/09,Scheduled,0.6049004619227939,,,,False,1100000100,estimated,0,0,0.0,0,0,0.15464879929514014,0.24634248467603326,0.4045909718880385,0.2242323140768652,0.3003028768515634,20,1,0.038484848484848455,0.995,62.4,C,0.30049668874172186,3.216705792837425,0.44486251829905143,0.36882480118415406,20,2,0,0.23484848484848486,0.2733333333333333,0.21530698065601345,0.7846930193439865,0.0,0.22882882882882882,0.24665391969407266,0.18803418803418803,0.22870915907873593,0.2549019607843137,163,0.2558139534883721,149,True,False,0.6342279800924192,-0.02932751816962531,2.877551020408163,3.183673469387755,98,,,,,,,-0.21961648700340508,20,3.22,1.22,72.2,3,4,72,38,1,0,1,9,RP,72,295,51,4.1,8.92,4.71,6.32,0.99,3.438002127059365,0.008499538077206159,3,0.375,18.0,7,6,0,0,0.0,4.2273977872811335,0.14165331098403053,0.2579505300353357,0.2467948717948718,0.08012820512820513,0.4093851132686084,0.30649029126213595,0.1889763779527559,4.352,0.29256105072055005
702616,Jackson Holliday,L,BAL,3,Sean Manaea,L,640455,823574,BAL @ NYM,4:10 PM,15/09,Scheduled,0.6043793683343709,,,,False,0001110001,estimated,0,0,0.0,0,0,0.18551165176337783,0.26233134435104427,0.25710163906099426,0.24262765613262574,0.27084963011669827,20,1,-0.034756490023600095,0.949,55.7,C,0.27391109115401885,3.529232233966364,0.423416194342463,0.20797262465345367,20,7,0,0.20253164556962025,0.23728813559322035,0.6506511001347104,0.305792546026044,0.04355635383924562,0.21750212404418012,0.20246478873239437,0.2182890855457227,0.21342925659472423,0.23255813953488372,192,0.22377622377622378,163,False,False,0.6102697510343054,-0.005890382699934471,3.247422680412371,3.6597938144329896,97,,,,,,,-0.1650152134372297,20,4.79,1.34,133.1,5,7,126,41,0,0,0,16,SP,30,582,138,19.4,8.51,2.77,9.32,1.42,23.82920214645919,-0.0006543683343708251,8,0.8888888888888888,-7.0,7,6,0,0,0.0,4.282572305716088,0.0,0.23383084577114427,0.22391304347826088,0.10652173913043478,0.3408584169453735,0.3195551839464883,0.2484472049689441,4.251,0.3382446126252338
805300,Jakob Marsee,L,MIA,5,Michael Soroka,R,647336,825030,MIA @ AZ,6:40 PM,15/09,Scheduled,0.6037335532847544,,,,False,0011110011,estimated,0,0,0.0,0,0,0.3318891188832681,0.31132214658185164,0.3503971611280626,0.35375680539022436,0.12645663770767623,20,1,-0.011676027194797517,1.0,59.3,C,0.2710691823899371,3.521271991676913,0.35775928622055,0.2078820686562064,19,6,0,0.23529411764705882,0.2236180904522613,0.5447103274559194,0.33123425692695213,0.12405541561712846,0.1965657478535924,0.21420389461626574,0.21775898520084566,0.20364145658263305,0.22592592592592592,318,0.22535211267605634,262,False,False,0.6012445780030116,0.0024889752817428556,3.4014084507042255,4.084507042253521,142,,,,,,,-0.0850899706723118,20,3.53,1.16,99.1,8,5,95,25,0,0,0,18,SP,19,411,90,21.6,8.61,2.27,8.15,0.63,20.878127884803597,-0.018466886618087708,6,0.75,36.0,7,6,0,0,0.0,4.1465895852467005,0.1302482929340407,0.23366834170854273,0.20166320166320167,0.12474012474012475,0.35132890365448505,0.3138405315614618,0.27510917030567683,4.026,0.3106363882892391
663728,Cal Raleigh,L,SEA,4,Ryan Johnson,R,696270,823980,SEA @ LAA,6:38 PM,15/09,Scheduled,0.6036434135151016,-144.0,163.0,59.0,False,1111010011,estimated,0,0,0.0,0,0,0.2648415087802094,0.4216959895792695,0.5088575498138477,0.4620786855759614,0.31050191636209507,20,1,0.031019656019656006,0.979,55.3,C,0.27010309278350514,1.5735132024146703,0.35030692914148265,0.1761265159403403,19,6,0,0.16216216216216217,0.19318181818181818,0.5690721649484536,0.21512027491408936,0.21580756013745706,0.1731279872543813,0.19270833333333334,0.17638266068759342,0.17828798185941044,0.20318725099601595,289,0.14906832298136646,194,False,False,0.5648473252214057,0.03879608829369596,3.582608695652174,4.2,115,,,,,,,0.18834168224262282,20,5.12,1.36,84.1,4,8,63,39,0,0,0,16,SP,19,363,76,19.1,6.72,4.16,8.11,1.92,20.267451985925113,-0.04624341351510164,7,0.7777777777777778,-12.0,6,7,0,0,0.0,4.404732116711043,0.12691844939271793,0.1822429906542056,0.31274900398406374,0.1294820717131474,0.3942189421894219,0.2858782287822878,0.24598930481283424,4.16,0.33908816012929044
662139,Daulton Varsho,L,HOU,5,Michael Wacha,R,608379,824143,KC @ HOU,5:10 PM,15/09,Scheduled,0.6032541528520968,,,,False,1010110100,estimated,8,2,0.25,1,2024,0.16510607593913013,0.27210298402604044,0.3161435293149671,0.2150012347598228,0.21038100076456195,20,2,0.054876753081172985,0.998,76.3,B,0.27052785923753664,3.3780694160238274,0.3409864786350497,0.2010983108389033,20,7,0,0.18269230769230768,0.23756906077348067,0.5616287600880411,0.18708730741012472,0.2512839325018342,0.2376333656644035,0.22445255474452555,0.1921182266009852,0.2287636669470143,0.23741007194244604,304,0.2074468085106383,205,False,False,0.6050112259985784,-0.001757073146481547,3.640625,3.9765625,128,,,,,,,-0.00801525844141354,20,3.25,1.11,182.2,9,8,147,48,0,0,0,29,SP,29,736,154,25.4,7.24,2.36,7.59,1.18,25.379722656520325,0.014065847147903154,10,1.0,18.0,7,6,0,0,-1.0,3.9117731898417456,0.04089850518527757,0.23006833712984054,0.20668058455114824,0.07306889352818371,0.37941176470588234,0.2958588235294118,0.21608040201005024,4.026,0.3304501533596403
669016,Brandon Marsh,L,PHI,7,Jackson Kent,L,800600,822683,PHI @ WSH,3:45 PM,15/09,Scheduled,0.6021309121688098,,,,False,0001110000,estimated,0,0,0.0,0,0,0.14063835676136807,0.23565808781419928,0.31473924012813354,0.15861401936915348,0.16531131454416825,20,2,0.030559646539027985,1.04,22.4,F,0.2514506769825919,1.1923797575469213,0.4184319335112172,0.17678662073972387,6,6,0,0.2857142857142857,0.2551546391752577,0.4506769825918762,0.3346228239845261,0.21470019342359767,0.25339858618814576,0.23622047244094488,0.24773960216998192,0.24675324675324675,0.24632352941176472,292,0.28054298642533937,240,False,True,0.5660043164841103,0.03612659568469945,3.49645390070922,3.773049645390071,141,,,,,,,-0.14299299104614818,20,6.59,1.83,27.1,1,4,23,20,0,0,0,6,SP,6,129,30,21.5,7.57,6.59,9.88,0.33,21.50202648960159,-0.015205912168809843,8,0.8888888888888888,3.0,7,6,0,0,0.0,2.479274503436416,0.02278047800430596,0.26252983293556087,0.2533039647577093,0.05286343612334802,0.42598684210526316,0.34456496710526313,0.2692307692307692,3.76,0.30724007808414366
683734,Andrew Vaughn,R,MIL,4,Lake Bachar,R,669199,823333,MIL @ PIT,3:40 PM,15/09,Scheduled,0.6020317697648124,,,,False,1111101011,estimated,0,0,0.0,0,0,0.371850320459448,0.3342510669094803,0.4966310150287733,0.4805552968242679,0.16577619188040812,20,4,-0.05878546003667351,1.013,78.2,B,0.29632465543644715,2.1229732014167575,0.2320449123163905,0.25652631769581696,20,6,0,0.3464566929133858,0.2876712328767123,0.3432950191570881,0.5777777777777777,0.0789272030651341,0.33559898045879355,0.28746594005449594,0.31715210355987056,0.3193013882669055,0.30625,183,0.3274336283185841,134,False,False,0.6238882448319291,-0.021856475067116632,2.757575757575758,3.202020202020202,99,,,,,,,0.30629244414779033,20,3.52,1.1,79.1,1,3,83,33,2,1,3,9,RP,48,325,54,6.8,9.42,3.74,6.13,1.47,7.542049119597936,0.015259139326096682,11,1.0,-29.0,6,5,0,0,1.0,2.9274328325341594,0.07293708450217637,0.2988165680473373,0.1534526854219949,0.10485933503836317,0.43615107913669066,0.3095179856115108,0.16,4.16,0.2755785142764188
671732,Lawrence Butler,L,ATH,4,Griffin Jax,R,643377,822925,ATH @ TB,3:40 PM,15/09,Scheduled,0.6016218243780965,,,,False,1110000101,estimated,0,0,0.0,0,0,0.2485137884957312,0.3867666504841557,0.4422169293669299,0.40319591024958457,0.2941992237169674,20,2,0.006050129645635283,0.96,65.6,B,0.30688524590163935,3.587293657900245,0.4178292191353623,0.24782184581246472,20,6,0,0.2247191011235955,0.23076923076923078,0.4297956493078444,0.34014502307185235,0.23005932762030323,0.19498464687819858,0.18944844124700239,0.22586206896551725,0.19964612208787968,0.21982758620689655,263,0.24102564102564103,227,False,False,0.6053094367203576,-0.003687612342261115,3.116788321167883,3.576642335766423,137,,,,,,,6.061470363817804e-05,20,3.99,1.24,99.1,7,10,103,33,0,2,2,20,SP,31,413,90,13.3,9.33,2.99,8.15,1.36,19.46536297316057,-0.0063918243780966,10,1.0,13.0,7,5,0,0,3.0,4.317680907392401,0.08005578482446839,0.23450134770889489,0.25934579439252337,0.11682242990654206,0.45,0.3443365384615385,0.252212389380531,4.16,0.2565822853914867
676609,José Caballero,R,NYY,8,Bailey Ober,R,641927,823654,NYY @ MIN,4:40 PM,15/09,Scheduled,0.6016218243780965,,,,False,1110010001,estimated,0,0,0.0,0,0,0.18152267629787383,0.29263262182831384,0.26237711805522346,0.23852287532989785,0.2539962268087623,20,1,0.0010163749294184177,1.022,56.7,C,0.2567783094098884,2.425593587980119,0.38093924991988537,0.17579710379217514,20,9,0,0.23376623376623376,0.23478260869565218,0.3487506645401382,0.31153641679957467,0.3397129186602871,0.2194424588992137,0.19289340101522842,0.22742474916387959,0.21218152866242038,0.21649484536082475,215,0.25263157894736843,210,False,False,0.5613303007993072,0.04029152357878929,3.2542372881355934,3.6016949152542375,118,,,,,,,-0.13650541641993574,20,4.28,1.25,117.2,7,5,85,34,0,0,0,22,SP,22,498,113,22.6,6.5,2.6,8.64,1.38,22.681450920734907,-0.028921824378096428,3,0.375,-5.0,7,7,0,0,0.0,3.6092472967965463,0.05774907406375049,0.23195876288659795,0.23776223776223776,0.06060606060606061,0.26165501165501165,0.3104632867132867,0.25757575757575757,3.598,0.3223238495233071
702332,Caleb Durbin,R,BOS,6,Jacob Degrom,R,594798,822849,BOS @ TEX,5:05 PM,15/09,Scheduled,0.600769813001307,-138.0,144.0,58.0,False,1000101111,estimated,0,0,0.0,0,0,0.2584882809648991,0.2959656074160526,0.29434859983630657,0.28773430281934786,0.1596229136845698,20,2,0.007798541696846795,0.964,64.6,C,0.30917874396135264,4.934906282507011,0.45601812623610355,0.3276811282865881,20,5,0,0.2457627118644068,0.2535612535612536,0.44781553398058255,0.41949838187702265,0.13268608414239483,0.23623730625334047,0.24681344148319814,0.25386996904024767,0.24208809135399673,0.26591760299625467,307,0.23267326732673269,234,False,False,0.6351199458587419,-0.03435013285743482,3.3741007194244603,3.8920863309352516,139,,,,,,,0.016748162681654983,20,3.8,1.08,149.1,10,9,186,38,0,0,0,28,SP,28,601,123,21.5,11.21,2.29,7.41,1.15,20.881236133796335,0.02293018699869298,7,0.7777777777777778,7.0,7,5,0,0,-1.0,3.8380054442132927,0.13102298069850432,0.26535626535626533,0.13859275053304904,0.08102345415778252,0.24785575048732944,0.2814775828460039,0.24,3.896,0.33821237430399337
806146,George Lombard,R,NYY,6,Bailey Ober,R,641927,823654,NYY @ MIN,4:40 PM,15/09,Scheduled,0.6003273989053842,,,,False,0001110001,estimated,0,0,0.0,0,0,0.15328699780181804,0.278153298420897,0.3543170390097578,0.2387310699552802,0.31313430685448507,20,1,0.035904255319148926,1.022,56.7,C,0.2567783094098884,2.425593587980119,0.38093924991988537,0.17579710379217514,20,9,0,0.1875,0.22340425531914893,0.3487506645401382,0.31153641679957467,0.3397129186602871,0.20682730923694778,0.23529411764705882,0.08,0.20251572327044026,0.2,68,0.24,55,True,False,0.569928585496741,0.030398813408643255,3.4375,3.84375,32,,,,,,,-0.023699521796008927,20,4.28,1.25,117.2,7,5,85,34,0,0,0,22,SP,22,498,113,22.6,6.5,2.6,8.64,1.38,22.681450920734907,-0.02419406557205095,3,0.375,-5.0,7,7,0,0,0.0,3.8622356370003295,0.05802301465855977,0.20535714285714285,0.30158730158730157,0.07936507936507936,0.3310810810810811,0.31228378378378374,0.25757575757575757,3.896,0.3223238495233071
592626,Joc Pederson,L,TEX,1,Patrick Sandoval,L,663776,822849,BOS @ TEX,5:05 PM,15/09,Scheduled,0.5997974416172737,,,,False,1101000110,estimated,0,0,0.0,0,0,0.2097018120802578,0.26308979763473095,0.5198484657538579,0.3174349938313295,0.2079686278104847,20,3,-0.2391304347826087,0.964,36.3,D,0.2787750791974657,2.0273291999739413,0.3740359902302527,0.22474637650342905,11,7,0,0.0,0.2391304347826087,0.4065469904963041,0.33368532206969376,0.25976768743400214,0.23868312757201646,0.22869471413160733,0.25522388059701495,0.2392878696439348,0.23770491803278687,284,0.23255813953488372,148,False,False,0.5721756961882004,0.027621745429073252,2.762962962962963,3.2,135,,,,,,,-0.06017555785188668,20,4.58,1.76,55.0,1,5,57,27,0,0,0,11,SP,11,253,70,23.0,9.33,4.42,11.45,0.98,23.184319319897146,-0.02518315590298792,7,0.7777777777777778,10.0,6,6,0,0,2.0,2.6028591271057624,0.12085985484943877,0.23952095808383234,0.23195876288659795,0.11082474226804123,0.5061475409836066,0.3475737704918033,0.36923076923076925,4.443,0.3488640726795736
695600,Carter Jensen,L,KC,1,Hunter Brown,R,686613,824143,KC @ HOU,5:10 PM,15/09,Scheduled,0.5976751950647429,-133.0,150.0,57.0,False,1110101111,estimated,0,0,0.0,0,0,0.30439696554566187,0.4775546677129584,0.4990958763217748,0.4449764211784308,0.2479970068358273,20,2,0.06032564724919093,0.998,71.5,B,0.2959731543624161,2.4028671676847035,0.37422343592300583,0.256401733129974,16,6,0,0.18446601941747573,0.24479166666666666,0.6154362416107383,0.2859060402684564,0.09865771812080537,0.20135440180586908,0.21174524400330852,0.24060150375939848,0.21193666260657734,0.23367697594501718,322,0.22959183673469388,237,False,False,0.6113344778742812,-0.01365928280953832,3.528985507246377,4.050724637681159,138,,,,,,,0.18724738176251007,20,3.52,1.3,92.0,5,3,100,46,0,0,0,17,SP,17,386,74,22.7,9.78,4.5,7.24,1.08,23.057983048808584,0.016653376363828576,7,1.0,1.0,7,5,0,0,-1.0,4.224287933152465,0.12077707022487691,0.23201856148491878,0.27655310621242485,0.11623246492985972,0.4590443686006826,0.32103754266211604,0.21195652173913043,4.443,0.3051938336156547
701350,Roman Anthony,L,BOS,1,Jacob Degrom,R,594798,822849,BOS @ TEX,5:05 PM,15/09,Scheduled,0.5976751950647429,-194.0,203.0,66.0,False,1000101111,estimated,0,0,0.0,0,0,0.2442121136554759,0.3713909809064823,0.4597851880714282,0.35078206968857367,0.2777983369745616,20,2,0.11432046214654912,0.964,64.6,C,0.30917874396135264,4.934906282507011,0.45601812623610355,0.3276811282865881,20,5,0,0.13043478260869565,0.24475524475524477,0.44781553398058255,0.41949838187702265,0.13268608414239483,0.19839142091152814,0.17090069284064666,0.332089552238806,0.21492743607463718,0.22857142857142856,120,0.22950819672131148,72,False,False,0.6310449030518576,-0.033369707987114694,3.86046511627907,4.465116279069767,43,,,,,,,-0.039211840840502596,20,3.8,1.08,149.1,10,9,186,38,0,0,0,28,SP,28,601,123,21.5,11.21,2.29,7.41,1.15,20.881236133796335,0.061610519220971494,7,0.7777777777777778,7.0,7,5,0,0,-1.0,4.537581220441713,0.06339501598933427,0.27293577981651373,0.27325581395348836,0.13565891472868216,0.5677966101694916,0.37198983050847456,0.20535714285714285,4.443,0.33821237430399337
641343,Jake Bauers,L,MIL,5,Lake Bachar,R,669199,823333,MIL @ PIT,3:40 PM,15/09,Scheduled,0.5968307956626285,,,,False,0010100111,estimated,0,0,0.0,0,0,0.246183207500035,0.4222065799815382,0.463942022582205,0.34851220344543465,0.25159056918199324,20,2,-0.0655046213014081,1.013,78.2,B,0.29632465543644715,2.1229732014167575,0.2320449123163905,0.25652631769581696,20,6,0,0.3191489361702128,0.2536443148688047,0.3432950191570881,0.5777777777777777,0.0789272030651341,0.2598684210526316,0.2753488372093023,0.2479740680713128,0.2611032531824611,0.28225806451612906,300,0.24867724867724866,231,False,False,0.6052010142060379,-0.008370218543409358,3.2857142857142856,3.992481203007519,133,,,,,,,-0.09078366682065694,20,3.52,1.1,79.1,1,3,83,33,2,1,3,9,RP,48,325,54,6.8,9.42,3.74,6.13,1.47,7.542049119597936,0.01146920433737142,11,1.0,-29.0,6,5,0,0,1.0,3.9156690113912234,0.3295574591065453,0.27525252525252525,0.2613168724279835,0.1646090534979424,0.5353159851301115,0.3821765799256505,0.2138364779874214,4.026,0.2755785142764188
683748,Victor Mesa,L,TB,6,Jack Perkins,R,678022,822925,ATH @ TB,3:40 PM,15/09,Scheduled,0.5968307956626285,,,,False,0111111111,estimated,0,0,0.0,0,0,0.43277221123515425,0.3738311770053517,0.4915634329241709,0.5119612065374461,0.0865112304389401,20,2,-0.09759893285904847,0.96,56.3,C,0.291958985429034,2.109592150000326,0.38284539320908534,0.24545075090137575,20,7,0,0.34615384615384615,0.24855491329479767,0.5002763957987839,0.3156440022111664,0.18407960199004975,0.2885117493472585,0.2564102564102564,0.30660377358490565,0.2815463165572575,0.29411764705882354,114,0.2268041237113402,109,False,False,0.6218543255505625,-0.025023529887933993,3.1587301587301586,3.5396825396825395,63,,,,,,,0.3338564237935849,20,6.53,1.53,103.1,3,11,119,47,3,2,5,14,RP,34,473,111,13.9,10.36,4.09,9.67,1.74,19.701371408634095,0.009096477064644115,11,1.0,-9.0,5,6,0,0,0.0,3.5951709188541967,0.09211191299444894,0.24568965517241378,0.18631178707224336,0.09505703422053231,0.41229508196721315,0.30220765027322405,0.27314814814814814,3.896,0.35475629197471314
699393,Pedro Ramírez,L,CHC,8,Martín Pérez,L,527048,824627,ATL @ CHC,4:40 PM,15/09,Scheduled,0.5968307956626285,,,,False,0001101100,estimated,0,0,0.0,0,0,0.19615086665351344,0.20138670972869896,0.2896252143233447,0.2445667025754839,0.14966987290791176,20,1,0.03421727972626176,0.983,55.9,C,0.27189605389797883,1.6288877015242367,0.33900938893086335,0.18135112865921443,20,5,0,0.2857142857142857,0.25149700598802394,0.6154216867469879,0.0746987951807229,0.30987951807228914,0.24372230428360414,0.2349869451697128,0.24045801526717558,0.24294205052005943,0.22448979591836735,108,0.2882882882882883,124,True,False,0.5975626977978897,-0.0007319021352611976,2.9857142857142858,3.3142857142857145,70,,,,,,,-0.1638684350609368,20,3.08,1.25,131.2,8,9,98,56,0,0,0,24,SP,28,547,108,19.5,6.7,3.83,7.38,0.89,21.24367612935044,-0.006893295662628529,8,0.8888888888888888,16.0,7,6,0,0,0.0,3.8820936520656963,0.07876450155092746,0.2688679245283019,0.1752136752136752,0.06837606837606838,0.4064327485380117,0.29309356725146196,0.25,3.598,0.31030966978124047
643217,Andrew Benintendi,L,CWS,4,Foster Griffin,L,656492,824384,CWS @ CLE,3:40 PM,15/09,Scheduled,0.5962528644987631,,,,False,0001100011,estimated,0,0,0.0,0,0,0.19652674219628394,0.23901275590287602,0.45897354304212584,0.26273368161227584,0.16055669019852115,20,1,-0.02644087938205586,0.987,57.4,C,0.2847508430123642,3.1102968458320874,0.36803978422959444,0.2025434985843479,20,6,0,0.2222222222222222,0.24866310160427807,0.5943007124109486,0.23322084739407575,0.17247844019497563,0.23422860712054966,0.2133492252681764,0.21473354231974923,0.22505650629641588,0.22857142857142856,271,0.27564102564102566,174,False,False,0.6108869647253262,-0.014634100226563085,3.037878787878788,3.371212121212121,132,,,,,,,-0.08728821963473786,20,3.65,1.18,162.2,15,5,146,43,0,0,0,29,SP,29,674,149,23.2,8.08,2.38,8.24,1.27,22.78318536980429,-0.002224293070191674,7,0.875,17.0,7,7,0,0,0.0,3.088552279659484,0.06853716075955063,0.24517906336088155,0.21428571428571427,0.08374384236453201,0.44957729468599034,0.3262089371980676,0.19760479041916168,4.16,0.342996404523976
805999,A. J. Ewing,L,NYM,7,Shane Baz,R,669358,823574,BAL @ NYM,4:10 PM,15/09,Scheduled,0.5959181219182613,,,,False,1111111001,estimated,0,0,0.0,0,0,0.298165805538936,0.3619828542495971,0.3988631837552114,0.3343360184730628,0.18136421868965905,20,1,-0.028648233486943203,0.949,56.2,C,0.2644927536231884,2.917996740590271,0.42001154109575173,0.21237831067933288,20,6,0,0.27380952380952384,0.24516129032258063,0.5821818181818181,0.3276363636363636,0.09018181818181818,0.2190237797246558,0.22637106184364061,0.24817518248175183,0.22654690618762474,0.26905829596412556,245,0.22807017543859648,201,True,False,0.6092069741188073,-0.013288852200545986,3.6481481481481484,4.12962962962963,108,,,,,,,0.20449505703220275,20,4.05,1.33,169.0,6,15,150,58,0,0,0,29,SP,29,721,167,24.9,7.99,3.09,8.89,0.75,24.597325797891166,0.0035193780817386333,8,0.8,-5.0,7,6,0,0,0.0,4.14173067122529,0.08882174424956878,0.2519280205655527,0.2545454545454545,0.09090909090909091,0.42839951865222625,0.3692888086642599,0.2755905511811024,3.76,0.341886795417157
681508,Mickey Gasper,L,BOS,2,Jacob Degrom,R,594798,822849,BOS @ TEX,5:05 PM,15/09,Scheduled,0.5959181219182613,,,,False,1101000011,estimated,0,0,0.0,0,0,0.26136670625653613,0.3467076906358325,0.40449999171410106,0.307307424445911,0.13524718811647876,20,3,0.1327838827838828,0.964,64.6,C,0.30917874396135264,4.934906282507011,0.45601812623610355,0.3276811282865881,20,5,0,0.14285714285714285,0.27564102564102566,0.44781553398058255,0.41949838187702265,0.13268608414239483,0.2850678733031674,0.21772151898734177,0.27091633466135456,0.2620320855614973,0.25510204081632654,122,0.2777777777777778,80,False,False,0.6313138230668535,-0.03539570114859214,3.0357142857142856,3.607142857142857,56,,,,,,,0.007163696169523932,20,3.8,1.08,149.1,10,9,186,38,0,0,0,28,SP,28,601,123,21.5,11.21,2.29,7.41,1.15,20.881236133796335,0.039110449510310064,7,0.7777777777777778,7.0,7,5,0,0,-1.0,3.812403290443712,0.17785017718330415,0.2236842105263158,0.17174515235457063,0.11911357340720222,0.34710743801652894,0.26764462809917355,0.20535714285714285,4.352,0.33821237430399337
545361,Mike Trout,R,LAA,2,Logan Gilbert,R,669302,823980,SEA @ LAA,6:38 PM,15/09,Scheduled,0.5950889923359295,-144.0,163.0,59.0,False,1111111011,estimated,11,4,0.36363636363636365,1,2022,0.2805134771987635,0.45649492144897436,0.5152086728781798,0.5015710843101694,0.3053792195972759,20,1,-0.019862377575143503,0.979,78.1,B,0.2977844536237326,3.934868351364223,0.384675137350884,0.28616805385504046,20,5,0,0.2569444444444444,0.23708206686930092,0.45618653629183903,0.32493418578412936,0.21887927792403158,0.2541456380677722,0.2407906558849955,0.2832369942196532,0.2534894191805493,0.2686084142394822,363,0.1951219512195122,217,False,False,0.6164783144657678,-0.02138932212983835,3.6384615384615384,4.461538461538462,130,,,,,,,0.11556917539730402,20,3.72,1.05,172.0,12,9,187,44,0,0,0,29,SP,29,686,137,23.7,9.78,2.3,7.17,1.41,24.17439738022735,0.039825293378356164,7,0.7777777777777778,-18.0,6,6,0,0,0.0,4.35040053873422,0.12837306706362622,0.24489795918367346,0.2630597014925373,0.13246268656716417,0.4533333333333333,0.3719488888888889,0.23161764705882354,4.352,0.3326931948823558
808959,Munetaka Murakami,L,CWS,3,Foster Griffin,L,656492,824384,CWS @ CLE,3:40 PM,15/09,Scheduled,0.5950889923359295,-104.0,122.0,51.0,False,0110100100,estimated,0,0,0.0,0,0,0.0951068366098283,0.24044263244031197,0.43107699361551455,0.2801896918464727,0.4394358871053669,20,1,-0.03874926176258284,0.987,57.4,C,0.2847508430123642,3.1102968458320874,0.36803978422959444,0.2025434985843479,20,6,0,0.17346938775510204,0.21221864951768488,0.5943007124109486,0.23322084739407575,0.17247844019497563,0.21185019564002236,0.1683381088825215,0.19669421487603306,0.19305628616517623,0.1991701244813278,292,0.20833333333333334,205,True,False,0.5941074590158809,0.0009815333200485776,3.587719298245614,4.359649122807017,114,,,,,,,-0.2491891241739992,20,3.65,1.18,162.2,15,5,146,43,0,0,0,29,SP,29,674,149,23.2,8.08,2.38,8.24,1.27,22.78318536980429,-0.00536042090735811,7,0.875,17.0,7,7,0,0,0.0,4.213748845594913,0.12106678127424667,0.20665083135391923,0.3431372549019608,0.15098039215686274,0.5684281842818428,0.3360792682926829,0.19760479041916168,4.251,0.342996404523976
572233,Christian Walker,R,HOU,6,Michael Wacha,R,608379,824143,KC @ HOU,5:10 PM,15/09,Scheduled,0.5937457426335012,-133.0,156.0,57.0,False,1101101000,estimated,11,5,0.45454545454545453,1,2023,0.1592645157709361,0.28160270575722385,0.3503128251685839,0.17620391415067732,0.14156300651896261,20,2,-0.010804366454304992,0.998,76.3,B,0.27052785923753664,3.3780694160238274,0.3409864786350497,0.2010983108389033,20,7,0,0.2318840579710145,0.2210796915167095,0.5616287600880411,0.18708730741012472,0.2512839325018342,0.19072164948453607,0.22038765254845658,0.23284313725490197,0.2047434656340755,0.21671826625386997,357,0.23529411764705882,229,False,False,0.5922308526725311,0.001514889960970156,3.6853146853146854,4.0979020979020975,143,,,,,,,-0.15556057228158318,20,3.25,1.11,182.2,9,8,147,48,0,0,0,29,SP,29,736,154,25.4,7.24,2.36,7.59,1.18,25.379722656520325,0.013824257366498838,10,1.0,18.0,7,6,0,0,-1.0,3.7253197886225475,0.08595671367365018,0.22,0.2388663967611336,0.06680161943319839,0.38654618473895586,0.30318373493975903,0.24285714285714285,3.896,0.3304501533596403
650402,Gleyber Torres,R,DET,3,Braydon Fisher,R,680755,822762,DET @ TOR,4:07 PM,15/09,Scheduled,0.5936997331172839,,,,False,1011111011,estimated,0,0,0.0,0,0,0.2717074946770162,0.3456062999974286,0.397694010853351,0.4018735981764257,0.2268884763335673,20,1,0.0011904761904761862,0.995,62.4,C,0.30049668874172186,3.216705792837425,0.44486251829905143,0.36882480118415406,20,2,0,0.26666666666666666,0.26785714285714285,0.21530698065601345,0.7846930193439865,0.0,0.24516129032258063,0.2424969987995198,0.2958199356913183,0.24956186470382055,0.2814070351758794,229,0.24615384615384617,155,False,False,0.6277235645111702,-0.03402383139388632,3.7386363636363638,4.363636363636363,88,,,,,,,0.34462599470777394,20,3.22,1.22,72.2,3,4,72,38,1,0,1,9,RP,72,295,51,4.1,8.92,4.71,6.32,0.99,3.438002127059365,0.014933600216049392,3,0.375,18.0,7,6,0,0,0.0,4.041659771793745,0.07076156497832531,0.26,0.2057142857142857,0.1219047619047619,0.33957115009746586,0.31528654970760234,0.1889763779527559,4.251,0.29256105072055005
683766,Christian Koss,R,SF,9,Andre Pallante,R,669467,823007,SF @ STL,4:45 PM,15/09,Scheduled,0.5936835772276582,,,,False,1101110110,estimated,0,0,0.0,0,0,0.25931543425111114,0.30991053041411654,0.2669865792714748,0.3364860302811576,0.19458126750482266,20,1,0.0012876227265411488,1.031,62.1,C,0.26745662293694455,2.1464966858510466,0.3230099535895921,0.1588770133107207,20,6,0,0.22807017543859648,0.22935779816513763,0.5035971223021583,0.46804909013965296,0.028353787558188744,0.1651031894934334,0.2546816479400749,0.1574074074074074,0.18990120746432493,0.21348314606741572,99,0.24675324675324675,82,False,False,0.5613303007993072,0.03235327642835095,2.9642857142857144,3.232142857142857,56,,,,,,,0.019056390583694106,20,3.45,1.23,146.0,12,6,102,45,0,0,0,26,SP,26,602,135,23.2,6.29,2.77,8.32,0.62,22.981044433656702,-0.0015635772276580973,5,0.5555555555555556,12.0,6,6,0,0,0.0,3.590870924658667,0.08145347257564453,0.2478386167146974,0.23421052631578948,0.05,0.31330749354005166,0.31159302325581395,0.23553719008264462,3.443,0.3425594092626681
695734,Daylen Lile,L,WSH,7,Cristopher Sánchez,L,650911,822683,PHI @ WSH,3:45 PM,15/09,Scheduled,0.5934451903502572,,,,False,0011000001,estimated,6,2,0.3333333333333333,1,2026,0.22451308739070608,0.2946033355293845,0.4136977080482937,0.3021539008508008,0.2788651129269883,20,2,0.014214881929086098,1.04,80.6,A,0.3207207207207207,4.419011693849428,0.3802454807772537,0.24934263621899505,20,6,0,0.2595419847328244,0.24532710280373832,0.4338738738738739,0.1881081081081081,0.37801801801801804,0.22414646214745176,0.23243712055507373,0.23275862068965517,0.22818275154004106,0.23870967741935484,334,0.26104417670682734,278,False,False,0.5881866653145303,0.00525852503572688,3.777027027027027,4.135135135135135,148,,,,,,,-0.0746499230009512,20,2.79,1.21,187.1,17,5,210,42,0,0,0,30,SP,30,778,185,25.9,10.09,2.02,8.89,0.77,25.44236017720288,0.006665920760853927,9,1.0,-13.0,7,5,0,0,0.0,3.9393282474804576,0.05969402967820212,0.24044943820224718,0.20781893004115226,0.051440329218107,0.3747577519379845,0.3139796511627907,0.16363636363636364,3.76,0.3173011029357529
664040,Brandon Lowe,L,PIT,1,Jacob Misiorowski,R,694819,823333,MIL @ PIT,3:40 PM,15/09,Scheduled,0.5924354010965556,-100.0,113.0,50.0,False,1010111011,estimated,0,0,0.0,0,0,0.2952272354802553,0.3236845264546835,0.3792443143292403,0.4636648061884465,0.30385316920921324,20,2,0.06615687637585449,1.013,95.9,A,0.35338983050847456,5.6822269982643565,0.34879825537458864,0.37062185443748275,20,7,0,0.20634920634920634,0.2725060827250608,0.7778719796523951,0.21153030945315812,0.0105977108944468,0.25071496663489035,0.2262210796915167,0.2883263009845288,0.24988589685075308,0.25961538461538464,354,0.25333333333333335,250,False,False,0.6166015706955938,-0.02416616959903828,3.891304347826087,4.3768115942028984,138,,,,,,,0.2310404113795774,20,1.95,0.8,161.1,14,5,236,41,0,0,0,27,SP,27,616,88,22.8,13.17,2.29,4.91,0.78,22.803272042719104,0.04140459890344439,5,0.625,16.0,7,6,0,0,1.0,4.006184761144955,0.10589100494547297,0.2537313432835821,0.29961832061068705,0.08587786259541985,0.4513888888888889,0.34967628205128204,0.12333333333333334,4.443,0.31427579437741654
699302,Héctor Rodríguez,L,CIN,5,Yoshinobu Yamamoto,R,808967,824466,LAD @ CIN,3:40 PM,15/09,Scheduled,0.5920970920013393,,,,False,0111000100,estimated,0,0,0.0,0,0,0.2191287420512722,0.2945251244848264,0.3665699663495784,0.32836248851289646,0.2872298230201768,20,1,-0.017424242424242425,1.083,87.5,A,0.30251419302514193,4.707876081594437,0.3723553351744445,0.28521355317127534,20,6,0,0.24242424242424243,0.225,0.5455284552845528,0.18739837398373985,0.26707317073170733,0.22762148337595908,0.18867924528301888,0.16083916083916083,0.2037533512064343,0.21311475409836064,66,0.25,55,True,False,0.6089216526853874,-0.01682456068404814,3.53125,3.78125,32,,,,,,,-0.06157316712074892,20,2.62,0.88,172.0,13,8,171,39,0,0,0,26,SP,26,658,113,25.3,8.95,2.04,5.91,0.99,25.5764629122614,0.03660290799866073,8,0.8888888888888888,0.0,6,6,0,0,0.0,4.069249934664801,0.030811502369519125,0.25225225225225223,0.2689075630252101,0.058823529411764705,0.35443037974683544,0.28546835443037977,0.17142857142857143,4.026,0.3291422662706531
685133,Wade Meckler,L,LAA,3,Logan Gilbert,R,669302,823980,SEA @ LAA,6:38 PM,15/09,Scheduled,0.5905212085657361,,,,False,0111100101,estimated,0,0,0.0,0,0,0.2641943673444024,0.32748470838601673,0.41730823964049657,0.2865052146478752,0.07359203199731346,20,1,0.07011572498298163,0.979,78.1,B,0.2977844536237326,3.934868351364223,0.384675137350884,0.28616805385504046,20,5,0,0.23076923076923078,0.3008849557522124,0.45618653629183903,0.32493418578412936,0.21887927792403158,0.31006160164271046,0.29282868525896416,0.31017369727047145,0.30548163916977117,0.3374233128834356,181,0.21348314606741572,104,False,False,0.6194664107311237,-0.02894520216538765,3.073170731707317,3.475609756097561,82,,,,,,,0.06723819246262383,20,3.72,1.05,172.0,12,9,187,44,0,0,0,29,SP,29,686,137,23.7,9.78,2.3,7.17,1.41,24.17439738022735,0.02175022000569249,7,0.7777777777777778,-18.0,6,6,0,0,0.0,3.5528226555913878,0.12013941677298375,0.2777777777777778,0.22950819672131148,0.09836065573770492,0.32083333333333336,0.31661249999999996,0.20597014925373133,4.251,0.3326931948823558
694673,Abimelec Ortiz,L,WSH,2,Cristopher Sánchez,L,650911,822683,PHI @ WSH,3:45 PM,15/09,Scheduled,0.5897893064304749,,,,False,0010011010,estimated,0,0,0.0,0,0,0.2097639951098291,0.3246194984125524,0.44373046884349987,0.34226841275688297,0.36227764814614993,20,2,0.0,1.04,80.6,A,0.3207207207207207,4.419011693849428,0.3802454807772537,0.24934263621899505,20,6,0,,0.21238938053097345,0.4338738738738739,0.1881081081081081,0.37801801801801804,0.2607843137254902,0.22580645161290322,0.22105263157894736,0.2487360970677452,0.24285714285714285,72,0.16279069767441862,48,True,False,0.5881866653145303,0.0016026411159445475,3.054054054054054,3.2432432432432434,37,,,,,,,-0.1550649325112327,20,2.79,1.21,187.1,17,5,210,42,0,0,0,30,SP,30,778,185,25.9,10.09,2.02,8.89,0.77,25.44236017720288,0.014188471347302944,9,1.0,-13.0,7,5,0,0,0.0,3.096161641099012,0.022974553894369046,0.21929824561403508,0.256198347107438,0.04132231404958678,0.3855421686746988,0.3046626506024096,0.16363636363636364,4.352,0.3173011029357529
677800,Wilyer Abreu,L,BOS,3,Jacob Degrom,R,594798,822849,BOS @ TEX,5:05 PM,15/09,Scheduled,0.5889185674497915,-186.0,194.0,65.0,False,1001011111,estimated,0,0,0.0,0,0,0.26651238881863193,0.30590797451994955,0.3931532260323319,0.29499586222984575,0.16223584875006977,20,2,-0.04586219467736058,0.964,64.6,C,0.30917874396135264,4.934906282507011,0.45601812623610355,0.3276811282865881,20,5,0,0.2923076923076923,0.24644549763033174,0.44781553398058255,0.41949838187702265,0.13268608414239483,0.2388908638464273,0.2446311858076564,0.2395693135935397,0.24066479602849125,0.25914634146341464,381,0.2544642857142857,253,False,False,0.6383952912390763,-0.049476723789284804,3.806896551724138,4.372413793103449,145,,,,,,,0.13879783555033995,20,3.8,1.08,149.1,10,9,186,38,0,0,0,28,SP,28,601,123,21.5,11.21,2.29,7.41,1.15,20.881236133796335,0.05785286112163701,7,0.7777777777777778,7.0,7,5,0,0,-1.0,4.231493548539247,0.10055102228449857,0.24945295404814005,0.19962335216572505,0.10546139359698682,0.4271604938271605,0.3289458689458689,0.20535714285714285,4.251,0.33821237430399337
668904,Royce Lewis,R,MIN,6,Max Fried,L,608331,823654,NYY @ MIN,4:40 PM,15/09,Scheduled,0.5888721273328476,,,,False,1101000110,estimated,0,0,0.0,0,0,0.1713107299013396,0.3311064615002281,0.3938487914190562,0.2296187820805098,0.2227452369343817,20,2,0.007053805774278221,1.022,83.0,A,0.2849122807017544,3.131475785979626,0.27581963085517974,0.27588868064463246,17,5,0,0.23622047244094488,0.22916666666666666,0.6182456140350877,0.2575438596491228,0.12421052631578948,0.20691864189622036,0.24871001031991744,0.24514563106796117,0.2259158751696065,0.23043478260869565,250,0.23243243243243245,209,False,False,0.6032541528520968,-0.014382025519249275,3.672566371681416,4.061946902654867,113,,,,,,,-0.04540211074387582,20,2.73,0.99,99.0,4,4,94,31,0,0,0,18,SP,18,382,67,21.2,8.55,2.82,6.09,0.36,19.945143446352997,0.012299301238581029,7,0.875,-7.0,5,6,0,0,0.0,3.787488835190674,0.05413872310778377,0.22706422018348624,0.2443064182194617,0.07867494824016563,0.3977987421383648,0.3146069182389937,0.21686746987951808,3.896,0.27160528236081666
695657,Colson Montgomery,L,CWS,5,Foster Griffin,L,656492,824384,CWS @ CLE,3:40 PM,15/09,Scheduled,0.5877613854117527,-122.0,138.0,55.0,False,1100010000,estimated,0,0,0.0,0,0,0.11129868368225847,0.3017096065506691,0.408425278448294,0.21675955225738716,0.4136359431234555,20,1,0.04699836138835098,0.987,57.4,C,0.2847508430123642,3.1102968458320874,0.36803978422959444,0.2025434985843479,20,6,0,0.24087591240875914,0.19387755102040816,0.5943007124109486,0.23322084739407575,0.17247844019497563,0.20626398210290828,0.18549747048903878,0.232,0.20471841704718416,0.23529411764705882,342,0.16591928251121077,255,False,False,0.5799367845287674,0.007824600882985311,3.75177304964539,4.23404255319149,141,,,,,,,-0.18956944113885,20,3.65,1.18,162.2,15,5,146,43,0,0,0,29,SP,29,674,149,23.2,8.08,2.38,8.24,1.27,22.78318536980429,-0.019461385411752685,7,0.875,17.0,7,7,0,0,0.0,4.25203375267465,0.12139705697565145,0.2096069868995633,0.34824902723735407,0.08171206225680934,0.4329749103942652,0.3466272401433692,0.19760479041916168,4.026,0.342996404523976
805367,Chase Meidroth,R,CWS,8,Foster Griffin,L,656492,824384,CWS @ CLE,3:40 PM,15/09,Scheduled,0.5849617006460385,,,,False,0100101001,estimated,0,0,0.0,0,0,0.17939839924717083,0.28491987866148477,0.2315186856348971,0.26562056270927836,0.24291197758695368,20,1,0.027942407500418542,0.987,57.4,C,0.2847508430123642,3.1102968458320874,0.36803978422959444,0.2025434985843479,20,6,0,0.28484848484848485,0.2569060773480663,0.5943007124109486,0.23322084739407575,0.17247844019497563,0.2514450867052023,0.25196163905841323,0.2505050505050505,0.2517173699705594,0.2593856655290102,334,0.27350427350427353,266,False,False,0.5752796430502372,0.009682057595801319,3.6853146853146854,4.195804195804196,143,,,,,,,-0.029659072285960264,20,3.65,1.18,162.2,15,5,146,43,0,0,0,29,SP,29,674,149,23.2,8.08,2.38,8.24,1.27,22.78318536980429,-0.03677598636032409,7,0.875,17.0,7,7,0,0,0.0,4.003120814949986,0.126668086716444,0.27107061503416857,0.22690763052208834,0.09437751004016064,0.33031697341513294,0.312191717791411,0.2577777777777778,3.598,0.342996404523976
687952,Christian Encarnacion-Strand,R,BAL,6,Sean Manaea,L,640455,823574,BAL @ NYM,4:10 PM,15/09,Scheduled,0.5849109890192749,,,,False,1110001011,estimated,0,0,0.0,0,0,0.2526322543492624,0.32895636897202696,0.3458070763238844,0.4041874266536917,0.2611529244742384,20,1,-0.046497584541062786,0.949,55.7,C,0.27391109115401885,3.529232233966364,0.423416194342463,0.20797262465345367,20,7,0,0.2361111111111111,0.2826086956521739,0.6506511001347104,0.305792546026044,0.04355635383924562,0.2559241706161137,0.25,0.25210084033613445,0.25290697674418605,0.2839506172839506,89,0.24096385542168675,90,False,False,0.6012445780030116,-0.016333588983736713,3.3469387755102042,3.6530612244897958,49,,,,,,,-0.013202733956000946,20,4.79,1.34,133.1,5,7,126,41,0,0,0,16,SP,30,582,138,19.4,8.51,2.77,9.32,1.42,23.82920214645919,-0.012723489019274892,8,0.8888888888888888,-7.0,7,6,0,0,0.0,3.71457052215147,0.05607416174168524,0.22511848341232227,0.2555066079295154,0.04185022026431718,0.40522875816993464,0.30532026143790847,0.2752808988764045,3.896,0.3382446126252338
663886,Tyler Stephenson,R,CIN,6,Yoshinobu Yamamoto,R,808967,824466,LAD @ CIN,3:40 PM,15/09,Scheduled,0.5844628503457246,,,,False,0110110110,estimated,6,0,0.0,1,2025,0.3146225179950813,0.32902066028903554,0.4176056404763022,0.433570457168704,0.25703563358542103,20,1,0.007693086344771727,1.083,87.5,A,0.30251419302514193,4.707876081594437,0.3723553351744445,0.28521355317127534,20,6,0,0.24324324324324326,0.250936329588015,0.5455284552845528,0.18739837398373985,0.26707317073170733,0.24147529575504523,0.23978494623655913,0.1967654986522911,0.23450036469730123,0.22596153846153846,237,0.27647058823529413,195,False,False,0.5873552697011073,-0.002892419355382647,3.230769230769231,3.6923076923076925,117,,,,,,,0.05770262837603793,20,2.62,0.88,172.0,13,8,171,39,0,0,0,26,SP,26,658,113,25.3,8.95,2.04,5.91,0.99,25.5764629122614,0.024824649654275333,8,0.8888888888888888,0.0,6,6,0,0,0.0,3.807635259718688,0.10706398873013011,0.24739583333333334,0.2762557077625571,0.10273972602739725,0.45754119138149557,0.3408802281368821,0.19708029197080293,3.896,0.3291422662706531
682985,Riley Greene,L,DET,5,Braydon Fisher,R,680755,822762,DET @ TOR,4:07 PM,15/09,Scheduled,0.5835836831389888,,,,False,0111001111,estimated,0,0,0.0,0,0,0.3345368247340109,0.39368767280808836,0.3416518978388825,0.4534725732765783,0.2516544605354796,20,1,0.0024036762106751652,0.995,62.4,C,0.30049668874172186,3.216705792837425,0.44486251829905143,0.36882480118415406,20,2,0,0.2845528455284553,0.28695652173913044,0.21530698065601345,0.7846930193439865,0.0,0.2882051282051282,0.3023782559456399,0.24022346368715083,0.2800429184549356,0.2981132075471698,300,0.270935960591133,241,False,False,0.6138965392737791,-0.03031285613479029,3.65625,4.2265625,128,,,,,,,0.06473612827097931,20,3.22,1.22,72.2,3,4,72,38,1,0,1,9,RP,72,295,51,4.1,8.92,4.71,6.32,0.99,3.438002127059365,0.005682983527677821,3,0.375,18.0,7,6,0,0,0.0,4.306971687047973,0.06346315635515433,0.2834101382488479,0.2727272727272727,0.11462450592885376,0.48198198198198194,0.388695945945946,0.225,4.026,0.29256105072055005
596115,Trevor Story,R,BOS,4,Jacob Degrom,R,594798,822849,BOS @ TEX,5:05 PM,15/09,Scheduled,0.5834408810807498,,,,False,1111011111,estimated,0,0,0.0,0,0,0.30442829019570194,0.35292669680478594,0.2512963844353978,0.4955728890656574,0.32942531042778395,20,2,0.015330823023130713,0.964,64.6,C,0.30917874396135264,4.934906282507011,0.45601812623610355,0.3276811282865881,20,5,0,0.22727272727272727,0.24260355029585798,0.44781553398058255,0.41949838187702265,0.13268608414239483,0.2084726867335563,0.23062730627306274,0.18243243243243243,0.21334172435494023,0.1968503937007874,134,0.3023255813953488,90,False,False,0.6083190112688105,-0.024878130188060732,4.018867924528302,4.226415094339623,53,,,,,,,-0.04805196260278664,20,3.8,1.08,149.1,10,9,186,38,0,0,0,28,SP,28,601,123,21.5,11.21,2.29,7.41,1.15,20.881236133796335,0.03517340463353602,7,0.7777777777777778,7.0,7,5,0,0,-1.0,4.024787746498493,0.007694651612945694,0.267223382045929,0.2823529411764706,0.043137254901960784,0.4246766169154229,0.33281641791044775,0.24,4.16,0.33821237430399337
696285,Jacob Young,R,WSH,9,Cristopher Sánchez,L,650911,822683,PHI @ WSH,3:45 PM,15/09,Scheduled,0.5830474788160392,,,,False,0101001011,estimated,13,5,0.38461538461538464,1,2024,0.22151541525244076,0.23141174205228382,0.13023032766230774,0.27396313737455263,0.1930829840338882,20,2,0.09986083103751883,1.04,80.6,A,0.3207207207207207,4.419011693849428,0.3802454807772537,0.24934263621899505,20,6,0,0.31386861313868614,0.2140077821011673,0.4338738738738739,0.1881081081081081,0.37801801801801804,0.2556053811659193,0.22171428571428572,0.22903225806451613,0.24145454545454545,0.25862068965517243,259,0.2345679012345679,182,False,False,0.5650339442858638,0.0180135345301754,3.2295081967213113,3.6147540983606556,122,,,,,,,-0.07927339307052836,20,2.79,1.21,187.1,17,5,210,42,0,0,0,30,SP,30,778,185,25.9,10.09,2.02,8.89,0.77,25.44236017720288,-0.009558589927150307,9,1.0,-13.0,7,5,0,0,0.0,3.156751929552562,0.09721358512979113,0.25064599483204136,0.16820276497695852,0.07373271889400922,0.2996284501061571,0.31579193205944794,0.28703703703703703,3.443,0.3173011029357529
663968,Jake Mangum,L,PIT,6,Jacob Misiorowski,R,694819,823333,MIL @ PIT,3:40 PM,15/09,Scheduled,0.5818766476169112,,,,False,0111010101,estimated,0,0,0.0,0,0,0.24152773279551798,0.2661548601928243,0.2350601564909723,0.2909502568402664,0.1746516084932262,20,2,0.066993006993007,1.013,95.9,A,0.35338983050847456,5.6822269982643565,0.34879825537458864,0.37062185443748275,20,7,0,0.23846153846153847,0.3054545454545455,0.7778719796523951,0.21153030945315812,0.0105977108944468,0.2652439024390244,0.3026315789473684,0.2786177105831533,0.27686246418338106,0.30666666666666664,241,0.25555555555555554,207,False,False,0.6208930151578155,-0.03901636754090432,3.4615384615384617,3.8290598290598292,117,,,,,,,0.11204533961546372,20,1.95,0.8,161.1,14,5,236,41,0,0,0,27,SP,27,616,88,22.8,13.17,2.29,4.91,0.78,22.803272042719104,0.04766335238308883,5,0.625,16.0,7,6,0,0,1.0,3.6341420325519787,0.04487761648279828,0.28087167070217917,0.1934065934065934,0.04835164835164835,0.2725641025641026,0.3041333333333333,0.12333333333333334,3.896,0.31427579437741654
694208,Moisés Ballesteros,L,LAA,5,Logan Gilbert,R,669302,823980,SEA @ LAA,6:38 PM,15/09,Scheduled,0.5813939645971765,,,,False,1111011001,estimated,0,0,0.0,0,0,0.2702722713887948,0.27946884360178875,0.463503361577117,0.39351731391544903,0.28061418709589697,20,2,0.024489795918367335,0.979,78.1,B,0.2977844536237326,3.934868351364223,0.384675137350884,0.28616805385504046,20,5,0,0.2,0.22448979591836735,0.45618653629183903,0.32493418578412936,0.21887927792403158,0.19383697813121273,0.1815068493150685,0.2713178294573643,0.20675743822491174,0.2375,177,0.2,128,False,False,0.5953159057016584,-0.01392194110448186,2.989130434782609,3.3152173913043477,92,,,,,,,0.060859626680725865,20,3.72,1.05,172.0,12,9,187,44,0,0,0,29,SP,29,686,137,23.7,9.78,2.3,7.17,1.41,24.17439738022735,0.019234606831394996,7,0.7777777777777778,-18.0,6,6,0,0,0.0,3.7308168184580057,0.07643812111784999,0.239067055393586,0.22715404699738903,0.09138381201044386,0.45234375,0.2932734375,0.20597014925373133,4.026,0.3326931948823558
666126,Carlos Cortes,L,ATH,6,Griffin Jax,R,643377,822925,ATH @ TB,3:40 PM,15/09,Scheduled,0.5813939645971765,,,,False,1110110110,estimated,0,0,0.0,0,0,0.26728886365424903,0.29899221047678076,0.2565725039522024,0.39251922688054375,0.19187050793599228,20,2,-0.02930402930402931,0.96,65.6,B,0.30688524590163935,3.587293657900245,0.4178292191353623,0.24782184581246472,20,6,0,0.2857142857142857,0.2564102564102564,0.4297956493078444,0.34014502307185235,0.23005932762030323,0.27064538514920194,0.25663716814159293,0.24404761904761904,0.26213960546282244,0.265625,219,0.2440944881889764,138,False,False,0.6089216526853874,-0.027527688088210933,2.8482142857142856,3.1875,112,,,,,,,0.06263082759821448,20,3.99,1.24,99.1,7,10,103,33,0,2,2,20,SP,31,413,90,13.3,9.33,2.99,8.15,1.36,19.46536297316057,-0.004753964597176474,10,1.0,13.0,7,5,0,0,3.0,3.418999533511457,0.0572481800528359,0.24926686217008798,0.1662269129287599,0.07651715039577836,0.36151079136690645,0.29244124700239804,0.252212389380531,3.896,0.2565822853914867
694671,Wyatt Langford,R,TEX,5,Patrick Sandoval,L,663776,822849,BOS @ TEX,5:05 PM,15/09,Scheduled,0.5813939645971765,,,,False,1000100110,estimated,0,0,0.0,0,0,0.18210948554718867,0.3059433047507646,0.2332698690226344,0.2811859786923484,0.3032959599615231,20,2,-0.02439024390243902,0.964,36.3,D,0.2787750791974657,2.0273291999739413,0.3740359902302527,0.22474637650342905,11,7,0,0.22764227642276422,0.25203252032520324,0.4065469904963041,0.33368532206969376,0.25976768743400214,0.22501365374112506,0.21198668146503885,0.17954545454545454,0.21529745042492918,0.2245762711864407,265,0.2781954887218045,152,False,False,0.5764454013648135,0.004948563232363035,3.804123711340206,4.298969072164948,97,,,,,,,-0.10457759587176864,20,4.58,1.76,55.0,1,5,57,27,0,0,0,11,SP,11,253,70,23.0,9.33,4.42,11.45,0.98,23.184319319897146,-0.008265393168605084,7,0.7777777777777778,10.0,6,6,0,0,2.0,4.3042271820748255,0.15875568808137197,0.23476297968397292,0.21875,0.119140625,0.4128902316213494,0.3034712990936556,0.2948717948717949,4.026,0.3488640726795736
677587,Brayan Rocchio,L,CLE,9,Chris Murphy,L,669684,824384,CWS @ CLE,3:40 PM,15/09,Scheduled,0.5813777973165973,-133.0,150.0,57.0,False,1011101011,estimated,0,0,0.0,0,0,0.2234048983193241,0.2958080457872997,0.32480103734216353,0.27273468610516094,0.14657894650766634,20,1,0.006559299364224336,0.987,91.1,A,0.2904929577464789,4.720280985441955,0.3099650908087677,0.29974818822706134,20,2,0,0.2484472049689441,0.24188790560471976,0.3626760563380282,0.602112676056338,0.035211267605633804,0.23676202069385271,0.23783783783783785,0.22773722627737225,0.23682598039215685,0.242914979757085,277,0.2450592885375494,277,False,False,0.6065031030387386,-0.025125305722141222,3.4965034965034967,3.874125874125874,143,,,,,,,0.011109639950223902,20,3.94,1.34,32.0,3,0,34,15,1,1,2,2,RP,31,140,28,4.5,9.56,4.22,7.88,0.56,4.252518442990284,0.007005536016736036,6,0.6666666666666666,4.0,7,6,0,0,0.0,3.7373163716394338,0.02944252078121745,0.24475524475524477,0.15106382978723404,0.05319148936170213,0.30768156424581006,0.2890856610800745,0.23728813559322035,3.443,0.3109342805868798
682657,Angel Martínez,L,CLE,5,Chris Murphy,L,669684,824384,CWS @ CLE,3:40 PM,15/09,Scheduled,0.5813777973165973,,,,False,0010111110,estimated,0,0,0.0,0,0,0.2451970109739413,0.2931133579961765,0.3067411676327958,0.33244806254707837,0.24244228416431024,20,1,0.08641307804847018,0.987,91.1,A,0.2904929577464789,4.720280985441955,0.3099650908087677,0.29974818822706134,20,2,0,0.2974683544303797,0.21105527638190955,0.3626760563380282,0.602112676056338,0.035211267605633804,0.23771152296535053,0.2583732057416268,0.25443786982248523,0.24612159329140462,0.2459016393442623,197,0.25287356321839083,186,False,False,0.6153016654173739,-0.03392386810077652,3.642857142857143,3.9081632653061225,98,,,,,,,0.1449776126174081,20,3.94,1.34,32.0,3,0,34,15,1,1,2,2,RP,31,140,28,4.5,9.56,4.22,7.88,0.56,4.252518442990284,0.021755536016735966,6,0.6666666666666666,4.0,7,6,0,0,0.0,3.803290315351811,0.03774387564898536,0.24817518248175183,0.2247191011235955,0.04044943820224719,0.33976420150053593,0.30963987138263666,0.23728813559322035,4.026,0.3109342805868798
663993,Nathaniel Lowe,L,CLE,4,Chris Murphy,L,669684,824384,CWS @ CLE,3:40 PM,15/09,Scheduled,0.5809801295240189,,,,False,1101010010,estimated,0,0,0.0,0,0,0.2034003900231842,0.43277913346012853,0.5016528643053699,0.25259409993219734,0.25622567358110815,20,1,0.009390275276562887,0.987,91.1,A,0.2904929577464789,4.720280985441955,0.3099650908087677,0.29974818822706134,20,2,0,0.2608695652173913,0.2514792899408284,0.3626760563380282,0.602112676056338,0.035211267605633804,0.25728155339805825,0.2688,0.27386934673366836,0.26088458880442295,0.2975609756097561,228,0.19230769230769232,178,False,False,0.5970037334390813,-0.016023603915062412,3.139130434782609,3.5304347826086957,115,,,,,,,-0.03929955822651548,20,3.94,1.34,32.0,3,0,34,15,1,1,2,2,RP,31,140,28,4.5,9.56,4.22,7.88,0.56,4.252518442990284,0.02575320380931445,6,0.6666666666666666,4.0,7,6,0,0,0.0,3.477931958408888,0.06475914212243691,0.25203252032520324,0.23671497584541062,0.0893719806763285,0.41931119311193116,0.35138007380073805,0.23728813559322035,4.16,0.3109342805868798
592885,Christian Yelich,L,MIL,6,Lake Bachar,R,669199,823333,MIL @ PIT,3:40 PM,15/09,Scheduled,0.580262356529202,,,,False,1101011011,estimated,0,0,0.0,0,0,0.3212989044763959,0.3467073202363047,0.5065747901211399,0.447542713594873,0.3036401026182702,20,2,0.020292747837658026,1.013,78.2,B,0.29632465543644715,2.1229732014167575,0.2320449123163905,0.25652631769581696,20,6,0,0.2222222222222222,0.24251497005988024,0.3432950191570881,0.5777777777777777,0.0789272030651341,0.2171620325982742,0.1947261663286004,0.2717948717948718,0.2190914318573893,0.22077922077922077,260,0.26285714285714284,201,False,False,0.5835836831389888,-0.00332132660978679,3.794392523364486,4.308411214953271,107,,,,,,,0.07172835748784358,20,3.52,1.1,79.1,1,3,83,33,2,1,3,9,RP,48,325,54,6.8,9.42,3.74,6.13,1.47,7.542049119597936,0.007701279834434471,11,1.0,-29.0,6,5,0,0,1.0,3.770298758904495,0.06644770053466287,0.2261640798226164,0.26810176125244617,0.08806262230919765,0.42101910828025474,0.3164363057324841,0.2138364779874214,3.896,0.2755785142764188
641857,Ryan Mcmahon,L,NYY,7,Bailey Ober,R,641927,823654,NYY @ MIN,4:40 PM,15/09,Scheduled,0.5800299288080216,,,,False,1010101101,estimated,0,0,0.0,0,0,0.1882673046071181,0.24974905262551456,0.23334236214208473,0.2410247068021347,0.20861939718845054,20,1,-0.0740740740740741,1.022,56.7,C,0.2567783094098884,2.425593587980119,0.38093924991988537,0.17579710379217514,20,9,0,0.2777777777777778,0.2037037037037037,0.3487506645401382,0.31153641679957467,0.3397129186602871,0.19002579535683578,0.1895734597156398,0.20735785953177258,0.19083608880491262,0.17073170731707318,179,0.2605633802816901,158,False,False,0.5576660328079627,0.022363896000058947,2.8333333333333335,3.1203703703703702,108,,,,,,,-0.07458338562089571,20,4.28,1.25,117.2,7,5,85,34,0,0,0,22,SP,22,498,113,22.6,6.5,2.6,8.64,1.38,22.681450920734907,-0.02862992880802162,3,0.375,-5.0,7,7,0,0,0.0,3.2481790176108896,0.07443211476475825,0.2195845697329377,0.29110512129380056,0.07547169811320754,0.4759825327510917,0.3329330422125182,0.2366412213740458,3.76,0.3223238495233071
687462,Spencer Horwitz,L,PIT,5,Jacob Misiorowski,R,694819,823333,MIL @ PIT,3:40 PM,15/09,Scheduled,0.5795304543939408,,,,False,1110001111,estimated,5,1,0.2,1,2025,0.19095401340806759,0.298375788541408,0.29585761728446924,0.26539502285950034,0.1767588759051525,20,3,-0.023395270270270274,1.013,95.9,A,0.35338983050847456,5.6822269982643565,0.34879825537458864,0.37062185443748275,20,7,0,0.2702702702702703,0.246875,0.7778719796523951,0.21153030945315812,0.0105977108944468,0.25517241379310346,0.2469879518072289,0.25,0.2535063113604488,0.2692307692307692,234,0.2214765100671141,184,False,False,0.6218543255505625,-0.04232387115662173,3.4326923076923075,4.019230769230769,104,,,,,,,0.215010633666449,20,1.95,0.8,161.1,14,5,236,41,0,0,0,27,SP,27,616,88,22.8,13.17,2.29,4.91,0.78,22.803272042719104,0.04582954560605912,5,0.625,16.0,7,6,0,0,1.0,4.038336812648228,0.10243827161471647,0.2531017369727047,0.15254237288135594,0.1228813559322034,0.31812688821752266,0.26750453172205435,0.12333333333333334,4.026,0.31427579437741654
669394,Jake Burger,R,TEX,6,Patrick Sandoval,L,663776,822849,BOS @ TEX,5:05 PM,15/09,Scheduled,0.5785847964173305,-122.0,138.0,55.0,False,1111010010,estimated,7,1,0.14285714285714285,1,2022,0.2263745658641594,0.3587915430168858,0.39443519628826645,0.32447345025988483,0.29183237253016525,20,2,-0.0007355001400952688,0.964,36.3,D,0.2787750791974657,2.0273291999739413,0.3740359902302527,0.22474637650342905,11,7,0,0.2289156626506024,0.22965116279069767,0.4065469904963041,0.33368532206969376,0.25976768743400214,0.20493562231759657,0.20480225988700565,0.2079002079002079,0.20396301188903568,0.21035598705501618,340,0.25870646766169153,226,False,False,0.5849960042464312,-0.006411207829100651,3.591549295774648,3.9859154929577465,142,,,,,,,0.01527330805714752,20,4.58,1.76,55.0,1,5,57,27,0,0,0,11,SP,11,253,70,23.0,9.33,4.42,11.45,0.98,23.184319319897146,-0.010527653560187589,7,0.7777777777777778,10.0,6,6,0,0,2.0,4.080529258693472,0.1518567055170503,0.23222748815165878,0.26215644820295986,0.09725158562367865,0.4597315436241611,0.32709228187919465,0.2948717948717949,3.896,0.3488640726795736
690993,Colt Keith,L,DET,4,Braydon Fisher,R,680755,822762,DET @ TOR,4:07 PM,15/09,Scheduled,0.5780613942893313,,,,False,1011001011,estimated,0,0,0.0,0,0,0.20170651317207874,0.39338311607836635,0.47525014450446396,0.2717022029580572,0.2939867763195878,20,2,-0.07992733878292457,0.995,62.4,C,0.30049668874172186,3.216705792837425,0.44486251829905143,0.36882480118415406,20,2,0,0.3333333333333333,0.25340599455040874,0.21530698065601345,0.7846930193439865,0.0,0.2580239144115796,0.23370429252782193,0.24166666666666667,0.24796472184531887,0.2974137931034483,257,0.18439716312056736,153,False,False,0.597674620006308,-0.019613225716976657,2.762962962962963,3.037037037037037,135,,,,,,,0.0027320398713065706,20,3.22,1.22,72.2,3,4,72,38,1,0,1,9,RP,72,295,51,4.1,8.92,4.71,6.32,0.99,3.438002127059365,0.004505272377335334,3,0.375,18.0,7,6,0,0,0.0,2.8376321480984843,0.061827199086421245,0.24299065420560748,0.19491525423728814,0.07344632768361582,0.39828042328042323,0.34848412698412695,0.225,4.16,0.29256105072055005
543760,Marcus Semien,R,NYM,6,Shane Baz,R,669358,823574,BAL @ NYM,4:10 PM,15/09,Scheduled,0.5768049641395298,,,,False,1011101111,estimated,5,2,0.4,1,2024,0.26180910498760235,0.273393012764482,0.3355496160919247,0.3061110461366914,0.07921567997392542,20,1,0.03499386503067484,0.949,56.2,C,0.2644927536231884,2.917996740590271,0.42001154109575173,0.21237831067933288,20,6,0,0.192,0.22699386503067484,0.5821818181818181,0.3276363636363636,0.09018181818181818,0.22847457627118645,0.19423240033927056,0.2042042042042042,0.21209084836339345,0.20967741935483872,270,0.22660098522167488,232,False,False,0.6050112259985784,-0.02820626185904862,3.5234375,3.921875,128,,,,,,,0.20996615466683616,20,4.05,1.33,169.0,6,15,150,58,0,0,0,29,SP,29,721,167,24.9,7.99,3.09,8.89,0.75,24.597325797891166,0.02314503586047012,8,0.8,-5.0,7,6,0,0,0.0,4.11201002530576,0.11433921490171448,0.21933962264150944,0.19361702127659575,0.08085106382978724,0.335035035035035,0.32396546546546545,0.2366412213740458,3.896,0.341886795417157
693307,Dillon Dingler,R,DET,6,Braydon Fisher,R,680755,822762,DET @ TOR,4:07 PM,15/09,Scheduled,0.5766443029531589,-144.0,170.0,59.0,False,1110101101,estimated,0,0,0.0,0,0,0.1724287783439838,0.32811370348667723,0.31009814415593157,0.27629856892469834,0.3114506218913984,20,1,0.015716995134823136,0.995,62.4,C,0.30049668874172186,3.216705792837425,0.44486251829905143,0.36882480118415406,20,2,0,0.23204419889502761,0.24776119402985075,0.21530698065601345,0.7846930193439865,0.0,0.2322524101665206,0.20168067226890757,0.24813432835820895,0.2264683252115927,0.23859649122807017,311,0.24675324675324675,259,False,False,0.5960478078369196,-0.019403504883760636,3.7941176470588234,4.1911764705882355,136,,,,,,,0.0006398340839778072,20,3.22,1.22,72.2,3,4,72,38,1,0,1,9,RP,72,295,51,4.1,8.92,4.71,6.32,0.99,3.438002127059365,0.0033223637135076922,3,0.375,18.0,7,6,0,0,0.0,3.958506905212134,0.01371500289656008,0.24301075268817204,0.23529411764705882,0.056862745098039215,0.40927536231884054,0.3460521739130435,0.1889763779527559,3.896,0.29256105072055005
679845,Nick Loftin,R,KC,6,Hunter Brown,R,686613,824143,KC @ HOU,5:10 PM,15/09,Scheduled,0.5764454013648135,,,,False,1011010100,estimated,0,0,0.0,0,0,0.19973116862662676,0.2802396383916221,0.197359483452446,0.2724054739055002,0.29790800296748304,20,2,-0.05187817258883248,0.998,71.5,B,0.2959731543624161,2.4028671676847035,0.37422343592300583,0.256401733129974,16,6,0,0.26,0.20812182741116753,0.6154362416107383,0.2859060402684564,0.09865771812080537,0.1859375,0.1821705426356589,0.2626582278481013,0.19520403870424904,0.18681318681318682,210,0.2787878787878788,192,False,False,0.5888721273328476,-0.01242672596803407,3.1545454545454548,3.6545454545454548,110,,,,,,,-0.0565911570373296,20,3.52,1.3,92.0,5,3,100,46,0,0,0,17,SP,17,386,74,22.7,9.78,4.5,7.24,1.08,23.057983048808584,0.008211741492329394,7,1.0,1.0,7,5,0,0,-1.0,3.927204155598576,0.061538569496052846,0.23433242506811988,0.1773049645390071,0.09456264775413711,0.27539954337899547,0.2694006849315069,0.23308270676691728,3.896,0.3051938336156547
571771,Enrique Hernández,R,LAD,9,Rhett Lowder,R,695076,824466,LAD @ CIN,3:40 PM,15/09,Scheduled,0.576047733572235,,,,False,0001001011,estimated,0,0,0.0,0,0,0.23154645200534366,0.37568549037350896,0.5066218547015702,0.3800220325464744,0.34961943327626843,20,1,0.06864564007421148,1.083,33.7,F,0.2606177606177606,1.7394878415909547,0.41572867187593343,0.1625618529606195,20,6,0,0.20408163265306123,0.2727272727272727,0.5004840271055179,0.2933204259438529,0.20619554695062922,0.19298245614035087,0.19607843137254902,0.19230769230769232,0.19389978213507625,0.23809523809523808,46,0.20689655172413793,31,False,False,0.5182167999626215,0.057830933609613555,2.3666666666666667,2.566666666666667,30,,,,,,,0.02368203797403494,20,5.81,1.53,119.1,6,10,94,49,0,0,0,23,SP,26,541,133,20.8,7.09,3.7,10.03,1.28,20.82351141813287,-0.050231066905568444,6,0.75,11.0,7,6,0,0,0.0,2.818984424839363,0.08610273454252737,0.22324159021406728,0.2877094972067039,0.06983240223463687,0.3936011904761905,0.3131339285714286,0.28717948717948716,3.443,0.36022902194476353
683953,Travis Bazzana,L,CLE,6,Chris Murphy,L,669684,824384,CWS @ CLE,3:40 PM,15/09,Scheduled,0.5753598317488388,,,,False,0111101111,estimated,0,0,0.0,0,0,0.33724859303018295,0.2926024559402897,0.41228495289234285,0.3748844510799466,0.10610566587534759,20,1,0.01178969729155599,0.987,91.1,A,0.2904929577464789,4.720280985441955,0.3099650908087677,0.29974818822706134,20,2,0,0.2571428571428571,0.24535315985130113,0.3626760563380282,0.602112676056338,0.035211267605633804,0.2367816091954023,0.2672147995889003,0.26678765880217786,0.25045871559633026,0.2631578947368421,265,0.23204419889502761,210,True,False,0.6014275123693494,-0.02606768062051068,3.6194690265486726,4.20353982300885,113,,,,,,,0.178318579427527,20,3.94,1.34,32.0,3,0,34,15,1,1,2,2,RP,31,140,28,4.5,9.56,4.22,7.88,0.56,4.252518442990284,0.018156834917827935,6,0.6666666666666666,4.0,7,6,0,0,0.0,3.917161948981804,0.11643924799915205,0.25542168674698795,0.2053941908713693,0.11203319502074689,0.37526371308016876,0.2896455696202532,0.23728813559322035,3.896,0.3109342805868798
624424,Michael Conforto,L,CHC,7,Martín Pérez,L,527048,824627,ATL @ CHC,4:40 PM,15/09,Scheduled,0.5748609814485248,,,,False,0111011001,estimated,0,0,0.0,0,0,0.28708992755082857,0.3192940547715869,0.361512608570394,0.34593636117810633,0.17634999496378875,20,1,0.0,0.983,55.9,C,0.27189605389797883,1.6288877015242367,0.33900938893086335,0.18135112865921443,20,5,0,,0.2384937238493724,0.6154216867469879,0.0746987951807229,0.30987951807228914,0.20959595959595959,0.18518518518518517,0.17579250720461095,0.19422730006013228,0.20967741935483872,143,0.26956521739130435,139,False,False,0.57039118055117,0.004469800897354825,2.343137254901961,2.764705882352941,102,,,,,,,0.04473189679763896,20,3.08,1.25,131.2,8,9,98,56,0,0,0,24,SP,28,547,108,19.5,6.7,3.83,7.38,0.89,21.24367612935044,-0.020198481448524763,8,0.8888888888888888,16.0,7,6,0,0,0.0,3.2194779541078824,0.08560994812384141,0.24829931972789115,0.2558139534883721,0.10755813953488372,0.44660194174757284,0.31959466019417476,0.25,3.76,0.31030966978124047
687401,Joey Ortiz,R,MIL,8,Lake Bachar,R,669199,823333,MIL @ PIT,3:40 PM,15/09,Scheduled,0.5733737001442595,,,,False,0111011111,estimated,0,0,0.0,0,0,0.3204059551848449,0.3596922147340095,0.4280120242471001,0.40661548114725493,0.21076531403668186,20,2,0.016543521355199153,1.013,78.2,B,0.29632465543644715,2.1229732014167575,0.2320449123163905,0.25652631769581696,20,6,0,0.25161290322580643,0.2681564245810056,0.3432950191570881,0.5777777777777777,0.0789272030651341,0.24232365145228216,0.22607260726072606,0.2317596566523605,0.23760932944606414,0.2485207100591716,186,0.2727272727272727,189,False,False,0.5920970920013393,-0.01872339185707983,3.0642201834862384,3.4403669724770642,109,,,,,,,0.27864841405401436,20,3.52,1.1,79.1,1,3,83,33,2,1,3,9,RP,48,325,54,6.8,9.42,3.74,6.13,1.47,7.542049119597936,0.010944481673922257,11,1.0,-29.0,6,5,0,0,1.0,3.68383979581387,0.03277577245579258,0.25977653631284914,0.18271604938271604,0.08888888888888889,0.36208920187793425,0.2959471830985916,0.16,3.598,0.2755785142764188
682877,Juan Brito,L,CIN,8,Yoshinobu Yamamoto,R,808967,824466,LAD @ CIN,3:40 PM,15/09,Scheduled,0.5721945900211098,,,,False,1101010111,estimated,0,0,0.0,0,0,0.22688800425362113,0.3012351092082846,0.331964122845249,0.3034130822296304,0.28159229575197253,20,1,-0.22635135135135137,1.083,87.5,A,0.30251419302514193,4.707876081594437,0.3723553351744445,0.28521355317127534,20,6,0,0.35135135135135137,0.125,0.5455284552845528,0.18739837398373985,0.26707317073170733,0.20350877192982456,0.224,0.24074074074074073,0.21621621621621623,0.2222222222222222,47,0.25,38,True,False,0.5598851684086162,0.012309421612493598,3.347826086956522,3.6956521739130435,23,,,,,,,0.0580240845627421,20,2.62,0.88,172.0,13,8,171,39,0,0,0,26,SP,26,658,113,25.3,8.95,2.04,5.91,0.99,25.5764629122614,0.018880409978890178,8,0.8888888888888888,0.0,6,6,0,0,0.0,3.6560711328167024,0.06014076597806157,0.2441860465116279,0.2553191489361702,0.06382978723404255,0.3064516129032258,0.2665967741935484,0.17142857142857143,3.598,0.3291422662706531
695731,Braden Montgomery,L,CWS,6,Foster Griffin,L,656492,824384,CWS @ CLE,3:40 PM,15/09,Scheduled,0.5717457444218662,,,,False,1001100000,estimated,0,0,0.0,0,0,0.1180086416006887,0.3559910883415655,0.42655435049225954,0.177534552096906,0.1510179638627173,20,1,-0.052018779342723004,0.987,57.4,C,0.2847508430123642,3.1102968458320874,0.36803978422959444,0.2025434985843479,20,6,0,0.17333333333333334,0.22535211267605634,0.5943007124109486,0.23322084739407575,0.17247844019497563,0.2358490566037736,0.22540983606557377,0.17330677290836655,0.21410451547437848,0.23870967741935484,180,0.18045112781954886,150,True,False,0.5844628503457246,-0.01271710592385844,3.5555555555555554,4.074074074074074,81,,,,,,,-0.2224524215767954,20,3.65,1.18,162.2,15,5,146,43,0,0,0,29,SP,29,674,149,23.2,8.08,2.38,8.24,1.27,22.78318536980429,-0.005145744421866216,7,0.875,17.0,7,7,0,0,0.0,3.70800945446658,0.139293557158618,0.2147887323943662,0.19384615384615383,0.11384615384615385,0.40082956259426844,0.3255912518853696,0.19760479041916168,3.896,0.342996404523976
553993,Eugenio Suárez,R,CIN,7,Yoshinobu Yamamoto,R,808967,824466,LAD @ CIN,3:40 PM,15/09,Scheduled,0.5717119070013751,,,,False,0110100111,estimated,7,1,0.14285714285714285,1,2024,0.26605701888972094,0.34033453404716263,0.35406834170646595,0.31971248135501895,0.19541662304675517,20,1,-0.006390382790256249,1.083,87.5,A,0.30251419302514193,4.707876081594437,0.3723553351744445,0.28521355317127534,20,6,0,0.22018348623853212,0.21379310344827587,0.5455284552845528,0.18739837398373985,0.26707317073170733,0.2113163972286374,0.21341463414634146,0.20760233918128654,0.2113688337144724,0.2317596566523605,268,0.1927710843373494,190,False,False,0.568946048160479,0.002765858840896085,3.4695652173913043,3.982608695652174,115,,,,,,,0.09062610115389817,20,2.62,0.88,172.0,13,8,171,39,0,0,0,26,SP,26,658,113,25.3,8.95,2.04,5.91,0.99,25.5764629122614,0.01165059299862492,8,0.8888888888888888,0.0,6,6,0,0,0.0,3.9635195190692762,0.15647363838083406,0.21359223300970873,0.3431578947368421,0.11157894736842106,0.35374832663989286,0.3250368139223561,0.19708029197080293,3.76,0.3291422662706531
701785,Kaelen Culpepper,R,MIN,8,Max Fried,L,608331,823654,NYY @ MIN,4:40 PM,15/09,Scheduled,0.5717119070013751,,,,False,1011010010,estimated,0,0,0.0,0,0,0.22056147253989083,0.2949637787431179,0.2793543864483905,0.2743626620280744,0.21165736563596851,20,3,0.10497453975714846,1.022,83.0,A,0.2849122807017544,3.131475785979626,0.27581963085517974,0.27588868064463246,17,5,0,0.35135135135135137,0.2463768115942029,0.6182456140350877,0.2575438596491228,0.12421052631578948,0.23248407643312102,0.24553571428571427,0.28378378378378377,0.2478134110787172,0.24074074074074073,61,0.3269230769230769,56,True,False,0.5813777973165973,-0.009665890315222248,3.533333333333333,3.9,30,,,,,,,-0.03880688784289336,20,2.73,0.99,99.0,4,4,94,31,0,0,0,18,SP,18,382,67,21.2,8.55,2.82,6.09,0.36,19.945143446352997,0.005573807284339205,7,0.875,-7.0,5,6,0,0,0.0,3.7757549450466428,0.04198160256068589,0.2830188679245283,0.20512820512820512,0.05128205128205128,0.3231707317073171,0.32089024390243903,0.21686746987951808,3.598,0.27160528236081666
668709,Jj Bleday,L,CIN,4,Yoshinobu Yamamoto,R,808967,824466,LAD @ CIN,3:40 PM,15/09,Scheduled,0.5713737178874321,,,,False,0100000110,estimated,0,0,0.0,0,0,0.14089163439027685,0.3139797267057437,0.3979421579155524,0.23609305568664885,0.3152435986878132,20,1,0.006525573192239842,1.083,87.5,A,0.30251419302514193,4.707876081594437,0.3723553351744445,0.28521355317127534,20,6,0,0.20952380952380953,0.21604938271604937,0.5455284552845528,0.18739837398373985,0.26707317073170733,0.2063686466625842,0.20496894409937888,0.22291407222914073,0.2104337631887456,0.2204724409448819,302,0.2057142857142857,203,False,False,0.569928585496741,0.0014451323906911062,3.5163934426229506,4.139344262295082,122,,,,,,,-0.10519528847459489,20,2.62,0.88,172.0,13,8,171,39,0,0,0,26,SP,26,658,113,25.3,8.95,2.04,5.91,0.99,25.5764629122614,0.0223387821125679,8,0.8888888888888888,0.0,6,6,0,0,0.0,3.901003598213048,0.13397228684716433,0.21462264150943397,0.22289156626506024,0.13253012048192772,0.3996272630457934,0.32400532481363153,0.17142857142857143,4.16,0.3291422662706531
663586,Austin Riley,R,ATL,7,Kevin Gausman,R,592332,824627,ATL @ CHC,4:40 PM,15/09,Scheduled,0.569928585496741,-122.0,127.0,55.0,False,1101011101,estimated,6,2,0.3333333333333333,1,2025,0.22066556799599146,0.33921840596836583,0.42131131382921594,0.3728510569988025,0.30091486483250346,20,1,-0.0003219315895372221,0.983,53.6,C,0.29537366548042704,3.35520825191266,0.4132818692631531,0.24929452317292317,20,6,0,0.22285714285714286,0.22253521126760564,0.5135327635327636,0.09223646723646724,0.3942307692307692,0.2097361237488626,0.20432692307692307,0.22727272727272727,0.21085699924604173,0.21232876712328766,325,0.23529411764705882,265,False,False,0.5717457444218662,-0.0018171589251252396,3.557046979865772,3.959731543624161,149,,,,,,,0.02026210989416779,20,4.6,1.29,166.1,9,12,171,46,0,0,0,30,SP,30,706,168,23.5,9.25,2.49,9.09,1.3,23.82074151186308,-0.001288585496740935,5,0.7142857142857143,42.0,6,7,0,0,0.0,3.7222954735191873,0.07174015538185992,0.22565320665083136,0.34334763948497854,0.06652360515021459,0.4553001277139208,0.3382681992337165,0.2682926829268293,3.76,0.3245325554438119
665833,Oneil Cruz,L,PIT,4,Jacob Misiorowski,R,694819,823333,MIL @ PIT,3:40 PM,15/09,Scheduled,0.569928585496741,-108.0,117.0,52.0,False,0010111101,estimated,8,0,0.0,1,2025,0.30352246150050943,0.37093907239947965,0.4176004453638771,0.42847029468568254,0.2575599635492418,20,2,-0.03766843609636589,1.013,95.9,A,0.35338983050847456,5.6822269982643565,0.34879825537458864,0.37062185443748275,20,7,0,0.3037974683544304,0.2661290322580645,0.7778719796523951,0.21153030945315812,0.0105977108944468,0.24198250728862974,0.2668213457076566,0.21868365180467092,0.24668141592920353,0.2736842105263158,216,0.2773722627737226,159,False,False,0.6182350835097709,-0.048306498013029886,3.847058823529412,4.411764705882353,85,,,,,,,0.07827120311055447,20,1.95,0.8,161.1,14,5,236,41,0,0,0,27,SP,27,616,88,22.8,13.17,2.29,4.91,0.78,22.803272042719104,0.057971414503259044,5,0.625,16.0,7,6,0,0,1.0,4.281167883640281,0.16102075616818215,0.24770642201834864,0.3353413654618474,0.10642570281124498,0.5539033457249071,0.37385749690210657,0.12333333333333334,4.16,0.31427579437741654
669357,Nolan Gorman,L,STL,6,Blade Tidwell,R,694918,823007,SF @ STL,4:45 PM,15/09,Scheduled,0.569928585496741,,,,False,0111001100,estimated,0,0,0.0,0,0,0.12787006473887216,0.2850915450570403,0.3110045019496143,0.23277553511307036,0.36929903521134494,20,1,0.06303418803418803,1.031,46.4,D,0.2685643564356436,2.0020773677476758,0.43811222708820835,0.19029832337379396,15,6,0,0.125,0.18803418803418803,0.49814126394052044,0.45724907063197023,0.04460966542750929,0.1873706004140787,0.18028846153846154,0.14678899082568808,0.17534246575342466,0.20422535211267606,157,0.1574074074074074,125,False,False,0.5236114356500509,0.04631714984669011,3.2051282051282053,3.6153846153846154,78,,,,,,,-0.13396118955610392,20,4.82,1.29,46.2,0,2,38,20,1,0,1,7,RP,15,197,40,13.1,7.33,3.86,7.71,1.16,15.289277971745618,-0.015561918830074406,6,0.6,1.0,5,6,0,0,0.0,3.3193535404069943,0.05375959921598525,0.183206106870229,0.34375,0.10267857142857142,0.41387726638772665,0.28819246861924686,0.2857142857142857,3.896,0.3159703544990549
687637,Dylan Beavers,L,BAL,5,Sean Manaea,L,640455,823574,BAL @ NYM,4:10 PM,15/09,Scheduled,0.5683796281660424,,,,False,0101011010,estimated,0,0,0.0,0,0,0.20295598711353052,0.2901455960192798,0.2694306127677974,0.3293642377170896,0.3050634782135771,20,1,0.03831417624521072,0.949,55.7,C,0.27391109115401885,3.529232233966364,0.423416194342463,0.20797262465345367,20,7,0,0.27586206896551724,0.23754789272030652,0.6506511001347104,0.305792546026044,0.04355635383924562,0.21626297577854672,0.21417797888386123,0.1994750656167979,0.21263062244434347,0.21686746987951808,182,0.27419354838709675,142,False,False,0.5795304543939408,-0.011150826227898425,3.118279569892473,3.4838709677419355,93,,,,,,,0.003790132632142256,20,4.79,1.34,133.1,5,7,126,41,0,0,0,16,SP,30,582,138,19.4,8.51,2.77,9.32,1.42,23.82920214645919,-0.006779628166042384,8,0.8888888888888888,-7.0,7,6,0,0,0.0,4.1599605195914044,0.05348322002236579,0.22911051212938005,0.25882352941176473,0.11058823529411765,0.3550446998722861,0.31571519795657726,0.2484472049689441,4.026,0.3382446126252338
545341,Randal Grichuk,R,CWS,9,Foster Griffin,L,656492,824384,CWS @ CLE,3:40 PM,15/09,Scheduled,0.5671229065437284,,,,False,0001111111,estimated,0,0,0.0,0,0,0.34989714224242063,0.37642401581995594,0.5893421007345188,0.4422728644015686,0.26378435011352336,20,1,0.11338868707836014,0.987,57.4,C,0.2847508430123642,3.1102968458320874,0.36803978422959444,0.2025434985843479,20,6,0,0.30851063829787234,0.1951219512195122,0.5943007124109486,0.23322084739407575,0.17247844019497563,0.26412918108419836,0.29743589743589743,0.3292181069958848,0.2833333333333333,0.2972972972972973,116,0.2796610169491525,124,False,False,0.5664019842766886,0.0007209222670397919,2.2450980392156863,2.3529411764705883,102,,,,,,,0.015742189583609064,20,3.65,1.18,162.2,15,5,146,43,0,0,0,29,SP,29,674,149,23.2,8.08,2.38,8.24,1.27,22.78318536980429,-0.018108620829442645,7,0.875,17.0,7,7,0,0,0.0,2.3702424390937624,0.04869959809350951,0.26838235294117646,0.23076923076923078,0.03496503496503497,0.4866504854368932,0.34184466019417475,0.2577777777777778,3.443,0.342996404523976
682663,Agustín Ramírez,R,MIA,7,Michael Soroka,R,647336,825030,MIA @ AZ,6:40 PM,15/09,Scheduled,0.5656777741530373,,,,False,1010001011,estimated,0,0,0.0,0,0,0.22853616127735304,0.3798863569366773,0.43752823648004996,0.3193978243401767,0.26099931251020503,20,1,0.03817299205648719,1.0,59.3,C,0.2710691823899371,3.521271991676913,0.35775928622055,0.2078820686562064,19,6,0,0.20454545454545456,0.24271844660194175,0.5447103274559194,0.33123425692695213,0.12405541561712846,0.22128174123337363,0.24597701149425288,0.23478260869565218,0.23056300268096513,0.21818181818181817,128,0.2345679012345679,90,False,False,0.5713737178874321,-0.005695943734394748,3.1311475409836067,3.5737704918032787,61,,,,,,,-0.0738289556448699,20,3.53,1.16,99.1,8,5,95,25,0,0,0,18,SP,19,411,90,21.6,8.61,2.27,8.15,0.63,20.878127884803597,-0.00889444081970403,6,0.75,36.0,7,6,0,0,0.0,2.9887462043323607,0.11186202088458833,0.2158273381294964,0.21141649048625794,0.08456659619450317,0.42113564668769715,0.29360173501577286,0.18243243243243243,3.76,0.3106363882892391
703601,Max Clark,L,DET,8,Braydon Fisher,R,680755,822762,DET @ TOR,4:07 PM,15/09,Scheduled,0.5654059708202978,,,,False,0101011111,estimated,0,0,0.0,0,0,0.3235059110074775,0.365996924180716,0.49872783503970664,0.4313195726592321,0.19662877595223205,20,1,-0.08333333333333331,0.995,62.4,C,0.30049668874172186,3.216705792837425,0.44486251829905143,0.36882480118415406,20,2,0,0.3333333333333333,0.25,0.21530698065601345,0.7846930193439865,0.0,0.24957841483979765,0.32926829268292684,0.22807017543859648,0.2617680826636051,0.26865671641791045,77,0.2777777777777778,81,True,False,0.5856936027812997,-0.020287631961001917,3.475,3.95,40,,,,,,,0.09520585402434426,20,3.22,1.22,72.2,3,4,72,38,1,0,1,9,RP,72,295,51,4.1,8.92,4.71,6.32,0.99,3.438002127059365,-0.0007726374869644337,3,0.375,18.0,7,6,0,0,0.0,3.919320626321123,0.11071810439128914,0.27205882352941174,0.21153846153846154,0.08974358974358974,0.4174757281553398,0.35467961165048545,0.225,3.598,0.29256105072055005
680700,Richie Palacios,L,TB,8,Jack Perkins,R,678022,822925,ATH @ TB,3:40 PM,15/09,Scheduled,0.5644850376868237,,,,False,1101111111,estimated,0,0,0.0,0,0,0.2698233414396761,0.30691907110529987,0.3988819521876524,0.28691863359378833,0.06581920163283536,20,2,-0.026175687666370878,0.96,56.3,C,0.291958985429034,2.109592150000326,0.38284539320908534,0.24545075090137575,20,7,0,0.2608695652173913,0.23469387755102042,0.5002763957987839,0.3156440022111664,0.18407960199004975,0.2602739726027397,0.21542940320232898,0.24538258575197888,0.24412937527691625,0.25,208,0.21897810218978103,159,False,False,0.5646068327383692,-0.00012179505154552572,2.935185185185185,3.3981481481481484,108,,,,,,,0.20074998396868224,20,6.53,1.53,103.1,3,11,119,47,3,2,5,14,RP,34,473,111,13.9,10.36,4.09,9.67,1.74,19.701371408634095,-0.003230492232278226,11,1.0,-9.0,5,6,0,0,0.0,3.537249294862273,0.07566217282464983,0.23410404624277456,0.1745635910224439,0.11221945137157108,0.2913647342995169,0.308758152173913,0.27314814814814814,3.598,0.35475629197471314
695681,Christian Moore,R,LAA,6,Logan Gilbert,R,669302,823980,SEA @ LAA,6:38 PM,15/09,Scheduled,0.5619168441516663,,,,False,0011101000,estimated,0,0,0.0,0,0,0.15465780545908592,0.2539242432649317,0.38914134707468084,0.22551906125437557,0.28561512450061993,20,1,0.14472537053182213,0.979,78.1,B,0.2977844536237326,3.934868351364223,0.384675137350884,0.28616805385504046,20,5,0,0.08108108108108109,0.22580645161290322,0.45618653629183903,0.32493418578412936,0.21887927792403158,0.14666666666666667,0.16129032258064516,0.21428571428571427,0.15739484396200815,0.17307692307692307,59,0.1702127659574468,49,False,False,0.5713737178874321,-0.009456873735765758,3.6666666666666665,4.0,27,,,,,,,-0.04686840653226117,20,3.72,1.05,172.0,12,9,187,44,0,0,0,29,SP,29,686,137,23.7,9.78,2.3,7.17,1.41,24.17439738022735,0.022940298705476536,7,0.7777777777777778,-18.0,6,6,0,0,0.0,4.096375805414069,0.06327245251778185,0.19011406844106463,0.3254237288135593,0.08813559322033898,0.3792415169660679,0.3053453093812375,0.23161764705882354,3.896,0.3326931948823558
678391,Jorbit Vivas,L,WSH,8,Cristopher Sánchez,L,650911,822683,PHI @ WSH,3:45 PM,15/09,Scheduled,0.5616416039929044,,,,False,1010011111,estimated,0,0,0.0,0,0,0.3162114761783005,0.25647430603903676,0.17367417375052005,0.41036763514996255,0.15911588956634215,20,2,-0.014366956001197223,1.04,80.6,A,0.3207207207207207,4.419011693849428,0.3802454807772537,0.24934263621899505,20,6,0,0.23076923076923078,0.245136186770428,0.4338738738738739,0.1881081081081081,0.37801801801801804,0.20682730923694778,0.2144469525959368,0.1976401179941003,0.20707070707070707,0.22435897435897437,188,0.2677165354330709,147,False,False,0.5445498750534192,0.017091728939485185,2.596330275229358,3.073394495412844,109,,,,,,,-0.008015168694952618,20,2.79,1.21,187.1,17,5,210,42,0,0,0,30,SP,30,778,185,25.9,10.09,2.02,8.89,0.77,25.44236017720288,-0.00025271510401547737,9,1.0,-13.0,7,5,0,0,0.0,3.171429901546258,0.11012654808041719,0.24161073825503357,0.14447592067988668,0.11331444759206799,0.22300944669365724,0.2831012145748988,0.16363636363636364,3.598,0.3173011029357529
806198,Cooper Pratt,R,MIL,9,Lake Bachar,R,669199,823333,MIL @ PIT,3:40 PM,15/09,Scheduled,0.5616146503511925,,,,False,1110100111,estimated,0,0,0.0,0,0,0.2693132592771153,0.31738185234091565,0.1778409080103222,0.32232519481403515,0.13210341543820855,20,2,0.027513227513227545,1.013,78.2,B,0.29632465543644715,2.1229732014167575,0.2320449123163905,0.25652631769581696,20,6,0,0.25396825396825395,0.2814814814814815,0.3432950191570881,0.5777777777777777,0.0789272030651341,0.2926829268292683,0.28065395095367845,0.25735294117647056,0.2840531561461794,0.3069306930693069,118,0.23711340206185566,114,True,False,0.5897893064304749,-0.02817465607928238,3.193548387096774,3.7419354838709675,62,,,,,,,0.11847428677340473,20,3.52,1.1,79.1,1,3,83,33,2,1,3,9,RP,48,325,54,6.8,9.42,3.74,6.13,1.47,7.542049119597936,0.014830804194262082,11,1.0,-29.0,6,5,0,0,1.0,3.917110164272875,0.04738600826995616,0.28095238095238095,0.1814516129032258,0.10483870967741936,0.28585858585858587,0.3120878787878788,0.16,3.443,0.2755785142764188
686765,Nick Sogard,L,BOS,5,Jacob Degrom,R,594798,822849,BOS @ TEX,5:05 PM,15/09,Scheduled,0.5613562700842115,,,,False,0101011010,estimated,0,0,0.0,0,0,0.2503130626687781,0.3115426083468912,0.2980209052107456,0.3418281157297026,0.2563876089091676,20,2,-0.1596969696969697,0.964,64.6,C,0.30917874396135264,4.934906282507011,0.45601812623610355,0.3276811282865881,20,5,0,0.38636363636363635,0.22666666666666666,0.44781553398058255,0.41949838187702265,0.13268608414239483,0.2322503008423586,0.234192037470726,0.24126984126984127,0.23458359821996186,0.23636363636363636,130,0.2976190476190476,102,False,False,0.5980042042488741,-0.03664793416466261,3.660377358490566,4.377358490566038,53,,,,,,,-0.03897971165099879,20,3.8,1.08,149.1,10,9,186,38,0,0,0,28,SP,28,601,123,21.5,11.21,2.29,7.41,1.15,20.881236133796335,0.045700872772931334,7,0.7777777777777778,7.0,7,5,0,0,-1.0,4.141082097928377,0.0723006226981843,0.2622107969151671,0.22717149220489977,0.0957683741648107,0.30470383275261326,0.3304494773519164,0.20535714285714285,4.026,0.33821237430399337
622268,Donovan Walton,L,ATH,7,Griffin Jax,R,643377,822925,ATH @ TB,3:40 PM,15/09,Scheduled,0.5612712548570552,,,,False,1010010101,estimated,0,0,0.0,0,0,0.2436145552738727,0.33400401252344214,0.36252741237113467,0.29953474149552,0.12944890205980542,20,2,0.0751322751322751,0.96,65.6,B,0.30688524590163935,3.587293657900245,0.4178292191353623,0.24782184581246472,20,6,0,0.2,0.2751322751322751,0.4297956493078444,0.34014502307185235,0.23005932762030323,0.2765957446808511,0.23620309050772628,0.25073746312684364,0.25826446280991733,0.275,133,0.26582278481012656,101,False,False,0.5920970920013393,-0.030825837144284107,2.8028169014084505,3.295774647887324,71,,,,,,,0.007881206871784728,20,3.99,1.24,99.1,7,10,103,33,0,2,2,20,SP,31,413,90,13.3,9.33,2.99,8.15,1.36,19.46536297316057,0.003568745142944807,10,1.0,13.0,7,5,0,0,3.0,3.5576251839578306,0.14607059764586075,0.219435736677116,0.16486486486486487,0.1,0.32655038759689925,0.2678372093023256,0.252212389380531,3.76,0.2565822853914867
641680,Jonah Heim,L,ATH,8,Griffin Jax,R,643377,822925,ATH @ TB,3:40 PM,15/09,Scheduled,0.5595526417350398,,,,False,1111100011,estimated,0,0,0.0,0,0,0.16850080578162888,0.28398865823642594,0.23865083899287853,0.2077139412881904,0.17745286593148404,20,3,-0.02888888888888888,0.96,65.6,B,0.30688524590163935,3.587293657900245,0.4178292191353623,0.24782184581246472,20,6,0,0.2222222222222222,0.19333333333333333,0.4297956493078444,0.34014502307185235,0.23005932762030323,0.18533886583679116,0.18739352640545145,0.20089285714285715,0.18840579710144928,0.20408163265306123,212,0.21641791044776118,148,False,False,0.5813939645971765,-0.02184132286213669,3.4375,3.75,96,,,,,,,-0.10469824785531423,20,3.99,1.24,99.1,7,10,103,33,0,2,2,20,SP,31,413,90,13.3,9.33,2.99,8.15,1.36,19.46536297316057,-0.004542641735039821,10,1.0,13.0,7,5,0,0,3.0,3.836866087280535,0.04072681721400589,0.20151133501259447,0.17954545454545454,0.08181818181818182,0.3239517819706499,0.27428301886792456,0.252212389380531,3.598,0.2565822853914867
679822,Justin Foscue,R,TEX,7,Patrick Sandoval,L,663776,822849,BOS @ TEX,5:05 PM,15/09,Scheduled,0.5576660328079627,,,,False,1111111001,estimated,0,0,0.0,0,0,0.3254915258523329,0.3818414219658383,0.4571540601558462,0.5103668337048798,0.3170933598149289,20,2,0.21770647653000597,0.964,36.3,D,0.2787750791974657,2.0273291999739413,0.3740359902302527,0.22474637650342905,11,7,0,0.32679738562091504,0.10909090909090909,0.4065469904963041,0.33368532206969376,0.25976768743400214,0.24971878515185603,0.2813852813852814,0.3150684931506849,0.2681528662420382,0.2702702702702703,122,0.26804123711340205,107,False,False,0.5475134264002991,0.010152606407663578,2.337078651685393,2.5730337078651684,89,,,,,,,0.18995991362671166,20,4.58,1.76,55.0,1,5,57,27,0,0,0,11,SP,11,253,70,23.0,9.33,4.42,11.45,0.98,23.184319319897146,-0.01759460423653414,7,0.7777777777777778,10.0,6,6,0,0,2.0,2.829180381217091,0.02995248723518252,0.2198581560283688,0.2750809061488673,0.061488673139158574,0.3629441624365482,0.2859492385786802,0.2948717948717949,3.76,0.3488640726795736
682626,Francisco Álvarez,R,NYM,8,Shane Baz,R,669358,823574,BAL @ NYM,4:10 PM,15/09,Scheduled,0.5576660328079627,,,,False,1101011011,estimated,0,0,0.0,0,0,0.1705556261694754,0.37397741161708564,0.6209028390175511,0.3037144827264617,0.4169662266301528,20,1,0.009615384615384637,0.949,56.2,C,0.2644927536231884,2.917996740590271,0.42001154109575173,0.21237831067933288,20,6,0,0.22115384615384615,0.23076923076923078,0.5821818181818181,0.3276363636363636,0.09018181818181818,0.2219730941704036,0.22426470588235295,0.19032258064516128,0.2184839886501824,0.2569832402234637,202,0.1949685534591195,180,False,False,0.5692847556295675,-0.01161872282160481,3.3137254901960786,3.7450980392156863,102,,,,,,,0.019734669112100957,20,4.05,1.33,169.0,6,15,150,58,0,0,0,29,SP,29,721,167,24.9,7.99,3.09,8.89,0.75,24.597325797891166,0.0010964671920373759,8,0.8,-5.0,7,6,0,0,0.0,3.8204092820573607,0.053471151506315255,0.2358974358974359,0.29571106094808125,0.09480812641083522,0.46782496782496785,0.3366177606177606,0.2366412213740458,3.598,0.341886795417157
691777,Max Muncy,R,ATH,5,Griffin Jax,R,643377,822925,ATH @ TB,3:40 PM,15/09,Scheduled,0.555967862315466,,,,False,0111011110,estimated,0,0,0.0,0,0,0.3686358107645536,0.35764075314650184,0.4404099280190697,0.48380996841681273,0.2677578916782749,20,2,0.06253270538984823,0.96,65.6,B,0.30688524590163935,3.587293657900245,0.4178292191353623,0.24782184581246472,20,6,0,0.19387755102040816,0.2564102564102564,0.4297956493078444,0.34014502307185235,0.23005932762030323,0.24013157894736842,0.19055944055944055,0.1688888888888889,0.21341107871720116,0.22302158273381295,155,0.24347826086956523,128,False,False,0.5828289894599689,-0.02686112714450284,3.175,3.5375,80,,,,,,,0.0765311514318585,20,3.99,1.24,99.1,7,10,103,33,0,2,2,20,SP,31,413,90,13.3,9.33,2.99,8.15,1.36,19.46536297316057,0.004602137684533991,10,1.0,13.0,7,5,0,0,3.0,3.4487617980209784,0.055968484464758966,0.23237597911227154,0.3160377358490566,0.06839622641509434,0.40829986613119146,0.31208032128514057,0.22857142857142856,4.026,0.2565822853914867
663616,Trevor Larnach,L,MIN,7,Max Fried,L,608331,823654,NYY @ MIN,4:40 PM,15/09,Scheduled,0.5547955738177924,,,,False,1100010111,estimated,0,0,0.0,0,0,0.3144210364165712,0.344106539982817,0.3116298721762514,0.4014010909116054,0.23075673232952978,20,2,-0.011163275952008334,1.022,83.0,A,0.2849122807017544,3.131475785979626,0.27581963085517974,0.27588868064463246,17,5,0,0.25925925925925924,0.2704225352112676,0.6182456140350877,0.2575438596491228,0.12421052631578948,0.2632283991962492,0.2838847385272145,0.24251069900142652,0.26524098308330674,0.2773109243697479,270,0.2569444444444444,164,False,False,0.5795304543939408,-0.024734880576148366,3.15702479338843,3.5867768595041323,121,,,,,,,0.03587107843309741,20,2.73,0.99,99.0,4,4,94,31,0,0,0,18,SP,18,382,67,21.2,8.55,2.82,6.09,0.36,19.945143446352997,0.017104426182207644,7,0.875,-7.0,5,6,0,0,0.0,3.0550095980494194,0.06726665682267541,0.26649076517150394,0.1813953488372093,0.1,0.3681063122923588,0.32576744186046513,0.14864864864864866,3.76,0.27160528236081666
678662,Ezequiel Tovar,R,COL,8,Walker Buehler,R,621111,824307,SD @ COL,5:40 PM,15/09,Scheduled,0.5546740721355451,,,,False,1011001011,estimated,10,5,0.5,1,2024,0.3095962071751565,0.34406631272371774,0.224148290035268,0.36360351835110144,0.2814330351129891,20,1,-0.05587196308845796,1.148,60.7,C,0.2630241423125794,2.2392671562146664,0.3662463459540341,0.21207726482789663,20,6,0,0.2517482517482518,0.1958762886597938,0.6441326530612245,0.2572278911564626,0.09863945578231292,0.18545902649414664,0.17551462621885158,0.24050632911392406,0.19217451523545706,0.2056451612903226,268,0.22580645161290322,210,False,False,0.5320512290991329,0.022622843036412155,3.263157894736842,3.593984962406015,133,,,,,,,-0.14185898139214917,20,4.61,1.36,138.2,8,6,121,53,0,0,0,29,SP,29,588,135,20.3,7.85,3.44,8.76,1.23,19.92362534565838,0.017150927864454824,4,0.5,25.0,7,7,0,0,0.0,3.02184641297275,0.05501019535821648,0.20526315789473684,0.2523809523809524,0.06428571428571428,0.3085766423357664,0.2963467153284671,0.2317596566523605,3.598,0.30066065871050446
669003,Garrett Mitchell,L,MIL,7,Lake Bachar,R,669199,823333,MIL @ PIT,3:40 PM,15/09,Scheduled,0.5545932921415441,,,,False,1101100110,estimated,0,0,0.0,0,0,0.33433360222061026,0.5515934843778616,0.6722739191284788,0.4797243665933412,0.2722792520949213,20,2,0.019299211153916696,1.013,78.2,B,0.29632465543644715,2.1229732014167575,0.2320449123163905,0.25652631769581696,20,6,0,0.25316455696202533,0.27246376811594203,0.3432950191570881,0.5777777777777777,0.0789272030651341,0.2605233219567691,0.28795180722891567,0.21722846441947566,0.2613962384443736,0.2742616033755274,267,0.2620320855614973,219,False,False,0.5674949330781623,-0.012901640936618275,3.212121212121212,3.6818181818181817,132,,,,,,,0.09027716257135296,20,3.52,1.1,79.1,1,3,83,33,2,1,3,9,RP,48,325,54,6.8,9.42,3.74,6.13,1.47,7.542049119597936,0.011043071494819534,11,1.0,-29.0,6,5,0,0,1.0,3.4474263049378866,0.09989031082465537,0.26785714285714285,0.30201342281879195,0.10067114093959731,0.5272373540856031,0.4137198443579767,0.2138364779874214,3.76,0.2755785142764188
804668,Rafael Flores,R,PIT,7,Jacob Misiorowski,R,694819,823333,MIL @ PIT,3:40 PM,15/09,Scheduled,0.5521847302571387,,,,False,0011111111,estimated,0,0,0.0,0,0,0.2932878913573763,0.30984775470954906,0.4857740896740371,0.35598137323229784,0.23967217998175822,20,2,0.04471168670983658,1.013,95.9,A,0.35338983050847456,5.6822269982643565,0.34879825537458864,0.37062185443748275,20,7,0,0.2318840579710145,0.2765957446808511,0.7778719796523951,0.21153030945315812,0.0105977108944468,0.2234762979683973,0.18466898954703834,0.24752475247524752,0.2148859543817527,0.1875,69,0.3269230769230769,58,False,False,0.5759627183450787,-0.023777988087940072,3.2222222222222223,3.5277777777777777,36,,,,,,,0.17320767877520124,20,1.95,0.8,161.1,14,5,236,41,0,0,0,27,SP,27,616,88,22.8,13.17,2.29,4.91,0.78,22.803272042719104,0.038715269742861325,5,0.625,16.0,7,6,0,0,1.0,3.6466775648556036,0.019078923091459307,0.22794117647058823,0.29333333333333333,0.08666666666666667,0.5,0.34117391304347827,0.19838056680161945,3.76,0.31427579437741654
701358,Cam Smith,R,HOU,8,Michael Wacha,R,608379,824143,KC @ HOU,5:10 PM,15/09,Scheduled,0.5475134264002991,,,,False,0010111100,estimated,0,0,0.0,0,0,0.19886452218441547,0.3228891498285543,0.4197432411889165,0.3326174142390895,0.33907376744512374,20,2,-0.0009688085760619913,0.998,76.3,B,0.27052785923753664,3.3780694160238274,0.3409864786350497,0.2010983108389033,20,7,0,0.21768707482993196,0.21671826625386997,0.5616287600880411,0.18708730741012472,0.2512839325018342,0.22599784250269686,0.22151898734177214,0.19914346895074947,0.22058414464534076,0.2188679245283019,292,0.2146341463414634,230,False,False,0.5367129509385095,0.010800475461789638,3.4057971014492754,3.782608695652174,138,,,,,,,-0.029848971395549928,20,3.25,1.11,182.2,9,8,147,48,0,0,0,29,SP,29,736,154,25.4,7.24,2.36,7.59,1.18,25.379722656520325,0.008086573599700775,10,1.0,18.0,7,6,0,0,-1.0,3.4196459314724073,0.053593471667787315,0.2074074074074074,0.25555555555555554,0.07111111111111111,0.4389655172413793,0.32587816091954025,0.24285714285714285,3.598,0.3304501533596403
690976,Alex Freeland,L,LAD,8,Rhett Lowder,R,695076,824466,LAD @ CIN,3:40 PM,15/09,Scheduled,0.5451937049205927,,,,False,0100011110,estimated,0,0,0.0,0,0,0.19323348348025296,0.3634045732263601,0.5102573507645244,0.3547500558207389,0.28133615982340104,20,1,0.033502538071065985,1.083,33.7,F,0.2606177606177606,1.7394878415909547,0.41572867187593343,0.1625618529606195,20,6,0,0.2,0.233502538071066,0.5004840271055179,0.2933204259438529,0.20619554695062922,0.24214659685863874,0.25304136253041365,0.2042042042042042,0.2354881266490765,0.21739130434782608,126,0.24299065420560748,131,False,False,0.4843157598537182,0.060877945066874495,2.642857142857143,3.0595238095238093,84,,,,,,,-0.038938958882742826,20,5.81,1.53,119.1,6,10,94,49,0,0,0,23,SP,26,541,133,20.8,7.09,3.7,10.03,1.28,20.82351141813287,-0.039493704920592676,6,0.75,11.0,7,6,0,0,0.0,2.498113723185945,0.15390733581353902,0.2111801242236025,0.30376344086021506,0.11021505376344086,0.38317384370015944,0.29100000000000004,0.2664359861591695,3.598,0.36022902194476353
691788,Joe Mack,L,MIA,9,Michael Soroka,R,647336,825030,MIA @ AZ,6:40 PM,15/09,Scheduled,0.5441900517359493,,,,False,0010110011,estimated,0,0,0.0,0,0,0.28190727211762784,0.2929779542812408,0.45236104006207906,0.37049193520604246,0.2507778138222805,20,1,0.013683127572016451,1.0,59.3,C,0.2710691823899371,3.521271991676913,0.35775928622055,0.2078820686562064,19,6,0,0.225,0.23868312757201646,0.5447103274559194,0.33123425692695213,0.12405541561712846,0.24235560588901472,0.22241379310344828,0.18651685393258427,0.223326359832636,0.2119205298013245,161,0.26515151515151514,149,True,False,0.5441900517359493,0.0,2.9789473684210526,3.263157894736842,95,,,,,,,0.12371889208368472,20,3.53,1.16,99.1,8,5,95,25,0,0,0,18,SP,19,411,90,21.6,8.61,2.27,8.15,0.63,20.878127884803597,-0.020406718402615875,6,0.75,36.0,7,6,0,0,0.0,2.977836982296992,0.030009105632981287,0.23214285714285715,0.26143790849673204,0.05555555555555555,0.38625,0.31218500000000005,0.27510917030567683,3.443,0.3106363882892391
691728,Zac Veen,L,COL,9,Walker Buehler,R,621111,824307,SD @ COL,5:40 PM,15/09,Scheduled,0.5416990769413373,,,,False,1100101010,estimated,0,0,0.0,0,0,0.2453876192482822,0.3545214288610364,0.3909322818762587,0.4635321469546992,0.4053588114929963,20,2,0.0,1.148,60.7,C,0.2630241423125794,2.2392671562146664,0.3662463459540341,0.21207726482789663,20,6,0,,0.25,0.6441326530612245,0.2572278911564626,0.09863945578231292,0.22346368715083798,0.30303030303030304,0.24,0.2440677966101695,0.28,29,0.21739130434782608,28,False,False,0.49644106220516065,0.04525801473617669,1.8461538461538463,2.1923076923076925,26,,,,,,,-0.1754163779075094,20,4.61,1.36,138.2,8,6,121,53,0,0,0,29,SP,29,588,135,20.3,7.85,3.44,8.76,1.23,19.92362534565838,0.009675923058662605,4,0.5,25.0,7,7,0,0,0.0,2.0979784872331426,0.11327084580551305,0.22950819672131148,0.36496350364963503,0.072992700729927,0.3194444444444444,0.17648611111111112,0.2745762711864407,3.443,0.30066065871050446
664023,Ian Happ,L,CHC,5,Martín Pérez,L,527048,824627,ATL @ CHC,4:40 PM,15/09,Scheduled,0.5416990769413373,,,,False,0110001001,estimated,0,0,0.0,0,0,0.18089657868077463,0.3559130515129286,0.4895123077199863,0.24647845762542034,0.22653531695995385,20,1,-0.02704149359825289,0.983,55.9,C,0.27189605389797883,1.6288877015242367,0.33900938893086335,0.18135112865921443,20,5,0,0.19834710743801653,0.22538860103626943,0.6154216867469879,0.0746987951807229,0.30987951807228914,0.20276497695852536,0.2219047619047619,0.18968871595330739,0.2056621431913898,0.22807017543859648,331,0.2072072072072072,265,False,False,0.5436948751879532,-0.0019957982466158875,3.5454545454545454,4.1678321678321675,143,,,,,,,-0.016165031875703503,20,3.08,1.25,131.2,8,9,98,56,0,0,0,24,SP,28,547,108,19.5,6.7,3.83,7.38,0.89,21.24367612935044,-0.01249907694133734,8,0.8888888888888888,16.0,7,6,0,0,0.0,3.513487702875491,0.20932557391513812,0.21377672209026127,0.3054989816700611,0.11812627291242363,0.40897908979089787,0.315760147601476,0.25,4.026,0.31030966978124047
608348,Carson Kelly,R,CHC,9,Martín Pérez,L,527048,824627,ATL @ CHC,4:40 PM,15/09,Scheduled,0.5387355255944574,,,,False,1010111001,estimated,0,0,0.0,0,0,0.28896174284839654,0.30149491071766316,0.35329577099870063,0.32314884021459167,0.1229183549219171,20,1,0.025362318840579712,0.983,55.9,C,0.27189605389797883,1.6288877015242367,0.33900938893086335,0.18135112865921443,20,5,0,0.2753623188405797,0.25,0.6154216867469879,0.0746987951807229,0.30987951807228914,0.24597701149425288,0.20129032258064516,0.2746478873239437,0.23371164354770912,0.25806451612903225,199,0.2619047619047619,197,False,False,0.5401455149223979,-0.001409989327940564,3.308411214953271,3.7009345794392523,107,,,,,,,0.09151051995675974,20,3.08,1.25,131.2,8,9,98,56,0,0,0,24,SP,28,547,108,19.5,6.7,3.83,7.38,0.89,21.24367612935044,-0.0027855255944574386,8,0.8888888888888888,16.0,7,6,0,0,0.0,3.408035641869259,0.05395478381437416,0.2619647355163728,0.18202247191011237,0.0898876404494382,0.379746835443038,0.2916360759493671,0.2125748502994012,3.443,0.31030966978124047
553869,Elías Díaz,R,TEX,8,Patrick Sandoval,L,663776,822849,BOS @ TEX,5:05 PM,15/09,Scheduled,0.5387087491851253,,,,False,0111101010,estimated,0,0,0.0,0,0,0.23114867079035814,0.3773743270840116,0.5361665764478536,0.4051748918017312,0.3423041171845344,20,2,-0.022034556396816146,0.964,36.3,D,0.2787750791974657,2.0273291999739413,0.3740359902302527,0.22474637650342905,11,7,0,0.22549019607843138,0.24752475247524752,0.4065469904963041,0.33368532206969376,0.25976768743400214,0.22601839684625494,0.24494949494949494,0.24812030075187969,0.23588553750966745,0.2545454545454545,116,0.21505376344086022,104,False,False,0.5440808624164106,-0.00537211323128528,2.9,3.142857142857143,70,,,,,,,0.08904554198391178,20,4.58,1.76,55.0,1,5,57,27,0,0,0,11,SP,11,253,70,23.0,9.33,4.42,11.45,0.98,23.184319319897146,-0.010523034899410977,7,0.7777777777777778,10.0,6,6,0,0,2.0,3.2783853082113144,0.06900118640037922,0.2225609756097561,0.2611111111111111,0.05,0.4184472934472935,0.3023952991452991,0.2948717948717949,3.598,0.3488640726795736
694212,Samuel Basallo,L,BAL,7,Sean Manaea,L,640455,823574,BAL @ NYM,4:10 PM,15/09,Scheduled,0.5354837930830214,,,,False,1000101000,estimated,0,0,0.0,0,0,0.13568175739002802,0.22366721437036524,0.2510039703420773,0.19842340223607038,0.29235337887760343,20,1,0.024966687706010238,0.949,55.7,C,0.27391109115401885,3.529232233966364,0.423416194342463,0.20797262465345367,20,7,0,0.24489795918367346,0.21993127147766323,0.6506511001347104,0.305792546026044,0.04355635383924562,0.21556350626118068,0.2064102564102564,0.22716627634660422,0.21352160890029953,0.24352331606217617,212,0.19727891156462585,165,False,False,0.5440808624164106,-0.008597069333389218,3.207547169811321,3.556603773584906,106,,,,,,,-0.24825043017271026,20,4.79,1.34,133.1,5,7,126,41,0,0,0,16,SP,30,582,138,19.4,8.51,2.77,9.32,1.42,23.82920214645919,-0.007971293083021358,8,0.8888888888888888,-7.0,7,6,0,0,0.0,3.154711261165691,0.055862224841679645,0.22164948453608246,0.26744186046511625,0.07441860465116279,0.4358974358974359,0.3178937728937729,0.2484472049689441,3.76,0.3382446126252338
664702,Myles Straw,R,TOR,9,Drew Anderson,R,623454,822762,DET @ TOR,4:07 PM,15/09,Scheduled,0.5337493995916295,,,,False,1011100000,estimated,0,0,0.0,0,0,0.28433608799510135,0.26073214097435354,0.29324345450987205,0.2958313484234477,0.10884588112169673,20,1,-0.006060606060606072,0.995,61.6,C,0.2942295497780596,2.529399538132644,0.3792891752035196,0.22162851038969306,20,7,0,0.23333333333333334,0.22727272727272727,0.4165079365079365,0.273015873015873,0.31047619047619046,0.22211155378486055,0.212,0.21717171717171718,0.21856639247943596,0.26515151515151514,144,0.19852941176470587,158,False,False,0.5460766606630265,-0.012327261071397033,2.2711864406779663,2.559322033898305,118,,,,,,,-0.14085845024648833,20,3.8,1.31,97.0,4,6,105,40,2,6,8,9,RP,47,414,87,8.8,9.74,3.71,8.07,1.3,13.138362946841761,0.016193457551227586,7,0.7,-10.0,7,6,0,0,0.0,2.781250730722654,0.20389798551850918,0.23529411764705882,0.13398692810457516,0.08169934640522876,0.26551226551226553,0.2873246753246753,0.2375,3.443,0.2987501469839543
573262,Mike Yastrzemski,L,ATL,8,Kevin Gausman,R,592332,824627,ATL @ CHC,4:40 PM,15/09,Scheduled,0.533734957706594,,,,False,0101001101,estimated,9,3,0.3333333333333333,1,2024,0.37163961444107446,0.42438374043722077,0.40886061872218976,0.5105418206345835,0.25038469096037075,20,1,0.1114217252396166,0.983,53.6,C,0.29537366548042704,3.35520825191266,0.4132818692631531,0.24929452317292317,20,6,0,0.125,0.2364217252396166,0.5135327635327636,0.09223646723646724,0.3942307692307692,0.22358015815959742,0.1895424836601307,0.2415902140672783,0.21796509152830992,0.22807017543859648,188,0.23417721518987342,185,False,False,0.5445498750534192,-0.01081491734682527,2.590551181102362,2.937007874015748,127,,,,,,,0.02862541213670171,20,4.6,1.29,166.1,9,12,171,46,0,0,0,30,SP,30,706,168,23.5,9.25,2.49,9.09,1.3,23.82074151186308,-0.0010949577065939575,5,0.7142857142857143,42.0,6,7,0,0,0.0,2.8196289896729145,0.14763887144419574,0.2280130293159609,0.24355300859598855,0.10315186246418338,0.43618618618618615,0.3287702702702702,0.2520775623268698,3.598,0.3245325554438119
656775,Cedric Mullins,L,TB,7,Jack Perkins,R,678022,822925,ATH @ TB,3:40 PM,15/09,Scheduled,0.5336514580998284,,,,False,0110011000,estimated,0,0,0.0,0,0,0.12309681801706893,0.27359386803947994,0.3238537767486426,0.13591595631251793,0.1445948887356848,20,3,-0.001203990368077057,0.96,56.3,C,0.291958985429034,2.109592150000326,0.38284539320908534,0.24545075090137575,20,7,0,0.20588235294117646,0.2046783625730994,0.5002763957987839,0.3156440022111664,0.18407960199004975,0.19533029612756264,0.2100954979536153,0.18873239436619718,0.1990934449093445,0.21428571428571427,260,0.1935483870967742,214,False,False,0.5556343570649126,-0.021982898965084208,3.3333333333333335,3.8536585365853657,123,,,,,,,-0.1362546965231282,20,6.53,1.53,103.1,3,11,119,47,3,2,5,14,RP,34,473,111,13.9,10.36,4.09,9.67,1.74,19.701371408634095,0.01593036008198967,11,1.0,-9.0,5,6,0,0,0.0,3.2137443690034626,0.0964401171707947,0.2075,0.1900647948164147,0.09071274298056156,0.31709401709401713,0.2477003205128205,0.27314814814814814,3.76,0.35475629197471314
672275,Patrick Bailey,L,CLE,8,Chris Murphy,L,669684,824384,CWS @ CLE,3:40 PM,15/09,Scheduled,0.528223095869324,,,,False,1100101111,estimated,0,0,0.0,0,0,0.25403447261443396,0.4093754789607098,0.42129429193363344,0.41005968296548334,0.3066421816605007,20,1,-0.019890348081091414,0.987,91.1,A,0.2904929577464789,4.720280985441955,0.3099650908087677,0.29974818822706134,20,2,0,0.1935483870967742,0.2134387351778656,0.3626760563380282,0.602112676056338,0.035211267605633804,0.18453608247422681,0.21272365805168986,0.18798955613577023,0.1958154506437768,0.19858156028368795,155,0.22377622377622378,162,False,False,0.5759627183450787,-0.047739622475754695,2.9894736842105263,3.336842105263158,95,,,,,,,0.12934226387383035,20,3.94,1.34,32.0,3,0,34,15,1,1,2,2,RP,31,140,28,4.5,9.56,4.22,7.88,0.56,4.252518442990284,0.027393570797342504,6,0.6666666666666666,4.0,7,6,0,0,0.0,3.629818381955126,0.07129775820015152,0.22589531680440772,0.2456575682382134,0.07444168734491315,0.40025252525252525,0.32262878787878785,0.23728813559322035,3.598,0.3109342805868798
680574,Matt Mclain,R,CIN,9,Yoshinobu Yamamoto,R,808967,824466,LAD @ CIN,3:40 PM,15/09,Scheduled,0.5267066550318069,,,,False,1001110100,estimated,6,1,0.16666666666666666,1,2025,0.12765884143339312,0.24096756642448344,0.2563835897271836,0.17036382320378457,0.24671596668208712,20,4,-0.015331010452961674,1.083,87.5,A,0.30251419302514193,4.707876081594437,0.3723553351744445,0.28521355317127534,20,6,0,0.2,0.18466898954703834,0.5455284552845528,0.18739837398373985,0.26707317073170733,0.20271867612293143,0.18024439918533605,0.19655172413793104,0.19481830417227455,0.20614035087719298,258,0.16568047337278108,196,False,False,0.5116723845134581,0.015034270518348825,3.364406779661017,3.847457627118644,118,,,,,,,-0.11980859304390488,20,2.62,0.88,172.0,13,8,171,39,0,0,0,26,SP,26,658,113,25.3,8.95,2.04,5.91,0.99,25.5764629122614,0.02044334496819311,8,0.8888888888888888,0.0,6,6,0,0,0.0,3.6696717957535325,0.03076114275160964,0.1865671641791045,0.27331887201735355,0.1019522776572668,0.37228260869565216,0.3181986714975846,0.19708029197080293,3.443,0.3291422662706531
670231,John Rave,L,KC,7,Hunter Brown,R,686613,824143,KC @ HOU,5:10 PM,15/09,Scheduled,0.525259544522444,,,,False,0111111000,estimated,0,0,0.0,0,0,0.21660017520256086,0.3065560796722704,0.40904363165390484,0.31494125667382994,0.20733434104192403,20,2,0.1576354679802956,0.998,71.5,B,0.2959731543624161,2.4028671676847035,0.37422343592300583,0.256401733129974,16,6,0,0.09523809523809523,0.25287356321839083,0.6154362416107383,0.2859060402684564,0.09865771812080537,0.21188630490956073,0.2222222222222222,0.275,0.22533333333333333,0.19642857142857142,65,0.25,60,False,False,0.554990527197739,-0.029730982675294948,2.769230769230769,3.2051282051282053,39,,,,,,,-0.03950051421898474,20,3.52,1.3,92.0,5,3,100,46,0,0,0,17,SP,17,386,74,22.7,9.78,4.5,7.24,1.08,23.057983048808584,0.016811884048984593,7,1.0,1.0,7,5,0,0,-1.0,3.443335524393606,0.2006651614159738,0.2150170648464164,0.23809523809523808,0.09821428571428571,0.36619718309859156,0.2839107981220657,0.21195652173913043,3.76,0.3051938336156547
683146,Brett Baty,L,NYM,9,Shane Baz,R,669358,823574,BAL @ NYM,4:10 PM,15/09,Scheduled,0.525259544522444,,,,False,0011111110,estimated,0,0,0.0,0,0,0.3938196477930295,0.31961112130214436,0.3928684745685316,0.4467066657786925,0.18277700917680179,20,1,0.020476723724204143,0.949,56.2,C,0.2644927536231884,2.917996740590271,0.42001154109575173,0.21237831067933288,20,6,0,0.21052631578947367,0.23100303951367782,0.5821818181818181,0.3276363636363636,0.09018181818181818,0.2392982456140351,0.2095890410958904,0.24428822495606328,0.2320381231671554,0.25339366515837103,243,0.19393939393939394,191,False,False,0.525259544522444,0.0,3.0393700787401574,3.4173228346456694,127,,,,,,,0.15975129897786372,20,4.05,1.33,169.0,6,15,150,58,0,0,0,29,SP,29,721,167,24.9,7.99,3.09,8.89,0.75,24.597325797891166,-0.0034470445224440427,8,0.8,-5.0,7,6,0,0,0.0,2.778334032124163,0.07452366304432825,0.2292817679558011,0.2713936430317848,0.09290953545232274,0.42257636122177955,0.3422868525896414,0.2755905511811024,3.443,0.341886795417157
680776,Jarren Duran,L,BOS,7,Jacob Degrom,R,594798,822849,BOS @ TEX,5:05 PM,15/09,Scheduled,0.525259544522444,,,,False,0010011100,estimated,5,0,0.0,1,2025,0.16736699268215469,0.25562990974699845,0.3460113231780599,0.2201212384316441,0.24593504973082847,20,2,-0.016411889013914438,0.964,64.6,C,0.30917874396135264,4.934906282507011,0.45601812623610355,0.3276811282865881,20,5,0,0.21686746987951808,0.20045558086560364,0.44781553398058255,0.41949838187702265,0.13268608414239483,0.17806889859291605,0.18,0.199438202247191,0.18243596445373758,0.18811881188118812,331,0.2237442922374429,247,False,False,0.5637056124812393,-0.03844606795879524,3.7553956834532376,4.158273381294964,139,,,,,,,-0.2109391546845744,20,3.8,1.08,149.1,10,9,186,38,0,0,0,28,SP,28,601,123,21.5,11.21,2.29,7.41,1.15,20.881236133796335,0.03986902690612737,7,0.7777777777777778,7.0,7,5,0,0,-1.0,3.527416861965971,0.033167752758405784,0.20704845814977973,0.27435387673956263,0.055666003976143144,0.40585443037974683,0.3399778481012658,0.20535714285714285,3.76,0.33821237430399337
669701,Josh Smith,L,TOR,7,Drew Anderson,R,623454,822762,DET @ TOR,4:07 PM,15/09,Scheduled,0.5236114356500509,,,,False,1001010010,estimated,0,0,0.0,0,0,0.19420183607009,0.3064292519897028,0.35982974491591835,0.4189147857759533,0.3627939895353499,20,1,0.16404077849860982,0.995,61.6,C,0.2942295497780596,2.529399538132644,0.3792891752035196,0.22162851038969306,20,7,0,0.07692307692307693,0.24096385542168675,0.4165079365079365,0.273015873015873,0.31047619047619046,0.22393162393162394,0.23393316195372751,0.22072072072072071,0.22591362126245848,0.21052631578947367,108,0.25,102,False,False,0.5236114356500509,0.0,2.753846153846154,3.230769230769231,65,,,,,,,-0.13164162543298433,20,3.8,1.31,97.0,4,6,105,40,2,6,8,9,RP,47,414,87,8.8,9.74,3.71,8.07,1.3,13.138362946841761,0.012774278635663383,7,0.7,-10.0,7,6,0,0,0.0,2.6314533409204786,0.13399471283311237,0.21448467966573817,0.22009569377990432,0.10526315789473684,0.2899500624219726,0.27853932584269664,0.23737373737373738,3.76,0.2987501469839543
643396,Isiah Kiner-Falefa,R,BOS,9,Jacob Degrom,R,594798,822849,BOS @ TEX,5:05 PM,15/09,Scheduled,0.5229344822448043,,,,False,1110111010,estimated,0,0,0.0,0,0,0.24382030037697014,0.29064832778513144,0.2766817455389325,0.26681876004015953,0.06770999517071674,20,3,0.05069767441860468,0.964,64.6,C,0.30917874396135264,4.934906282507011,0.45601812623610355,0.3276811282865881,20,5,0,0.24,0.29069767441860467,0.44781553398058255,0.41949838187702265,0.13268608414239483,0.24248496993987975,0.24680851063829787,0.26262626262626265,0.24880382775119617,0.25,84,0.3,70,False,False,0.5556343570649126,-0.03269987482010828,2.8333333333333335,3.2083333333333335,48,,,,,,,-0.013204120066097006,20,3.8,1.08,149.1,10,9,186,38,0,0,0,28,SP,28,601,123,21.5,11.21,2.29,7.41,1.15,20.881236133796335,0.028551232040910035,7,0.7777777777777778,7.0,7,5,0,0,-1.0,3.402728233080283,0.18864117415720158,0.24362606232294617,0.14698162729658792,0.05511811023622047,0.2878787878787879,0.26986868686868687,0.24,3.443,0.33821237430399337
701852,Drew Cavanaugh,L,SF,8,Andre Pallante,R,669467,823007,SF @ STL,4:45 PM,15/09,Scheduled,0.5226928005198914,,,,False,1011010100,estimated,0,0,0.0,0,0,0.17083152150440778,0.3873063619907353,0.26709041022857216,0.3671414573510725,0.41720105527501267,20,1,0.0983277591973244,1.031,62.1,C,0.26745662293694455,2.1464966858510466,0.3230099535895921,0.1588770133107207,20,6,0,0.15384615384615385,0.25217391304347825,0.5035971223021583,0.46804909013965296,0.028353787558188744,0.23728813559322035,0.22127659574468084,0.1619047619047619,0.2233128834355828,0.22727272727272727,74,0.25806451612903225,74,True,False,0.4890873155084579,0.03360548501143351,2.5098039215686274,2.9019607843137254,51,,,,,,,-0.021514807501318983,20,3.45,1.23,146.0,12,6,102,45,0,0,0,26,SP,26,602,135,23.2,6.29,2.77,8.32,0.62,22.981044433656702,-0.010072800519891567,5,0.5555555555555556,12.0,6,6,0,0,0.0,2.5535502530450076,0.15886823165693062,0.2440944881889764,0.27586206896551724,0.10344827586206896,0.2988505747126437,0.36597126436781613,0.25573770491803277,3.598,0.3425594092626681
675961,Alika Williams,R,ATH,9,Griffin Jax,R,643377,822925,ATH @ TB,3:40 PM,15/09,Scheduled,0.5209298159083401,,,,False,1111000001,estimated,0,0,0.0,0,0,0.22136835658763626,0.24684830832545418,0.31346076928716343,0.2759143845003981,0.151763021540647,20,2,-0.05886784330606973,0.96,65.6,B,0.30688524590163935,3.587293657900245,0.4178292191353623,0.24782184581246472,20,6,0,0.2871287128712871,0.22826086956521738,0.4297956493078444,0.34014502307185235,0.23005932762030323,0.3063583815028902,0.22842639593908629,0.29608938547486036,0.2816679779701023,0.28703703703703703,117,0.2235294117647059,91,False,False,0.5367129509385095,-0.01578313503016937,2.7183098591549295,2.9295774647887325,71,,,,,,,-0.005051515128974911,20,3.99,1.24,99.1,7,10,103,33,0,2,2,20,SP,31,413,90,13.3,9.33,2.99,8.15,1.36,19.46536297316057,0.002990184091659853,10,1.0,13.0,7,5,0,0,3.0,3.4124567178315615,0.046118194281268114,0.23,0.22560975609756098,0.04573170731707317,0.3071533923303835,0.26295575221238937,0.22857142857142856,3.443,0.2565822853914867
691783,Jordan Lawlar,R,AZ,9,Janson Junk,R,676083,825030,MIA @ AZ,6:40 PM,15/09,Scheduled,0.5176355094345946,,,,False,0000011011,estimated,0,0,0.0,0,0,0.2352199214662873,0.3375405897136181,0.31993360047319647,0.291534929084657,0.26354227063180313,20,1,-0.12228622064687639,1.0,48.3,D,0.24560408394781622,2.1382241136986426,0.3848925533459124,0.12998588870082287,20,6,0,0.3114754098360656,0.1891891891891892,0.3798977853492334,0.43668370244179444,0.18341851220897218,0.2140845070422535,0.20765027322404372,0.37142857142857144,0.2379471228615863,0.2641509433962264,59,0.26666666666666666,51,False,False,0.5090499914881895,0.008585517946405052,2.9696969696969697,3.3333333333333335,33,,,,,,,-0.11236593650200316,20,4.54,1.32,111.0,6,9,74,30,0,0,0,22,SP,23,472,117,20.5,6.0,2.43,9.49,1.05,19.098436609664663,0.003814490565405393,4,0.4444444444444444,7.0,6,6,0,0,0.0,3.1033571388862287,0.06239837274831611,0.23255813953488372,0.3004115226337449,0.07407407407407407,0.26936619718309857,0.2915985915492958,0.22699386503067484,3.443,0.33543550822257623
669224,Austin Wells,L,NYY,9,Bailey Ober,R,641927,823654,NYY @ MIN,4:40 PM,15/09,Scheduled,0.5176355094345946,,,,False,0000000011,estimated,0,0,0.0,0,0,0.16893347409710407,0.234451239444693,0.4596075259062932,0.28448109947045824,0.31177165926250416,20,1,0.054938716654650305,1.022,56.7,C,0.2567783094098884,2.425593587980119,0.38093924991988537,0.17579710379217514,20,9,0,0.1368421052631579,0.1917808219178082,0.3487506645401382,0.31153641679957467,0.3397129186602871,0.1613861386138614,0.14964028776978416,0.15193370165745856,0.15710843373493977,0.15428571428571428,197,0.2014388489208633,165,False,False,0.49564680587276727,0.021988703561827305,2.7787610619469025,3.2035398230088497,113,,,,,,,-0.2537628925444637,20,4.28,1.25,117.2,7,5,85,34,0,0,0,22,SP,22,498,113,22.6,6.5,2.6,8.64,1.38,22.681450920734907,-0.027402176101261277,3,0.375,-5.0,7,7,0,0,0.0,3.228541749507803,0.12471888870601482,0.1782477341389728,0.2643979057591623,0.10471204188481675,0.4369565217391304,0.2919449275362319,0.2366412213740458,3.443,0.3223238495233071
673490,Ha-Seong Kim,R,ATL,9,Kevin Gausman,R,592332,824627,ATL @ CHC,4:40 PM,15/09,Scheduled,0.5175479232885846,,,,False,1100011000,estimated,0,0,0.0,0,0,0.2320797286465611,0.2708333645898448,0.32335636238436055,0.2636601447915924,0.23306865601785456,20,1,0.0980327868852459,0.983,53.6,C,0.29537366548042704,3.35520825191266,0.4132818692631531,0.24929452317292317,20,6,0,0.08196721311475409,0.18,0.5135327635327636,0.09223646723646724,0.3942307692307692,0.09106529209621993,0.08187134502923976,0.1375,0.09352517985611511,0.09523809523809523,69,0.16666666666666666,56,False,False,0.5182167999626215,-0.0006688766740369223,2.8461538461538463,3.2051282051282053,39,,,,,,,-0.13717855695184716,20,4.6,1.29,166.1,9,12,171,46,0,0,0,30,SP,30,706,168,23.5,9.25,2.49,9.09,1.3,23.82074151186308,-0.0043679232885845964,5,0.7142857142857143,42.0,6,7,0,0,0.0,2.819517376638266,0.09347536458932558,0.20918367346938777,0.2164009111617312,0.08656036446469248,0.3658810325476992,0.2945757575757576,0.2682926829268293,3.443,0.3245325554438119
642201,Eli White,R,BOS,8,Jacob Degrom,R,594798,822849,BOS @ TEX,5:05 PM,15/09,Scheduled,0.517539846557375,,,,False,0011111110,estimated,0,0,0.0,0,0,0.313160690165174,0.3321184280383377,0.29511271869561456,0.38085942014449276,0.23077353674564094,20,7,0.07460545193687232,0.964,64.6,C,0.30917874396135264,4.934906282507011,0.45601812623610355,0.3276811282865881,20,5,0,0.21951219512195122,0.29411764705882354,0.44781553398058255,0.41949838187702265,0.13268608414239483,0.25416666666666665,0.23076923076923078,0.2052401746724891,0.2399403874813711,0.2549019607843137,108,0.23595505617977527,96,False,False,0.5570794894556036,-0.039539642898228644,2.3875,2.55,80,,,,,,,0.13904425472083728,20,3.8,1.08,149.1,10,9,186,38,0,0,0,28,SP,28,601,123,21.5,11.21,2.29,7.41,1.15,20.881236133796335,0.027003010585482157,7,0.7777777777777778,7.0,7,5,0,0,-1.0,3.0992801309435376,0.017739565167368174,0.24567474048442905,0.24758842443729903,0.05144694533762058,0.3529874213836478,0.3015165094339623,0.24,3.598,0.33821237430399337
694497,Evan Carter,L,TEX,9,Patrick Sandoval,L,663776,822849,BOS @ TEX,5:05 PM,15/09,Scheduled,0.515093353180275,,,,False,1110100010,estimated,0,0,0.0,0,0,0.21123300921106816,0.34029743035634585,0.42159183661965555,0.2754745885626681,0.32436997880908247,20,2,0.07625603432862507,0.964,36.3,D,0.2787750791974657,2.0273291999739413,0.3740359902302527,0.22474637650342905,11,7,0,0.2647058823529412,0.1884498480243161,0.4065469904963041,0.33368532206969376,0.25976768743400214,0.1998587570621469,0.16809116809116809,0.1799660441426146,0.1884913316119513,0.22110552763819097,233,0.16463414634146342,190,False,False,0.5063683717464786,0.008724981433796408,2.8359375,3.3046875,128,,,,,,,-0.012987255522379256,20,4.58,1.76,55.0,1,5,57,27,0,0,0,11,SP,11,253,70,23.0,9.33,4.42,11.45,0.98,23.184319319897146,-0.012950496037417936,7,0.7777777777777778,10.0,6,6,0,0,2.0,2.977878527833036,0.05625991415029575,0.1906158357771261,0.25,0.10353535353535354,0.3522727272727273,0.2699462809917355,0.36923076923076925,3.443,0.3488640726795736
805805,Walker Jenkins,L,MIN,9,Max Fried,L,608331,823654,NYY @ MIN,4:40 PM,15/09,Scheduled,0.5148663035468738,,,,False,0000100000,estimated,0,0,0.0,0,0,0.0726953444825101,0.2712613903896536,0.4292694778790205,0.08965166307915684,0.3417468164763991,14,1,-0.10256410256410256,1.022,83.0,A,0.2849122807017544,3.131475785979626,0.27581963085517974,0.27588868064463246,17,5,0,0.0,0.10256410256410256,0.6182456140350877,0.2575438596491228,0.12421052631578948,0.06040268456375839,0.07777777777777778,0.12962962962962962,0.08783783783783784,0.13043478260869565,25,0.045454545454545456,28,True,False,0.5316556598532125,-0.01678935630633871,3.2142857142857144,3.7857142857142856,14,,,,,,,-0.30488551614747383,14,2.73,0.99,99.0,4,4,94,31,0,0,0,18,SP,18,382,67,21.2,8.55,2.82,6.09,0.36,19.945143446352997,0.024419410738840464,7,0.875,-7.0,5,6,0,0,0.0,3.781854208622653,0.09358064665725774,,,,,,0.14864864864864866,3.443,0.27160528236081666
664728,Kyle Isbel,L,KC,9,Hunter Brown,R,686613,824143,KC @ HOU,5:10 PM,15/09,Scheduled,0.5148663035468738,,,,False,0100001110,estimated,5,1,0.2,1,2024,0.1746831286204981,0.27620499885381766,0.26838845965112396,0.2505722090676963,0.23223187779590118,20,3,0.1914236706689537,0.998,71.5,B,0.2959731543624161,2.4028671676847035,0.37422343592300583,0.256401733129974,16,6,0,0.07272727272727272,0.2641509433962264,0.6154362416107383,0.2859060402684564,0.09865771812080537,0.2264736297828335,0.18161434977578475,0.23267326732673269,0.21459492888064316,0.22535211267605634,152,0.224,143,False,False,0.5337493995916295,-0.018883096044755687,3.0689655172413794,3.3908045977011496,87,,,,,,,-0.06803057956476939,20,3.52,1.3,92.0,5,3,100,46,0,0,0,17,SP,17,386,74,22.7,9.78,4.5,7.24,1.08,23.057983048808584,0.013290839310269087,7,1.0,1.0,7,5,0,0,-1.0,3.4604121716022793,0.03627812383045834,0.23209169054441262,0.20618556701030927,0.061855670103092786,0.3587360594795539,0.2799814126394052,0.21195652173913043,3.443,0.3051938336156547
642215,Weston Wilson,R,SEA,8,Ryan Johnson,R,696270,823980,SEA @ LAA,6:38 PM,15/09,Scheduled,0.514202945450706,,,,False,1100000111,estimated,0,0,0.0,0,0,0.21700184266748473,0.3489342058452879,0.37313006172701724,0.38523757476684506,0.3399880082326985,20,1,-0.10493046776232617,0.979,55.3,C,0.27010309278350514,1.5735132024146703,0.35030692914148265,0.1761265159403403,19,6,0,0.24778761061946902,0.14285714285714285,0.5690721649484536,0.21512027491408936,0.21580756013745706,0.22465208747514911,0.21766561514195584,0.2186046511627907,0.22082931533269046,0.19047619047619047,93,0.265625,73,False,False,0.5090499914881895,0.005152953962516471,2.5517241379310347,2.8620689655172415,58,,,,,,,-0.027585704217087535,20,5.12,1.36,84.1,4,8,63,39,0,0,0,16,SP,19,363,76,19.1,6.72,4.16,8.11,1.92,20.267451985925113,-0.023517231164991714,7,0.7777777777777778,-12.0,6,7,0,0,0.0,3.188809774751246,0.056938783891745066,0.20344827586206896,0.2926829268292683,0.0975609756097561,0.3917525773195876,0.3218041237113402,0.23255813953488372,3.598,0.33908816012929044
642350,José Siri,R,LAA,7,Logan Gilbert,R,669302,823980,SEA @ LAA,6:38 PM,15/09,Scheduled,0.511763007433908,,,,False,0000110101,estimated,5,0,0.0,1,2022,0.17550127660628506,0.32152472889511435,0.38908433372931545,0.2098832399401541,0.33529319345193453,20,1,0.0753409344958641,0.979,78.1,B,0.2977844536237326,3.934868351364223,0.384675137350884,0.28616805385504046,20,5,0,0.20634920634920634,0.28169014084507044,0.45618653629183903,0.32493418578412936,0.21887927792403158,0.23878437047756873,0.21014492753623187,0.2127659574468085,0.22535211267605634,0.2616822429906542,113,0.2,104,False,False,0.5320512290991329,-0.020288221665224926,2.4625,2.7125,80,,,,,,,-0.16445987729909975,20,3.72,1.05,172.0,12,9,187,44,0,0,0,29,SP,29,686,137,23.7,9.78,2.3,7.17,1.41,24.17439738022735,0.03939413542323478,7,0.7777777777777778,-18.0,6,6,0,0,0.0,3.1122208466100245,0.048152422815756074,0.19435736677115986,0.3688760806916426,0.05475504322766571,0.41361256544502617,0.2968062827225131,0.23161764705882354,3.76,0.3326931948823558
666211,Taylor Trammell,L,HOU,9,Michael Wacha,R,608379,824143,KC @ HOU,5:10 PM,15/09,Scheduled,0.5088083097632767,,,,False,0101011100,estimated,0,0,0.0,0,0,0.16418431695709923,0.29637806058679983,0.386567645625669,0.2450032265460651,0.23233535396792468,20,2,0.07575757575757575,0.998,76.3,B,0.27052785923753664,3.3780694160238274,0.3409864786350497,0.2010983108389033,20,7,0,0.13333333333333333,0.20909090909090908,0.5616287600880411,0.18708730741012472,0.2512839325018342,0.20114942528735633,0.21212121212121213,0.18213058419243985,0.20096560048280024,0.2463768115942029,153,0.14432989690721648,112,False,False,0.49360773405525205,0.015200575708024688,2.7325581395348837,3.0813953488372094,86,,,,,,,-0.09032271563808376,20,3.25,1.11,182.2,9,8,147,48,0,0,0,29,SP,29,736,154,25.4,7.24,2.36,7.59,1.18,25.379722656520325,0.0026216902367233175,10,1.0,18.0,7,6,0,0,-1.0,3.1718646008839095,0.09587850013026862,0.20376175548589343,0.30277777777777776,0.09722222222222222,0.36984126984126986,0.27755238095238094,0.21608040201005024,3.443,0.3304501533596403
679529,Spencer Torkelson,R,DET,7,Braydon Fisher,R,680755,822762,DET @ TOR,4:07 PM,15/09,Scheduled,0.5088083097632767,-108.0,117.0,52.0,False,1100010111,estimated,0,0,0.0,0,0,0.24910695867202268,0.2861775147097468,0.4769795639671174,0.3952304803368072,0.3289181340409926,20,1,-0.0331618067467124,0.995,62.4,C,0.30049668874172186,3.216705792837425,0.44486251829905143,0.36882480118415406,20,2,0,0.24528301886792453,0.21212121212121213,0.21530698065601345,0.7846930193439865,0.0,0.2042509072058061,0.2022653721682848,0.199203187250996,0.2028867102396514,0.1865079365079365,289,0.2616033755274262,272,False,False,0.5355338547031249,-0.026725544939848134,3.3493150684931505,3.8424657534246576,146,,,,,,,0.012230999443088501,20,3.22,1.22,72.2,3,4,72,38,1,0,1,9,RP,72,295,51,4.1,8.92,4.71,6.32,0.99,3.438002127059365,0.0041250235700566185,3,0.375,18.0,7,6,0,0,0.0,3.349957291937322,0.09643693351824163,0.22549019607843138,0.3146551724137931,0.09698275862068965,0.40477099236641223,0.32760496183206106,0.1889763779527559,3.76,0.29256105072055005
694378,Jacob Gonzalez,L,PIT,8,Jacob Misiorowski,R,694819,823333,MIL @ PIT,3:40 PM,15/09,Scheduled,0.507000907162201,,,,False,1110101101,estimated,0,0,0.0,0,0,0.25350179654148136,0.3069461639843784,0.4952776393894296,0.2973695785239458,0.1629755809107693,20,3,0.011520737327188946,1.013,95.9,A,0.35338983050847456,5.6822269982643565,0.34879825537458864,0.37062185443748275,20,7,0,0.21428571428571427,0.22580645161290322,0.7778719796523951,0.21153030945315812,0.0105977108944468,0.18943298969072164,0.2177650429799427,0.2049469964664311,0.19831814996496147,0.17543859649122806,124,0.29069767441860467,93,True,False,0.5401455149223979,-0.0331446077601969,2.6666666666666665,2.8933333333333335,75,,,,,,,-0.042632454591852505,20,1.95,0.8,161.1,14,5,236,41,0,0,0,27,SP,27,616,88,22.8,13.17,2.29,4.91,0.78,22.803272042719104,0.04755909283779902,5,0.625,16.0,7,6,0,0,1.0,2.6091209531643527,0.043258940501343233,0.22815533980582525,0.18303571428571427,0.049107142857142856,0.3797979797979798,0.30604848484848485,0.12333333333333334,3.598,0.31427579437741654
669707,Jared Triolo,R,PIT,9,Jacob Misiorowski,R,694819,823333,MIL @ PIT,3:40 PM,15/09,Scheduled,0.4962893537969629,,,,False,1100111000,estimated,0,0,0.0,0,0,0.2648723438142811,0.27819011121954207,0.19048867917589205,0.2878258259425857,0.12308246570215234,20,2,-0.08295050706422813,1.013,95.9,A,0.35338983050847456,5.6822269982643565,0.34879825537458864,0.37062185443748275,20,7,0,0.28776978417266186,0.20481927710843373,0.7778719796523951,0.21153030945315812,0.0105977108944468,0.22611744084136723,0.24778761061946902,0.31086142322097376,0.2441860465116279,0.2616279069767442,191,0.21804511278195488,152,False,False,0.5320512290991329,-0.035761875302170065,2.9901960784313726,3.3627450980392157,102,,,,,,,0.03870307186168134,20,1.95,0.8,161.1,14,5,236,41,0,0,0,27,SP,27,616,88,22.8,13.17,2.29,4.91,0.78,22.803272042719104,0.043310646203036984,5,0.625,16.0,7,6,0,0,1.0,2.941868089141806,0.05087336544639769,0.23607427055702918,0.20763723150357996,0.07637231503579953,0.35517241379310344,0.29793103448275865,0.19838056680161945,3.443,0.31427579437741654
665750,Leody Taveras,L,BAL,8,Sean Manaea,L,640455,823574,BAL @ NYM,4:10 PM,15/09,Scheduled,0.4959189361169323,,,,False,0000011001,estimated,0,0,0.0,0,0,0.13132527364368216,0.253739602319763,0.2910639562174235,0.2103799336387222,0.4285853864661864,20,2,-0.038496453900709215,0.949,55.7,C,0.27391109115401885,3.529232233966364,0.423416194342463,0.20797262465345367,20,7,0,0.192,0.23049645390070922,0.6506511001347104,0.305792546026044,0.04355635383924562,0.1950207468879668,0.20984455958549222,0.18257956448911222,0.1963778409090909,0.23148148148148148,243,0.20418848167539266,215,False,False,0.5073459528687009,-0.011427016751768604,3.2301587301587302,3.634920634920635,126,,,,,,,-0.22637081673474388,20,4.79,1.34,133.1,5,7,126,41,0,0,0,16,SP,30,582,138,19.4,8.51,2.77,9.32,1.42,23.82920214645919,-0.002743936116932244,8,0.8888888888888888,-7.0,7,6,0,0,0.0,3.2996019086700676,0.04965387957910428,0.2131979695431472,0.2585034013605442,0.08163265306122448,0.3324404761904762,0.29337857142857143,0.2484472049689441,3.598,0.3382446126252338
694203,Denzer Guzman,R,LAA,9,Logan Gilbert,R,669302,823980,SEA @ LAA,6:38 PM,15/09,Scheduled,0.4903298881949585,,,,False,0100110101,estimated,0,0,0.0,0,0,0.17214726425899496,0.3103393235227506,0.34458294078533963,0.24080492210569246,0.2786738050559448,20,1,0.009256472004816385,0.979,78.1,B,0.2977844536237326,3.934868351364223,0.384675137350884,0.28616805385504046,20,5,0,0.2159090909090909,0.2251655629139073,0.45618653629183903,0.32493418578412936,0.21887927792403158,0.21825813221406087,0.15456238361266295,0.21559633027522937,0.20104895104895104,0.23404255319148937,150,0.20408163265306123,107,False,False,0.5198649088350147,-0.029535020640056198,3.514705882352941,3.7794117647058822,68,,,,,,,-0.14159525022503414,20,3.72,1.05,172.0,12,9,187,44,0,0,0,29,SP,29,686,137,23.7,9.78,2.3,7.17,1.41,24.17439738022735,0.04121296894789872,7,0.7777777777777778,-18.0,6,6,0,0,0.0,3.4035308676757787,0.03889805761523267,0.21908127208480566,0.2913907284768212,0.046357615894039736,0.3564102564102564,0.3107333333333333,0.23161764705882354,3.443,0.3326931948823558
686555,Isaac Collins,L,KC,8,Hunter Brown,R,686613,824143,KC @ HOU,5:10 PM,15/09,Scheduled,0.4897177887900151,,,,False,0000001100,estimated,0,0,0.0,0,0,0.14084426976700254,0.26218960842086547,0.3194405621186394,0.21995719723874413,0.20742468866287742,20,2,0.04876081764322715,0.998,71.5,B,0.2959731543624161,2.4028671676847035,0.37422343592300583,0.256401733129974,16,6,0,0.18446601941747573,0.23322683706070288,0.6154362416107383,0.2859060402684564,0.09865771812080537,0.21395348837209302,0.22129783693843594,0.22053231939163498,0.2171168011224132,0.22466960352422907,256,0.21693121693121692,234,False,False,0.5073459528687009,-0.017628164078685782,3.1278195488721803,3.6842105263157894,133,,,,,,,-0.15514460352302753,20,3.52,1.3,92.0,5,3,100,46,0,0,0,17,SP,17,386,74,22.7,9.78,4.5,7.24,1.08,23.057983048808584,0.009596496924270614,7,1.0,1.0,7,5,0,0,-1.0,3.374603671328143,0.16009730884670206,0.22691292875989447,0.20945945945945946,0.11711711711711711,0.40180652680652684,0.3083006993006993,0.21195652173913043,3.598,0.3051938336156547
681297,Colton Cowser,L,BAL,9,Sean Manaea,L,640455,823574,BAL @ NYM,4:10 PM,15/09,Scheduled,0.4864056957667471,,,,False,0001001101,estimated,0,0,0.0,0,0,0.28545232968805223,0.39872299171129927,0.4746660163852086,0.452191358560028,0.4196313565377442,20,1,-0.10794216676569618,0.949,55.7,C,0.27391109115401885,3.529232233966364,0.423416194342463,0.20797262465345367,20,7,0,0.11764705882352941,0.2255892255892256,0.6506511001347104,0.305792546026044,0.04355635383924562,0.22523461939520334,0.18620689655172415,0.21960072595281308,0.2110912343470483,0.2138364779874214,182,0.22580645161290322,179,False,False,0.5088083097632767,-0.022402613996529652,2.5528455284552845,2.934959349593496,123,,,,,,,-0.08867815484535392,20,4.79,1.34,133.1,5,7,126,41,0,0,0,16,SP,30,582,138,19.4,8.51,2.77,9.32,1.42,23.82920214645919,0.006644304233252907,8,0.8888888888888888,-7.0,7,6,0,0,0.0,3.3464411354493993,0.09080024728823191,0.21568627450980393,0.3059490084985836,0.11898016997167139,0.40993265993266,0.3396717171717171,0.2484472049689441,3.443,0.3382446126252338
622761,Jorge Mateo,R,TB,9,Jack Perkins,R,678022,822925,ATH @ TB,3:40 PM,15/09,Scheduled,0.4808658428780066,,,,False,1000011000,estimated,0,0,0.0,0,0,0.1255779255828931,0.26118606164141517,0.14445421252979437,0.18678787481421558,0.3399865857342042,20,3,0.033986928104575154,0.96,56.3,C,0.291958985429034,2.109592150000326,0.38284539320908534,0.24545075090137575,20,7,0,0.18823529411764706,0.2222222222222222,0.5002763957987839,0.3156440022111664,0.18407960199004975,0.21161825726141079,0.19210526315789472,0.13675213675213677,0.19673348181143283,0.1834862385321101,115,0.24,83,False,False,0.49912627898935985,-0.01826043611135325,2.6285714285714286,2.8285714285714287,70,,,,,,,-0.26161544372948015,20,6.53,1.53,103.1,3,11,119,47,3,2,5,14,RP,34,473,111,13.9,10.36,4.09,9.67,1.74,19.701371408634095,0.015461429849266128,11,1.0,-9.0,5,6,0,0,0.0,3.3054327676489392,0.02730755574497333,0.2,0.29714285714285715,0.05714285714285714,0.33144796380090497,0.28855203619909503,0.2653061224489796,3.443,0.35475629197471314
703155,Lazaro Montes,L,SEA,9,Ryan Johnson,R,696270,823980,SEA @ LAA,6:38 PM,15/09,Scheduled,0.48062416115309387,,,,False,0001101000,estimated,0,0,0.0,0,0,0.22701631173644685,0.4931271187062279,0.3099166617222412,0.5023999407441718,0.4265999514717607,12,1,0.0,0.979,55.3,C,0.27010309278350514,1.5735132024146703,0.35030692914148265,0.1761265159403403,19,6,0,,0.23076923076923078,0.5690721649484536,0.21512027491408936,0.21580756013745706,0.2702702702702703,0.1724137931034483,0.44,0.28125,0.375,9,0.16666666666666666,20,True,False,0.4612995138861091,0.01932464726698474,2.1666666666666665,2.4166666666666665,12,,,,,,,-0.16018836377823503,12,5.12,1.36,84.1,4,8,63,39,0,0,0,16,SP,19,363,76,19.1,6.72,4.16,8.11,1.92,20.267451985925113,-0.050724161153093916,7,0.7777777777777778,-12.0,6,7,0,0,0.0,2.187382774166686,0.2353690715181142,,,,,,0.24598930481283424,3.443,0.33908816012929044
665923,Esteury Ruiz,R,MIA,8,Michael Soroka,R,647336,825030,MIA @ AZ,6:40 PM,15/09,Scheduled,0.47556393038340944,,,,False,1100100010,estimated,0,0,0.0,0,0,0.15707656238740134,0.21643271543603562,0.20408857169477254,0.22805551454650633,0.41253023506096104,20,1,0.08468905042113764,1.0,59.3,C,0.2710691823899371,3.521271991676913,0.35775928622055,0.2078820686562064,19,6,0,0.18691588785046728,0.2716049382716049,0.5447103274559194,0.33123425692695213,0.12405541561712846,0.1502808988764045,0.13959390862944163,0.17587939698492464,0.15095785440613027,0.2,122,0.25,102,False,False,0.4843157598537182,-0.00875182947030878,2.238095238095238,2.6666666666666665,84,,,,,,,-0.12542373548461377,20,3.53,1.16,99.1,8,5,95,25,0,0,0,18,SP,19,411,90,21.6,8.61,2.27,8.15,0.63,20.878127884803597,0.0015194029499238648,6,0.75,36.0,7,6,0,0,0.0,2.78906907142034,0.0435259864731448,0.2037735849056604,0.33226837060702874,0.08945686900958466,0.2712215320910973,0.2767453416149068,0.18243243243243243,3.598,0.3106363882892391
666139,Josh Lowe,L,LAA,8,Logan Gilbert,R,669302,823980,SEA @ LAA,6:38 PM,15/09,Scheduled,0.46701434090847727,,,,False,0100100010,estimated,5,1,0.2,1,2022,0.14996884269510538,0.2603063823957975,0.3126512219723934,0.2750309607508444,0.3424883490500671,20,1,0.08387978142076502,0.979,78.1,B,0.2977844536237326,3.934868351364223,0.384675137350884,0.28616805385504046,20,5,0,0.13333333333333333,0.21721311475409835,0.45618653629183903,0.32493418578412936,0.21887927792403158,0.14593698175787728,0.1680161943319838,0.1864406779661017,0.1588921282798834,0.1949685534591195,177,0.22608695652173913,128,False,False,0.4808658428780066,-0.013851501969529334,2.8541666666666665,3.1770833333333335,96,,,,,,,-0.227554172479525,20,3.72,1.05,172.0,12,9,187,44,0,0,0,29,SP,29,686,137,23.7,9.78,2.3,7.17,1.41,24.17439738022735,0.02804280194866554,7,0.7777777777777778,-18.0,6,6,0,0,0.0,3.0566454745336396,0.12140396458599376,0.2,0.3007518796992481,0.07518796992481203,0.3454861111111111,0.297,0.20597014925373133,3.598,0.3326931948823558
701162,Ben Malgeri,R,DET,9,Braydon Fisher,R,680755,822762,DET @ TOR,4:07 PM,15/09,Scheduled,0.42121108886617736,,,,False,1101100000,estimated,0,0,0.0,0,0,0.1329491656810433,0.44397605567194015,0.4373349317437255,0.2925992743111283,0.3878253213632524,20,3,0.037185354691075506,0.995,62.4,C,0.30049668874172186,3.216705792837425,0.44486251829905143,0.36882480118415406,20,2,0,0.2236842105263158,0.2608695652173913,0.21530698065601345,0.7846930193439865,0.0,0.17647058823529413,0.2,0.20610687022900764,0.18864774624373956,0.175,47,0.2711864406779661,70,True,False,0.4680772983837618,-0.04686620951758441,2.357142857142857,2.7857142857142856,42,,,,,,,-0.20156476615848248,20,3.22,1.22,72.2,3,4,72,38,1,0,1,9,RP,72,295,51,4.1,8.92,4.71,6.32,0.99,3.438002127059365,0.02072224446715598,3,0.375,18.0,7,6,0,0,0.0,2.906111394490366,0.157642108957849,0.21904761904761905,0.304,0.136,0.43283582089552236,0.3615671641791045,0.1889763779527559,3.443,0.29256105072055005
