batter_id,name,batter_hand,team,slot,pitcher,pitcher_hand,opp_pitcher_id,game_pk,matchup,start_time,game_date,game_state,p_hit,hit_odds,no_hit_odds,yes_cents,has_hit,last5,lineup_source,bvp_ab,bvp_h,bvp_avg,bvp_career,bvp_since,b_hit_rate,b_xba,b_hardhit,b_babip,b_k_rate,b_n_games,b_days_rest,split_diff,park_factor,p_rating,p_grade,p_csw,p_k_bb,p_hardhit_allowed,p_k_rate,p_n_games,p_days_rest,is_opener,b_hit_rate_vs_L,b_hit_rate_vs_R,p_use_fb,p_use_bb,p_use_os,b_hr_vs_fb,b_hr_vs_bb,b_hr_vs_os,b_hr_overall,b_hit_rate_vs_sp,b_pa_vs_sp,b_hit_rate_vs_rp,b_pa_vs_rp,b_is_rookie,p_is_rookie,base_p_hit,matchup_delta,b_avg_ab,b_avg_pa,b_games_played,p_multihit,base_p_multihit,p_multihit_matchup_delta,p_hrRbi,base_p_hrRbi,p_hrRbi_matchup_delta,b_quality_first3,b_n_games_first3,p_era,p_whip_official,p_ip,p_wins,p_losses,p_so,p_bb_official,p_saves,p_blown_saves,p_save_opps,p_games_started,p_role,p_games_pitched,p_bf_official,p_hits_allowed,p_bf_per_g,p_k9,p_bb9,p_h9,p_hr9,p_avg_bf,pen_delta,pen_available_n,pen_rested_frac,def_oaa_tonight,def_oaa_n,sched_games_7d,sched_day_after_night,sched_getaway,sched_tz_shift,b_pa,b_bb_rate,b_hit_rate_long,b_k_rate_long,b_bb_rate_long,b_hardhit_long,b_xba_long,p_hit_rate_vs_hand,slot_pa_exp,def_babip_allowed
665487,Fernando Tatís,R,SD,1,Tanner Gordon,R,685299.0,824305,SD @ COL,12:10 PM,17/09,Final,0.9166666666666666,-426.0,456.0,81.0,True,1101111110,live,5,0,0.0,1,2025,0.29331252379586975,0.3386941045633812,0.521183745187079,0.3798634382998817,0.17725902149995165,20,1,-0.06976395429051319,1.148,56.7,C,0.269433465085639,5.380734028703519,0.428141300164275,0.19216893796863724,20,5,0,0.33766233766233766,0.2678983833718245,0.47483443708609274,0.3066225165562914,0.2185430463576159,0.28204172876304023,0.268346923647146,0.2478386167146974,0.27318825269385166,0.26795580110497236,412,0.31555555555555553,248,False,False,0.7187751091112434,0.1978915575554232,3.9395973154362416,4.429530201342282,149,,,,,,,0.07454962069332564,20,5.55,1.48,97.1,1.0,4.0,81.0,18.0,0.0,0.0,0.0,10.0,RP,22.0,428.0,126.0,19.5,7.49,1.66,11.65,1.66,20.277060119225712,-0.10462380952380956,7,0.7777777777777778,3.0,7,6,1,1,0.0,4.612293683617464,0.06032382435291751,0.29350104821802936,0.16729323308270677,0.08082706766917293,0.5149914089347079,0.37128350515463915,0.32142857142857145,4.443,0.3713732925664564
701538,Jackson Merrill,L,SD,5,Tanner Gordon,R,685299.0,824305,SD @ COL,12:10 PM,17/09,Final,0.8035193564605329,-317.0,335.0,76.0,True,0101111111,live,5,1,0.2,1,2024,0.378852568815068,0.4639831499431991,0.6822941610196747,0.4656851540221269,0.15520503428515317,20,1,-0.04058498579046524,1.148,56.7,C,0.269433465085639,5.380734028703519,0.428141300164275,0.19216893796863724,20,5,0,0.2876712328767123,0.24708624708624707,0.47483443708609274,0.3066225165562914,0.2185430463576159,0.2621507845388442,0.2470389170896785,0.21912832929782083,0.2510261395549795,0.2528409090909091,378,0.2645739910313901,248,False,False,0.6653412989104831,0.13817805755004975,3.9115646258503403,4.258503401360544,147,,,,,,,0.15952670103049532,20,5.55,1.48,97.1,1.0,4.0,81.0,18.0,0.0,0.0,0.0,10.0,RP,22.0,428.0,126.0,19.5,7.49,1.66,11.65,1.66,20.277060119225712,-0.051876499317675684,7,0.7777777777777778,3.0,7,6,1,1,0.0,4.406519363516945,0.03758107099766392,0.2553648068669528,0.233201581027668,0.05731225296442688,0.4887452107279694,0.3660272988505747,0.3076923076923077,4.026,0.3713732925664564
664034,Ty France,R,SD,4,Tanner Gordon,R,685299.0,824305,SD @ COL,12:10 PM,17/09,Final,0.774562937062937,-270.0,317.0,73.0,True,1100011101,live,0,0,0.0,0,0,0.2909799841517691,0.33515023325893273,0.4744024655256738,0.34870529993716376,0.19323177305033082,20,1,0.0021620142309797252,1.148,56.7,C,0.269433465085639,5.380734028703519,0.428141300164275,0.19216893796863724,20,5,0,0.29285714285714287,0.2950191570881226,0.47483443708609274,0.3066225165562914,0.2185430463576159,0.2787418655097614,0.2659698025551684,0.36231884057971014,0.2864617396991498,0.30837004405286345,256,0.27586206896551724,203,False,False,0.6642570470294591,0.1103058900334779,3.3983050847457625,3.889830508474576,118,,,,,,,0.04228186975536833,20,5.55,1.48,97.1,1.0,4.0,81.0,18.0,0.0,0.0,0.0,10.0,RP,22.0,428.0,126.0,19.5,7.49,1.66,11.65,1.66,20.277060119225712,-0.04229150849150842,7,0.7777777777777778,3.0,7,6,1,1,0.0,4.351233687447452,0.10786356155931436,0.29177057356608477,0.20869565217391303,0.07391304347826087,0.47814207650273227,0.3235262295081967,0.32142857142857145,4.16,0.3713732925664564
650490,Yandy Díaz,R,TB,1,Jeffrey Springs,L,605488.0,822924,ATH @ TB,10:10 AM,17/09,Final,0.7331949412594573,,,,False,0111100100,live,0,0,0.0,0,0,0.2150922157606123,0.3012825453493213,0.5159292819275539,0.24880782535052048,0.15573433484340177,20,1,0.01689339379390059,0.96,44.1,D,0.27009507346586,1.4830637086572658,0.35979001212617,0.15084236514286353,20,6,0,0.3067484662576687,0.2898550724637681,0.4658599827139153,0.28608470181503887,0.2480553154710458,0.27123552123552125,0.2875318066157761,0.25948103792415167,0.27420362273579013,0.2644628099173554,402,0.34579439252336447,242,False,False,0.7028775178864849,0.030317423372972385,3.9793103448275864,4.441379310344828,145,,,,,,,0.07304077722987767,20,5.93,1.45,135.0,4.0,13.0,105.0,54.0,0.0,0.0,0.0,27.0,SP,27.0,594.0,142.0,22.0,7.0,3.6,9.47,2.2,21.62775731681429,-0.019906052370568417,9,0.75,-7.0,7,6,1,1,0.0,4.462255474764453,0.022439477728805314,0.2964509394572025,0.14821763602251406,0.07129455909943715,0.49375,0.344453125,0.2620320855614973,4.443,0.34742591550418694
691406,Junior Caminero,R,TB,3,Jeffrey Springs,L,605488.0,822924,ATH @ TB,10:10 AM,17/09,Final,0.7282306331978042,-233.0,245.0,70.0,False,1011011111,live,0,0,0.0,0,0,0.26255674058005307,0.3501688160514917,0.4704743350879725,0.3468404939384481,0.1872024354768064,20,1,-0.013350020859407619,0.96,44.1,D,0.27009507346586,1.4830637086572658,0.35979001212617,0.15084236514286353,20,6,0,0.2679738562091503,0.28132387706855794,0.4658599827139153,0.28608470181503887,0.2480553154710458,0.30100755667506296,0.270486752926679,0.30638297872340425,0.29193717277486914,0.3016759776536313,395,0.23853211009174313,262,False,False,0.6918764303392636,0.03635420285854063,3.84,4.38,150,,,,,,,0.10569133131914966,20,5.93,1.45,135.0,4.0,13.0,105.0,54.0,0.0,0.0,0.0,27.0,SP,27.0,594.0,142.0,22.0,7.0,3.6,9.47,2.2,21.62775731681429,-0.03614174430891537,9,0.75,-7.0,7,6,1,1,0.0,4.350097684711723,0.032284877119617555,0.2841409691629956,0.18666666666666668,0.09142857142857143,0.5117041198501873,0.3444691011235955,0.2620320855614973,4.251,0.34742591550418694
592518,Manny Machado,R,SD,3,Tanner Gordon,R,685299.0,824305,SD @ COL,12:10 PM,17/09,Final,0.7197927407847535,-300.0,317.0,75.0,False,1110001111,live,5,2,0.4,1,2024,0.25623891439320556,0.29105178823670513,0.36895193212906696,0.3053194483070806,0.14703824271124152,20,1,-0.0392156862745098,1.148,56.7,C,0.269433465085639,5.380734028703519,0.428141300164275,0.19216893796863724,20,5,0,0.25,0.2107843137254902,0.47483443708609274,0.3066225165562914,0.2185430463576159,0.2109256449165402,0.21191604603926878,0.23297491039426524,0.21372088053002777,0.22922636103151864,389,0.20603015075376885,243,False,False,0.6288680838591212,0.09092465692563234,3.727891156462585,4.299319727891157,147,,,,,,,0.1377908459022973,20,5.55,1.48,97.1,1.0,4.0,81.0,18.0,0.0,0.0,0.0,10.0,RP,22.0,428.0,126.0,19.5,7.49,1.66,11.65,1.66,20.277060119225712,-0.023478455070467752,7,0.7777777777777778,3.0,7,6,1,1,0.0,4.484077559639352,0.14445548348005652,0.2251655629139073,0.2127659574468085,0.10251450676982592,0.46404275996112726,0.3383542274052478,0.32142857142857145,4.251,0.3713732925664564
518692,Freddie Freeman,L,LAD,2,Brady Singer,R,663903.0,824464,LAD @ CIN,9:40 AM,17/09,Final,0.7138984741863205,-163.0,186.0,62.0,True,1001000010,live,8,2,0.25,1,2022,0.22709581753616803,0.30063127908169984,0.26184660554458306,0.27037908887670853,0.24187391625226978,20,1,-0.056621004566210054,1.083,36.0,D,0.2833900870223231,1.9374893530254913,0.4434118492163263,0.19075206517008966,20,5,0,0.3333333333333333,0.27671232876712326,0.5923542770628312,0.40764572293716883,0.0,0.2871634802965275,0.2620938628158845,0.296,0.28109717201786094,0.2894736842105263,381,0.30456852791878175,233,False,False,0.6790167087659574,0.03488176542036303,3.769230769230769,4.293706293706293,143,,,,,,,-0.21347913115965184,20,5.46,1.52,151.2,6.0,14.0,125.0,57.0,0.0,0.0,0.0,30.0,SP,30.0,690.0,174.0,23.0,7.42,3.38,10.33,1.84,24.888994617410862,-0.041498474186320466,5,0.625,-2.0,7,6,1,1,0.0,4.376831354811328,0.09306814169264054,0.29596412556053814,0.18003913894324852,0.10371819960861056,0.3884180790960452,0.36045338983050845,0.3037974683544304,4.352,0.3515700342693383
670541,Yordan Álvarez,L,HOU,2,Seth Lugo,R,607625,824141,KC @ HOU,4:15 PM,17/09,In Progress,0.713228346967615,-223.0,245.0,69.0,True,0101010011,live,11,4,0.36363636363636365,1,2023,0.22007792325675843,0.353335434241084,0.5131932166316273,0.29610735119844395,0.2390978932123061,20,1,0.06987978878777668,0.998,38.9,D,0.2648469199557359,2.328071165022687,0.4287896549665621,0.16376301593443188,20,6,0,0.2608695652173913,0.330749354005168,0.5158671586715867,0.3922509225092251,0.0918819188191882,0.30978260869565216,0.29148753224419605,0.36773428232502964,0.315993956399741,0.34104046242774566,412,0.2569832402234637,230,False,False,0.6867085538183216,0.026519793149293314,3.5714285714285716,4.36734693877551,147,,,,,,,-0.05449770790245883,20,4.99,1.45,164.0,7,8,126,53,0,0,0,30,SP,30,709,185,23.6,6.91,2.91,10.15,1.04,23.17330985031129,-0.020883902523170517,9,0.9,42.0,7,6,0,1,0.0,4.199987779201535,0.1290003671660301,0.30697674418604654,0.19348659003831417,0.10344827586206896,0.5457953394123607,0.4108206686930091,0.30423940149625933,4.352,0.3188652429763525
664983,Jake Mccarthy,L,COL,1,Mike King,R,650633.0,824305,SD @ COL,12:10 PM,17/09,Final,0.712488538599103,-245.0,285.0,71.0,True,1111110110,live,8,2,0.25,1,2024,0.28728867289167204,0.32365392708486407,0.2987542867835355,0.3131144735438898,0.11689291052970655,20,1,-0.005690919026890506,1.148,70.5,B,0.2832618025751073,2.2506483524513428,0.32815277594744013,0.19158952144143993,20,5,0,0.29931972789115646,0.29362880886426596,0.47782546494992845,0.24892703862660945,0.2732474964234621,0.274789029535865,0.2570507655116841,0.2601626016260163,0.2672532306846302,0.2888198757763975,348,0.3064516129032258,207,False,False,0.6965813056144933,0.01590723298460972,3.819548872180451,4.172932330827067,133,,,,,,,-0.03990050069097626,20,3.03,1.15,175.0,11.0,9.0,148.0,66.0,0.0,0.0,0.0,30.0,SP,30.0,711.0,135.0,23.7,7.61,3.39,6.94,1.03,24.334653705388906,-0.013302824313388806,7,0.875,18.0,6,7,1,1,0.0,4.624597256147433,0.0487788593019231,0.3055555555555556,0.15717092337917485,0.04911591355599214,0.28595360824742266,0.3338015463917525,0.21105527638190955,4.443,0.3039015531869961
666018,Jonathan Aranda,L,TB,2,Jeffrey Springs,L,605488.0,822924,ATH @ TB,10:10 AM,17/09,Final,0.7096226350967184,-127.0,186.0,56.0,True,1111001111,live,0,0,0.0,0,0,0.2610301966784255,0.3378403236954193,0.4469896405206843,0.39933532498019725,0.2506567109847375,20,2,-0.01836529539127746,0.96,44.1,D,0.27009507346586,1.4830637086572658,0.35979001212617,0.15084236514286353,20,6,0,0.26229508196721313,0.2806603773584906,0.4658599827139153,0.28608470181503887,0.2480553154710458,0.2504963600264725,0.23971915747241726,0.2689210950080515,0.2501606339687299,0.2672672672672673,380,0.29107981220657275,249,False,False,0.676955009887208,0.03266762520951039,3.7655172413793103,4.337931034482758,145,,,,,,,0.12316503068112486,20,5.93,1.45,135.0,4.0,13.0,105.0,54.0,0.0,0.0,0.0,27.0,SP,27.0,594.0,142.0,22.0,7.0,3.6,9.47,2.2,21.62775731681429,-0.03425596843005174,9,0.75,-7.0,7,6,1,1,0.0,4.222699760362458,0.07537931638632386,0.28665207877461707,0.2335907335907336,0.08301158301158301,0.454265873015873,0.35906770833333335,0.2802547770700637,4.352,0.34742591550418694
802415,Chandler Simpson,L,TB,6,Jeffrey Springs,L,605488.0,822924,ATH @ TB,10:10 AM,17/09,Final,0.7046987461976713,,,,True,0111001111,live,0,0,0.0,0,0,0.3383765857185827,0.31605887581211,0.1720178850122804,0.35146591327340126,0.040472036776914674,20,1,-0.053429329291398264,0.96,44.1,D,0.27009507346586,1.4830637086572658,0.35979001212617,0.15084236514286353,20,6,0,0.2692307692307692,0.3226600985221675,0.4658599827139153,0.28608470181503887,0.2480553154710458,0.31352833638025596,0.2893081761006289,0.27474747474747474,0.30303030303030304,0.3270440251572327,342,0.28440366972477066,238,False,False,0.6952306712828863,0.009468074914784963,3.856115107913669,4.172661870503597,139,,,,,,,0.2604007472997597,20,5.93,1.45,135.0,4.0,13.0,105.0,54.0,0.0,0.0,0.0,27.0,SP,27.0,594.0,142.0,22.0,7.0,3.6,9.47,2.2,21.62775731681429,-0.009354301753226935,9,0.75,-7.0,7,6,1,1,0.0,4.140952628310808,0.03644033949272971,0.2952586206896552,0.08366533864541832,0.043824701195219126,0.13408372827804108,0.27881022906793046,0.2802547770700637,3.896,0.34742591550418694
669242,Tommy Edman,L,LAD,1,Brady Singer,R,663903.0,824464,LAD @ CIN,9:40 AM,17/09,Final,0.6984714769411414,-163.0,194.0,62.0,False,1000000010,live,0,0,0.0,0,0,0.14609374170628373,0.2328126436489492,0.28829794637014977,0.19445568311809003,0.18500578721003283,20,1,0.051339692569414896,1.083,36.0,D,0.2833900870223231,1.9374893530254913,0.4434118492163263,0.19075206517008966,20,5,0,0.22018348623853212,0.271523178807947,0.5923542770628312,0.40764572293716883,0.0,0.23209169054441262,0.1935483870967742,0.24274406332453827,0.22424557752341312,0.25675675675675674,167,0.24107142857142858,128,False,False,0.6487057972182114,0.04976567972293,3.5135135135135136,3.9864864864864864,74,,,,,,,-0.2950271895945891,20,5.46,1.52,151.2,6.0,14.0,125.0,57.0,0.0,0.0,0.0,30.0,SP,30.0,690.0,174.0,23.0,7.42,3.38,10.33,1.84,24.888994617410862,-0.03563147694114155,5,0.625,-2.0,7,6,1,1,0.0,4.204950165599501,0.07262517303713609,0.23201856148491878,0.20416666666666666,0.0625,0.37012012012012013,0.31978078078078076,0.3037974683544304,4.443,0.3515700342693383
694192,Jackson Chourio,R,MIL,3,Wilber Dotel,R,696062.0,823334,MIL @ PIT,9:35 AM,17/09,Final,0.6952306712828863,-150.0,170.0,60.0,False,1011111001,live,0,0,0.0,0,0,0.2963409844876109,0.3671338392624994,0.4692480415405032,0.354504554889495,0.20832386310167403,20,1,-0.07135418603786214,1.013,47.3,D,0.2857142857142857,3.422199128760502,0.41079047451211426,0.24816063651299,19,2,0,0.33532934131736525,0.2639751552795031,0.6984924623115578,0.22278056951423786,0.07872696817420435,0.2673702726473175,0.30709876543209874,0.26939655172413796,0.2807017543859649,0.2975778546712803,315,0.275,220,False,True,0.6898702126906588,0.005360458592227446,4.17948717948718,4.572649572649572,117,,,,,,,-0.07575032844747745,20,4.66,1.39,36.2,1.0,5.0,37.0,15.0,0.0,1.0,1.0,2.0,RP,20.0,157.0,36.0,7.8,9.08,3.68,8.84,0.49,7.591647561890502,-0.006408449060664068,9,0.8181818181818182,4.0,7,5,1,1,0.0,4.869716252310461,0.04579751073519589,0.29494949494949496,0.23105360443622922,0.066543438077634,0.48081081081081084,0.3454662162162162,0.3225806451612903,4.251,0.28962061882267587
665161,Jeremy Peña,R,HOU,1,Seth Lugo,R,607625,824141,KC @ HOU,4:15 PM,17/09,In Progress,0.6941814823177545,,,,True,0011110011,live,12,3,0.25,1,2023,0.2634016757298212,0.36897231979363915,0.40024831964461005,0.36607814146360285,0.3241688374299624,20,1,0.04592062680974282,0.998,38.9,D,0.2648469199557359,2.328071165022687,0.4287896549665621,0.16376301593443188,20,6,0,0.24210526315789474,0.28802588996763756,0.5158671586715867,0.3922509225092251,0.0918819188191882,0.27454438565549677,0.25043478260869567,0.2748917748917749,0.2663256093891062,0.2737642585551331,283,0.28368794326241137,156,False,False,0.6632863686345415,0.03089511368321296,4.0,4.346534653465347,101,,,,,,,-0.00907502923258559,20,4.99,1.45,164.0,7,8,126,53,0,0,0,30,SP,30,709,185,23.6,6.91,2.91,10.15,1.04,23.17330985031129,-0.01705926009553227,9,0.9,42.0,7,6,0,1,0.0,4.110280964101744,0.033933718258277006,0.2731006160164271,0.22641509433962265,0.05849056603773585,0.4036784741144414,0.34683106267029973,0.26582278481012656,4.443,0.3188652429763525
694249,Cole Carrigg,L,COL,3,Mike King,R,650633.0,824305,SD @ COL,12:10 PM,17/09,Final,0.6931871478456859,-194.0,212.0,66.0,True,1001100110,live,0,0,0.0,0,0,0.2447329671700646,0.2845709398346286,0.4557969825053463,0.3410573287089699,0.30217893021115144,20,1,-0.06325187969924811,1.148,70.5,B,0.2832618025751073,2.2506483524513428,0.32815277594744013,0.19158952144143993,20,5,0,0.3007518796992481,0.2375,0.47782546494992845,0.24892703862660945,0.2732474964234621,0.2573913043478261,0.23895253682487724,0.242,0.24834583149536832,0.2681564245810056,193,0.2631578947368421,139,True,False,0.6456543788466798,0.04753276899900616,3.6625,4.15,80,,,,,,,0.04068733939196648,20,3.03,1.15,175.0,11.0,9.0,148.0,66.0,0.0,0.0,0.0,30.0,SP,30.0,711.0,135.0,23.7,7.61,3.39,6.94,1.03,24.334653705388906,-0.028887147845685912,7,0.875,18.0,6,7,1,1,0.0,4.189306494128846,0.018702115421152538,0.2596491228070175,0.2331288343558282,0.08282208588957055,0.35685805422647526,0.3274497607655502,0.21105527638190955,4.251,0.3039015531869961
650333,Luis Arráez,L,PHI,4,Nolan Mclean,R,690997,823573,PHI @ NYM,4:15 PM,17/09,In Progress,0.6930926330346607,-223.0,233.0,69.0,False,1011110011,live,0,0,0.0,0,0,0.3111204721368796,0.27374545450620724,0.1224687604102054,0.3111204721368796,0.026617104730245113,20,1,-0.08217551166498555,0.949,64.9,C,0.29480189022173753,2.25271643789754,0.36817000427445806,0.23925939764524828,20,6,0,0.3767123287671233,0.29453681710213775,0.6429090909090909,0.29418181818181816,0.06290909090909091,0.3484258931729749,0.3268101761252446,0.30851063829787234,0.3376184032476319,0.3630952380952381,362,0.24675324675324675,261,False,False,0.7015456136761463,-0.008452980641485586,3.965034965034965,4.356643356643357,143,,,,,,,0.16214541337468147,20,3.24,1.18,166.2,11,9,184,66,0,0,0,29,SP,29,695,130,24.0,9.94,3.56,7.02,0.92,24.7701991883964,0.008424033632005834,6,0.6,6.0,7,6,0,0,0.0,4.155126319400241,0.09504659332811037,0.3179916317991632,0.04206500956022945,0.03824091778202677,0.19364035087719297,0.30142763157894736,0.24390243902439024,4.16,0.34453638771441286
593428,Xander Bogaerts,R,SD,6,Tanner Gordon,R,685299.0,824305,SD @ COL,12:10 PM,17/09,Final,0.6923491827733154,-245.0,285.0,71.0,True,0101110110,live,0,0,0.0,0,0,0.22236809699239574,0.30277492913498105,0.5038402529538359,0.29496252002812334,0.1952653953202065,20,1,-0.08414412276538519,1.148,56.7,C,0.269433465085639,5.380734028703519,0.428141300164275,0.19216893796863724,20,5,0,0.2789115646258503,0.19476744186046513,0.47483443708609274,0.3066225165562914,0.2185430463576159,0.22787821122740248,0.2129783693843594,0.21782178217821782,0.22164003143830233,0.23841059602649006,345,0.19047619047619047,229,False,False,0.5884787250681369,0.10387045770517844,3.4097222222222223,3.986111111111111,144,,,,,,,0.02023181821284756,20,5.55,1.48,97.1,1.0,4.0,81.0,18.0,0.0,0.0,0.0,10.0,RP,22.0,428.0,126.0,19.5,7.49,1.66,11.65,1.66,20.277060119225712,-0.03093489705902963,7,0.7777777777777778,3.0,7,6,1,1,0.0,4.103777713305152,0.133041335908016,0.21588089330024815,0.19238900634249473,0.1226215644820296,0.4139423076923077,0.3012393162393162,0.32142857142857145,3.896,0.3713732925664564
606192,Teoscar Hernández,R,LAD,4,Brady Singer,R,663903.0,824464,LAD @ CIN,9:40 AM,17/09,Final,0.6880569340024351,,,,True,1111100110,live,5,0,0.0,1,2023,0.3469773814079112,0.45685422269189774,0.5051813238219982,0.4551452205650439,0.24732521516441816,20,1,-0.05063846111689593,1.083,36.0,D,0.2833900870223231,1.9374893530254913,0.4434118492163263,0.19075206517008966,20,5,0,0.29577464788732394,0.245136186770428,0.5923542770628312,0.40764572293716883,0.0,0.2849364791288566,0.27909887359199,0.2222222222222222,0.27471029311520107,0.27555555555555555,251,0.2471264367816092,195,False,False,0.6458954156277689,0.042161518374666196,3.5,3.912280701754386,114,,,,,,,0.0989733578119167,20,5.46,1.52,151.2,6.0,14.0,125.0,57.0,0.0,0.0,0.0,30.0,SP,30.0,690.0,174.0,23.0,7.42,3.38,10.33,1.84,24.888994617410862,-0.039736934002435054,5,0.625,-2.0,7,6,1,1,0.0,4.171438120505415,0.14468993412558842,0.26811594202898553,0.2683982683982684,0.08441558441558442,0.4508620689655172,0.34856896551724137,0.24413145539906103,4.16,0.3515700342693383
670623,Isaac Paredes,R,HOU,3,Seth Lugo,R,607625,824141,KC @ HOU,4:15 PM,17/09,In Progress,0.6867085538183216,-163.0,170.0,62.0,True,1011111100,live,6,3,0.5,1,2024,0.21543080300550257,0.26781143625425713,0.40921389863888996,0.27396093735559496,0.19148940436841846,20,1,0.01598831836161324,0.998,38.9,D,0.2648469199557359,2.328071165022687,0.4287896549665621,0.16376301593443188,20,6,0,0.24647887323943662,0.26246719160104987,0.5158671586715867,0.3922509225092251,0.0918819188191882,0.2533759772565743,0.254380272550292,0.33197278911564626,0.26486168334314303,0.27002967359050445,384,0.23655913978494625,229,False,False,0.6649736077841503,0.021734946034171365,3.6319444444444446,4.256944444444445,144,,,,,,,0.15695955346931584,20,4.99,1.45,164.0,7,8,126,53,0,0,0,30,SP,30,709,185,23.6,6.91,2.91,10.15,1.04,23.17330985031129,-0.014441887151654842,9,0.9,42.0,7,6,0,1,0.0,4.158110449331946,0.09894859669096104,0.2671232876712329,0.1262135922330097,0.10679611650485436,0.2928954423592493,0.2936112600536193,0.26582278481012656,4.251,0.3188652429763525
673962,Josh Jung,R,TEX,3,Sonny Gray,R,543243,822845,BOS @ TEX,5:05 PM,17/09,In Progress,0.6867085538183216,-186.0,194.0,65.0,True,1010111101,live,6,1,0.16666666666666666,1,2025,0.327754782018601,0.32488316003299567,0.5038991134751969,0.37871610025450875,0.16409373928861165,20,1,-0.06159420289855072,0.964,63.4,C,0.2788671023965142,3.424394425013852,0.3980460635439703,0.2337720655854293,20,6,0,0.34782608695652173,0.286231884057971,0.5773420479302832,0.3673202614379085,0.05533769063180828,0.294006309148265,0.29404761904761906,0.32936507936507936,0.2978723404255319,0.32,248,0.2727272727272727,162,False,False,0.6952306712828863,-0.00852211746456466,3.873684210526316,4.315789473684211,95,,,,,,,0.13092797975689288,20,2.76,1.17,156.2,17,5,140,42,0,0,0,27,SP,27,636,141,23.6,8.04,2.41,8.1,0.86,25.09935863727915,-0.004164109373877234,9,1.0,9.0,7,6,0,1,0.0,4.3281711325604455,0.07536801991679279,0.2835164835164835,0.18127490039840638,0.07370517928286853,0.5015567765567766,0.3448186813186813,0.2535885167464115,4.251,0.36331142410856865
663656,Kyle Tucker,L,LAD,3,Brady Singer,R,663903.0,824464,LAD @ CIN,9:40 AM,17/09,Final,0.6867085538183216,-9900.0,9900.0,99.0,True,0001100101,live,0,0,0.0,0,0,0.21510447093130336,0.27346806407068397,0.30225091591804226,0.22589456837686286,0.11258088773690501,20,1,-0.012677106636838187,1.083,36.0,D,0.2833900870223231,1.9374893530254913,0.4434118492163263,0.19075206517008966,20,5,0,0.2348993288590604,0.2222222222222222,0.5923542770628312,0.40764572293716883,0.0,0.20938628158844766,0.22378277153558052,0.17335058214747737,0.20591341077085534,0.21660649819494585,329,0.23766816143497757,255,False,False,0.6386846845328256,0.04802386928549607,3.5211267605633805,4.112676056338028,142,,,,,,,-0.08858244585219152,20,5.46,1.52,151.2,6.0,14.0,125.0,57.0,0.0,0.0,0.0,30.0,SP,30.0,690.0,174.0,23.0,7.42,3.38,10.33,1.84,24.888994617410862,-0.037368553818321715,5,0.625,-2.0,7,6,1,1,0.0,4.046576385449673,0.17032047960470567,0.2261904761904762,0.16632443531827515,0.11704312114989733,0.36307767944936087,0.32112241887905607,0.3037974683544304,4.251,0.3515700342693383
681198,Tj Rumfield,L,COL,4,Mike King,R,650633.0,824305,SD @ COL,12:10 PM,17/09,Final,0.6835031393934287,-178.0,212.0,64.0,True,1111001111,live,0,0,0.0,0,0,0.38719931853358763,0.3634871749663151,0.27581279301021905,0.4399209581480017,0.09070551772522047,20,2,0.02711676812396241,1.148,70.5,B,0.2832618025751073,2.2506483524513428,0.32815277594744013,0.19158952144143993,20,5,0,0.2805755395683453,0.3076923076923077,0.47782546494992845,0.24892703862660945,0.2732474964234621,0.3096960926193922,0.27207062600321025,0.25483870967741934,0.29011877685114984,0.28338762214983715,355,0.3253588516746411,244,True,False,0.6790167087659574,0.004486430627471227,3.5342465753424657,4.102739726027397,146,,,,,,,0.24526303454123893,20,3.03,1.15,175.0,11.0,9.0,148.0,66.0,0.0,0.0,0.0,30.0,SP,30.0,711.0,135.0,23.7,7.61,3.39,6.94,1.03,24.334653705388906,-0.022617425107714362,7,0.875,18.0,6,7,1,1,0.0,4.614204872617235,0.1652779715365501,0.3058823529411765,0.13306451612903225,0.12298387096774194,0.2525533890436398,0.30203834726090995,0.21105527638190955,4.16,0.3039015531869961
678246,Miguel Vargas,R,CWS,3,Framber Valdez,L,664285,824548,DET @ CWS,4:40 PM,17/09,In Progress,0.6829204940952248,-194.0,203.0,66.0,False,1000111111,live,11,4,0.36363636363636365,1,2024,0.24794417673994124,0.32758546007387246,0.3259604221341866,0.31147191923373596,0.2291941089581794,20,1,-0.06722235548093067,0.968,42.1,D,0.2648419429452583,1.694168145072129,0.4059441138298605,0.15040537200932597,20,6,0,0.20454545454545456,0.2717678100263852,0.48205326128907755,0.3350057892705519,0.1829409494403705,0.2600784873349982,0.28551434569629114,0.2627118644067797,0.268971515546858,0.2789317507418398,391,0.20642201834862386,267,False,False,0.6404292105204429,0.042491283574781935,3.7248322147651005,4.416107382550336,149,,,,,,,0.10055993191356409,20,4.01,1.36,163.2,10,10,121,60,0,0,0,29,SP,29,713,163,24.6,6.65,3.3,8.96,0.82,24.76130412437942,-0.05333477980951051,7,0.7,-10.0,7,7,0,0,-1.0,4.447847589866184,0.084515654053739,0.25389755011135856,0.1893939393939394,0.12121212121212122,0.4509073543457498,0.3486446991404012,0.25416666666666665,4.251,0.2971107162977034
701350,Roman Anthony,L,BOS,1,Tyler Alexander,L,641302,822845,BOS @ TEX,5:05 PM,17/09,In Progress,0.6821783676382949,-194.0,203.0,66.0,False,0010111110,live,0,0,0.0,0,0,0.2239392846411764,0.37069812669038965,0.4400689676314958,0.3245917913079062,0.28358295230471475,20,1,-0.12785862785862787,0.964,80.1,A,0.2821461609620722,2.8687022630330405,0.2879731038555084,0.18056695396088301,20,2,0,0.11538461538461539,0.24324324324324326,0.5787037037037037,0.1814814814814815,0.23981481481481481,0.19477124183006536,0.16228070175438597,0.31785714285714284,0.2078614257161892,0.22018348623853212,125,0.23076923076923078,76,False,False,0.6563440049308294,0.02583436270746542,3.8666666666666667,4.466666666666667,45,,,,,,,-0.13585182887935532,20,3.38,1.28,66.2,5,2,57,19,4,2,6,4,RP,68,284,66,4.2,7.7,2.57,8.91,0.4,4.535638414097945,-0.03230058986051709,9,1.0,13.0,7,5,0,1,0.0,4.528555135262814,0.077683428962117,0.27293577981651373,0.27325581395348836,0.13565891472868216,0.5677966101694916,0.37198983050847456,0.2818181818181818,4.443,0.31986114635395
805808,Kevin Mcgonigle,L,DET,1,Erick Fedde,R,607200,824548,DET @ CWS,4:40 PM,17/09,In Progress,0.6790167087659574,-186.0,194.0,65.0,False,0111011101,live,0,0,0.0,0,0,0.23174371697588686,0.3452030810136218,0.4533102894729948,0.2709662966104608,0.11401206099206887,20,1,0.05943829577334528,0.968,58.0,C,0.25429704715733803,2.50769660587565,0.38430581662039887,0.1622383618206111,20,7,0,0.22699386503067484,0.2864321608040201,0.5057522123893805,0.3769911504424779,0.1172566371681416,0.2758220502901354,0.26816860465116277,0.25632183908045975,0.2696675614288664,0.2857142857142857,392,0.24444444444444444,269,True,False,0.6710926054352199,0.007924103330737564,3.8424657534246576,4.527397260273973,146,,,,,,,0.11930999662998723,20,3.97,1.34,133.2,8,9,91,48,0,0,0,14,RP,31,572,131,18.5,6.13,3.23,8.82,1.55,16.635141021911377,-0.01866670876595733,6,0.75,1.0,7,6,0,0,-1.0,4.559599356545111,0.15491799343930168,0.2623655913978495,0.14076782449725778,0.13345521023765997,0.3603092783505155,0.2996778350515464,0.2454212454212454,4.443,0.2938641963276657
691720,Kyle Karros,R,COL,5,Mike King,R,650633.0,824305,SD @ COL,12:10 PM,17/09,Final,0.6789297909220812,-170.0,212.0,63.0,True,1001101111,live,0,0,0.0,0,0,0.22257368135452452,0.3585185702345528,0.3325989404301277,0.3000387296576721,0.17029670646584533,20,1,-0.043123543123543134,1.148,70.5,B,0.2832618025751073,2.2506483524513428,0.32815277594744013,0.19158952144143993,20,5,0,0.2867132867132867,0.24358974358974358,0.47782546494992845,0.24892703862660945,0.2732474964234621,0.2631578947368421,0.24065934065934066,0.2526595744680851,0.25444839857651247,0.2626728110599078,248,0.25625,191,False,False,0.6149008671138492,0.064028923808232,3.168067226890756,3.689075630252101,119,,,,,,,-0.027964268196155082,20,3.03,1.15,175.0,11.0,9.0,148.0,66.0,0.0,0.0,0.0,30.0,SP,30.0,711.0,135.0,23.7,7.61,3.39,6.94,1.03,24.334653705388906,-0.025801219493509775,7,0.875,18.0,6,7,1,1,0.0,4.1099992111390105,0.06221225202014409,0.25866666666666666,0.20642201834862386,0.10779816513761468,0.41111111111111115,0.32389122807017545,0.22077922077922077,4.026,0.3039015531869961
643446,Jeff Mcneil,L,ATH,2,Drew Rasmussen,R,656876.0,822924,ATH @ TB,10:10 AM,17/09,Final,0.6770972113379751,,,,False,1101110111,live,0,0,0.0,0,0,0.30431134581664127,0.29286688133539435,0.2958087829171051,0.360469922003141,0.12789327699163394,20,1,-0.0023741690408357052,0.96,79.0,B,0.2907801418439716,6.159824061086844,0.36355366551844104,0.24977167041288706,20,6,0,0.2716049382716049,0.2692307692307692,0.8035043804755945,0.06299541093032958,0.13350020859407594,0.2528301886792453,0.22056631892697467,0.2388888888888889,0.24289772727272727,0.2637795275590551,273,0.2774869109947644,211,False,False,0.6898702126906588,-0.012773001352683777,3.3208955223880596,3.611940298507463,134,,,,,,,0.08410314701634938,20,2.81,0.92,160.1,14.0,5.0,160.0,27.0,0.0,0.0,0.0,28.0,SP,28.0,625.0,120.0,22.3,8.98,1.52,6.74,0.79,23.04048307650259,0.0028652886620248452,8,0.8,-10.0,7,5,1,1,0.0,4.275151045293725,0.028680343979168924,0.26865671641791045,0.09839816933638444,0.05263157894736842,0.30167130919220053,0.31549303621169916,0.21148036253776434,4.352,0.2607145584442107
681393,Connor Norby,R,COL,2,Mike King,R,650633.0,824305,SD @ COL,12:10 PM,17/09,Final,0.6748665396813056,-178.0,194.0,64.0,True,1100101111,live,0,0,0.0,0,0,0.2970552245334577,0.3865299516383042,0.38986447336473223,0.4137389483614216,0.2851921692353128,20,1,0.006604506604506594,1.148,70.5,B,0.2832618025751073,2.2506483524513428,0.32815277594744013,0.19158952144143993,20,5,0,0.23076923076923078,0.23737373737373738,0.47782546494992845,0.24892703862660945,0.2732474964234621,0.20640569395017794,0.1945288753799392,0.22492401215805471,0.20595181861124232,0.24260355029585798,200,0.22556390977443608,151,False,False,0.6288284415883165,0.04603809809298909,3.1789473684210527,3.694736842105263,95,,,,,,,0.0019412726913208393,20,3.03,1.15,175.0,11.0,9.0,148.0,66.0,0.0,0.0,0.0,30.0,SP,30.0,711.0,135.0,23.7,7.61,3.39,6.94,1.03,24.334653705388906,-0.027366539681305646,7,0.875,18.0,6,7,1,1,0.0,4.063834813415635,0.07688661081157838,0.2454308093994778,0.2857142857142857,0.09750566893424037,0.36835278858625164,0.3285914396887159,0.22077922077922077,4.352,0.3039015531869961
677951,Bobby Witt,R,KC,2,Miguel Ullola,R,699044,824141,KC @ HOU,4:15 PM,17/09,In Progress,0.6746439272326996,-194.0,212.0,66.0,False,1100101110,live,0,0,0.0,0,0,0.19562427528018878,0.31221188837063424,0.4811138845646051,0.2924003632061522,0.16737827804168098,20,1,0.028436861281436077,0.998,97.4,A,0.31092436974789917,11.420079812695109,0.3192287254136534,0.30358337998234464,6,6,0,0.25806451612903225,0.2865013774104683,0.7394957983193278,0.24369747899159663,0.01680672268907563,0.26128364389233955,0.2605281941470378,0.270935960591133,0.262523629489603,0.2883435582822086,356,0.2604166666666667,234,False,True,0.6975170592942576,-0.022873132061557944,3.8947368421052633,4.43609022556391,133,,,,,,,0.18565520310655087,20,3.38,0.75,8.0,0,0,10,1,0,0,0,1,RP,6,30,5,5.0,11.25,1.13,5.63,2.25,4.7976747149843595,0.014227501338728965,7,1.0,1.0,7,5,0,1,0.0,4.5514664001319565,0.0779300103717701,0.28085106382978725,0.16917293233082706,0.08834586466165413,0.5107456140350878,0.3705701754385965,0.21428571428571427,4.352,0.29253442652767275
687957,Dustin Harris,L,SD,2,Tanner Gordon,R,685299.0,824305,SD @ COL,12:10 PM,17/09,Final,0.6728014660782375,-233.0,270.0,70.0,True,0100111111,live,0,0,0.0,0,0,0.3540392631245982,0.33064248805958674,0.25351467937763933,0.38014270086755114,0.0999730347474629,20,1,-0.04583333333333334,1.148,56.7,C,0.269433465085639,5.380734028703519,0.428141300164275,0.19216893796863724,20,5,0,0.3333333333333333,0.2875,0.47483443708609274,0.3066225165562914,0.2185430463576159,0.27835051546391754,0.2561576354679803,0.3135593220338983,0.2777777777777778,0.3333333333333333,61,0.23684210526315788,46,False,False,0.6209420167037452,0.05185944937449238,2.787878787878788,3.242424242424242,33,,,,,,,0.08049367504701936,20,5.55,1.48,97.1,1.0,4.0,81.0,18.0,0.0,0.0,0.0,10.0,RP,22.0,428.0,126.0,19.5,7.49,1.66,11.65,1.66,20.277060119225712,-0.026044323221094623,7,0.7777777777777778,3.0,7,6,1,1,0.0,3.5211260349032467,0.094235533096916,0.2653061224489796,0.19393939393939394,0.07878787878787878,0.2182608695652174,0.27044347826086956,0.3076923076923077,4.352,0.3713732925664564
805367,Chase Meidroth,R,CWS,1,Framber Valdez,L,664285,824548,DET @ CWS,4:40 PM,17/09,In Progress,0.6714508317466304,-203.0,212.0,67.0,True,0010100111,live,9,3,0.3333333333333333,1,2025,0.24401444912175577,0.29503598133502484,0.2890932848185002,0.3206819556911854,0.19938841014907266,20,1,0.040236779794790845,0.968,42.1,D,0.2648419429452583,1.694168145072129,0.4059441138298605,0.15040537200932597,20,6,0,0.29714285714285715,0.2569060773480663,0.48205326128907755,0.3350057892705519,0.1829409494403705,0.25547445255474455,0.25687285223367695,0.25763358778625955,0.25636101776284204,0.26421404682274247,340,0.2773109243697479,270,False,False,0.6526981466584999,0.01875268508813055,3.703448275862069,4.206896551724138,145,,,,,,,0.08471221057506545,20,4.01,1.36,163.2,10,10,121,60,0,0,0,29,SP,29,713,163,24.6,6.65,3.3,8.96,0.82,24.76130412437942,-0.039765117460916155,7,0.7,-10.0,7,7,0,0,-1.0,4.179124967616553,0.10420214856811062,0.27107061503416857,0.22690763052208834,0.09437751004016064,0.33031697341513294,0.312191717791411,0.25416666666666665,4.443,0.2971107162977034
666160,Mickey Moniak,L,COL,6,Mike King,R,650633.0,824305,SD @ COL,12:10 PM,17/09,Final,0.6707401419034325,-170.0,178.0,63.0,True,1001000101,live,6,1,0.16666666666666666,1,2023,0.136568310771707,0.317408548802048,0.387599725544606,0.2447994718012355,0.370006261799566,20,2,0.06486593059936907,1.148,70.5,B,0.2832618025751073,2.2506483524513428,0.32815277594744013,0.19158952144143993,20,5,0,0.1875,0.25236593059936907,0.47782546494992845,0.24892703862660945,0.2732474964234621,0.20617005267118135,0.23728813559322035,0.2591362126245847,0.22730547550432276,0.23555555555555555,240,0.25,172,False,False,0.5964169722185751,0.0743231696848573,3.5277777777777777,3.814814814814815,108,,,,,,,-0.1979332255677336,20,3.03,1.15,175.0,11.0,9.0,148.0,66.0,0.0,0.0,0.0,30.0,SP,30.0,711.0,135.0,23.7,7.61,3.39,6.94,1.03,24.334653705388906,-0.035097284760575276,7,0.875,18.0,6,7,1,1,0.0,3.9568452615346943,0.028274570144656654,0.25295508274231676,0.27312775330396477,0.046255506607929514,0.4020624303232999,0.30519732441471575,0.21105527638190955,3.896,0.3039015531869961
807712,Luke Keaschall,R,MIN,1,Walbert Ureña,R,700712,823978,MIN @ LAA,6:38 PM,17/09,Warmup,0.6707401419034325,-203.0,212.0,67.0,False,0110011011,live,0,0,0.0,0,0,0.32092381261620634,0.287881057876582,0.25572083405487106,0.33219632350770706,0.0730508474067169,20,2,0.0333150584795322,0.979,63.0,C,0.2847222222222222,2.152582589288496,0.3891829089697067,0.22962621608979022,20,6,0,0.2573099415204678,0.290625,0.518308631211857,0.13862249346120314,0.34306887532693986,0.2801906779661017,0.25185873605947956,0.27740492170022374,0.27177089421391,0.2903225806451613,325,0.2641509433962264,252,False,True,0.6828890574814931,-0.012148915578060637,3.4577464788732395,4.063380281690141,142,,,,,,,0.09666599738164755,20,2.88,1.24,137.1,9,10,131,67,0,0,0,25,SP,27,580,103,21.5,8.58,4.39,6.75,0.59,23.095731476835354,-0.003323475236765794,6,0.6666666666666666,-1.0,7,6,0,0,-2.0,4.514348230271423,0.10337376489886456,0.2800982800982801,0.14730290456431536,0.0954356846473029,0.2976190476190476,0.2975357142857143,0.18181818181818182,4.443,0.33521324829699956
693304,Nick Gonzales,R,PIT,6,Kyle Harrison,L,690986.0,823334,MIL @ PIT,9:35 AM,17/09,Final,0.6701160561288093,-138.0,163.0,58.0,False,1101011111,live,0,0,0.0,0,0,0.29346602497830754,0.3365717005009567,0.3286974288050521,0.318768964372095,0.10594370209861557,20,2,-0.0612135792568832,1.013,55.0,C,0.30842527582748247,3.958086603758456,0.41272745486456736,0.25583126328276956,20,5,0,0.26436781609195403,0.32558139534883723,0.5885599598595083,0.3206221776216759,0.09081786251881585,0.2821969696969697,0.2755681818181818,0.24947145877378435,0.2762582056892779,0.28434504792332266,330,0.33658536585365856,243,False,False,0.6691369478353746,0.0009791082934347273,3.753623188405797,4.1521739130434785,138,,,,,,,0.11642993071308776,20,3.95,1.31,111.2,10.0,4.0,135.0,33.0,0.0,0.0,0.0,24.0,SP,25.0,479.0,113.0,19.2,10.88,2.66,9.11,1.61,19.372560541654614,-0.008730341843095069,7,0.875,16.0,7,6,1,1,0.0,4.259063468406883,0.10249883571150549,0.31277533039647576,0.15476190476190477,0.07142857142857142,0.3363475177304965,0.3455301418439716,0.2645161290322581,3.896,0.3361851580353995
514888,José Altuve,R,HOU,4,Seth Lugo,R,607625,824141,KC @ HOU,4:15 PM,17/09,In Progress,0.6675705860567783,-194.0,203.0,66.0,True,1101111001,live,12,3,0.25,1,2023,0.2171419231586048,0.23250345815144016,0.27695044722820916,0.2606827275405473,0.11974985547919934,20,1,-0.052557690620338715,0.998,38.9,D,0.2648469199557359,2.328071165022687,0.4287896549665621,0.16376301593443188,20,6,0,0.2824427480916031,0.22988505747126436,0.5158671586715867,0.3922509225092251,0.0918819188191882,0.23227513227513227,0.22712418300653595,0.22429906542056074,0.2293370944992948,0.24666666666666667,327,0.24022346368715083,199,False,False,0.6316104206047539,0.035960165452024406,3.8629032258064515,4.241935483870968,124,,,,,,,0.060021846161115944,20,4.99,1.45,164.0,7,8,126,53,0,0,0,30,SP,30,709,185,23.6,6.91,2.91,10.15,1.04,23.17330985031129,-0.019592808279000562,9,0.9,42.0,7,6,0,1,0.0,4.158694129506286,0.04062388696571393,0.2478448275862069,0.2019607843137255,0.07254901960784314,0.333471837488458,0.28612950138504156,0.26582278481012656,4.16,0.3188652429763525
687859,Troy Johnston,L,COL,7,Mike King,R,650633.0,824305,SD @ COL,12:10 PM,17/09,Final,0.6668443166046784,-156.0,186.0,61.0,False,1101101010,live,0,0,0.0,0,0,0.2962819437249859,0.34854452406802416,0.39986655609596655,0.38328350291544677,0.2927719428180304,20,1,0.036309127248500994,1.148,70.5,B,0.2832618025751073,2.2506483524513428,0.32815277594744013,0.19158952144143993,20,5,0,0.25316455696202533,0.2894736842105263,0.47782546494992845,0.24892703862660945,0.2732474964234621,0.2391008174386921,0.2743243243243243,0.24618736383442266,0.2536367027228646,0.2648401826484018,244,0.3048780487804878,189,False,False,0.5963477367444218,0.07049657986025659,3.139344262295082,3.5491803278688523,122,,,,,,,-0.028222481599392824,20,3.03,1.15,175.0,11.0,9.0,148.0,66.0,0.0,0.0,0.0,30.0,SP,30.0,711.0,135.0,23.7,7.61,3.39,6.94,1.03,24.334653705388906,-0.03831574517610703,7,0.875,18.0,6,7,1,1,0.0,3.575639855046553,0.05497011649471274,0.2853333333333333,0.17688679245283018,0.08490566037735849,0.3813888888888889,0.34709555555555555,0.21105527638190955,3.76,0.3039015531869961
693307,Dillon Dingler,R,DET,3,Erick Fedde,R,607200,824548,DET @ CWS,4:40 PM,17/09,In Progress,0.6649677368726573,-186.0,194.0,65.0,True,1101011010,live,0,0,0.5,0,0,0.1603587638599049,0.3043967027963596,0.29696947467678003,0.2569576690999694,0.2842959987260587,20,1,0.012793559217066791,0.968,58.0,C,0.25429704715733803,2.50769660587565,0.38430581662039887,0.1622383618206111,20,7,0,0.23204419889502761,0.2448377581120944,0.5057522123893805,0.3769911504424779,0.1172566371681416,0.231239092495637,0.2011173184357542,0.24767225325884543,0.2256580628673652,0.23693379790940766,313,0.2446351931330472,261,False,False,0.6299519157902033,0.035015821082454046,3.795620437956204,4.189781021897811,137,,,,,,,-0.033395024268728084,20,3.97,1.34,133.2,8,9,91,48,0,0,0,14,RP,31,572,131,18.5,6.13,3.23,8.82,1.55,16.635141021911377,-0.03036773687265726,6,0.75,1.0,7,6,0,0,-1.0,3.9614114218472847,0.012754952693800874,0.24301075268817204,0.23529411764705882,0.056862745098039215,0.40927536231884054,0.3460521739130435,0.26556016597510373,4.251,0.2938641963276657
701398,Sal Stewart,R,CIN,3,Justin Wrobleski,L,680736.0,824464,LAD @ CIN,9:40 AM,17/09,Final,0.6646211442523627,-186.0,212.0,65.0,True,1001111001,live,0,0,0.0,0,0,0.3170749839040386,0.34427389456691154,0.5208942685080611,0.40764814579035136,0.23667685264647664,20,1,-0.02166276346604218,1.083,54.4,C,0.27535521803037727,4.207329739339548,0.425863943022241,0.23574139134993582,20,5,0,0.25,0.2716627634660422,0.5845624385447394,0.36283185840707965,0.05260570304818092,0.2612536811106437,0.28054298642533937,0.26256983240223464,0.2680588109950991,0.26536312849162014,395,0.2669683257918552,259,False,False,0.6598801255147886,0.004741018737574154,3.834437086092715,4.33112582781457,151,,,,,,,0.023315362705246794,20,3.77,1.15,133.2,11.0,5.0,111.0,31.0,0.0,0.0,0.0,22.0,SP,25.0,553.0,123.0,22.1,7.47,2.09,8.28,1.41,21.37412330614346,-0.0015354299666483495,7,0.875,-12.0,7,6,1,1,0.0,4.1865382739729595,0.0557290323891915,0.2629310344827586,0.22157996146435452,0.07707129094412331,0.3879656160458453,0.33107736389684816,0.2393617021276596,4.251,0.3311597163366872
677800,Wilyer Abreu,L,BOS,3,Tyler Alexander,L,641302,822845,BOS @ TEX,5:05 PM,17/09,In Progress,0.6646211442523627,-178.0,186.0,64.0,False,0101111100,live,0,0,0.0,0,0,0.22515348545629296,0.28236998166959437,0.368400406450516,0.24443576197670996,0.19053458628850023,20,1,0.03945063415317776,0.964,80.1,A,0.2821461609620722,2.8687022630330405,0.2879731038555084,0.18056695396088301,20,2,0,0.2835820895522388,0.24413145539906103,0.5787037037037037,0.1814814814814815,0.23981481481481481,0.23562412342215988,0.24214417744916822,0.23576158940397351,0.2374866879659212,0.2560240963855422,385,0.25,257,False,False,0.6404292105204429,0.024191933731919857,3.8095238095238093,4.36734693877551,147,,,,,,,0.041642025641867135,20,3.38,1.28,66.2,5,2,57,19,4,2,6,4,RP,68,284,66,4.2,7.7,2.57,8.91,0.4,4.535638414097945,-0.034521144252362745,9,1.0,13.0,7,5,0,1,0.0,4.1788064515998276,0.08268411546750937,0.24945295404814005,0.19962335216572505,0.10546139359698682,0.4271604938271605,0.3289458689458689,0.2818181818181818,4.251,0.31986114635395
666182,Bo Bichette,R,NYM,3,Aaron Nola,R,605400,823573,PHI @ NYM,4:15 PM,17/09,In Progress,0.6639970584777397,-233.0,245.0,70.0,False,1111101011,live,13,3,0.23076923076923078,1,2023,0.2493876682249286,0.3324059135317732,0.44721364477697867,0.3045504711171378,0.2014115650444641,20,1,-0.03650002965071458,0.949,70.0,B,0.2976491862567812,3.0811704220558953,0.3998767574509628,0.24357806210336722,20,6,0,0.2922077922077922,0.2557077625570776,0.49963715529753266,0.3367198838896952,0.16364296081277213,0.26180886122299524,0.25287356321839083,0.2819548872180451,0.2623126338329764,0.27371273712737126,399,0.25112107623318386,245,False,False,0.6797273986091558,-0.015730340131416054,3.9731543624161074,4.322147651006712,149,,,,,,,0.0010575724514031559,20,4.69,1.37,161.1,6,10,165,55,0,0,0,30,SP,30,690,166,23.0,9.2,3.07,9.26,1.9,23.693362224605213,-0.012437058477739571,10,1.0,4.0,7,6,0,0,0.0,4.52577692086564,0.07725267952254816,0.26865671641791045,0.17054263565891473,0.0755813953488372,0.41058617672790904,0.3417576552930884,0.2795275590551181,4.251,0.30991678754766966
667472,Dane Myers,R,CIN,1,Justin Wrobleski,L,680736.0,824464,LAD @ CIN,9:40 AM,17/09,Final,0.6635259837871184,163.0,233.0,38.0,False,1110110101,live,0,0,0.0,0,0,0.29332088866811423,0.35440723867729995,0.43667508590091697,0.3697387740700926,0.17523891414877119,20,1,-0.011680143755615435,1.083,54.4,C,0.27535521803037727,4.207329739339548,0.425863943022241,0.23574139134993582,20,5,0,0.2619047619047619,0.27358490566037735,0.5845624385447394,0.36283185840707965,0.05260570304818092,0.25726872246696036,0.2884955752212389,0.25096525096525096,0.26513994910941474,0.2903225806451613,143,0.24666666666666667,172,False,False,0.6473710216003902,0.016154962186728183,2.712871287128713,3.118811881188119,101,,,,,,,0.1272523272523822,20,3.77,1.15,133.2,11.0,5.0,111.0,31.0,0.0,0.0,0.0,22.0,SP,25.0,553.0,123.0,22.1,7.47,2.09,8.28,1.41,21.37412330614346,-0.009011698072832641,7,0.875,-12.0,7,6,1,1,0.0,3.868806913017396,0.14827354988858635,0.25696594427244585,0.23978201634877383,0.10354223433242507,0.4056737588652482,0.31361063829787234,0.2393617021276596,4.443,0.3311597163366872
682829,Elly De La Cruz,L,CIN,2,Justin Wrobleski,L,680736.0,824464,LAD @ CIN,9:40 AM,17/09,Final,0.6628160385726947,2400.0,1900.0,4.0,False,1111011111,live,0,0,0.0,0,0,0.4018644268776,0.5133231197106375,0.7975122593083824,0.5771303528150588,0.2662675131803892,20,1,0.047027027027027046,1.083,54.4,C,0.27535521803037727,4.207329739339548,0.425863943022241,0.23574139134993582,20,5,0,0.32,0.27297297297297296,0.5845624385447394,0.36283185840707965,0.05260570304818092,0.260752688172043,0.26841359773371104,0.26443768996960487,0.2641224665804226,0.27575757575757576,364,0.30526315789473685,226,False,False,0.6707401419034325,-0.007924103330737786,3.9393939393939394,4.46969696969697,132,,,,,,,0.3441452264566981,20,3.77,1.15,133.2,11.0,5.0,111.0,31.0,0.0,0.0,0.0,22.0,SP,25.0,553.0,123.0,22.1,7.47,2.09,8.28,1.41,21.37412330614346,0.0010125328558768798,7,0.875,-12.0,7,6,1,1,0.0,4.29518980205785,0.0927655830384697,0.2860169491525424,0.26865671641791045,0.11007462686567164,0.538109756097561,0.41301422764227647,0.2426470588235294,4.352,0.3311597163366872
571970,Max Muncy,L,LAD,5,Brady Singer,R,663903.0,824464,LAD @ CIN,9:40 AM,17/09,Final,0.6619459643749505,,,,True,1111110000,live,0,0,0.0,0,0,0.204661013354854,0.24052277995258867,0.3954371217305777,0.2393325334637495,0.29687120679321827,20,1,-0.005409356725146197,1.083,36.0,D,0.2833900870223231,1.9374893530254913,0.4434118492163263,0.19075206517008966,20,5,0,0.25263157894736843,0.24722222222222223,0.5923542770628312,0.40764572293716883,0.0,0.26019417475728157,0.216260162601626,0.23655913978494625,0.23943262411347518,0.26693227091633465,287,0.22549019607843138,236,False,False,0.6032541528520968,0.05869181152285363,3.2971014492753623,3.789855072463768,138,,,,,,,-0.18247249759478046,20,5.46,1.52,151.2,6.0,14.0,125.0,57.0,0.0,0.0,0.0,30.0,SP,30.0,690.0,174.0,23.0,7.42,3.38,10.33,1.84,24.888994617410862,-0.043825964374950455,5,0.625,-2.0,7,6,1,1,0.0,3.876280206394547,0.10399399311191566,0.2608695652173913,0.2345132743362832,0.1172566371681416,0.4666666666666667,0.3293578947368421,0.3037974683544304,4.026,0.3515700342693383
630105,Jake Cronenworth,L,SD,8,Tanner Gordon,R,685299.0,824305,SD @ COL,12:10 PM,17/09,Final,0.6615350519429773,-178.0,194.0,64.0,True,0100111111,live,6,1,0.16666666666666666,1,2024,0.19892954332483875,0.2144359354656039,0.25924699600691886,0.2763204338917384,0.2133220915770708,20,1,0.00970617713773278,1.148,56.7,C,0.269433465085639,5.380734028703519,0.428141300164275,0.19216893796863724,20,5,0,0.2112676056338028,0.2209737827715356,0.47483443708609274,0.3066225165562914,0.2185430463576159,0.21049457177322076,0.2176560121765601,0.20915032679738563,0.21196827685652486,0.21,225,0.2318840579710145,159,False,False,0.5717119070013751,0.08982314494160226,3.484536082474227,3.9587628865979383,97,,,,,,,-0.11551675554176506,20,5.55,1.48,97.1,1.0,4.0,81.0,18.0,0.0,0.0,0.0,10.0,RP,22.0,428.0,126.0,19.5,7.49,1.66,11.65,1.66,20.277060119225712,-0.03290648051440592,7,0.7777777777777778,3.0,7,6,1,1,0.0,4.051496693110909,0.07371456523223799,0.20854271356783918,0.22270742358078602,0.09606986899563319,0.3234797297297297,0.28385472972972975,0.3076923076923077,3.598,0.3713732925664564
686797,Brooks Lee,L,MIN,2,Walbert Ureña,R,700712,823978,MIN @ LAA,6:38 PM,17/09,Warmup,0.6613218786003275,-178.0,186.0,64.0,False,1110010101,live,0,0,0.0,0,0,0.24410746174896752,0.2962221766223412,0.39648004610077336,0.27989670996164606,0.21665112623675353,20,2,0.04385615711252655,0.979,63.0,C,0.2847222222222222,2.152582589288496,0.3891829089697067,0.22962621608979022,20,6,0,0.21656050955414013,0.2604166666666667,0.518308631211857,0.13862249346120314,0.34306887532693986,0.2424418604651163,0.24436741767764297,0.24472573839662448,0.24320794148380356,0.2508038585209003,326,0.24347826086956523,260,False,True,0.6797273986091558,-0.018405520008828224,3.7832167832167833,4.0979020979020975,143,,,,,,,0.10102439909993928,20,2.88,1.24,137.1,9,10,131,67,0,0,0,25,SP,27,580,103,21.5,8.58,4.39,6.75,0.59,23.095731476835354,0.007094788066339008,6,0.6666666666666666,-1.0,7,6,0,0,-2.0,4.042462835113449,0.026043036985561763,0.2548596112311015,0.154,0.058,0.33592400690846286,0.276979274611399,0.22302158273381295,4.352,0.33521324829699956
669134,Luis Campusano,R,SD,7,Tanner Gordon,R,685299.0,824305,SD @ COL,12:10 PM,17/09,Final,0.6609873966092777,-203.0,233.0,67.0,False,0101111001,live,0,0,0.0,0,0,0.20937154276727069,0.274834352438308,0.2950414239368648,0.24284320846960336,0.22606666351536148,20,2,-0.035834266517357216,1.148,56.7,C,0.269433465085639,5.380734028703519,0.428141300164275,0.19216893796863724,20,5,0,0.2982456140350877,0.2624113475177305,0.47483443708609274,0.3066225165562914,0.2185430463576159,0.25,0.23605150214592274,0.2774869109947644,0.2516703786191537,0.26605504587155965,127,0.2808988764044944,101,False,False,0.5764454013648135,0.08454199524446426,3.0,3.4545454545454546,66,,,,,,,-0.021346803023883858,20,5.55,1.48,97.1,1.0,4.0,81.0,18.0,0.0,0.0,0.0,10.0,RP,22.0,428.0,126.0,19.5,7.49,1.66,11.65,1.66,20.277060119225712,-0.03593025375213488,7,0.7777777777777778,3.0,7,6,1,1,0.0,3.9870292155360825,0.06472904933666614,0.2433234421364985,0.21502590673575128,0.11398963730569948,0.4002624671916011,0.29062204724409446,0.32142857142857145,3.76,0.3713732925664564
677649,Ezequiel Duran,R,TEX,1,Sonny Gray,R,543243,822845,BOS @ TEX,5:05 PM,17/09,In Progress,0.6607253189536086,-178.0,194.0,64.0,False,0100001111,live,8,1,0.125,1,2022,0.2506300321567086,0.3524838347227024,0.46773501539800794,0.3249629621779378,0.20058988878014425,20,1,-0.0929772502472799,0.964,63.4,C,0.2788671023965142,3.424394425013852,0.3980460635439703,0.2337720655854293,20,6,0,0.3333333333333333,0.2403560830860534,0.5773420479302832,0.3673202614379085,0.05533769063180828,0.25081281932187643,0.2501998401278977,0.2541966426858513,0.25045656144012524,0.26013513513513514,332,0.28640776699029125,225,False,False,0.6730512245579409,-0.012325905604332221,3.585714285714286,3.9785714285714286,140,,,,,,,0.08096101007137434,20,2.76,1.17,156.2,17,5,140,42,0,0,0,27,SP,27,636,141,23.6,8.04,2.41,8.1,0.86,25.09935863727915,-0.01075865228694195,9,1.0,9.0,7,6,0,1,0.0,4.179704675794451,0.07502086642888718,0.2681818181818182,0.23469387755102042,0.07755102040816327,0.3874871794871795,0.3356753846153846,0.2535885167464115,4.443,0.36331142410856865
650402,Gleyber Torres,R,DET,2,Erick Fedde,R,607200,824548,DET @ CWS,4:40 PM,17/09,In Progress,0.657959243576432,-163.0,194.0,62.0,True,1111101101,live,5,1,0.2,1,2024,0.274477465325932,0.3599683964979904,0.3620127276561896,0.3834053059116975,0.2039777066628217,20,1,-0.007870142646335454,0.968,58.0,C,0.25429704715733803,2.50769660587565,0.38430581662039887,0.1622383618206111,20,7,0,0.27102803738317754,0.2631578947368421,0.5057522123893805,0.3769911504424779,0.1172566371681416,0.24319629415170815,0.24404761904761904,0.2911392405063291,0.24835469345341185,0.2814070351758794,230,0.2426470588235294,161,False,False,0.6336443398861205,0.02431490369031153,3.7222222222222223,4.344444444444444,90,,,,,,,0.32105728384568494,20,3.97,1.34,133.2,8,9,91,48,0,0,0,14,RP,31,572,131,18.5,6.13,3.23,8.82,1.55,16.635141021911377,-0.031959243576431984,6,0.75,1.0,7,6,0,0,-1.0,3.916808037263652,0.07322600473802637,0.26,0.2057142857142857,0.1219047619047619,0.33957115009746586,0.31528654970760234,0.26556016597510373,4.352,0.2938641963276657
682985,Riley Greene,L,DET,4,Erick Fedde,R,607200,824548,DET @ CWS,4:40 PM,17/09,In Progress,0.6555067581081152,-186.0,203.0,65.0,True,1100111111,live,10,5,0.5,1,2024,0.3275982358851238,0.36789470661430174,0.39019224555815163,0.4355419488572417,0.2263616883161565,20,1,0.0023789726533628985,0.968,58.0,C,0.25429704715733803,2.50769660587565,0.38430581662039887,0.1622383618206111,20,7,0,0.2845528455284553,0.2869318181818182,0.5057522123893805,0.3769911504424779,0.1172566371681416,0.28927300457549565,0.30011198208286677,0.24419889502762432,0.2810092961487384,0.29850746268656714,303,0.27053140096618356,246,False,False,0.6386846845328256,0.016822073575289642,3.6538461538461537,4.223076923076923,130,,,,,,,0.16111313584926845,20,3.97,1.34,133.2,8,9,91,48,0,0,0,14,RP,31,572,131,18.5,6.13,3.23,8.82,1.55,16.635141021911377,-0.02790675810811516,6,0.75,1.0,7,6,0,0,-1.0,4.2241740373614824,0.07215995674330015,0.2834101382488479,0.2727272727272727,0.11462450592885376,0.48198198198198194,0.388695945945946,0.2454212454212454,4.16,0.2938641963276657
665742,Juan Soto,L,NYM,2,Aaron Nola,R,605400,823573,PHI @ NYM,4:15 PM,17/09,In Progress,0.6529377618110765,-186.0,203.0,65.0,False,1110110110,live,18,7,0.3888888888888889,1,2022,0.20161422092608328,0.345662968950504,0.5032151667638274,0.26226797168477195,0.19310152180960677,20,1,-0.0372311086596801,0.949,70.0,B,0.2976491862567812,3.0811704220558953,0.3998767574509628,0.24357806210336722,20,6,0,0.29591836734693877,0.25868725868725867,0.49963715529753266,0.3367198838896952,0.16364296081277213,0.2719242902208202,0.24392819429778248,0.29017857142857145,0.2673333333333333,0.27601809954751133,261,0.25735294117647056,169,False,False,0.6790167087659574,-0.02607894695488089,3.57,4.3,100,,,,,,,0.05175341601939126,20,4.69,1.37,161.1,6,10,165,55,0,0,0,30,SP,30,690,166,23.0,9.2,3.07,9.26,1.9,23.693362224605213,-0.0034977618110766384,10,1.0,4.0,7,6,0,0,0.0,4.529236719892463,0.10240026065079362,0.271461716937355,0.14728682170542637,0.13178294573643412,0.48539906103286384,0.3548957746478873,0.2553763440860215,4.352,0.30991678754766966
668804,Bryan Reynolds,L,PIT,3,Kyle Harrison,L,690986.0,823334,MIL @ PIT,9:35 AM,17/09,Final,0.6513699158635154,-9900.0,9900.0,99.0,True,1010011100,live,6,0,0.0,1,2024,0.24121936599213192,0.32640730072354435,0.5178591111652203,0.2984122646287625,0.22499012996357315,20,1,0.027635168832692847,1.013,55.0,C,0.30842527582748247,3.958086603758456,0.41272745486456736,0.25583126328276956,20,5,0,0.2808988764044944,0.25326370757180156,0.5885599598595083,0.3206221776216759,0.09081786251881585,0.23739990579368817,0.24191176470588235,0.2639821029082774,0.24395804833561333,0.2904191616766467,390,0.22026431718061673,269,False,False,0.6626566542181487,-0.01128673835463323,3.7152317880794703,4.364238410596027,151,,,,,,,0.06767954779497623,20,3.95,1.31,111.2,10.0,4.0,135.0,33.0,0.0,0.0,0.0,24.0,SP,25.0,479.0,113.0,19.2,10.88,2.66,9.11,1.61,19.372560541654614,0.014230084136484633,7,0.875,16.0,7,6,1,1,0.0,4.3758002267722285,0.0892870136780584,0.27111111111111114,0.2222222222222222,0.11494252873563218,0.49476047904191617,0.35498203592814376,0.23622047244094488,4.251,0.3361851580353995
676356,Jonny Deluca,R,TB,5,Jeffrey Springs,L,605488.0,822924,ATH @ TB,10:10 AM,17/09,Final,0.6510174324964847,,,,False,1000101111,live,0,0,0.0,0,0,0.314966853167427,0.27479198211662975,0.3347681648138401,0.38491734404735045,0.17338804232699473,20,1,0.07026889903602232,0.96,44.1,D,0.27009507346586,1.4830637086572658,0.35979001212617,0.15084236514286353,20,6,0,0.2962962962962963,0.22602739726027396,0.4658599827139153,0.28608470181503887,0.2480553154710458,0.25130434782608696,0.22804054054054054,0.2690909090909091,0.24653465346534653,0.2732919254658385,170,0.25170068027210885,156,False,False,0.6274801643777739,0.02353726811871082,3.347826086956522,3.5434782608695654,92,,,,,,,0.25864713588742855,20,5.93,1.45,135.0,4.0,13.0,105.0,54.0,0.0,0.0,0.0,27.0,SP,27.0,594.0,142.0,22.0,7.0,3.6,9.47,2.2,21.62775731681429,-0.022650765829817954,9,0.75,-7.0,7,6,1,1,0.0,3.8157526444608907,0.036244928625843664,0.2717948717948718,0.19471153846153846,0.04807692307692308,0.293042071197411,0.2788899676375405,0.2620320855614973,4.026,0.34742591550418694
665019,Kody Clemens,L,MIN,3,Walbert Ureña,R,700712,823978,MIN @ LAA,6:38 PM,17/09,Warmup,0.6489924824202884,-156.0,163.0,61.0,False,0111111011,live,0,0,0.0,0,0,0.25381378753801065,0.33008207322447586,0.4229917692150682,0.34940101848009564,0.2117207147044416,20,2,-0.025784807093218287,0.979,63.0,C,0.2847222222222222,2.152582589288496,0.3891829089697067,0.22962621608979022,20,6,0,0.2616822429906542,0.2358974358974359,0.518308631211857,0.13862249346120314,0.34306887532693986,0.23990825688073394,0.23292797006548177,0.23938223938223938,0.23793103448275862,0.2768166089965398,322,0.19230769230769232,225,False,True,0.6616051018487616,-0.012612619428473248,3.736842105263158,4.112781954887218,133,,,,,,,0.17895273520826654,20,2.88,1.24,137.1,9,10,131,67,0,0,0,25,SP,27,580,103,21.5,8.58,4.39,6.75,0.59,23.095731476835354,0.006990850913044966,6,0.6666666666666666,-1.0,7,6,0,0,-2.0,4.250585235936775,0.10859938420166425,0.24833702882483372,0.2150101419878296,0.060851926977687626,0.48057971014492756,0.3389927536231884,0.22302158273381295,4.251,0.33521324829699956
673237,Yainer Diaz,R,HOU,5,Seth Lugo,R,607625,824141,KC @ HOU,4:15 PM,17/09,In Progress,0.6474740905647614,-212.0,223.0,68.0,True,1011011001,live,5,3,0.6,1,2024,0.3228230687092332,0.30646756557306665,0.45924266366789995,0.4174043126602006,0.2393885764405216,20,1,0.03290843532578336,0.998,38.9,D,0.2648469199557359,2.328071165022687,0.4287896549665621,0.16376301593443188,20,6,0,0.25773195876288657,0.29064039408866993,0.5158671586715867,0.3922509225092251,0.0918819188191882,0.2988505747126437,0.272,0.26956521739130435,0.28604516502605676,0.30357142857142855,174,0.25,143,False,False,0.6380251012851349,0.009448989279626452,3.658536585365854,3.8658536585365852,82,,,,,,,0.17101986093183325,20,4.99,1.45,164.0,7,8,126,53,0,0,0,30,SP,30,709,185,23.6,6.91,2.91,10.15,1.04,23.17330985031129,-0.009351868342539205,9,0.9,42.0,7,6,0,1,0.0,3.5938633389067363,0.04258574152867513,0.27293577981651373,0.16339869281045752,0.034858387799564274,0.3893351800554017,0.31444459833795013,0.26582278481012656,4.026,0.3188652429763525
689414,Liam Hicks,L,TB,4,Jeffrey Springs,L,605488.0,822924,ATH @ TB,10:10 AM,17/09,Final,0.64723019124559,,,,True,1101100100,live,0,0,0.0,0,0,0.20868911417933297,0.29821788149315237,0.1897775718597555,0.2601906941413324,0.16924032827249277,20,1,-0.09667519181585676,0.96,44.1,D,0.27009507346586,1.4830637086572658,0.35979001212617,0.15084236514286353,20,6,0,0.2,0.2966751918158568,0.4658599827139153,0.28608470181503887,0.2480553154710458,0.28753462603878116,0.28134556574923547,0.2735703245749614,0.2837641591635202,0.3023255813953488,299,0.25906735751295334,224,False,False,0.6300632347786692,0.01716695646692079,3.3656716417910446,3.9029850746268657,134,,,,,,,-0.09696865247148802,20,5.93,1.45,135.0,4.0,13.0,105.0,54.0,0.0,0.0,0.0,27.0,SP,27.0,594.0,142.0,22.0,7.0,3.6,9.47,2.2,21.62775731681429,-0.016674635690034467,9,0.75,-7.0,7,6,1,1,0.0,2.9594004040734876,0.05449616361257621,0.28329297820823246,0.09853249475890985,0.09433962264150944,0.2693078324225865,0.28652732240437156,0.2802547770700637,4.16,0.34742591550418694
703607,Henry Bolte,R,ATH,1,Drew Rasmussen,R,656876.0,822924,ATH @ TB,10:10 AM,17/09,Final,0.6458954156277689,,,,True,1111111011,live,0,0,0.0,0,0,0.278104899331359,0.4618695851570405,0.4623428251524425,0.5060741752358199,0.380222013696,20,1,0.0002649708532061479,0.96,79.0,B,0.2907801418439716,6.159824061086844,0.36355366551844104,0.24977167041288706,20,6,0,0.27450980392156865,0.2747747747747748,0.8035043804755945,0.06299541093032958,0.13350020859407594,0.28229398663697103,0.26369426751592356,0.34005037783375314,0.2858575727181545,0.29910714285714285,254,0.23841059602649006,175,True,False,0.6590081235761335,-0.01311270794836461,3.5046728971962615,4.009345794392523,107,,,,,,,0.23703933194490476,20,2.81,0.92,160.1,14.0,5.0,160.0,27.0,0.0,0.0,0.0,28.0,SP,28.0,625.0,120.0,22.3,8.98,1.52,6.74,0.79,23.04048307650259,0.01415458437223116,8,0.8,-10.0,7,5,1,1,0.0,4.448030849145733,0.11155791429743564,0.2849604221635884,0.279445727482679,0.08083140877598152,0.4715762273901809,0.3488527131782946,0.1940928270042194,4.443,0.2607145584442107
804606,Konnor Griffin,R,PIT,1,Kyle Harrison,L,690986.0,823334,MIL @ PIT,9:35 AM,17/09,Final,0.6433343659468359,-117.0,144.0,54.0,True,0011010111,live,0,0,0.0,0,0,0.23135708087684176,0.31168563767870927,0.32923995195736383,0.28502183016773947,0.2394633293217406,20,1,-0.02110142521101427,1.013,55.0,C,0.30842527582748247,3.958086603758456,0.41272745486456736,0.25583126328276956,20,5,0,0.2465753424657534,0.2676767676767677,0.5885599598595083,0.3206221776216759,0.09081786251881585,0.2675925925925926,0.215210355987055,0.25316455696202533,0.25210084033613445,0.304635761589404,160,0.20833333333333334,136,True,False,0.6473710216003902,-0.004036655653554266,3.927536231884058,4.2898550724637685,69,,,,,,,0.17149105594107844,20,3.95,1.31,111.2,10.0,4.0,135.0,33.0,0.0,0.0,0.0,24.0,SP,25.0,479.0,113.0,19.2,10.88,2.66,9.11,1.61,19.372560541654614,-0.010077223089693166,7,0.875,16.0,7,6,1,1,0.0,4.580359256865836,0.03634198516248704,0.2527881040892193,0.2702702702702703,0.06756756756756757,0.3738977072310406,0.3222160493827161,0.2645161290322581,4.443,0.3361851580353995
608369,Corey Seager,L,TEX,2,Sonny Gray,R,543243,822845,BOS @ TEX,5:05 PM,17/09,In Progress,0.6428494298465756,-163.0,186.0,62.0,False,1111001111,live,9,3,0.3333333333333333,1,2022,0.26999249143982407,0.3613417423846175,0.4018476930843377,0.35735464193625066,0.18853444461528832,20,1,-0.07050619834710745,0.964,63.4,C,0.2788671023965142,3.424394425013852,0.3980460635439703,0.2337720655854293,20,6,0,0.28125,0.21074380165289255,0.5773420479302832,0.3673202614379085,0.05533769063180828,0.23125884016973125,0.24109263657957244,0.25313807531380755,0.23578413618254257,0.25,254,0.19090909090909092,136,False,False,0.654032922276321,-0.011183492429745479,3.7555555555555555,4.333333333333333,90,,,,,,,0.0018385619322221658,20,2.76,1.17,156.2,17,5,140,42,0,0,0,27,SP,27,636,141,23.6,8.04,2.41,8.1,0.86,25.09935863727915,-0.001293874291020125,9,1.0,9.0,7,6,0,1,0.0,4.5278989106534295,0.06763424826920232,0.23542600896860988,0.22417153996101363,0.10331384015594541,0.4959718026183283,0.3252235649546828,0.23342175066312998,4.352,0.36331142410856865
545341,Randal Grichuk,R,CWS,4,Framber Valdez,L,664285,824548,DET @ CWS,4:40 PM,17/09,In Progress,0.6421648259030605,-170.0,178.0,63.0,False,0111111111,live,12,4,0.3333333333333333,1,2024,0.34973817053092876,0.4034729262476827,0.5892624581883095,0.44813746776012714,0.2634322393664485,20,1,0.1145227188312492,0.968,42.1,D,0.2648419429452583,1.694168145072129,0.4059441138298605,0.15040537200932597,20,6,0,0.3096446700507614,0.1951219512195122,0.48205326128907755,0.3350057892705519,0.1829409494403705,0.26832018038331457,0.2995169082125604,0.33858267716535434,0.2881028938906752,0.3103448275862069,121,0.27049180327868855,129,False,False,0.6225784115328025,0.019586414370257987,2.2884615384615383,2.4038461538461537,104,,,,,,,0.1031014522749191,20,4.01,1.36,163.2,10,10,121,60,0,0,0,29,SP,29,713,163,24.6,6.65,3.3,8.96,0.82,24.76130412437942,-0.03127911161734609,7,0.7,-10.0,7,7,0,0,-1.0,2.8694134661056707,0.04212028239107638,0.26838235294117646,0.23076923076923078,0.03496503496503497,0.4866504854368932,0.34184466019417475,0.25416666666666665,4.16,0.2971107162977034
575929,Willson Contreras,R,BOS,4,Tyler Alexander,L,641302,822845,BOS @ TEX,5:05 PM,17/09,In Progress,0.640815510565209,-163.0,178.0,62.0,True,0010100101,live,0,0,0.0,0,0,0.24270603980671054,0.2974965060286003,0.405433707729787,0.3131762851719251,0.23963423153348895,20,1,0.004262175788762423,0.964,80.1,A,0.2821461609620722,2.8687022630330405,0.2879731038555084,0.18056695396088301,20,2,0,0.2809917355371901,0.27672955974842767,0.5787037037037037,0.1814814814814815,0.23981481481481481,0.2665655032878098,0.28599801390268126,0.2637571157495256,0.2723404255319149,0.2878228782287823,323,0.2619047619047619,202,False,False,0.6369196852664549,0.0038958252987540964,3.484126984126984,4.166666666666667,126,,,,,,,0.060582749762731834,20,3.38,1.28,66.2,5,2,57,19,4,2,6,4,RP,68,284,66,4.2,7.7,2.57,8.91,0.4,4.535638414097945,-0.025693288342986897,9,1.0,13.0,7,5,0,1,0.0,4.234575441165555,0.12816498363913725,0.28028503562945367,0.252,0.102,0.4427118644067796,0.36619999999999997,0.24305555555555555,4.16,0.31986114635395
664761,Alec Bohm,R,PHI,5,Nolan Mclean,R,690997,823573,PHI @ NYM,4:15 PM,17/09,In Progress,0.6404292105204429,-163.0,178.0,62.0,True,0101101111,live,5,3,0.6,1,2025,0.32507993558764897,0.4156473424339967,0.5264339252263371,0.39354261614044167,0.1552113065720745,20,1,-0.03790172902217445,0.949,64.9,C,0.29480189022173753,2.25271643789754,0.36817000427445806,0.23925939764524828,20,6,0,0.27586206896551724,0.23796033994334279,0.6429090909090909,0.29418181818181816,0.06290909090909091,0.225625539257981,0.22592259225922592,0.2688821752265861,0.22960403933032156,0.25,330,0.25112107623318386,257,False,False,0.668747542030236,-0.028318331509793127,3.711267605633803,4.133802816901408,142,,,,,,,0.09607412790955316,20,3.24,1.18,166.2,11,9,184,66,0,0,0,29,SP,29,695,130,24.0,9.94,3.56,7.02,0.92,24.7701991883964,0.0016374561462237924,6,0.6,6.0,7,6,0,0,0.0,4.1969899696936075,0.15822696359216196,0.26339285714285715,0.1431451612903226,0.06854838709677419,0.4442970822281167,0.31944385499557915,0.16806722689075632,4.026,0.34453638771441286
596019,Francisco Lindor,L,NYM,1,Aaron Nola,R,605400,823573,PHI @ NYM,4:15 PM,17/09,In Progress,0.639169620633086,-163.0,186.0,62.0,False,0111110011,live,35,5,0.14285714285714285,1,2022,0.1924369197017814,0.26272885360685105,0.4572958901463504,0.2937720124068491,0.2847579794843099,20,1,0.007599202255690801,0.949,70.0,B,0.2976491862567812,3.0811704220558953,0.3998767574509628,0.24357806210336722,20,6,0,0.22522522522522523,0.23282442748091603,0.49963715529753266,0.3367198838896952,0.16364296081277213,0.21505376344086022,0.22423556058890148,0.20614035087719298,0.21545189504373177,0.2168141592920354,251,0.25170068027210885,165,False,False,0.6651271212272032,-0.025957500594117167,4.010752688172043,4.473118279569892,93,,,,,,,-0.11348240363591465,20,4.69,1.37,161.1,6,10,165,55,0,0,0,30,SP,30,690,166,23.0,9.2,3.07,9.26,1.9,23.693362224605213,-0.005069620633086025,10,1.0,4.0,7,6,0,0,0.0,4.82417581583288,0.07487784303172226,0.23617021276595745,0.18063314711359404,0.10800744878957169,0.47810545129579984,0.30629356568364613,0.2553763440860215,4.443,0.30991678754766966
547180,Bryce Harper,L,PHI,3,Nolan Mclean,R,690997,823573,PHI @ NYM,4:15 PM,17/09,In Progress,0.6389536045478215,-163.0,178.0,62.0,True,0011011101,live,9,1,0.1111111111111111,1,2025,0.26978974458424043,0.35949310815738694,0.40657782903422085,0.39947086382237806,0.2680308247700129,20,1,0.10140198211264201,0.949,64.9,C,0.29480189022173753,2.25271643789754,0.36817000427445806,0.23925939764524828,20,6,0,0.20812182741116753,0.30952380952380953,0.6429090909090909,0.29418181818181816,0.06290909090909091,0.26396440929312903,0.23682539682539683,0.3059299191374663,0.2613480055020633,0.2789317507418398,396,0.2602040816326531,248,False,False,0.6487057972182114,-0.009752192670389959,3.5533333333333332,4.293333333333333,150,,,,,,,0.09686277684870415,20,3.24,1.18,166.2,11,9,184,66,0,0,0,29,SP,29,695,130,24.0,9.94,3.56,7.02,0.92,24.7701991883964,-0.011453604547821405,6,0.6,6.0,7,6,0,0,0.0,4.2313330236302615,0.09058608350745818,0.27380952380952384,0.22330097087378642,0.1650485436893204,0.4595628415300546,0.3807344262295082,0.24390243902439024,4.251,0.34453638771441286
800325,Luis Lara,L,MIL,2,Wilber Dotel,R,696062.0,823334,MIL @ PIT,9:35 AM,17/09,Final,0.6352611804519043,-138.0,156.0,58.0,False,1100111011,live,0,0,0.0,0,0,0.257640084429928,0.32422557992095197,0.42882828445640775,0.34349338760683523,0.25237781637487106,20,1,0.0367042339323789,1.013,47.3,D,0.2857142857142857,3.422199128760502,0.41079047451211426,0.24816063651299,19,2,0,0.23880597014925373,0.2755102040816326,0.6984924623115578,0.22278056951423786,0.07872696817420435,0.23717948717948717,0.24731182795698925,0.1746031746031746,0.23222322232223222,0.23684210526315788,87,0.2808988764044944,98,True,True,0.6473710216003902,-0.0121098411484859,3.3,3.7,50,,,,,,,0.20090721771379483,20,4.66,1.39,36.2,1.0,5.0,37.0,15.0,0.0,1.0,1.0,2.0,RP,20.0,157.0,36.0,7.8,9.08,3.68,8.84,0.49,7.591647561890502,0.005216597325873429,9,0.8181818181818182,4.0,7,5,1,1,0.0,3.8928969468327987,0.03579542742727189,0.2692307692307692,0.22772277227722773,0.08415841584158416,0.4338235294117647,0.2971544117647059,0.19718309859154928,4.352,0.28962061882267587
683734,Andrew Vaughn,R,MIL,4,Wilber Dotel,R,696062.0,823334,MIL @ PIT,9:35 AM,17/09,Final,0.6336443398861205,-104.0,122.0,51.0,False,1111010111,live,0,0,0.0,0,0,0.38082079802728674,0.3821920210476533,0.4511606847108755,0.5276225853124527,0.19987801771466318,20,1,-0.05591615237284531,1.013,47.3,D,0.2857142857142857,3.422199128760502,0.41079047451211426,0.24816063651299,19,2,0,0.3464566929133858,0.2905405405405405,0.6984924623115578,0.22278056951423786,0.07872696817420435,0.3367088607594937,0.2914438502673797,0.31715210355987056,0.3210643015521064,0.30864197530864196,185,0.3274336283185841,134,False,True,0.6238882448319291,0.009756095054191394,2.75,3.19,100,,,,,,,0.32627033136508304,20,4.66,1.39,36.2,1.0,5.0,37.0,15.0,0.0,1.0,1.0,2.0,RP,20.0,157.0,36.0,7.8,9.08,3.68,8.84,0.49,7.591647561890502,-0.010677673219453787,9,0.8181818181818182,4.0,7,5,1,1,0.0,2.8625125342567683,0.06783148858702404,0.2988165680473373,0.1534526854219949,0.10485933503836317,0.43615107913669066,0.3095179856115108,0.3225806451612903,4.16,0.28962061882267587
668930,Brice Turang,L,MIL,1,Wilber Dotel,R,696062.0,823334,MIL @ PIT,9:35 AM,17/09,Final,0.633516654464287,-127.0,150.0,56.0,True,0101011101,live,0,0,0.0,0,0,0.33141127700428225,0.36954568053245346,0.3826351400654296,0.404732048931207,0.20288748358698996,20,1,0.05608089283665743,1.013,47.3,D,0.2857142857142857,3.422199128760502,0.41079047451211426,0.24816063651299,19,2,0,0.2236024844720497,0.2796833773087071,0.6984924623115578,0.22278056951423786,0.07872696817420435,0.2445632798573975,0.25920679886685555,0.26252983293556087,0.2505412320409368,0.2579710144927536,391,0.2717948717948718,250,False,True,0.6487057972182114,-0.015189142753924467,3.857142857142857,4.578571428571428,140,,,,,,,0.04697484951215406,20,4.66,1.39,36.2,1.0,5.0,37.0,15.0,0.0,1.0,1.0,2.0,RP,20.0,157.0,36.0,7.8,9.08,3.68,8.84,0.49,7.591647561890502,0.006227789980157494,9,0.8181818181818182,4.0,7,5,1,1,0.0,4.652454589658716,0.22143700410751116,0.2579957356076759,0.24770642201834864,0.11743119266055047,0.38922155688622756,0.3550119760479042,0.19718309859154928,4.443,0.28962061882267587
687401,Joey Ortiz,R,MIL,6,Wilber Dotel,R,696062.0,823334,MIL @ PIT,9:35 AM,17/09,Final,0.6282690062309436,-144.0,150.0,59.0,True,1101111111,live,0,0,0.0,0,0,0.33950067530977185,0.36648610581113317,0.39250576947892335,0.47598596314057123,0.24549707937620974,20,1,0.026461963084354,1.013,47.3,D,0.2857142857142857,3.422199128760502,0.41079047451211426,0.24816063651299,19,2,0,0.25161290322580643,0.27807486631016043,0.6984924623115578,0.22278056951423786,0.07872696817420435,0.2465078060805259,0.23248407643312102,0.23076923076923078,0.24175824175824176,0.2558139534883721,189,0.27647058823529413,194,False,True,0.6170992573023789,0.011169748928564704,3.081081081081081,3.4504504504504503,111,,,,,,,0.32630122600323974,20,4.66,1.39,36.2,1.0,5.0,37.0,15.0,0.0,1.0,1.0,2.0,RP,20.0,157.0,36.0,7.8,9.08,3.68,8.84,0.49,7.591647561890502,-0.010491228453165746,9,0.8181818181818182,4.0,7,5,1,1,0.0,3.7066395831648733,0.0243650743501063,0.25977653631284914,0.18271604938271604,0.08888888888888889,0.36208920187793425,0.2959471830985916,0.3225806451612903,3.896,0.28962061882267587
665833,Oneil Cruz,L,PIT,2,Kyle Harrison,L,690986.0,823334,MIL @ PIT,9:35 AM,17/09,Final,0.6275021850977364,122.0,-104.0,45.0,True,1011110101,live,0,0,0.0,0,0,0.3032443721590384,0.3744415782020194,0.41036878532939697,0.46847737405768464,0.3079945854133148,20,1,0.03817246835443039,1.013,55.0,C,0.30842527582748247,3.958086603758456,0.41272745486456736,0.25583126328276956,20,5,0,0.3037974683544304,0.265625,0.5885599598595083,0.3206221776216759,0.09081786251881585,0.23937677053824363,0.2665903890160183,0.22338204592901878,0.24603174603174602,0.27319587628865977,221,0.2765957446808511,163,False,False,0.6505716059927042,-0.023069420894967885,3.8505747126436782,4.413793103448276,87,,,,,,,0.08272694189414839,20,3.95,1.31,111.2,10.0,4.0,135.0,33.0,0.0,0.0,0.0,24.0,SP,25.0,479.0,113.0,19.2,10.88,2.66,9.11,1.61,19.372560541654614,0.01662638633083502,7,0.875,16.0,7,6,1,1,0.0,4.398831376687547,0.13926685200986072,0.24770642201834864,0.3353413654618474,0.10642570281124498,0.5539033457249071,0.37385749690210657,0.23622047244094488,4.352,0.3361851580353995
605137,Josh Bell,L,MIN,4,Walbert Ureña,R,700712,823978,MIN @ LAA,6:38 PM,17/09,Warmup,0.6263576657497852,-150.0,156.0,60.0,False,1000100101,live,0,0,0.0,0,0,0.22508967575313596,0.35165924016741057,0.46243542960990713,0.30534267639501567,0.19059014120100845,20,2,-0.0026915664252010196,0.979,63.0,C,0.2847222222222222,2.152582589288496,0.3891829089697067,0.22962621608979022,20,6,0,0.25609756097560976,0.25340599455040874,0.518308631211857,0.13862249346120314,0.34306887532693986,0.26207219878105953,0.23354958294717332,0.23529411764705882,0.247996228194248,0.2795031055900621,354,0.215311004784689,235,False,True,0.6500351402456942,-0.023677474495908957,3.6875,4.090277777777778,144,,,,,,,0.08075123612366218,20,2.88,1.24,137.1,9,10,131,67,0,0,0,25,SP,27,580,103,21.5,8.58,4.39,6.75,0.59,23.095731476835354,0.010659000916881434,6,0.6666666666666666,-1.0,7,6,0,0,-2.0,4.193870683193748,0.07284433049685483,0.251685393258427,0.20121951219512196,0.07723577235772358,0.41377649325626203,0.3244190751445087,0.22302158273381295,4.16,0.33521324829699956
686681,Michael Massey,L,KC,5,Miguel Ullola,R,699044,824141,KC @ HOU,4:15 PM,17/09,In Progress,0.6260190708643124,-150.0,178.0,60.0,False,1101111101,live,0,0,0.0,0,0,0.33127903131667163,0.3878937758200869,0.38091115305899026,0.3843499298148284,0.1315344143598625,20,1,0.0698859825620389,0.998,97.4,A,0.31092436974789917,11.420079812695109,0.3192287254136534,0.30358337998234464,6,6,0,0.22535211267605634,0.29523809523809524,0.7394957983193278,0.24369747899159663,0.01680672268907563,0.2810126582278481,0.28798842257597684,0.23690205011389523,0.27671333824613115,0.2703862660944206,247,0.3006535947712418,167,False,True,0.6598801255147886,-0.033861054650476174,3.2436974789915967,3.4789915966386555,119,,,,,,,0.2817224237384082,20,3.38,0.75,8.0,0,0,10,1,0,0,0,1,RP,6,30,5,5.0,11.25,1.13,5.63,2.25,4.7976747149843595,0.018566643421401907,7,1.0,1.0,7,5,0,1,0.0,3.9025693101771863,0.054251985316352246,0.2879177377892031,0.1606714628297362,0.050359712230215826,0.4126811594202898,0.31394099378881984,0.13333333333333333,4.026,0.29253442652767275
703601,Max Clark,L,DET,7,Erick Fedde,R,607200,824548,DET @ CWS,4:40 PM,17/09,In Progress,0.6260190708643124,-150.0,163.0,60.0,False,0101111111,live,0,0,0.0,0,0,0.33002090581227866,0.3387880771968246,0.41791511256301517,0.43938798060931605,0.20278255969034695,20,1,-0.09090909090909088,0.968,58.0,C,0.25429704715733803,2.50769660587565,0.38430581662039887,0.1622383618206111,20,7,0,0.3409090909090909,0.25,0.5057522123893805,0.3769911504424779,0.1172566371681416,0.25121555915721233,0.32386363636363635,0.2222222222222222,0.26153846153846155,0.2608695652173913,79,0.2911392405063291,88,True,False,0.6091689070783435,0.01685016378596893,3.5238095238095237,3.9761904761904763,42,,,,,,,0.09801733096990387,20,3.97,1.34,133.2,8,9,91,48,0,0,0,14,RP,31,572,131,18.5,6.13,3.23,8.82,1.55,16.635141021911377,-0.023902404197645777,6,0.75,1.0,7,6,0,0,-1.0,4.03664618447145,0.0907817244293901,0.27205882352941174,0.21153846153846154,0.08974358974358974,0.4174757281553398,0.35467961165048545,0.2454212454212454,3.76,0.2938641963276657
607043,Brandon Nimmo,L,TEX,4,Sonny Gray,R,543243,822845,BOS @ TEX,5:05 PM,17/09,In Progress,0.6260045584051525,-170.0,178.0,63.0,False,0101001111,live,11,4,0.36363636363636365,1,2024,0.26247270346141394,0.29386648177442015,0.5174284331488067,0.3540252971031341,0.28080120202270237,20,1,-0.07801282051282055,0.964,63.4,C,0.2788671023965142,3.424394425013852,0.3980460635439703,0.2337720655854293,20,6,0,0.32051282051282054,0.2425,0.5773420479302832,0.3673202614379085,0.05533769063180828,0.25544624033731556,0.2465437788018433,0.20067453625632378,0.2463188893563315,0.27323943661971833,393,0.24875621890547264,222,False,False,0.6448099719194573,-0.01880541351430487,3.8344827586206898,4.241379310344827,145,,,,,,,-0.003469064282030266,20,2.76,1.17,156.2,17,5,140,42,0,0,0,27,SP,27,636,141,23.6,8.04,2.41,8.1,0.86,25.09935863727915,0.0015176638170698586,9,1.0,9.0,7,6,0,1,0.0,4.253701303758427,0.06751367505642461,0.25442477876106195,0.21956087824351297,0.07584830339321358,0.5238791423001949,0.3591666666666667,0.23342175066312998,4.16,0.36331142410856865
662139,Daulton Varsho,L,HOU,6,Seth Lugo,R,607625,824141,KC @ HOU,4:15 PM,17/09,In Progress,0.6258404022328006,-150.0,163.0,60.0,True,1011010001,live,0,0,0.0,0,0,0.15141413288907024,0.2524713712075443,0.328847799392609,0.1901789304540751,0.17269769979628033,20,1,0.05043125317097921,0.998,38.9,D,0.2648469199557359,2.328071165022687,0.4287896549665621,0.16376301593443188,20,6,0,0.18518518518518517,0.2356164383561644,0.5158671586715867,0.3922509225092251,0.0918819188191882,0.23557463042441584,0.22404371584699453,0.18660287081339713,0.22676991150442477,0.2332155477031802,309,0.21052631578947367,207,False,False,0.5981595249738842,0.027680877258916325,3.6384615384615384,3.9692307692307693,130,,,,,,,-0.1181732735696919,20,4.99,1.45,164.0,7,8,126,53,0,0,0,30,SP,30,709,185,23.6,6.91,2.91,10.15,1.04,23.17330985031129,-0.015595957788356096,9,0.9,42.0,7,6,0,1,0.0,3.8172668571278145,0.03537311713474658,0.23006833712984054,0.20668058455114824,0.07306889352818371,0.37941176470588234,0.2958588235294118,0.30423940149625933,3.896,0.3188652429763525
804668,Rafael Flores,R,PIT,4,Kyle Harrison,L,690986.0,823334,MIL @ PIT,9:35 AM,17/09,Final,0.6244476801893021,127.0,-100.0,44.0,False,1111111111,live,0,0,0.0,0,0,0.34161777686793654,0.33569910294447997,0.4564859179831671,0.4186944489744979,0.2422924684662227,20,1,-0.09538866930171278,1.013,55.0,C,0.30842527582748247,3.958086603758456,0.41272745486456736,0.25583126328276956,20,5,0,0.2318840579710145,0.32727272727272727,0.5885599598595083,0.3206221776216759,0.09081786251881585,0.23640167364016737,0.20408163265306123,0.23478260869565218,0.22722159730033745,0.20588235294117646,73,0.35714285714285715,62,False,False,0.6082601761852202,0.016187504004081865,3.263157894736842,3.5526315789473686,38,,,,,,,0.2752158117245186,20,3.95,1.31,111.2,10.0,4.0,135.0,33.0,0.0,0.0,0.0,24.0,SP,25.0,479.0,113.0,19.2,10.88,2.66,9.11,1.61,19.372560541654614,-0.013090537332159258,7,0.875,16.0,7,6,1,1,0.0,3.7342383383126987,0.016501360581803157,0.22794117647058823,0.29333333333333333,0.08666666666666667,0.5,0.34117391304347827,0.2645161290322581,4.16,0.3361851580353995
701807,Carson Benge,L,NYM,4,Aaron Nola,R,605400,823573,PHI @ NYM,4:15 PM,17/09,In Progress,0.6238882448319291,-170.0,186.0,63.0,True,1100110110,live,6,2,0.3333333333333333,1,2026,0.19830729313357418,0.3462296448707376,0.2747299995437519,0.2849635562923592,0.25332883808133594,20,1,-0.03346281812322538,0.949,70.0,B,0.2976491862567812,3.0811704220558953,0.3998767574509628,0.24357806210336722,20,6,0,0.2949640287769784,0.26150121065375304,0.49963715529753266,0.3367198838896952,0.16364296081277213,0.24885844748858446,0.25,0.2698412698412698,0.2525319242624395,0.2554517133956386,352,0.29004329004329005,252,True,False,0.6395007072577563,-0.015612462425827256,3.8333333333333335,4.194444444444445,144,,,,,,,0.011342578447218152,20,4.69,1.37,161.1,6,10,165,55,0,0,0,30,SP,30,690,166,23.0,9.2,3.07,9.26,1.9,23.693362224605213,-0.009808244831929103,10,1.0,4.0,7,6,0,0,0.0,4.501114226914175,0.08696535693199434,0.2899786780383795,0.21553398058252426,0.07184466019417475,0.3812849162011173,0.3740637802607076,0.2553763440860215,4.16,0.30991678754766966
676724,Jared Young,L,NYM,5,Aaron Nola,R,605400,823573,PHI @ NYM,4:15 PM,17/09,In Progress,0.6237096621226473,-144.0,163.0,59.0,False,1011010011,live,7,1,0.14285714285714285,1,2023,0.20700058406915217,0.33684138106455597,0.47869829145450493,0.23002743060956563,0.14991092033511128,20,1,0.04449130205587773,0.949,70.0,B,0.2976491862567812,3.0811704220558953,0.3998767574509628,0.24357806210336722,20,6,0,0.22857142857142856,0.2730627306273063,0.49963715529753266,0.3367198838896952,0.16364296081277213,0.256198347107438,0.24489795918367346,0.24,0.25,0.2958579881656805,183,0.23357664233576642,158,False,False,0.6383952912390763,-0.014685629116429011,3.090909090909091,3.4444444444444446,99,,,,,,,0.14393145700543894,20,4.69,1.37,161.1,6,10,165,55,0,0,0,30,SP,30,690,166,23.0,9.2,3.07,9.26,1.9,23.693362224605213,-0.011949662122647253,10,1.0,4.0,7,6,0,0,0.0,3.8579154814344667,0.12013419235914691,0.2556818181818182,0.211340206185567,0.06443298969072164,0.45037037037037037,0.30162962962962964,0.2553763440860215,4.026,0.30991678754766966
607208,Trea Turner,R,PHI,2,Nolan Mclean,R,690997,823573,PHI @ NYM,4:15 PM,17/09,In Progress,0.6221929204360354,-186.0,194.0,65.0,False,1111001110,live,6,1,0.16666666666666666,1,2025,0.2222526214194444,0.23659867883579744,0.2632900654808022,0.26969059362426984,0.18450200200985192,20,1,-0.010133365086925444,0.949,64.9,C,0.29480189022173753,2.25271643789754,0.36817000427445806,0.23925939764524828,20,6,0,0.24434389140271492,0.23421052631578948,0.6429090909090909,0.29418181818181816,0.06290909090909091,0.22828130876269273,0.2225859247135843,0.25083056478405313,0.22849304330785813,0.24064171122994651,402,0.23348017621145375,248,False,False,0.6473710216003902,-0.025178101164354816,4.116438356164384,4.4520547945205475,146,,,,,,,0.17936818002519586,20,3.24,1.18,166.2,11,9,184,66,0,0,0,29,SP,29,695,130,24.0,9.94,3.56,7.02,0.92,24.7701991883964,0.010457079563964689,6,0.6,6.0,7,6,0,0,0.0,4.4150791134505925,0.06309771656054058,0.2404040404040404,0.21910112359550563,0.05805243445692884,0.4052028218694885,0.3144259259259259,0.16806722689075632,4.352,0.34453638771441286
682877,Juan Brito,L,CIN,5,Justin Wrobleski,L,680736.0,824464,LAD @ CIN,9:40 AM,17/09,Final,0.6153016654173739,-122.0,163.0,55.0,False,0101011111,live,0,0,0.0,0,0,0.3159855721555719,0.30665946588541787,0.378499144965974,0.3849942151652108,0.22748993769705564,20,1,0.15569917743830788,1.083,54.4,C,0.27535521803037727,4.207329739339548,0.425863943022241,0.23574139134993582,20,5,0,0.35135135135135137,0.1956521739130435,0.5845624385447394,0.36283185840707965,0.05260570304818092,0.22697368421052633,0.2462686567164179,0.27586206896551724,0.24187725631768953,0.2127659574468085,49,0.3333333333333333,42,True,False,0.6001690998229695,0.015132565594404346,3.32,3.64,25,,,,,,,0.19161040194534965,20,3.77,1.15,133.2,11.0,5.0,111.0,31.0,0.0,0.0,0.0,22.0,SP,25.0,553.0,123.0,22.1,7.47,2.09,8.28,1.41,21.37412330614346,-0.0009016654173739092,7,0.875,-12.0,7,6,1,1,0.0,3.5261101480068553,0.0420590203771537,0.2441860465116279,0.2553191489361702,0.06382978723404255,0.3064516129032258,0.2665967741935484,0.2426470588235294,4.026,0.3311597163366872
668939,Adley Rutschman,L,BOS,5,Tyler Alexander,L,641302,822845,BOS @ TEX,5:05 PM,17/09,In Progress,0.6139535670684558,-178.0,186.0,64.0,False,0101101100,live,8,4,0.5,1,2022,0.17687948653904098,0.23719629723691552,0.28150057176799154,0.20192717342203767,0.16126204408299927,20,1,0.06398348813209498,0.964,80.1,A,0.2821461609620722,2.8687022630330405,0.2879731038555084,0.18056695396088301,20,2,0,0.27450980392156865,0.21052631578947367,0.5787037037037037,0.1814814814814815,0.23981481481481481,0.2522639068564036,0.233502538071066,0.24091778202676864,0.2458041958041958,0.24352331606217617,226,0.2116788321167883,149,False,False,0.6139535670684558,0.0,3.6666666666666665,4.166666666666667,90,,,,,,,-0.14865913523043653,20,3.38,1.28,66.2,5,2,57,19,4,2,6,4,RP,68,284,66,4.2,7.7,2.57,8.91,0.4,4.535638414097945,-0.013209122624011416,9,1.0,13.0,7,5,0,1,0.0,3.8970109963036985,0.0452706672575675,0.23556581986143188,0.15682281059063136,0.09979633401221996,0.3958333333333333,0.28979213483146066,0.2818181818181818,4.026,0.31986114635395
687263,Zach Neto,R,LAA,1,Taj Bradley,R,671737,823978,MIN @ LAA,6:38 PM,17/09,Warmup,0.613797853049456,-150.0,163.0,60.0,False,1011001101,live,9,1,0.1111111111111111,1,2023,0.2964917799352625,0.3790507661541466,0.38421152435892963,0.40575673275663754,0.275502635731122,20,2,-0.017498741342477336,0.979,50.0,C,0.2875536480686695,2.4627611059390118,0.46312223429939153,0.28210715523201957,20,7,0,0.25668449197860965,0.23918575063613232,0.7112701252236135,0.089087656529517,0.1996422182468694,0.25010300782859496,0.23745277927684835,0.24704618689581095,0.24559386973180078,0.24866310160427807,415,0.23786407766990292,237,False,False,0.6417306703140189,-0.02793281726456287,3.9726027397260273,4.465753424657534,146,,,,,,,0.07188485839853222,20,3.81,1.25,165.1,11,6,190,72,0,0,0,29,SP,29,697,134,24.0,10.34,3.92,7.29,1.25,24.015730045300497,0.033702146950543965,1,0.125,-1.0,5,6,0,0,0.0,4.472349982303714,0.07517256257544065,0.2390852390852391,0.3107344632768362,0.07156308851224105,0.40611814345991565,0.325370253164557,0.23529411764705882,4.443,0.32494700269540316
672580,Maikel García,R,KC,4,Miguel Ullola,R,699044,824141,KC @ HOU,4:15 PM,17/09,In Progress,0.6135445922708923,-178.0,186.0,64.0,False,1100111110,live,0,0,0.0,0,0,0.29808465786975324,0.3564737716611862,0.39384496749792564,0.3429316318739867,0.1553939012802957,20,2,-0.03233082706766921,0.998,97.4,A,0.31092436974789917,11.420079812695109,0.3192287254136534,0.30358337998234464,6,6,0,0.2894736842105263,0.2571428571428571,0.7394957983193278,0.24369747899159663,0.01680672268907563,0.2472703917790623,0.25391849529780564,0.2786885245901639,0.25126050420168067,0.29775280898876405,193,0.21296296296296297,120,False,True,0.6421648259030605,-0.028620233632168146,3.864864864864865,4.22972972972973,74,,,,,,,0.08338169871614796,20,3.38,0.75,8.0,0,0,10,1,0,0,0,1,RP,6,30,5,5.0,11.25,1.13,5.63,2.25,4.7976747149843595,0.01609826487196475,7,1.0,1.0,7,5,0,1,0.0,3.7883120240224413,0.09700295854801447,0.2549889135254989,0.142,0.092,0.4412280701754386,0.3130184210526316,0.21428571428571427,4.16,0.29253442652767275
808959,Munetaka Murakami,L,CWS,5,Framber Valdez,L,664285,824548,DET @ CWS,4:40 PM,17/09,In Progress,0.6131818610078313,-117.0,127.0,54.0,True,1010010000,live,0,0,0.0,0,0,0.07727953892520462,0.215358408841384,0.3932581431315776,0.24132364565272563,0.4288613078628057,20,1,-0.04717010582836448,0.968,42.1,D,0.2648419429452583,1.694168145072129,0.4059441138298605,0.15040537200932597,20,6,0,0.1650485436893204,0.21221864951768488,0.48205326128907755,0.3350057892705519,0.1829409494403705,0.21032186459489458,0.16666666666666666,0.19508196721311474,0.1914449660928534,0.19672131147540983,295,0.20588235294117646,209,True,False,0.5759627183450787,0.03721914266275261,3.5689655172413794,4.344827586206897,116,,,,,,,-0.2998171351283517,20,4.01,1.36,163.2,10,10,121,60,0,0,0,29,SP,29,713,163,24.6,6.65,3.3,8.96,0.82,24.76130412437942,-0.04692471815068844,7,0.7,-10.0,7,7,0,0,-1.0,4.065647877194282,0.1631370459305348,0.20665083135391923,0.3431372549019608,0.15098039215686274,0.5684281842818428,0.3360792682926829,0.2679738562091503,4.026,0.2971107162977034
500743,Miguel Rojas,R,LAD,9,Brady Singer,R,663903.0,824464,LAD @ CIN,9:40 AM,17/09,Final,0.612019149815339,-150.0,178.0,60.0,True,0000110100,live,0,0,0.0,0,0,0.20571253969753936,0.20967322810654368,0.1557167523816288,0.22626328288516248,0.09710345400761428,20,1,-0.08395061728395059,1.083,36.0,D,0.2833900870223231,1.9374893530254913,0.4434118492163263,0.19075206517008966,20,5,0,0.2839506172839506,0.2,0.5923542770628312,0.40764572293716883,0.0,0.2460202604920405,0.2547945205479452,0.2794759825327511,0.2534883720930233,0.27927927927927926,123,0.25274725274725274,104,False,False,0.569487037305816,0.042532112509523046,2.1956521739130435,2.467391304347826,92,,,,,,,-0.13619216145116242,20,5.46,1.52,151.2,6.0,14.0,125.0,57.0,0.0,0.0,0.0,30.0,SP,30.0,690.0,174.0,23.0,7.42,3.38,10.33,1.84,24.888994617410862,-0.014099149815338996,5,0.625,-2.0,7,6,1,1,0.0,2.154761964456851,0.05721815847651113,0.27986348122866894,0.11692307692307692,0.055384615384615386,0.361437908496732,0.2954470588235294,0.24413145539906103,3.443,0.3515700342693383
663886,Tyler Stephenson,R,CIN,4,Justin Wrobleski,L,680736.0,824464,LAD @ CIN,9:40 AM,17/09,Final,0.6085126778878237,-156.0,212.0,61.0,True,1011011001,live,0,0,0.0,0,0,0.28727798090765466,0.3014167530091305,0.4121719360185268,0.37484624574870745,0.20710737333047594,20,1,-0.007679265981848982,1.083,54.4,C,0.27535521803037727,4.207329739339548,0.425863943022241,0.23574139134993582,20,5,0,0.24324324324324326,0.25092250922509224,0.5845624385447394,0.36283185840707965,0.05260570304818092,0.24116424116424118,0.23875802997858672,0.1967654986522911,0.23401162790697674,0.22596153846153846,237,0.27586206896551724,200,False,False,0.5856936027812997,0.022819075106524034,3.2100840336134455,3.672268907563025,119,,,,,,,0.06956415383987731,20,3.77,1.15,133.2,11.0,5.0,111.0,31.0,0.0,0.0,0.0,22.0,SP,25.0,553.0,123.0,22.1,7.47,2.09,8.28,1.41,21.37412330614346,-0.006526963602109359,7,0.875,-12.0,7,6,1,1,0.0,3.5173441364262086,0.08831718014633609,0.24739583333333334,0.2762557077625571,0.10273972602739725,0.45754119138149557,0.3408802281368821,0.2393617021276596,4.16,0.3311597163366872
669392,Samad Taylor,R,SD,9,Tanner Gordon,R,685299.0,824305,SD @ COL,12:10 PM,17/09,Final,0.6070112232351441,-186.0,194.0,65.0,True,0000111101,live,0,0,0.0,0,0,0.2808282780714002,0.32893017859301404,0.26312139970388604,0.36469700170230857,0.21852305947870843,20,1,0.017557651991614243,1.148,56.7,C,0.269433465085639,5.380734028703519,0.428141300164275,0.19216893796863724,20,5,0,0.3018867924528302,0.3194444444444444,0.47483443708609274,0.3066225165562914,0.2185430463576159,0.31543624161073824,0.23674911660777384,0.2903225806451613,0.28955223880597014,0.26666666666666666,83,0.38,60,False,False,0.5283547639042001,0.078656459330944,3.289473684210526,3.763157894736842,38,,,,,,,0.09345056009847066,20,5.55,1.48,97.1,1.0,4.0,81.0,18.0,0.0,0.0,0.0,10.0,RP,22.0,428.0,126.0,19.5,7.49,1.66,11.65,1.66,20.277060119225712,-0.03506836609228703,7,0.7777777777777778,3.0,7,6,1,1,0.0,3.328990547765151,0.043293765452690626,0.2669902912621359,0.27310924369747897,0.10504201680672269,0.24172576832151302,0.3076595744680851,0.32142857142857145,3.443,0.3713732925664564
521692,Salvador Pérez,R,KC,6,Miguel Ullola,R,699044,824141,KC @ HOU,4:15 PM,17/09,In Progress,0.6069765380385173,-156.0,163.0,61.0,False,1111011010,live,0,0,0.0,0,0,0.31624348769298766,0.35137849855120395,0.4278542943116523,0.34697123814164715,0.11975967238339699,20,1,-0.01736411736411736,0.998,97.4,A,0.31092436974789917,11.420079812695109,0.3192287254136534,0.30358337998234464,6,6,0,0.24074074074074073,0.22337662337662337,0.7394957983193278,0.24369747899159663,0.01680672268907563,0.2222774738935853,0.19411396368190356,0.26382978723404255,0.2156142927068037,0.22522522522522523,359,0.2336448598130841,236,False,True,0.6351199458587419,-0.02814340782022462,3.852112676056338,4.190140845070423,142,,,,,,,0.10026080156983638,20,3.38,0.75,8.0,0,0,10,1,0,0,0,1,RP,6,30,5,5.0,11.25,1.13,5.63,2.25,4.7976747149843595,0.018594890532911412,7,1.0,1.0,7,5,0,1,0.0,4.076116299685982,0.030639805874845705,0.24034334763948498,0.18700787401574803,0.03346456692913386,0.4275381850853549,0.31986522911051213,0.21428571428571427,3.896,0.29253442652767275
664040,Brandon Lowe,L,PIT,5,Kyle Harrison,L,690986.0,823334,MIL @ PIT,9:35 AM,17/09,Final,0.605606345120454,-122.0,156.0,55.0,True,1011101111,live,5,1,0.2,1,2025,0.3180835267440716,0.3528541278163932,0.4168804159813931,0.4890708685415136,0.3028309858098387,20,1,-0.06811380081069818,1.013,55.0,C,0.30842527582748247,3.958086603758456,0.41272745486456736,0.25583126328276956,20,5,0,0.20634920634920634,0.2744630071599045,0.5885599598595083,0.3206221776216759,0.09081786251881585,0.25092764378478666,0.22727272727272727,0.2924137931034483,0.25112107623318386,0.2586750788643533,360,0.25877192982456143,253,False,False,0.6152479925411681,-0.009641647420714161,3.892857142857143,4.378571428571429,140,,,,,,,0.20855487947069265,20,3.95,1.31,111.2,10.0,4.0,135.0,33.0,0.0,0.0,0.0,24.0,SP,25.0,479.0,113.0,19.2,10.88,2.66,9.11,1.61,19.372560541654614,0.01210794059383169,7,0.875,16.0,7,6,1,1,0.0,4.049036881382504,0.10647282731646399,0.2537313432835821,0.29961832061068705,0.08587786259541985,0.4513888888888889,0.34967628205128204,0.23622047244094488,4.026,0.3361851580353995
596115,Trevor Story,R,BOS,6,Tyler Alexander,L,641302,822845,BOS @ TEX,5:05 PM,17/09,In Progress,0.6050112259985784,-156.0,163.0,61.0,True,1101111111,live,0,0,0.0,0,0,0.31675554014609103,0.329844793144957,0.28489624289817556,0.5061277198701588,0.31598120050839323,20,1,-0.01014349332013853,0.964,80.1,A,0.2821461609620722,2.8687022630330405,0.2879731038555084,0.18056695396088301,20,2,0,0.23404255319148937,0.2441860465116279,0.5787037037037037,0.1814814814814815,0.23981481481481481,0.20783460282916214,0.23243243243243245,0.18181818181818182,0.2134969325153374,0.1984732824427481,138,0.3068181818181818,93,False,False,0.599641936887067,0.005369289111511355,3.981818181818182,4.2,55,,,,,,,0.04737484125465702,20,3.38,1.28,66.2,5,2,57,19,4,2,6,4,RP,68,284,66,4.2,7.7,2.57,8.91,0.4,4.535638414097945,-0.015500114887467276,9,1.0,13.0,7,5,0,1,0.0,3.9300266034147793,0.0066551041800367305,0.267223382045929,0.2823529411764706,0.043137254901960784,0.4246766169154229,0.33281641791044775,0.24305555555555555,3.896,0.31986114635395
656941,Kyle Schwarber,L,PHI,1,Nolan Mclean,R,690997,823573,PHI @ NYM,4:15 PM,17/09,In Progress,0.6040154400495356,-144.0,150.0,59.0,False,1111000110,live,7,0,0.0,1,2025,0.1982589936582124,0.3109213938596693,0.3737153334042208,0.237510595001669,0.27710219797743885,20,1,2.9455081001494854e-05,0.949,64.9,C,0.29480189022173753,2.25271643789754,0.36817000427445806,0.23925939764524828,20,6,0,0.23711340206185566,0.23714285714285716,0.6429090909090909,0.29418181818181816,0.06290909090909091,0.23941299790356393,0.21439668565510098,0.17688022284122562,0.2206896551724138,0.23893805309734514,395,0.23414634146341465,257,False,False,0.624119778809777,-0.020104338760241425,3.7517241379310344,4.496551724137931,145,,,,,,,-0.1293540791935768,20,3.24,1.18,166.2,11,9,184,66,0,0,0,29,SP,29,695,130,24.0,9.94,3.56,7.02,0.92,24.7701991883964,0.0016678932837977944,6,0.6,6.0,7,6,0,0,0.0,4.54361012339267,0.12770761335656347,0.24008810572687225,0.32653061224489793,0.12987012987012986,0.486810551558753,0.39133992805755397,0.24390243902439024,4.443,0.34453638771441286
805999,A. J. Ewing,L,NYM,6,Aaron Nola,R,605400,823573,PHI @ NYM,4:15 PM,17/09,In Progress,0.6030016511494932,-150.0,178.0,60.0,False,1111100111,live,6,2,0.3333333333333333,1,2026,0.33676072171393057,0.37689678322328873,0.37146484922689604,0.3920955550421001,0.186011524358653,20,1,-0.02223719676549868,0.949,70.0,B,0.2976491862567812,3.0811704220558953,0.3998767574509628,0.24357806210336722,20,6,0,0.27380952380952384,0.25157232704402516,0.49963715529753266,0.3367198838896952,0.16364296081277213,0.22146822948797038,0.22732491389207807,0.2517985611510791,0.22877745001638808,0.2719298245614035,250,0.23563218390804597,205,True,False,0.6208930151578155,-0.017891364008322252,3.6545454545454548,4.136363636363637,110,,,,,,,0.2354818290542454,20,4.69,1.37,161.1,6,10,165,55,0,0,0,30,SP,30,690,166,23.0,9.2,3.07,9.26,1.9,23.693362224605213,-0.009071651149493154,10,1.0,4.0,7,6,0,0,0.0,4.187682857542754,0.07682192660145205,0.2519280205655527,0.2545454545454545,0.09090909090909091,0.42839951865222625,0.3692888086642599,0.2553763440860215,3.896,0.30991678754766966
671732,Lawrence Butler,L,ATH,3,Drew Rasmussen,R,656876.0,822924,ATH @ TB,10:10 AM,17/09,Final,0.6030016511494932,,,,True,1000010101,live,6,2,0.3333333333333333,1,2024,0.2185394122230857,0.3398482075368906,0.4035678317949622,0.3531045272744386,0.3264352585288808,20,1,0.0036045982983698155,0.96,79.0,B,0.2907801418439716,6.159824061086844,0.36355366551844104,0.24977167041288706,20,6,0,0.2247191011235955,0.22832369942196531,0.8035043804755945,0.06299541093032958,0.13350020859407594,0.19514661274014156,0.1881656804733728,0.22370617696160267,0.19912917271407837,0.22033898305084745,267,0.23618090452261306,231,False,False,0.6235588191974203,-0.020557168047927066,3.129496402877698,3.58273381294964,139,,,,,,,-0.012580375526607651,20,2.81,0.92,160.1,14.0,5.0,160.0,27.0,0.0,0.0,0.0,28.0,SP,28.0,625.0,120.0,22.3,8.98,1.52,6.74,0.79,23.04048307650259,0.01642334885050678,8,0.8,-10.0,7,5,1,1,0.0,4.233436442037378,0.05669262963506712,0.23450134770889489,0.25934579439252337,0.11682242990654206,0.45,0.3443365384615385,0.21148036253776434,4.251,0.2607145584442107
800543,Josue De Paula,L,LAD,6,Brady Singer,R,663903.0,824464,LAD @ CIN,9:40 AM,17/09,Final,0.6012445780030116,108.0,133.0,48.0,True,001000,live,0,0,0.0,0,0,0.19895066074449586,0.247169306415756,0.6394214206855596,0.19895066074449586,0.07376565403879627,6,1,0.0,1.083,36.0,D,0.2833900870223231,1.9374893530254913,0.4434118492163263,0.19075206517008966,20,5,0,,0.16666666666666666,0.5923542770628312,0.40764572293716883,0.0,0.1694915254237288,0.0,0.16666666666666666,0.11304347826086956,0.1111111111111111,13,0.2,7,True,False,0.5534269890824809,0.047817588920530674,2.3333333333333335,3.3333333333333335,6,,,,,,,-0.39542291798516543,6,5.46,1.52,151.2,6.0,14.0,125.0,57.0,0.0,0.0,0.0,30.0,SP,30.0,690.0,174.0,23.0,7.42,3.38,10.33,1.84,24.888994617410862,-0.03136457800301151,5,0.625,-2.0,7,6,1,1,0.0,3.2585248972469163,0.4172849872900588,,,,,,0.3037974683544304,3.896,0.3515700342693383
702332,Caleb Durbin,R,BOS,8,Tyler Alexander,L,641302,822845,BOS @ TEX,5:05 PM,17/09,In Progress,0.5990227183552259,-138.0,150.0,58.0,False,0010111110,live,0,0,0.0,0,0,0.2465512533184473,0.3299540783768514,0.29173575248275146,0.2860150469927839,0.1543328580457844,20,1,-0.01257062146892654,0.964,80.1,A,0.2821461609620722,2.8687022630330405,0.2879731038555084,0.18056695396088301,20,2,0,0.24166666666666667,0.2542372881355932,0.5787037037037037,0.1814814814814815,0.23981481481481481,0.2372611464968153,0.2491349480968858,0.24624624624624625,0.2425614489003881,0.26865671641791045,311,0.22815533980582525,238,False,False,0.607609297769781,-0.008586579414555096,3.3617021276595747,3.893617021276596,141,,,,,,,0.002111440121873436,20,3.38,1.28,66.2,5,2,57,19,4,2,6,4,RP,68,284,66,4.2,7.7,2.57,8.91,0.4,4.535638414097945,-0.005833829466336926,9,1.0,13.0,7,5,0,1,0.0,3.859890908700077,0.15902793527202,0.26535626535626533,0.13859275053304904,0.08102345415778252,0.24785575048732944,0.2814775828460039,0.24305555555555555,3.598,0.31986114635395
685133,Wade Meckler,L,LAA,3,Taj Bradley,R,671737,823978,MIN @ LAA,6:38 PM,17/09,Warmup,0.5970037334390813,-144.0,150.0,59.0,False,1110010110,live,0,0,0.0,0,0,0.27100843643344535,0.313773915626807,0.4319426465716057,0.30447399763864286,0.11648967588718329,20,2,0.06837606837606836,0.979,50.0,C,0.2875536480686695,2.4627611059390118,0.46312223429939153,0.28210715523201957,20,7,0,0.23076923076923078,0.29914529914529914,0.7112701252236135,0.089087656529517,0.1996422182468694,0.3105835806132542,0.29366602687140114,0.3031026252983294,0.3044592516658124,0.3392857142857143,187,0.20652173913043478,107,False,False,0.6260190708643124,-0.029015337425231102,3.0952380952380953,3.5,84,,,,,,,0.07303514394248578,20,3.81,1.25,165.1,11,6,190,72,0,0,0,29,SP,29,697,134,24.0,10.34,3.92,7.29,1.25,24.015730045300497,0.03049626656091864,1,0.125,-1.0,5,6,0,0,0.0,3.726060951884526,0.11721268121467121,0.2777777777777778,0.22950819672131148,0.09836065573770492,0.32083333333333336,0.31661249999999996,0.20385674931129477,4.251,0.32494700269540316
545361,Mike Trout,R,LAA,2,Taj Bradley,R,671737,823978,MIN @ LAA,6:38 PM,17/09,Warmup,0.594691324543351,-144.0,150.0,59.0,False,1111101100,live,5,3,0.6,1,2025,0.23050030285998566,0.4366913587136636,0.43232834368264206,0.4200335725644287,0.2996756235477645,20,2,-0.024108623548922042,0.979,50.0,C,0.2875536480686695,2.4627611059390118,0.46312223429939153,0.28210715523201957,20,7,0,0.2569444444444444,0.23283582089552238,0.7112701252236135,0.089087656529517,0.1996422182468694,0.2505330490405117,0.23885918003565063,0.279467680608365,0.25033348154735435,0.266025641025641,369,0.19161676646706588,220,False,False,0.6296208291655329,-0.034929504622181806,3.628787878787879,4.462121212121212,132,,,,,,,-0.022822552920474696,20,3.81,1.25,165.1,11,6,190,72,0,0,0,29,SP,29,697,134,24.0,10.34,3.92,7.29,1.25,24.015730045300497,0.04430867545664896,1,0.125,-1.0,5,6,0,0,0.0,4.374560288248451,0.16349507754173126,0.24489795918367346,0.2630597014925373,0.13246268656716417,0.4533333333333333,0.3719488888888889,0.23529411764705882,4.352,0.32494700269540316
664954,Brett Sullivan,L,COL,8,Mike King,R,650633.0,824305,SD @ COL,12:10 PM,17/09,Final,0.5940652941299398,-127.0,144.0,56.0,True,0111100001,live,0,0,0.0,0,0,0.22000543244118947,0.31741638998126215,0.2917538105048878,0.23108882349409374,0.10697275014257991,20,2,-0.2312599681020734,1.148,70.5,B,0.2832618025751073,2.2506483524513428,0.32815277594744013,0.19158952144143993,20,5,0,0.42424242424242425,0.19298245614035087,0.47782546494992845,0.24892703862660945,0.2732474964234621,0.22585669781931464,0.2080536912751678,0.2222222222222222,0.22252252252252253,0.21359223300970873,112,0.24752475247524752,111,False,False,0.5545932921415441,0.03947200198839573,2.8732394366197185,3.140845070422535,71,,,,,,,-0.10381713191630447,20,3.03,1.15,175.0,11.0,9.0,148.0,66.0,0.0,0.0,0.0,30.0,SP,30.0,711.0,135.0,23.7,7.61,3.39,6.94,1.03,24.334653705388906,-0.018165294129939835,7,0.875,18.0,6,7,1,1,0.0,3.1925847161346432,0.05583236314334457,0.23125,0.18624641833810887,0.054441260744985676,0.32941176470588235,0.26198823529411763,0.21105527638190955,3.598,0.3039015531869961
695506,Jac Caglianone,L,KC,3,Miguel Ullola,R,699044,824141,KC @ HOU,4:15 PM,17/09,In Progress,0.592781655983237,-170.0,186.0,63.0,False,1011010000,live,0,0,0.0,0,0,0.25606516307410976,0.36379967984885897,0.457785406921343,0.3999036337920083,0.4157445254883388,20,1,-0.018099146057447002,0.998,97.4,A,0.31092436974789917,11.420079812695109,0.3192287254136534,0.30358337998234464,6,6,0,0.29133858267716534,0.27323943661971833,0.7394957983193278,0.24369747899159663,0.01680672268907563,0.26246882793017456,0.2421875,0.26758147512864494,0.255973715651135,0.2743682310469314,303,0.28292682926829266,216,False,True,0.6339093575173148,-0.041127701534077854,3.5703703703703704,3.8444444444444446,135,,,,,,,-0.02185393873606714,20,3.38,0.75,8.0,0,0,10,1,0,0,0,1,RP,6,30,5,5.0,11.25,1.13,5.63,2.25,4.7976747149843595,0.026546915445334496,7,1.0,1.0,7,5,0,1,0.0,3.3642559215501167,0.012788167657420845,0.28604118993135014,0.25267665952890794,0.05139186295503212,0.54858934169279,0.3897836990595611,0.13333333333333333,4.251,0.29253442652767275
682927,Ronny Simon,L,PIT,7,Kyle Harrison,L,690986.0,823334,MIL @ PIT,9:35 AM,17/09,Final,0.5917988812795599,-117.0,150.0,54.0,True,1111110011,live,0,0,0.0,0,0,0.3594073088133651,0.3513007956838085,0.269008909676078,0.43343263123699477,0.12700270477928374,12,1,0.013333333333333308,1.013,55.0,C,0.30842527582748247,3.958086603758456,0.41272745486456736,0.25583126328276956,20,5,0,0.3333333333333333,0.32,0.5885599598595083,0.3206221776216759,0.09081786251881585,0.3219178082191781,0.2982456140350877,0.38636363636363635,0.32661290322580644,0.3,21,0.35294117647058826,19,False,False,0.5867042534013476,0.005094627878212354,3.0833333333333335,3.3333333333333335,12,,,,,,,0.19659207374091348,12,3.95,1.31,111.2,10.0,4.0,135.0,33.0,0.0,0.0,0.0,24.0,SP,25.0,479.0,113.0,19.2,10.88,2.66,9.11,1.61,19.372560541654614,0.006543975863297136,7,0.875,16.0,7,6,1,1,0.0,3.232784241610856,0.05306134374230509,0.23387096774193547,0.16428571428571428,0.07857142857142857,0.3415841584158416,0.26929702970297026,0.23622047244094488,3.76,0.3361851580353995
699302,Héctor Rodríguez,L,CIN,7,Justin Wrobleski,L,680736.0,824464,LAD @ CIN,9:40 AM,17/09,Final,0.5917570545976745,,,,True,1110001000,live,0,0,0.0,0,0,0.189514851086505,0.2753531051474833,0.3330545368107558,0.28966605052828964,0.2671237354087644,20,2,0.025556772544724354,1.083,54.4,C,0.27535521803037727,4.207329739339548,0.425863943022241,0.23574139134993582,20,5,0,0.24242424242424243,0.21686746987951808,0.5845624385447394,0.36283185840707965,0.05260570304818092,0.21921182266009853,0.17391304347826086,0.16083916083916083,0.1951219512195122,0.203125,69,0.25,55,True,False,0.576047733572235,0.015709321025439427,3.515151515151515,3.757575757575758,33,,,,,,,-0.08215884265839445,20,3.77,1.15,133.2,11.0,5.0,111.0,31.0,0.0,0.0,0.0,22.0,SP,25.0,553.0,123.0,22.1,7.47,2.09,8.28,1.41,21.37412330614346,0.015357231116611136,7,0.875,-12.0,7,6,1,1,0.0,3.95157780217473,0.024372233497299337,0.25225225225225223,0.2689075630252101,0.058823529411764705,0.35443037974683544,0.28546835443037977,0.2426470588235294,3.76,0.3311597163366872
686668,Brenton Doyle,R,CWS,6,Framber Valdez,L,664285,824548,DET @ CWS,4:40 PM,17/09,In Progress,0.5898236100308676,-138.0,144.0,58.0,True,1000001011,live,5,1,0.2,1,2024,0.17829457325300305,0.3316299959017577,0.31545157385491307,0.371418846856257,0.5392645649193033,20,1,0.054421768707483,0.968,42.1,D,0.2648419429452583,1.694168145072129,0.4059441138298605,0.15040537200932597,20,6,0,0.24489795918367346,0.19047619047619047,0.48205326128907755,0.3350057892705519,0.1829409494403705,0.2176759410801964,0.1580547112462006,0.21428571428571427,0.20159151193633953,0.23333333333333334,99,0.20652173913043478,96,False,False,0.5481572562674727,0.04166635376339489,2.8,3.0,65,,,,,,,-0.08201308852930013,20,4.01,1.36,163.2,10,10,121,60,0,0,0,29,SP,29,713,163,24.6,6.65,3.3,8.96,0.82,24.76130412437942,-0.04976646717372479,7,0.7,-10.0,7,7,0,0,-1.0,2.5262549129105674,0.0,0.24396782841823056,0.2781954887218045,0.05513784461152882,0.380089058524173,0.2871908396946565,0.25416666666666665,3.896,0.2971107162977034
694208,Moisés Ballesteros,L,LAA,4,Taj Bradley,R,671737,823978,MIN @ LAA,6:38 PM,17/09,Warmup,0.5897893064304749,,,,False,1101100111,live,0,0,0.0,0,0,0.3305689425844373,0.32677175073142195,0.4914242235075777,0.44978367759171634,0.2529139359207801,20,2,0.03412698412698412,0.979,50.0,C,0.2875536480686695,2.4627611059390118,0.46312223429939153,0.28210715523201957,20,7,0,0.2,0.23412698412698413,0.7112701252236135,0.089087656529517,0.1996422182468694,0.20325982742090123,0.1847457627118644,0.2731829573934837,0.2129538763493621,0.24242424242424243,183,0.21367521367521367,131,False,False,0.6139535670684558,-0.02416426063798094,3.0,3.3404255319148937,94,,,,,,,0.13537477409007184,20,3.81,1.25,165.1,11,6,190,72,0,0,0,29,SP,29,697,134,24.0,10.34,3.92,7.29,1.25,24.015730045300497,0.03381069356952515,1,0.125,-1.0,5,6,0,0,0.0,3.7988554161124655,0.0843937946611819,0.239067055393586,0.22715404699738903,0.09138381201044386,0.45234375,0.2932734375,0.20385674931129477,4.16,0.32494700269540316
695600,Carter Jensen,L,KC,1,Miguel Ullola,R,699044,824141,KC @ HOU,4:15 PM,17/09,In Progress,0.5895184585582344,-138.0,150.0,58.0,True,1010111111,live,0,0,0.0,0,0,0.3024010151333848,0.4259397416862218,0.4281304204732417,0.44524155036880253,0.24629318006369516,20,1,0.060431939766197734,0.998,97.4,A,0.31092436974789917,11.420079812695109,0.3192287254136534,0.30358337998234464,6,6,0,0.18446601941747573,0.24489795918367346,0.7394957983193278,0.24369747899159663,0.01680672268907563,0.20142285460204534,0.21251002405773858,0.24060150375939848,0.2121139573856835,0.23310810810810811,328,0.23115577889447236,240,False,True,0.6265542268224032,-0.03703576826416888,3.5357142857142856,4.057142857142857,140,,,,,,,0.18247393958981592,20,3.38,0.75,8.0,0,0,10,1,0,0,0,1,RP,6,30,5,5.0,11.25,1.13,5.63,2.25,4.7976747149843595,0.025881541441765687,7,1.0,1.0,7,5,0,1,0.0,4.26548549568079,0.11875986049694078,0.23201856148491878,0.27655310621242485,0.11623246492985972,0.4590443686006826,0.32103754266211604,0.13333333333333333,4.443,0.29253442652767275
695720,Tommy White,R,ATH,6,Drew Rasmussen,R,656876.0,822924,ATH @ TB,10:10 AM,17/09,Final,0.588231145230698,,,,False,1010011001,live,0,0,0.0,0,0,0.2411689059378306,0.28535397932696155,0.27094093633399147,0.27721350623914304,0.14078063923865047,20,1,-0.1665687426556992,0.96,79.0,B,0.2907801418439716,6.159824061086844,0.36355366551844104,0.24977167041288706,20,6,0,0.35135135135135137,0.18478260869565216,0.8035043804755945,0.06299541093032958,0.13350020859407594,0.27217125382262997,0.20535714285714285,0.3732394366197183,0.26455026455026454,0.27,101,0.24242424242424243,70,True,False,0.6153016654173739,-0.027070520186675884,3.688888888888889,3.8,45,,,,,,,0.07775474519638577,20,2.81,0.92,160.1,14.0,5.0,160.0,27.0,0.0,0.0,0.0,28.0,SP,28.0,625.0,120.0,22.3,8.98,1.52,6.74,0.79,23.04048307650259,0.007143854769302016,8,0.8,-10.0,7,5,1,1,0.0,3.4576799100903624,0.006189246887434161,0.2413793103448276,0.17582417582417584,0.038461538461538464,0.31514084507042256,0.3043591549295775,0.1940928270042194,3.896,0.2607145584442107
686217,Sal Frelick,L,MIL,7,Wilber Dotel,R,696062.0,823334,MIL @ PIT,9:35 AM,17/09,Final,0.5856936027812997,-9900.0,9900.0,99.0,True,0101011000,live,0,0,0.0,0,0,0.19678266262667707,0.2569667800248767,0.22554191051727865,0.20973208560481943,0.10644596374789708,20,1,-0.005534105534105549,1.013,47.3,D,0.2857142857142857,3.422199128760502,0.41079047451211426,0.24816063651299,19,2,0,0.23333333333333334,0.2277992277992278,0.6984924623115578,0.22278056951423786,0.07872696817420435,0.21086490350250178,0.22117202268431002,0.21951219512195122,0.21193891716797778,0.23353293413173654,184,0.2236842105263158,174,False,True,0.5981740453650568,-0.012480442583757134,3.1584158415841586,3.5445544554455446,101,,,,,,,-0.2256195550112908,20,4.66,1.39,36.2,1.0,5.0,37.0,15.0,0.0,1.0,1.0,2.0,RP,20.0,157.0,36.0,7.8,9.08,3.68,8.84,0.49,7.591647561890502,0.0092619527742559,9,0.8181818181818182,4.0,7,5,1,1,0.0,3.346689048009649,0.03215083071809867,0.22597402597402597,0.11421911421911422,0.06993006993006994,0.28893849206349204,0.2601860119047619,0.19718309859154928,3.76,0.28962061882267587
676439,Hunter Feduccia,L,LAD,7,Brady Singer,R,663903.0,824464,LAD @ CIN,9:40 AM,17/09,Final,0.5849617006460385,127.0,104.0,44.0,False,0001100011,live,0,0,0.0,0,0,0.24347626244829793,0.31802458633687136,0.39371950237681214,0.333437415287332,0.19064356814877265,20,2,0.052010489510489505,1.083,36.0,D,0.2833900870223231,1.9374893530254913,0.4434118492163263,0.19075206517008966,20,5,0,0.19230769230769232,0.24431818181818182,0.5923542770628312,0.40764572293716883,0.0,0.22366522366522368,0.20386266094420602,0.2875536480686695,0.22617354196301565,0.25663716814159293,133,0.21348314606741572,100,False,False,0.525259544522444,0.05970215612359442,2.4634146341463414,2.841463414634146,82,,,,,,,-0.09607680815656856,20,5.46,1.52,151.2,6.0,14.0,125.0,57.0,0.0,0.0,0.0,30.0,SP,30.0,690.0,174.0,23.0,7.42,3.38,10.33,1.84,24.888994617410862,-0.03376170064603856,5,0.625,-2.0,7,6,1,1,0.0,3.132338209007667,0.21421891131039258,0.2053872053872054,0.26744186046511625,0.11046511627906977,0.36300813008130084,0.3173365853658537,0.3037974683544304,3.76,0.3515700342693383
681082,Bryson Stott,L,PHI,6,Nolan Mclean,R,690997,823573,PHI @ NYM,4:15 PM,17/09,In Progress,0.5849617006460385,-144.0,150.0,59.0,True,1010000100,live,6,1,0.16666666666666666,1,2025,0.1267457525239858,0.2864135394037768,0.2656163008536769,0.17778804498081255,0.20731108234288925,20,1,0.025420769606816135,0.949,64.9,C,0.29480189022173753,2.25271643789754,0.36817000427445806,0.23925939764524828,20,6,0,0.22522522522522523,0.25064599483204136,0.6429090909090909,0.29418181818181816,0.06290909090909091,0.2320730117340287,0.26482617586912066,0.22370617696160267,0.23811970202928334,0.2271062271062271,304,0.26666666666666666,259,False,False,0.6085126778878237,-0.02355097724178523,3.4583333333333335,3.9097222222222223,144,,,,,,,-0.2319329081695128,20,3.24,1.18,166.2,11,9,184,66,0,0,0,29,SP,29,695,130,24.0,9.94,3.56,7.02,0.92,24.7701991883964,-0.0022117006460384836,6,0.6,6.0,7,6,0,0,0.0,3.84255704924848,0.10088885313424904,0.25181598062953997,0.1740976645435244,0.10615711252653928,0.3534239677744209,0.3291797583081571,0.24390243902439024,3.896,0.34453638771441286
656716,Zach Mckinstry,L,DET,6,Erick Fedde,R,607200,824548,DET @ CWS,4:40 PM,17/09,In Progress,0.5844628503457246,-138.0,150.0,58.0,False,1010110000,live,0,0,0.0,0,0,0.10658743974506567,0.24744610201251432,0.22643070578282462,0.15495796989591792,0.17967244092940868,20,2,0.04809002072845722,0.968,58.0,C,0.25429704715733803,2.50769660587565,0.38430581662039887,0.1622383618206111,20,7,0,0.16363636363636364,0.21172638436482086,0.5057522123893805,0.3769911504424779,0.1172566371681416,0.22157434402332363,0.17335766423357665,0.19948186528497408,0.20777537796976242,0.21978021978021978,205,0.18888888888888888,208,False,False,0.587100707561087,-0.0026378572153623603,3.0677966101694913,3.5,118,,,,,,,-0.13652358472515977,20,3.97,1.34,133.2,8,9,91,48,0,0,0,14,RP,31,572,131,18.5,6.13,3.23,8.82,1.55,16.635141021911377,-0.00019618367905804845,6,0.75,1.0,7,6,0,0,-1.0,3.583289659751274,0.09863927352759112,0.209366391184573,0.16058394160583941,0.09002433090024331,0.20959595959595959,0.2768754208754209,0.2454212454212454,3.896,0.2938641963276657
502054,Tommy Pham,R,CWS,2,Framber Valdez,L,664285,824548,DET @ CWS,4:40 PM,17/09,In Progress,0.5830221720177833,-163.0,178.0,62.0,False,000000001,live,8,2,0.25,1,2023,0.03973496187042224,0.17478007794332334,0.28945409199687083,0.058582436192934344,0.35971444790649654,9,1,0.0,0.968,42.1,D,0.2648419429452583,1.694168145072129,0.4059441138298605,0.15040537200932597,20,6,0,0.06666666666666667,,0.48205326128907755,0.3350057892705519,0.1829409494403705,0.03389830508474576,0.02,0.18181818181818182,0.05343511450381679,0.08333333333333333,12,0.0,7,False,False,0.5540240735590921,0.02899809845869117,2.0,2.111111111111111,9,,,,,,,,9,4.01,1.36,163.2,10,10,121,60,0,0,0,29,SP,29,713,163,24.6,6.65,3.3,8.96,0.82,24.76130412437942,-0.0285936005892119,7,0.7,-10.0,7,7,0,0,-1.0,2.1214809966620938,0.11740260878182132,0.23929471032745592,0.21585903083700442,0.10352422907488987,0.4765886287625418,0.3264392419175028,0.25416666666666665,4.352,0.2971107162977034
686765,Nick Sogard,L,BOS,9,Tyler Alexander,L,641302,822845,BOS @ TEX,5:05 PM,17/09,In Progress,0.5800299288080216,-127.0,133.0,56.0,False,0101101011,live,0,0,0.0,0,0,0.2729816447169085,0.34327354055338727,0.3011582809167738,0.3634469476774903,0.23443807959146803,20,1,0.1541055718475073,0.964,80.1,A,0.2821461609620722,2.8687022630330405,0.2879731038555084,0.18056695396088301,20,2,0,0.38636363636363635,0.23225806451612904,0.5787037037037037,0.1814814814814815,0.23981481481481481,0.23459715639810427,0.2413793103448276,0.25153374233128833,0.2398753894080997,0.24324324324324326,132,0.29545454545454547,106,False,False,0.5717119070013751,0.008318021806646536,3.618181818181818,4.327272727272727,55,,,,,,,0.06784789233173665,20,3.38,1.28,66.2,5,2,57,19,4,2,6,4,RP,68,284,66,4.2,7.7,2.57,8.91,0.4,4.535638414097945,-0.019429928808021746,9,1.0,13.0,7,5,0,1,0.0,3.917784950902952,0.057554444513023724,0.2622107969151671,0.22717149220489977,0.0957683741648107,0.30470383275261326,0.3304494773519164,0.2818181818181818,3.443,0.31986114635395
680869,Zack Gelof,R,ATH,4,Drew Rasmussen,R,656876.0,822924,ATH @ TB,10:10 AM,17/09,Final,0.5800159470901267,,,,True,1010010100,live,0,0,0.0,0,0,0.17238615022613157,0.28522067669319645,0.43705185627066045,0.20564709193556638,0.26831214207468423,20,1,-0.07188644688644688,0.96,79.0,B,0.2907801418439716,6.159824061086844,0.36355366551844104,0.24977167041288706,20,6,0,0.2980769230769231,0.2261904761904762,0.8035043804755945,0.06299541093032958,0.13350020859407594,0.22839506172839505,0.2304921968787515,0.29965156794425085,0.23582848837209303,0.2300469483568075,234,0.2727272727272727,159,False,False,0.6147983238592488,-0.0347823767691221,3.670103092783505,4.051546391752577,97,,,,,,,-0.10598543618155944,20,2.81,0.92,160.1,14.0,5.0,160.0,27.0,0.0,0.0,0.0,28.0,SP,28.0,625.0,120.0,22.3,8.98,1.52,6.74,0.79,23.04048307650259,0.02490905290987322,8,0.8,-10.0,7,5,1,1,0.0,4.170289462962874,0.08179055394082872,0.23842592592592593,0.28781512605042014,0.07352941176470588,0.43152542372881353,0.30606779661016953,0.1940928270042194,4.16,0.2607145584442107
668904,Royce Lewis,R,MIN,6,Walbert Ureña,R,700712,823978,MIN @ LAA,6:38 PM,17/09,Warmup,0.5768049641395298,-133.0,138.0,57.0,False,0100011010,live,0,0,0.0,0,0,0.1694200143503045,0.31118543811723565,0.4004619035122721,0.21985064868006887,0.2109348191309002,20,2,-0.00046296296296297057,0.979,63.0,C,0.2847222222222222,2.152582589288496,0.3891829089697067,0.22962621608979022,20,6,0,0.22962962962962963,0.22916666666666666,0.518308631211857,0.13862249346120314,0.34306887532693986,0.20453115166771554,0.24520686175580222,0.2400932400932401,0.2228855721393035,0.2288135593220339,256,0.22994652406417113,212,False,True,0.5981595249738842,-0.021354560834354497,3.6782608695652175,4.069565217391304,115,,,,,,,0.0003889743809583566,20,2.88,1.24,137.1,9,10,131,67,0,0,0,25,SP,27,580,103,21.5,8.58,4.39,6.75,0.59,23.095731476835354,0.00787836919380358,6,0.6666666666666666,-1.0,7,6,0,0,-2.0,3.929023730619948,0.046824581615922185,0.22706422018348624,0.2443064182194617,0.07867494824016563,0.3977987421383648,0.3146069182389937,0.18181818181818182,3.896,0.33521324829699956
691181,Emmanuel Rodriguez,L,MIN,5,Walbert Ureña,R,700712,823978,MIN @ LAA,6:38 PM,17/09,Warmup,0.5768049641395298,-117.0,122.0,54.0,False,11110,live,0,0,0.0,0,0,0.28162876153586336,0.4915659499392246,0.6556460562024783,0.3776224553450826,0.23799285894333058,5,2,-0.0357142857142857,0.979,63.0,C,0.2847222222222222,2.152582589288496,0.3891829089697067,0.22962621608979022,20,6,0,0.2857142857142857,0.25,0.518308631211857,0.13862249346120314,0.34306887532693986,0.3181818181818182,0.3050847457627119,0.2647058823529412,0.3018867924528302,0.4,11,0.1111111111111111,9,True,True,0.5886186367075013,-0.0118136725679715,3.8,4.0,5,,,,,,,0.32772218089911437,5,2.88,1.24,137.1,9,10,131,67,0,0,0,25,SP,27,580,103,21.5,8.58,4.39,6.75,0.59,23.095731476835354,0.006178369193803546,6,0.6666666666666666,-1.0,7,6,0,0,-2.0,4.016101914963713,0.046005471324892085,,,,,,0.22302158273381295,4.026,0.33521324829699956
694671,Wyatt Langford,R,TEX,5,Sonny Gray,R,543243,822845,BOS @ TEX,5:05 PM,17/09,In Progress,0.5759627183450787,-144.0,150.0,59.0,False,0010011001,live,6,2,0.3333333333333333,1,2025,0.1661367019912833,0.3272910468729479,0.21025781613516506,0.3103697614890453,0.32571147933994626,20,1,0.028955597248280146,0.964,63.4,C,0.2788671023965142,3.424394425013852,0.3980460635439703,0.2337720655854293,20,6,0,0.2230769230769231,0.25203252032520324,0.5773420479302832,0.3673202614379085,0.05533769063180828,0.22294372294372294,0.21052631578947367,0.17633928571428573,0.2131963896669779,0.22268907563025211,268,0.2753623188405797,157,False,False,0.5795304543939408,-0.003567736048862069,3.797979797979798,4.292929292929293,99,,,,,,,-0.11111881447938617,20,2.76,1.17,156.2,17,5,140,42,0,0,0,27,SP,27,636,141,23.6,8.04,2.41,8.1,0.86,25.09935863727915,-0.00745160723396765,9,1.0,9.0,7,6,0,1,0.0,4.220301452712983,0.15161379044059003,0.23476297968397292,0.21875,0.119140625,0.4128902316213494,0.3034712990936556,0.2535885167464115,4.026,0.36331142410856865
663330,Jahmai Jones,R,BOS,2,Tyler Alexander,L,641302,822845,BOS @ TEX,5:05 PM,17/09,In Progress,0.5752927963223979,,,,False,1011000010,live,0,0,0.0,0,0,0.3421386181624431,0.30518202720939885,0.4741510599530562,0.4289876389834439,0.22500115072420815,20,1,0.0,0.964,80.1,A,0.2821461609620722,2.8687022630330405,0.2879731038555084,0.18056695396088301,20,2,0,0.20863309352517986,,0.5787037037037037,0.1814814814814815,0.23981481481481481,0.18465227817745802,0.16205533596837945,0.18779342723004694,0.17873303167420815,0.21739130434782608,77,0.2054794520547945,84,False,False,0.5638478651728585,0.011444931149539483,1.6705882352941177,1.8941176470588235,85,,,,,,,-0.1310717071286325,20,3.38,1.28,66.2,5,2,57,19,4,2,6,4,RP,68,284,66,4.2,7.7,2.57,8.91,0.4,4.535638414097945,-0.018503907433508937,9,1.0,13.0,7,5,0,1,0.0,2.078419806756794,0.07061636462114587,0.2663316582914573,0.27467811158798283,0.11587982832618025,0.4888888888888889,0.3834814814814815,0.24305555555555555,4.352,0.31986114635395
669394,Jake Burger,R,TEX,6,Sonny Gray,R,543243,822845,BOS @ TEX,5:05 PM,17/09,In Progress,0.5748609814485248,-133.0,150.0,57.0,False,1101001001,live,11,2,0.18181818181818182,1,2023,0.22722264226061695,0.33372289650615816,0.3703608038217298,0.319448221902089,0.27770245494270407,20,1,-0.0015627100416722717,0.964,63.4,C,0.2788671023965142,3.424394425013852,0.3980460635439703,0.2337720655854293,20,6,0,0.23121387283236994,0.22965116279069767,0.5773420479302832,0.3673202614379085,0.05533769063180828,0.2070063694267516,0.20675105485232068,0.22437137330754353,0.2079542500649857,0.21337579617834396,345,0.2561576354679803,230,False,False,0.5763061138392159,-0.0014451323906911062,3.5902777777777777,3.9930555555555554,144,,,,,,,0.01445716631397563,20,2.76,1.17,156.2,17,5,140,42,0,0,0,27,SP,27,636,141,23.6,8.04,2.41,8.1,0.86,25.09935863727915,-0.011538759226302542,9,1.0,9.0,7,6,0,1,0.0,4.139649755843984,0.15733340089534328,0.23222748815165878,0.26215644820295986,0.09725158562367865,0.4597315436241611,0.32709228187919465,0.2535885167464115,3.896,0.36331142410856865
679529,Spencer Torkelson,R,DET,5,Erick Fedde,R,607200,824548,DET @ CWS,4:40 PM,17/09,In Progress,0.5748609814485248,-127.0,144.0,56.0,True,0001011111,live,9,0,0.0,1,2024,0.30366549593858777,0.35947248931435594,0.5476396248751598,0.5271134098390781,0.32092667925852897,20,1,-0.03767832064454135,0.968,58.0,C,0.25429704715733803,2.50769660587565,0.38430581662039887,0.1622383618206111,20,7,0,0.25153374233128833,0.21385542168674698,0.5057522123893805,0.3769911504424779,0.1172566371681416,0.20668380462724936,0.20656525220176142,0.19801980198019803,0.2054535637149028,0.1857707509881423,291,0.26859504132231404,279,False,False,0.5671229065437284,0.007738074904796388,3.3445945945945947,3.8513513513513513,148,,,,,,,0.14807102593397933,20,3.97,1.34,133.2,8,9,91,48,0,0,0,14,RP,31,572,131,18.5,6.13,3.23,8.82,1.55,16.635141021911377,-0.020660981448524907,6,0.75,1.0,7,6,0,0,-1.0,3.5641172927974445,0.1389797148021304,0.22549019607843138,0.3146551724137931,0.09698275862068965,0.40477099236641223,0.32760496183206106,0.26556016597510373,4.026,0.2938641963276657
670032,Nicky Lopez,L,TEX,7,Sonny Gray,R,543243,822845,BOS @ TEX,5:05 PM,17/09,In Progress,0.5733379843746155,-117.0,122.0,54.0,False,0001101000,live,14,1,0.07142857142857142,1,2022,0.26877985404881605,0.26416103716660655,0.1980593431475064,0.31125704453468256,0.15404581060589878,20,4,-0.11842105263157893,0.964,63.4,C,0.2788671023965142,3.424394425013852,0.3980460635439703,0.2337720655854293,20,6,0,0.3684210526315789,0.25,0.5773420479302832,0.3673202614379085,0.05533769063180828,0.29614325068870523,0.2316715542521994,0.2626728110599078,0.2733644859813084,0.3130434782608696,127,0.22330097087378642,120,False,False,0.5748609814485248,-0.001522997073909349,2.5348837209302326,2.872093023255814,86,,,,,,,-0.15823559219586686,20,2.76,1.17,156.2,17,5,140,42,0,0,0,27,SP,27,636,141,23.6,8.04,2.41,8.1,0.86,25.09935863727915,0.007795348958717807,9,1.0,9.0,7,6,0,1,0.0,2.0953094797026437,0.02212097241380658,0.2484076433121019,0.15363128491620112,0.06983240223463687,0.23101673101673104,0.26975675675675675,0.23342175066312998,3.76,0.36331142410856865
680776,Jarren Duran,L,BOS,7,Tyler Alexander,L,641302,822845,BOS @ TEX,5:05 PM,17/09,In Progress,0.570300612031175,-144.0,150.0,59.0,False,1001110000,live,0,0,0.0,0,0,0.1447557119707956,0.2519168773366209,0.32179053055559564,0.20471275174142908,0.24797254347012201,20,1,0.0177724472550837,0.964,80.1,A,0.2821461609620722,2.8687022630330405,0.2879731038555084,0.18056695396088301,20,2,0,0.21686746987951808,0.19909502262443438,0.5787037037037037,0.1814814814814815,0.23981481481481481,0.17746615087040618,0.17982873453853473,0.19804741980474197,0.18181818181818182,0.1875,333,0.22171945701357465,249,False,False,0.5556343570649126,0.014666254966262393,3.723404255319149,4.127659574468085,141,,,,,,,-0.25513583045010446,20,3.38,1.28,66.2,5,2,57,19,4,2,6,4,RP,68,284,66,4.2,7.7,2.57,8.91,0.4,4.535638414097945,-0.024289500920063767,9,1.0,13.0,7,5,0,1,0.0,3.316162843914369,0.028686789360745164,0.20704845814977973,0.27435387673956263,0.055666003976143144,0.40585443037974683,0.3399778481012658,0.2818181818181818,3.76,0.31986114635395
656775,Cedric Mullins,L,TB,7,Jeffrey Springs,L,605488,822924,ATH @ TB,10:10 AM,17/09,Final,0.569928585496741,,,,False,1100110000,live,0,0,0.0,0,0,0.1144800407558741,0.2564749833429186,0.2894007145347095,0.12640183937064167,0.18017940579007044,20,2,0.0023939808481532043,0.96,44.1,D,0.27009507346586,1.4830637086572658,0.35979001212617007,0.15084236514286353,20,6,0,0.20588235294117646,0.20348837209302326,0.4658599827139153,0.28608470181503887,0.2480553154710458,0.1942242355605889,0.208955223880597,0.18457300275482094,0.19757785467128028,0.21238938053097345,262,0.1935483870967742,214,False,False,0.5445498750534192,0.02537871044332174,3.3225806451612905,3.838709677419355,124,,,,,,,-0.15937130111968542,20,6.18,1.47,138.1,4,14,109,56,0,0,0,28,SP,28,612,147,21.9,7.09,3.64,9.56,2.15,21.62775731681429,-0.02331747438562981,9,0.75,-7.0,7,6,1,1,0.0,3.085957626109686,0.07898314970295547,0.2075,0.1900647948164147,0.09071274298056156,0.31709401709401713,0.2477003205128205,0.2802547770700637,3.76,0.34742591550418694
680574,Matt Mclain,R,CIN,6,Justin Wrobleski,L,680736.0,824464,LAD @ CIN,9:40 AM,17/09,Final,0.5697983404994131,-117.0,150.0,54.0,False,0111010001,live,0,0,0.0,0,0,0.12828684753004763,0.24928646694393863,0.27440147800982734,0.20347627259136797,0.33875117545082245,20,1,0.0163265306122449,1.083,54.4,C,0.27535521803037727,4.207329739339548,0.425863943022241,0.23574139134993582,20,5,0,0.2,0.1836734693877551,0.5845624385447394,0.36283185840707965,0.05260570304818092,0.20221445221445222,0.17961654894046417,0.1875,0.1934415369327592,0.20434782608695654,260,0.16666666666666666,201,False,False,0.5440808624164106,0.02571747808300251,3.3666666666666667,3.841666666666667,120,,,,,,,-0.07849603773117769,20,3.77,1.15,133.2,11.0,5.0,111.0,31.0,0.0,0.0,0.0,22.0,SP,25.0,553.0,123.0,22.1,7.47,2.09,8.28,1.41,21.37412330614346,-0.002812626213698932,7,0.875,-12.0,7,6,1,1,0.0,3.6093722236781427,0.022622621118958474,0.1865671641791045,0.27331887201735355,0.1019522776572668,0.37228260869565216,0.3181986714975846,0.2393617021276596,3.896,0.3311597163366872
682626,Francisco Álvarez,R,NYM,7,Aaron Nola,R,605400,823573,PHI @ NYM,4:15 PM,17/09,In Progress,0.5692847556295675,-117.0,127.0,54.0,False,1010110110,live,10,5,0.5,1,2024,0.15861673233761212,0.35741823769927605,0.625184804576105,0.27529695251810643,0.4082842792799236,20,2,0.004787576440296121,0.949,70.0,B,0.2976491862567812,3.0811704220558953,0.3998767574509628,0.24357806210336722,20,6,0,0.22115384615384615,0.22594142259414227,0.49963715529753266,0.3367198838896952,0.16364296081277213,0.21944035346097202,0.22168087697929353,0.1891025641025641,0.2161186848436247,0.2541436464088398,204,0.19135802469135801,183,False,False,0.569928585496741,-0.0006438298671734843,3.3300970873786406,3.7572815533980584,103,,,,,,,-0.016687497942048102,20,4.69,1.37,161.1,6,10,165,55,0,0,0,30,SP,30,690,166,23.0,9.2,3.07,9.26,1.9,23.693362224605213,-0.013824755629567531,10,1.0,4.0,7,6,0,0,0.0,3.924392950845112,0.044375091267931384,0.2358974358974359,0.29571106094808125,0.09480812641083522,0.46782496782496785,0.3366177606177606,0.2795275590551181,3.76,0.30991678754766966
596142,Gary Sánchez,R,MIL,5,Wilber Dotel,R,696062.0,823334,MIL @ PIT,9:35 AM,17/09,Final,0.568946048160479,,,,True,0001001000,live,0,0,0.0,0,0,0.1064401647978419,0.3252897792717118,0.380198713128361,0.27995521956471847,0.33751248451418525,20,4,-0.01840942562592046,1.013,47.3,D,0.2857142857142857,3.422199128760502,0.41079047451211426,0.24816063651299,19,2,0,0.21428571428571427,0.1958762886597938,0.6984924623115578,0.22278056951423786,0.07872696817420435,0.18389261744966443,0.16194331983805668,0.17132867132867133,0.17873450750163078,0.16216216216216217,141,0.25510204081632654,118,False,True,0.5472253806636429,0.0217206674968361,2.6125,3.2375,80,,,,,,,-0.28066160180310934,20,4.66,1.39,36.2,1.0,5.0,37.0,15.0,0.0,1.0,1.0,2.0,RP,20.0,157.0,36.0,7.8,9.08,3.68,8.84,0.49,7.591647561890502,-0.016334937049367837,9,0.8181818181818182,4.0,7,5,1,1,0.0,3.0762665859971636,0.12571583213327134,0.21818181818181817,0.22959183673469388,0.12755102040816327,0.4173611111111111,0.28749027777777775,0.3225806451612903,4.026,0.28962061882267587
807726,John Peck,R,DET,8,Erick Fedde,R,607200,824548,DET @ CWS,4:40 PM,17/09,In Progress,0.567348090403764,-127.0,138.0,56.0,True,0101101110,live,0,0,0.0,0,0,0.21835384873850935,0.2962157513659841,0.3140734097298572,0.2778556056342397,0.20557955413092563,12,1,-0.016483516483516508,0.968,58.0,C,0.25429704715733803,2.50769660587565,0.38430581662039887,0.1622383618206111,20,7,0,0.23076923076923078,0.21428571428571427,0.5057522123893805,0.3769911504424779,0.1172566371681416,0.21014492753623187,0.15,0.06818181818181818,0.16942148760330578,0.1875,20,0.24,30,True,False,0.5650339442858638,0.002314146117900151,3.4166666666666665,4.166666666666667,12,,,,,,,-0.021581419921809043,12,3.97,1.34,133.2,8,9,91,48,0,0,0,14,RP,31,572,131,18.5,6.13,3.23,8.82,1.55,16.635141021911377,-0.01803142373709732,6,0.75,1.0,7,6,0,0,-1.0,4.150727862268469,0.13684088721307255,,,,,,0.26556016597510373,3.598,0.2938641963276657
694203,Denzer Guzman,R,LAA,5,Taj Bradley,R,671737,823978,MIN @ LAA,6:38 PM,17/09,Warmup,0.565919301256954,-133.0,138.0,57.0,False,0011010101,live,0,0,0.0,0,0,0.206335500358499,0.299290719596918,0.29317650893879543,0.24860039099998113,0.2841221787856389,20,2,0.021590909090909077,0.979,50.0,C,0.2875536480686695,2.4627611059390118,0.46312223429939153,0.28210715523201957,20,7,0,0.2159090909090909,0.2375,0.7112701252236135,0.089087656529517,0.1996422182468694,0.22176591375770022,0.1512455516014235,0.21621621621621623,0.2015855039637599,0.2328767123287671,155,0.22549019607843138,111,False,False,0.5764454013648135,-0.010526100107859482,3.5428571428571427,3.8,70,,,,,,,-0.13691041198509413,20,3.81,1.25,165.1,11,6,190,72,0,0,0,29,SP,29,697,134,24.0,10.34,3.92,7.29,1.25,24.015730045300497,0.019480698743046032,1,0.125,-1.0,5,6,0,0,0.0,3.618350803048083,0.03364293003141474,0.21908127208480566,0.2913907284768212,0.046357615894039736,0.3564102564102564,0.3107333333333333,0.23529411764705882,4.026,0.32494700269540316
695731,Braden Montgomery,L,CWS,9,Framber Valdez,L,664285,824548,DET @ CWS,4:40 PM,17/09,In Progress,0.5656777741530373,-122.0,138.0,55.0,False,0011000000,live,0,0,0.0,0,0,0.1097480366886405,0.3308294088713999,0.38491224811627334,0.1651071334501226,0.18079978602526886,20,2,-0.04992248062015503,0.968,42.1,D,0.2648419429452583,1.694168145072129,0.4059441138298605,0.15040537200932597,20,6,0,0.17333333333333334,0.22325581395348837,0.48205326128907755,0.3350057892705519,0.1829409494403705,0.2346193952033368,0.2249488752556237,0.17159763313609466,0.2129162462159435,0.23870967741935484,180,0.17777777777777778,152,True,False,0.5340745665097081,0.031603207643329245,3.5365853658536586,4.048780487804878,82,,,,,,,-0.24864892851188447,20,4.01,1.36,163.2,10,10,121,60,0,0,0,29,SP,29,713,163,24.6,6.65,3.3,8.96,0.82,24.76130412437942,-0.0444349170101801,7,0.7,-10.0,7,7,0,0,-1.0,3.545624155590384,0.12418992852457293,0.2147887323943662,0.19384615384615383,0.11384615384615385,0.40082956259426844,0.3255912518853696,0.2679738562091503,3.443,0.2971107162977034
666211,Taylor Trammell,L,HOU,7,Seth Lugo,R,607625,824141,KC @ HOU,4:15 PM,17/09,In Progress,0.5650339442858638,-127.0,133.0,56.0,False,0101011100,live,0,0,0.0,0,0,0.16418431695709923,0.29637806058679983,0.386567645625669,0.2450032265460651,0.23233535396792468,20,4,0.07575757575757575,0.998,38.9,D,0.2648469199557359,2.328071165022687,0.4287896549665621,0.16376301593443188,20,6,0,0.13333333333333333,0.20909090909090908,0.5158671586715867,0.3922509225092251,0.0918819188191882,0.20114942528735633,0.21212121212121213,0.18213058419243985,0.20096560048280024,0.2463768115942029,153,0.14432989690721648,112,False,False,0.525259544522444,0.03977439976341979,2.7325581395348837,3.0813953488372094,86,,,,,,,-0.09015264217671815,20,4.99,1.45,164.0,7,8,126,53,0,0,0,30,SP,30,709,185,23.6,6.91,2.91,10.15,1.04,23.17330985031129,-0.014989499841419396,9,0.9,42.0,7,6,0,1,0.0,3.1718646008839095,0.09587850013026862,0.20376175548589343,0.30277777777777776,0.09722222222222222,0.36984126984126986,0.27755238095238094,0.30423940149625933,3.76,0.3188652429763525
701358,Cam Smith,R,HOU,8,Seth Lugo,R,607625,824141,KC @ HOU,4:15 PM,17/09,In Progress,0.5650339442858638,-138.0,150.0,58.0,False,1011110000,live,0,0,0.0,0,0,0.17199792523730098,0.32240787405312454,0.3989459033244245,0.28768080157538856,0.2761707338354268,20,1,-4.1174290772827415e-05,0.998,38.9,D,0.2648469199557359,2.328071165022687,0.4287896549665621,0.16376301593443188,20,6,0,0.21476510067114093,0.2147239263803681,0.5158671586715867,0.3922509225092251,0.0918819188191882,0.22358591248665954,0.2182385035074045,0.18979591836734694,0.2168444079846869,0.21561338289962825,296,0.21359223300970873,231,False,False,0.5320512290991329,0.032982715186730904,3.392857142857143,3.7642857142857142,140,,,,,,,-0.09157338750701109,20,4.99,1.45,164.0,7,8,126,53,0,0,0,30,SP,30,709,185,23.6,6.91,2.91,10.15,1.04,23.17330985031129,-0.010333944285863872,9,0.9,42.0,7,6,0,1,0.0,3.2516259913641745,0.03921555413488019,0.2074074074074074,0.25555555555555554,0.07111111111111111,0.4389655172413793,0.32587816091954025,0.26582278481012656,3.598,0.3188652429763525
682668,Luisangel Acuña,R,CWS,8,Framber Valdez,L,664285,824548,DET @ CWS,4:40 PM,17/09,In Progress,0.5616416039929044,,,,False,1001001000,live,6,0,0.0,1,2025,0.16069673950676916,0.2658546436662164,0.3563267823083067,0.22097633181986678,0.21544767373348658,20,1,-0.010429970200085126,0.968,42.1,D,0.2648419429452583,1.694168145072129,0.4059441138298605,0.15040537200932597,20,6,0,0.22413793103448276,0.2345679012345679,0.48205326128907755,0.3350057892705519,0.1829409494403705,0.23832528180354268,0.24853801169590642,0.22685185185185186,0.24091293322062554,0.25,125,0.19480519480519481,88,False,False,0.5371819635755181,0.024459640417386352,2.5921052631578947,2.8026315789473686,76,,,,,,,-0.20015660607250743,20,4.01,1.36,163.2,10,10,121,60,0,0,0,29,SP,29,713,163,24.6,6.65,3.3,8.96,0.82,24.76130412437942,-0.028813032564332985,7,0.7,-10.0,7,7,0,0,-1.0,2.8094525102104244,0.05840534982059606,0.22073578595317725,0.18575851393188855,0.043343653250773995,0.3622733612273361,0.2765034867503487,0.25416666666666665,3.598,0.2971107162977034
669016,Brandon Marsh,L,PHI,7,Nolan Mclean,R,690997,823573,PHI @ NYM,4:15 PM,17/09,In Progress,0.5592413385414426,-138.0,144.0,58.0,True,0011100000,live,0,0,0.0,0,0,0.1307936717880723,0.2131632086448392,0.3003297628637934,0.14751103801331272,0.17659260215901829,20,1,-0.03316326530612246,0.949,64.9,C,0.29480189022173753,2.25271643789754,0.36817000427445806,0.23925939764524828,20,6,0,0.2857142857142857,0.25255102040816324,0.6429090909090909,0.29418181818181816,0.06290909090909091,0.2510775862068966,0.23601398601398602,0.24420677361853832,0.24495515695067266,0.24632352941176472,292,0.27555555555555555,244,False,False,0.5613303007993072,-0.0020889622578645906,3.5,3.7746478873239435,142,,,,,,,-0.14282875055985123,20,3.24,1.18,166.2,11,9,184,66,0,0,0,29,SP,29,695,130,24.0,9.94,3.56,7.02,0.92,24.7701991883964,-0.0028413385414425285,6,0.6,6.0,7,6,0,0,0.0,2.649962243791168,0.021185844544004545,0.26252983293556087,0.2533039647577093,0.05286343612334802,0.42598684210526316,0.34456496710526313,0.24390243902439024,3.76,0.34453638771441286
680700,Richie Palacios,L,TB,8,Jeffrey Springs,L,605488.0,822924,ATH @ TB,10:10 AM,17/09,Final,0.5588451429311122,,,,True,0111111100,live,0,0,0.0,0,0,0.22623276850058685,0.32407041438494166,0.4149258988734168,0.24101848668467848,0.08526484623708715,20,1,0.01767676767676768,0.96,44.1,D,0.27009507346586,1.4830637086572658,0.35979001212617,0.15084236514286353,20,6,0,0.25,0.23232323232323232,0.4658599827139153,0.28608470181503887,0.2480553154710458,0.2585034013605442,0.21480406386066764,0.2440944881889764,0.24283825473776993,0.24725274725274726,210,0.2158273381294964,161,False,False,0.5545932921415441,0.0042518507895681346,2.918181818181818,3.3727272727272726,110,,,,,,,0.07900125787979433,20,5.93,1.45,135.0,4.0,13.0,105.0,54.0,0.0,0.0,0.0,27.0,SP,27.0,594.0,142.0,22.0,7.0,3.6,9.47,2.2,21.62775731681429,-0.016078476264445585,9,0.75,-7.0,7,6,1,1,0.0,3.300256872000165,0.06008713364309783,0.23410404624277456,0.1745635910224439,0.11221945137157108,0.2913647342995169,0.308758152173913,0.2802547770700637,3.598,0.34742591550418694
595879,Javier Báez,R,DET,9,Erick Fedde,R,607200,824548,DET @ CWS,4:40 PM,17/09,In Progress,0.5576660328079627,,,,False,1101001000,live,0,0,0.0,0,0,0.1963424372241615,0.23716158030047643,0.3926048476941351,0.2550711772169549,0.1887232573721553,20,6,0.028869047619047628,0.968,58.0,C,0.25429704715733803,2.50769660587565,0.38430581662039887,0.1622383618206111,20,7,0,0.21875,0.24761904761904763,0.5057522123893805,0.3769911504424779,0.1172566371681416,0.2505592841163311,0.215,0.15714285714285714,0.2236842105263158,0.17777777777777778,94,0.3037974683544304,82,False,False,0.5401455149223979,0.017520517885564746,3.38,3.52,50,,,,,,,-0.13789904407454825,20,3.97,1.34,133.2,8,9,91,48,0,0,0,14,RP,31,572,131,18.5,6.13,3.23,8.82,1.55,16.635141021911377,-0.021466032807962665,6,0.75,1.0,7,6,0,0,-1.0,3.1843177385587618,0.023038047367337163,0.23703703703703705,0.22857142857142856,0.01904761904761905,0.36704422869471415,0.28855016181229776,0.26556016597510373,3.443,0.2938641963276657
702222,Justin Crawford,L,PHI,8,Nolan Mclean,R,690997,823573,PHI @ NYM,4:15 PM,17/09,In Progress,0.5575568434884239,-144.0,150.0,59.0,True,0001111111,live,0,0,0.0,0,0,0.2815119611526558,0.3316718955983603,0.4114187798941654,0.32230908391924845,0.13780872777616754,20,1,0.0692307692307692,0.949,64.9,C,0.29480189022173753,2.25271643789754,0.36817000427445806,0.23925939764524828,20,6,0,0.2,0.2692307692307692,0.6429090909090909,0.29418181818181816,0.06290909090909091,0.2549420586230402,0.27552986512524086,0.24,0.25743006993006995,0.28,216,0.24742268041237114,216,True,False,0.5717969222285314,-0.014240078740107465,2.9402985074626864,3.2238805970149254,134,,,,,,,0.17558065635043202,20,3.24,1.18,166.2,11,9,184,66,0,0,0,29,SP,29,695,130,24.0,9.94,3.56,7.02,0.92,24.7701991883964,-0.004273510155090587,6,0.6,6.0,7,6,0,0,0.0,2.980654195088654,0.08289593396027999,0.2556818181818182,0.17232375979112272,0.05483028720626632,0.3758741258741259,0.3180769230769231,0.24390243902439024,3.598,0.34453638771441286
670764,Taylor Walls,L,TB,9,Jeffrey Springs,L,605488.0,822924,ATH @ TB,10:10 AM,17/09,Final,0.5528164782806528,,,,True,0011011100,live,0,0,0.0,0,0,0.2106991796621899,0.24653031895690553,0.2440700388362321,0.2494958288251683,0.19859195374932734,20,12,-0.013526570048309178,0.96,44.1,D,0.27009507346586,1.4830637086572658,0.35979001212617,0.15084236514286353,20,6,0,0.20869565217391303,0.2222222222222222,0.4658599827139153,0.28608470181503887,0.2480553154710458,0.20532319391634982,0.15970961887477314,0.17438692098092642,0.18899733806566105,0.2185792349726776,214,0.21686746987951808,197,False,False,0.5286921085063326,0.024124369774320198,3.144144144144144,3.7027027027027026,111,,,,,,,-0.10449312253186989,20,5.93,1.45,135.0,4.0,13.0,105.0,54.0,0.0,0.0,0.0,27.0,SP,27.0,594.0,142.0,22.0,7.0,3.6,9.47,2.2,21.62775731681429,-0.014638700502874968,9,0.75,-7.0,7,6,1,1,0.0,3.827963532339177,0.0851483332496411,0.2154255319148936,0.248868778280543,0.09954751131221719,0.2268170426065163,0.2602161654135338,0.2802547770700637,3.443,0.34742591550418694
641680,Jonah Heim,L,ATH,8,Drew Rasmussen,R,656876.0,822924,ATH @ TB,10:10 AM,17/09,Final,0.5501889320105228,,,,False,1111000110,live,0,0,0.0,0,0,0.15670574937691487,0.2600106094825296,0.22194528026337704,0.19317396539801704,0.19550193816020256,20,2,-0.0326797385620915,0.96,79.0,B,0.2907801418439716,6.159824061086844,0.36355366551844104,0.24977167041288706,20,6,0,0.2222222222222222,0.1895424836601307,0.8035043804755945,0.06299541093032958,0.13350020859407594,0.1843191196698762,0.18612521150592218,0.20044543429844097,0.18742490989187024,0.20202020202020202,214,0.21481481481481482,149,False,False,0.5813939645971765,-0.031205032586653747,3.4329896907216493,3.7422680412371134,97,,,,,,,-0.1281904352830232,20,2.81,0.92,160.1,14.0,5.0,160.0,27.0,0.0,0.0,0.0,28.0,SP,28.0,625.0,120.0,22.3,8.98,1.52,6.74,0.79,23.04048307650259,0.00909856798947728,8,0.8,-10.0,7,5,1,1,0.0,3.821110098234432,0.03787594000902548,0.20151133501259447,0.17954545454545454,0.08181818181818182,0.3239517819706499,0.27428301886792456,0.21148036253776434,3.598,0.2607145584442107
622268,Donovan Walton,L,ATH,5,Drew Rasmussen,R,656876.0,822924,ATH @ TB,10:10 AM,17/09,Final,0.5501889320105228,,,,False,1001010100,live,2,1,0.5,0,0,0.1933582508456411,0.33290448772827125,0.31149068392186396,0.23800819916788118,0.1773201631417393,20,1,0.06666666666666665,0.96,79.0,B,0.2907801418439716,6.159824061086844,0.36355366551844104,0.24977167041288706,20,6,0,0.2,0.26666666666666666,0.8035043804755945,0.06299541093032958,0.13350020859407594,0.26804123711340205,0.23516483516483516,0.23943661971830985,0.2515090543259557,0.2661290322580645,137,0.25925925925925924,103,False,False,0.5933319191894478,-0.04314298717892506,2.808219178082192,3.287671232876712,73,,,,,,,-0.09155092244879139,20,2.81,0.92,160.1,14.0,5.0,160.0,27.0,0.0,0.0,0.0,28.0,SP,28.0,625.0,120.0,22.3,8.98,1.52,6.74,0.79,23.04048307650259,0.005436067989477267,8,0.8,-10.0,7,5,1,1,0.0,3.4473631091360413,0.11065193657938549,0.219435736677116,0.16486486486486487,0.1,0.32655038759689925,0.2678372093023256,0.21148036253776434,4.026,0.2607145584442107
666152,David Hamilton,L,MIL,9,Wilber Dotel,R,696062.0,823334,MIL @ PIT,9:35 AM,17/09,Final,0.5451937049205927,3233.0,1150.0,3.0,True,0011110001,live,0,0,0.0,0,0,0.21792820906721896,0.3318943454487328,0.2687345605228934,0.3019016935175951,0.23236113154898097,20,2,-0.0327854365500177,1.013,47.3,D,0.2857142857142857,3.422199128760502,0.41079047451211426,0.24816063651299,19,2,0,0.2682926829268293,0.23550724637681159,0.6984924623115578,0.22278056951423786,0.07872696817420435,0.25132275132275134,0.211340206185567,0.1755485893416928,0.228515625,0.25,190,0.22818791946308725,169,False,True,0.5445498750534192,0.0006438298671734843,3.019047619047619,3.419047619047619,105,,,,,,,0.01031210560268841,20,4.66,1.39,36.2,1.0,5.0,37.0,15.0,0.0,1.0,1.0,2.0,RP,20.0,157.0,36.0,7.8,9.08,3.68,8.84,0.49,7.591647561890502,0.0028840728571850605,9,0.8181818181818182,4.0,7,5,1,1,0.0,3.4365569294051546,0.02413803417962793,0.24858757062146894,0.21890547263681592,0.0845771144278607,0.3020050125313283,0.2790996240601504,0.19718309859154928,3.443,0.28962061882267587
669707,Jared Triolo,R,PIT,8,Kyle Harrison,L,690986.0,823334,MIL @ PIT,9:35 AM,17/09,Final,0.5447246922835841,117.0,108.0,46.0,True,0011100000,live,0,0,0.0,0,0,0.22245027142012386,0.27820244224343277,0.1583126909895621,0.2666806330912888,0.19786634311755877,20,1,0.08212147134302822,1.013,55.0,C,0.30842527582748247,3.958086603758456,0.41272745486456736,0.25583126328276956,20,5,0,0.2857142857142857,0.20359281437125748,0.5885599598595083,0.3206221776216759,0.09081786251881585,0.225130890052356,0.24778761061946902,0.31086142322097376,0.24357034795763993,0.2616279069767442,191,0.21481481481481482,154,False,False,0.5321012907192363,0.012623401564347825,2.951923076923077,3.3173076923076925,104,,,,,,,-0.048051642113898965,20,3.95,1.31,111.2,10.0,4.0,135.0,33.0,0.0,0.0,0.0,24.0,SP,25.0,479.0,113.0,19.2,10.88,2.66,9.11,1.61,19.372560541654614,-0.006638977997869833,7,0.875,16.0,7,6,1,1,0.0,2.596870160766126,0.044000373774589374,0.23607427055702918,0.20763723150357996,0.07637231503579953,0.35517241379310344,0.29793103448275865,0.2645161290322581,3.598,0.3361851580353995
670770,Tj Friedl,L,CIN,9,Justin Wrobleski,L,680736.0,824464,LAD @ CIN,9:40 AM,17/09,Final,0.5440808624164106,122.0,108.0,45.0,True,1011000001,live,0,0,0.0,0,0,0.21282894324284465,0.35984982952318606,0.29157375895261495,0.22949326563071165,0.17897398184576466,20,1,0.08796296296296297,1.083,54.4,C,0.27535521803037727,4.207329739339548,0.425863943022241,0.23574139134993582,20,5,0,0.25,0.16203703703703703,0.5845624385447394,0.36283185840707965,0.05260570304818092,0.16231884057971013,0.17888563049853373,0.14393939393939395,0.1613995485327314,0.16783216783216784,164,0.16853932584269662,101,False,False,0.5088083097632767,0.03527255265313389,2.9367088607594938,3.3544303797468356,79,,,,,,,-0.24558658349624551,20,3.77,1.15,133.2,11.0,5.0,111.0,31.0,0.0,0.0,0.0,22.0,SP,25.0,553.0,123.0,22.1,7.47,2.09,8.28,1.41,21.37412330614346,0.0019048518693036698,7,0.875,-12.0,7,6,1,1,0.0,2.1539974021500488,0.13071603975339535,0.19794344473007713,0.21286031042128603,0.10643015521064302,0.3478384527872583,0.257542662116041,0.2426470588235294,3.443,0.3311597163366872
605170,Víctor Caratini,L,MIN,7,Walbert Ureña,R,700712,823978,MIN @ LAA,6:38 PM,17/09,Warmup,0.5416990769413373,-127.0,133.0,56.0,False,0010100101,live,0,0,0.0,0,0,0.20775910480401566,0.21740737184881626,0.4326664643795961,0.23674894464659713,0.19808009668470325,20,2,0.09988518943742825,0.979,63.0,C,0.2847222222222222,2.152582589288496,0.3891829089697067,0.22962621608979022,20,6,0,0.15384615384615385,0.2537313432835821,0.518308631211857,0.13862249346120314,0.34306887532693986,0.20870337477797513,0.2263056092843327,0.22340425531914893,0.21594848935116395,0.20987654320987653,194,0.23076923076923078,165,False,True,0.5601964716022133,-0.018497394660875965,3.05,3.59,100,,,,,,,-0.09452419616037618,20,2.88,1.24,137.1,9,10,131,67,0,0,0,25,SP,27,580,103,21.5,8.58,4.39,6.75,0.59,23.095731476835354,0.006200923058662711,6,0.6666666666666666,-1.0,7,6,0,0,-2.0,3.039196309913458,0.12576377344277623,0.2184873949579832,0.20190023752969122,0.09263657957244656,0.40698529411764706,0.2989779411764706,0.22302158273381295,3.76,0.33521324829699956
675961,Alika Williams,R,ATH,7,Drew Rasmussen,R,656876.0,822924,ATH @ TB,10:10 AM,17/09,Final,0.5416990769413373,-108.0,113.0,52.0,False,1110000011,live,0,0,0.0,0,0,0.23116978793342308,0.25489143206644316,0.3372246747029456,0.2916003775853703,0.16090422361084047,20,2,-0.055549765502866055,0.96,79.0,B,0.2907801418439716,6.159824061086844,0.36355366551844104,0.24977167041288706,20,6,0,0.2871287128712871,0.23157894736842105,0.8035043804755945,0.06299541093032958,0.13350020859407594,0.3074712643678161,0.23173803526448364,0.292817679558011,0.2828125,0.29357798165137616,118,0.21839080459770116,93,False,False,0.5717457444218662,-0.030046667480528866,2.7222222222222223,2.9305555555555554,72,,,,,,,0.046944486992226316,20,2.81,0.92,160.1,14.0,5.0,160.0,27.0,0.0,0.0,0.0,28.0,SP,28.0,625.0,120.0,22.3,8.98,1.52,6.74,0.79,23.04048307650259,0.029663423058662652,8,0.8,-10.0,7,5,1,1,0.0,3.362172429051585,0.04288992068157935,0.23,0.22560975609756098,0.04573170731707317,0.3071533923303835,0.26295575221238937,0.1940928270042194,3.76,0.2607145584442107
690976,Alex Freeland,L,LAD,8,Brady Singer,R,663903.0,824464,LAD @ CIN,9:40 AM,17/09,Final,0.5387087491851253,-127.0,156.0,56.0,False,0001111010,live,0,0,0.0,0,0,0.21781943641073476,0.3802605886633756,0.5665408962323606,0.37783891508295386,0.247237030679164,20,1,0.038805970149253716,1.083,36.0,D,0.2833900870223231,1.9374893530254913,0.4434118492163263,0.19075206517008966,20,5,0,0.2,0.23880597014925373,0.5923542770628312,0.40764572293716883,0.0,0.24133504492939667,0.25355450236966826,0.20298507462686566,0.23510362694300518,0.21367521367521367,128,0.25688073394495414,135,False,False,0.46926520833102653,0.06944354085409882,2.627906976744186,3.058139534883721,86,,,,,,,-0.07576056843872646,20,5.46,1.52,151.2,6.0,14.0,125.0,57.0,0.0,0.0,0.0,30.0,SP,30.0,690.0,174.0,23.0,7.42,3.38,10.33,1.84,24.888994617410862,-0.04728874918512532,5,0.625,-2.0,7,6,1,1,0.0,2.5381073783545323,0.22452677327689705,0.2111801242236025,0.30376344086021506,0.11021505376344086,0.38317384370015944,0.29100000000000004,0.3037974683544304,3.598,0.3515700342693383
691728,Zac Veen,L,COL,9,Mike King,R,650633.0,824305,SD @ COL,12:10 PM,17/09,Final,0.5355338547031249,-108.0,122.0,52.0,False,1001010101,live,0,0,0.0,0,0,0.25160213482166655,0.3850228660566769,0.4017742030168667,0.47121765336029164,0.38556189530025026,20,2,0.0,1.148,70.5,B,0.2832618025751073,2.2506483524513428,0.32815277594744013,0.19158952144143993,20,5,0,,0.25,0.47782546494992845,0.24892703862660945,0.2732474964234621,0.2182741116751269,0.30434782608695654,0.22641509433962265,0.23824451410658307,0.25925925925925924,31,0.24,30,False,False,0.49564680587276727,0.039887048830357597,1.9259259259259258,2.259259259259259,27,,,,,,,-0.20537919216162476,20,3.03,1.15,175.0,11.0,9.0,148.0,66.0,0.0,0.0,0.0,30.0,SP,30.0,711.0,135.0,23.7,7.61,3.39,6.94,1.03,24.334653705388906,-0.005233854703124763,7,0.875,18.0,6,7,1,1,0.0,2.2525323116585896,0.10534188659912713,0.22950819672131148,0.36496350364963503,0.072992700729927,0.3194444444444444,0.17648611111111112,0.21105527638190955,3.443,0.3039015531869961
663647,Ke'Bryan Hayes,R,CIN,8,Justin Wrobleski,L,680736.0,824464,LAD @ CIN,9:40 AM,17/09,Final,0.5321012907192363,-100.0,144.0,50.0,False,1100101000,live,0,0,0.0,0,0,0.14839023369658122,0.2863272927294322,0.4101665053448514,0.23161094860591025,0.3077249970076077,20,3,0.01315789473684209,1.083,54.4,C,0.27535521803037727,4.207329739339548,0.425863943022241,0.23574139134993582,20,5,0,0.15789473684210525,0.14473684210526316,0.5845624385447394,0.36283185840707965,0.05260570304818092,0.1383737517831669,0.12926829268292683,0.20512820512820512,0.1429731925264013,0.15702479338842976,129,0.13636363636363635,95,False,False,0.514202945450706,0.01789834526853029,3.028985507246377,3.246376811594203,69,,,,,,,-0.07055326943097649,20,3.77,1.15,133.2,11.0,5.0,111.0,31.0,0.0,0.0,0.0,22.0,SP,25.0,553.0,123.0,22.1,7.47,2.09,8.28,1.41,21.37412330614346,0.0028129949950495003,7,0.875,-12.0,7,6,1,1,0.0,3.06379036623893,0.0695615851939098,0.18356164383561643,0.19306930693069307,0.08663366336633663,0.3966318234610917,0.29445354239256677,0.2393617021276596,3.598,0.3311597163366872
805805,Walker Jenkins,L,MIN,8,Walbert Ureña,R,700712,823978,MIN @ LAA,6:38 PM,17/09,Warmup,0.5286921085063326,104.0,-100.0,49.0,False,0000100000,live,0,0,0.0,0,0,0.0726953444825101,0.2712613903896536,0.4292694778790205,0.08965166307915684,0.3417468164763991,14,4,0.10256410256410256,0.979,63.0,C,0.2847222222222222,2.152582589288496,0.3891829089697067,0.22962621608979022,20,6,0,0.0,0.10256410256410256,0.518308631211857,0.13862249346120314,0.34306887532693986,0.06040268456375839,0.07777777777777778,0.12962962962962962,0.08783783783783784,0.13043478260869565,25,0.045454545454545456,28,True,True,0.5286921085063326,0.0,3.2142857142857144,3.7857142857142856,14,,,,,,,-0.3047158977798155,14,2.88,1.24,137.1,9,10,131,67,0,0,0,25,SP,27,580,103,21.5,8.58,4.39,6.75,0.59,23.095731476835354,0.0009745581603339826,6,0.6666666666666666,-1.0,7,6,0,0,-2.0,3.781854208622653,0.09358064665725774,,,,,,0.22302158273381295,3.598,0.33521324829699956
668670,Jake Rogers,R,CWS,7,Framber Valdez,L,664285,824548,DET @ CWS,4:40 PM,17/09,In Progress,0.5283547639042001,-100.0,104.0,50.0,False,1010010000,live,11,3,0.2727272727272727,1,2023,0.14542796598474592,0.26321774937042525,0.30946665887641134,0.18357442367915597,0.30557907473148643,20,2,0.0625,0.968,42.1,D,0.2648419429452583,1.694168145072129,0.4059441138298605,0.15040537200932597,20,6,0,0.21428571428571427,0.15178571428571427,0.48205326128907755,0.3350057892705519,0.1829409494403705,0.1607773851590106,0.14869888475836432,0.20408163265306123,0.16167023554603854,0.17857142857142858,94,0.14285714285714285,74,False,False,0.4868253084800111,0.04152945542418901,2.641509433962264,3.169811320754717,53,,,,,,,-0.2247807593425718,20,4.01,1.36,163.2,10,10,121,60,0,0,0,29,SP,29,713,163,24.6,6.65,3.3,8.96,0.82,24.76130412437942,-0.047783335332771515,7,0.7,-10.0,7,7,0,0,-1.0,2.944126189320284,0.17321047435853476,0.18495297805642633,0.2777777777777778,0.12169312169312169,0.38006230529595014,0.2759392523364486,0.25416666666666665,3.76,0.2971107162977034
672724,Oswald Peraza,R,LAA,7,Taj Bradley,R,671737,823978,MIN @ LAA,6:38 PM,17/09,Warmup,0.525259544522444,-104.0,108.0,51.0,False,0010100100,live,7,1,0.14285714285714285,1,2025,0.16979497657790996,0.30678099935140085,0.18101802323634283,0.21783409315906857,0.26622668077748585,20,6,-0.042857142857142844,0.979,50.0,C,0.2875536480686695,2.4627611059390118,0.46312223429939153,0.28210715523201957,20,7,0,0.24812030075187969,0.20526315789473684,0.7112701252236135,0.089087656529517,0.1996422182468694,0.18538324420677363,0.16901408450704225,0.18944099378881987,0.18097447795823665,0.2247191011235955,190,0.2206896551724138,162,False,False,0.528223095869324,-0.002963551346879978,3.0761904761904764,3.3523809523809525,105,,,,,,,-0.15184008967380508,20,3.81,1.25,165.1,11,6,190,72,0,0,0,29,SP,29,697,134,24.0,10.34,3.92,7.29,1.25,24.015730045300497,0.016440455477555904,1,0.125,-1.0,5,6,0,0,0.0,3.0733495081675013,0.15410606051117923,0.21447721179624665,0.30198019801980197,0.04702970297029703,0.35590969455511284,0.3066042496679947,0.23529411764705882,3.76,0.32494700269540316
805346,Benjamin Ross,R,MIN,9,Walbert Ureña,R,700712,823978,MIN @ LAA,6:38 PM,17/09,Warmup,0.525259544522444,,,,False,0001,live,0,0,0.0,0,0,,,,,,4,2,0.0,0.979,63.0,C,0.2847222222222222,2.152582589288496,0.3891829089697067,0.22962621608979022,20,6,0,,,0.518308631211857,0.13862249346120314,0.34306887532693986,0.2857142857142857,0.23076923076923078,,0.2894736842105263,,2,,4,True,True,0.5286921085063326,-0.0034325639838885813,1.5,1.5,4,,,,,,,,4,2.88,1.24,137.1,9,10,131,67,0,0,0,25,SP,27,580,103,21.5,8.58,4.39,6.75,0.59,23.095731476835354,0.0063237888108893525,6,0.6666666666666666,-1.0,7,6,0,0,-2.0,,,,,,,,0.18181818181818182,3.443,0.33521324829699956
670231,John Rave,L,KC,7,Miguel Ullola,R,699044,824141,KC @ HOU,4:15 PM,17/09,In Progress,0.5236114356500509,-127.0,133.0,56.0,True,1111100001,live,0,0,0.0,0,0,0.21072914045345892,0.30779164773993195,0.47198763623038986,0.30358155812488086,0.22553600588631384,20,1,0.15207373271889402,0.998,97.4,A,0.31092436974789917,11.420079812695109,0.3192287254136534,0.30358337998234464,6,6,0,0.09523809523809523,0.24731182795698925,0.7394957983193278,0.24369747899159663,0.01680672268907563,0.2141119221411192,0.2222222222222222,0.2764227642276423,0.22641509433962265,0.2033898305084746,69,0.23636363636363636,63,False,True,0.5595526417350398,-0.035941206084988964,2.7804878048780486,3.2195121951219514,41,,,,,,,-0.006022572555309406,20,3.38,0.75,8.0,0,0,10,1,0,0,0,1,RP,6,30,5,5.0,11.25,1.13,5.63,2.25,4.7976747149843595,0.021131421492806335,7,1.0,1.0,7,5,0,1,0.0,3.4977643944087884,0.20189311685352362,0.2150170648464164,0.23809523809523808,0.09821428571428571,0.36619718309859156,0.2839107981220657,0.13333333333333333,3.76,0.29253442652767275
666139,Josh Lowe,L,LAA,6,Taj Bradley,R,671737,823978,MIN @ LAA,6:38 PM,17/09,Warmup,0.5225779247807333,-104.0,108.0,51.0,False,0010001011,live,0,0,0.0,0,0,0.1904637797902116,0.2810461828030036,0.3552973809459449,0.3418036984170224,0.3500484006235374,20,2,0.09066666666666667,0.979,50.0,C,0.2875536480686695,2.4627611059390118,0.46312223429939153,0.28210715523201957,20,7,0,0.13333333333333333,0.224,0.7112701252236135,0.089087656529517,0.1996422182468694,0.15365853658536585,0.17984189723320157,0.19834710743801653,0.16833095577746077,0.2073170731707317,182,0.22413793103448276,129,False,False,0.5316556598532125,-0.00907773507247922,2.857142857142857,3.173469387755102,98,,,,,,,-0.11509951758478539,20,3.81,1.25,165.1,11,6,190,72,0,0,0,29,SP,29,697,134,24.0,10.34,3.92,7.29,1.25,24.015730045300497,0.03512207521926669,1,0.125,-1.0,5,6,0,0,0.0,3.029079214689601,0.09786484945983691,0.2,0.3007518796992481,0.07518796992481203,0.3454861111111111,0.297,0.20385674931129477,3.896,0.32494700269540316
664774,Lamonte Wade,L,HOU,9,Seth Lugo,R,607625,824141,KC @ HOU,4:15 PM,17/09,In Progress,0.5209298159083401,113.0,-108.0,47.0,True,0100101000,live,10,1,0.1,1,2023,0.1941756512181739,0.32024138499006927,0.34675118640457847,0.31398292213744416,0.33116312474855264,20,2,0.06714285714285714,0.998,38.9,D,0.2648469199557359,2.328071165022687,0.4287896549665621,0.16376301593443188,20,6,0,0.14285714285714285,0.21,0.5158671586715867,0.3922509225092251,0.0918819188191882,0.1934931506849315,0.17592592592592593,0.12738853503184713,0.17793964620187305,0.15714285714285714,78,0.2727272727272727,54,False,False,0.4777830254256264,0.04314679048271369,2.375,2.75,48,,,,,,,-0.18205832146336826,20,4.99,1.45,164.0,7,8,126,53,0,0,0,30,SP,30,709,185,23.6,6.91,2.91,10.15,1.04,23.17330985031129,-0.013107593686117802,9,0.9,42.0,7,6,0,1,0.0,2.013429412579496,0.059671789766303926,0.19242902208201892,0.24528301886792453,0.1293800539083558,0.3413716814159292,0.2781725663716814,0.30423940149625933,3.443,0.3188652429763525
623168,Tyler Heineman,L,LAA,9,Taj Bradley,R,671737,823978,MIN @ LAA,6:38 PM,17/09,Warmup,0.5209298159083401,113.0,-108.0,47.0,False,0001100100,live,0,0,0.0,0,0,0.15755687612309793,0.21050257568710973,0.11663826170330598,0.15755687612309793,0.06537634973763105,20,3,0.009333333333333332,0.979,50.0,C,0.2875536480686695,2.4627611059390118,0.46312223429939153,0.28210715523201957,20,7,0,0.16666666666666666,0.176,0.7112701252236135,0.089087656529517,0.1996422182468694,0.16063348416289594,0.15202702702702703,0.11013215859030837,0.14551083591331268,0.15789473684210525,107,0.19444444444444445,81,False,False,0.5354837930830214,-0.01455397717468132,2.693548387096774,3.032258064516129,62,,,,,,,-0.14181305261451044,20,3.81,1.25,165.1,11,6,190,72,0,0,0,29,SP,29,697,134,24.0,10.34,3.92,7.29,1.25,24.015730045300497,0.0386701840916599,1,0.125,-1.0,5,6,0,0,0.0,3.04198697952825,0.0,0.22839506172839505,0.15945945945945947,0.04594594594594595,0.17767295597484278,0.2566698113207547,0.20385674931129477,3.443,0.32494700269540316
643376,Danny Jansen,R,TEX,8,Sonny Gray,R,543243,822845,BOS @ TEX,5:05 PM,17/09,In Progress,0.5182167999626215,108.0,-100.0,48.0,True,0110111111,live,0,0,0.0,0,0,0.278357110940019,0.29864803076621943,0.32989457857822374,0.3162036559909071,0.166011456232987,20,1,0.01827586206896553,0.964,63.4,C,0.2788671023965142,3.424394425013852,0.3980460635439703,0.2337720655854293,20,6,0,0.18,0.19827586206896552,0.5773420479302832,0.3673202614379085,0.05533769063180828,0.1719242902208202,0.16470588235294117,0.19327731092436976,0.17200365965233302,0.16470588235294117,99,0.2222222222222222,92,False,False,0.5250084845393103,-0.006791684576688772,3.018181818181818,3.4727272727272727,55,,,,,,,0.22677202533766497,20,2.76,1.17,156.2,17,5,140,42,0,0,0,27,SP,27,636,141,23.6,8.04,2.41,8.1,0.86,25.09935863727915,-0.005905688851510438,9,1.0,9.0,7,6,0,1,0.0,3.3771754316470584,0.053576087553722875,0.20949720670391062,0.2798053527980535,0.09245742092457421,0.3618655692729767,0.2725843621399177,0.2535885167464115,3.598,0.36331142410856865
683146,Brett Baty,L,NYM,8,Aaron Nola,R,605400,823573,PHI @ NYM,4:15 PM,17/09,In Progress,0.5144446271756188,-104.0,108.0,51.0,False,1111111011,live,15,3,0.2,1,2022,0.400996057067769,0.31302069017871176,0.40019461143401647,0.45009546045967647,0.17098018675268592,20,1,0.022309505106048705,0.949,70.0,B,0.2976491862567812,3.0811704220558953,0.3998767574509628,0.24357806210336722,20,6,0,0.21052631578947367,0.23283582089552238,0.49963715529753266,0.3367198838896952,0.16364296081277213,0.24229979466119098,0.21390374331550802,0.24390243902439024,0.23466092572658773,0.25663716814159293,248,0.1927710843373494,192,False,False,0.5315767938251025,-0.017132166649483693,3.0387596899224807,3.4108527131782944,129,,,,,,,0.22307781357111983,20,4.69,1.37,161.1,6,10,165,55,0,0,0,30,SP,30,690,166,23.0,9.2,3.07,9.26,1.9,23.693362224605213,0.0033253728243811675,10,1.0,4.0,7,6,0,0,0.0,2.816178828978636,0.06445551616703951,0.2292817679558011,0.2713936430317848,0.09290953545232274,0.42257636122177955,0.3422868525896414,0.2553763440860215,3.598,0.30991678754766966
666310,Bo Naylor,L,MIL,8,Wilber Dotel,R,696062.0,823334,MIL @ PIT,9:35 AM,17/09,Final,0.5144446271756188,300.0,178.0,25.0,True,1000100011,live,0,0,0.0,0,0,0.133701284424224,0.29071931937297063,0.4249332731626821,0.18768319039825399,0.25803633682851607,20,11,0.0,1.013,47.3,D,0.2857142857142857,3.422199128760502,0.41079047451211426,0.24816063651299,19,2,0,,0.15853658536585366,0.6984924623115578,0.22278056951423786,0.07872696817420435,0.1411764705882353,0.08383233532934131,0.08256880733944955,0.10986964618249534,0.06818181818181818,46,0.2564102564102564,43,False,True,0.5144446271756188,0.0,3.074074074074074,3.2962962962962963,27,,,,,,,-0.38269606712789594,20,4.66,1.39,36.2,1.0,5.0,37.0,15.0,0.0,1.0,1.0,2.0,RP,20.0,157.0,36.0,7.8,9.08,3.68,8.84,0.49,7.591647561890502,0.004677595046603367,9,0.8181818181818182,4.0,7,5,1,1,0.0,3.2905933128106875,0.0682750689363827,0.18356164383561643,0.24087591240875914,0.09002433090024331,0.4088972431077694,0.2701578947368421,0.19718309859154928,3.598,0.28962061882267587
664728,Kyle Isbel,L,KC,8,Miguel Ullola,R,699044,824141,KC @ HOU,4:15 PM,17/09,In Progress,0.512257334360617,-113.0,117.0,53.0,False,0000111000,live,0,0,0.0,0,0,0.1353989146193493,0.2731501183506241,0.2565487032416028,0.19763096111937506,0.22421680579188694,20,1,0.18653198653198652,0.998,97.4,A,0.31092436974789917,11.420079812695109,0.3192287254136534,0.30358337998234464,6,6,0,0.07272727272727272,0.25925925925925924,0.7394957983193278,0.24369747899159663,0.01680672268907563,0.22438524590163936,0.17920353982300885,0.23267326732673269,0.21262254901960784,0.2222222222222222,154,0.2204724409448819,145,False,True,0.525259544522444,-0.01300221016182701,3.044943820224719,3.359550561797753,89,,,,,,,-0.15057761446631565,20,3.38,0.75,8.0,0,0,10,1,0,0,0,1,RP,6,30,5,5.0,11.25,1.13,5.63,2.25,4.7976747149843595,0.013971237067954445,7,1.0,1.0,7,5,0,1,0.0,3.1740600753889665,0.03137694930096342,0.23209169054441262,0.20618556701030927,0.061855670103092786,0.3587360594795539,0.2799814126394052,0.13333333333333333,3.598,0.29253442652767275
703492,Nick Morabito,R,NYM,9,Aaron Nola,R,605400,823573,PHI @ NYM,4:15 PM,17/09,In Progress,0.5112441880919348,-113.0,117.0,53.0,True,0000100110,live,0,0,0.0,0,0,0.18307025815413094,0.4153024905671413,0.3869253882214061,0.20990828244803536,0.23172800342312022,11,4,0.3125,0.949,70.0,B,0.2976491862567812,3.0811704220558953,0.3998767574509628,0.24357806210336722,20,6,0,0.0,0.3125,0.49963715529753266,0.3367198838896952,0.16364296081277213,0.11607142857142858,0.18518518518518517,0.12,0.13612565445026178,0.13333333333333333,18,0.21428571428571427,17,True,False,0.5209298159083401,-0.009685627816405251,2.6363636363636362,3.1818181818181817,11,,,,,,,-0.04199487686300676,11,4.69,1.37,161.1,6,10,165,55,0,0,0,30,SP,30,690,166,23.0,9.2,3.07,9.26,1.9,23.693362224605213,-0.007344188091934822,10,1.0,4.0,7,6,0,0,0.0,3.2374413373359565,0.07542239970621661,,,,,,0.2795275590551181,3.443,0.30991678754766966
680779,Henry Davis,R,PIT,9,Kyle Harrison,L,690986.0,823334,MIL @ PIT,9:35 AM,17/09,Final,0.5094313897959664,163.0,-117.0,38.0,True,0000101000,live,0,0,0.0,0,0,0.08404693499398139,0.2158142300931011,0.4391220162861687,0.11674592717320587,0.14423328560890938,20,4,-0.07075589632469372,1.013,55.0,C,0.30842527582748247,3.958086603758456,0.41272745486456736,0.25583126328276956,20,5,0,0.11267605633802817,0.1834319526627219,0.5885599598595083,0.3206221776216759,0.09081786251881585,0.17233294255568582,0.1313364055299539,0.17488789237668162,0.15923984272608127,0.15,162,0.18,118,False,False,0.5043192874204903,0.005112102375476102,2.891566265060241,3.3734939759036147,83,,,,,,,-0.23329090245951045,20,3.95,1.31,111.2,10.0,4.0,135.0,33.0,0.0,0.0,0.0,24.0,SP,25.0,479.0,113.0,19.2,10.88,2.66,9.11,1.61,19.372560541654614,0.006168610204033587,7,0.875,16.0,7,6,1,1,0.0,3.0047077498197066,0.10488796733216481,0.16806722689075632,0.2371638141809291,0.07823960880195599,0.4150641025641026,0.26187307692307693,0.2645161290322581,3.443,0.3361851580353995
596117,Garrett Stubbs,L,PHI,9,Nolan Mclean,R,690997,823573,PHI @ NYM,4:15 PM,17/09,In Progress,0.5020773796175028,117.0,-108.0,46.0,False,0100001011,live,0,0,0.0,0,0,0.19331989385255394,0.22891305911871782,0.18128929075720068,0.23019521460606396,0.2212139296672331,19,11,0.0,0.949,64.9,C,0.29480189022173753,2.25271643789754,0.36817000427445806,0.23925939764524828,20,6,0,,0.17647058823529413,0.6429090909090909,0.29418181818181816,0.06290909090909091,0.14018691588785046,0.16363636363636364,0.08888888888888889,0.14092140921409213,0.16216216216216217,40,0.17647058823529413,19,False,False,0.5018356978925899,0.00024168172491290107,2.8421052631578947,3.1052631578947367,19,,,,,,,-0.1067070218364305,19,3.24,1.18,166.2,11,9,184,66,0,0,0,29,SP,29,695,130,24.0,9.94,3.56,7.02,0.92,24.7701991883964,0.006805953715830593,6,0.6,6.0,7,6,0,0,0.0,3.148738831854041,0.024822839163871725,0.19476744186046513,0.23846153846153847,0.08205128205128205,0.14342629482071714,0.23040239043824703,0.24390243902439024,3.443,0.34453638771441286
694497,Evan Carter,L,TEX,9,Sonny Gray,R,543243,822845,BOS @ TEX,5:05 PM,17/09,In Progress,0.48312784990645347,113.0,-108.0,47.0,False,1101000100,live,0,0,0.0,0,0,0.1857405393004098,0.3383072549296415,0.3778055290351015,0.2419164883421032,0.2963110006595049,20,2,-0.07739470410520705,0.964,63.4,C,0.2788671023965142,3.424394425013852,0.3980460635439703,0.2337720655854293,20,6,0,0.2647058823529412,0.18731117824773413,0.5773420479302832,0.3673202614379085,0.05533769063180828,0.19929577464788734,0.16809116809116809,0.17966101694915254,0.18814432989690721,0.22110552763819097,233,0.16265060240963855,192,False,False,0.4979341657000093,-0.014806315793555846,2.8294573643410854,3.294573643410853,129,,,,,,,-0.08196641400054984,20,2.76,1.17,156.2,17,5,140,42,0,0,0,27,SP,27,636,141,23.6,8.04,2.41,8.1,0.86,25.09935863727915,0.011938816760213244,9,1.0,9.0,7,6,0,1,0.0,2.866602393821189,0.05232172015977505,0.1906158357771261,0.25,0.10353535353535354,0.3522727272727273,0.2699462809917355,0.23342175066312998,3.443,0.36331142410856865
642350,José Siri,R,LAA,8,Taj Bradley,R,671737,823978,MIN @ LAA,6:38 PM,17/09,Warmup,0.47672006795034183,104.0,-100.0,49.0,False,0011010100,live,0,0,0.0,0,0,0.14643797450383417,0.3091651398905163,0.39507654014552046,0.18642505197485995,0.36430237998523807,20,2,0.06924819329090712,0.979,50.0,C,0.2875536480686695,2.4627611059390118,0.46312223429939153,0.28210715523201957,20,7,0,0.2047244094488189,0.273972602739726,0.7112701252236135,0.089087656529517,0.1996422182468694,0.2357142857142857,0.21014492753623187,0.211864406779661,0.22369389256806477,0.2616822429906542,113,0.1935483870967742,107,False,False,0.4843157598537182,-0.007595691903376389,2.4390243902439024,2.682926829268293,82,,,,,,,-0.2445925084195012,20,3.81,1.25,165.1,11,6,190,72,0,0,0,29,SP,29,697,134,24.0,10.34,3.92,7.29,1.25,24.015730045300497,0.03767993204965814,1,0.125,-1.0,5,6,0,0,0.0,2.834121716934933,0.031690302376075674,0.19435736677115986,0.3688760806916426,0.05475504322766571,0.41361256544502617,0.2968062827225131,0.23529411764705882,3.598,0.32494700269540316
686555,Isaac Collins,L,KC,9,Miguel Ullola,R,699044,824141,KC @ HOU,4:15 PM,17/09,In Progress,0.4742163791969823,-104.0,108.0,51.0,False,0000110001,live,0,0,0.0,0,0,0.138511723509966,0.2842510632287909,0.3947972782786746,0.23686325755876356,0.25395196628852423,20,1,0.048238383098247545,0.998,97.4,A,0.31092436974789917,11.420079812695109,0.3192287254136534,0.30358337998234464,6,6,0,0.18446601941747573,0.23270440251572327,0.7394957983193278,0.24369747899159663,0.01680672268907563,0.21257142857142858,0.22148760330578512,0.2188679245283019,0.21599169262720663,0.2217391304347826,260,0.2198952879581152,237,False,True,0.49653103552187566,-0.022314656324893378,3.1185185185185187,3.6814814814814816,135,,,,,,,-0.1568403246169752,20,3.38,0.75,8.0,0,0,10,1,0,0,0,1,RP,6,30,5,5.0,11.25,1.13,5.63,2.25,4.7976747149843595,0.018726477945874898,7,1.0,1.0,7,5,0,1,0.0,3.3740812590971676,0.17932761710772457,0.22691292875989447,0.20945945945945946,0.11711711711711711,0.40180652680652684,0.3083006993006993,0.13333333333333333,3.443,0.29253442652767275
672016,Denzel Clarke,R,ATH,9,Drew Rasmussen,R,656876.0,822924,ATH @ TB,10:10 AM,17/09,Final,0.4607109497086183,,,,True,1010001000,live,0,0,0.0,0,0,0.12023974810675558,0.25757282291737466,0.352443775486962,0.27753514555910397,0.32137680449665446,20,5,-0.010000000000000009,0.96,79.0,B,0.2907801418439716,6.159824061086844,0.36355366551844104,0.24977167041288706,20,6,0,0.16,0.15,0.8035043804755945,0.06299541093032958,0.13350020859407594,0.16733067729083664,0.125,0.0967741935483871,0.14588235294117646,0.10810810810810811,41,0.21428571428571427,33,False,False,0.4734221228645888,-0.012711173155970479,2.5,2.8461538461538463,26,,,,,,,-0.30395313425547094,20,2.81,0.92,160.1,14.0,5.0,160.0,27.0,0.0,0.0,0.0,28.0,SP,28.0,625.0,120.0,22.3,8.98,1.52,6.74,0.79,23.04048307650259,0.02072655029138165,8,0.8,-10.0,7,5,1,1,0.0,2.727932404587598,0.13294950070648157,0.20085470085470086,0.36328125,0.0546875,0.42789598108747046,0.2846382978723404,0.1940928270042194,3.443,0.2607145584442107
