batter_id,name,batter_hand,team,slot,pitcher,pitcher_hand,opp_pitcher_id,game_pk,matchup,start_time,game_date,game_state,p_hit,hit_odds,no_hit_odds,yes_cents,has_hit,last5,lineup_source,bvp_ab,bvp_h,bvp_avg,bvp_career,bvp_since,b_hit_rate,b_xba,b_hardhit,b_babip,b_k_rate,b_n_games,b_days_rest,split_diff,park_factor,p_rating,p_grade,p_csw,p_k_bb,p_hardhit_allowed,p_k_rate,p_n_games,p_days_rest,is_opener,b_hit_rate_vs_L,b_hit_rate_vs_R,p_use_fb,p_use_bb,p_use_os,b_hr_vs_fb,b_hr_vs_bb,b_hr_vs_os,b_hr_overall,b_hit_rate_vs_sp,b_pa_vs_sp,b_hit_rate_vs_rp,b_pa_vs_rp,b_is_rookie,p_is_rookie,base_p_hit,matchup_delta,b_avg_ab,b_avg_pa,b_games_played,p_multihit,base_p_multihit,p_multihit_matchup_delta,p_hrRbi,base_p_hrRbi,p_hrRbi_matchup_delta,b_quality_first3,b_n_games_first3,p_era,p_whip_official,p_ip,p_wins,p_losses,p_so,p_bb_official,p_saves,p_blown_saves,p_save_opps,p_games_started,p_role,p_games_pitched,p_bf_official,p_hits_allowed,p_bf_per_g,p_k9,p_bb9,p_h9,p_hr9,p_avg_bf,pen_delta,pen_available_n,pen_rested_frac,def_oaa_tonight,def_oaa_n,sched_games_7d,sched_day_after_night,sched_getaway,sched_tz_shift,b_pa,b_bb_rate,b_hit_rate_long,b_k_rate_long,b_bb_rate_long,b_hardhit_long,b_xba_long,p_hit_rate_vs_hand,slot_pa_exp,def_babip_allowed
624413,Pete Alonso,R,BAL,1,Nick Martínez,R,607259.0,824799,TB @ BAL,10:35 AM,23/08,Scheduled,0.7566623794623718,-212.0,223.0,68.0,False,1111111111,estimated,7,2,0.2857142857142857,1,2022,0.45290186756879064,0.49261192445069857,0.6473516030319535,0.5467691143588909,0.2016066291418492,20,1,0.003936857394029769,1.044,69.7,B,0.2610887096774194,4.549092448791299,0.33377579188546225,0.14497774193740653,20,5,0,0.2716049382716049,0.2755417956656347,0.6370519939424533,0.08884401817264008,0.2741039878849066,0.2635283765948086,0.2624113475177305,0.29446640316205536,0.2668257756563246,0.2828282828282828,333,0.26063829787234044,227,False,False,0.6724676486070407,0.08419473085533113,3.75968992248062,4.341085271317829,129,,,,,,,0.3368401996968448,20,3.05,1.14,141.2,12.0,4.0,83.0,22.0,0.0,0.0,0.0,24.0,SP,24.0,574.0,139.0,23.9,5.27,1.4,8.83,1.08,23.978551309364683,-0.06411952231951457,7,0.7777777777777778,-9.0,7,7,1,1,0.0,4.202742856897344,0.07331341610061401,0.27839643652561247,0.23461538461538461,0.1076923076923077,0.5616717635066258,0.39980122324159023,0.2876712328767123,4.442,0.35527126214531163
608070,José Ramírez,L,CLE,2,Tomoyuki Sugano,R,608372.0,824315,CLE @ COL,12:10 PM,23/08,Scheduled,0.7560665837331911,,,,False,0001110101,estimated,6,1,0.16666666666666666,1,2025,0.22373106144091853,0.3192968899320991,0.38592649851827127,0.24017674975515677,0.12059119474350356,20,1,-0.0341954022988506,1.148,35.4,D,0.23646873357856016,2.916126522536984,0.4295066186078037,0.13750353105934499,20,6,0,0.25833333333333336,0.22413793103448276,0.5105263157894737,0.2731578947368421,0.2163157894736842,0.22207621550591328,0.2340702210663199,0.20029673590504452,0.2221105527638191,0.2727272727272727,244,0.18181818181818182,170,False,False,0.6683140864683071,0.08775249726488399,3.705263157894737,4.3578947368421055,95,,,,,,,0.11173387995165991,20,4.7,1.26,118.2,12.0,6.0,69.0,27.0,0.0,0.0,0.0,22.0,SP,22.0,498.0,123.0,22.6,5.23,2.05,9.33,1.97,23.01731447661232,-0.04861658373319111,8,0.8888888888888888,5.0,7,6,1,1,0.0,4.319967483448069,0.09833449197964932,0.2465753424657534,0.12815533980582525,0.1145631067961165,0.4214605734767025,0.31338440860215055,0.2648221343873518,4.35,0.3271869631884326
664983,Jake Mccarthy,L,COL,1,Foster Griffin,L,656492.0,824315,CLE @ COL,12:10 PM,23/08,Scheduled,0.7541213839462828,,,,False,0001101101,estimated,0,0,0.0,0,0,0.2684977541835031,0.34278322671335426,0.32308327440517004,0.3192907050459593,0.12557511158999735,20,1,-0.0016648168701443034,1.148,70.7,B,0.2929553264604811,3.8996001943808194,0.3841222293248396,0.2167846518091562,20,5,0,0.29245283018867924,0.29411764705882354,0.5898538263112639,0.2407566638005159,0.16938950988822013,0.2754098360655738,0.258130081300813,0.25754060324825984,0.26763907734056985,0.2943396226415094,283,0.2925170068027211,165,False,False,0.6913512469555613,0.06277013699072154,3.7454545454545456,4.072727272727272,110,,,,,,,-0.022790666054599285,20,3.18,1.11,144.1,14.0,4.0,131.0,35.0,0.0,0.0,0.0,25.0,SP,25.0,589.0,125.0,23.6,8.17,2.18,7.79,1.43,23.759660366758183,-0.019896383946282903,4,0.5,16.0,7,6,1,1,0.0,4.529162950794185,0.069313475038756,0.298876404494382,0.16597510373443983,0.04771784232365145,0.28,0.3173808219178082,0.18309859154929578,4.442,0.30507696386186334
666176,Jo Adell,R,CLE,3,Tomoyuki Sugano,R,608372.0,824315,CLE @ COL,12:10 PM,23/08,Scheduled,0.7389994724924315,-270.0,285.0,73.0,False,1100101011,estimated,7,2,0.2857142857142857,1,2025,0.2396390521026957,0.4685210619779539,0.6604972646410532,0.38413847092865006,0.3781259434291913,20,1,-0.014860521407880661,1.148,35.4,D,0.23646873357856016,2.916126522536984,0.4295066186078037,0.13750353105934499,20,6,0,0.2468354430379747,0.23197492163009403,0.5105263157894737,0.2731578947368421,0.2163157894736842,0.23604060913705585,0.24433249370277077,0.213768115942029,0.23481998925308975,0.24561403508771928,305,0.22395833333333334,213,False,False,0.6212703844992605,0.11772908799317094,3.7857142857142856,4.111111111111111,126,,,,,,,-0.11128094198528483,20,4.7,1.26,118.2,12.0,6.0,69.0,27.0,0.0,0.0,0.0,22.0,SP,22.0,498.0,123.0,22.6,5.23,2.05,9.33,1.97,23.01731447661232,-0.042486972492431496,8,0.8888888888888888,5.0,7,6,1,1,0.0,3.9683909295117026,0.051302248263988916,0.23841059602649006,0.24898785425101214,0.04048582995951417,0.4540404040404041,0.3648914141414142,0.2679425837320574,4.25,0.3271869631884326
650333,Luis Arráez,L,PHI,4,Kyle Leahy,R,681517.0,823421,STL @ PHI,10:35 AM,23/08,Scheduled,0.7389994724924315,,,,False,0111111111,estimated,0,0,0.0,0,0,0.34594222752531895,0.354817596868279,0.18909812755435895,0.36845042669125583,0.040609128808980634,20,1,-0.03648648648648645,1.009,50.9,C,0.2713791398912506,5.156741470050302,0.47719615073820076,0.2453991430715861,20,5,0,0.35,0.31351351351351353,0.39762611275964393,0.4629080118694362,0.1394658753709199,0.35193669304456476,0.32461873638344224,0.31196581196581197,0.3395483193277311,0.3645833333333333,311,0.2623762376237624,226,False,False,0.7240422646629942,0.014957207829437325,4.049586776859504,4.43801652892562,121,,,,,,,0.19205868951316626,20,3.24,1.31,122.1,10.0,4.0,111.0,35.0,0.0,0.0,0.0,24.0,SP,24.0,516.0,125.0,21.5,8.17,2.57,9.2,0.88,21.03576736082412,0.011525527507568523,8,0.8888888888888888,30.0,7,6,1,1,0.0,4.371543510967957,0.018945838150414188,0.32510288065843623,0.0450281425891182,0.04127579737335835,0.19963924963924964,0.30563852813852815,0.3112033195020747,4.159,0.3177910795995636
665487,Fernando Tatís,R,SD,1,Bailey Ober,R,641927.0,823258,MIN @ SD,1:10 PM,23/08,Scheduled,0.7301448960514016,-257.0,270.0,72.0,False,1010101111,estimated,0,0,0.0,0,0,0.29905028579356624,0.3712148543268721,0.5537515140739234,0.32700349017182617,0.09897789473510904,20,1,-0.07074646046130323,0.954,56.7,C,0.25828220858895706,2.8287635281410783,0.3739481216195093,0.15725179508864376,19,6,0,0.33884297520661155,0.2680965147453083,0.35337423312883437,0.3042944785276074,0.3423312883435583,0.27633318642573823,0.26255506607929513,0.22357019064124783,0.26486079759217457,0.2598684210526316,349,0.3263157894736842,211,False,False,0.6976904765926902,0.032454419458711414,3.8897637795275593,4.409448818897638,127,,,,,,,0.04806681009523391,20,4.62,1.25,103.1,7.0,4.0,71.0,26.0,0.0,0.0,0.0,19.0,SP,19.0,435.0,103.0,22.9,6.18,2.26,8.97,1.48,22.964160669631656,-0.039319896051401626,8,1.0,-7.0,7,6,0,1,0.0,4.338840062458756,0.12320183954769556,0.2905982905982906,0.1792452830188679,0.08490566037735849,0.5276586237712243,0.37028418230563004,0.26704545454545453,4.442,0.34798770018869873
650490,Yandy Díaz,R,TB,1,Shane Baz,R,669358.0,824799,TB @ BAL,10:35 AM,23/08,Scheduled,0.7282859510624355,,,,False,1111111101,estimated,0,0,0.0,0,0,0.3465467787232737,0.35005567736600474,0.48486857470846073,0.4267546033041939,0.13683135052133236,20,1,-0.011882387336591083,1.044,51.9,C,0.2649895178197065,3.2306202831341575,0.4528980766397656,0.22317769152869565,20,5,0,0.3115942028985507,0.29971181556195964,0.5848421052631579,0.328,0.0871578947368421,0.27141225732775026,0.2903225806451613,0.2375,0.27319714496677333,0.26143790849673204,342,0.3743016759776536,203,False,False,0.7041721816377349,0.02411376942470067,3.9430894308943087,4.430894308943089,123,,,,,,,0.1283429097111137,20,4.02,1.35,145.2,4.0,13.0,132.0,49.0,0.0,0.0,0.0,25.0,SP,25.0,623.0,147.0,24.9,8.16,3.03,9.08,0.68,24.593125087617327,-0.02015261772910215,6,0.75,-1.0,6,7,1,1,0.0,4.65039192631427,0.04723127400790159,0.2957446808510638,0.14528301886792452,0.07735849056603773,0.46539440203562343,0.3384408396946565,0.23706896551724138,4.442,0.34657661314523724
663993,Nathaniel Lowe,L,CLE,4,Tomoyuki Sugano,R,608372.0,824315,CLE @ COL,12:10 PM,23/08,Scheduled,0.7250946452145833,,,,False,1001110011,estimated,9,1,0.1111111111111111,1,2025,0.25402851451339475,0.3013691976525618,0.4194793608918955,0.3163327990431243,0.1828823909924686,20,1,-0.01254480286738352,1.148,35.4,D,0.23646873357856016,2.916126522536984,0.4295066186078037,0.13750353105934499,20,6,0,0.2777777777777778,0.26523297491039427,0.5105263157894737,0.2731578947368421,0.2163157894736842,0.25782227784730916,0.28517110266159695,0.27899686520376177,0.2653642653642654,0.30113636363636365,194,0.21487603305785125,138,False,False,0.6140121191891853,0.11108252602539803,3.126315789473684,3.4947368421052634,95,,,,,,,0.15305874840912534,20,4.7,1.26,118.2,12.0,6.0,69.0,27.0,0.0,0.0,0.0,22.0,SP,22.0,498.0,123.0,22.6,5.23,2.05,9.33,1.97,23.01731447661232,-0.03889464521458341,8,0.8888888888888888,5.0,7,6,1,1,0.0,3.9514651091087343,0.055556866054109325,0.26944444444444443,0.2334152334152334,0.09090909090909091,0.4295597484276729,0.3414301886792453,0.2648221343873518,4.159,0.3271869631884326
677951,Bobby Witt,R,KC,2,,R,,824071,DET @ KC,11:10 AM,23/08,Scheduled,0.7215012691469052,-245.0,270.0,71.0,False,1101110111,estimated,0,0,0.0,0,0,0.30017781885866535,0.38435788926175796,0.46645540614370645,0.371500322547105,0.18196473247567027,20,1,0.03913043478260869,1.028,,,,,,,0,0,0,0.2608695652173913,0.3,,,,0.26595226497808083,0.26879861711322384,0.27900552486187846,0.26884422110552764,0.298932384341637,305,0.267515923566879,189,False,False,0.692882904842716,0.02861836430418918,3.9107142857142856,4.410714285714286,112,,,,,,,0.029724746747900953,20,,,,,,,,,,,,,,,,,,,,,,-0.004101269146905007,7,0.7777777777777778,-5.0,6,7,1,1,0.0,4.408779349880249,0.09513976530942718,0.2890792291220557,0.1739961759082218,0.08604206500956023,0.518395390070922,0.37409685283687943,,4.35,0.28642942170052615
680757,Steven Kwan,L,CLE,1,Tomoyuki Sugano,R,608372.0,824315,CLE @ COL,12:10 PM,23/08,Scheduled,0.7125189979656411,-285.0,300.0,74.0,False,1011010110,estimated,0,0,0.0,0,0,0.29809453260541224,0.26080644086283694,0.09966240502529222,0.36416866517842716,0.070148172739881,20,1,0.04878789719910076,1.148,35.4,D,0.23646873357856016,2.916126522536984,0.4295066186078037,0.13750353105934499,20,6,0,0.22935779816513763,0.2781456953642384,0.5105263157894737,0.2731578947368421,0.2163157894736842,0.27782764811490124,0.2701612903225806,0.26485148514851486,0.2746083357966302,0.2777777777777778,268,0.24858757062146894,226,False,False,0.6643196790959255,0.048199318869715624,3.483050847457627,4.186440677966102,118,,,,,,,0.10779362733555074,20,4.7,1.26,118.2,12.0,6.0,69.0,27.0,0.0,0.0,0.0,22.0,SP,22.0,498.0,123.0,22.6,5.23,2.05,9.33,1.97,23.01731447661232,-0.01861899796564115,8,0.8888888888888888,5.0,7,6,1,1,0.0,4.815576482834167,0.19946842091806866,0.2607655502392344,0.09940357852882704,0.13916500994035785,0.09510869565217392,0.30520289855072463,0.2648221343873518,4.442,0.3271869631884326
670541,Yordan Álvarez,L,HOU,2,Brady Basso,L,669620.0,824150,ATH @ HOU,11:10 AM,23/08,Scheduled,0.7118997830098394,-223.0,233.0,69.0,False,0110101110,estimated,0,0,0.0,0,0,0.3115723249245853,0.3203858533209213,0.5143178216433513,0.3548087084054899,0.16325462116582806,20,1,-0.07794997698327455,0.998,58.5,C,0.2605042016806723,9.59522454108897,0.3964233855920857,0.17075162702527621,16,5,0,0.2631578947368421,0.34110787172011664,0.5826330532212886,0.4061624649859944,0.011204481792717087,0.32007152436298614,0.30230326295585414,0.3748251748251748,0.3266319185902209,0.35,356,0.267515923566879,200,False,False,0.688335010641468,0.0235647723683714,3.5984251968503935,4.377952755905512,127,,,,,,,0.11209684308680251,20,3.91,1.35,23.0,0.0,0.0,19.0,3.0,0.0,1.0,1.0,2.0,RP,16.0,100.0,28.0,6.2,7.43,1.17,10.96,0.78,6.352446284114921,-0.010737283009839449,8,0.8888888888888888,-10.0,5,6,1,1,0.0,4.143605494789571,0.10921979944067765,0.31494252873563217,0.17300380228136883,0.11406844106463879,0.536531007751938,0.4126686046511628,0.23076923076923078,4.35,0.3679845961618671
666160,Mickey Moniak,L,COL,5,Foster Griffin,L,656492.0,824315,CLE @ COL,12:10 PM,23/08,Scheduled,0.7069305030140677,,,,False,0010010101,estimated,0,0,0.0,0,0,0.18183555566661783,0.26769982132244813,0.45894246239923336,0.2628992644317468,0.27070545480912334,20,1,-0.040795310519645106,1.148,70.7,B,0.2929553264604811,3.8996001943808194,0.3841222293248396,0.2167846518091562,20,5,0,0.22916666666666666,0.26996197718631176,0.5898538263112639,0.2407566638005159,0.16938950988822013,0.2340036563071298,0.26598837209302323,0.2835249042145594,0.2549526270456503,0.25668449197860965,201,0.27419354838709675,139,False,False,0.6219357123561785,0.08499479065788917,3.4555555555555557,3.7777777777777777,90,,,,,,,-0.11478727373221592,20,3.18,1.11,144.1,14.0,4.0,131.0,35.0,0.0,0.0,0.0,25.0,SP,25.0,589.0,125.0,23.6,8.17,2.18,7.79,1.43,23.759660366758183,0.005344496985932312,4,0.5,16.0,7,6,1,1,0.0,4.039778726778658,0.06259275124874353,0.2725060827250608,0.25900900900900903,0.0518018018018018,0.4196509009009009,0.3114290540540541,0.18309859154929578,4.024,0.30507696386186334
682657,Angel Martínez,L,CLE,5,Tomoyuki Sugano,R,608372.0,824315,CLE @ COL,12:10 PM,23/08,Scheduled,0.7026405237505801,,,,False,1111001110,estimated,0,0,0.0,0,0,0.27804383602225485,0.35650581199351494,0.2646756449718345,0.3554618235380055,0.19324969014831214,20,2,-0.091970802919708,1.148,35.4,D,0.23646873357856016,2.916126522536984,0.4295066186078037,0.13750353105934499,20,6,0,0.291970802919708,0.2,0.5105263157894737,0.2731578947368421,0.2163157894736842,0.238716148445336,0.2633587786259542,0.2340909090909091,0.243531202435312,0.24025974025974026,165,0.24475524475524477,152,False,False,0.6041799716613573,0.09846055208922277,3.6666666666666665,3.9135802469135803,81,,,,,,,0.03143614656829612,20,4.7,1.26,118.2,12.0,6.0,69.0,27.0,0.0,0.0,0.0,22.0,SP,22.0,498.0,123.0,22.6,5.23,2.05,9.33,1.97,23.01731447661232,-0.03727802375058009,8,0.8888888888888888,5.0,7,6,1,1,0.0,3.6521475705076174,0.008896579503926109,0.235,0.22916666666666666,0.037037037037037035,0.3344407530454042,0.3037508305647841,0.2648221343873518,4.024,0.3271869631884326
670623,Isaac Paredes,R,HOU,3,Brady Basso,L,669620.0,824150,ATH @ HOU,11:10 AM,23/08,Scheduled,0.7009222565674058,,,,False,1011101110,estimated,0,0,0.0,0,0,0.2803615518580967,0.25961263993225736,0.19399264421174978,0.28355029003154686,0.05116284991029913,20,1,-0.007226107226107226,0.998,58.5,C,0.2605042016806723,9.59522454108897,0.3964233855920857,0.17075162702527621,16,5,0,0.2564102564102564,0.2636363636363636,0.5826330532212886,0.4061624649859944,0.011204481792717087,0.26184323858742464,0.25317401045556387,0.34201954397394135,0.2703902781023604,0.2746478873239437,322,0.2392638036809816,197,False,False,0.682676927927154,0.018245328640251857,3.6639344262295084,4.254098360655738,122,,,,,,,0.03366897195237168,20,3.91,1.35,23.0,0.0,0.0,19.0,3.0,0.0,1.0,1.0,2.0,RP,16.0,100.0,28.0,6.2,7.43,1.17,10.96,0.78,6.352446284114921,-0.011584756567405874,8,0.8888888888888888,-10.0,5,6,1,1,0.0,4.237442133105304,0.0983095167734508,0.2642369020501139,0.12941176470588237,0.09411764705882353,0.2801608579088472,0.29680428954423593,0.3333333333333333,4.25,0.3679845961618671
672640,Otto Lopez,R,MIA,3,Jackson Kent,L,800600.0,823827,WSH @ MIA,10:40 AM,23/08,Scheduled,0.7006105062148206,,,,False,0010110111,estimated,0,0,0.0,0,0,0.22110439233588805,0.304954937240298,0.37227468453965157,0.2514337896305431,0.06530231224869153,20,1,0.09062334163366942,1.0,50.0,C,0.2037037037037037,,,,2,5,0,0.37404580152671757,0.28342245989304815,0.4567901234567901,0.3333333333333333,0.20987654320987653,0.33298538622129437,0.2777777777777778,0.33111480865224624,0.3134212567882079,0.3051948051948052,331,0.3096446700507614,217,False,True,0.692882904842716,0.007727601372104598,4.007936507936508,4.349206349206349,126,,,,,,,0.04714340354618417,20,9.39,2.48,7.2,0.0,1.0,9.0,8.0,0.0,0.0,0.0,2.0,SP,2.0,41.0,11.0,20.5,10.57,9.39,12.91,1.17,,-0.007277172881487215,6,0.6666666666666666,4.0,7,6,0,1,0.0,4.345145429653016,0.07410900875514538,0.3064182194616977,0.12619502868068833,0.0497131931166348,0.4115907274180655,0.329271382893685,0.3,4.25,0.3089246745074752
681198,Tj Rumfield,L,COL,3,Foster Griffin,L,656492.0,824315,CLE @ COL,12:10 PM,23/08,Scheduled,0.6995237705491615,,,,False,1011011100,estimated,0,0,0.0,0,0,0.21514983854028108,0.3004686014040872,0.22882099968735448,0.2490777745764852,0.11802355489610009,20,1,-0.018715076330775626,1.148,70.7,B,0.2929553264604811,3.8996001943808194,0.3841222293248396,0.2167846518091562,20,5,0,0.2743362831858407,0.2930513595166163,0.5898538263112639,0.2407566638005159,0.16938950988822013,0.29356172474896636,0.25093283582089554,0.2326007326007326,0.27103365384615385,0.2631578947368421,302,0.3258426966292135,204,True,False,0.6689329595391721,0.030590811009989394,3.552,4.048,125,,,,,,,-0.031249445649365003,20,3.18,1.11,144.1,14.0,4.0,131.0,35.0,0.0,0.0,0.0,25.0,SP,25.0,589.0,125.0,23.6,8.17,2.18,7.79,1.43,23.759660366758183,-0.013498770549161376,4,0.5,16.0,7,6,1,1,0.0,4.124900203034536,0.09143463202555434,0.28169014084507044,0.13786008230452676,0.09876543209876543,0.26508820798514393,0.3005787372330548,0.18309859154929578,4.25,0.30507696386186334
672515,Gabriel Moreno,R,AZ,3,Andrew Abbott,L,671096.0,825043,CIN @ AZ,1:15 PM,23/08,Scheduled,0.6995237705491615,,,,False,1111111111,estimated,7,2,0.2857142857142857,1,2024,0.3146267605814029,0.36889557863804473,0.496985521755626,0.401935244696876,0.1815246020342042,20,1,-0.06732144201098816,1.0,49.9,D,0.2634062634062634,1.614914505910002,0.37893513609110047,0.1857686772115637,20,5,0,0.2621359223300971,0.32945736434108525,0.4732758620689655,0.33491379310344827,0.19181034482758622,0.3154796939376104,0.29275970619097585,0.32054794520547947,0.3067807768268598,0.31100478468899523,236,0.3092105263157895,184,False,False,0.678545266492463,0.020978504056698433,3.61,4.2,100,,,,,,,0.218699716556531,20,4.07,1.4,139.1,6.0,8.0,108.0,66.0,0.0,0.0,0.0,26.0,SP,26.0,604.0,129.0,23.2,6.98,4.26,8.33,1.16,23.725345331236536,-0.02022377054916147,6,0.75,17.0,7,6,0,1,0.0,4.5873129468763985,0.07293894313276206,0.31002331002331,0.15476190476190477,0.11706349206349206,0.4346628679962013,0.35184615384615386,0.24795640326975477,4.25,0.33973137388084745
694197,Angel Genao,L,CLE,6,Tomoyuki Sugano,R,608372.0,824315,CLE @ COL,12:10 PM,23/08,Scheduled,0.6989206748244695,,,,False,0101011111,estimated,0,0,0.0,0,0,0.29924931075197714,0.285570971117624,0.5085557356087379,0.316087557725285,0.08384247528479653,15,1,-0.030303030303030276,1.148,35.4,D,0.23646873357856016,2.916126522536984,0.4295066186078037,0.13750353105934499,20,6,0,0.3333333333333333,0.30303030303030304,0.5105263157894737,0.2731578947368421,0.2163157894736842,0.25396825396825395,0.17333333333333334,0.20967741935483872,0.22699386503067484,0.3333333333333333,25,0.3,34,True,False,0.5937508599470954,0.10516981487737409,3.6,3.933333333333333,15,,,,,,,-0.055665181522890086,15,4.7,1.26,118.2,12.0,6.0,69.0,27.0,0.0,0.0,0.0,22.0,SP,22.0,498.0,123.0,22.6,5.23,2.05,9.33,1.97,23.01731447661232,-0.02537067482446953,8,0.8888888888888888,5.0,7,6,1,1,0.0,3.9671466691142276,0.10578021108183848,,,,,,0.2648221343873518,3.896,0.3271869631884326
802415,Chandler Simpson,L,TB,4,Shane Baz,R,669358.0,824799,TB @ BAL,10:35 AM,23/08,Scheduled,0.6982246638790869,,,,False,1111111111,estimated,7,2,0.2857142857142857,1,2026,0.3589232134683025,0.2533066560361232,0.09427005380662505,0.3830870861002238,0.06134675316423208,20,1,0.061022727272727284,1.044,51.9,C,0.2649895178197065,3.2306202831341575,0.4528980766397656,0.22317769152869565,20,5,0,0.26,0.3210227272727273,0.5848421052631579,0.328,0.0871578947368421,0.3155694879832811,0.2778561354019746,0.2808219178082192,0.30249918857513797,0.32727272727272727,295,0.2768361581920904,193,False,False,0.6816250487837149,0.016599615095372,3.8632478632478633,4.170940170940171,117,,,,,,,0.43297829362090656,20,4.02,1.35,145.2,4.0,13.0,132.0,49.0,0.0,0.0,0.0,25.0,SP,25.0,623.0,147.0,24.9,8.16,3.03,9.08,0.68,24.593125087617327,0.0011253361209130341,6,0.75,-1.0,6,7,1,1,0.0,4.366898358545793,0.010230534125936677,0.3080260303687636,0.08450704225352113,0.04225352112676056,0.13385043754972156,0.27829435163086713,0.28307692307692306,4.159,0.34657661314523724
691406,Junior Caminero,R,TB,3,Shane Baz,R,669358.0,824799,TB @ BAL,10:35 AM,23/08,Scheduled,0.692882904842716,-223.0,233.0,69.0,False,1010111111,estimated,6,2,0.3333333333333333,1,2026,0.2425918084795504,0.28926807475975613,0.45251351943297186,0.28485597845423793,0.19569018911830227,20,1,0.013400016881911059,1.044,51.9,C,0.2649895178197065,3.2306202831341575,0.4528980766397656,0.22317769152869565,20,5,0,0.26515151515151514,0.2785515320334262,0.5848421052631579,0.328,0.0871578947368421,0.297204512015694,0.2651734104046243,0.2996632996632997,0.2870120304443899,0.2987012987012987,339,0.23497267759562843,222,False,False,0.688335010641468,0.004547894201248015,3.8359375,4.3828125,128,,,,,,,0.06457717972156882,20,4.02,1.35,145.2,4.0,13.0,132.0,49.0,0.0,0.0,0.0,25.0,SP,25.0,623.0,147.0,24.9,8.16,3.03,9.08,0.68,24.593125087617327,-0.00866623817604939,6,0.75,-1.0,6,7,1,1,0.0,4.326244313331737,0.045533309823088224,0.27729257641921395,0.18666666666666668,0.09333333333333334,0.513425925925926,0.3427611111111111,0.23706896551724138,4.25,0.34657661314523724
665161,Jeremy Peña,R,HOU,1,Brady Basso,L,669620.0,824150,ATH @ HOU,11:10 AM,23/08,Scheduled,0.692882904842716,,,,False,0101111001,estimated,0,0,0.0,0,0,0.15670676702494823,0.3566708518448061,0.3398731578164742,0.3120835141991871,0.37884900930096493,20,1,-0.10399999999999998,0.998,58.5,C,0.2605042016806723,9.59522454108897,0.3964233855920857,0.17075162702527621,16,5,0,0.2,0.304,0.5826330532212886,0.4061624649859944,0.011204481792717087,0.28343465045592703,0.2678185745140389,0.2696969696969697,0.27586206896551724,0.28431372549019607,221,0.27927927927927926,124,False,False,0.6689329595391721,0.023949945303543885,3.9873417721518987,4.367088607594937,79,,,,,,,-0.14709943045710586,20,3.91,1.35,23.0,0.0,0.0,19.0,3.0,0.0,1.0,1.0,2.0,RP,16.0,100.0,28.0,6.2,7.43,1.17,10.96,0.78,6.352446284114921,-0.02127040484271603,8,0.8888888888888888,-10.0,5,6,1,1,0.0,4.223225650788789,0.029082584095138853,0.27800829875518673,0.20415879017013233,0.0661625708884688,0.4201871657754011,0.3468422459893048,0.3333333333333333,4.442,0.3679845961618671
683002,Gunnar Henderson,L,BAL,3,Nick Martínez,R,607259.0,824799,TB @ BAL,10:35 AM,23/08,Scheduled,0.6876313980294507,-186.0,194.0,65.0,False,0110101111,estimated,0,0,0.0,0,0,0.24092751754618977,0.37988240618673896,0.427674673221471,0.334924889451546,0.1499478585353026,20,1,-0.014321789321789319,1.044,69.7,B,0.2610887096774194,4.549092448791299,0.33377579188546225,0.14497774193740653,20,5,0,0.23376623376623376,0.21944444444444444,0.6370519939424533,0.08884401817264008,0.2741039878849066,0.2066115702479339,0.21254071661237786,0.1863799283154122,0.20407229466941204,0.21656050955414013,345,0.235,235,False,False,0.638123218288985,0.04950817974046573,4.015625,4.53125,128,,,,,,,0.007957952042224626,20,3.05,1.14,141.2,12.0,4.0,83.0,22.0,0.0,0.0,0.0,24.0,SP,24.0,574.0,139.0,23.9,5.27,1.4,8.83,1.08,23.978551309364683,-0.0356313980294507,7,0.7777777777777778,-9.0,7,7,1,1,0.0,4.199162169953266,0.16207966621739417,0.22245322245322247,0.2177121771217712,0.08671586715867159,0.45546372819100095,0.3245619834710744,0.23384615384615384,4.25,0.35527126214531163
678882,Ceddanne Rafaela,R,BOS,2,Matthew Wilkinson,L,683363.0,824720,SF @ BOS,12:15 PM,23/08,Scheduled,0.6866293280703446,,,,False,1111011011,estimated,0,0,0.0,0,0,0.29144200741168114,0.346597481843223,0.32803010455539744,0.3657881449664625,0.20569122399792672,20,1,0.006939594972067031,1.063,50.0,C,0.12,,,,1,4,0,0.2890625,0.28212290502793297,0.76,0.12,0.12,0.2782355792535143,0.2645324347093513,0.25862068965517243,0.2722812755519215,0.26666666666666666,304,0.30845771144278605,215,False,True,0.6729813063005917,0.013648021769752883,4.016528925619835,4.289256198347108,121,,,,,,,0.09471778794094209,20,0.0,0.5,2.0,0.0,0.0,0.0,0.0,0.0,0.0,0.0,1.0,SP,1.0,7.0,1.0,7.0,0.0,0.0,4.5,0.0,,-0.008469328070344617,5,0.625,-18.0,7,6,1,1,0.0,4.823041751236938,0.025977115319299127,0.28482328482328484,0.20428015564202334,0.038910505836575876,0.3280585106382979,0.3198085106382979,,4.35,0.31661443448442295
695506,Jac Caglianone,L,KC,3,,R,,824071,DET @ KC,11:10 AM,23/08,Scheduled,0.6862379122707591,,,,False,1111011101,estimated,0,0,0.0,0,0,0.4101661181836496,0.38421106350412637,0.5113951179327726,0.4798706385093849,0.190932392804661,20,1,-0.022663196703535005,1.028,,,,,,,0,0,0,0.29310344827586204,0.27044025157232704,,,,0.26366120218579236,0.23931623931623933,0.26159554730983303,0.2544861337683524,0.26877470355731226,277,0.287292817679558,192,False,False,0.6683140864683071,0.017923825802451998,3.5867768595041323,3.87603305785124,121,,,,,,,0.20450070846935114,20,,,,,,,,,,,,,,,,,,,,,,-0.0011093408421877227,7,0.7777777777777778,-5.0,6,7,1,1,0.0,3.89266363206739,0.0,0.27713625866050806,0.25854700854700857,0.057692307692307696,0.5512820512820513,0.3892051282051282,,4.25,0.28642942170052615
702616,Jackson Holliday,L,BAL,2,Nick Martínez,R,607259.0,824799,TB @ BAL,10:35 AM,23/08,Scheduled,0.6862379122707591,,,,False,0111100011,estimated,0,0,0.0,0,0,0.177065143733645,0.2711058123495556,0.2472531579978422,0.2133269652329691,0.20762339099792607,20,1,0.07142857142857142,1.044,69.7,B,0.2610887096774194,4.549092448791299,0.33377579188546225,0.14497774193740653,20,5,0,0.17857142857142858,0.25,0.6370519939424533,0.08884401817264008,0.2741039878849066,0.19975932611311673,0.21182266009852216,0.19455252918287938,0.2020066889632107,0.224,145,0.24299065420560748,127,False,False,0.631997178447138,0.05424073382362116,2.9743589743589745,3.4871794871794872,78,,,,,,,-0.0727825525762536,20,3.05,1.14,141.2,12.0,4.0,83.0,22.0,0.0,0.0,0.0,24.0,SP,24.0,574.0,139.0,23.9,5.27,1.4,8.83,1.08,23.978551309364683,-0.04500934084218777,7,0.7777777777777778,-9.0,7,7,1,1,0.0,4.280169347210662,0.052618610785245615,0.22448979591836735,0.2064516129032258,0.13548387096774195,0.3476914414414415,0.3094324324324324,0.23384615384615384,4.35,0.35527126214531163
643446,Jeff Mcneil,L,ATH,2,Cristian Javier,R,664299.0,824150,ATH @ HOU,11:10 AM,23/08,Scheduled,0.6862379122707591,,,,False,1100111011,estimated,7,1,0.14285714285714285,1,2023,0.30123724554216963,0.3190363527152857,0.27524627908198995,0.3284797179379614,0.0641106593102167,20,1,0.03341336534613848,0.998,32.0,F,0.2557427258805513,2.379728961490607,0.40546030262308264,0.21912882684412355,11,5,0,0.23529411764705882,0.2687074829931973,0.5773353751914242,0.26339969372128635,0.15926493108728942,0.24311926605504589,0.23507462686567165,0.25,0.2424109106907171,0.27586206896551724,220,0.24528301886792453,177,False,False,0.6729813063005917,0.013256605970167423,3.175438596491228,3.482456140350877,114,,,,,,,0.21498208855264325,20,6.44,1.68,36.1,1.0,4.0,30.0,17.0,0.0,0.0,0.0,7.0,SP,11.0,167.0,44.0,15.2,7.43,4.21,10.9,1.73,15.711753290328298,-0.021557912270759094,5,0.7142857142857143,3.0,7,7,1,1,0.0,3.939613378245582,0.02941868121312137,0.25396825396825395,0.1111111111111111,0.06038647342995169,0.3081325301204819,0.3047560240963855,0.27941176470588236,4.35,0.3165325977328633
694249,Cole Carrigg,L,COL,2,Foster Griffin,L,656492.0,824315,CLE @ COL,12:10 PM,23/08,Scheduled,0.6844719197257064,,,,False,0111101110,estimated,0,0,0.0,0,0,0.22194339611675482,0.3396896209264412,0.31825748932373005,0.34209407801876107,0.24818541845620778,20,1,0.08995215311004787,1.148,70.7,B,0.2929553264604811,3.8996001943808194,0.3841222293248396,0.2167846518091562,20,5,0,0.3263157894736842,0.23636363636363636,0.5898538263112639,0.2407566638005159,0.16938950988822013,0.2813299232736573,0.2532981530343008,0.24722222222222223,0.265748031496063,0.28346456692913385,140,0.2692307692307692,101,True,False,0.6405642105658761,0.04390770915983033,3.5344827586206895,4.155172413793103,58,,,,,,,0.18981158523490277,20,3.18,1.11,144.1,14.0,4.0,131.0,35.0,0.0,0.0,0.0,25.0,SP,25.0,589.0,125.0,23.6,8.17,2.18,7.79,1.43,23.759660366758183,-0.0020469197257064753,4,0.5,16.0,7,6,1,1,0.0,4.510663750310625,0.10346037918162092,0.2744186046511628,0.21739130434782608,0.09881422924901186,0.33645833333333336,0.3286375,0.18309859154929578,4.35,0.30507696386186334
808982,Jung Hoo Lee,L,SF,4,Jake Bennett,L,687562.0,824720,SF @ BOS,12:15 PM,23/08,Scheduled,0.6830936266253739,,,,False,1000111101,estimated,0,0,0.0,0,0,0.23614084086708456,0.2979407502950528,0.34589230199022053,0.273845807161417,0.11271377083143005,20,1,-0.033256629410475524,1.063,76.8,B,0.2651122625215889,4.028130048827293,0.36451727300853143,0.19775688637704386,14,9,0,0.26851851851851855,0.30177514792899407,0.6335944299390774,0.10356832027850305,0.2628372497824195,0.2856380138814736,0.2676659528907923,0.2986666666666667,0.2817783343769568,0.27309236947791166,264,0.3197969543147208,212,False,True,0.6795174496234097,0.0035761770019642203,3.8119658119658117,4.068376068376068,117,,,,,,,-0.1459800498236826,20,3.46,1.07,80.2,7.0,6.0,61.0,17.0,0.0,0.0,0.0,14.0,SP,14.0,323.0,69.0,23.1,6.81,1.9,7.7,0.67,23.22146353846782,-0.002131126625373847,8,1.0,15.0,7,6,1,1,0.0,4.254158643070952,0.055927799650812876,0.29605263157894735,0.10082304526748971,0.0411522633744856,0.3018018018018018,0.3184686732186732,0.17567567567567569,4.159,0.30905501389165657
664761,Alec Bohm,R,PHI,5,Kyle Leahy,R,681517.0,823421,STL @ PHI,10:35 AM,23/08,Scheduled,0.682676927927154,,,,False,1111111011,estimated,0,0,0.0,0,0,0.3774419313066921,0.3472629791921418,0.41747048455589225,0.3966125780390379,0.04860716747651376,20,1,-0.03644005372849779,1.009,50.9,C,0.2713791398912506,5.156741470050302,0.47719615073820076,0.2453991430715861,20,5,0,0.272108843537415,0.2356687898089172,0.39762611275964393,0.4629080118694362,0.1394658753709199,0.22556762092793683,0.2247191011235955,0.254416961130742,0.22789425706472197,0.24621212121212122,284,0.24873096446700507,224,False,False,0.6795127207087394,0.003164207218414594,3.747967479674797,4.130081300813008,123,,,,,,,0.09417314482635646,20,3.24,1.31,122.1,10.0,4.0,111.0,35.0,0.0,0.0,0.0,24.0,SP,24.0,516.0,125.0,21.5,8.17,2.57,9.2,0.88,21.03576736082412,-0.000989427927154063,8,0.8888888888888888,30.0,7,6,1,1,0.0,4.277553683574426,0.0335386801598718,0.2511111111111111,0.13737373737373737,0.05858585858585859,0.4306282722513089,0.31083071553228625,0.21645021645021645,4.024,0.3177910795995636
695734,Daylen Lile,L,WSH,3,Janson Junk,R,676083.0,823827,WSH @ MIA,10:40 AM,23/08,Scheduled,0.6817400502561619,,,,False,1110010010,estimated,5,2,0.4,1,2025,0.19405572220001321,0.3226995616222328,0.39125430360098495,0.2728819651935744,0.2842388970154305,20,1,-0.012299082449404558,1.0,43.5,D,0.24562584118438763,2.290293151423844,0.40292779088091113,0.1593153650261255,18,6,0,0.25196850393700787,0.2396694214876033,0.396900269541779,0.4238544474393531,0.1792452830188679,0.21154913936701833,0.21651560926485397,0.24033613445378152,0.21719988259465806,0.23722627737226276,294,0.25,237,False,False,0.6475111774911362,0.03422887276502573,3.828125,4.1484375,128,,,,,,,-0.0422583380117507,20,4.37,1.36,92.2,6.0,8.0,66.0,26.0,0.0,0.0,0.0,18.0,SP,18.0,396.0,100.0,22.0,6.41,2.53,9.71,1.17,21.672989125014517,-0.02142338358949525,6,0.6666666666666666,14.0,6,6,0,1,0.0,4.1412256128967755,0.022087868590758484,0.23736263736263735,0.20242914979757085,0.05263157894736842,0.3652582159624413,0.31994929577464787,0.31277533039647576,4.25,0.2933916816693733
683953,Travis Bazzana,L,CLE,7,Tomoyuki Sugano,R,608372.0,824315,CLE @ COL,12:10 PM,23/08,Scheduled,0.6810999836213032,,,,False,1001001111,estimated,0,0,0.0,0,0,0.2445671619559518,0.314663987868654,0.3640798443774538,0.31240973187017096,0.15376036990523165,20,1,-0.01339285714285715,1.148,35.4,D,0.23646873357856016,2.916126522536984,0.4295066186078037,0.13750353105934499,20,6,0,0.25,0.23660714285714285,0.5105263157894737,0.2731578947368421,0.2163157894736842,0.22893165228931653,0.2734646581691773,0.25523012552301255,0.2463209530483532,0.2562814070351759,229,0.2229299363057325,180,True,False,0.5928846491642994,0.0882153344570038,3.7083333333333335,4.260416666666667,96,,,,,,,0.07246466990105016,20,4.7,1.26,118.2,12.0,6.0,69.0,27.0,0.0,0.0,0.0,22.0,SP,22.0,498.0,123.0,22.6,5.23,2.05,9.33,1.97,23.01731447661232,-0.0323749836213032,8,0.8888888888888888,5.0,7,6,1,1,0.0,3.9483333109735588,0.07501685625843582,0.25135135135135134,0.21176470588235294,0.11058823529411765,0.37529761904761905,0.28949285714285716,0.2648221343873518,3.76,0.3271869631884326
664034,Ty France,R,SD,4,Bailey Ober,R,641927.0,823258,MIN @ SD,1:10 PM,23/08,Scheduled,0.6794895095470093,,,,False,1110011111,estimated,15,3,0.2,1,2022,0.33749628658184233,0.3604834799920755,0.5069930484924636,0.41630608136783437,0.20127477554521853,20,1,-0.005329593267882182,0.954,56.7,C,0.25828220858895706,2.8287635281410783,0.3739481216195093,0.15725179508864376,19,6,0,0.2956521739130435,0.2903225806451613,0.35337423312883437,0.3042944785276074,0.3423312883435583,0.27751834556370913,0.27692307692307694,0.3482758620689655,0.2878184713375796,0.3114754098360656,207,0.2684563758389262,169,False,False,0.6689701373316902,0.010519372215319067,3.3535353535353534,3.797979797979798,99,,,,,,,0.03141685752200789,20,4.62,1.25,103.1,7.0,4.0,71.0,26.0,0.0,0.0,0.0,19.0,SP,19.0,435.0,103.0,22.9,6.18,2.26,8.97,1.48,22.964160669631656,-0.033289509547009155,8,1.0,-7.0,7,6,0,1,0.0,4.202769064779775,0.11615575639561747,0.28421052631578947,0.2154566744730679,0.05152224824355972,0.47627314814814814,0.32122395833333334,0.26704545454545453,4.159,0.34798770018869873
677587,Brayan Rocchio,L,CLE,9,Tomoyuki Sugano,R,608372.0,824315,CLE @ COL,12:10 PM,23/08,Scheduled,0.6791464796231189,,,,False,1101110101,estimated,0,0,0.0,0,0,0.17617301662043933,0.2525015473539721,0.2707904378250169,0.20791828294441,0.1309228928571594,20,3,-0.01816870944484497,1.148,35.4,D,0.23646873357856016,2.916126522536984,0.4295066186078037,0.13750353105934499,20,6,0,0.2602739726027397,0.24210526315789474,0.5105263157894737,0.2731578947368421,0.2163157894736842,0.2359781121751026,0.24074074074074073,0.22596964586846544,0.23713490959666203,0.25116279069767444,241,0.24537037037037038,238,False,False,0.6004744262695224,0.0786720533535965,3.5040650406504064,3.894308943089431,123,,,,,,,0.005148912801269851,20,4.7,1.26,118.2,12.0,6.0,69.0,27.0,0.0,0.0,0.0,22.0,SP,22.0,498.0,123.0,22.6,5.23,2.05,9.33,1.97,23.01731447661232,-0.013771479623118976,8,0.8888888888888888,5.0,7,6,1,1,0.0,3.9018920661928185,0.0557115096618654,0.25235849056603776,0.14712153518123666,0.06396588486140725,0.3113145539906103,0.28821596244131453,0.2648221343873518,3.443,0.3271869631884326
650489,Willi Castro,L,COL,4,Foster Griffin,L,656492.0,824315,CLE @ COL,12:10 PM,23/08,Scheduled,0.6788494429121504,,,,False,0101111011,estimated,0,0,0.0,0,0,0.2773166613303644,0.4131331209781074,0.4593867161262237,0.4391910903226229,0.31060929554867245,20,1,-0.013467656415694584,1.148,70.7,B,0.2929553264604811,3.8996001943808194,0.3841222293248396,0.2167846518091562,20,5,0,0.25609756097560976,0.26956521739130435,0.5898538263112639,0.2407566638005159,0.16938950988822013,0.25449101796407186,0.25546448087431695,0.22237960339943344,0.24679075738125802,0.28888888888888886,249,0.23076923076923078,194,False,False,0.6174182464661991,0.0614311964459513,3.581818181818182,4.027272727272727,110,,,,,,,0.17618279462055567,20,3.18,1.11,144.1,14.0,4.0,131.0,35.0,0.0,0.0,0.0,25.0,SP,25.0,589.0,125.0,23.6,8.17,2.18,7.79,1.43,23.759660366758183,0.010675557087849508,4,0.5,16.0,7,6,1,1,0.0,4.00119030795992,0.09080342481508079,0.2624113475177305,0.27578947368421053,0.08210526315789474,0.41210045662100453,0.3238227739726028,0.18309859154929578,4.159,0.30507696386186334
805808,Kevin Mcgonigle,L,DET,2,Daniel Lynch,L,663738.0,824071,DET @ KC,11:10 AM,23/08,Scheduled,0.6788494429121504,,,,False,0110011110,estimated,0,0,0.0,0,0,0.24829865554794897,0.2699221131971258,0.3644102762576421,0.3077062256940528,0.13748953483572787,20,1,-0.08442160249389169,1.028,67.4,B,0.2884130982367758,2.805378678079505,0.36199931681183983,0.12148198267918624,20,5,0,0.21678321678321677,0.30120481927710846,0.45717884130982367,0.30100755667506296,0.24181360201511334,0.2743682310469314,0.281986531986532,0.26116373477672533,0.2738009158833454,0.28125,338,0.26737967914438504,224,True,False,0.6738949728098537,0.004954470102296771,3.8306451612903225,4.532258064516129,124,,,,,,,0.08748151517825913,20,2.83,1.02,54.0,4.0,4.0,41.0,16.0,1.0,2.0,3.0,3.0,RP,49.0,218.0,39.0,4.4,6.83,2.67,6.5,0.67,5.902385644464977,0.0011172237545161723,6,0.6666666666666666,15.0,7,6,1,1,0.0,4.638873228667231,0.10615153950014042,0.2792207792207792,0.13761467889908258,0.13577981651376148,0.3638242894056848,0.3074392764857881,0.15555555555555556,4.35,0.2737156324953918
701398,Sal Stewart,R,CIN,2,Mitch Bratt,L,683352.0,825043,CIN @ AZ,1:15 PM,23/08,Scheduled,0.6788494429121504,,,,False,1101111111,estimated,0,0,0.0,0,0,0.30932444853724944,0.3924528255645849,0.3130393308131694,0.408138552951717,0.2052529707899634,20,1,-0.051752718053727276,1.0,51.3,C,0.21839080459770116,1.0862234528650585,0.35800889244824735,0.14689901091676025,8,6,0,0.2169811320754717,0.268733850129199,0.512396694214876,0.3867768595041322,0.10082644628099173,0.26227897838899805,0.27391304347826084,0.28703703703703703,0.26876987038395694,0.2727272727272727,341,0.23243243243243245,219,False,True,0.649387935084607,0.02946150782754342,3.8217054263565893,4.341085271317829,129,,,,,,,0.2420692139043166,20,4.17,1.47,36.2,1.0,2.0,25.0,22.0,0.0,0.0,0.0,8.0,SP,8.0,159.0,32.0,19.9,6.14,5.4,7.85,1.23,20.051254470054868,-0.035482776245483794,6,0.8571428571428571,24.0,6,8,0,1,0.0,4.36741795269193,0.030850138712581875,0.2548596112311015,0.22413793103448276,0.08045977011494253,0.3836223506743738,0.3361859344894027,0.22916666666666666,4.35,0.3095974491054189
682829,Elly De La Cruz,L,CIN,1,Mitch Bratt,L,683352.0,825043,CIN @ AZ,1:15 PM,23/08,Scheduled,0.6788494429121504,-203.0,223.0,67.0,False,0001001101,estimated,0,0,0.0,0,0,0.1998718138448359,0.3657110420196596,0.45357304020585026,0.2837169892343168,0.29560435852345485,20,1,0.015473659343255397,1.0,51.3,C,0.21839080459770116,1.0862234528650585,0.35800889244824735,0.14689901091676025,8,6,0,0.27450980392156865,0.25903614457831325,0.512396694214876,0.3867768595041322,0.10082644628099173,0.23983315954118875,0.24658703071672355,0.23580246913580247,0.24136165856155617,0.25357142857142856,309,0.2792207792207792,185,False,True,0.6417197048717919,0.03712973804035857,3.9454545454545453,4.490909090909091,110,,,,,,,-0.06812245841248028,20,4.17,1.47,36.2,1.0,2.0,25.0,22.0,0.0,0.0,0.0,8.0,SP,8.0,159.0,32.0,19.9,6.14,5.4,7.85,1.23,20.051254470054868,-0.04261610957881712,6,0.8571428571428571,24.0,6,8,0,1,0.0,4.455184929428455,0.110784137042266,0.25862068965517243,0.2746212121212121,0.10984848484848485,0.5282131661442007,0.38142528735632186,0.2564102564102564,4.442,0.3095974491054189
682998,Corbin Carroll,L,AZ,1,Andrew Abbott,L,671096.0,825043,CIN @ AZ,1:15 PM,23/08,Scheduled,0.6788494429121504,-194.0,203.0,66.0,False,1111100111,estimated,5,1,0.2,1,2025,0.2814512734286289,0.30768865293545744,0.4525018206135417,0.3324535705546975,0.12807673707188102,20,1,0.1568965517241379,1.0,49.9,D,0.2634062634062634,1.614914505910002,0.37893513609110047,0.1857686772115637,20,5,0,0.36666666666666664,0.20977011494252873,0.4732758620689655,0.33491379310344827,0.19181034482758622,0.24489795918367346,0.27655310621242485,0.2141732283464567,0.24784154393092941,0.2668918918918919,333,0.22093023255813954,211,False,False,0.6530597410802707,0.025789701831879785,3.744,4.352,125,,,,,,,0.16769591721067048,20,4.07,1.4,139.1,6.0,8.0,108.0,66.0,0.0,0.0,0.0,26.0,SP,26.0,604.0,129.0,23.2,6.98,4.26,8.33,1.16,23.725345331236536,-0.02753277624548378,6,0.75,17.0,7,6,0,1,0.0,4.463338807102917,0.13325283796035034,0.24611973392461198,0.21606118546845124,0.11281070745697896,0.49457593688362916,0.33528599605522685,0.2198581560283688,4.442,0.33973137388084745
547180,Bryce Harper,L,PHI,3,Kyle Leahy,R,681517.0,823421,STL @ PHI,10:35 AM,23/08,Scheduled,0.6788494429121504,-194.0,203.0,66.0,False,0111110101,estimated,0,0,0.0,0,0,0.2592193191933206,0.3393166793134146,0.49617737107084986,0.4207824182044655,0.19570307204480522,20,1,0.12548592421718144,1.009,50.9,C,0.2713791398912506,5.156741470050302,0.47719615073820076,0.2453991430715861,20,5,0,0.17901234567901234,0.3044982698961938,0.39762611275964393,0.4629080118694362,0.1394658753709199,0.24431137724550897,0.23826714801444043,0.2708688245315162,0.24645196506550218,0.2771929824561403,337,0.2289156626506024,214,False,False,0.6513798506417406,0.027469592270409793,3.5234375,4.3046875,128,,,,,,,0.00517811306461295,20,3.24,1.31,122.1,10.0,4.0,111.0,35.0,0.0,0.0,0.0,24.0,SP,24.0,516.0,125.0,21.5,8.17,2.57,9.2,0.88,21.03576736082412,-0.013274442912150297,8,0.8888888888888888,30.0,7,6,1,1,0.0,4.585320599222595,0.2700544035083344,0.26730310262529833,0.21124031007751937,0.16666666666666666,0.4594086021505376,0.37316451612903223,0.3112033195020747,4.25,0.3177910795995636
592518,Manny Machado,R,SD,3,Bailey Ober,R,641927.0,823258,MIN @ SD,1:10 PM,23/08,Scheduled,0.6788494429121504,-194.0,203.0,66.0,False,1010011010,estimated,6,2,0.3333333333333333,1,2023,0.23294677923521398,0.39192420735037187,0.49789446602191534,0.2622399183071421,0.20385155413623673,20,1,-0.07748154623154627,0.954,56.7,C,0.25828220858895706,2.8287635281410783,0.3739481216195093,0.15725179508864376,19,6,0,0.27350427350427353,0.19602272727272727,0.35337423312883437,0.3042944785276074,0.3423312883435583,0.19902482269503546,0.20270270270270271,0.24731182795698925,0.20566842237271132,0.22073578595317725,332,0.20588235294117646,206,False,False,0.6480064344524813,0.03084300845966914,3.7222222222222223,4.26984126984127,126,,,,,,,0.038659832812717676,20,4.62,1.25,103.1,7.0,4.0,71.0,26.0,0.0,0.0,0.0,19.0,SP,19.0,435.0,103.0,22.9,6.18,2.26,8.97,1.48,22.964160669631656,-0.05699944291215042,8,1.0,-7.0,7,6,0,1,0.0,4.365631259219805,0.12151249383694443,0.21777777777777776,0.2178988326848249,0.09922178988326848,0.4635108481262327,0.3285458579881657,0.26704545454545453,4.25,0.34798770018869873
669364,Xavier Edwards,L,MIA,2,Jackson Kent,L,800600.0,823827,WSH @ MIA,10:40 AM,23/08,Scheduled,0.6780960237883176,,,,False,1011111101,estimated,0,0,0.0,0,0,0.2661146398986367,0.31252012135742174,0.3651782193810126,0.3477243575486238,0.1360222333287095,20,1,0.01690856668132723,1.0,50.0,C,0.2037037037037037,,,,2,5,0,0.2982456140350877,0.28133704735376047,0.4567901234567901,0.3333333333333333,0.20987654320987653,0.27883650952858574,0.30916030534351147,0.26814268142681424,0.2843846949327818,0.2847222222222222,331,0.2864864864864865,214,False,True,0.670730765591439,0.00736525819687861,3.6953125,4.2578125,128,,,,,,,-0.012560843066907374,20,9.39,2.48,7.2,0.0,1.0,9.0,8.0,0.0,0.0,0.0,2.0,SP,2.0,41.0,11.0,20.5,10.57,9.39,12.91,1.17,,-0.01091269045498422,6,0.6666666666666666,4.0,7,6,0,1,0.0,4.290889584647567,0.10690072318340202,0.27313769751693,0.13671875,0.111328125,0.2785075960679178,0.3063565683646113,0.38461538461538464,4.35,0.3089246745074752
656941,Kyle Schwarber,L,PHI,1,Kyle Leahy,R,681517.0,823421,STL @ PHI,10:35 AM,23/08,Scheduled,0.6780960237883176,-163.0,170.0,62.0,False,1010111001,estimated,5,0,0.0,1,2025,0.2383138419356274,0.34816335413492194,0.461309563859371,0.33280175786448024,0.25362148312204313,20,1,0.0018313493715141904,1.009,50.9,C,0.2713791398912506,5.156741470050302,0.47719615073820076,0.2453991430715861,20,5,0,0.24390243902439024,0.24573378839590443,0.39762611275964393,0.4629080118694362,0.1394658753709199,0.25676392572944295,0.21795629060838748,0.18666666666666668,0.2306233704669353,0.25435540069686413,335,0.22941176470588234,217,False,False,0.6417197048717919,0.03637631891652571,3.7154471544715446,4.487804878048781,123,,,,,,,-0.03949079500751326,20,3.24,1.31,122.1,10.0,4.0,111.0,35.0,0.0,0.0,0.0,24.0,SP,24.0,516.0,125.0,21.5,8.17,2.57,9.2,0.88,21.03576736082412,-0.017146023788317533,8,0.8888888888888888,30.0,7,6,1,1,0.0,4.7450914737248215,0.10727482711220543,0.24943820224719102,0.32899628252788105,0.13940520446096655,0.5124378109452736,0.40285261194029853,0.3112033195020747,4.442,0.3177910795995636
666018,Jonathan Aranda,L,TB,2,Shane Baz,R,669358.0,824799,TB @ BAL,10:35 AM,23/08,Scheduled,0.6772669089142568,-194.0,203.0,66.0,False,1110110100,estimated,5,2,0.4,1,2026,0.2073418066987621,0.3343981009083142,0.491130222067855,0.3076434964419129,0.3299367794722682,20,1,0.027649652795377344,1.044,51.9,C,0.2649895178197065,3.2306202831341575,0.4528980766397656,0.22317769152869565,20,5,0,0.25688073394495414,0.2845303867403315,0.5848421052631579,0.328,0.0871578947368421,0.25193199381761977,0.24567474048442905,0.2742857142857143,0.2529309054627089,0.27335640138408307,331,0.2857142857142857,213,False,False,0.649387935084607,0.027878973829649767,3.768,4.352,125,,,,,,,-0.12495603034726233,20,4.02,1.35,145.2,4.0,13.0,132.0,49.0,0.0,0.0,0.0,25.0,SP,25.0,623.0,147.0,24.9,8.16,3.03,9.08,0.68,24.593125087617327,-0.017383575580923294,6,0.75,-1.0,6,7,1,1,0.0,4.262940236555121,0.05421555107354791,0.27876106194690264,0.2380038387715931,0.09788867562380038,0.44080284552845533,0.3569573170731707,0.28307692307692306,4.35,0.34657661314523724
676475,Alec Burleson,L,STL,3,Cristopher Sánchez,L,650911.0,823421,STL @ PHI,10:35 AM,23/08,Scheduled,0.6767855801538651,,,,False,0111111111,estimated,0,0,0.0,0,0,0.33005421948913183,0.344131178035975,0.49111323490292036,0.4568224364133106,0.22431476212703552,20,1,-0.0349233205353463,1.009,74.1,B,0.3269230769230769,4.4228841667261145,0.39883889367637504,0.2720092720150654,20,6,0,0.25984251968503935,0.29476584022038566,0.4326923076923077,0.19147157190635453,0.3758361204013378,0.2979635584137192,0.24890829694323144,0.3378932968536252,0.29036562583400055,0.28859060402684567,327,0.28125,217,False,False,0.6863967768532646,-0.009611196699399471,3.798449612403101,4.217054263565892,129,,,,,,,0.11155562074295444,20,2.51,1.22,161.2,16.0,4.0,187.0,38.0,0.0,0.0,0.0,26.0,SP,26.0,673.0,159.0,25.9,10.41,2.12,8.85,0.72,25.459309618756684,0.013401919846134813,8,1.0,-11.0,7,8,1,1,0.0,4.039018344948298,0.0565777373001603,0.29540481400437635,0.1746031746031746,0.07142857142857142,0.49232158988256547,0.3673658536585366,0.13793103448275862,4.25,0.3358313490026647
650402,Gleyber Torres,R,DET,1,Daniel Lynch,L,663738.0,824071,DET @ KC,11:10 AM,23/08,Scheduled,0.6756852356937358,,,,False,1011111100,estimated,7,1,0.14285714285714285,1,2022,0.24380560514800398,0.31884073973129723,0.3091488769745028,0.2944195820926447,0.13830838968001585,20,1,-0.04937500000000003,1.028,67.4,B,0.2884130982367758,2.805378678079505,0.36199931681183983,0.12148198267918624,20,5,0,0.22666666666666666,0.2760416666666667,0.45717884130982367,0.30100755667506296,0.24181360201511334,0.21866295264623956,0.23179791976225855,0.25213675213675213,0.225778915919761,0.2545454545454545,193,0.27450980392156865,123,False,False,0.6529424841552559,0.022742751538479933,3.76056338028169,4.450704225352113,71,,,,,,,0.1329121424853742,20,2.83,1.02,54.0,4.0,4.0,41.0,16.0,1.0,2.0,3.0,3.0,RP,49.0,218.0,39.0,4.4,6.83,2.67,6.5,0.67,5.902385644464977,-0.00210190236040253,6,0.6666666666666666,15.0,7,6,1,1,0.0,4.61446623354097,0.0955853425996536,0.25386313465783666,0.20149253731343283,0.13619402985074627,0.34531400966183573,0.31530434782608696,0.22935779816513763,4.442,0.2737156324953918
661388,William Contreras,R,MIL,3,Tyler Mahle,R,641816.0,823745,ATL @ MIL,4:10 PM,23/08,Scheduled,0.67546910286199,,,,False,0000111011,estimated,0,0,0.0,0,0,0.26749748120712474,0.30738016597978524,0.5158373421118305,0.3116960961832919,0.10231459353371943,20,1,-0.04131012757210839,0.97,60.6,C,0.27756653992395436,3.0289631323485198,0.39199226013950095,0.23036753354190345,20,5,0,0.2937062937062937,0.2523961661341853,0.6612289287656336,0.06960304513322457,0.26916802610114193,0.2818132168214091,0.23555555555555555,0.30687830687830686,0.27090800477897253,0.27238805970149255,303,0.2553191489361702,209,False,False,0.6745350394447124,0.0009340634172776419,3.831932773109244,4.302521008403361,119,,,,,,,0.049420004548961914,20,4.53,1.31,113.1,4.0,10.0,108.0,40.0,0.0,0.0,0.0,21.0,SP,21.0,473.0,108.0,22.5,8.58,3.18,8.58,1.27,22.793834918153358,-0.020019102861990046,6,0.8571428571428571,2.0,7,6,0,1,1.0,4.44540795526541,0.13053790387323624,0.2657952069716776,0.13733075435203096,0.0851063829787234,0.43960481099656357,0.31093298969072164,0.2931937172774869,4.25,0.3036459088611165
691023,Jordan Walker,R,STL,4,Cristopher Sánchez,L,650911.0,823421,STL @ PHI,10:35 AM,23/08,Scheduled,0.675039278030327,,,,False,0011111110,estimated,10,1,0.1,1,2023,0.30896314797370567,0.3096774875337504,0.5033433552463976,0.4474837613573928,0.19601703077151858,20,1,0.00348222862632086,1.009,74.1,B,0.3269230769230769,4.4228841667261145,0.39883889367637504,0.2720092720150654,20,6,0,0.2916666666666667,0.2881844380403458,0.4326923076923077,0.19147157190635453,0.3758361204013378,0.26816901408450705,0.2553191489361702,0.2702078521939954,0.26447661469933187,0.27796610169491526,321,0.30612244897959184,219,False,False,0.6642657160878782,0.010773561942448828,3.8968253968253967,4.285714285714286,126,,,,,,,0.0049246501693862915,20,2.51,1.22,161.2,16.0,4.0,187.0,38.0,0.0,0.0,0.0,26.0,SP,26.0,673.0,159.0,25.9,10.41,2.12,8.85,0.72,25.459309618756684,-0.013176778030327019,8,1.0,-11.0,7,8,1,1,0.0,4.423701628546079,0.06718661554394117,0.2923728813559322,0.2413127413127413,0.07335907335907337,0.46661863592699326,0.37567723342939485,0.2943722943722944,4.159,0.3358313490026647
666182,Bo Bichette,R,NYM,3,Sean Newcomb,L,656794.0,824558,NYM @ CWS,11:10 AM,23/08,Scheduled,0.6749877741015983,,,,False,0111111011,estimated,0,0,0.0,0,0,0.3178470779434805,0.3665203969114322,0.4848030218058431,0.38366500922524444,0.1794793660508854,20,1,0.05612532637075718,0.968,55.2,C,0.31092436974789917,1.6260385576634193,0.43117312853954626,0.1981716787707174,20,4,0,0.312,0.2558746736292428,0.6103286384976526,0.3615023474178404,0.028169014084507043,0.27112232030264816,0.25464834276475345,0.2805907172995781,0.26767430521696733,0.2786377708978328,349,0.25405405405405407,203,False,False,0.6862379122707591,-0.011250138169160873,3.96875,4.3125,128,,,,,,,0.12979395474890035,20,2.44,1.1,70.0,1.0,3.0,64.0,27.0,4.0,1.0,5.0,3.0,RP,47.0,283.0,50.0,6.0,8.23,3.47,6.43,0.26,5.7735912865978,-0.006273488387312565,7,0.7,4.0,7,6,1,1,0.0,4.279117010233441,0.07762740487101656,0.27176220806794055,0.17315175097276264,0.06809338521400778,0.41474694589877836,0.3465122164048866,0.176056338028169,4.25,0.3101829758388469
672695,Geraldo Perdomo,L,AZ,2,Andrew Abbott,L,671096.0,825043,CIN @ AZ,1:15 PM,23/08,Scheduled,0.6745350394447124,,,,False,0110001010,estimated,5,2,0.4,1,2025,0.25871786104864053,0.30020871476929717,0.3608635245490229,0.286094761995745,0.15039851718000852,20,1,0.08560163772841001,1.0,49.9,D,0.2634062634062634,1.614914505910002,0.37893513609110047,0.1857686772115637,20,5,0,0.30578512396694213,0.22018348623853212,0.4732758620689655,0.33491379310344827,0.19181034482758622,0.2523206751054852,0.2669447340980188,0.2608089260808926,0.2571569595261599,0.28102189781021897,326,0.1839080459770115,213,False,False,0.6611015088694635,0.013433530575248875,3.6129032258064515,4.346774193548387,124,,,,,,,-0.004579507534815605,20,4.07,1.4,139.1,6.0,8.0,108.0,66.0,0.0,0.0,0.0,26.0,SP,26.0,604.0,129.0,23.2,6.98,4.26,8.33,1.16,23.725345331236536,-0.01745170611137903,6,0.75,17.0,7,6,0,1,0.0,4.479740481946694,0.08315248345405667,0.24480369515011546,0.12643678160919541,0.13984674329501914,0.3042688465031789,0.2922216167120799,0.2198581560283688,4.35,0.33973137388084745
693307,Dillon Dingler,R,DET,3,Daniel Lynch,L,663738.0,824071,DET @ KC,11:10 AM,23/08,Scheduled,0.6742917499350441,,,,False,0000110001,estimated,1,0,0.0,0,0,0.1414024235745325,0.3094100879187955,0.33177232250200445,0.21950040593158707,0.29561149975167805,20,1,-0.01610857432775245,1.028,67.4,B,0.2884130982367758,2.805378678079505,0.36199931681183983,0.12148198267918624,20,5,0,0.24074074074074073,0.2568493150684932,0.45717884130982367,0.30100755667506296,0.24181360201511334,0.24242424242424243,0.21029572836801752,0.2678185745140389,0.23709536307961504,0.248,275,0.2549019607843137,229,False,False,0.6360073801317583,0.03828436980328587,3.8151260504201683,4.235294117647059,119,,,,,,,-0.14866329112563026,20,2.83,1.02,54.0,4.0,4.0,41.0,16.0,1.0,2.0,3.0,3.0,RP,49.0,218.0,39.0,4.4,6.83,2.67,6.5,0.67,5.902385644464977,-0.007191749935044123,6,0.6666666666666666,15.0,7,6,1,1,0.0,4.460072370158411,0.04658064563110135,0.25272331154684097,0.2220039292730845,0.060903732809430254,0.42808285163776494,0.36131358381502887,0.22935779816513763,4.25,0.2737156324953918
694384,Nolan Schanuel,L,LAA,3,Cal Quantrill,R,615698.0,822856,LAA @ TEX,11:35 AM,23/08,Scheduled,0.6738949728098537,,,,False,1010111100,estimated,12,2,0.16666666666666666,1,2023,0.31812014496655455,0.3627828560856176,0.32841204326989126,0.32033851302656674,0.07547004977463179,20,3,0.034280936454849475,0.964,65.1,B,0.2469237079573421,3.0549214795399227,0.34668865296492085,0.1569258106875579,20,5,0,0.25,0.2842809364548495,0.7325102880658436,0.044444444444444446,0.22304526748971193,0.26839565741857657,0.28072289156626506,0.3182711198428291,0.2804918577600532,0.2815126050420168,268,0.2684563758389262,173,False,False,0.6710845053956316,0.0028104674142220842,3.6857142857142855,4.2,105,,,,,,,-0.025146272981728404,20,3.13,1.15,77.2,5.0,4.0,54.0,22.0,0.0,0.0,0.0,9.0,RP,26.0,323.0,67.0,12.4,6.26,2.55,7.76,1.04,15.211882249545823,-0.014994972809853735,6,0.6666666666666666,7.0,6,6,1,1,0.0,4.145581127565167,0.10504021745774807,0.2680652680652681,0.13360323886639677,0.10526315789473684,0.3283287419651056,0.3263085399449036,0.25316455696202533,4.25,0.30622609924479666
694673,Abimelec Ortiz,L,WSH,1,Janson Junk,R,676083.0,823827,WSH @ MIA,10:40 AM,23/08,Scheduled,0.6720971667575868,,,,False,1101101000,estimated,0,0,0.0,0,0,0.23471480961010907,0.34053080237818995,0.4390442502104357,0.2928290295930015,0.21236905305002102,19,1,0.0,1.0,43.5,D,0.24562584118438763,2.290293151423844,0.40292779088091113,0.1593153650261255,18,6,0,,0.22807017543859648,0.396900269541779,0.4238544474393531,0.1792452830188679,0.28859060402684567,0.26573426573426573,0.18681318681318682,0.2640449438202247,0.2857142857142857,36,0.13636363636363635,25,True,False,0.6228382288203572,0.049258937937229574,3.0,3.210526315789474,19,,,,,,,0.05345923880232954,19,4.37,1.36,92.2,6.0,8.0,66.0,26.0,0.0,0.0,0.0,18.0,SP,18.0,396.0,100.0,22.0,6.41,2.53,9.71,1.17,21.672989125014517,-0.03431383342425354,6,0.6666666666666666,14.0,6,6,0,1,0.0,3.372181893457697,0.047550079757588515,0.22950819672131148,0.23076923076923078,0.046153846153846156,0.45652173913043476,0.3094565217391304,0.31277533039647576,4.442,0.2933916816693733
606466,Ketel Marte,L,AZ,4,Andrew Abbott,L,671096.0,825043,CIN @ AZ,1:15 PM,23/08,Scheduled,0.670730765591439,,,,False,0100111100,estimated,8,3,0.375,1,2024,0.20661608156593872,0.3046175417699791,0.4258480116763252,0.25605348961883856,0.15202716812413491,20,7,-0.005010315355142958,1.0,49.9,D,0.2634062634062634,1.614914505910002,0.37893513609110047,0.1857686772115637,20,5,0,0.24786324786324787,0.25287356321839083,0.4732758620689655,0.33491379310344827,0.19181034482758622,0.24286546301688994,0.21708542713567838,0.23681377825618946,0.2345035655512891,0.2517241379310345,317,0.25142857142857145,198,False,False,0.6608790668533645,0.009851698738074455,3.9743589743589745,4.401709401709402,117,,,,,,,-0.008323539890966519,20,4.07,1.4,139.1,6.0,8.0,108.0,66.0,0.0,0.0,0.0,26.0,SP,26.0,604.0,129.0,23.2,6.98,4.26,8.33,1.16,23.725345331236536,-0.028314098924772213,6,0.75,17.0,7,6,0,1,0.0,4.16790163515524,0.11304437451796599,0.2510548523206751,0.14857142857142858,0.07428571428571429,0.42988215488215487,0.3307571548821549,0.2198581560283688,4.159,0.33973137388084745
518692,Freddie Freeman,L,LAD,2,Lake Bachar,R,669199.0,823909,PIT @ LAD,1:10 PM,23/08,Scheduled,0.6703205542693137,-223.0,233.0,69.0,False,0100011101,estimated,0,0,0.0,0,0,0.2824844393482606,0.4015088206872377,0.3680703804505899,0.39010815655063447,0.19542506862729336,20,1,-0.06725954246057309,0.973,76.7,B,0.29345955249569705,2.0371862747118805,0.19430155911553884,0.23202256149901138,20,2,0,0.348993288590604,0.28173374613003094,0.3324720068906115,0.5796726959517657,0.08785529715762273,0.30194658216387504,0.2807308970099668,0.3112781954887218,0.2970854763654176,0.3,334,0.3081395348837209,202,False,False,0.6808278932578621,-0.010507338988548387,3.776,4.288,125,,,,,,,-0.05643005982984839,20,3.75,1.11,69.2,1.0,2.0,73.0,27.0,2.0,1.0,3.0,5.0,RP,43.0,287.0,50.0,6.7,9.43,3.49,6.46,1.55,7.127470383054632,-0.003849125697885092,7,0.7777777777777778,2.0,7,6,0,1,0.0,4.242688898027544,0.07605496702643848,0.3053097345132743,0.17248062015503876,0.10271317829457365,0.4228650137741047,0.3709600550964187,0.22142857142857142,4.35,0.3150018895415111
686948,Drake Baldwin,L,ATL,1,Shane Drohan,L,675660.0,823745,ATL @ MIL,4:10 PM,23/08,Scheduled,0.6680564708224285,,,,False,1111110000,estimated,0,0,0.0,0,0,0.20790722113056048,0.30550180960733986,0.5252461073181383,0.23981035828040514,0.20219898877814813,20,1,0.006426186710846715,0.97,66.5,B,0.2982900569981001,2.8521545758209115,0.4019134564219198,0.251772897881994,20,5,0,0.272108843537415,0.2656826568265683,0.6124129195693477,0.3394553514882837,0.048131728942368585,0.255175983436853,0.24720244150559512,0.2862903225806452,0.2577621558289397,0.2765151515151515,295,0.2532467532467532,179,False,True,0.6808791218748871,-0.012822651052458611,3.9065420560747666,4.429906542056075,107,,,,,,,0.06444851819846129,20,3.86,1.25,100.1,6.0,4.0,99.0,33.0,1.0,0.0,1.0,14.0,SP,25.0,421.0,92.0,16.8,8.88,2.96,8.25,0.81,19.605885384900397,0.002043529177571446,4,0.5714285714285714,15.0,7,7,0,1,1.0,4.267656556688976,0.08234641022856366,0.2762312633832976,0.2060491493383743,0.09829867674858223,0.5148975791433892,0.3477039106145251,0.24166666666666667,4.442,0.29213481910368866
677800,Wilyer Abreu,L,BOS,3,Matthew Wilkinson,L,683363.0,824720,SF @ BOS,12:15 PM,23/08,Scheduled,0.6659315052842228,,,,False,1111010110,estimated,0,0,0.0,0,0,0.31561808269592384,0.3310806453667387,0.5244529221335741,0.3618699584784375,0.15181659113085025,20,1,0.062470689867950124,1.063,50.0,C,0.12,,,,1,4,0,0.3063063063063063,0.24383561643835616,0.76,0.12,0.12,0.23693230505569837,0.24168514412416853,0.2457757296466974,0.23991780118160802,0.25622775800711745,327,0.26153846153846155,221,False,True,0.6491861441878096,0.016745361096413225,3.808,4.384,125,,,,,,,-0.027560950310816172,20,0.0,0.5,2.0,0.0,0.0,0.0,0.0,0.0,0.0,0.0,1.0,SP,1.0,7.0,1.0,7.0,0.0,0.0,4.5,0.0,,-0.005051505284222935,5,0.625,-18.0,7,6,1,1,0.0,4.590518294997496,0.16368015979063905,0.25,0.20075757575757575,0.10606060606060606,0.4398095238095238,0.33551142857142857,,4.25,0.31661443448442295
596019,Francisco Lindor,L,NYM,2,Sean Newcomb,L,656794.0,824558,NYM @ CWS,11:10 AM,23/08,Scheduled,0.6654655258757237,-186.0,194.0,65.0,False,1011100100,estimated,0,0,0.0,0,0,0.21796748859282336,0.269034307805063,0.3865827923795201,0.2915690593699903,0.1684921861392742,20,1,-0.024810126582278463,0.968,55.2,C,0.31092436974789917,1.6260385576634193,0.43117312853954626,0.1981716787707174,20,4,0,0.21518987341772153,0.24,0.6103286384976526,0.3615023474178404,0.028169014084507043,0.22142343637670742,0.2227204783258595,0.21350364963503649,0.21983914209115282,0.21348314606741572,195,0.26732673267326734,118,False,False,0.6774559571534589,-0.011990431277735136,3.9295774647887325,4.408450704225352,71,,,,,,,-0.09444652778786979,20,2.44,1.1,70.0,1.0,3.0,64.0,27.0,4.0,1.0,5.0,3.0,RP,47.0,283.0,50.0,6.0,8.23,3.47,6.43,0.26,5.7735912865978,-0.013465525875723694,7,0.7,4.0,7,6,1,1,0.0,4.435265155586414,0.11440952265130415,0.26595744680851063,0.16697588126159554,0.11317254174397032,0.4824561403508772,0.3230565789473684,0.22448979591836735,4.35,0.3101829758388469
689414,Liam Hicks,L,TB,5,Shane Baz,R,669358.0,824799,TB @ BAL,10:35 AM,23/08,Scheduled,0.6649057827227369,,,,False,0011001101,estimated,0,0,0.0,0,0,0.2433073517945054,0.26003152519832506,0.1464783336514788,0.2686542018740536,0.1410204743349715,20,1,0.08725051804995093,1.044,51.9,C,0.2649895178197065,3.2306202831341575,0.4528980766397656,0.22317769152869565,20,5,0,0.20754716981132076,0.2947976878612717,0.5848421052631579,0.328,0.0871578947368421,0.29236499068901306,0.29076396807297605,0.27906976744186046,0.29015374550212625,0.30472103004291845,270,0.25301204819277107,196,False,False,0.6284340808041454,0.036471701918591504,3.439655172413793,4.017241379310345,116,,,,,,,-0.0323507749330685,20,4.02,1.35,145.2,4.0,13.0,132.0,49.0,0.0,0.0,0.0,25.0,SP,25.0,623.0,147.0,24.9,8.16,3.03,9.08,0.68,24.593125087617327,-0.0002891160560702932,6,0.75,-1.0,6,7,1,1,0.0,3.6795352981838505,0.14565722390183333,0.2798053527980535,0.09394572025052192,0.09812108559498957,0.28296903460837886,0.27662841530054644,0.28307692307692306,4.024,0.34657661314523724
701807,Carson Benge,L,NYM,4,Sean Newcomb,L,656794.0,824558,NYM @ CWS,11:10 AM,23/08,Scheduled,0.6647986070132338,,,,False,1111010111,estimated,0,0,0.0,0,0,0.348918788412588,0.3384693540830084,0.4682410484832576,0.42438736524628734,0.15836597759913346,20,1,-5.1541078239347726e-05,0.968,55.2,C,0.31092436974789917,1.6260385576634193,0.43117312853954626,0.1981716787707174,20,4,0,0.27522935779816515,0.2752808988764045,0.6103286384976526,0.3615023474178404,0.028169014084507043,0.2518214936247723,0.25925925925925924,0.28114478114478114,0.2583857442348008,0.2581818181818182,301,0.3,206,True,False,0.6599151255155744,0.004883481497659381,3.8114754098360657,4.155737704918033,122,,,,,,,0.27865234040019105,20,2.44,1.1,70.0,1.0,3.0,64.0,27.0,4.0,1.0,5.0,3.0,RP,47.0,283.0,50.0,6.0,8.23,3.47,6.43,0.26,5.7735912865978,-0.023698607013233786,7,0.7,4.0,7,6,1,1,0.0,4.1773013077455,0.0524333527820254,0.2794759825327511,0.208,0.07,0.4138418079096045,0.36641478342749534,0.22448979591836735,4.159,0.3101829758388469
605137,Josh Bell,L,MIN,3,Walker Buehler,R,621111.0,823258,MIN @ SD,1:10 PM,23/08,Scheduled,0.6646710040605388,,,,False,0101111100,estimated,8,4,0.5,1,2022,0.2711836377887119,0.3185115873047177,0.3457640009208079,0.3052620572265975,0.13324371167372454,20,1,-0.016811983009166087,0.954,58.1,C,0.26450676982591875,1.9127813245481033,0.36815985163289133,0.19004307793386493,20,6,0,0.2676056338028169,0.2507936507936508,0.6351285783600195,0.2663755458515284,0.0984958757884522,0.26455906821963393,0.23322683706070288,0.24008810572687225,0.2503419972640219,0.2841726618705036,306,0.2122905027932961,199,False,False,0.6470350787931562,0.017635925267382557,3.685483870967742,4.07258064516129,124,,,,,,,-0.03743982270187261,20,4.79,1.39,120.1,7.0,6.0,104.0,49.0,0.0,0.0,0.0,25.0,SP,25.0,518.0,118.0,20.7,7.78,3.66,8.83,1.05,21.201295114320253,-0.04392100406053878,6,0.75,15.0,7,6,0,1,0.0,4.337730661100201,0.11792818549852074,0.25617977528089886,0.20081967213114754,0.0778688524590164,0.41138328530259366,0.3266311239193083,0.2734375,4.25,0.26757743043207655
702332,Caleb Durbin,R,BOS,6,Matthew Wilkinson,L,683363.0,824720,SF @ BOS,12:15 PM,23/08,Scheduled,0.6645792053602605,,,,False,1101111011,estimated,0,0,0.0,0,0,0.32625362723025275,0.2774937335339956,0.13805238492846297,0.35152626605411147,0.10025455116875677,20,1,0.00396598768957418,1.063,50.0,C,0.12,,,,1,4,0,0.2621359223300971,0.2581699346405229,0.76,0.12,0.12,0.25030750307503075,0.248,0.2709030100334448,0.25307491613865074,0.27705627705627706,261,0.23595505617977527,204,False,True,0.648667486313378,0.01591171904688249,3.436974789915966,3.907563025210084,119,,,,,,,0.14281011663482457,20,0.0,0.5,2.0,0.0,0.0,0.0,0.0,0.0,0.0,0.0,1.0,SP,1.0,7.0,1.0,7.0,0.0,0.0,4.5,0.0,,-0.004979205360260419,5,0.625,-18.0,7,6,1,1,0.0,4.4046615311762665,0.12547421798736513,0.25728155339805825,0.13219616204690832,0.07462686567164178,0.2621904761904762,0.27951809523809523,,3.896,0.31661443448442295
686681,Michael Massey,L,KC,6,,R,,824071,DET @ KC,11:10 AM,23/08,Scheduled,0.6642657160878782,,,,False,0011111110,estimated,0,0,0.0,0,0,0.31426343612254687,0.32966487142056927,0.3267568006695797,0.40609434437297515,0.1760475856825304,20,1,0.06957116788321166,1.028,,,,,,,0,0,0,0.21875,0.28832116788321166,,,,0.268809349890431,0.2840909090909091,0.2159383033419023,0.26534903280067285,0.2512315270935961,216,0.3111111111111111,147,False,False,0.6464609832599729,0.01780473282790529,3.188679245283019,3.4245283018867925,106,,,,,,,0.057999248775847084,20,,,,,,,,,,,,,,,,,,,,,,-0.003737144659306746,7,0.7777777777777778,-5.0,6,7,1,1,0.0,3.665208190391033,0.03547732672842634,0.28720626631853785,0.16747572815533981,0.05339805825242718,0.4009023354564756,0.30552229299363054,,3.896,0.28642942170052615
607208,Trea Turner,R,PHI,2,Kyle Leahy,R,681517.0,823421,STL @ PHI,10:35 AM,23/08,Scheduled,0.663880521108314,-203.0,212.0,67.0,False,0101110101,estimated,0,0,0.0,0,0,0.2605427451843903,0.30296163338407006,0.347692127849448,0.3416924907577844,0.17459458624814633,20,1,-0.011947431302270023,1.009,50.9,C,0.2713791398912506,5.156741470050302,0.47719615073820076,0.2453991430715861,20,5,0,0.25268817204301075,0.24074074074074073,0.39762611275964393,0.4629080118694362,0.1394658753709199,0.22934973637961337,0.22951844903064414,0.2557651991614256,0.23182756248566844,0.2445141065830721,342,0.24607329842931938,211,False,False,0.6608790668533645,0.003001454254949465,4.112903225806452,4.459677419354839,124,,,,,,,-0.01596904119158562,20,3.24,1.31,122.1,10.0,4.0,111.0,35.0,0.0,0.0,0.0,24.0,SP,24.0,516.0,125.0,21.5,8.17,2.57,9.2,0.88,21.03576736082412,0.012206978891686204,8,0.8888888888888888,30.0,7,6,1,1,0.0,4.681504466543396,0.08569125055032356,0.25,0.2153558052434457,0.06367041198501873,0.4089301503094606,0.3246286472148541,0.21645021645021645,4.35,0.3177910795995636
630105,Jake Cronenworth,L,SD,2,Bailey Ober,R,641927.0,823258,MIN @ SD,1:10 PM,23/08,Scheduled,0.6624679100356112,,,,False,1111111001,estimated,6,1,0.16666666666666666,1,2023,0.24957736011072304,0.3020990661767498,0.20161887236514103,0.41583020863985165,0.27920470156185,20,1,-0.018229878771306163,0.954,56.7,C,0.25828220858895706,2.8287635281410783,0.3739481216195093,0.15725179508864376,19,6,0,0.24528301886792453,0.22705314009661837,0.35337423312883437,0.3042944785276074,0.3423312883435583,0.22709475332811277,0.2363238512035011,0.20833333333333334,0.22608695652173913,0.20915032679738563,175,0.2616822429906542,124,False,False,0.6166259214910631,0.04584198854454813,3.4210526315789473,3.9342105263157894,76,,,,,,,0.15112974657767833,20,4.62,1.25,103.1,7.0,4.0,71.0,26.0,0.0,0.0,0.0,19.0,SP,19.0,435.0,103.0,22.9,6.18,2.26,8.97,1.48,22.964160669631656,-0.04914291003561111,8,1.0,-7.0,7,6,0,1,0.0,4.349961712173944,0.12035832346114765,0.23316062176165803,0.21710526315789475,0.1118421052631579,0.3597560975609756,0.29950871080139374,0.2445414847161572,4.35,0.34798770018869873
664770,Nathan Lukes,L,TOR,2,Carlos Rodón,L,607074.0,823507,TOR @ NYY,10:35 AM,23/08,Scheduled,0.6607534916824173,,,,False,1101010101,estimated,0,0,0.0,0,0,0.20710109888506412,0.3103948561734609,0.26957930787937257,0.27399878142072964,0.16124348581549028,20,1,-0.03236723359944463,1.007,60.8,C,0.2695749440715884,2.047682005023973,0.3560892251741468,0.2653772512162215,10,5,0,0.23255813953488372,0.26492537313432835,0.5816554809843401,0.2684563758389262,0.14988814317673377,0.235,0.24635036496350365,0.3242506811989101,0.2493563810224347,0.23036649214659685,211,0.30833333333333335,132,False,False,0.670730765591439,-0.0099772739090217,3.3440860215053765,3.6881720430107525,93,,,,,,,-0.008350144376016595,20,3.22,1.23,50.1,4.0,2.0,56.0,28.0,0.0,0.0,0.0,10.0,SP,10.0,211.0,34.0,21.1,10.01,5.01,6.08,0.72,21.150372060024715,0.009003651174725569,7,0.875,-2.0,7,6,0,1,0.0,3.888046868757749,0.025147579347279993,0.2725,0.15192743764172337,0.061224489795918366,0.3076576576576577,0.29594894894894896,0.2127659574468085,4.35,0.29893933610071804
694192,Jackson Chourio,R,MIL,1,Tyler Mahle,R,641816.0,823745,ATL @ MIL,4:10 PM,23/08,Scheduled,0.6597189487978213,,,,False,0110111110,estimated,0,0,0.0,0,0,0.27806145142121375,0.3647157329943948,0.43958804829914966,0.36360696004789295,0.23695325365225453,20,1,-0.012811171827565249,0.97,60.6,C,0.27756653992395436,3.0289631323485198,0.39199226013950095,0.23036753354190345,20,5,0,0.28688524590163933,0.2740740740740741,0.6612289287656336,0.06960304513322457,0.26916802610114193,0.25732217573221755,0.2925233644859813,0.2713864306784661,0.27032703270327035,0.2948717948717949,257,0.25316455696202533,176,False,False,0.6611015088694635,-0.0013825600716421693,4.083333333333333,4.510416666666667,96,,,,,,,0.10853038275764207,20,4.53,1.31,113.1,4.0,10.0,108.0,40.0,0.0,0.0,0.0,21.0,SP,21.0,473.0,108.0,22.5,8.58,3.18,8.58,1.27,22.793834918153358,-0.015218948797821374,6,0.8571428571428571,2.0,7,6,0,1,1.0,4.291052494841966,0.11297168728504695,0.26954732510288065,0.24765478424015008,0.06566604127579738,0.4951035781544256,0.34341525423728814,0.2931937172774869,4.442,0.3036459088611165
671056,Iván Herrera,R,STL,2,Cristopher Sánchez,L,650911.0,823421,STL @ PHI,10:35 AM,23/08,Scheduled,0.6593652089936287,,,,False,1011000110,estimated,5,1,0.2,1,2025,0.18313709323118876,0.2659812282675205,0.3562511085823453,0.2544471252884182,0.25559421449950065,20,1,-0.017461169779050573,1.009,74.1,B,0.3269230769230769,4.4228841667261145,0.39883889367637504,0.2720092720150654,20,6,0,0.23178807947019867,0.24924924924924924,0.4326923076923077,0.19147157190635453,0.3758361204013378,0.21794310722100657,0.2178438661710037,0.24865831842576028,0.22185194001428232,0.23,355,0.266304347826087,222,False,False,0.6511242349604419,0.008240974033186799,3.751937984496124,4.4728682170542635,129,,,,,,,-0.03515675127301385,20,2.51,1.22,161.2,16.0,4.0,187.0,38.0,0.0,0.0,0.0,26.0,SP,26.0,673.0,159.0,25.9,10.41,2.12,8.85,0.72,25.459309618756684,-0.008802708993628672,8,1.0,-11.0,7,8,1,1,0.0,4.671066498883313,0.12048568959464623,0.24503311258278146,0.18435754189944134,0.09683426443202979,0.39962335216572503,0.310795197740113,0.2943722943722944,4.35,0.3358313490026647
646240,Rafael Devers,L,SF,1,Jake Bennett,L,687562.0,824720,SF @ BOS,12:15 PM,23/08,Scheduled,0.6593652089936287,-163.0,170.0,62.0,False,0011101110,estimated,0,0,0.0,0,0,0.19135979967665395,0.24614230641456913,0.46323718327585267,0.2275338641125555,0.2087760683521643,20,1,-0.05803636973802881,1.063,76.8,B,0.2651122625215889,4.028130048827293,0.36451727300853143,0.19775688637704386,14,9,0,0.2014388489208633,0.2594752186588921,0.6335944299390774,0.10356832027850305,0.2628372497824195,0.23346613545816733,0.2109795479009688,0.2884990253411306,0.23784461152882205,0.23943661971830985,319,0.2474747474747475,224,False,True,0.6470350787931562,0.012330130200472467,3.765625,4.2421875,128,,,,,,,0.009230508630698764,20,3.46,1.07,80.2,7.0,6.0,61.0,17.0,0.0,0.0,0.0,14.0,SP,14.0,323.0,69.0,23.1,6.81,1.9,7.7,0.67,23.22146353846782,-0.012027708993628705,8,1.0,15.0,7,6,1,1,0.0,4.256680323426635,0.1457712986347145,0.24611973392461198,0.25736738703339884,0.09823182711198428,0.5109895833333333,0.32373124999999997,0.17567567567567569,4.442,0.30905501389165657
703607,Henry Bolte,R,ATH,1,Cristian Javier,R,664299.0,824150,ATH @ HOU,11:10 AM,23/08,Scheduled,0.6593037028171966,,,,False,0011111100,estimated,0,0,0.0,0,0,0.2546756483245284,0.32312780037292704,0.39034950894197756,0.3212554046358436,0.25262977623231275,20,1,-0.001547987616099089,0.998,32.0,F,0.2557427258805513,2.379728961490607,0.40546030262308264,0.21912882684412355,11,5,0,0.2647058823529412,0.2631578947368421,0.5773353751914242,0.26339969372128635,0.15926493108728942,0.2662440570522979,0.2572402044293015,0.3333333333333333,0.2748404740200547,0.2934131736526946,190,0.2231404958677686,138,True,False,0.651249810131389,0.008053892685807584,3.388235294117647,3.8588235294117648,85,,,,,,,0.14296462557777967,20,6.44,1.68,36.1,1.0,4.0,30.0,17.0,0.0,0.0,0.0,7.0,SP,11.0,167.0,44.0,15.2,7.43,4.21,10.9,1.73,15.711753290328298,-0.019063702817196604,5,0.7142857142857143,3.0,7,7,1,1,0.0,4.382157841198927,0.09556945113563102,0.2739273927392739,0.2753623188405797,0.07246376811594203,0.46474358974358976,0.327625,0.31645569620253167,4.442,0.3165325977328633
693304,Nick Gonzales,R,PIT,4,Blake Snell,L,605483.0,823909,PIT @ LAD,1:10 PM,23/08,Scheduled,0.6592104331145182,,,,False,1001101110,estimated,9,1,0.1111111111111111,1,2023,0.29796864911685994,0.3408327281397096,0.2778512529041631,0.31522607027149496,0.14034294763965696,20,1,-0.06440856440856446,0.973,70.0,B,0.3426294820717131,,,,3,6,0,0.2635135135135135,0.32792207792207795,0.47808764940239046,0.36254980079681276,0.1593625498007968,0.2821755519655358,0.2803738317757009,0.2676767676767677,0.280099040544723,0.29347826086956524,287,0.3277777777777778,212,False,False,0.6720971667575868,-0.012886733643068582,3.768595041322314,4.12396694214876,121,,,,,,,0.06065989288260722,20,3.6,1.13,15.0,1.0,1.0,20.0,6.0,0.0,0.0,0.0,3.0,SP,3.0,63.0,11.0,21.0,12.0,3.6,6.6,0.0,,-0.011610433114518148,7,0.875,7.0,7,6,0,1,0.0,4.061151445110921,0.08403431326991077,0.30666666666666664,0.1643002028397566,0.06693711967545639,0.3535682023486902,0.3461255645889792,0.22857142857142856,4.159,0.3201230377596863
514888,José Altuve,R,HOU,4,Brady Basso,L,669620.0,824150,ATH @ HOU,11:10 AM,23/08,Scheduled,0.6583368125592854,,,,False,0011111010,estimated,0,0,0.0,0,0,0.26816040390275947,0.26091155193694227,0.23088628366199393,0.3164395312402644,0.19457880004416223,20,1,0.020302932645826582,0.998,58.5,C,0.2605042016806723,9.59522454108897,0.3964233855920857,0.17075162702527621,16,5,0,0.2616822429906542,0.2413793103448276,0.5826330532212886,0.4061624649859944,0.011204481792717087,0.2326478149100257,0.24070450097847357,0.19943019943019943,0.23124147339699863,0.24796747967479674,269,0.24503311258278146,168,False,False,0.6259044556042789,0.03243235695500657,3.854368932038835,4.242718446601942,103,,,,,,,0.054759029459239626,20,3.91,1.35,23.0,0.0,0.0,19.0,3.0,0.0,1.0,1.0,2.0,RP,16.0,100.0,28.0,6.2,7.43,1.17,10.96,0.78,6.352446284114921,-0.03188681255928538,8,0.8888888888888888,-10.0,5,6,1,1,0.0,3.8722491485360315,0.061610065450071014,0.24498886414253898,0.2112676056338028,0.07645875251509054,0.3228197674418605,0.2862056686046512,0.3333333333333333,4.159,0.3679845961618671
671277,Luis García,L,NYY,4,José Soriano,R,667755.0,823507,TOR @ NYY,10:35 AM,23/08,Scheduled,0.6579731157462142,,,,False,0101101101,estimated,5,2,0.4,1,2024,0.24915002923089535,0.3601843087591567,0.5312809715382412,0.3572986528125755,0.2885177395530183,20,1,0.07881773399014777,1.007,47.1,D,0.2990570273911091,1.9604499382654452,0.4127342812005071,0.20030481371733286,20,5,0,0.20689655172413793,0.2857142857142857,0.5071877807726864,0.29829290206648695,0.1945193171608266,0.2235459004905396,0.24076029567053855,0.2596754057428215,0.2379754794089909,0.2540983606557377,257,0.3176470588235294,179,False,False,0.663880521108314,-0.005907405362099771,3.4789915966386555,3.6638655462184873,119,,,,,,,-0.00598166302857316,20,3.23,1.26,139.1,10.0,6.0,136.0,62.0,0.0,0.0,0.0,25.0,SP,25.0,578.0,114.0,23.1,8.78,4.0,7.36,0.84,22.62889352772783,-0.00865311574621419,5,0.7142857142857143,14.0,6,6,0,1,0.0,3.9184836853179155,0.05212152811580789,0.27884615384615385,0.1689497716894977,0.045662100456621,0.4673489278752437,0.3467714424951267,0.23465703971119134,4.159,0.2754509417413957
672275,Patrick Bailey,L,CLE,8,Tomoyuki Sugano,R,608372.0,824315,CLE @ COL,12:10 PM,23/08,Scheduled,0.6574984463924426,,,,False,0000100111,estimated,0,0,0.0,0,0,0.17615998910400654,0.3638413384689579,0.48508870015343386,0.2715248227710469,0.3122440869448507,20,1,0.013013013013013025,1.148,35.4,D,0.23646873357856016,2.916126522536984,0.4295066186078037,0.13750353105934499,20,6,0,0.18518518518518517,0.1981981981981982,0.5105263157894737,0.2731578947368421,0.2163157894736842,0.16896551724137931,0.18937644341801385,0.16997167138810199,0.1778846153846154,0.16535433070866143,137,0.22950819672131148,138,False,False,0.5660774831523158,0.09142096324012683,3.0,3.3132530120481927,83,,,,,,,-0.13569195746808585,20,4.7,1.26,118.2,12.0,6.0,69.0,27.0,0.0,0.0,0.0,22.0,SP,22.0,498.0,123.0,22.6,5.23,2.05,9.33,1.97,23.01731447661232,-0.04529844639244274,8,0.8888888888888888,5.0,7,6,1,1,0.0,3.619731706412005,0.09927221369970218,0.20810810810810812,0.25307125307125306,0.07125307125307126,0.3929463171036205,0.3086741573033708,0.2648221343873518,3.599,0.3271869631884326
802139,Jj Wetherholt,L,STL,1,Cristopher Sánchez,L,650911.0,823421,STL @ PHI,10:35 AM,23/08,Scheduled,0.6570913071848432,,,,False,0011001101,estimated,0,0,0.0,0,0,0.21627872119322683,0.3443242626340775,0.5653556182556796,0.26319954759573033,0.18082140593710963,20,1,-0.11081225317536553,1.009,74.1,B,0.3269230769230769,4.4228841667261145,0.39883889367637504,0.2720092720150654,20,6,0,0.16296296296296298,0.2737752161383285,0.4326923076923077,0.19147157190635453,0.3758361204013378,0.23109243697478993,0.2392638036809816,0.25040387722132473,0.23807240469911292,0.2525597269624573,341,0.2275132275132275,221,True,False,0.6738949728098537,-0.016803665625010455,3.9186991869918697,4.569105691056911,123,,,,,,,-0.03591810147777569,20,2.51,1.22,161.2,16.0,4.0,187.0,38.0,0.0,0.0,0.0,26.0,SP,26.0,673.0,159.0,25.9,10.41,2.12,8.85,0.72,25.459309618756684,0.014233692815156851,8,1.0,-11.0,7,8,1,1,0.0,4.571688205481125,0.10112237730569969,0.2425531914893617,0.16423357664233576,0.10583941605839416,0.45,0.31776973684210524,0.13793103448275862,4.442,0.3358313490026647
668709,Jj Bleday,L,CIN,3,Mitch Bratt,L,683352.0,825043,CIN @ AZ,1:15 PM,23/08,Scheduled,0.6569277725028105,,,,False,1101000101,estimated,0,0,0.0,0,0,0.20420467805314615,0.2625798887334781,0.37366526747030615,0.28356111951410445,0.2876132987392451,20,1,0.0271987294024221,1.0,51.3,C,0.21839080459770116,1.0862234528650585,0.35800889244824735,0.14689901091676025,8,6,0,0.2463768115942029,0.2191780821917808,0.512396694214876,0.3867768595041322,0.10082644628099173,0.2210144927536232,0.2218091697645601,0.24238227146814403,0.22713257965056527,0.22897196261682243,255,0.21768707482993196,170,False,True,0.6007738443843434,0.05615392811846709,3.5392156862745097,4.166666666666667,102,,,,,,,-0.058733402500089245,20,4.17,1.47,36.2,1.0,2.0,25.0,22.0,0.0,0.0,0.0,8.0,SP,8.0,159.0,32.0,19.9,6.14,5.4,7.85,1.23,20.051254470054868,-0.05692777250281056,6,0.8571428571428571,24.0,6,8,0,1,0.0,4.0382210791532325,0.10593284690665143,0.22549019607843138,0.22832980972515857,0.12473572938689217,0.41027777777777774,0.31422722222222227,0.2564102564102564,4.25,0.3095974491054189
621439,Byron Buxton,R,MIN,2,Walker Buehler,R,621111.0,823258,MIN @ SD,1:10 PM,23/08,Scheduled,0.6564637355361392,-186.0,203.0,65.0,False,0010011000,estimated,0,0,0.0,0,0,0.20473326377921341,0.3125915809451367,0.4403004782005531,0.23338221429966943,0.182208229970728,20,1,-0.015359621916998967,0.954,58.1,C,0.26450676982591875,1.9127813245481033,0.36815985163289133,0.19004307793386493,20,6,0,0.26126126126126126,0.2459016393442623,0.6351285783600195,0.2663755458515284,0.0984958757884522,0.2371487320082248,0.2297142857142857,0.22129436325678498,0.2320540156361052,0.28,243,0.2,149,False,False,0.6525149645105036,0.003948771025635622,3.9887640449438204,4.404494382022472,89,,,,,,,-0.10953085195419232,20,4.79,1.39,120.1,7.0,6.0,104.0,49.0,0.0,0.0,0.0,25.0,SP,25.0,518.0,118.0,20.7,7.78,3.66,8.83,1.05,21.201295114320253,-0.028330402202805915,6,0.75,15.0,7,6,0,1,0.0,4.075514441473072,0.07715317018384646,0.25158562367864695,0.25621414913957935,0.06692160611854685,0.47984267453294,0.342905604719764,0.23300970873786409,4.35,0.26757743043207655
607043,Brandon Nimmo,L,TEX,4,Yusei Kikuchi,L,579328.0,822856,LAA @ TEX,11:35 AM,23/08,Scheduled,0.6555564366230824,,,,False,0001110000,estimated,0,0,0.0,0,0,0.20661047757870996,0.2884128498562413,0.46106382870171314,0.2613715206622287,0.19791228102625497,20,1,0.033291362377234957,0.964,45.5,D,0.2768959435626102,2.188815860691523,0.4048168019092623,0.22109339133906597,7,116,0,0.2909090909090909,0.25761772853185594,0.4532627865961199,0.32451499118165783,0.2222222222222222,0.255922165820643,0.24700854700854702,0.21649484536082475,0.24875992063492064,0.2721311475409836,334,0.25301204819277107,185,False,False,0.6633892509901437,-0.007832814367061292,3.8292682926829267,4.219512195121951,123,,,,,,,0.014674405369676454,20,5.81,1.58,31.0,0.0,3.0,33.0,14.0,0.0,0.0,0.0,7.0,SP,7.0,142.0,35.0,20.3,9.58,4.06,10.16,0.87,19.780255688872202,-0.020856436623082453,7,0.875,-5.0,5,6,1,1,0.0,4.125537494184914,0.04491979005352413,0.25820568927789933,0.21626984126984128,0.07539682539682539,0.507183908045977,0.3705747126436782,0.27586206896551724,4.159,0.27482262244009203
691723,Coby Mayo,R,BAL,5,Nick Martínez,R,607259.0,824799,TB @ BAL,10:35 AM,23/08,Scheduled,0.6544403735154654,,,,False,0000111001,estimated,0,0,0.0,0,0,0.23368757871362889,0.33742093442267757,0.3971763477624775,0.312682693989903,0.3638715770418623,20,1,-0.08565488565488566,1.044,69.7,B,0.2610887096774194,4.549092448791299,0.33377579188546225,0.14497774193740653,20,5,0,0.2702702702702703,0.18461538461538463,0.6370519939424533,0.08884401817264008,0.2741039878849066,0.21137440758293838,0.20310765815760268,0.2777777777777778,0.21754385964912282,0.21511627906976744,190,0.21641791044776118,144,False,False,0.5771572019841446,0.0772831715313208,3.154639175257732,3.443298969072165,97,,,,,,,0.004868094806314956,20,3.05,1.14,141.2,12.0,4.0,83.0,22.0,0.0,0.0,0.0,24.0,SP,24.0,574.0,139.0,23.9,5.27,1.4,8.83,1.08,23.978551309364683,-0.0528260878011797,7,0.7777777777777778,-9.0,7,7,1,1,0.0,3.529450425823682,0.05607644721893453,0.22641509433962265,0.3155339805825243,0.0825242718446602,0.45228215767634855,0.3335850622406639,0.2876712328767123,4.024,0.35527126214531163
691458,Blaze Jordan,R,STL,7,Cristopher Sánchez,L,650911.0,823421,STL @ PHI,10:35 AM,23/08,Scheduled,0.6544403735154654,,,,False,0111101011,estimated,0,0,0.0,0,0,0.24847718403397165,0.33648159525648325,0.39338157586623956,0.3530920065358884,0.16697576901165145,20,1,0.05285493827160492,1.009,74.1,B,0.3269230769230769,4.4228841667261145,0.39883889367637504,0.2720092720150654,20,6,0,0.2716049382716049,0.21875,0.4326923076923077,0.19147157190635453,0.3758361204013378,0.228125,0.26861702127659576,0.2028985507246377,0.23854796888504753,0.24271844660194175,106,0.24324324324324326,83,True,False,0.646607559148404,0.007832814367061403,3.339622641509434,3.5660377358490565,53,,,,,,,0.157477852380368,20,2.51,1.22,161.2,16.0,4.0,187.0,38.0,0.0,0.0,0.0,26.0,SP,26.0,673.0,159.0,25.9,10.41,2.12,8.85,0.72,25.459309618756684,-0.014702873515465398,8,1.0,-11.0,7,8,1,1,0.0,3.650576292621639,0.03428065627763849,0.24861878453038674,0.15025906735751296,0.03626943005181347,0.4364035087719298,0.3076513157894737,0.2943722943722944,3.76,0.3358313490026647
642715,Willy Adames,R,SF,3,Jake Bennett,L,687562.0,824720,SF @ BOS,12:15 PM,23/08,Scheduled,0.6543127705627705,,,,False,1110111101,estimated,0,0,0.0,0,0,0.27396940533621356,0.3340604508740067,0.3866836065938134,0.3751744951725173,0.2184044236234818,20,1,-0.018785010623913467,1.063,76.8,B,0.2651122625215889,4.028130048827293,0.36451727300853143,0.19775688637704386,14,9,0,0.21774193548387097,0.23652694610778444,0.6335944299390774,0.10356832027850305,0.2628372497824195,0.22970195272353547,0.21434898139946856,0.23645320197044334,0.22558537978298115,0.2627450980392157,280,0.1921182266009852,218,False,True,0.6166259214910631,0.037686849071707385,3.8487394957983194,4.184873949579832,119,,,,,,,0.2922514614923071,20,3.46,1.07,80.2,7.0,6.0,61.0,17.0,0.0,0.0,0.0,14.0,SP,14.0,323.0,69.0,23.1,6.81,1.9,7.7,0.67,23.22146353846782,-0.03023777056277055,8,1.0,15.0,7,6,1,1,0.0,4.1130616975853584,0.10886450956523605,0.22943722943722944,0.2749003984063745,0.07370517928286853,0.3888888888888889,0.3144845679012346,0.25112107623318386,4.25,0.30905501389165657
805811,Bryce Eldridge,L,SF,2,Jake Bennett,L,687562.0,824720,SF @ BOS,12:15 PM,23/08,Scheduled,0.6543127705627705,,,,False,1011110111,estimated,0,0,0.0,0,0,0.25965467896991584,0.3578333556126162,0.49732704717935866,0.3648778537983491,0.25371091225086356,20,1,0.03255260023818973,1.063,76.8,B,0.2651122625215889,4.028130048827293,0.36451727300853143,0.19775688637704386,14,9,0,0.2727272727272727,0.24017467248908297,0.6335944299390774,0.10356832027850305,0.2628372497824195,0.2707317073170732,0.2687074829931973,0.2222222222222222,0.26357827476038337,0.27325581395348836,195,0.21641791044776118,157,False,True,0.6214841463612444,0.0328286242015261,3.558139534883721,4.093023255813954,86,,,,,,,0.23622029206185105,20,3.46,1.07,80.2,7.0,6.0,61.0,17.0,0.0,0.0,0.0,14.0,SP,14.0,323.0,69.0,23.1,6.81,1.9,7.7,0.67,23.22146353846782,-0.01867527056277052,8,1.0,15.0,7,6,1,1,0.0,4.161798698025667,0.11168209961184015,0.23529411764705882,0.2770780856423174,0.13350125944584382,0.5282608695652173,0.35208260869565217,0.17567567567567569,4.35,0.30905501389165657
686765,Nick Sogard,L,BOS,1,Matthew Wilkinson,L,683363.0,824720,SF @ BOS,12:15 PM,23/08,Scheduled,0.653396297455097,,,,False,1010011111,estimated,0,0,0.0,0,0,0.32432853663785866,0.31655883230672577,0.31934310785851633,0.39377017864951375,0.17911143989561132,20,1,0.1373035566583954,1.063,50.0,C,0.12,,,,1,4,0,0.38461538461538464,0.24731182795698925,0.76,0.12,0.12,0.24830699774266365,0.2682926829268293,0.2727272727272727,0.2594654788418708,0.25806451612903225,77,0.2982456140350877,71,False,True,0.640866577254681,0.012529720200415984,3.606060606060606,4.484848484848484,33,,,,,,,0.0922807042569257,20,0.0,0.5,2.0,0.0,0.0,0.0,0.0,0.0,0.0,0.0,1.0,SP,1.0,7.0,1.0,7.0,0.0,0.0,4.5,0.0,,0.005443702544902895,5,0.625,-18.0,7,6,1,1,0.0,4.7809894508099235,0.1711499530818833,0.26605504587155965,0.2230971128608924,0.10498687664041995,0.2845041322314049,0.32177272727272727,,4.442,0.31661443448442295
680977,Brendan Donovan,L,SEA,1,Shota Imanaga,L,684007.0,823099,CHC @ SEA,1:10 PM,23/08,Scheduled,0.6531506715836181,,,,False,1101101111,estimated,10,1,0.1,1,2024,0.2978351806679155,0.28738242511429485,0.2848484053247362,0.3876379853200522,0.13055595198244654,20,2,0.03181336161187698,0.906,80.6,A,0.2910943730615862,4.691668905879531,0.3275589848656715,0.24233126637943067,20,6,0,0.2926829268292683,0.2608695652173913,0.47562056737588654,0.19592198581560283,0.32845744680851063,0.29373996789727125,0.2791666666666667,0.36792452830188677,0.2979381443298969,0.32051282051282054,92,0.2,64,False,False,0.6780960237883176,-0.02494535220469951,3.5,4.105263157894737,38,,,,,,,0.21246768231656543,20,3.77,1.09,143.1,8.0,9.0,140.0,32.0,0.0,0.0,0.0,25.0,SP,25.0,578.0,124.0,23.1,8.79,2.01,7.79,1.82,23.195604570688484,0.008449328416381907,5,0.8333333333333334,36.0,6,6,0,1,0.0,4.347270952121176,0.09625211803363597,0.2808988764044944,0.142578125,0.083984375,0.37186379928315416,0.29086290322580644,0.20270270270270271,4.442,0.30631299464964357
660271,Shohei Ohtani,L,LAD,1,Lake Bachar,R,669199.0,823909,PIT @ LAD,1:10 PM,23/08,Scheduled,0.6525503029888914,-223.0,233.0,69.0,False,1101111010,estimated,0,0,0.0,0,0,0.24755704218792524,0.36268505549536983,0.49566266609103216,0.3350772801466602,0.26283416298380197,20,1,-0.017930372567838748,0.973,76.7,B,0.29345955249569705,2.0371862747118805,0.19430155911553884,0.23202256149901138,20,2,0,0.3013698630136986,0.28343949044585987,0.3324720068906115,0.5796726959517657,0.08785529715762273,0.30331311245916937,0.28930232558139535,0.26639892904953144,0.2938388625592417,0.30526315789473685,336,0.26285714285714284,210,False,False,0.6738949728098537,-0.02134466982096228,3.865546218487395,4.588235294117647,119,,,,,,,0.1208054756562663,20,3.75,1.11,69.2,1.0,2.0,73.0,27.0,2.0,1.0,3.0,5.0,RP,43.0,287.0,50.0,6.7,9.43,3.49,6.46,1.55,7.127470383054632,0.002163982725394309,7,0.7777777777777778,2.0,7,6,0,1,0.0,4.532761452822978,0.12163256606460444,0.2894168466522678,0.2323049001814882,0.10707803992740472,0.5308457711442787,0.4092641791044776,0.22142857142857142,4.442,0.3150018895415111
672386,Alejandro Kirk,R,TOR,3,Carlos Rodón,L,607074.0,823507,TOR @ NYY,10:35 AM,23/08,Scheduled,0.6512913217621109,,,,False,1111111111,estimated,12,3,0.25,1,2024,0.37105091059855577,0.292041999685758,0.41284072425998775,0.4344255709629819,0.06648622323168954,20,1,0.08333333333333331,1.007,60.8,C,0.2695749440715884,2.047682005023973,0.3560892251741468,0.2653772512162215,10,5,0,0.3333333333333333,0.25,0.5816554809843401,0.2684563758389262,0.14988814317673377,0.31833520809898763,0.2713864306784661,0.37037037037037035,0.31158357771260997,0.35,114,0.20689655172413793,102,False,False,0.6728876497098119,-0.021596327947700944,3.4,3.9272727272727272,55,,,,,,,0.35005673322304315,20,3.22,1.23,50.1,4.0,2.0,56.0,28.0,0.0,0.0,0.0,10.0,SP,10.0,211.0,34.0,21.1,10.01,5.01,6.08,0.72,21.150372060024715,0.008008678237889089,7,0.875,-2.0,7,6,0,1,0.0,4.402546391937145,0.15585502982410465,0.26097560975609757,0.13924050632911392,0.10548523206751055,0.4204457364341085,0.2998343023255814,0.18181818181818182,4.25,0.29893933610071804
663538,Nico Hoerner,R,CHC,6,Bryce Miller,R,682243.0,823099,CHC @ SEA,1:10 PM,23/08,Scheduled,0.6510090837351226,,,,False,1110111011,estimated,0,0,0.0,0,0,0.2964797437111947,0.3448894669454558,0.22646703339013755,0.3123084779656088,0.08198678707563743,20,1,-0.013015551048005447,0.906,85.0,A,0.2763929618768328,4.416297031102123,0.33474950669481807,0.2356656283528452,16,5,0,0.27450980392156865,0.2614942528735632,0.5308823529411765,0.21176470588235294,0.25735294117647056,0.2523881347410759,0.2506787330316742,0.26097560975609757,0.2533447196128665,0.2690909090909091,306,0.2610619469026549,249,False,False,0.6749877741015983,-0.023978690366475708,3.9761904761904763,4.404761904761905,126,,,,,,,0.1125622276182949,20,3.71,1.04,89.2,4.0,7.0,87.0,18.0,0.0,0.0,0.0,15.0,SP,16.0,354.0,75.0,22.1,8.73,1.81,7.53,1.51,22.507979657232802,0.014010916264877382,5,0.7142857142857143,-15.0,7,6,0,1,0.0,4.188297624528303,0.03411513391026711,0.26195426195426197,0.08128544423440454,0.0661625708884688,0.2823820395738204,0.33095243531202434,0.20408163265306123,3.896,0.36505908439439927
671739,Michael Harris,L,ATL,4,Shane Drohan,L,675660.0,823745,ATL @ MIL,4:10 PM,23/08,Scheduled,0.6505563301740396,,,,False,0101111111,estimated,0,0,0.0,0,0,0.31670245764553195,0.34816476488309295,0.45020900232398264,0.3904563600456449,0.21700858857985175,20,1,-0.018430402892347375,0.97,66.5,B,0.2982900569981001,2.8521545758209115,0.4019134564219198,0.251772897881994,20,5,0,0.28187919463087246,0.30030959752321984,0.6124129195693477,0.3394553514882837,0.048131728942368585,0.26147588611272515,0.24154589371980675,0.31736526946107785,0.26498326741709766,0.27611940298507465,285,0.31862745098039214,215,False,True,0.6690957125026374,-0.018539382328597864,3.806451612903226,4.032258064516129,124,,,,,,,0.14079145852376643,20,3.86,1.25,100.1,6.0,4.0,99.0,33.0,1.0,0.0,1.0,14.0,SP,25.0,421.0,92.0,16.8,8.88,2.96,8.25,0.81,19.605885384900397,0.0026186698259603736,4,0.5714285714285714,15.0,7,7,0,1,1.0,3.9598339900425548,0.017715590386940018,0.29540481400437635,0.1958762886597938,0.03711340206185567,0.4878453038674033,0.3666574585635359,0.24166666666666667,4.159,0.29213481910368866
805300,Jakob Marsee,L,MIA,1,Jackson Kent,L,800600.0,823827,WSH @ MIA,10:40 AM,23/08,Scheduled,0.6500202581200155,,,,False,1101000011,estimated,0,0,0.0,0,0,0.25418659171128616,0.2753207054139272,0.4145588243317696,0.3003757258745593,0.1707960532487695,20,1,0.015423355366698144,1.0,50.0,C,0.2037037037037037,,,,2,5,0,0.2222222222222222,0.20679886685552407,0.4567901234567901,0.3333333333333333,0.20987654320987653,0.19011598587997983,0.20976253298153033,0.20567375886524822,0.19659735349716445,0.22033898305084745,279,0.19444444444444445,220,False,True,0.6236167418792626,0.026403516240752878,3.4098360655737703,4.090163934426229,122,,,,,,,-0.05936881948270392,20,9.39,2.48,7.2,0.0,1.0,9.0,8.0,0.0,0.0,0.0,2.0,SP,2.0,41.0,11.0,20.5,10.57,9.39,12.91,1.17,,-0.029870258120015536,6,0.6666666666666666,4.0,7,6,0,1,0.0,4.078951253039443,0.11753580851243167,0.2107843137254902,0.20773930753564154,0.12830957230142567,0.3464052287581699,0.29594117647058826,0.38461538461538464,4.442,0.3089246745074752
701538,Jackson Merrill,L,SD,5,Bailey Ober,R,641927.0,823258,MIN @ SD,1:10 PM,23/08,Scheduled,0.649387935084607,-194.0,203.0,66.0,False,1100110001,estimated,0,0,0.0,0,0,0.2489201077787127,0.385353391500118,0.48765951247526473,0.3303011007149106,0.3242118746341088,20,1,-0.03210624417520966,0.954,56.7,C,0.25828220858895706,2.8287635281410783,0.3739481216195093,0.15725179508864376,19,6,0,0.2672413793103448,0.23513513513513515,0.35337423312883437,0.3042944785276074,0.3423312883435583,0.2503236944324558,0.2259941804073715,0.20275862068965517,0.23621661357510415,0.23,324,0.26344086021505375,205,False,False,0.6405185362770641,0.008869398807542894,3.888,4.232,125,,,,,,,0.12146528864872788,20,4.62,1.25,103.1,7.0,4.0,71.0,26.0,0.0,0.0,0.0,19.0,SP,19.0,435.0,103.0,22.9,6.18,2.26,8.97,1.48,22.964160669631656,-0.04281293508460704,8,1.0,-7.0,7,6,0,1,0.0,4.064490104465287,0.06363617416561014,0.24197002141327623,0.25,0.05905511811023622,0.4799019607843137,0.35500735294117647,0.2445414847161572,4.024,0.34798770018869873
641933,Tyler O'Neill,R,BAL,4,Nick Martínez,R,607259.0,824799,TB @ BAL,10:35 AM,23/08,Scheduled,0.648735181926337,,,,False,0111110000,estimated,0,0,0.0,0,0,0.23729761865855584,0.3484802697754979,0.4367893793406903,0.2887752034638478,0.22336824492905252,20,1,0.001571091908876665,1.044,69.7,B,0.2610887096774194,4.549092448791299,0.33377579188546225,0.14497774193740653,20,5,0,0.208955223880597,0.21052631578947367,0.6370519939424533,0.08884401817264008,0.2741039878849066,0.19672131147540983,0.15531914893617021,0.13090909090909092,0.17409638554216866,0.15702479338842976,137,0.26851851851851855,120,False,False,0.5828105915867879,0.065924590339549,2.792682926829268,3.1341463414634148,82,,,,,,,-0.24410414412175932,20,3.05,1.14,141.2,12.0,4.0,83.0,22.0,0.0,0.0,0.0,24.0,SP,24.0,574.0,139.0,23.9,5.27,1.4,8.83,1.08,23.978551309364683,-0.046149467640622666,7,0.7777777777777778,-9.0,7,7,1,1,0.0,3.509396492118047,0.10094177518618304,0.2057142857142857,0.2607594936708861,0.10379746835443038,0.41565452091767885,0.31570445344129555,0.2876712328767123,4.159,0.35527126214531163
678545,Osleivis Basabe,R,SF,5,Jake Bennett,L,687562.0,824720,SF @ BOS,12:15 PM,23/08,Scheduled,0.6485495689177642,,,,False,1011100101,estimated,0,0,0.0,0,0,0.21906473406336457,0.2765429796807339,0.40983700864970135,0.2761039187559025,0.1908582259018835,20,1,-0.00836120401337792,1.063,76.8,B,0.2651122625215889,4.028130048827293,0.36451727300853143,0.19775688637704386,14,9,0,0.23076923076923078,0.2391304347826087,0.6335944299390774,0.10356832027850305,0.2628372497824195,0.23048327137546468,0.2553191489361702,0.18072289156626506,0.22736418511066397,0.2857142857142857,44,0.16666666666666666,32,False,True,0.6163796567872025,0.03216991213056164,3.4285714285714284,3.619047619047619,21,,,,,,,0.07392942719777915,20,3.46,1.07,80.2,7.0,6.0,61.0,17.0,0.0,0.0,0.0,14.0,SP,14.0,323.0,69.0,23.1,6.81,1.9,7.7,0.67,23.22146353846782,-0.026987068917764145,8,1.0,15.0,7,6,1,1,0.0,3.8328525634460893,0.017095292154112176,0.23391812865497075,0.22950819672131148,0.04371584699453552,0.3798449612403101,0.26732558139534884,0.25112107623318386,4.024,0.30905501389165657
643289,Mauricio Dubón,R,ATL,6,Shane Drohan,L,675660.0,823745,ATL @ MIL,4:10 PM,23/08,Scheduled,0.6471140332758215,,,,False,0010001111,estimated,0,0,0.0,0,0,0.31205052032039154,0.3155423008432742,0.3035306790797512,0.3566800763131844,0.06960404720440945,20,1,0.003846912606036701,0.97,66.5,B,0.2982900569981001,2.8521545758209115,0.4019134564219198,0.251772897881994,20,5,0,0.2702702702702703,0.2664233576642336,0.6124129195693477,0.3394553514882837,0.048131728942368585,0.27018469656992083,0.26601520086862107,0.2386058981233244,0.26595744680851063,0.2585551330798479,279,0.28061224489795916,217,False,True,0.6542512643863384,-0.007137231110516895,3.731707317073171,4.032520325203252,123,,,,,,,0.16495373702199645,20,3.86,1.25,100.1,6.0,4.0,99.0,33.0,1.0,0.0,1.0,14.0,SP,25.0,421.0,92.0,16.8,8.88,2.96,8.25,0.81,19.605885384900397,-0.01706403327582151,4,0.5714285714285714,15.0,7,7,0,1,1.0,3.6468776578484685,0.023015885306465214,0.2650334075723831,0.12164948453608247,0.0577319587628866,0.30824786324786324,0.3123923076923077,0.2423076923076923,3.896,0.29213481910368866
679845,Nick Loftin,R,KC,1,,R,,824071,DET @ KC,11:10 AM,23/08,Scheduled,0.6462756671089787,,,,False,0010000101,estimated,0,0,0.0,0,0,0.16523490887873055,0.24762918234683115,0.20621958276315244,0.19667545446488385,0.25815446653209856,20,1,-0.06652137816521378,1.028,,,,,,,0,0,0,0.26515151515151514,0.19863013698630136,,,,0.19075712881022616,0.16583747927031509,0.25461254612546125,0.19230769230769232,0.19594594594594594,174,0.2692307692307692,155,False,False,0.6174182464661991,0.02885742064277952,3.0217391304347827,3.5760869565217392,92,,,,,,,-0.13684448021276313,20,,,,,,,,,,,,,,,,,,,,,,-0.0019756671089786737,7,0.7777777777777778,-5.0,6,7,1,1,0.0,3.745329114188578,0.16779549024570212,0.23353293413173654,0.1556122448979592,0.10459183673469388,0.2799145299145299,0.2670915750915751,,4.442,0.28642942170052615
686611,Dylan Crews,R,WSH,2,Janson Junk,R,676083.0,823827,WSH @ MIA,10:40 AM,23/08,Scheduled,0.6462756671089787,,,,False,0100010011,estimated,0,0,0.0,0,0,0.149350980234076,0.32184772111910354,0.46627135197210345,0.22527160410738103,0.2796939213998328,20,1,-0.08702153110047844,1.0,43.5,D,0.24562584118438763,2.290293151423844,0.40292779088091113,0.1593153650261255,18,6,0,0.2631578947368421,0.17613636363636365,0.396900269541779,0.4238544474393531,0.1792452830188679,0.21476510067114093,0.19663865546218487,0.32653061224489793,0.22271386430678466,0.23668639053254437,181,0.17355371900826447,137,False,False,0.6131175217095998,0.03315814539937889,3.7662337662337664,4.12987012987013,77,,,,,,,0.048961267472611106,20,4.37,1.36,92.2,6.0,8.0,66.0,26.0,0.0,0.0,0.0,18.0,SP,18.0,396.0,100.0,22.0,6.41,2.53,9.71,1.17,21.672989125014517,-0.012959000442312019,6,0.6666666666666666,14.0,6,6,0,1,0.0,3.7448348714682864,0.028880164076112703,0.2146118721461187,0.22614107883817428,0.07468879668049792,0.4133738601823708,0.30726443768996964,0.2116788321167883,4.35,0.2933916816693733
545121,Ildemaro Vargas,L,AZ,7,Andrew Abbott,L,671096.0,825043,CIN @ AZ,1:15 PM,23/08,Scheduled,0.6458265614246907,,,,False,0011101100,estimated,9,1,0.1111111111111111,1,2023,0.1432174258391158,0.25842917895294387,0.33277263182351713,0.17275623244813282,0.10507044923262884,20,1,0.05265456360346868,1.0,49.9,D,0.2634062634062634,1.614914505910002,0.37893513609110047,0.1857686772115637,20,5,0,0.291970802919708,0.23931623931623933,0.4732758620689655,0.33491379310344827,0.19181034482758622,0.26555023923444976,0.2608695652173913,0.24175824175824176,0.25936599423631124,0.24607329842931938,204,0.2722222222222222,197,False,False,0.6365163569065987,0.009310204518092058,3.435185185185185,3.712962962962963,108,,,,,,,-0.19575242166695417,20,4.07,1.4,139.1,6.0,8.0,108.0,66.0,0.0,0.0,0.0,26.0,SP,26.0,604.0,129.0,23.2,6.98,4.26,8.33,1.16,23.725345331236536,-0.014743228091357419,6,0.75,17.0,7,6,0,1,0.0,3.5852625530979854,0.09169039910390628,0.2617283950617284,0.09610983981693363,0.05263157894736842,0.369880624426079,0.2999752066115703,0.2198581560283688,3.76,0.33973137388084745
681082,Bryson Stott,L,PHI,6,Kyle Leahy,R,681517.0,823421,STL @ PHI,10:35 AM,23/08,Scheduled,0.6457299065564123,,,,False,1111111000,estimated,0,0,0.0,0,0,0.2495212770364594,0.30742028748626066,0.27251028669296007,0.29287231285060555,0.06667591252438211,20,1,-0.014470043010035682,1.009,50.9,C,0.2713791398912506,5.156741470050302,0.47719615073820076,0.2453991430715861,20,5,0,0.2696629213483146,0.2551928783382789,0.39762611275964393,0.4629080118694362,0.1394658753709199,0.24062816616008106,0.2689732142857143,0.24242424242424243,0.2477037037037037,0.24242424242424243,260,0.27692307692307694,223,False,False,0.630409437226797,0.015320469329615283,3.4634146341463414,3.926829268292683,123,,,,,,,0.24367889184668867,20,3.24,1.31,122.1,10.0,4.0,111.0,35.0,0.0,0.0,0.0,24.0,SP,24.0,516.0,125.0,21.5,8.17,2.57,9.2,0.88,21.03576736082412,-0.03184240655641224,8,0.8888888888888888,30.0,7,6,1,1,0.0,4.2033365954860376,0.19626891644979716,0.2607655502392344,0.16455696202531644,0.10337552742616034,0.38009803921568625,0.33036617647058825,0.3112033195020747,3.896,0.3177910795995636
690993,Colt Keith,L,DET,4,Daniel Lynch,L,663738.0,824071,DET @ KC,11:10 AM,23/08,Scheduled,0.6441732695349568,,,,False,0010111110,estimated,0,0,0.0,0,0,0.3180770788011137,0.42150983562894045,0.5767878828241647,0.36995941525890363,0.16500332699987533,20,1,0.06646216768916152,1.028,67.4,B,0.2884130982367758,2.805378678079505,0.36199931681183983,0.12148198267918624,20,5,0,0.3333333333333333,0.2668711656441718,0.45717884130982367,0.30100755667506296,0.24181360201511334,0.26994301994301995,0.23290203327171904,0.25391849529780564,0.25772797527047914,0.3121951219512195,227,0.1968503937007874,137,False,False,0.6324362601746109,0.01173700936034594,2.8135593220338984,3.0847457627118646,118,,,,,,,-0.019300035607359354,20,2.83,1.02,54.0,4.0,4.0,41.0,16.0,1.0,2.0,3.0,3.0,RP,49.0,218.0,39.0,4.4,6.83,2.67,6.5,0.67,5.902385644464977,0.012243397131709854,6,0.6666666666666666,15.0,7,6,1,1,0.0,2.9286863564461285,0.19736307798997468,0.2743362831858407,0.1827956989247312,0.07526881720430108,0.4293972939729397,0.3473653136531365,0.15555555555555556,4.159,0.2737156324953918
608369,Corey Seager,L,TEX,3,Yusei Kikuchi,L,579328.0,822856,LAA @ TEX,11:35 AM,23/08,Scheduled,0.6439997604886455,,,,False,0100111110,estimated,13,4,0.3076923076923077,1,2022,0.2935267658709388,0.3509690267546716,0.5756036795841856,0.3912448727512632,0.1886148455048484,20,1,0.03207920792079208,0.964,45.5,D,0.2768959435626102,2.188815860691523,0.4048168019092623,0.22109339133906597,7,116,0,0.24,0.2079207920792079,0.4532627865961199,0.32451499118165783,0.2222222222222222,0.2164750957854406,0.22072072072072071,0.25,0.22062350119904076,0.22674418604651161,192,0.1875,99,False,False,0.6500202581200155,-0.006020497631370025,3.7058823529411766,4.279411764705882,68,,,,,,,0.0077626807916503495,20,5.81,1.58,31.0,0.0,3.0,33.0,14.0,0.0,0.0,0.0,7.0,SP,7.0,142.0,35.0,20.3,9.58,4.06,10.16,0.87,19.780255688872202,-0.023185474774359616,7,0.875,-5.0,5,6,1,1,0.0,4.070028498027755,0.09431816171088309,0.24830699774266365,0.22612085769980506,0.10721247563352826,0.5101936799184505,0.33612232415902144,0.27586206896551724,4.25,0.27482262244009203
571448,Nolan Arenado,R,AZ,5,Andrew Abbott,L,671096.0,825043,CIN @ AZ,1:15 PM,23/08,Scheduled,0.6434971304869058,,,,False,0110010111,estimated,22,9,0.4090909090909091,1,2023,0.23576835277650757,0.2241407236173676,0.25485327074246267,0.3277036514224275,0.19811381120226848,20,1,-0.019508588328972815,1.0,49.9,D,0.2634062634062634,1.614914505910002,0.37893513609110047,0.1857686772115637,20,5,0,0.2288135593220339,0.2483221476510067,0.4732758620689655,0.33491379310344827,0.19181034482758622,0.21779141104294478,0.211353711790393,0.22816901408450704,0.21660305343511452,0.21338912133891214,266,0.2824858757062147,204,False,False,0.6187763805820844,0.024720749904821426,3.466666666666667,3.9166666666666665,120,,,,,,,-0.02306375291203363,20,4.07,1.4,139.1,6.0,8.0,108.0,66.0,0.0,0.0,0.0,26.0,SP,26.0,604.0,129.0,23.2,6.98,4.26,8.33,1.16,23.725345331236536,-0.036413797153572514,6,0.75,17.0,7,6,0,1,0.0,4.287604156244151,0.07737355924994642,0.24278846153846154,0.20638297872340425,0.08723404255319149,0.3200626959247649,0.3003573667711599,0.24795640326975477,4.024,0.33973137388084745
521692,Salvador Pérez,R,KC,5,,R,,824071,DET @ KC,11:10 AM,23/08,Scheduled,0.6434971304869058,,,,False,1101101111,estimated,0,0,0.0,0,0,0.26528796874216387,0.3085908159435847,0.37057318863864075,0.28239855646934936,0.08848496110487603,20,1,-0.02131661442006269,1.028,,,,,,,0,0,0,0.23448275862068965,0.21316614420062696,,,,0.2162478082992402,0.188470066518847,0.2685851318944844,0.2112353109773574,0.2229965156794425,312,0.21468926553672316,194,False,False,0.631997178447138,0.011499952039767836,3.834710743801653,4.181818181818182,121,,,,,,,0.08609289797279797,20,,,,,,,,,,,,,,,,,,,,,,-0.004297130486905831,7,0.7777777777777778,-5.0,6,7,1,1,0.0,3.8959713614228546,0.02727861407824027,0.21956521739130436,0.19322709163346613,0.03386454183266932,0.4176767676767677,0.29511294765840224,,4.024,0.28642942170052615
663757,Trent Grisham,L,NYY,1,José Soriano,R,667755.0,823507,TOR @ NYY,10:35 AM,23/08,Scheduled,0.642570388649904,,,,False,1110011100,estimated,0,0,0.0,0,0,0.21758469532185032,0.33239503064738707,0.49116037669905305,0.2956208685437886,0.2606026972627624,20,1,-0.06679213396835149,1.007,47.1,D,0.2990570273911091,1.9604499382654452,0.4127342812005071,0.20030481371733286,20,5,0,0.2717391304347826,0.2049469964664311,0.5071877807726864,0.29829290206648695,0.1945193171608266,0.2215122470713525,0.21181001283697048,0.20421052631578948,0.21626794258373205,0.2242152466367713,254,0.21710526315789475,179,False,False,0.6419383393515393,0.0006320492983646897,3.5046728971962615,4.046728971962617,107,,,,,,,0.08557025450529614,20,3.23,1.26,139.1,10.0,6.0,136.0,62.0,0.0,0.0,0.0,25.0,SP,25.0,578.0,114.0,23.1,8.78,4.0,7.36,0.84,22.62889352772783,-0.0036103886499040394,5,0.7142857142857143,14.0,6,6,0,1,0.0,4.243437053902603,0.13085002807652985,0.21770334928229665,0.18219461697722567,0.12629399585921325,0.4603030303030303,0.2989969696969697,0.23465703971119134,4.442,0.2754509417413957
678246,Miguel Vargas,R,CWS,3,Nolan Mclean,R,690997.0,824558,NYM @ CWS,11:10 AM,23/08,Scheduled,0.6385788635296648,,,,False,0111111011,estimated,0,0,0.0,0,0,0.36741872541889753,0.3550980391646185,0.4396791163418708,0.4473243865582909,0.17115609733716036,20,1,0.07564212854860514,0.968,65.0,B,0.29745762711864404,2.56170819340778,0.3733378210330505,0.25443068286436715,20,6,0,0.1962025316455696,0.27184466019417475,0.6350148367952523,0.30479016532428993,0.06019499788045782,0.256376999567661,0.2834314550042052,0.2639751552795031,0.26597131681877445,0.27816901408450706,330,0.19672131147540983,226,False,False,0.6683140864683071,-0.02973522293864239,3.7063492063492065,4.412698412698413,126,,,,,,,0.18539995592396447,20,3.34,1.16,142.2,9.0,8.0,162.0,54.0,0.0,0.0,0.0,25.0,SP,25.0,594.0,111.0,23.8,10.22,3.41,7.0,0.95,24.3209263779319,0.0056433586925574986,9,1.0,-7.0,6,7,1,1,0.0,4.60845659501244,0.2040911037624344,0.24608501118568232,0.17293233082706766,0.13157894736842105,0.4742723004694836,0.33942253521126764,0.17560975609756097,4.25,0.31752327777092226
687952,Christian Encarnacion-Strand,R,BAL,6,Nick Martínez,R,607259.0,824799,TB @ BAL,10:35 AM,23/08,Scheduled,0.6381213500103242,,,,False,1011110000,estimated,0,0,0.0,0,0,0.16243919981781307,0.3089467513573779,0.32404553682550785,0.24370444704479166,0.36156487373383445,20,1,-0.023584905660377353,1.044,69.7,B,0.2610887096774194,4.549092448791299,0.33377579188546225,0.14497774193740653,20,5,0,0.25,0.22641509433962265,0.6370519939424533,0.08884401817264008,0.2741039878849066,0.2545931758530184,0.20567375886524822,0.2826086956521739,0.247557003257329,0.2826086956521739,50,0.19148936170212766,51,False,False,0.5706253514844756,0.06749599852584864,3.3214285714285716,3.607142857142857,28,,,,,,,-0.17415989836178963,20,3.05,1.14,141.2,12.0,4.0,83.0,22.0,0.0,0.0,0.0,24.0,SP,24.0,574.0,139.0,23.9,5.27,1.4,8.83,1.08,23.978551309364683,-0.04660706429603845,7,0.7777777777777778,-9.0,7,7,1,1,0.0,3.4379197355169007,0.030760528349182487,0.2331002331002331,0.24891774891774893,0.045454545454545456,0.39171974522292996,0.2811337579617834,0.2876712328767123,3.896,0.35527126214531163
676356,Jonny Deluca,R,TB,6,Shane Baz,R,669358.0,824799,TB @ BAL,10:35 AM,23/08,Scheduled,0.6380862013184778,,,,False,1100011011,estimated,0,0,0.0,0,0,0.33230397021134356,0.27942323879401937,0.36298762707534094,0.41283450879721323,0.1920543316062191,20,1,-0.05040106951871656,1.044,51.9,C,0.2649895178197065,3.2306202831341575,0.4528980766397656,0.22317769152869565,20,5,0,0.2867647058823529,0.23636363636363636,0.5848421052631579,0.328,0.0871578947368421,0.24321389793702497,0.22587268993839835,0.25125628140703515,0.23850931677018633,0.25196850393700787,134,0.2773109243697479,126,False,False,0.6075356644207063,0.03055053689777154,3.28,3.466666666666667,75,,,,,,,0.08543214190480494,20,4.02,1.35,145.2,4.0,13.0,132.0,49.0,0.0,0.0,0.0,25.0,SP,25.0,623.0,147.0,24.9,8.16,3.03,9.08,0.68,24.593125087617327,-0.014319534651811128,6,0.75,-1.0,6,7,1,1,0.0,3.2228160951784264,0.016433374231524314,0.27835051546391754,0.19128329297820823,0.043583535108958835,0.29708737864077667,0.2890355987055016,0.23706896551724138,3.896,0.34657661314523724
695720,Tommy White,R,ATH,6,Cristian Javier,R,664299.0,824150,ATH @ HOU,11:10 AM,23/08,Scheduled,0.6380862013184778,,,,False,0111111001,estimated,0,0,0.0,0,0,0.28535611262533533,0.2768603165362023,0.25800597969058203,0.31549540402179305,0.16580993406340488,20,1,-0.1749699879951981,0.998,32.0,F,0.2557427258805513,2.379728961490607,0.40546030262308264,0.21912882684412355,11,5,0,0.3382352941176471,0.16326530612244897,0.5773353751914242,0.26339969372128635,0.15926493108728942,0.26280623608017817,0.18691588785046728,0.3269230769230769,0.2503259452411995,0.2676056338028169,72,0.2608695652173913,49,True,False,0.6347101619833964,0.00337603933508146,3.774193548387097,3.903225806451613,31,,,,,,,0.13433206326238287,20,6.44,1.68,36.1,1.0,4.0,30.0,17.0,0.0,0.0,0.0,7.0,SP,11.0,167.0,44.0,15.2,7.43,4.21,10.9,1.73,15.711753290328298,-0.01840620131847781,5,0.7142857142857143,3.0,7,7,1,1,0.0,3.7491545432985287,0.0318810103382038,0.25384615384615383,0.17518248175182483,0.051094890510948905,0.3018867924528302,0.29374528301886793,0.31645569620253167,3.896,0.3165325977328633
665019,Kody Clemens,L,MIN,6,Walker Buehler,R,621111.0,823258,MIN @ SD,1:10 PM,23/08,Scheduled,0.6378003504707594,,,,False,1010111111,estimated,0,0,0.0,0,0,0.2649427051646593,0.3623955673564834,0.43845757219962667,0.31714692603084,0.201828061159415,20,1,-0.04354599406528192,0.954,58.1,C,0.26450676982591875,1.9127813245481033,0.36815985163289133,0.19004307793386493,20,6,0,0.275,0.2314540059347181,0.6351285783600195,0.2663755458515284,0.0984958757884522,0.23851203501094093,0.2413793103448276,0.2100456621004566,0.23553331248045042,0.27049180327868855,269,0.19653179190751446,186,False,False,0.631997178447138,0.005803172023621461,3.7567567567567566,4.099099099099099,111,,,,,,,0.04728592794018641,20,4.79,1.39,120.1,7.0,6.0,104.0,49.0,0.0,0.0,0.0,25.0,SP,25.0,518.0,118.0,20.7,7.78,3.66,8.83,1.05,21.201295114320253,-0.03963368380409271,6,0.75,15.0,7,6,0,1,0.0,4.051220156155943,0.05884119929785978,0.23937360178970918,0.2288659793814433,0.05567010309278351,0.4785714285714286,0.3190758928571429,0.2734375,3.896,0.26757743043207655
685133,Wade Meckler,L,LAA,1,Cal Quantrill,R,615698.0,822856,LAA @ TEX,11:35 AM,23/08,Scheduled,0.6372043500562776,,,,False,1111100101,estimated,0,0,1.0,0,0,0.2671888206435481,0.2824551077339733,0.359356288325211,0.35095980802779253,0.1533520635817431,20,3,0.02716468590831922,0.964,65.1,B,0.2469237079573421,3.0549214795399227,0.34668865296492085,0.1569258106875579,20,5,0,0.2631578947368421,0.2903225806451613,0.7325102880658436,0.044444444444444446,0.22304526748971193,0.2987012987012987,0.2976190476190476,0.28530259365994237,0.29538061158100193,0.33088235294117646,147,0.2028985507246377,82,False,False,0.6174182464661991,0.019786103590078485,3.0597014925373136,3.417910447761194,67,,,,,,,0.16651666688531497,20,3.13,1.15,77.2,5.0,4.0,54.0,22.0,0.0,0.0,0.0,9.0,RP,26.0,323.0,67.0,12.4,6.26,2.55,7.76,1.04,15.211882249545823,-0.024504350056277713,6,0.6666666666666666,7.0,6,6,1,1,0.0,3.8040969428840965,0.07932056124175975,0.2695035460992908,0.24921135646687698,0.0946372239747634,0.30049261083743845,0.3123694581280788,0.25316455696202533,4.442,0.30622609924479666
575929,Willson Contreras,R,BOS,4,Matthew Wilkinson,L,683363.0,824720,SF @ BOS,12:15 PM,23/08,Scheduled,0.6369554386340716,,,,False,0111011111,estimated,0,0,0.0,0,0,0.30424156713216927,0.35665190518039436,0.3396856372177862,0.43076452218352435,0.24822763388501723,20,1,0.0008361204013377921,1.063,50.0,C,0.12,,,,1,4,0,0.28846153846153844,0.28762541806020064,0.76,0.12,0.12,0.2780806979280262,0.29900332225913623,0.268,0.2829898492771455,0.30120481927710846,299,0.2662337662337662,184,False,True,0.6128712570057392,0.02408418162833237,3.4741379310344827,4.163793103448276,116,,,,,,,0.1821626886647537,20,0.0,0.5,2.0,0.0,0.0,0.0,0.0,0.0,0.0,0.0,1.0,SP,1.0,7.0,1.0,7.0,0.0,0.0,4.5,0.0,,0.0014045613659283696,5,0.625,-18.0,7,6,1,1,0.0,4.241354300907848,0.17128464067016405,0.27884615384615385,0.2535211267605634,0.10663983903420524,0.4451724137931034,0.36544310344827585,,4.159,0.31661443448442295
545361,Mike Trout,R,LAA,2,Cal Quantrill,R,615698.0,822856,LAA @ TEX,11:35 AM,23/08,Scheduled,0.6358122995096923,-170.0,186.0,63.0,False,1111001001,estimated,12,5,0.4166666666666667,1,2022,0.2150345700785477,0.36299520210517655,0.30243902759591,0.3018049406189077,0.31583432113000015,20,1,-0.0505050505050505,0.964,65.1,B,0.2469237079573421,3.0549214795399227,0.34668865296492085,0.1569258106875579,20,5,0,0.2727272727272727,0.2222222222222222,0.7325102880658436,0.044444444444444446,0.22304526748971193,0.2518201284796574,0.23630504833512353,0.29385964912280704,0.2522618414050027,0.27307692307692305,306,0.17142857142857143,186,False,False,0.6236942743200732,0.01211802518961913,3.6363636363636362,4.472727272727273,110,,,,,,,-0.07406702817625255,20,3.13,1.15,77.2,5.0,4.0,54.0,22.0,0.0,0.0,0.0,9.0,RP,26.0,323.0,67.0,12.4,6.26,2.55,7.76,1.04,15.211882249545823,-0.011478966176358907,6,0.6666666666666666,7.0,6,6,1,1,0.0,4.3047136553996985,0.09426042068748217,0.24881516587677724,0.2567049808429119,0.15134099616858238,0.4739583333333333,0.36997453703703703,0.2,4.35,0.30622609924479666
691718,Pete Crow-Armstrong,L,CHC,1,Bryce Miller,R,682243.0,823099,CHC @ SEA,1:10 PM,23/08,Scheduled,0.6347160712463772,-186.0,194.0,65.0,False,1000111011,estimated,0,0,0.0,0,0,0.23325491252955521,0.28097900734905795,0.4572037003200932,0.33363194832922916,0.23594786981250657,20,1,-0.011428571428571399,0.906,85.0,A,0.2763929618768328,4.416297031102123,0.33474950669481807,0.2356656283528452,16,5,0,0.2857142857142857,0.2742857142857143,0.5308823529411765,0.21176470588235294,0.25735294117647056,0.25583705911574767,0.2654109589041096,0.3048048048048048,0.26733954451345754,0.2756183745583039,324,0.28019323671497587,250,False,False,0.6665162804160404,-0.031800209169663196,3.798449612403101,4.449612403100775,129,,,,,,,0.043795390208842135,20,3.71,1.04,89.2,4.0,7.0,87.0,18.0,0.0,0.0,0.0,15.0,SP,16.0,354.0,75.0,22.1,8.73,1.81,7.53,1.51,22.507979657232802,0.005603928753622811,5,0.7142857142857143,-15.0,7,6,0,1,0.0,4.7449198231798215,0.09214828459429462,0.2844638949671772,0.26394052044609667,0.11338289962825279,0.48412698412698413,0.3678190476190476,0.24193548387096775,4.442,0.36505908439439927
668939,Adley Rutschman,L,BOS,5,Matthew Wilkinson,L,683363.0,824720,SF @ BOS,12:15 PM,23/08,Scheduled,0.6343062289477698,,,,False,1000011010,estimated,0,0,0.0,0,0,0.17665142048138294,0.24486404632538844,0.34408806288870786,0.19989623747548327,0.18609119653394152,20,1,0.04326241134751774,1.063,50.0,C,0.12,,,,1,4,0,0.26666666666666666,0.22340425531914893,0.76,0.12,0.12,0.2671936758893281,0.25,0.26128266033254155,0.2619047619047619,0.25157232704402516,190,0.2184873949579832,131,False,True,0.6176349875995791,0.016671241348190646,3.6578947368421053,4.223684210526316,76,,,,,,,-0.15162698532369803,20,0.0,0.5,2.0,0.0,0.0,0.0,0.0,0.0,0.0,0.0,1.0,SP,1.0,7.0,1.0,7.0,0.0,0.0,4.5,0.0,,-0.00696622894776977,5,0.625,-18.0,7,6,1,1,0.0,4.133694574899034,0.12794150848805827,0.24423963133640553,0.1448692152917505,0.10663983903420524,0.4030847145488029,0.2903618784530387,,4.024,0.31661443448442295
655316,Andruw Monasterio,R,BOS,8,Matthew Wilkinson,L,683363.0,824720,SF @ BOS,12:15 PM,23/08,Scheduled,0.6343062289477698,,,,False,1111001000,estimated,0,0,0.0,0,0,0.20136100507822483,0.23791344217346205,0.13188376980772296,0.24478652016596872,0.14278295314303135,20,1,-0.02211538461538462,1.063,50.0,C,0.12,,,,1,4,0,0.2403846153846154,0.2625,0.76,0.12,0.12,0.251865671641791,0.2607361963190184,0.25,0.25408997955010226,0.29838709677419356,141,0.21428571428571427,153,False,True,0.6076883714428206,0.02661785750494916,3.0697674418604652,3.4186046511627906,86,,,,,,,-0.08106933181286195,20,0.0,0.5,2.0,0.0,0.0,0.0,0.0,0.0,0.0,0.0,1.0,SP,1.0,7.0,1.0,7.0,0.0,0.0,4.5,0.0,,-0.019706228947769744,5,0.625,-18.0,7,6,1,1,0.0,4.048293834349606,0.07881114645534856,0.2607449856733524,0.203125,0.06770833333333333,0.329520295202952,0.2919815498154981,,3.599,0.31661443448442295
621566,Matt Olson,L,ATL,3,Shane Drohan,L,675660.0,823745,ATL @ MIL,4:10 PM,23/08,Scheduled,0.6327018708481943,-144.0,156.0,59.0,False,0011101011,estimated,0,0,0.0,0,0,0.23616523763234373,0.4011299544383117,0.48878895177768555,0.3339296038129728,0.27853849010384296,20,1,-0.01304851796655071,0.97,66.5,B,0.2982900569981001,2.8521545758209115,0.4019134564219198,0.251772897881994,20,5,0,0.25252525252525254,0.26557377049180325,0.6124129195693477,0.3394553514882837,0.048131728942368585,0.25795190069821566,0.24892703862660945,0.2560553633217993,0.25509533201840895,0.25,340,0.27638190954773867,225,False,True,0.6518215555150356,-0.01911968466684133,3.8692307692307693,4.346153846153846,130,,,,,,,-0.06811764287309768,20,3.86,1.25,100.1,6.0,4.0,99.0,33.0,1.0,0.0,1.0,14.0,SP,25.0,421.0,92.0,16.8,8.88,2.96,8.25,0.81,19.605885384900397,0.004373129151805655,4,0.5714285714285714,15.0,7,7,0,1,1.0,4.071923615141463,0.06340858467056866,0.25806451612903225,0.2471264367816092,0.09195402298850575,0.5041666666666667,0.3489047619047619,0.24166666666666667,4.25,0.29213481910368866
682674,Victor Bericoto,R,SF,6,Jake Bennett,L,687562.0,824720,SF @ BOS,12:15 PM,23/08,Scheduled,0.6324362601746109,,,,False,1001101000,estimated,0,0,0.0,0,0,0.1906771697454016,0.3157191024558572,0.5207742176680344,0.2719370235634618,0.3128423072204809,20,1,0.04278074866310158,1.063,76.8,B,0.2651122625215889,4.028130048827293,0.36451727300853143,0.19775688637704386,14,9,0,0.2549019607843137,0.21212121212121213,0.6335944299390774,0.10356832027850305,0.2628372497824195,0.27835051546391754,0.15760869565217392,0.336,0.2529118136439268,0.26,50,0.20588235294117646,35,True,True,0.5994579016439249,0.03297835853068598,2.896551724137931,2.9310344827586206,29,,,,,,,-0.08008031860841176,20,3.46,1.07,80.2,7.0,6.0,61.0,17.0,0.0,0.0,0.0,14.0,SP,14.0,323.0,69.0,23.1,6.81,1.9,7.7,0.67,23.22146353846782,-0.021211260174610946,8,1.0,15.0,7,6,1,1,0.0,3.3313624187546504,0.009541368000052659,0.24509803921568626,0.26666666666666666,0.01904761904761905,0.47297297297297297,0.2512162162162162,0.25112107623318386,3.896,0.30905501389165657
641343,Jake Bauers,L,MIL,2,Tyler Mahle,R,641816.0,823745,ATL @ MIL,4:10 PM,23/08,Scheduled,0.6321341034127407,,,,False,1110110101,estimated,0,0,0.0,0,0,0.31493625454901264,0.46419617778691585,0.5985988881447478,0.4632030764024877,0.2538827657525789,20,1,-0.06208797794558313,0.97,60.6,C,0.27756653992395436,3.0289631323485198,0.39199226013950095,0.23036753354190345,20,5,0,0.32098765432098764,0.2588996763754045,0.6612289287656336,0.06960304513322457,0.26916802610114193,0.263058527375708,0.27487179487179486,0.26181818181818184,0.2652604666027485,0.2825112107623318,265,0.25748502994011974,199,False,False,0.6384426341084914,-0.006308530695750769,3.3620689655172415,4.0,116,,,,,,,0.1201628447409168,20,4.53,1.31,113.1,4.0,10.0,108.0,40.0,0.0,0.0,0.0,21.0,SP,21.0,473.0,108.0,22.5,8.58,3.18,8.58,1.27,22.793834918153358,0.009215896587259298,6,0.8571428571428571,2.0,7,6,0,1,1.0,4.354988399232842,0.19326745297044862,0.27543424317617865,0.2510460251046025,0.13807531380753138,0.5406360424028268,0.3633233215547703,0.22317596566523606,4.35,0.3036459088611165
694374,Tim Tawa,R,AZ,8,Andrew Abbott,L,671096.0,825043,CIN @ AZ,1:15 PM,23/08,Scheduled,0.6319833665309074,,,,False,1011011011,estimated,0,0,0.0,0,0,0.295789843654355,0.42881569720539303,0.5530761571665652,0.4280799161320036,0.2294426374978015,20,1,-0.07712944332662641,1.0,49.9,D,0.2634062634062634,1.614914505910002,0.37893513609110047,0.1857686772115637,20,5,0,0.19047619047619047,0.2676056338028169,0.4732758620689655,0.33491379310344827,0.19181034482758622,0.18840579710144928,0.2534562211981567,0.25308641975308643,0.2168141592920354,0.25773195876288657,107,0.23148148148148148,124,False,False,0.6150539488975819,0.01692941763332545,3.106060606060606,3.5,66,,,,,,,0.15990032654625155,20,4.07,1.4,139.1,6.0,8.0,108.0,66.0,0.0,0.0,0.0,26.0,SP,26.0,604.0,129.0,23.2,6.98,4.26,8.33,1.16,23.725345331236536,-0.041633366530907434,6,0.75,17.0,7,6,0,1,0.0,4.264133635593792,0.06526336693006475,0.2344632768361582,0.2601010101010101,0.07323232323232323,0.44734395750332007,0.2961752988047809,0.24795640326975477,3.599,0.33973137388084745
803011,Sam Antonacci,L,CWS,1,Nolan Mclean,R,690997.0,824558,NYM @ CWS,11:10 AM,23/08,Scheduled,0.631847137109734,,,,False,1010010001,estimated,0,0,0.0,0,0,0.14784983746771746,0.23974548227564388,0.19825845811733278,0.20362044284525863,0.1749827744451847,20,1,0.007982893799002133,0.968,65.0,B,0.29745762711864404,2.56170819340778,0.3733378210330505,0.25443068286436715,20,6,0,0.2608695652173913,0.26885245901639343,0.6350148367952523,0.30479016532428993,0.06019499788045782,0.26556016597510373,0.22758620689655173,0.24652087475149106,0.2536415452818239,0.2610619469026549,257,0.27702702702702703,180,True,False,0.6679256364391302,-0.03607849932939622,3.462962962962963,4.046296296296297,108,,,,,,,-0.23318034458127332,20,3.34,1.16,142.2,9.0,8.0,162.0,54.0,0.0,0.0,0.0,25.0,SP,25.0,594.0,111.0,23.8,10.22,3.41,7.0,0.95,24.3209263779319,0.000641751779155042,9,1.0,-7.0,6,7,1,1,0.0,3.9260914490143333,0.11176318966512395,0.27034120734908135,0.15333333333333332,0.08444444444444445,0.34481837606837606,0.3285523504273504,0.23809523809523808,4.442,0.31752327777092226
668227,Randy Arozarena,R,SEA,2,Shota Imanaga,L,684007.0,823099,CHC @ SEA,1:10 PM,23/08,Scheduled,0.6317066553751589,-163.0,170.0,62.0,False,1110101011,estimated,0,0,0.0,0,0,0.24949825337168102,0.3694384951669007,0.48766059160130554,0.3387726918772041,0.21543814247456627,20,1,-0.023965393601517504,0.906,80.6,A,0.2910943730615862,4.691668905879531,0.3275589848656715,0.24233126637943067,20,6,0,0.2589928057553957,0.2829581993569132,0.47562056737588654,0.19592198581560283,0.32845744680851063,0.2479185938945421,0.24312714776632302,0.25573192239858905,0.24769230769230768,0.25547445255474455,327,0.3068181818181818,196,False,False,0.6689329595391721,-0.03722630416401318,3.71900826446281,4.322314049586777,121,,,,,,,0.2205601043672976,20,3.77,1.09,143.1,8.0,9.0,140.0,32.0,0.0,0.0,0.0,25.0,SP,25.0,578.0,124.0,23.1,8.79,2.01,7.79,1.82,23.195604570688484,0.0006933446248411634,5,0.8333333333333334,36.0,6,6,0,1,0.0,4.605706046511666,0.08070283035846225,0.27616926503340755,0.2119460500963391,0.08863198458574181,0.4263028515240905,0.34964749262536876,0.24040920716112532,4.35,0.30631299464964357
572233,Christian Walker,R,HOU,6,Brady Basso,L,669620.0,824150,ATH @ HOU,11:10 AM,23/08,Scheduled,0.631204853472002,-163.0,170.0,62.0,False,0001000011,estimated,0,0,0.0,0,0,0.2263196314891955,0.3003062679711552,0.3656156537075716,0.2958217985810164,0.23198763129542257,20,1,0.028579513299377496,0.998,58.5,C,0.2605042016806723,9.59522454108897,0.3964233855920857,0.17075162702527621,16,5,0,0.2543859649122807,0.22580645161290322,0.5826330532212886,0.4061624649859944,0.011204481792717087,0.20119820269595606,0.21914556962025317,0.26285714285714284,0.2133185962973197,0.22302158273381295,309,0.24858757062146894,200,False,False,0.6039337069574967,0.02727114651450524,3.6991869918699187,4.138211382113822,123,,,,,,,0.049919856075138706,20,3.91,1.35,23.0,0.0,0.0,19.0,3.0,0.0,1.0,1.0,2.0,RP,16.0,100.0,28.0,6.2,7.43,1.17,10.96,0.78,6.352446284114921,-0.028954853472001885,8,0.8888888888888888,-10.0,5,6,1,1,0.0,4.117528773918745,0.0799916765734735,0.23146067415730337,0.24193548387096775,0.07661290322580645,0.4071794871794872,0.3038707692307692,0.3333333333333333,3.896,0.3679845961618671
681624,Andy Pages,R,LAD,3,Lake Bachar,R,669199.0,823909,PIT @ LAD,1:10 PM,23/08,Scheduled,0.6307800718765862,,,,False,1101011110,estimated,0,0,0.0,0,0,0.26938363634299667,0.3655336092146568,0.36277189718678027,0.369819446114239,0.16871156829388534,20,2,-0.009202453987730064,0.973,76.7,B,0.29345955249569705,2.0371862747118805,0.19430155911553884,0.23202256149901138,20,2,0,0.27607361963190186,0.2668711656441718,0.3324720068906115,0.5796726959517657,0.08785529715762273,0.2737717908082409,0.2274401473296501,0.2676056338028169,0.2615042058386937,0.24825174825174826,319,0.30049261083743845,229,False,False,0.6607534916824173,-0.029973419805831014,3.880952380952381,4.349206349206349,126,,,,,,,0.1024666673997686,20,3.75,1.11,69.2,1.0,2.0,73.0,27.0,2.0,1.0,3.0,5.0,RP,43.0,287.0,50.0,6.7,9.43,3.49,6.46,1.55,7.127470383054632,0.0028627852662709286,7,0.7777777777777778,2.0,7,6,0,1,0.0,4.225847046690505,0.07175083766126034,0.2606837606837607,0.19771863117870722,0.0817490494296578,0.4230769230769231,0.3435879120879121,0.168141592920354,4.25,0.3150018895415111
662139,Daulton Varsho,L,HOU,5,Brady Basso,L,669620.0,824150,ATH @ HOU,11:10 AM,23/08,Scheduled,0.6300852910012872,,,,False,0101100111,estimated,0,0,0.0,0,0,0.18388199966432175,0.24597038735004897,0.4350367550404496,0.29637744852419723,0.2665630292108575,20,1,-0.02392172523961661,0.998,58.5,C,0.2605042016806723,9.59522454108897,0.3964233855920857,0.17075162702527621,16,5,0,0.2125,0.2364217252396166,0.5826330532212886,0.4061624649859944,0.011204481792717087,0.25088547815820544,0.221875,0.19402985074626866,0.2356283422459893,0.23605150214592274,255,0.225,177,False,False,0.6165662526232555,0.0135190383780317,3.6055045871559632,3.963302752293578,109,,,,,,,-0.03029749355989341,20,3.91,1.35,23.0,0.0,0.0,19.0,3.0,0.0,1.0,1.0,2.0,RP,16.0,100.0,28.0,6.2,7.43,1.17,10.96,0.78,6.352446284114921,-0.014447791001287236,8,0.8888888888888888,-10.0,5,6,1,1,0.0,4.075665746797338,0.06728171604296504,0.22811059907834103,0.200836820083682,0.07740585774058577,0.37943786982248523,0.2811730769230769,0.23076923076923078,4.024,0.3679845961618671
676391,Ernie Clement,R,TOR,6,Carlos Rodón,L,607074.0,823507,TOR @ NYY,10:35 AM,23/08,Scheduled,0.6282117935354294,,,,False,0101101111,estimated,17,6,0.35294117647058826,1,2024,0.2788727203083177,0.30499215206830327,0.1424876014597457,0.31396035717139054,0.08114516872053613,20,1,-0.0299089225069466,1.007,60.8,C,0.2695749440715884,2.047682005023973,0.3560892251741468,0.2653772512162215,10,5,0,0.26582278481012656,0.29573170731707316,0.5816554809843401,0.2684563758389262,0.14988814317673377,0.27245328511151296,0.2733887733887734,0.22248803827751196,0.2664257555847569,0.24738675958188153,298,0.3417085427135678,214,False,False,0.6579731157462142,-0.029761322210784757,3.826771653543307,4.031496062992126,127,,,,,,,0.04037066203209194,20,3.22,1.23,50.1,4.0,2.0,56.0,28.0,0.0,0.0,0.0,10.0,SP,10.0,211.0,34.0,21.1,10.01,5.01,6.08,0.72,21.150372060024715,0.02545963503599913,7,0.875,-2.0,7,6,0,1,0.0,3.9031433977886065,0.04630451414315741,0.2844638949671772,0.09937888198757763,0.037267080745341616,0.19885900570497148,0.27881255093724533,0.18181818181818182,3.896,0.29893933610071804
669016,Brandon Marsh,L,PHI,7,Kyle Leahy,R,681517.0,823421,STL @ PHI,10:35 AM,23/08,Scheduled,0.6279073665025928,,,,False,1101001110,estimated,0,0,0.0,0,0,0.2606201862804201,0.3335639782787627,0.4580886907815232,0.33710259948058025,0.14810797876917964,20,1,-0.015126050420168069,1.009,50.9,C,0.2713791398912506,5.156741470050302,0.47719615073820076,0.2453991430715861,20,5,0,0.2857142857142857,0.27058823529411763,0.39762611275964393,0.4629080118694362,0.1394658753709199,0.2567409144196952,0.2346368715083799,0.2618556701030928,0.25,0.25203252032520324,263,0.3015075376884422,218,False,False,0.6236942743200732,0.00421309218251964,3.6475409836065573,3.942622950819672,122,,,,,,,0.09010107353936042,20,3.24,1.31,122.1,10.0,4.0,111.0,35.0,0.0,0.0,0.0,24.0,SP,24.0,516.0,125.0,21.5,8.17,2.57,9.2,0.88,21.03576736082412,-0.0017448665025927568,8,0.8888888888888888,30.0,7,6,1,1,0.0,3.6668121320264118,0.0543917763378654,0.275,0.24842105263157896,0.04842105263157895,0.45419254658385094,0.3591669254658385,0.3112033195020747,3.76,0.3177910795995636
681715,Heriberto Hernandez,R,MIA,5,Jackson Kent,L,800600.0,823827,WSH @ MIA,10:40 AM,23/08,Scheduled,0.6277000331764341,,,,False,0111101101,estimated,0,0,0.0,0,0,0.20018292710132998,0.3690516715795239,0.42062126947510353,0.31436259294763036,0.3121440891107999,20,1,-0.0517075517075517,1.0,50.0,C,0.2037037037037037,,,,2,5,0,0.19696969696969696,0.24867724867724866,0.4567901234567901,0.3333333333333333,0.20987654320987653,0.20448877805486285,0.19658119658119658,0.19889502762430938,0.20266889074228525,0.18072289156626506,188,0.27741935483870966,171,False,True,0.6043763326466122,0.02332370052982191,3.2755102040816326,3.663265306122449,98,,,,,,,-0.17257347999493766,20,9.39,2.48,7.2,0.0,1.0,9.0,8.0,0.0,0.0,0.0,2.0,SP,2.0,41.0,11.0,20.5,10.57,9.39,12.91,1.17,,-0.03000003317643407,6,0.6666666666666666,4.0,7,6,0,1,0.0,4.219190977831645,0.12905504105712168,0.24010554089709762,0.26773455377574373,0.11441647597254005,0.5019083969465649,0.3572213740458015,0.3,4.024,0.3089246745074752
671218,Heliot Ramos,R,NYY,3,José Soriano,R,667755.0,823507,TOR @ NYY,10:35 AM,23/08,Scheduled,0.6276964536905386,,,,False,0000101110,estimated,0,0,0.0,0,0,0.13690349583323297,0.29561630766135805,0.5299380870944566,0.20332508778313385,0.2884732453150983,20,1,-0.07021073811288786,1.007,47.1,D,0.2990570273911091,1.9604499382654452,0.4127342812005071,0.20030481371733286,20,5,0,0.29577464788732394,0.22556390977443608,0.5071877807726864,0.29829290206648695,0.1945193171608266,0.22284996861268047,0.23135271807838179,0.2564102564102564,0.23110947290821968,0.21951219512195122,218,0.2727272727272727,145,False,False,0.631997178447138,-0.004300724756599372,3.7865168539325844,4.078651685393258,89,,,,,,,-0.005019541734287052,20,3.23,1.26,139.1,10.0,6.0,136.0,62.0,0.0,0.0,0.0,25.0,SP,25.0,578.0,114.0,23.1,8.78,4.0,7.36,0.84,22.62889352772783,-0.0038964536905387037,5,0.7142857142857143,14.0,6,6,0,1,0.0,3.8305938926522525,0.05397759975133381,0.23376623376623376,0.2570281124497992,0.05421686746987952,0.4900199600798403,0.3463275948103792,0.22380952380952382,4.25,0.2754509417413957
668804,Bryan Reynolds,L,PIT,2,Blake Snell,L,605483.0,823909,PIT @ LAD,1:10 PM,23/08,Scheduled,0.6262239528453165,,,,False,0010101111,estimated,7,3,0.42857142857142855,1,2023,0.24646086114987417,0.34530277137804194,0.45153640528439726,0.32814941318426327,0.2450781709244854,20,1,0.020229443945456005,0.973,70.0,B,0.3426294820717131,,,,3,6,0,0.27702702702702703,0.256797583081571,0.47808764940239046,0.36254980079681276,0.1593625498007968,0.23762914627514953,0.2410041841004184,0.2680965147453083,0.24439166006861968,0.289198606271777,336,0.22395833333333334,230,False,False,0.6387182506168426,-0.012494297771526108,3.6846153846153844,4.3538461538461535,130,,,,,,,-0.031523654358553505,20,3.6,1.13,15.0,1.0,1.0,20.0,6.0,0.0,0.0,0.0,3.0,SP,3.0,63.0,11.0,21.0,12.0,3.6,6.6,0.0,,-0.01173823855960221,7,0.875,7.0,7,6,0,1,0.0,4.322484196045209,0.0723959604935599,0.2636363636363636,0.23653846153846153,0.12692307692307692,0.4605678233438486,0.34533123028391166,0.14285714285714285,4.35,0.3201230377596863
703520,Brett Bateman,L,TOR,1,Carlos Rodón,L,607074.0,823507,TOR @ NYY,10:35 AM,23/08,Scheduled,0.6261938649033844,,,,False,1111101011,estimated,0,0,0.0,0,0,0.3513132374090758,0.30955899612767496,0.15069831595851838,0.41071590233736194,0.15615901694966133,13,1,-0.028985507246376774,1.007,60.8,C,0.2695749440715884,2.047682005023973,0.3560892251741468,0.2653772512162215,10,5,0,0.30434782608695654,0.3333333333333333,0.5816554809843401,0.2684563758389262,0.14988814317673377,0.35019455252918286,0.3829787234042553,0.23529411764705882,0.34328358208955223,0.35294117647058826,37,0.2727272727272727,24,True,False,0.650241062701718,-0.02404719779833364,4.3076923076923075,4.6923076923076925,13,,,,,,,0.22212221818244157,13,3.22,1.23,50.1,4.0,2.0,56.0,28.0,0.0,0.0,0.0,10.0,SP,10.0,211.0,34.0,21.1,10.01,5.01,6.08,0.72,21.150372060024715,0.02640613509661549,7,0.875,-2.0,7,6,0,1,0.0,4.65592486731384,0.0628625600121622,,,,,,0.2127659574468085,4.442,0.29893933610071804
703601,Max Clark,L,DET,7,Daniel Lynch,L,663738.0,824071,DET @ KC,11:10 AM,23/08,Scheduled,0.6260969235470525,,,,False,1010110100,estimated,0,0,0.0,0,0,0.19661192578569714,0.3536889211818638,0.37548357065888843,0.2762723279370157,0.1772331617812155,20,1,0.03639846743295019,1.028,67.4,B,0.2884130982367758,2.805378678079505,0.36199931681183983,0.12148198267918624,20,5,0,0.2777777777777778,0.2413793103448276,0.45717884130982367,0.30100755667506296,0.24181360201511334,0.2349570200573066,0.2976190476190476,0.19047619047619047,0.2399193548387097,0.25,41,0.25,41,True,False,0.6041799716613573,0.0219169518856952,3.8,4.1,20,,,,,,,0.03490957123426186,20,2.83,1.02,54.0,4.0,4.0,41.0,16.0,1.0,2.0,3.0,3.0,RP,49.0,218.0,39.0,4.4,6.83,2.67,6.5,0.67,5.902385644464977,-0.001530256880385883,6,0.6666666666666666,15.0,7,6,1,1,0.0,3.90039773410563,0.04223115123097725,0.25,0.2159090909090909,0.07954545454545454,0.36065573770491804,0.3332950819672131,0.15555555555555556,3.76,0.2737156324953918
680776,Jarren Duran,L,BOS,7,Matthew Wilkinson,L,683363.0,824720,SF @ BOS,12:15 PM,23/08,Scheduled,0.6259396042961253,,,,False,1101111110,estimated,0,0,0.0,0,0,0.2791722745911019,0.3198416974565215,0.4752256926638839,0.41116813942877917,0.2208987573800808,20,1,0.014200803212851415,1.063,50.0,C,0.12,,,,1,4,0,0.21686746987951808,0.20266666666666666,0.76,0.12,0.12,0.18621456364647027,0.1752136752136752,0.205607476635514,0.18674163953832495,0.18867924528301888,292,0.22797927461139897,219,False,True,0.6098984994016494,0.016041104894475855,3.816666666666667,4.258333333333334,120,,,,,,,0.032479052624352474,20,0.0,0.5,2.0,0.0,0.0,0.0,0.0,0.0,0.0,0.0,1.0,SP,1.0,7.0,1.0,7.0,0.0,0.0,4.5,0.0,,-0.007599604296125273,5,0.625,-18.0,7,6,1,1,0.0,4.054256811220761,0.04479655203759806,0.2052401746724891,0.27788649706457924,0.06262230919765166,0.3963607594936709,0.33494303797468356,,3.76,0.31661443448442295
676724,Jared Young,L,NYM,6,Sean Newcomb,L,656794.0,824558,NYM @ CWS,11:10 AM,23/08,Scheduled,0.6257848711178438,,,,False,1111100111,estimated,0,0,0.0,0,0,0.3067378982068538,0.27448303542722124,0.45011253852434513,0.3842554627996573,0.14576947407597451,20,1,-0.12451267056530213,0.968,55.2,C,0.31092436974789917,1.6260385576634193,0.43117312853954626,0.1981716787707174,20,4,0,0.15789473684210525,0.2824074074074074,0.6103286384976526,0.3615023474178404,0.028169014084507043,0.2679738562091503,0.2527881040892193,0.25435540069686413,0.2607449856733524,0.2971014492753623,147,0.23711340206185566,115,False,False,0.6279949990766726,-0.0022101279588288003,3.0128205128205128,3.358974358974359,78,,,,,,,0.2892680610559264,20,2.44,1.1,70.0,1.0,3.0,64.0,27.0,4.0,1.0,5.0,3.0,RP,47.0,283.0,50.0,6.0,8.23,3.47,6.43,0.26,5.7735912865978,-0.023999156832129387,7,0.7,4.0,7,6,1,1,0.0,3.9420369311177543,0.03908783837445479,0.24107142857142858,0.22133333333333333,0.072,0.433201581027668,0.2870395256916996,0.22448979591836735,3.896,0.3101829758388469
805999,A. J. Ewing,L,NYM,1,Sean Newcomb,L,656794.0,824558,NYM @ CWS,11:10 AM,23/08,Scheduled,0.6257848711178438,,,,False,0100010101,estimated,0,0,0.0,0,0,0.14387155436353719,0.3452105338228696,0.3855207317265266,0.22762146656639248,0.2820325128271675,20,1,-0.016335016335016328,0.968,55.2,C,0.31092436974789917,1.6260385576634193,0.43117312853954626,0.1981716787707174,20,4,0,0.23076923076923078,0.2471042471042471,0.6103286384976526,0.3615023474178404,0.028169014084507043,0.21236959761549926,0.21983914209115282,0.24145299145299146,0.21987480438184664,0.25668449197860965,206,0.22627737226277372,161,True,False,0.6284340808041454,-0.002649209686301668,3.640449438202247,4.123595505617978,89,,,,,,,-0.013343227691418554,20,2.44,1.1,70.0,1.0,3.0,64.0,27.0,4.0,1.0,5.0,3.0,RP,47.0,283.0,50.0,6.0,8.23,3.47,6.43,0.26,5.7735912865978,-0.01042772826070093,7,0.7,4.0,7,6,1,1,0.0,4.365601322908294,0.10194424447377472,0.24307692307692308,0.26358695652173914,0.09510869565217392,0.42909356725146197,0.35962719298245616,0.22448979591836735,4.442,0.3101829758388469
663457,Lars Nootbaar,L,AZ,6,Andrew Abbott,L,671096.0,825043,CIN @ AZ,1:15 PM,23/08,Scheduled,0.6236942743200732,,,,False,1000011011,estimated,12,1,0.08333333333333333,1,2023,0.22119176182267788,0.30076408528642096,0.4671741733542013,0.27640824214560317,0.15695436972361948,20,1,0.017142857142857126,1.0,49.9,D,0.2634062634062634,1.614914505910002,0.37893513609110047,0.1857686772115637,20,5,0,0.24,0.22285714285714286,0.4732758620689655,0.33491379310344827,0.19181034482758622,0.22235576923076922,0.22121896162528218,0.2080745341614907,0.22013758599124453,0.22857142857142856,122,0.22105263157894736,111,False,False,0.6131175217095998,0.010576752610473417,3.278688524590164,3.819672131147541,61,,,,,,,0.0002986441157179367,20,4.07,1.4,139.1,6.0,8.0,108.0,66.0,0.0,0.0,0.0,26.0,SP,26.0,604.0,129.0,23.2,6.98,4.26,8.33,1.16,23.725345331236536,-0.022977607653406507,6,0.75,17.0,7,6,0,1,0.0,3.822548825878984,0.0970781495001664,0.2327790973871734,0.1941544885177453,0.10438413361169102,0.4771341463414634,0.29994512195121953,0.2198581560283688,3.896,0.33973137388084745
691594,Javier Sanoja,R,MIA,8,Jackson Kent,L,800600.0,823827,WSH @ MIA,10:40 AM,23/08,Scheduled,0.62237874384083,,,,False,1000111110,estimated,0,0,0.0,0,0,0.3409512008654686,0.28348576039951495,0.23820651615542257,0.3992377228543915,0.10924259669302293,20,1,0.04163418057071572,1.0,50.0,C,0.2037037037037037,,,,2,5,0,0.30578512396694213,0.2641509433962264,0.4567901234567901,0.3333333333333333,0.20987654320987653,0.27218934911242604,0.2759146341463415,0.28431372549019607,0.2749067661161428,0.2787878787878788,174,0.27976190476190477,181,False,True,0.5914748357420557,0.030903908098774302,3.201923076923077,3.4134615384615383,104,,,,,,,0.1330114196560172,20,9.39,2.48,7.2,0.0,1.0,9.0,8.0,0.0,0.0,0.0,2.0,SP,2.0,41.0,11.0,20.5,10.57,9.39,12.91,1.17,,-0.026128743840830082,6,0.6666666666666666,4.0,7,6,0,1,0.0,3.37425060729363,0.03814243977821197,0.2760416666666667,0.08536585365853659,0.05365853658536585,0.30897803247373445,0.27371800382043937,0.3,3.599,0.3089246745074752
701678,Hao-Yu Lee,R,DET,6,Daniel Lynch,L,663738.0,824071,DET @ KC,11:10 AM,23/08,Scheduled,0.6220811602792802,,,,False,1101010111,estimated,0,0,0.0,0,0,0.315593139944572,0.3222443623726686,0.3586713682716193,0.39676504121477,0.13594390421097582,20,1,-0.07104247104247102,1.028,67.4,B,0.2884130982367758,2.805378678079505,0.36199931681183983,0.12148198267918624,20,5,0,0.24324324324324326,0.3142857142857143,0.45717884130982367,0.30100755667506296,0.24181360201511334,0.2453580901856764,0.2526595744680851,0.24242424242424243,0.2471042471042471,0.3008849557522124,119,0.2524271844660194,114,True,False,0.5888454894453511,0.03323567083392909,2.7341772151898733,2.949367088607595,79,,,,,,,0.10199417585191636,20,2.83,1.02,54.0,4.0,4.0,41.0,16.0,1.0,2.0,3.0,3.0,RP,49.0,218.0,39.0,4.4,6.83,2.67,6.5,0.67,5.902385644464977,-0.01091449361261354,6,0.6666666666666666,15.0,7,6,1,1,0.0,2.703353016333016,0.11778077360329207,0.27232142857142855,0.23140495867768596,0.06198347107438017,0.38888888888888884,0.3086607142857143,0.22935779816513763,3.896,0.2737156324953918
608324,Alex Bregman,R,CHC,3,Bryce Miller,R,682243.0,823099,CHC @ SEA,1:10 PM,23/08,Scheduled,0.6219357123561785,-150.0,156.0,60.0,False,1001011011,estimated,18,3,0.16666666666666666,1,2023,0.3152015110095326,0.33235022100536066,0.5135614186552298,0.38072534445440154,0.17001850827363663,20,1,-0.00783169533169531,0.906,85.0,A,0.2763929618768328,4.416297031102123,0.33474950669481807,0.2356656283528452,16,5,0,0.2635135135135135,0.2556818181818182,0.5308823529411765,0.21176470588235294,0.25735294117647056,0.24897959183673468,0.24399740428293315,0.27058823529411763,0.2491638795986622,0.26621160409556316,333,0.2463768115942029,243,False,False,0.6738949728098537,-0.05195926045367516,3.9682539682539684,4.571428571428571,126,,,,,,,0.03062935789999762,20,3.71,1.04,89.2,4.0,7.0,87.0,18.0,0.0,0.0,0.0,15.0,SP,16.0,354.0,75.0,22.1,8.73,1.81,7.53,1.51,22.507979657232802,0.024864287643821537,5,0.7142857142857143,-15.0,7,6,0,1,0.0,4.442859379598779,0.08983201859135255,0.2605042016806723,0.16029143897996356,0.10382513661202186,0.36615120274914087,0.2998337628865979,0.20408163265306123,4.25,0.36505908439439927
687263,Zach Neto,R,LAA,4,Cal Quantrill,R,615698.0,822856,LAA @ TEX,11:35 AM,23/08,Scheduled,0.6199556281056543,,,,False,1010011111,estimated,10,1,0.1,1,2023,0.27628212165824245,0.2949523079230795,0.3995949846345293,0.3360700980958569,0.25327429876318147,20,1,0.004760837907471727,0.964,65.1,B,0.2469237079573421,3.0549214795399227,0.34668865296492085,0.1569258106875579,20,5,0,0.23417721518987342,0.23893805309734514,0.7325102880658436,0.044444444444444446,0.22304526748971193,0.2378917378917379,0.2177688710754843,0.2451219512195122,0.23290453622207177,0.240625,355,0.23163841807909605,203,False,False,0.603861116703954,0.016094511401700262,3.976,4.464,125,,,,,,,0.009784108303647666,20,3.13,1.15,77.2,5.0,4.0,54.0,22.0,0.0,0.0,0.0,9.0,RP,26.0,323.0,67.0,12.4,6.26,2.55,7.76,1.04,15.211882249545823,-0.014205628105654178,6,0.6666666666666666,7.0,6,6,1,1,0.0,4.396643680400074,0.041324603752717674,0.23799582463465555,0.3146067415730337,0.08426966292134831,0.4062165058949625,0.3162700964630225,0.2,4.159,0.30622609924479666
683734,Andrew Vaughn,R,MIL,4,Tyler Mahle,R,641816.0,823745,ATL @ MIL,4:10 PM,23/08,Scheduled,0.6197255843973496,,,,False,1010111111,estimated,0,0,0.0,0,0,0.3435634038345073,0.36255875168132545,0.44398348358030243,0.4371245375949912,0.17589817110543227,20,1,-0.06093023255813956,0.97,60.6,C,0.27756653992395436,3.0289631323485198,0.39199226013950095,0.23036753354190345,20,5,0,0.34,0.27906976744186046,0.6612289287656336,0.06960304513322457,0.26916802610114193,0.31023454157782515,0.2783171521035599,0.31512605042016806,0.30271167681239625,0.27906976744186046,152,0.34,117,False,False,0.6279949990766726,-0.008269414679322962,2.7590361445783134,3.2409638554216866,83,,,,,,,0.28755310829403946,20,4.53,1.31,113.1,4.0,10.0,108.0,40.0,0.0,0.0,0.0,21.0,SP,21.0,473.0,108.0,22.5,8.58,3.18,8.58,1.27,22.793834918153358,-0.01609225106401624,6,0.8571428571428571,2.0,7,6,0,1,1.0,3.463929309155494,0.11512637502189163,0.2982456140350877,0.1507537688442211,0.10552763819095477,0.43351063829787234,0.3130992907801418,0.2931937172774869,4.159,0.3036459088611165
647304,Josh Naylor,L,SEA,6,Shota Imanaga,L,684007.0,823099,CHC @ SEA,1:10 PM,23/08,Scheduled,0.6196283744250278,,,,False,1111111010,estimated,5,2,0.4,1,2024,0.269203075036853,0.31745721141727007,0.382497820568575,0.32116145854081984,0.1541227550709469,20,1,0.0006387383815691372,0.906,80.6,A,0.2910943730615862,4.691668905879531,0.3275589848656715,0.24233126637943067,20,6,0,0.26811594202898553,0.2674772036474164,0.47562056737588654,0.19592198581560283,0.32845744680851063,0.24673784104389088,0.2693498452012384,0.23717948717948717,0.2525608194622279,0.24731182795698925,309,0.2978723404255319,208,False,False,0.6633892509901437,-0.04376087656511585,3.8916666666666666,4.308333333333334,120,,,,,,,0.11190815067715706,20,3.77,1.09,143.1,8.0,9.0,140.0,32.0,0.0,0.0,0.0,25.0,SP,25.0,578.0,124.0,23.1,8.79,2.01,7.79,1.82,23.195604570688484,0.005271625574972183,5,0.8333333333333334,36.0,6,6,0,1,0.0,4.331474114162362,0.054436850772197995,0.2676659528907923,0.1276595744680851,0.07156673114119923,0.371072319201995,0.31913216957605983,0.20270270270270271,3.896,0.30631299464964357
664040,Brandon Lowe,L,PIT,1,Blake Snell,L,605483.0,823909,PIT @ LAD,1:10 PM,23/08,Scheduled,0.6174182464661991,,,,False,0111111011,estimated,0,0,0.0,0,0,0.25941615219342656,0.3579635454443033,0.6561769952481059,0.5175116586690474,0.3922810742589688,20,2,-0.05666251556662519,0.973,70.0,B,0.3426294820717131,,,,3,6,0,0.20909090909090908,0.26575342465753427,0.47808764940239046,0.36254980079681276,0.1593625498007968,0.2445853143159007,0.22270426608821403,0.27258566978193144,0.2434561626429479,0.2526690391459075,318,0.25257731958762886,214,False,False,0.6334521302134596,-0.016033883747260447,3.9583333333333335,4.433333333333334,120,,,,,,,0.10051341569482057,20,3.6,1.13,15.0,1.0,1.0,20.0,6.0,0.0,0.0,0.0,3.0,SP,3.0,63.0,11.0,21.0,12.0,3.6,6.6,0.0,,-0.011303960751913311,7,0.875,7.0,7,6,0,1,0.0,4.327142168422811,0.06797535716702827,0.25263157894736843,0.29135338345864664,0.08834586466165413,0.4651041666666667,0.35614375,0.14285714285714285,4.442,0.3201230377596863
645277,Ozzie Albies,L,ATL,5,Shane Drohan,L,675660.0,823745,ATL @ MIL,4:10 PM,23/08,Scheduled,0.6174182464661991,,,,False,0000111101,estimated,0,0,0.0,0,0,0.17684862306568086,0.21520346120316325,0.22665442374878228,0.20923956497655405,0.10273190630663394,20,1,0.07332700522069294,0.97,66.5,B,0.2982900569981001,2.8521545758209115,0.4019134564219198,0.251772897881994,20,5,0,0.29591836734693877,0.22259136212624583,0.6124129195693477,0.3394553514882837,0.048131728942368585,0.24489795918367346,0.24225352112676057,0.23209876543209876,0.2419485791610284,0.2581699346405229,337,0.24083769633507854,217,False,True,0.6347101619833964,-0.01729191551719722,3.8230769230769233,4.2615384615384615,130,,,,,,,0.02229416461455083,20,3.86,1.25,100.1,6.0,4.0,99.0,33.0,1.0,0.0,1.0,14.0,SP,25.0,421.0,92.0,16.8,8.88,2.96,8.25,0.81,19.605885384900397,-0.004443246466199091,4,0.5714285714285714,15.0,7,7,0,1,1.0,3.9036781376066942,0.09437672009008502,0.24726477024070023,0.14090019569471623,0.0684931506849315,0.2847619047619047,0.27007186147186146,0.24166666666666667,4.024,0.29213481910368866
663616,Trevor Larnach,L,MIN,1,Walker Buehler,R,621111.0,823258,MIN @ SD,1:10 PM,23/08,Scheduled,0.6174182464661991,,,,False,0001110000,estimated,0,0,0.0,0,0,0.10582969248374342,0.25737827782380235,0.47772305064975557,0.14332167394229314,0.23686343505162483,20,1,-0.02388463271744029,0.954,58.1,C,0.26450676982591875,1.9127813245481033,0.36815985163289133,0.19004307793386493,20,6,0,0.2857142857142857,0.2618296529968454,0.6351285783600195,0.2663755458515284,0.0984958757884522,0.2571428571428571,0.27995255041518385,0.24311926605504589,0.2612230470130788,0.2744186046511628,242,0.24390243902439024,143,False,False,0.6199556281056543,-0.0025373816394551607,3.219047619047619,3.6666666666666665,105,,,,,,,-0.17670425714670862,20,4.79,1.39,120.1,7.0,6.0,104.0,49.0,0.0,0.0,0.0,25.0,SP,25.0,518.0,118.0,20.7,7.78,3.66,8.83,1.05,21.201295114320253,-0.023834913132865787,6,0.75,15.0,7,6,0,1,0.0,3.6450539906731207,0.048927383508570045,0.25984251968503935,0.18937644341801385,0.09930715935334873,0.3839464882943144,0.3130468227424749,0.2734375,4.442,0.26757743043207655
605141,Mookie Betts,R,LAD,5,Lake Bachar,R,669199.0,823909,PIT @ LAD,1:10 PM,23/08,Scheduled,0.6165662526232555,-203.0,212.0,67.0,False,1010110110,estimated,0,0,0.0,0,0,0.22717997134515347,0.29167681119396266,0.38120644561845235,0.2404918352741367,0.08714060412433366,20,1,-0.08221925133689836,0.973,76.7,B,0.29345955249569705,2.0371862747118805,0.19430155911553884,0.23202256149901138,20,2,0,0.2867647058823529,0.20454545454545456,0.3324720068906115,0.5796726959517657,0.08785529715762273,0.2240824211204121,0.2408660351826793,0.24662162162162163,0.23145285935085008,0.2372093023255814,230,0.23404255319148937,156,False,False,0.6432315198133224,-0.0266652671900669,3.869565217391304,4.195652173913044,92,,,,,,,0.04535889382682773,20,3.75,1.11,69.2,1.0,2.0,73.0,27.0,2.0,1.0,3.0,5.0,RP,43.0,287.0,50.0,6.7,9.43,3.49,6.46,1.55,7.127470383054632,-0.003951966908969817,7,0.7777777777777778,2.0,7,6,0,1,0.0,4.085609772745183,0.04735848119258685,0.2324561403508772,0.11264822134387352,0.08300395256916997,0.38095238095238093,0.29922556390977445,0.168141592920354,4.024,0.3150018895415111
691781,Brady House,R,WSH,4,Janson Junk,R,676083.0,823827,WSH @ MIA,10:40 AM,23/08,Scheduled,0.6165662526232555,,,,False,1111000110,estimated,0,0,0.0,0,0,0.2472990160883294,0.34280888233713636,0.4122400952813467,0.3392252243859113,0.27676585724110675,20,1,-0.08451127819548876,1.0,43.5,D,0.24562584118438763,2.290293151423844,0.40292779088091113,0.1593153650261255,18,6,0,0.28,0.19548872180451127,0.396900269541779,0.4238544474393531,0.1792452830188679,0.2233115468409586,0.2351851851851852,0.28695652173913044,0.23609467455621302,0.24603174603174602,138,0.21495327102803738,117,False,False,0.5957904440468327,0.020775808576422805,3.5303030303030303,3.8636363636363638,66,,,,,,,-0.04280520356890271,20,4.37,1.36,92.2,6.0,8.0,66.0,26.0,0.0,0.0,0.0,18.0,SP,18.0,396.0,100.0,22.0,6.41,2.53,9.71,1.17,21.672989125014517,-0.011716252623255485,6,0.6666666666666666,14.0,6,6,0,1,0.0,3.500228165435121,0.09330639096780748,0.22926829268292684,0.29545454545454547,0.05227272727272727,0.47738095238095235,0.3435035714285714,0.2116788321167883,4.159,0.2933916816693733
694208,Moisés Ballesteros,L,LAA,6,Cal Quantrill,R,615698.0,822856,LAA @ TEX,11:35 AM,23/08,Scheduled,0.6154248596407502,,,,False,0110000101,estimated,0,0,0.0,0,0,0.15389010959916194,0.3049538762095596,0.5246640690008844,0.22383008549609246,0.19881870951558567,20,1,0.08414918414918415,0.964,65.1,B,0.2469237079573421,3.0549214795399227,0.34668865296492085,0.1569258106875579,20,5,0,0.13636363636363635,0.2205128205128205,0.7325102880658436,0.044444444444444446,0.22304526748971193,0.19576719576719576,0.17130620985010706,0.27358490566037735,0.20633893919793014,0.24031007751937986,143,0.17045454545454544,98,False,False,0.6153276496684285,9.720997232176565e-05,2.8933333333333335,3.2133333333333334,75,,,,,,,-0.14887775938837533,20,3.13,1.15,77.2,5.0,4.0,54.0,22.0,0.0,0.0,0.0,9.0,RP,26.0,323.0,67.0,12.4,6.26,2.55,7.76,1.04,15.211882249545823,-0.011041526307416838,6,0.6666666666666666,7.0,6,6,1,1,0.0,4.086197588270377,0.07700590027965183,0.2348993288590604,0.2,0.09850746268656717,0.44935064935064933,0.2924588744588744,0.25316455696202533,3.896,0.30622609924479666
680869,Zack Gelof,R,ATH,3,Cristian Javier,R,664299.0,824150,ATH @ HOU,11:10 AM,23/08,Scheduled,0.6154086386451944,,,,False,1001101000,estimated,0,0,0.0,0,0,0.1528706571558591,0.23788600202654617,0.32457993466868873,0.2291381624588611,0.23754768770768206,20,1,-0.05428535732133935,0.998,32.0,F,0.2557427258805513,2.379728961490607,0.40546030262308264,0.21912882684412355,11,5,0,0.2988505747126437,0.24456521739130435,0.5773353751914242,0.26339969372128635,0.15926493108728942,0.25464834276475345,0.24220183486238533,0.2850678733031674,0.2533532041728763,0.24203821656050956,173,0.2894736842105263,125,False,False,0.6128712570057392,0.0025373816394551607,3.6133333333333333,3.973333333333333,75,,,,,,,-0.11349126344667658,20,6.44,1.68,36.1,1.0,4.0,30.0,17.0,0.0,0.0,0.0,7.0,SP,11.0,167.0,44.0,15.2,7.43,4.21,10.9,1.73,15.711753290328298,-0.017448638645194414,5,0.7142857142857143,3.0,7,7,1,1,0.0,4.134188811422082,0.10738510224881044,0.22966507177033493,0.30952380952380953,0.07142857142857142,0.4160606060606061,0.2937890909090909,0.31645569620253167,4.25,0.3165325977328633
660670,Ronald Acuña,R,ATL,2,Shane Drohan,L,675660.0,823745,ATL @ MIL,4:10 PM,23/08,Scheduled,0.6140931832175615,,,,False,1011101000,estimated,0,0,0.0,0,0,0.17509482039140686,0.37248324975913966,0.3558136241662011,0.3099563339734195,0.321402924391203,20,1,0.013663327822619864,0.97,66.5,B,0.2982900569981001,2.8521545758209115,0.4019134564219198,0.251772897881994,20,5,0,0.23893805309734514,0.22527472527472528,0.6124129195693477,0.3394553514882837,0.048131728942368585,0.22748815165876776,0.2222222222222222,0.20579710144927535,0.2234513274336283,0.24479166666666666,224,0.20388349514563106,119,False,True,0.629453416291967,-0.015360233074405594,3.782051282051282,4.397435897435898,78,,,,,,,0.007613486783618038,20,3.86,1.25,100.1,6.0,4.0,99.0,33.0,1.0,0.0,1.0,14.0,SP,25.0,421.0,92.0,16.8,8.88,2.96,8.25,0.81,19.605885384900397,3.181678243857622e-05,4,0.5714285714285714,15.0,7,7,0,1,1.0,4.286584483849123,0.041729488590497146,0.24545454545454545,0.236084452975048,0.13051823416506717,0.47634069400630913,0.3502460567823344,0.2423076923076923,4.35,0.29213481910368866
666126,Carlos Cortes,L,ATH,5,Cristian Javier,R,664299.0,824150,ATH @ HOU,11:10 AM,23/08,Scheduled,0.6131175217095998,,,,False,0111100111,estimated,0,0,0.0,0,0,0.22088223693008854,0.2924055857052288,0.26435052118745916,0.2727131256798688,0.19686044500987548,20,1,-0.0239955357142857,0.998,32.0,F,0.2557427258805513,2.379728961490607,0.40546030262308264,0.21912882684412355,11,5,0,0.2857142857142857,0.26171875,0.5773353751914242,0.26339969372128635,0.15926493108728942,0.28251864125932064,0.25,0.2511961722488038,0.2688270196257417,0.2721518987341772,183,0.24761904761904763,116,False,False,0.6131175217095998,0.0,2.768421052631579,3.1473684210526316,95,,,,,,,-0.12369150246549263,20,6.44,1.68,36.1,1.0,4.0,30.0,17.0,0.0,0.0,0.0,7.0,SP,11.0,167.0,44.0,15.2,7.43,4.21,10.9,1.73,15.711753290328298,-0.019337521709599792,5,0.7142857142857143,3.0,7,7,1,1,0.0,3.022517435562622,0.10563039953064654,0.26332288401253917,0.15406162464985995,0.08123249299719888,0.3996212121212121,0.3035164141414141,0.27941176470588236,4.024,0.3165325977328633
595879,Javier Báez,R,DET,8,Daniel Lynch,L,663738.0,824071,DET @ KC,11:10 AM,23/08,Scheduled,0.6131175217095998,,,,False,0111100001,estimated,16,6,0.375,1,2022,0.18792609764887713,0.27109116141184936,0.3755346475269565,0.2312720513530323,0.17693134665764246,20,2,0.010869565217391297,1.028,67.4,B,0.2884130982367758,2.805378678079505,0.36199931681183983,0.12148198267918624,20,5,0,0.2608695652173913,0.25,0.45717884130982367,0.30100755667506296,0.24181360201511334,0.2682926829268293,0.22514619883040934,0.1651376146788991,0.23658536585365852,0.19736842105263158,79,0.3225806451612903,65,False,False,0.5928846491642994,0.020232872545300373,3.5384615384615383,3.6923076923076925,39,,,,,,,-0.24849902330741014,20,2.83,1.02,54.0,4.0,4.0,41.0,16.0,1.0,2.0,3.0,3.0,RP,49.0,218.0,39.0,4.4,6.83,2.67,6.5,0.67,5.902385644464977,-0.002217521709599768,6,0.6666666666666666,15.0,7,6,1,1,0.0,3.84754515258753,0.028620542720693674,0.254278728606357,0.2186046511627907,0.02558139534883721,0.3671957671957672,0.29788888888888887,0.22935779816513763,3.599,0.2737156324953918
650859,Luis Rengifo,L,SD,6,Bailey Ober,R,641927.0,823258,MIN @ SD,1:10 PM,23/08,Scheduled,0.6131175217095998,,,,False,0111110110,estimated,0,0,0.0,0,0,0.2334950454938267,0.3077103506091556,0.16918007436802956,0.3143495204892569,0.18928264135902734,20,1,-0.029761904761904767,0.954,56.7,C,0.25828220858895706,2.8287635281410783,0.3739481216195093,0.15725179508864376,19,6,0,0.2619047619047619,0.23214285714285715,0.35337423312883437,0.3042944785276074,0.3423312883435583,0.23682008368200838,0.23295454545454544,0.21468926553672316,0.23540669856459331,0.23952095808383234,185,0.25196850393700787,150,False,False,0.6153276496684285,-0.0022101279588286893,3.3793103448275863,3.8505747126436782,87,,,,,,,0.1221210427402175,20,4.62,1.25,103.1,7.0,4.0,71.0,26.0,0.0,0.0,0.0,19.0,SP,19.0,435.0,103.0,22.9,6.18,2.26,8.97,1.48,22.964160669631656,-0.016292521709599717,8,1.0,-7.0,7,6,0,1,0.0,4.100352613753502,0.09805990386932001,0.23291139240506328,0.15090090090090091,0.09009009009009009,0.31758130081300817,0.2813109756097561,0.2445414847161572,3.896,0.34798770018869873
686797,Brooks Lee,L,MIN,8,Walker Buehler,R,621111.0,823258,MIN @ SD,1:10 PM,23/08,Scheduled,0.6128712570057392,,,,False,1101101101,estimated,0,0,0.0,0,0,0.25985592459194845,0.2683329289291732,0.45279956343587574,0.30690876384572463,0.16103458481081487,20,1,0.045264332542893,0.954,58.1,C,0.26450676982591875,1.9127813245481033,0.36815985163289133,0.19004307793386493,20,6,0,0.21641791044776118,0.2616822429906542,0.6351285783600195,0.2663755458515284,0.0984958757884522,0.25,0.2423945044160942,0.25132978723404253,0.24762507916402787,0.26053639846743293,275,0.23195876288659795,220,False,False,0.6107532241409825,0.002118032864756647,3.760330578512397,4.090909090909091,121,,,,,,,0.08072178272118123,20,4.79,1.39,120.1,7.0,6.0,104.0,49.0,0.0,0.0,0.0,25.0,SP,25.0,518.0,118.0,20.7,7.78,3.66,8.83,1.05,21.201295114320253,-0.031221257005739078,6,0.75,15.0,7,6,0,1,0.0,3.8707260848096325,0.024217706718886685,0.25,0.15853658536585366,0.06707317073170732,0.32887700534759357,0.27282085561497327,0.2734375,3.599,0.26757743043207655
671732,Lawrence Butler,L,ATH,4,Cristian Javier,R,664299.0,824150,ATH @ HOU,11:10 AM,23/08,Scheduled,0.6128712570057392,,,,False,1101111101,estimated,0,0,0.0,0,0,0.3100464059771362,0.33074183489354664,0.44060467887926696,0.43222631811583523,0.19331934527570324,20,1,0.0167427701674277,0.998,32.0,F,0.2557427258805513,2.379728961490607,0.40546030262308264,0.21912882684412355,11,5,0,0.2054794520547945,0.2222222222222222,0.5773353751914242,0.26339969372128635,0.15926493108728942,0.17701453104359313,0.18654434250764526,0.22004357298474944,0.1875945537065053,0.20967741935483872,208,0.2289156626506024,195,False,False,0.607871620046998,0.0049996369587411715,3.0085470085470085,3.4444444444444446,117,,,,,,,0.04362004757060051,20,6.44,1.68,36.1,1.0,4.0,30.0,17.0,0.0,0.0,0.0,7.0,SP,11.0,167.0,44.0,15.2,7.43,4.21,10.9,1.73,15.711753290328298,-0.022571257005739254,5,0.7142857142857143,3.0,7,7,1,1,0.0,4.042944822466743,0.10358400282407036,0.2222222222222222,0.2524271844660194,0.11165048543689321,0.44921875,0.326171875,0.27941176470588236,4.159,0.3165325977328633
700250,Ben Rice,L,NYY,2,José Soriano,R,667755.0,823507,TOR @ NYY,10:35 AM,23/08,Scheduled,0.6128712570057392,,,,False,1000101100,estimated,0,0,0.0,0,0,0.10812125082770158,0.2508888091011703,0.4072909145968525,0.1584577758453778,0.2643221377205815,20,1,-0.0032894736842105365,1.007,47.1,D,0.2990570273911091,1.9604499382654452,0.4127342812005071,0.20030481371733286,20,5,0,0.25,0.24671052631578946,0.5071877807726864,0.29829290206648695,0.1945193171608266,0.22328999434708874,0.22762345679012347,0.2242152466367713,0.22580645161290322,0.22627737226277372,312,0.2802197802197802,216,False,False,0.6214841463612444,-0.008612889355505193,3.707317073170732,4.2926829268292686,123,,,,,,,-0.21821837356325566,20,3.23,1.26,139.1,10.0,6.0,136.0,62.0,0.0,0.0,0.0,25.0,SP,25.0,578.0,114.0,23.1,8.78,4.0,7.36,0.84,22.62889352772783,0.0029887429942607735,5,0.7142857142857143,14.0,6,6,0,1,0.0,4.258167754215385,0.12692875025699651,0.24439461883408073,0.2524271844660194,0.11067961165048544,0.48180379746835444,0.3657753164556962,0.23465703971119134,4.35,0.2754509417413957
807712,Luke Keaschall,R,MIN,7,Walker Buehler,R,621111.0,823258,MIN @ SD,1:10 PM,23/08,Scheduled,0.6114406338188498,,,,False,1011011111,estimated,0,0,0.0,0,0,0.3749480434346946,0.36543473801153126,0.3748159392040522,0.44858623713633305,0.15167336379351293,20,1,0.049431285962799415,0.954,58.1,C,0.26450676982591875,1.9127813245481033,0.36815985163289133,0.19004307793386493,20,6,0,0.24113475177304963,0.29056603773584905,0.6351285783600195,0.2663755458515284,0.0984958757884522,0.28252299605781866,0.25740318906605925,0.2570621468926554,0.2722664735698769,0.2987012987012987,266,0.24,211,False,False,0.6256473686546649,-0.014206734835815027,3.3833333333333333,3.975,120,,,,,,,0.1990873197801284,20,4.79,1.39,120.1,7.0,6.0,104.0,49.0,0.0,0.0,0.0,25.0,SP,25.0,518.0,118.0,20.7,7.78,3.66,8.83,1.05,21.201295114320253,-0.020957300485516472,6,0.75,15.0,7,6,0,1,0.0,4.328755541623008,0.0663106643610267,0.2733990147783251,0.1530398322851153,0.09643605870020965,0.2987987987987988,0.2983385885885886,0.23300970873786409,3.76,0.26757743043207655
694671,Wyatt Langford,R,TEX,2,Yusei Kikuchi,L,579328.0,822856,LAA @ TEX,11:35 AM,23/08,Scheduled,0.6114268219026192,,,,False,0101010010,estimated,12,4,0.3333333333333333,1,2024,0.13595788562680822,0.3049251972395572,0.46272725895361183,0.16775479431044668,0.20265432351152893,20,1,-0.027603974972396028,0.964,45.5,D,0.2768959435626102,2.188815860691523,0.4048168019092623,0.22109339133906597,7,116,0,0.23076923076923078,0.2583732057416268,0.4532627865961199,0.32451499118165783,0.2222222222222222,0.24149895905621097,0.21610738255033557,0.1974921630094044,0.22868525896414343,0.24102564102564103,211,0.26666666666666666,118,False,False,0.6279949990766726,-0.016568177174053345,3.896103896103896,4.2727272727272725,77,,,,,,,-0.3341433330435679,20,5.81,1.58,31.0,0.0,3.0,33.0,14.0,0.0,0.0,0.0,7.0,SP,7.0,142.0,35.0,20.3,9.58,4.06,10.16,0.87,19.780255688872202,-0.00904110761690502,7,0.875,-5.0,5,6,1,1,0.0,4.17295136448109,0.12018846652829204,0.24943820224719102,0.22113502935420742,0.11350293542074363,0.44477911646586343,0.3124819277108434,0.28421052631578947,4.35,0.27482262244009203
686527,Dominic Canzone,L,SEA,3,Shota Imanaga,L,684007.0,823099,CHC @ SEA,1:10 PM,23/08,Scheduled,0.6091469820284926,,,,False,1011111100,estimated,0,0,0.0,0,0,0.23348623313562522,0.3228535401995722,0.32379663273650683,0.3299702537726581,0.2541332809151445,20,1,-0.04609948355531396,0.906,80.6,A,0.2910943730615862,4.691668905879531,0.3275589848656715,0.24233126637943067,20,6,0,0.2153846153846154,0.26148409893992935,0.47562056737588654,0.19592198581560283,0.32845744680851063,0.25,0.22699386503067484,0.2303839732888147,0.2377431906614786,0.24519230769230768,232,0.2642857142857143,158,False,False,0.6367120725328146,-0.027565090504321987,3.0526315789473686,3.4210526315789473,114,,,,,,,0.0589798556813774,20,3.77,1.09,143.1,8.0,9.0,140.0,32.0,0.0,0.0,0.0,25.0,SP,25.0,578.0,124.0,23.1,8.79,2.01,7.79,1.82,23.195604570688484,-0.00022698202849247284,5,0.8333333333333334,36.0,6,6,0,1,0.0,4.429280271745356,0.07217654823529375,0.2594594594594595,0.2111650485436893,0.0825242718446602,0.44434628975265017,0.3330530035335689,0.20270270270270271,4.25,0.30631299464964357
668904,Royce Lewis,R,MIN,5,Walker Buehler,R,621111.0,823258,MIN @ SD,1:10 PM,23/08,Scheduled,0.6088594005896425,,,,False,1101110100,estimated,0,0,0.0,0,0,0.25559178435040786,0.36865653738276055,0.31473422861050043,0.3486283537999003,0.22943632844770315,20,1,-0.005446623093681907,0.954,58.1,C,0.26450676982591875,1.9127813245481033,0.36815985163289133,0.19004307793386493,20,6,0,0.24074074074074073,0.23529411764705882,0.6351285783600195,0.2663755458515284,0.0984958757884522,0.20692249811888638,0.252760736196319,0.2542857142857143,0.2284,0.2358974358974359,213,0.23841059602649006,172,False,False,0.6082344317140961,0.0006249688755464167,3.6808510638297873,4.095744680851064,94,,,,,,,0.14807727506029114,20,4.79,1.39,120.1,7.0,6.0,104.0,49.0,0.0,0.0,0.0,25.0,SP,25.0,518.0,118.0,20.7,7.78,3.66,8.83,1.05,21.201295114320253,-0.02910940058964262,6,0.75,15.0,7,6,0,1,0.0,4.08942915523096,0.04064563237217128,0.2288329519450801,0.25260960334029225,0.0709812108559499,0.3971518987341772,0.31490506329113926,0.23300970873786409,4.024,0.26757743043207655
687093,Vaughn Grissom,R,LAA,5,Cal Quantrill,R,615698.0,822856,LAA @ TEX,11:35 AM,23/08,Scheduled,0.6084806964179567,,,,False,1010110101,estimated,0,0,0.0,0,0,0.1889364393458412,0.30113577910971046,0.2523634247590981,0.27979071667693245,0.30831466511290356,20,1,-0.004385964912280715,0.964,65.1,B,0.2469237079573421,3.0549214795399227,0.34668865296492085,0.1569258106875579,20,5,0,0.25,0.24561403508771928,0.7325102880658436,0.044444444444444446,0.22304526748971193,0.22516025641025642,0.22418879056047197,0.22333333333333333,0.22461814914645103,0.24277456647398843,193,0.25384615384615383,144,False,False,0.6106908243767853,-0.0022101279588286893,3.5232558139534884,3.9186046511627906,86,,,,,,,0.059553013515873235,20,3.13,1.15,77.2,5.0,4.0,54.0,22.0,0.0,0.0,0.0,9.0,RP,26.0,323.0,67.0,12.4,6.26,2.55,7.76,1.04,15.211882249545823,-0.004247363084623368,6,0.6666666666666666,7.0,6,6,1,1,0.0,4.073337325742011,0.04629050281298676,0.23002421307506055,0.1965065502183406,0.06986899563318777,0.36155830753353974,0.3153777089783282,0.2,4.024,0.30622609924479666
664954,Brett Sullivan,L,COL,8,Foster Griffin,L,656492.0,824315,CLE @ COL,12:10 PM,23/08,Scheduled,0.6082344317140961,,,,False,1011011000,estimated,0,0,0.0,0,0,0.20503789788902807,0.268495310573127,0.3384406785003416,0.23938959467599788,0.129149312578293,20,1,0.25134099616858235,1.148,70.7,B,0.2929553264604811,3.8996001943808194,0.3841222293248396,0.2167846518091562,20,5,0,0.4444444444444444,0.19310344827586207,0.5898538263112639,0.2407566638005159,0.16938950988822013,0.22404371584699453,0.20078740157480315,0.24647887323943662,0.22350472193074503,0.22093023255813954,94,0.2441860465116279,94,False,False,0.5658065494429393,0.04242788227115679,2.8666666666666667,3.1333333333333333,60,,,,,,,-0.1709255357852972,20,3.18,1.11,144.1,14.0,4.0,131.0,35.0,0.0,0.0,0.0,25.0,SP,25.0,589.0,125.0,23.6,8.17,2.18,7.79,1.43,23.759660366758183,0.016540568285904,4,0.5,16.0,7,6,1,1,0.0,3.291991476904332,0.07758312205250949,0.23300970873786409,0.18100890207715134,0.050445103857566766,0.31451612903225806,0.2437056451612903,0.18309859154929578,3.599,0.30507696386186334
663968,Jake Mangum,L,PIT,5,Blake Snell,L,605483.0,823909,PIT @ LAD,1:10 PM,23/08,Scheduled,0.6082344317140961,,,,False,0101101010,estimated,0,0,0.0,0,0,0.21809267848202007,0.3009813735925787,0.4304360149175652,0.3387537586819699,0.33774564297817966,20,1,-0.06657929226736564,0.973,70.0,B,0.3426294820717131,,,,3,6,0,0.24770642201834864,0.3142857142857143,0.47808764940239046,0.36254980079681276,0.1593625498007968,0.276027397260274,0.30615640599001664,0.2857142857142857,0.2851971037811746,0.32,213,0.2597402597402597,177,False,False,0.6196283744250278,-0.011393942710931748,3.504950495049505,3.8613861386138613,101,,,,,,,0.031337916235847973,20,3.6,1.13,15.0,1.0,1.0,20.0,6.0,0.0,0.0,0.0,3.0,SP,3.0,63.0,11.0,21.0,12.0,3.6,6.6,0.0,,-0.019420145999810234,7,0.875,7.0,7,6,0,1,0.0,3.8047897079401922,0.06292693973749018,0.28883495145631066,0.2017738359201774,0.04878048780487805,0.2827102803738318,0.3067694704049844,0.14285714285714285,4.024,0.3201230377596863
677649,Ezequiel Duran,R,TEX,5,Yusei Kikuchi,L,579328.0,822856,LAA @ TEX,11:35 AM,23/08,Scheduled,0.6076883714428206,,,,False,0010010110,estimated,10,0,0.0,1,2023,0.2821909866737047,0.2869429188322636,0.4590772474810967,0.3892577773835126,0.2638318841157623,20,1,0.08207760666777059,0.964,45.5,D,0.2768959435626102,2.188815860691523,0.4048168019092623,0.22109339133906597,7,116,0,0.32786885245901637,0.24579124579124578,0.4532627865961199,0.32451499118165783,0.2222222222222222,0.24598337950138505,0.24703737465815861,0.22727272727272727,0.24390995991366018,0.25101214574898784,278,0.29651162790697677,185,False,False,0.6165662526232555,-0.008877881180434866,3.5508474576271185,3.9237288135593222,118,,,,,,,0.06131080472878502,20,5.81,1.58,31.0,0.0,3.0,33.0,14.0,0.0,0.0,0.0,7.0,SP,7.0,142.0,35.0,20.3,9.58,4.06,10.16,0.87,19.780255688872202,-0.011988371442820611,7,0.875,-5.0,5,6,1,1,0.0,4.032953514703707,0.09406641732417279,0.2677725118483412,0.23605150214592274,0.07296137339055794,0.3737179487179487,0.33165865384615384,0.28421052631578947,4.024,0.27482262244009203
663886,Tyler Stephenson,R,CIN,5,Mitch Bratt,L,683352.0,825043,CIN @ AZ,1:15 PM,23/08,Scheduled,0.606390099620186,,,,False,1101000001,estimated,0,0,0.0,0,0,0.22071682523691125,0.3253499252546976,0.3522828919652048,0.3725471386110258,0.36541279894000855,20,1,-0.054558708085679,1.0,51.3,C,0.21839080459770116,1.0862234528650585,0.35800889244824735,0.14689901091676025,8,6,0,0.20270270270270271,0.2572614107883817,0.512396694214876,0.3867768595041322,0.10082644628099173,0.23298429319371727,0.2396088019559902,0.16428571428571428,0.226423487544484,0.21839080459770116,198,0.2765957446808511,161,False,True,0.5835856405220117,0.0228044590981743,3.2142857142857144,3.663265306122449,98,,,,,,,-0.2471685201517532,20,4.17,1.47,36.2,1.0,2.0,25.0,22.0,0.0,0.0,0.0,8.0,SP,8.0,159.0,32.0,19.9,6.14,5.4,7.85,1.23,20.051254470054868,-0.033373432953519355,6,0.8571428571428571,24.0,6,8,0,1,0.0,3.820945533824637,0.07527147641735872,0.24210526315789474,0.2880184331797235,0.0967741935483871,0.469281045751634,0.3474372549019608,0.22916666666666666,4.024,0.3095974491054189
679529,Spencer Torkelson,R,DET,5,Daniel Lynch,L,663738.0,824071,DET @ KC,11:10 AM,23/08,Scheduled,0.604982061785695,,,,False,1110000000,estimated,18,4,0.2222222222222222,1,2022,0.19029193698173066,0.23734600064140976,0.4091737013041132,0.2992274598939753,0.37718452561403903,20,1,0.04857711138310894,1.028,67.4,B,0.2884130982367758,2.805378678079505,0.36199931681183983,0.12148198267918624,20,5,0,0.2558139534883721,0.20723684210526316,0.45717884130982367,0.30100755667506296,0.24181360201511334,0.2107367218732153,0.203125,0.20689655172413793,0.20744356314826112,0.19111111111111112,260,0.2548076923076923,238,False,False,0.5654737434268325,0.03950831835886248,3.409448818897638,3.921259842519685,127,,,,,,,-0.08798910890588181,20,2.83,1.02,54.0,4.0,4.0,41.0,16.0,1.0,2.0,3.0,3.0,RP,49.0,218.0,39.0,4.4,6.83,2.67,6.5,0.67,5.902385644464977,-0.011915395119028394,6,0.6666666666666666,15.0,7,6,1,1,0.0,3.804301677848934,0.14193016173269052,0.22549019607843138,0.3091684434968017,0.10874200426439233,0.41463878326996195,0.33576996197718634,0.22935779816513763,4.024,0.2737156324953918
656775,Cedric Mullins,L,TB,7,Shane Baz,R,669358.0,824799,TB @ BAL,10:35 AM,23/08,Scheduled,0.6047751510261218,,,,False,0111110001,estimated,8,0,0.0,1,2022,0.22248595053399373,0.22123218248458795,0.34320288211880406,0.25487830567240244,0.11332958801246357,20,1,-0.03683385579937304,1.044,51.9,C,0.2649895178197065,3.2306202831341575,0.4528980766397656,0.22317769152869565,20,5,0,0.2413793103448276,0.20454545454545456,0.5848421052631579,0.328,0.0871578947368421,0.20063091482649842,0.21973094170403587,0.20189274447949526,0.20624518118735544,0.22277227722772278,233,0.1951219512195122,189,False,False,0.5774996091246174,0.027275541901504385,3.4205607476635516,3.94392523364486,107,,,,,,,0.04310321410892876,20,4.02,1.35,145.2,4.0,13.0,132.0,49.0,0.0,0.0,0.0,25.0,SP,25.0,623.0,147.0,24.9,8.16,3.03,9.08,0.68,24.593125087617327,-0.01817515102612166,6,0.75,-1.0,6,7,1,1,0.0,3.7061928884980992,0.10856522436910523,0.20654911838790932,0.19782608695652174,0.09130434782608696,0.3118736383442266,0.22993627450980392,0.28307692307692306,3.76,0.34657661314523724
701358,Cam Smith,R,HOU,8,Brady Basso,L,669620.0,824150,ATH @ HOU,11:10 AM,23/08,Scheduled,0.6043763326466122,,,,False,1101010000,estimated,0,0,0.0,0,0,0.19177900670658082,0.29806208350632085,0.3997816914607417,0.2940414407171405,0.28878996922663663,20,1,-0.0002511441009041271,0.998,58.5,C,0.2605042016806723,9.59522454108897,0.3964233855920857,0.17075162702527621,16,5,0,0.21774193548387097,0.2179930795847751,0.5826330532212886,0.4061624649859944,0.011204481792717087,0.21983575489576754,0.21428571428571427,0.1865671641791045,0.21337172104926425,0.2094017094017094,259,0.22905027932960895,202,False,False,0.5832862224071905,0.021090110239421644,3.4705882352941178,3.8739495798319328,119,,,,,,,-0.04306224971508752,20,3.91,1.35,23.0,0.0,0.0,19.0,3.0,0.0,1.0,1.0,2.0,RP,16.0,100.0,28.0,6.2,7.43,1.17,10.96,0.78,6.352446284114921,-0.02625133264661217,8,0.8888888888888888,-10.0,5,6,1,1,0.0,3.924522893670989,0.020626700727253946,0.21634615384615385,0.24731182795698925,0.07526881720430108,0.45614617940199337,0.3371827242524917,0.3333333333333333,3.599,0.3679845961618671
701675,Nathan Church,L,STL,6,Cristopher Sánchez,L,650911.0,823421,STL @ PHI,10:35 AM,23/08,Scheduled,0.6039337069574967,,,,False,1111001111,estimated,0,0,0.0,0,0,0.2880393289651208,0.292198644914685,0.21772444113830766,0.36017659108664046,0.1406384391022665,20,1,-0.043423827095413814,1.009,74.1,B,0.3269230769230769,4.4228841667261145,0.39883889367637504,0.2720092720150654,20,6,0,0.19642857142857142,0.23985239852398524,0.4326923076923077,0.19147157190635453,0.3758361204013378,0.2624286878565607,0.23204419889502761,0.2777777777777778,0.25700090334236675,0.29310344827586204,190,0.16339869281045752,166,False,False,0.6165358160339773,-0.012602109076480628,3.237623762376238,3.5247524752475248,101,,,,,,,0.18283840486936093,20,2.51,1.22,161.2,16.0,4.0,187.0,38.0,0.0,0.0,0.0,26.0,SP,26.0,673.0,159.0,25.9,10.41,2.12,8.85,0.72,25.459309618756684,0.012053793042503202,8,1.0,-11.0,7,8,1,1,0.0,3.8606945280475395,0.04724506607512609,0.23482849604221637,0.19951923076923078,0.057692307692307696,0.30551801801801803,0.28464189189189193,0.13793103448275862,3.896,0.3358313490026647
677594,Julio Rodríguez,R,SEA,5,Shota Imanaga,L,684007.0,823099,CHC @ SEA,1:10 PM,23/08,Scheduled,0.6014885848854284,,,,False,1111100110,estimated,0,0,0.0,0,0,0.20459962261096248,0.3741935970732512,0.46171418316050516,0.2977120710937804,0.32971496383531634,20,1,-0.015404661328625752,0.906,80.6,A,0.2910943730615862,4.691668905879531,0.3275589848656715,0.24233126637943067,20,6,0,0.24183006535947713,0.2572347266881029,0.47562056737588654,0.19592198581560283,0.32845744680851063,0.23235887096774194,0.24281150159744408,0.2231237322515213,0.23460096411355116,0.24914675767918087,319,0.2573099415204678,195,False,False,0.6342710802559236,-0.03278249537049516,3.9322033898305087,4.3559322033898304,118,,,,,,,0.08117380457054585,20,3.77,1.09,143.1,8.0,9.0,140.0,32.0,0.0,0.0,0.0,25.0,SP,25.0,578.0,124.0,23.1,8.79,2.01,7.79,1.82,23.195604570688484,-0.010368584885428467,5,0.8333333333333334,36.0,6,6,0,1,0.0,4.514293727979899,0.07650226464949164,0.251063829787234,0.2173076923076923,0.07307692307692308,0.4332399626517273,0.3560014005602241,0.24040920716112532,4.024,0.30631299464964357
687637,Dylan Beavers,L,BAL,7,Nick Martínez,R,607259.0,824799,TB @ BAL,10:35 AM,23/08,Scheduled,0.6007738443843434,,,,False,0110001111,estimated,0,0,0.0,0,0,0.32275910880584174,0.37778544591524155,0.5263497743211789,0.5682578239313097,0.4157329197286469,20,1,0.022970085470085472,1.044,69.7,B,0.2610887096774194,4.549092448791299,0.33377579188546225,0.14497774193740653,20,5,0,0.2222222222222222,0.24519230769230768,0.6370519939424533,0.08884401817264008,0.2741039878849066,0.21475054229934923,0.20149253731343283,0.1941747572815534,0.2071307300509338,0.20930232558139536,144,0.29545454545454547,100,False,False,0.5344585321148144,0.06631531226952903,2.9726027397260273,3.3424657534246576,73,,,,,,,0.12173514510386911,20,3.05,1.14,141.2,12.0,4.0,83.0,22.0,0.0,0.0,0.0,24.0,SP,24.0,574.0,139.0,23.9,5.27,1.4,8.83,1.08,23.978551309364683,-0.04855955867005779,7,0.7777777777777778,-9.0,7,7,1,1,0.0,2.8145012137858205,0.042316249931197064,0.2434017595307918,0.26448362720403024,0.12594458438287154,0.3587570621468927,0.3125409604519774,0.23384615384615384,3.76,0.35527126214531163
687551,Drew Gilbert,L,SF,7,Jake Bennett,L,687562.0,824720,SF @ BOS,12:15 PM,23/08,Scheduled,0.6004744262695224,,,,False,1101100010,estimated,0,0,0.0,0,0,0.23484452786550894,0.3864587102750244,0.43325147060328,0.3534112795756572,0.36119570897157305,20,1,-0.0988154146048883,1.063,76.8,B,0.2651122625215889,4.028130048827293,0.36451727300853143,0.19775688637704386,14,9,0,0.14814814814814814,0.24696356275303644,0.6335944299390774,0.10356832027850305,0.2628372497824195,0.26532663316582916,0.22700587084148727,0.2828282828282828,0.2564953012714207,0.2753623188405797,155,0.19852941176470587,158,False,True,0.5713810321765802,0.029093394092942204,2.712871287128713,3.099009900990099,101,,,,,,,-0.029248480898050162,20,3.46,1.07,80.2,7.0,6.0,61.0,17.0,0.0,0.0,0.0,14.0,SP,14.0,323.0,69.0,23.1,6.81,1.9,7.7,0.67,23.22146353846782,-0.02169942626952237,8,1.0,15.0,7,6,1,1,0.0,3.375039396387343,0.10262997187834495,0.22492401215805471,0.184,0.088,0.3352564102564103,0.2974102564102564,0.17567567567567569,3.76,0.30905501389165657
695600,Carter Jensen,L,KC,4,,R,,824071,DET @ KC,11:10 AM,23/08,Scheduled,0.6004123857902982,,,,False,0000111110,estimated,0,0,0.0,0,0,0.1484423433317846,0.31581916385560455,0.5214697164779649,0.21062094060917672,0.2797462033518276,20,1,0.041415041415041404,1.028,,,,,,,0,0,0,0.18681318681318682,0.22822822822822822,,,,0.18491735537190082,0.20110192837465565,0.21839080459770116,0.1967123287671233,0.2131782945736434,283,0.2289156626506024,199,False,False,0.5901588930016369,0.010253492788661278,3.533333333333333,4.016666666666667,120,,,,,,,-0.2586201473471293,20,,,,,,,,,,,,,,,,,,,,,,0.007187614209701709,7,0.7777777777777778,-5.0,6,7,1,1,0.0,4.174986386693195,0.15418403741335246,0.21933962264150944,0.2883817427385892,0.1016597510373444,0.43450292397660817,0.30160000000000003,,4.159,0.28642942170052615
664728,Kyle Isbel,L,KC,8,,R,,824071,DET @ KC,11:10 AM,23/08,Scheduled,0.5985726114047102,,,,False,0101110111,estimated,0,0,0.0,0,0,0.2152794395785856,0.25668909744900487,0.2739644929587094,0.27795890210942475,0.23493522731172506,20,1,0.2115800865800866,1.028,,,,,,,0,0,0,0.06818181818181818,0.27976190476190477,,,,0.2423500611995104,0.20385674931129477,0.25,0.23243647234678624,0.24166666666666667,130,0.22826086956521738,105,False,False,0.5655190406762305,0.0330535707284797,3.0285714285714285,3.357142857142857,70,,,,,,,0.04148377130170924,20,,,,,,,,,,,,,,,,,,,,,,-0.015001182833281668,7,0.7777777777777778,-5.0,6,7,1,1,0.0,3.5381317415746665,0.04816355304318894,0.25507246376811593,0.1958762886597938,0.06958762886597938,0.3881660470879802,0.2863531598513011,,3.599,0.28642942170052615
680777,Ryan Jeffers,R,MIN,4,Walker Buehler,R,621111.0,823258,MIN @ SD,1:10 PM,23/08,Scheduled,0.5960445117374525,,,,False,1111001001,estimated,0,0,0.0,0,0,0.233374951098309,0.2689053945106086,0.3690764627811876,0.3367308700349391,0.1836278051906519,20,1,-0.008403361344537785,0.954,58.1,C,0.26450676982591875,1.9127813245481033,0.36815985163289133,0.19004307793386493,20,6,0,0.2857142857142857,0.2773109243697479,0.6351285783600195,0.2663755458515284,0.0984958757884522,0.257479601087942,0.2436849925705795,0.2087912087912088,0.24646168862859932,0.2463768115942029,158,0.3372093023255814,106,False,False,0.6216037308476795,-0.02555921911022696,3.393939393939394,4.0,66,,,,,,,0.011564704660635744,20,4.79,1.39,120.1,7.0,6.0,104.0,49.0,0.0,0.0,0.0,25.0,SP,25.0,518.0,118.0,20.7,7.78,3.66,8.83,1.05,21.201295114320253,-0.009077845070785795,6,0.75,15.0,7,6,0,1,0.0,3.783832606167448,0.11029084849479631,0.2976190476190476,0.17768595041322313,0.11363636363636363,0.39620758483033935,0.2984565868263473,0.23300970873786409,4.159,0.26757743043207655
663656,Kyle Tucker,L,LAD,6,Lake Bachar,R,669199.0,823909,PIT @ LAD,1:10 PM,23/08,Scheduled,0.5960445117374525,,,,False,0000001101,estimated,0,0,0.0,0,0,0.171780429243885,0.26158998767930197,0.41455061523205444,0.22114730968091176,0.13221294529435154,20,1,-0.020410277662660598,0.973,76.7,B,0.29345955249569705,2.0371862747118805,0.19430155911553884,0.23202256149901138,20,2,0,0.2440944881889764,0.2236842105263158,0.3324720068906115,0.5796726959517657,0.08785529715762273,0.2177751618599176,0.23772321428571427,0.17588652482269504,0.21378893256728151,0.2190082644628099,286,0.24338624338624337,212,False,False,0.6193160171226633,-0.023271505385210722,3.56198347107438,4.115702479338843,121,,,,,,,-0.06916235083145367,20,3.75,1.11,69.2,1.0,2.0,73.0,27.0,2.0,1.0,3.0,5.0,RP,43.0,287.0,50.0,6.7,9.43,3.49,6.46,1.55,7.127470383054632,-0.0025587974517382595,7,0.7777777777777778,2.0,7,6,0,1,0.0,4.029376036299665,0.08259390866746447,0.22897196261682243,0.18218623481781376,0.11538461538461539,0.37968441814595666,0.3205547337278106,0.22142857142857142,3.896,0.3150018895415111
665953,Andrés Chaparro,R,WSH,5,Janson Junk,R,676083.0,823827,WSH @ MIA,10:40 AM,23/08,Scheduled,0.5960445117374525,,,,False,1001101101,estimated,0,0,0.0,0,0,0.3257701075628513,0.33828016230237656,0.45102680417869057,0.4200051730312795,0.225657514501544,20,2,0.06349206349206349,1.0,43.5,D,0.24562584118438763,2.290293151423844,0.40292779088091113,0.1593153650261255,18,6,0,0.2222222222222222,0.2857142857142857,0.396900269541779,0.4238544474393531,0.1792452830188679,0.1963470319634703,0.19471947194719472,0.15873015873015872,0.1863041289023162,0.16883116883116883,90,0.3488372093023256,51,False,False,0.5925852310494784,0.0034592806879741866,2.1818181818181817,2.5636363636363635,55,,,,,,,0.043679721562301356,20,4.37,1.36,92.2,6.0,8.0,66.0,26.0,0.0,0.0,0.0,18.0,SP,18.0,396.0,100.0,22.0,6.41,2.53,9.71,1.17,21.672989125014517,-0.006361178404119205,6,0.6666666666666666,14.0,6,6,0,1,0.0,3.0232536972781476,0.07910777297270466,0.20833333333333334,0.23229461756373937,0.0821529745042493,0.4101449275362319,0.2844304347826087,0.2116788321167883,4.024,0.2933916816693733
699013,Esmerlyn Valdez,R,PIT,3,Blake Snell,L,605483.0,823909,PIT @ LAD,1:10 PM,23/08,Scheduled,0.5957181600397976,,,,False,1111110001,estimated,0,0,0.0,0,0,0.22295296229998793,0.32500220670760516,0.4764686322786135,0.4345629626373216,0.4041646232024006,20,1,0.013209494324045445,0.973,70.0,B,0.3426294820717131,,,,3,6,0,0.25882352941176473,0.24561403508771928,0.47808764940239046,0.36254980079681276,0.1593625498007968,0.2309299895506792,0.22505307855626328,0.2,0.22673733804475854,0.24786324786324787,141,0.25609756097560976,98,True,False,0.5937508599470954,0.0019673000927021844,3.316666666666667,3.9833333333333334,60,,,,,,,0.007240121220133135,20,3.6,1.13,15.0,1.0,1.0,20.0,6.0,0.0,0.0,0.0,3.0,SP,3.0,63.0,11.0,21.0,12.0,3.6,6.6,0.0,,-0.019232445754083338,7,0.875,7.0,7,6,0,1,0.0,4.2152421911123374,0.15751254239809584,0.2537313432835821,0.36363636363636365,0.15289256198347106,0.4859882005899705,0.35805309734513274,0.22857142857142856,4.25,0.3201230377596863
592885,Christian Yelich,L,MIL,5,Tyler Mahle,R,641816.0,823745,ATL @ MIL,4:10 PM,23/08,Scheduled,0.5942081865882954,,,,False,1101001110,estimated,0,0,0.0,0,0,0.19007235723594865,0.38683172884951744,0.5294550231001738,0.27944657930127415,0.26169536693422574,20,1,0.029681978798586556,0.97,60.6,C,0.27756653992395436,3.0289631323485198,0.39199226013950095,0.23036753354190345,20,5,0,0.2,0.22968197879858657,0.6612289287656336,0.06960304513322457,0.26916802610114193,0.2116461366181411,0.19101123595505617,0.2532467532467532,0.2125458792125459,0.22110552763819097,223,0.22916666666666666,167,False,False,0.6140121191891853,-0.019803932600889862,3.897727272727273,4.431818181818182,88,,,,,,,0.03683685712789525,20,4.53,1.31,113.1,4.0,10.0,108.0,40.0,0.0,0.0,0.0,21.0,SP,21.0,473.0,108.0,22.5,8.58,3.18,8.58,1.27,22.793834918153358,-0.007024853254962049,6,0.8571428571428571,2.0,7,6,0,1,1.0,4.204577369235954,0.07369148472240783,0.21814254859611232,0.2638623326959847,0.08604206500956023,0.42676923076923073,0.31751076923076926,0.22317596566523606,4.024,0.3036459088611165
667472,Dane Myers,R,CIN,6,Mitch Bratt,L,683352.0,825043,CIN @ AZ,1:15 PM,23/08,Scheduled,0.5928846491642994,,,,False,1011111010,estimated,0,0,0.0,0,0,0.23960813282659976,0.2575197603785945,0.41894940057327973,0.2874265190458745,0.15950246402550988,20,1,0.03254750175932439,1.0,51.3,C,0.21839080459770116,1.0862234528650585,0.35800889244824735,0.14689901091676025,8,6,0,0.2672413793103448,0.23469387755102042,0.512396694214876,0.3867768595041322,0.10082644628099173,0.23234624145785876,0.2725274725274725,0.24736842105263157,0.2459123610202747,0.26804123711340205,112,0.23931623931623933,136,False,True,0.5760147081566026,0.016869941007696787,2.5476190476190474,2.9523809523809526,84,,,,,,,-0.04329836909299068,20,4.17,1.47,36.2,1.0,2.0,25.0,22.0,0.0,0.0,0.0,8.0,SP,8.0,159.0,32.0,19.9,6.14,5.4,7.85,1.23,20.051254470054868,-0.02716798249763286,6,0.8571428571428571,24.0,6,8,0,1,0.0,3.748804239547729,0.11788763321770328,0.23026315789473684,0.23782234957020057,0.11174785100286533,0.39969834087481143,0.3022194570135746,0.22916666666666666,3.896,0.3095974491054189
702222,Justin Crawford,L,PHI,9,Kyle Leahy,R,681517.0,823421,STL @ PHI,10:35 AM,23/08,Scheduled,0.5928846491642994,,,,False,0110111101,estimated,0,0,0.0,0,0,0.35383278562915693,0.2854330314488957,0.4180817187374771,0.38464444001052966,0.05862308363111344,20,1,0.07476038338658147,1.009,50.9,C,0.2713791398912506,5.156741470050302,0.47719615073820076,0.2453991430715861,20,5,0,0.2,0.2747603833865815,0.39762611275964393,0.4629080118694362,0.1394658753709199,0.2565891472868217,0.2869198312236287,0.25882352941176473,0.2637308263236022,0.2857142857142857,190,0.25,185,True,False,0.5812919887316544,0.011592660432644952,2.982608695652174,3.260869565217391,115,,,,,,,0.1703519363140071,20,3.24,1.31,122.1,10.0,4.0,111.0,35.0,0.0,0.0,0.0,24.0,SP,24.0,516.0,125.0,21.5,8.17,2.57,9.2,0.88,21.03576736082412,-0.010559649164299412,8,0.8888888888888888,30.0,7,6,1,1,0.0,2.980792020098246,0.025446130624132746,0.2709497206703911,0.18461538461538463,0.05384615384615385,0.3548951048951049,0.31245104895104897,0.3112033195020747,3.443,0.3177910795995636
702284,Cole Young,L,SEA,7,Shota Imanaga,L,684007.0,823099,CHC @ SEA,1:10 PM,23/08,Scheduled,0.5925852310494784,,,,False,1001000010,estimated,0,0,0.0,0,0,0.15170696467851194,0.24545658014777336,0.29968335737095236,0.1846436397792886,0.20196786955215837,20,1,0.021259095223030655,0.906,80.6,A,0.2910943730615862,4.691668905879531,0.3275589848656715,0.24233126637943067,20,6,0,0.2689655172413793,0.24770642201834864,0.47562056737588654,0.19592198581560283,0.32845744680851063,0.23746701846965698,0.23825503355704697,0.24206349206349206,0.23823975720789076,0.26373626373626374,301,0.24120603015075376,222,False,False,0.6301781371195688,-0.03759290607009047,3.6589147286821704,4.054263565891473,129,,,,,,,-0.1416033232916544,20,3.77,1.09,143.1,8.0,9.0,140.0,32.0,0.0,0.0,0.0,25.0,SP,25.0,578.0,124.0,23.1,8.79,2.01,7.79,1.82,23.195604570688484,-0.001985231049478342,5,0.8333333333333334,36.0,6,6,0,1,0.0,4.140596146704098,0.07831049123134884,0.2505694760820046,0.15811088295687886,0.06570841889117043,0.38720073664825044,0.3290635359116022,0.20270270270270271,3.76,0.30631299464964357
543807,George Springer,R,TOR,4,Carlos Rodón,L,607074.0,823507,TOR @ NYY,10:35 AM,23/08,Scheduled,0.5924882837610749,,,,False,1000010101,estimated,15,4,0.26666666666666666,1,2024,0.2405053890203479,0.2823972186245568,0.22857394097028164,0.34382460303456136,0.23837116778596187,20,1,-0.009581646423751672,1.007,60.8,C,0.2695749440715884,2.047682005023973,0.3560892251741468,0.2653772512162215,10,5,0,0.23333333333333334,0.242914979757085,0.5816554809843401,0.2684563758389262,0.14988814317673377,0.2366576819407008,0.23523316062176167,0.18858560794044665,0.23022029165373875,0.22321428571428573,256,0.26573426573426573,159,False,False,0.6166259214910631,-0.024137637729988226,3.783505154639175,4.278350515463917,97,,,,,,,-0.16968473333484904,20,3.22,1.23,50.1,4.0,2.0,56.0,28.0,0.0,0.0,0.0,10.0,SP,10.0,211.0,34.0,21.1,10.01,5.01,6.08,0.72,21.150372060024715,0.021668859096068083,7,0.875,-2.0,7,6,0,1,0.0,3.6572041995094073,0.06176267639688974,0.2621145374449339,0.1867704280155642,0.09533073929961089,0.38966480446927376,0.29089385474860335,0.18181818181818182,4.159,0.29893933610071804
665750,Leody Taveras,L,BAL,8,Nick Martínez,R,607259.0,824799,TB @ BAL,10:35 AM,23/08,Scheduled,0.5914748357420557,,,,False,1011011010,estimated,0,0,0.0,0,0,0.23900570561296253,0.27980941359690253,0.3868015074662716,0.3174757124936474,0.24777404740584244,20,1,0.036075036075036065,1.044,69.7,B,0.2610887096774194,4.549092448791299,0.33377579188546225,0.14497774193740653,20,5,0,0.20202020202020202,0.23809523809523808,0.6370519939424533,0.08884401817264008,0.2741039878849066,0.20432692307692307,0.2116788321167883,0.18248175182481752,0.20145044319097502,0.23529411764705882,212,0.21951219512195122,186,False,False,0.5577986075968906,0.03367622814516513,3.220183486238532,3.6513761467889907,109,,,,,,,0.016086527122849404,20,3.05,1.14,141.2,12.0,4.0,83.0,22.0,0.0,0.0,0.0,24.0,SP,24.0,574.0,139.0,23.9,5.27,1.4,8.83,1.08,23.978551309364683,-0.024060550027769967,7,0.7777777777777778,-9.0,7,7,1,1,0.0,3.5415312009368582,0.022860333132141676,0.2178477690288714,0.25116279069767444,0.08837209302325581,0.340964590964591,0.29074358974358977,0.23384615384615384,3.599,0.35527126214531163
592663,J. T. Realmuto,R,PHI,8,Kyle Leahy,R,681517.0,823421,STL @ PHI,10:35 AM,23/08,Scheduled,0.5914748357420557,,,,False,1000101011,estimated,0,0,0.0,0,0,0.2607894412691732,0.3709743946324993,0.4116923314784647,0.31378979221165504,0.2276935709733203,20,1,-0.03783497204549835,1.009,50.9,C,0.2713791398912506,5.156741470050302,0.47719615073820076,0.2453991430715861,20,5,0,0.25274725274725274,0.2149122807017544,0.39762611275964393,0.4629080118694362,0.1394658753709199,0.22792452830188678,0.19869281045751633,0.2076923076923077,0.21912013536379019,0.25,191,0.19727891156462585,171,False,False,0.6039337069574967,-0.01245887121544098,3.393617021276596,3.851063829787234,94,,,,,,,-0.032817146767167814,20,3.24,1.31,122.1,10.0,4.0,111.0,35.0,0.0,0.0,0.0,24.0,SP,24.0,516.0,125.0,21.5,8.17,2.57,9.2,0.88,21.03576736082412,0.016787664257944312,8,0.8888888888888888,30.0,7,6,1,1,0.0,4.1014189132368655,0.10162564583705722,0.22469135802469137,0.20607375271149675,0.0737527114967462,0.41639784946236563,0.3278935483870968,0.21645021645021645,3.599,0.3177910795995636
678391,Jorbit Vivas,L,WSH,6,Janson Junk,R,676083.0,823827,WSH @ MIA,10:40 AM,23/08,Scheduled,0.5911723410206561,,,,False,1111100000,estimated,0,0,0.0,0,0,0.1661586356311976,0.2664968524285985,0.011291739579111055,0.20945803127168602,0.11181064147430257,20,1,0.015166835187057637,1.0,43.5,D,0.24562584118438763,2.290293151423844,0.40292779088091113,0.1593153650261255,18,6,0,0.21739130434782608,0.23255813953488372,0.396900269541779,0.4238544474393531,0.1792452830188679,0.19343493552168817,0.19736842105263158,0.16475095785440613,0.18904475617902472,0.2076923076923077,155,0.25925925925925924,125,False,False,0.5835856405220117,0.007586700498644405,2.5591397849462365,3.010752688172043,93,,,,,,,-0.24947370195812918,20,4.37,1.36,92.2,6.0,8.0,66.0,26.0,0.0,0.0,0.0,18.0,SP,18.0,396.0,100.0,22.0,6.41,2.53,9.71,1.17,21.672989125014517,-0.007355674353989428,6,0.6666666666666666,14.0,6,6,0,1,0.0,2.918174731446583,0.11078828809454805,0.22336769759450173,0.15,0.09411764705882353,0.23784722222222224,0.28605416666666666,0.31277533039647576,3.896,0.2933916816693733
643217,Andrew Benintendi,L,CWS,4,Nolan Mclean,R,690997.0,824558,NYM @ CWS,11:10 AM,23/08,Scheduled,0.5902915792591211,,,,False,0111010111,estimated,0,0,0.0,0,0,0.2799628092198995,0.3418274585936868,0.4371053154465634,0.39824472756235413,0.22245279764281783,20,1,0.029350104821802947,0.968,65.0,B,0.29745762711864404,2.56170819340778,0.3733378210330505,0.25443068286436715,20,6,0,0.2222222222222222,0.25157232704402516,0.6350148367952523,0.30479016532428993,0.06019499788045782,0.23826979472140764,0.22100954979536153,0.2184557438794727,0.23007177937287496,0.23300970873786409,228,0.2733812949640288,157,False,False,0.6103235087046831,-0.02003192944556198,3.0530973451327434,3.4070796460176993,113,,,,,,,0.10978377601405842,20,3.34,1.16,142.2,9.0,8.0,162.0,54.0,0.0,0.0,0.0,25.0,SP,25.0,594.0,111.0,23.8,10.22,3.41,7.0,0.95,24.3209263779319,-0.005624912592454456,9,1.0,-7.0,6,7,1,1,0.0,3.253094191473544,0.08041189303260902,0.24725274725274726,0.2413793103448276,0.0812807881773399,0.4552005012531328,0.32303634085213034,0.23809523809523808,4.159,0.31752327777092226
553993,Eugenio Suárez,R,CIN,4,Mitch Bratt,L,683352.0,825043,CIN @ AZ,1:15 PM,23/08,Scheduled,0.5902894513992131,,,,False,1011000100,estimated,0,0,0.0,0,0,0.2585263537479951,0.33362909298073445,0.3921677423798377,0.3421796605441051,0.262085010840772,20,1,-0.01315789473684209,1.0,51.3,C,0.21839080459770116,1.0862234528650585,0.35800889244824735,0.14689901091676025,8,6,0,0.19736842105263158,0.21052631578947367,0.512396694214876,0.3867768595041322,0.10082644628099173,0.2047457627118644,0.2088167053364269,0.18149466192170818,0.20335749713849677,0.22549019607843138,229,0.18115942028985507,160,False,True,0.5660627201135799,0.02422673128563313,3.489795918367347,3.9693877551020407,98,,,,,,,-0.11872235872950664,20,4.17,1.47,36.2,1.0,2.0,25.0,22.0,0.0,0.0,0.0,8.0,SP,8.0,159.0,32.0,19.9,6.14,5.4,7.85,1.23,20.051254470054868,-0.044539451399213004,6,0.8571428571428571,24.0,6,8,0,1,0.0,3.8362599857291517,0.17082553590697983,0.20567375886524822,0.3522012578616352,0.09643605870020965,0.376797385620915,0.3174516339869281,0.22916666666666666,4.159,0.3095974491054189
665052,Griffin Conine,L,MIA,4,Jackson Kent,L,800600.0,823827,WSH @ MIA,10:40 AM,23/08,Scheduled,0.5902295387798969,,,,False,1101011000,estimated,0,0,0.0,0,0,0.2505939484541704,0.3329980740802673,0.5441911983463805,0.32995628533783644,0.3182172023694609,20,1,0.00447154471544714,1.0,50.0,C,0.2037037037037037,,,,2,5,0,0.26666666666666666,0.2621951219512195,0.4567901234567901,0.3333333333333333,0.20987654320987653,0.2427536231884058,0.22911694510739858,0.19927536231884058,0.2294820717131474,0.26262626262626265,114,0.2625,92,False,True,0.5875636952365507,0.0026658435433462024,2.8870967741935485,3.3225806451612905,62,,,,,,,-0.01247225792968427,20,9.39,2.48,7.2,0.0,1.0,9.0,8.0,0.0,0.0,0.0,2.0,SP,2.0,41.0,11.0,20.5,10.57,9.39,12.91,1.17,,-0.0071962054465635195,6,0.6666666666666666,4.0,7,6,0,1,0.0,3.731086597997263,0.17463488115386502,0.2621082621082621,0.30456852791878175,0.09644670050761421,0.4805194805194805,0.3361948051948052,0.38461538461538464,4.159,0.3089246745074752
672960,Kazuma Okamoto,R,TOR,5,Carlos Rodón,L,607074.0,823507,TOR @ NYY,10:35 AM,23/08,Scheduled,0.5891618157085793,,,,False,1011111111,estimated,0,0,0.0,0,0,0.2433790095132213,0.3800307243386074,0.34878251563343937,0.32444640706622785,0.26468752332994866,20,1,-0.0023618538324420846,1.007,60.8,C,0.2695749440715884,2.047682005023973,0.3560892251741468,0.2653772512162215,10,5,0,0.22794117647058823,0.23030303030303031,0.5816554809843401,0.2684563758389262,0.14988814317673377,0.20794288264167782,0.24444444444444444,0.2422907488986784,0.22398632144601857,0.25,307,0.2,209,True,False,0.610016499394319,-0.020854683685739728,3.728,4.128,125,,,,,,,0.3175926912254159,20,3.22,1.23,50.1,4.0,2.0,56.0,28.0,0.0,0.0,0.0,10.0,SP,10.0,211.0,34.0,21.1,10.01,5.01,6.08,0.72,21.150372060024715,0.020052470005706424,7,0.875,-2.0,7,6,0,1,0.0,4.242743847161481,0.046240683064379076,0.226457399103139,0.3002028397565923,0.07910750507099391,0.4368008948545861,0.3235771812080537,0.18181818181818182,4.024,0.29893933610071804
682663,Agustín Ramírez,R,MIA,6,Jackson Kent,L,800600.0,823827,WSH @ MIA,10:40 AM,23/08,Scheduled,0.5891449075601722,,,,False,0100011000,estimated,0,0,0.0,0,0,0.19632217795779866,0.271044558170657,0.3826988105856018,0.3201844829002269,0.2821197213260021,20,1,0.011240465676435163,1.0,50.0,C,0.2037037037037037,,,,2,5,0,0.24528301886792453,0.23404255319148937,0.4567901234567901,0.3333333333333333,0.20987654320987653,0.2332814930015552,0.28792569659442724,0.2857142857142857,0.25643300798580304,0.23809523809523808,98,0.23809523809523808,71,False,True,0.5891449075601722,0.0,3.2666666666666666,3.7555555555555555,45,,,,,,,-0.16029269084816505,20,9.39,2.48,7.2,0.0,1.0,9.0,8.0,0.0,0.0,0.0,2.0,SP,2.0,41.0,11.0,20.5,10.57,9.39,12.91,1.17,,-0.018261574226838828,6,0.6666666666666666,4.0,7,6,0,1,0.0,3.1490390027734763,0.1840795200112108,0.2242562929061785,0.20570264765784113,0.07739307535641547,0.43898809523809523,0.30343675595238095,0.3,3.896,0.3089246745074752
680700,Richie Palacios,L,TB,8,Shane Baz,R,669358.0,824799,TB @ BAL,10:35 AM,23/08,Scheduled,0.5888623975937582,,,,False,1111011100,estimated,5,0,0.0,1,2026,0.21058722867081997,0.3299487335124441,0.3753246484786908,0.2843580396013568,0.1672520334331798,20,1,0.01793525809273841,1.044,51.9,C,0.2649895178197065,3.2306202831341575,0.4528980766397656,0.22317769152869565,20,5,0,0.2222222222222222,0.24015748031496062,0.5848421052631579,0.328,0.0871578947368421,0.2637795275590551,0.2158154859967051,0.24495677233429394,0.2457286432160804,0.25157232704402516,184,0.22123893805309736,132,False,False,0.5447879876906123,0.04407440990314593,2.893617021276596,3.3617021276595747,94,,,,,,,0.031856716674089104,20,4.02,1.35,145.2,4.0,13.0,132.0,49.0,0.0,0.0,0.0,25.0,SP,25.0,623.0,147.0,24.9,8.16,3.03,9.08,0.68,24.593125087617327,-0.03042906426042491,6,0.75,-1.0,6,7,1,1,0.0,3.390869180469768,0.09969992865005328,0.23964497041420119,0.1751269035532995,0.116751269035533,0.30359355638166047,0.30656226765799255,0.28307692307692306,3.599,0.34657661314523724
680574,Matt Mclain,R,CIN,7,Mitch Bratt,L,683352.0,825043,CIN @ AZ,1:15 PM,23/08,Scheduled,0.5888454894453511,,,,False,0101001101,estimated,0,0,0.0,0,0,0.22837026057781915,0.3598592366511545,0.38847408693793395,0.2994245506588429,0.24803614222662504,20,1,0.018973214285714274,1.0,51.3,C,0.21839080459770116,1.0862234528650585,0.35800889244824735,0.14689901091676025,8,6,0,0.21428571428571427,0.1953125,0.512396694214876,0.3867768595041322,0.10082644628099173,0.21467391304347827,0.18082788671023964,0.1934156378600823,0.20144157814871017,0.21212121212121213,226,0.18309859154929578,164,False,True,0.5737016881231263,0.015143801322224815,3.366336633663366,3.8613861386138613,101,,,,,,,-0.08095304391010426,20,4.17,1.47,36.2,1.0,2.0,25.0,22.0,0.0,0.0,0.0,8.0,SP,8.0,159.0,32.0,19.9,6.14,5.4,7.85,1.23,20.051254470054868,-0.03461215611201773,6,0.8571428571428571,24.0,6,8,0,1,0.0,3.8027536628178464,0.10141309750614212,0.20595533498759305,0.28695652173913044,0.10652173913043478,0.4114391143911439,0.3233019680196802,0.22916666666666666,3.76,0.3095974491054189
808959,Munetaka Murakami,L,CWS,2,Nolan Mclean,R,690997.0,824558,NYM @ CWS,11:10 AM,23/08,Scheduled,0.5887834489661269,,,,False,0111010001,estimated,0,0,0.0,0,0,0.13535883146079322,0.4088618572741799,0.602877366655187,0.3407401363772488,0.3762004043305109,20,1,0.06171653199388513,0.968,65.0,B,0.29745762711864404,2.56170819340778,0.3733378210330505,0.25443068286436715,20,6,0,0.17894736842105263,0.24066390041493776,0.6350148367952523,0.30479016532428993,0.06019499788045782,0.23629893238434163,0.18874458874458874,0.21822033898305085,0.21466140696909927,0.22797927461139897,237,0.21678321678321677,170,True,False,0.6101888238641866,-0.021405374898059715,3.6129032258064515,4.376344086021505,93,,,,,,,-0.10154233703165272,20,3.34,1.16,142.2,9.0,8.0,162.0,54.0,0.0,0.0,0.0,25.0,SP,25.0,594.0,111.0,23.8,10.22,3.41,7.0,0.95,24.3209263779319,0.01313877325609536,9,1.0,-7.0,6,7,1,1,0.0,4.474856241199311,0.12908346165195425,0.2231638418079096,0.32634032634032634,0.15151515151515152,0.588006230529595,0.34904906542056074,0.23809523809523808,4.35,0.31752327777092226
543760,Marcus Semien,R,NYM,7,Sean Newcomb,L,656794.0,824558,NYM @ CWS,11:10 AM,23/08,Scheduled,0.5835856405220117,,,,False,1001010111,estimated,6,1,0.16666666666666666,1,2023,0.2237072423155894,0.316481907831372,0.19717106560052458,0.31666421824875185,0.17514604170791034,20,1,-0.030279720279720285,0.968,55.2,C,0.31092436974789917,1.6260385576634193,0.43117312853954626,0.1981716787707174,20,4,0,0.19,0.2202797202797203,0.6103286384976526,0.3615023474178404,0.028169014084507043,0.22161315583398591,0.179,0.22105263157894736,0.20474892954456989,0.20276497695852536,235,0.22485207100591717,191,False,False,0.6031921911187128,-0.019606550596701133,3.541284403669725,3.908256880733945,109,,,,,,,0.10786604431699434,20,2.44,1.1,70.0,1.0,3.0,64.0,27.0,4.0,1.0,5.0,3.0,RP,47.0,283.0,50.0,6.0,8.23,3.47,6.43,0.26,5.7735912865978,-0.009299926236297273,7,0.7,4.0,7,6,1,1,0.0,3.832113804032087,0.07218459479741499,0.2261904761904762,0.21153846153846154,0.07692307692307693,0.35119418483904463,0.3209984423676012,0.176056338028169,3.76,0.3101829758388469
665877,José Fermín,R,STL,8,Cristopher Sánchez,L,650911.0,823421,STL @ PHI,10:35 AM,23/08,Scheduled,0.5835856405220117,,,,False,1010011110,estimated,0,0,0.0,0,0,0.3059870280162696,0.3588866290037056,0.37523817801694553,0.3520304583070099,0.10336594640686696,20,1,0.08567239212400501,1.009,74.1,B,0.3269230769230769,4.4228841667261145,0.39883889367637504,0.2720092720150654,20,6,0,0.2792207792207792,0.1935483870967742,0.4326923076923077,0.19147157190635453,0.3758361204013378,0.2548076923076923,0.25044091710758376,0.2791666666666667,0.2566323768272875,0.24,139,0.2540983606557377,142,False,False,0.5819372194372603,0.0016484210847513836,2.7444444444444445,3.1222222222222222,90,,,,,,,-0.0037350731910922646,20,2.51,1.22,161.2,16.0,4.0,187.0,38.0,0.0,0.0,0.0,26.0,SP,26.0,673.0,159.0,25.9,10.41,2.12,8.85,0.72,25.459309618756684,-0.012298140522011614,8,1.0,-11.0,7,8,1,1,0.0,3.3561519015379515,0.11008090633321718,0.2389937106918239,0.12154696132596685,0.09116022099447514,0.31204379562043794,0.28254379562043797,0.2943722943722944,3.599,0.3358313490026647
642201,Eli White,R,BOS,9,Matthew Wilkinson,L,683363.0,824720,SF @ BOS,12:15 PM,23/08,Scheduled,0.5835856405220117,,,,False,1000011011,estimated,0,0,0.0,0,0,0.3153346524741957,0.2373384638873224,0.15713876517625783,0.4126207095261583,0.20044127883735904,20,1,-0.005912334352701304,1.063,50.0,C,0.12,,,,1,4,0,0.23853211009174313,0.24444444444444444,0.76,0.12,0.12,0.2427843803056027,0.2222222222222222,0.23115577889447236,0.23609845031905197,0.25,89,0.22857142857142856,77,False,True,0.528833440596337,0.054752199925674705,2.298507462686567,2.4776119402985075,67,,,,,,,-0.018545509667733044,20,0.0,0.5,2.0,0.0,0.0,0.0,0.0,0.0,0.0,0.0,1.0,SP,1.0,7.0,1.0,7.0,0.0,0.0,4.5,0.0,,-0.01472564052201164,5,0.625,-18.0,7,6,1,1,0.0,2.3942561089849193,0.031230762029832593,0.24295774647887325,0.2459016393442623,0.04918032786885246,0.35805422647527907,0.3039066985645933,,3.443,0.31661443448442295
691026,Masyn Winn,R,STL,5,Cristopher Sánchez,L,650911.0,823421,STL @ PHI,10:35 AM,23/08,Scheduled,0.5835856405220117,,,,False,1000011100,estimated,6,1,0.16666666666666666,1,2023,0.2031718262563626,0.32454632295277985,0.33224979351778966,0.3415035656509513,0.37440776829705574,20,3,0.06644518272425248,1.009,74.1,B,0.3269230769230769,4.4228841667261145,0.39883889367637504,0.2720092720150654,20,6,0,0.2857142857142857,0.21926910299003322,0.4326923076923077,0.19147157190635453,0.3758361204013378,0.2287117903930131,0.24434876210979548,0.2795031055900621,0.23749596644078735,0.2425531914893617,264,0.234375,221,False,False,0.5890534584030176,-0.005467817881005921,3.588235294117647,4.07563025210084,119,,,,,,,-0.1794075020311204,20,2.51,1.22,161.2,16.0,4.0,187.0,38.0,0.0,0.0,0.0,26.0,SP,26.0,673.0,159.0,25.9,10.41,2.12,8.85,0.72,25.459309618756684,0.0005643594779882743,8,1.0,-11.0,7,8,1,1,0.0,3.8077804355563063,0.07661957330960027,0.23842592592592593,0.21428571428571427,0.08979591836734693,0.35310907237512745,0.32766666666666666,0.2943722943722944,4.024,0.3358313490026647
682987,Spencer Jones,L,NYY,5,José Soriano,R,667755.0,823507,TOR @ NYY,10:35 AM,23/08,Scheduled,0.5829930608523443,,,,False,1011011110,estimated,0,0,0.0,0,0,0.22976343023609602,0.31109297937506264,0.4609967586779455,0.35418128132855525,0.3488341753025363,20,1,-0.10562041813738801,1.007,47.1,D,0.2990570273911091,1.9604499382654452,0.4127342812005071,0.20030481371733286,20,5,0,0.3103448275862069,0.2047244094488189,0.5071877807726864,0.29829290206648695,0.1945193171608266,0.25069637883008355,0.23636363636363636,0.1813186813186813,0.23916408668730652,0.2653061224489796,107,0.15517241379310345,68,True,False,0.5829930608523443,0.0,2.888888888888889,3.240740740740741,54,,,,,,,0.11234384130006309,20,3.23,1.26,139.1,10.0,6.0,136.0,62.0,0.0,0.0,0.0,25.0,SP,25.0,578.0,114.0,23.1,8.78,4.0,7.36,0.84,22.62889352772783,0.00024693914765572256,5,0.7142857142857143,14.0,6,6,0,1,0.0,3.7898047524000655,0.06512752740866859,0.2413793103448276,0.3434343434343434,0.10101010101010101,0.5566037735849056,0.32761320754716977,0.23465703971119134,4.024,0.2754509417413957
800325,Luis Lara,L,MIL,7,Tyler Mahle,R,641816.0,823745,ATL @ MIL,4:10 PM,23/08,Scheduled,0.5825111734719668,,,,False,1011011011,estimated,0,0,0.0,0,0,0.25784584996163096,0.3490569305849952,0.42094730308944145,0.3459424637487135,0.24877906286177784,20,1,0.0064102564102563875,0.97,60.6,C,0.27756653992395436,3.0289631323485198,0.39199226013950095,0.23036753354190345,20,5,0,0.25,0.2564102564102564,0.6612289287656336,0.06960304513322457,0.26916802610114193,0.20470588235294118,0.2222222222222222,0.125,0.20320855614973263,0.18518518518518517,61,0.3269230769230769,59,True,False,0.6073470968639688,-0.024835923392002024,3.212121212121212,3.6363636363636362,33,,,,,,,-0.08820674224486909,20,4.53,1.31,113.1,4.0,10.0,108.0,40.0,0.0,0.0,0.0,21.0,SP,21.0,473.0,108.0,22.5,8.58,3.18,8.58,1.27,22.793834918153358,-0.006444506805300176,6,0.8571428571428571,2.0,7,6,0,1,1.0,3.89860623246608,0.05094040510910459,0.2631578947368421,0.20270270270270271,0.08783783783783784,0.4174757281553398,0.28793203883495144,0.22317596566523606,3.76,0.3036459088611165
641680,Jonah Heim,L,ATH,7,Cristian Javier,R,664299.0,824150,ATH @ HOU,11:10 AM,23/08,Scheduled,0.5812919887316544,,,,False,0001000000,estimated,16,2,0.125,1,2022,0.08844540019477334,0.19479070684787847,0.3024827171879825,0.1063072227378663,0.15511558978623297,20,1,-0.016489858736876833,0.998,32.0,F,0.2557427258805513,2.379728961490607,0.40546030262308264,0.21912882684412355,11,5,0,0.2111801242236025,0.19469026548672566,0.5773353751914242,0.26339969372128635,0.15926493108728942,0.1900414937759336,0.18410041841004185,0.20984455958549222,0.19236346060898984,0.21604938271604937,176,0.1875,126,False,False,0.5832862224071905,-0.0019942336755360834,3.382716049382716,3.728395061728395,81,,,,,,,-0.23610670757400476,20,6.44,1.68,36.1,1.0,4.0,30.0,17.0,0.0,0.0,0.0,7.0,SP,11.0,167.0,44.0,15.2,7.43,4.21,10.9,1.73,15.711753290328298,-0.010611988731654365,5,0.7142857142857143,3.0,7,7,1,1,0.0,3.8243570614790783,0.12221093052629528,0.20103092783505155,0.17511520737327188,0.08755760368663594,0.3333867521367521,0.273198717948718,0.27941176470588236,3.76,0.3165325977328633
695731,Braden Montgomery,L,CWS,5,Nolan Mclean,R,690997.0,824558,NYM @ CWS,11:10 AM,23/08,Scheduled,0.5812919887316544,,,,False,1011110101,estimated,0,0,0.0,0,0,0.2134078561739675,0.3418447840950898,0.4609759739247139,0.3076666606191354,0.2554090393831971,20,1,0.07624633431085043,0.968,65.0,B,0.29745762711864404,2.56170819340778,0.3733378210330505,0.25443068286436715,20,6,0,0.18181818181818182,0.25806451612903225,0.6350148367952523,0.30479016532428993,0.06019499788045782,0.25546448087431695,0.2554945054945055,0.18110236220472442,0.23204787234042554,0.25210084033613445,136,0.21568627450980393,116,True,False,0.6059460788492412,-0.02465409011758679,3.622950819672131,4.131147540983607,61,,,,,,,-0.007176882036236356,20,3.34,1.16,142.2,9.0,8.0,162.0,54.0,0.0,0.0,0.0,25.0,SP,25.0,594.0,111.0,23.8,10.22,3.41,7.0,0.95,24.3209263779319,0.004219122379456763,9,1.0,-7.0,6,7,1,1,0.0,4.284100194790537,0.11679014865928318,0.23529411764705882,0.2222222222222222,0.10714285714285714,0.4156565656565656,0.32155555555555554,0.23809523809523808,4.024,0.31752327777092226
696285,Jacob Young,R,WSH,9,Janson Junk,R,676083.0,823827,WSH @ MIA,10:40 AM,23/08,Scheduled,0.5812919887316544,,,,False,0111110100,estimated,0,0,0.0,0,0,0.27116654015551944,0.3070726030524939,0.20985469539377646,0.3351902220095637,0.15357419013366636,20,1,-0.1107334525939177,1.0,43.5,D,0.24562584118438763,2.290293151423844,0.40292779088091113,0.1593153650261255,18,6,0,0.3153846153846154,0.20465116279069767,0.396900269541779,0.4238544474393531,0.1792452830188679,0.2463450292397661,0.20838627700127066,0.24528301886792453,0.23388429752066114,0.24878048780487805,226,0.24285714285714285,160,False,False,0.5809925706168333,0.00029941811482114833,3.2857142857142856,3.676190476190476,105,,,,,,,0.08551870750852837,20,4.37,1.36,92.2,6.0,8.0,66.0,26.0,0.0,0.0,0.0,18.0,SP,18.0,396.0,100.0,22.0,6.41,2.53,9.71,1.17,21.672989125014517,-0.005525322064987681,6,0.6666666666666666,14.0,6,6,0,1,0.0,3.6117448136192296,0.09743452063992734,0.24031007751937986,0.18013856812933027,0.07390300230946882,0.3465480043149946,0.319571736785329,0.2116788321167883,3.443,0.2933916816693733
665926,Andrés Giménez,L,TOR,7,Carlos Rodón,L,607074.0,823507,TOR @ NYY,10:35 AM,23/08,Scheduled,0.5805169397964307,,,,False,1110111101,estimated,0,0,0.0,0,0,0.278714008158448,0.2902501620130044,0.20544356000111025,0.3696673938510024,0.1769530571954813,20,3,0.13260915867944623,1.007,60.8,C,0.2695749440715884,2.047682005023973,0.3560892251741468,0.2653772512162215,10,5,0,0.3466666666666667,0.21405750798722045,0.5816554809843401,0.2684563758389262,0.14988814317673377,0.24849296718017413,0.22816901408450704,0.20580474934036938,0.23599845500193126,0.2619047619047619,225,0.21348314606741572,197,False,False,0.614339869125784,-0.03382292932935327,3.288135593220339,3.5762711864406778,118,,,,,,,0.18619747111979068,20,3.22,1.23,50.1,4.0,2.0,56.0,28.0,0.0,0.0,0.0,10.0,SP,10.0,211.0,34.0,21.1,10.01,5.01,6.08,0.72,21.150372060024715,0.025554488774997997,7,0.875,-2.0,7,6,0,1,0.0,3.7995071753384067,0.019714290912122158,0.2436548223350254,0.1888111888111888,0.030303030303030304,0.23019169329073483,0.2855654952076678,0.2127659574468085,3.76,0.29893933610071804
673548,Seiya Suzuki,R,CHC,2,Bryce Miller,R,682243.0,823099,CHC @ SEA,1:10 PM,23/08,Scheduled,0.5805169397964307,,,,False,1011110011,estimated,0,0,0.0,0,0,0.2244013220577347,0.30074872137605724,0.24801244381702797,0.32514068550696845,0.2867933262318899,20,1,-0.012386540293866932,0.906,85.0,A,0.2763929618768328,4.416297031102123,0.33474950669481807,0.2356656283528452,16,5,0,0.2753623188405797,0.2629757785467128,0.5308823529411765,0.21176470588235294,0.25735294117647056,0.25896201177100053,0.1915351506456241,0.31186440677966104,0.23780317814329524,0.24789915966386555,272,0.291005291005291,220,False,False,0.6163796567872025,-0.035862716990771815,3.8125,4.392857142857143,112,,,,,,,-0.1412998929809784,20,3.71,1.04,89.2,4.0,7.0,87.0,18.0,0.0,0.0,0.0,15.0,SP,16.0,354.0,75.0,22.1,8.73,1.81,7.53,1.51,22.507979657232802,0.024303060203569316,5,0.7142857142857143,-15.0,7,6,0,1,0.0,4.489773062118207,0.11402057607542436,0.26419213973799127,0.2633587786259542,0.1049618320610687,0.3921875,0.346753125,0.20408163265306123,4.35,0.36505908439439927
669394,Jake Burger,R,TEX,6,Yusei Kikuchi,L,579328.0,822856,LAA @ TEX,11:35 AM,23/08,Scheduled,0.5798458989178844,,,,False,1001111000,estimated,6,1,0.16666666666666666,1,2023,0.2436632384856445,0.3382490718570869,0.4445710625258788,0.32112472132598135,0.2456419821904974,20,1,-0.005183531746031755,0.964,45.5,D,0.2768959435626102,2.188815860691523,0.4048168019092623,0.22109339133906597,7,116,0,0.2265625,0.23174603174603176,0.4532627865961199,0.32451499118165783,0.2222222222222222,0.19556962025316454,0.20109119251753702,0.20603015075376885,0.1976850441669205,0.2066420664206642,296,0.26744186046511625,189,False,False,0.5845496575855578,-0.004703758667673363,3.6311475409836067,3.9754098360655736,122,,,,,,,-0.028485270306703316,20,5.81,1.58,31.0,0.0,3.0,33.0,14.0,0.0,0.0,0.0,7.0,SP,7.0,142.0,35.0,20.3,9.58,4.06,10.16,0.87,19.780255688872202,-0.005660184632170218,7,0.875,-5.0,5,6,1,1,0.0,3.541398500615111,0.06170189180514864,0.22811059907834103,0.2605042016806723,0.07563025210084033,0.4627956989247312,0.3212725806451613,0.28421052631578947,3.896,0.27482262244009203
683737,Michael Busch,L,CHC,4,Bryce Miller,R,682243.0,823099,CHC @ SEA,1:10 PM,23/08,Scheduled,0.5798458989178844,,,,False,0111101011,estimated,0,0,0.0,0,0,0.2504997847348287,0.3340122534145874,0.42514901686273415,0.3957675117091358,0.25959956297870385,20,1,-0.06006534305101782,0.906,85.0,A,0.2763929618768328,4.416297031102123,0.33474950669481807,0.2356656283528452,16,5,0,0.2826086956521739,0.22254335260115607,0.5308823529411765,0.21176470588235294,0.25735294117647056,0.22780126849894292,0.2498011137629276,0.19306930693069307,0.2307896131425543,0.2536231884057971,322,0.22115384615384615,248,False,False,0.6007738443843434,-0.02092794546645904,3.811023622047244,4.488188976377953,127,,,,,,,0.07776158330308904,20,3.71,1.04,89.2,4.0,7.0,87.0,18.0,0.0,0.0,0.0,15.0,SP,16.0,354.0,75.0,22.1,8.73,1.81,7.53,1.51,22.507979657232802,0.001114101082115515,5,0.7142857142857143,-15.0,7,6,0,1,0.0,4.269242289902659,0.047475828554723036,0.24618736383442266,0.23105360443622922,0.11829944547134935,0.3994011976047904,0.32422155688622756,0.24193548387096775,4.159,0.36505908439439927
814439,Ryan Waldschmidt,R,AZ,9,Andrew Abbott,L,671096.0,825043,CIN @ AZ,1:15 PM,23/08,Scheduled,0.5798458989178844,,,,False,1000101111,estimated,0,0,0.0,0,0,0.26643270704680216,0.34783396060942856,0.1860174208114545,0.32032598446915633,0.168862681271828,20,1,0.20303915838690823,1.0,49.9,D,0.2634062634062634,1.614914505910002,0.37893513609110047,0.1857686772115637,20,5,0,0.423728813559322,0.2206896551724138,0.4732758620689655,0.33491379310344827,0.19181034482758622,0.2542134831460674,0.2613168724279835,0.22727272727272727,0.2533234859675037,0.24324324324324326,118,0.3225806451612903,112,True,False,0.5795464808030634,0.0002994181148210373,3.2903225806451615,3.7096774193548385,62,,,,,,,-0.006621711695553044,20,4.07,1.4,139.1,6.0,8.0,108.0,66.0,0.0,0.0,0.0,26.0,SP,26.0,604.0,129.0,23.2,6.98,4.26,8.33,1.16,23.725345331236536,-0.00756256558455104,6,0.75,17.0,7,6,0,1,0.0,3.8817549430575395,0.11423872666241294,0.28054298642533937,0.27309236947791166,0.06827309236947791,0.3202614379084967,0.3411503267973856,0.24795640326975477,3.443,0.33973137388084745
683766,Christian Koss,R,SF,9,Jake Bennett,L,687562.0,824720,SF @ BOS,12:15 PM,23/08,Scheduled,0.5798204179522325,,,,False,1111110010,estimated,0,0,0.0,0,0,0.19483813144218226,0.3200777040358679,0.42017141459189633,0.28436613974112357,0.3271426933048531,20,1,-0.012500000000000011,1.063,76.8,B,0.2651122625215889,4.028130048827293,0.36451727300853143,0.19775688637704386,14,9,0,0.1875,0.2,0.6335944299390774,0.10356832027850305,0.2628372497824195,0.14057507987220447,0.19148936170212766,0.12903225806451613,0.15221579961464354,0.14285714285714285,52,0.25,50,False,True,0.5554011952377822,0.024419222714450295,2.8529411764705883,3.0,34,,,,,,,-0.0756408221395081,20,3.46,1.07,80.2,7.0,6.0,61.0,17.0,0.0,0.0,0.0,14.0,SP,14.0,323.0,69.0,23.1,6.81,1.9,7.7,0.67,23.22146353846782,-0.017270417952232497,8,1.0,15.0,7,6,1,1,0.0,3.5257963775647987,0.03953125714906272,0.2403846153846154,0.2403560830860534,0.04747774480712166,0.3181818181818182,0.2870649350649351,0.25112107623318386,3.443,0.30905501389165657
694378,Jacob Gonzalez,L,PIT,7,Blake Snell,L,605483.0,823909,PIT @ LAD,1:10 PM,23/08,Scheduled,0.5787714318678396,,,,False,0101100010,estimated,0,0,0.0,0,0,0.23780284333514323,0.2826750044321477,0.2796412623895487,0.25502847934212164,0.11597926262543516,20,2,-0.010879848628193023,0.973,70.0,B,0.3426294820717131,,,,3,6,0,0.21428571428571427,0.2251655629139073,0.47808764940239046,0.36254980079681276,0.1593625498007968,0.18973561430793157,0.19655172413793104,0.20689655172413793,0.19341216216216217,0.17708333333333334,103,0.2898550724637681,76,True,False,0.5905909973739422,-0.011819565506102525,2.75,2.9833333333333334,60,,,,,,,-0.1841484567139573,20,3.6,1.13,15.0,1.0,1.0,20.0,6.0,0.0,0.0,0.0,3.0,SP,3.0,63.0,11.0,21.0,12.0,3.6,6.6,0.0,,-0.013285717582125267,7,0.875,7.0,7,6,0,1,0.0,2.731601525539994,0.011828574547273298,0.22807017543859648,0.17204301075268819,0.04838709677419355,0.3645083932853717,0.3050935251798561,0.14285714285714285,3.76,0.3201230377596863
687401,Joey Ortiz,R,MIL,8,Tyler Mahle,R,641816.0,823745,ATL @ MIL,4:10 PM,23/08,Scheduled,0.5776307049446392,,,,False,1111011101,estimated,0,0,0.0,0,0,0.3044371220701196,0.31860353223152654,0.5423957888770781,0.4171791859455302,0.30000797237537574,20,1,0.052204712283763666,0.97,60.6,C,0.27756653992395436,3.0289631323485198,0.39199226013950095,0.23036753354190345,20,5,0,0.21487603305785125,0.2670807453416149,0.6612289287656336,0.06960304513322457,0.26916802610114193,0.21912350597609562,0.2199630314232902,0.20987654320987653,0.22022080185938409,0.22695035460992907,157,0.2624113475177305,163,False,False,0.5890534584030176,-0.011422753458378399,3.0,3.404255319148936,94,,,,,,,0.206925008028204,20,4.53,1.31,113.1,4.0,10.0,108.0,40.0,0.0,0.0,0.0,21.0,SP,21.0,473.0,108.0,22.5,8.58,3.18,8.58,1.27,22.793834918153358,-0.019697371611305803,6,0.8571428571428571,2.0,7,6,0,1,1.0,3.7863627117074174,0.06032388699541067,0.24786324786324787,0.1884422110552764,0.08793969849246232,0.3508454106280193,0.29495652173913045,0.2931937172774869,3.599,0.3036459088611165
669242,Tommy Edman,L,LAD,7,Lake Bachar,R,669199.0,823909,PIT @ LAD,1:10 PM,23/08,Scheduled,0.5766857490351489,,,,False,1001001110,estimated,0,0,0.0,0,0,0.17601183287249492,0.26748997515990497,0.29387969419565035,0.26050417936399106,0.22237215356641749,20,1,0.05634171907756813,0.973,76.7,B,0.29345955249569705,2.0371862747118805,0.19430155911553884,0.23202256149901138,20,2,0,0.2361111111111111,0.29245283018867924,0.3324720068906115,0.5796726959517657,0.08785529715762273,0.25035360678925034,0.20195439739413681,0.23674911660777384,0.235929067077872,0.2621359223300971,114,0.28,85,False,False,0.598262107907607,-0.021576358872458123,3.423076923076923,3.826923076923077,52,,,,,,,-0.04621104900535543,20,3.75,1.11,69.2,1.0,2.0,73.0,27.0,2.0,1.0,3.0,5.0,RP,43.0,287.0,50.0,6.7,9.43,3.49,6.46,1.55,7.127470383054632,-0.002471463320863232,7,0.7777777777777778,2.0,7,6,0,1,0.0,3.939019083329123,0.06444766574021926,0.23708920187793428,0.19402985074626866,0.05970149253731343,0.37885572139303486,0.3296497512437811,0.22142857142857142,3.76,0.3150018895415111
592626,Joc Pederson,L,TEX,1,Yusei Kikuchi,L,579328.0,822856,LAA @ TEX,11:35 AM,23/08,Scheduled,0.5766219249541911,,,,False,1000000000,estimated,0,0,0.0,0,0,0.14517532027622645,0.27794197902506407,0.6078191188785291,0.2129901997586708,0.2388261976439836,20,1,-0.24085365853658536,0.964,45.5,D,0.2768959435626102,2.188815860691523,0.4048168019092623,0.22109339133906597,7,116,0,0.0,0.24085365853658536,0.4532627865961199,0.32451499118165783,0.2222222222222222,0.24276315789473685,0.232163080407701,0.26791808873720135,0.24459234608985025,0.24545454545454545,257,0.22123893805309736,130,False,False,0.5764861611055982,0.0001357638485928181,2.8461538461538463,3.3076923076923075,117,,,,,,,-0.2690783424062762,20,5.81,1.58,31.0,0.0,3.0,33.0,14.0,0.0,0.0,0.0,7.0,SP,7.0,142.0,35.0,20.3,9.58,4.06,10.16,0.87,19.780255688872202,-0.004750496382762481,7,0.875,-5.0,5,6,1,1,0.0,2.791941414323145,0.12243728586504635,0.2359882005899705,0.2366412213740458,0.11195928753180662,0.5121951219512195,0.33532113821138215,0.27586206896551724,4.442,0.27482262244009203
593428,Xander Bogaerts,R,SD,8,Bailey Ober,R,641927.0,823258,MIN @ SD,1:10 PM,23/08,Scheduled,0.5764861611055982,,,,False,1110100101,estimated,8,2,0.25,1,2022,0.2457847597708558,0.34777309959109115,0.5321190277886694,0.30771355723145327,0.18227263443532435,20,1,-0.056410256410256376,0.954,56.7,C,0.25828220858895706,2.8287635281410783,0.3739481216195093,0.15725179508864376,19,6,0,0.2564102564102564,0.2,0.35337423312883437,0.3042944785276074,0.3423312883435583,0.2225877192982456,0.21082089552238806,0.2037914691943128,0.21617558628983763,0.22868217054263565,295,0.1949685534591195,191,False,False,0.5710988544449703,0.005387306660627922,3.418032786885246,3.9836065573770494,122,,,,,,,0.006840233641855589,20,4.62,1.25,103.1,7.0,4.0,71.0,26.0,0.0,0.0,0.0,19.0,SP,19.0,435.0,103.0,22.9,6.18,2.26,8.97,1.48,22.964160669631656,-0.02478616110559828,8,1.0,-7.0,7,6,0,1,0.0,3.80650220820667,0.12684156618210599,0.2176039119804401,0.18410041841004185,0.12133891213389121,0.40233644859813084,0.3073042575285566,0.26704545454545453,3.599,0.34798770018869873
686555,Isaac Collins,L,KC,7,,R,,824071,DET @ KC,11:10 AM,23/08,Scheduled,0.5762557547124053,,,,False,0010000011,estimated,0,0,0.0,0,0,0.13694806149763203,0.24018142131406356,0.42756114516496047,0.15827299687009547,0.1528160976031724,20,2,0.05413568773234201,1.028,,,,,,,0,0,0,0.1875,0.241635687732342,,,,0.21510883482714468,0.23046875,0.21336206896551724,0.2183320220298977,0.22926829268292684,231,0.225,197,False,False,0.5450993002557746,0.031156454456630733,3.1739130434782608,3.7217391304347824,115,,,,,,,-0.12474098806934078,20,,,,,,,,,,,,,,,,,,,,,,-0.010155754712405374,7,0.7777777777777778,-5.0,6,7,1,1,0.0,3.5148674669062685,0.13996008527778328,0.22340425531914893,0.22272727272727272,0.1159090909090909,0.3971822541966427,0.2995035971223022,,3.76,0.28642942170052615
571970,Max Muncy,L,LAD,4,Lake Bachar,R,669199.0,823909,PIT @ LAD,1:10 PM,23/08,Scheduled,0.5752576994533508,,,,False,0110111011,estimated,0,0,0.0,0,0,0.29244930310297945,0.3540773903419193,0.6680359839777333,0.4562554975777915,0.298165714589301,20,1,0.012032695738766003,0.973,76.7,B,0.29345955249569705,2.0371862747118805,0.19430155911553884,0.23202256149901138,20,2,0,0.24675324675324675,0.25878594249201275,0.3324720068906115,0.5796726959517657,0.08785529715762273,0.27054263565891473,0.22788461538461538,0.2507598784194529,0.25083500334001335,0.2772727272727273,249,0.22941176470588234,196,False,False,0.5925852310494784,-0.017327531596127543,3.305084745762712,3.7711864406779663,118,,,,,,,0.04767137499840081,20,3.75,1.11,69.2,1.0,2.0,73.0,27.0,2.0,1.0,3.0,5.0,RP,43.0,287.0,50.0,6.7,9.43,3.49,6.46,1.55,7.127470383054632,0.002013729118077734,7,0.7777777777777778,2.0,7,6,0,1,0.0,3.482411177510983,0.09354957383095515,0.25888324873096447,0.2549889135254989,0.10864745011086474,0.4659498207885305,0.3409354838709677,0.22142857142857142,4.159,0.3150018895415111
681393,Connor Norby,R,COL,7,Foster Griffin,L,656492.0,824315,CLE @ COL,12:10 PM,23/08,Scheduled,0.5741731410721219,,,,False,0001111111,estimated,0,0,0.0,0,0,0.26929643299264905,0.3804204672143627,0.5326057698221577,0.5451088246339901,0.40713060623399894,20,1,-0.02525252525252525,1.148,70.7,B,0.2929553264604811,3.8996001943808194,0.3841222293248396,0.2167846518091562,20,5,0,0.19696969696969696,0.2222222222222222,0.5898538263112639,0.2407566638005159,0.16938950988822013,0.1795817958179582,0.18181818181818182,0.19367588932806323,0.1821106821106821,0.21875,153,0.21,112,False,False,0.5488050601442597,0.025368080927862247,3.081081081081081,3.581081081081081,74,,,,,,,0.10370517215762694,20,3.18,1.11,144.1,14.0,4.0,131.0,35.0,0.0,0.0,0.0,25.0,SP,25.0,589.0,125.0,23.6,8.17,2.18,7.79,1.43,23.759660366758183,0.015176858927878123,4,0.5,16.0,7,6,1,1,0.0,3.096022134007639,0.07679924408855271,0.23237597911227154,0.2808219178082192,0.09360730593607305,0.38333333333333336,0.3176653846153846,0.2475,3.76,0.30507696386186334
665862,Jazz Chisholm,L,NYY,7,José Soriano,R,667755.0,823507,TOR @ NYY,10:35 AM,23/08,Scheduled,0.5741731410721219,,,,False,1010101101,estimated,0,0,0.0,0,0,0.24778959490021035,0.3053708136750127,0.3885298562194089,0.30579750884306417,0.2430270785477288,20,1,0.008771185241773477,1.007,47.1,D,0.2990570273911091,1.9604499382654452,0.4127342812005071,0.20030481371733286,20,5,0,0.21008403361344538,0.21885521885521886,0.5071877807726864,0.29829290206648695,0.1945193171608266,0.19801980198019803,0.18878101402373246,0.1984732824427481,0.19571567672833495,0.2,244,0.23469387755102042,223,False,False,0.5741731410721219,0.0,3.495798319327731,3.9243697478991595,119,,,,,,,0.03149185059992751,20,3.23,1.26,139.1,10.0,6.0,136.0,62.0,0.0,0.0,0.0,25.0,SP,25.0,578.0,114.0,23.1,8.78,4.0,7.36,0.84,22.62889352772783,-0.026453141072121933,5,0.7142857142857143,14.0,6,6,0,1,0.0,3.6414810627241816,0.09274835996715262,0.2171837708830549,0.3036093418259023,0.09341825902335456,0.421195652173913,0.31928260869565217,0.23465703971119134,3.76,0.2754509417413957
606192,Teoscar Hernández,R,LAD,8,Lake Bachar,R,669199.0,823909,PIT @ LAD,1:10 PM,23/08,Scheduled,0.5737016881231263,,,,False,0111101101,estimated,0,0,0.0,0,0,0.24065781696444846,0.39049717092622505,0.5827706763263639,0.3871123617242289,0.33340347986696856,20,1,-0.021629924855731314,0.973,76.7,B,0.29345955249569705,2.0371862747118805,0.19430155911553884,0.23202256149901138,20,2,0,0.26126126126126126,0.23963133640552994,0.3324720068906115,0.5796726959517657,0.08785529715762273,0.27466288147622425,0.263681592039801,0.19338422391857507,0.25798423890501865,0.26737967914438504,205,0.2198581560283688,157,False,False,0.5828105915867879,-0.009108903463661666,3.4893617021276597,3.851063829787234,94,,,,,,,0.04553460099795316,20,3.75,1.11,69.2,1.0,2.0,73.0,27.0,2.0,1.0,3.0,5.0,RP,43.0,287.0,50.0,6.7,9.43,3.49,6.46,1.55,7.127470383054632,-0.020015973837411938,7,0.7777777777777778,2.0,7,6,0,1,0.0,3.5425027398704305,0.029563220770830293,0.25471698113207547,0.27467811158798283,0.07510729613733906,0.4484797297297297,0.3336891891891892,0.168141592920354,3.599,0.3150018895415111
673357,Luis Robert,R,NYM,5,Sean Newcomb,L,656794.0,824558,NYM @ CWS,11:10 AM,23/08,Scheduled,0.5736940522100565,,,,False,0111101011,estimated,0,0,0.0,0,0,0.23033515597224816,0.39131051047623616,0.4199315393209996,0.3517738426019288,0.3115860025322486,20,1,-0.0609250398724083,0.968,55.2,C,0.31092436974789917,1.6260385576634193,0.43117312853954626,0.1981716787707174,20,4,0,0.17543859649122806,0.23636363636363636,0.6103286384976526,0.3615023474178404,0.028169014084507043,0.20555555555555555,0.17337461300309598,0.16042780748663102,0.18936341659951653,0.18181818181818182,111,0.2647058823529412,76,False,False,0.6036342888426756,-0.02994023663261902,3.4081632653061225,3.816326530612245,49,,,,,,,0.060848230528344836,20,2.44,1.1,70.0,1.0,3.0,64.0,27.0,4.0,1.0,5.0,3.0,RP,47.0,283.0,50.0,6.0,8.23,3.47,6.43,0.26,5.7735912865978,-0.006522623638627878,7,0.7,4.0,7,6,1,1,0.0,3.7062852958878736,0.11406659626796652,0.23980815347721823,0.24301075268817204,0.07956989247311828,0.3887061403508772,0.3267675438596491,0.176056338028169,4.024,0.3101829758388469
678662,Ezequiel Tovar,R,COL,9,Foster Griffin,L,656492.0,824315,CLE @ COL,12:10 PM,23/08,Scheduled,0.5714004004196993,,,,False,0111100000,estimated,0,0,0.0,0,0,0.19903158357715084,0.2896744203733017,0.3403612480153143,0.2631335879762259,0.22385261641789675,20,2,0.06647940074906367,1.148,70.7,B,0.2929553264604811,3.8996001943808194,0.3841222293248396,0.2167846518091562,20,5,0,0.25,0.18352059925093633,0.5898538263112639,0.2407566638005159,0.16938950988822013,0.1864754098360656,0.1686046511627907,0.25660377358490566,0.19135093761959435,0.2072072072072072,241,0.2,185,False,False,0.5365600429943186,0.03484035742538072,3.336206896551724,3.6724137931034484,116,,,,,,,-0.07805563933802948,20,3.18,1.11,144.1,14.0,4.0,131.0,35.0,0.0,0.0,0.0,25.0,SP,25.0,589.0,125.0,23.6,8.17,2.18,7.79,1.43,23.759660366758183,0.01482459958030069,4,0.5,16.0,7,6,1,1,0.0,2.911091279680319,0.0602704907430429,0.2075,0.25227272727272726,0.05909090909090909,0.3352364475201845,0.29257439446366784,0.2475,3.443,0.30507696386186334
695657,Colson Montgomery,L,CWS,6,Nolan Mclean,R,690997.0,824558,NYM @ CWS,11:10 AM,23/08,Scheduled,0.5696605843832016,,,,False,1001111010,estimated,0,0,0.0,0,0,0.21758679793558922,0.3450894667301133,0.42336649617080707,0.4045750448923906,0.4432785742420937,20,1,-0.04441659704817599,0.968,65.0,B,0.29745762711864404,2.56170819340778,0.3733378210330505,0.25443068286436715,20,6,0,0.24812030075187969,0.2037037037037037,0.6350148367952523,0.30479016532428993,0.06019499788045782,0.21328489880643486,0.19433198380566802,0.23348017621145375,0.21215697845972264,0.24719101123595505,297,0.1736842105263158,215,False,False,0.590699786806832,-0.021039202423630443,3.7768595041322315,4.231404958677686,121,,,,,,,0.0928379365818468,20,3.34,1.16,142.2,9.0,8.0,162.0,54.0,0.0,0.0,0.0,25.0,SP,25.0,594.0,111.0,23.8,10.22,3.41,7.0,0.95,24.3209263779319,0.0025616378390207473,9,1.0,-7.0,6,7,1,1,0.0,4.244411590492108,0.07907910556210308,0.21585903083700442,0.33267716535433073,0.07480314960629922,0.4203508771929824,0.3368280701754386,0.23809523809523808,3.896,0.31752327777092226
683083,Nasim Nuñez,L,WSH,8,Janson Junk,R,676083.0,823827,WSH @ MIA,10:40 AM,23/08,Scheduled,0.5677156935086796,,,,False,1110110010,estimated,0,0,0.0,0,0,0.12346727796965384,0.2860727878429559,0.30708782315921573,0.14873347170081058,0.1479192868509567,20,1,-0.02484387727396145,1.0,43.5,D,0.24562584118438763,2.290293151423844,0.40292779088091113,0.1593153650261255,18,6,0,0.2413793103448276,0.21653543307086615,0.396900269541779,0.4238544474393531,0.1792452830188679,0.21415270018621974,0.20077220077220076,0.26262626262626265,0.21994481671265273,0.22,229,0.22941176470588234,192,False,False,0.5424853192825171,0.025230374226162477,3.274336283185841,3.725663716814159,113,,,,,,,-0.13696289892331653,20,4.37,1.36,92.2,6.0,8.0,66.0,26.0,0.0,0.0,0.0,18.0,SP,18.0,396.0,100.0,22.0,6.41,2.53,9.71,1.17,21.672989125014517,-0.021365693508679562,6,0.6666666666666666,14.0,6,6,0,1,0.0,3.7148236458025403,0.06962496359316879,0.22337662337662337,0.20270270270270271,0.11261261261261261,0.22627118644067798,0.28261016949152545,0.31277533039647576,3.599,0.2933916816693733
666023,Freddy Fermin,R,SD,9,Bailey Ober,R,641927.0,823258,MIN @ SD,1:10 PM,23/08,Scheduled,0.5670117145250851,,,,False,1111001101,estimated,8,2,0.25,1,2024,0.25555463307300796,0.34068564419321323,0.2753080992632347,0.39175221186915027,0.24956714408945324,20,1,-0.05115207373271888,0.954,56.7,C,0.25828220858895706,2.8287635281410783,0.3739481216195093,0.15725179508864376,19,6,0,0.22857142857142856,0.1774193548387097,0.35337423312883437,0.3042944785276074,0.3423312883435583,0.18934081346423562,0.1484375,0.16296296296296298,0.17269076305220885,0.19230769230769232,115,0.2,105,False,False,0.5567958945558497,0.010215819969235485,2.9846153846153847,3.3846153846153846,65,,,,,,,0.026102146402744376,20,4.62,1.25,103.1,7.0,4.0,71.0,26.0,0.0,0.0,0.0,19.0,SP,19.0,435.0,103.0,22.9,6.18,2.26,8.97,1.48,22.964160669631656,-0.04104921452508514,8,1.0,-7.0,7,6,0,1,0.0,3.350749068058497,0.0,0.21666666666666667,0.19451371571072318,0.06234413965087282,0.31648936170212766,0.2667127659574468,0.26704545454545453,3.443,0.34798770018869873
699393,Pedro Ramírez,L,CHC,7,Bryce Miller,R,682243.0,823099,CHC @ SEA,1:10 PM,23/08,Scheduled,0.5655934436124571,,,,False,0101101001,estimated,0,0,0.0,0,0,0.15910307174996363,0.3184291880976906,0.372919041688076,0.23564080357616762,0.2778149771367086,20,1,-0.00691371681415931,0.906,85.0,A,0.2763929618768328,4.416297031102123,0.33474950669481807,0.2356656283528452,16,5,0,0.28125,0.2743362831858407,0.5308823529411765,0.21176470588235294,0.25735294117647056,0.27672955974842767,0.2801556420233463,0.28,0.27765726681127983,0.265625,70,0.2839506172839506,91,True,False,0.5957904440468327,-0.030197000434375565,2.7884615384615383,3.0961538461538463,52,,,,,,,-0.2153882920350339,20,3.71,1.04,89.2,4.0,7.0,87.0,18.0,0.0,0.0,0.0,15.0,SP,16.0,354.0,75.0,22.1,8.73,1.81,7.53,1.51,22.507979657232802,-0.009933443612457182,5,0.7142857142857143,-15.0,7,6,0,1,0.0,3.520102275104181,0.0956621520239713,0.2792207792207792,0.18128654970760233,0.07602339181286549,0.4186991869918699,0.3032357723577236,0.24193548387096775,3.76,0.36505908439439927
805367,Chase Meidroth,R,CWS,7,Nolan Mclean,R,690997.0,824558,NYM @ CWS,11:10 AM,23/08,Scheduled,0.5653714839832761,,,,False,1110011001,estimated,0,0,0.0,0,0,0.22872295459057818,0.3023183313660531,0.33123401907261735,0.28279221319017017,0.20827620426395166,20,1,-0.0047823602852487546,0.968,65.0,B,0.29745762711864404,2.56170819340778,0.3733378210330505,0.25443068286436715,20,6,0,0.27388535031847133,0.2691029900332226,0.6350148367952523,0.30479016532428993,0.06019499788045782,0.25761772853185594,0.24900398406374502,0.25217391304347825,0.2549450549450549,0.265625,292,0.27722772277227725,227,False,False,0.5960445117374525,-0.030673027754176463,3.7235772357723578,4.219512195121951,123,,,,,,,0.09554701159876218,20,3.34,1.16,142.2,9.0,8.0,162.0,54.0,0.0,0.0,0.0,25.0,SP,25.0,594.0,111.0,23.8,10.22,3.41,7.0,0.95,24.3209263779319,0.004006293794501681,9,1.0,-7.0,6,7,1,1,0.0,4.283001063437247,0.07264710775713049,0.273542600896861,0.22332015810276679,0.09090909090909091,0.34289289289289293,0.31465015015015013,0.17560975609756097,3.76,0.31752327777092226
670764,Taylor Walls,L,TB,9,Shane Baz,R,669358.0,824799,TB @ BAL,10:35 AM,23/08,Scheduled,0.5644495164704565,,,,False,1111111100,estimated,0,0,0.0,0,0,0.22994387671133268,0.2488983968135784,0.23852781701700945,0.26579489524449745,0.18735219438438924,20,1,-0.008509064002959671,1.044,51.9,C,0.2649895178197065,3.2306202831341575,0.4528980766397656,0.22317769152869565,20,5,0,0.22549019607843138,0.2169811320754717,0.5848421052631579,0.328,0.0871578947368421,0.2096505823627288,0.172,0.18128654970760233,0.19573643410852712,0.2261904761904762,194,0.21232876712328766,174,False,False,0.5287415237241803,0.03570799274627623,3.14,3.68,100,,,,,,,-0.01546452040230996,20,4.02,1.35,145.2,4.0,13.0,132.0,49.0,0.0,0.0,0.0,25.0,SP,25.0,623.0,147.0,24.9,8.16,3.03,9.08,0.68,24.593125087617327,-0.023649516470456544,6,0.75,-1.0,6,7,1,1,0.0,3.6016378715464286,0.06303396749091096,0.2222222222222222,0.2471395881006865,0.09382151029748284,0.22098765432098766,0.26205555555555554,0.28307692307692306,3.443,0.34657661314523724
666139,Josh Lowe,L,LAA,7,Cal Quantrill,R,615698.0,822856,LAA @ TEX,11:35 AM,23/08,Scheduled,0.5643604596291694,,,,False,0110011100,estimated,5,0,0.0,1,2023,0.25223469723228925,0.4217219696088971,0.5050380703493748,0.3506126644902623,0.3885917475996485,20,1,0.11376927166400852,0.964,65.1,B,0.2469237079573421,3.0549214795399227,0.34668865296492085,0.1569258106875579,20,5,0,0.1111111111111111,0.22488038277511962,0.7325102880658436,0.044444444444444446,0.22304526748971193,0.15223880597014924,0.16216216216216217,0.20860927152317882,0.16524216524216523,0.21428571428571427,152,0.20833333333333334,106,False,False,0.5627818891702964,0.0015785704588729965,2.9135802469135803,3.185185185185185,81,,,,,,,-0.06135805329542957,20,3.13,1.15,77.2,5.0,4.0,54.0,22.0,0.0,0.0,0.0,9.0,RP,26.0,323.0,67.0,12.4,6.26,2.55,7.76,1.04,15.211882249545823,-0.0148437929625026,6,0.6666666666666666,7.0,6,6,1,1,0.0,3.045252475520633,0.07718607521938467,0.20899470899470898,0.30413625304136255,0.06082725060827251,0.36462450592885376,0.3018774703557312,0.25316455696202533,3.76,0.30622609924479666
806146,George Lombard,R,NYY,6,José Soriano,R,667755.0,823507,TOR @ NYY,10:35 AM,23/08,Scheduled,0.5631932670562589,,,,False,1001111010,estimated,0,0,0.0,0,0,0.27665044304816594,0.3535588998101189,0.30645823492118074,0.42746423415430923,0.2889882222150771,16,1,-0.36,1.007,47.1,D,0.2990570273911091,1.9604499382654452,0.4127342812005071,0.20030481371733286,20,5,0,0.6,0.24,0.5071877807726864,0.29829290206648695,0.1945193171608266,0.2564102564102564,0.24113475177304963,0.0,0.235,0.21428571428571427,33,0.3333333333333333,29,True,False,0.5631932670562589,0.0,3.4375,3.875,16,,,,,,,0.17477277925045884,16,3.23,1.26,139.1,10.0,6.0,136.0,62.0,0.0,0.0,0.0,25.0,SP,25.0,578.0,114.0,23.1,8.78,4.0,7.36,0.84,22.62889352772783,-5.326705625896544e-05,5,0.7142857142857143,14.0,6,6,0,1,0.0,3.878103520631956,0.09521899061004067,0.2459016393442623,0.3188405797101449,0.10144927536231885,0.32905982905982906,0.35308974358974354,0.22380952380952382,3.896,0.2754509417413957
670231,John Rave,L,KC,9,,R,,824071,DET @ KC,11:10 AM,23/08,Scheduled,0.560966230679734,,,,False,0010000010,estimated,0,0,0.0,0,0,0.1138346415572934,0.2576708021291152,0.2610139601963061,0.14638466709229062,0.23400438554744704,20,3,0.07943262411347518,1.028,,,,,,,0,0,0,0.13333333333333333,0.2127659574468085,,,,0.19047619047619047,0.19548872180451127,0.2625,0.20567375886524822,0.18421052631578946,41,0.20833333333333334,29,False,False,0.5290095181327055,0.031956712547028476,2.5833333333333335,2.9166666666666665,24,,,,,,,-0.2743247176574145,20,,,,,,,,,,,,,,,,,,,,,,-0.012323373536876847,7,0.7777777777777778,-5.0,6,7,1,1,0.0,2.976109930038408,0.028498032853742927,0.20647773279352227,0.24468085106382978,0.08865248226950355,0.3595505617977528,0.2765056179775281,,3.443,0.28642942170052615
621493,Taylor Ward,R,SEA,4,Shota Imanaga,L,684007.0,823099,CHC @ SEA,1:10 PM,23/08,Scheduled,0.5599682441901707,,,,False,1011011000,estimated,0,0,0.0,0,0,0.1271434831113924,0.28687296509836485,0.27778086214704234,0.217837843763215,0.28937842915005824,20,1,-0.024370666012620112,0.906,80.6,A,0.2910943730615862,4.691668905879531,0.3275589848656715,0.24233126637943067,20,6,0,0.2214765100671141,0.24584717607973422,0.47562056737588654,0.19592198581560283,0.32845744680851063,0.24403747870528109,0.21864951768488747,0.20595533498759305,0.23229036295369213,0.2391304347826087,334,0.23563218390804597,217,False,False,0.5957450936226315,-0.035776849432460844,3.6885245901639343,4.516393442622951,122,,,,,,,-0.10137659167432948,20,3.77,1.09,143.1,8.0,9.0,140.0,32.0,0.0,0.0,0.0,25.0,SP,25.0,578.0,124.0,23.1,8.79,2.01,7.79,1.82,23.195604570688484,-0.007648244190170628,5,0.8333333333333334,36.0,6,6,0,1,0.0,4.049917884846008,0.12074231774424819,0.23927765237020315,0.2088724584103512,0.1589648798521257,0.38333333333333336,0.3280363636363636,0.24040920716112532,4.159,0.30631299464964357
683357,Owen Caissie,L,MIA,7,Jackson Kent,L,800600.0,823827,WSH @ MIA,10:40 AM,23/08,Scheduled,0.5594133458761592,,,,False,1001010011,estimated,0,0,0.0,0,0,0.17872004550551104,0.29106231654757536,0.4293328700158627,0.28100791989276486,0.33640127029928285,20,1,0.02642276422764228,1.0,50.0,C,0.2037037037037037,,,,2,5,0,0.25,0.22357723577235772,0.4567901234567901,0.3333333333333333,0.20987654320987653,0.20594059405940593,0.19689922480620156,0.25526315789473686,0.21397166585246702,0.22699386503067484,182,0.2222222222222222,115,False,True,0.5402765342375554,0.019136811638603812,2.7872340425531914,3.1595744680851063,94,,,,,,,-0.028645506182320757,20,9.39,2.48,7.2,0.0,1.0,9.0,8.0,0.0,0.0,0.0,2.0,SP,2.0,41.0,11.0,20.5,10.57,9.39,12.91,1.17,,-0.03263001254282594,6,0.6666666666666666,4.0,7,6,0,1,0.0,3.2476452159620894,0.05673138336124918,0.21935483870967742,0.37714285714285717,0.07714285714285714,0.42930711610486894,0.33735393258426966,0.38461538461538464,3.76,0.3089246745074752
682626,Francisco Álvarez,R,NYM,9,Sean Newcomb,L,656794.0,824558,NYM @ CWS,11:10 AM,23/08,Scheduled,0.558269534646216,,,,False,1000100001,estimated,0,0,0.0,0,0,0.12485557956640998,0.32586354593293637,0.5339134939109433,0.2651108042969294,0.41962581128519155,20,1,-0.024286987522281644,0.968,55.2,C,0.31092436974789917,1.6260385576634193,0.43117312853954626,0.1981716787707174,20,4,0,0.2159090909090909,0.24019607843137256,0.6103286384976526,0.3615023474178404,0.028169014084507043,0.22849695916594265,0.22646657571623466,0.1918819188191882,0.22289156626506024,0.26582278481012656,181,0.19402985074626866,153,False,False,0.5637994349514525,-0.005529900305236479,3.2808988764044944,3.752808988764045,89,,,,,,,-0.1632743216877962,20,2.44,1.1,70.0,1.0,3.0,64.0,27.0,4.0,1.0,5.0,3.0,RP,47.0,283.0,50.0,6.0,8.23,3.47,6.43,0.26,5.7735912865978,-0.016369534646215933,7,0.7,4.0,7,6,1,1,0.0,4.00012772731649,0.12270207042706031,0.24806201550387597,0.2870159453302961,0.09339407744874716,0.4719029374201788,0.33174329501915706,0.176056338028169,3.443,0.3101829758388469
701785,Kaelen Culpepper,R,MIN,9,Walker Buehler,R,621111.0,823258,MIN @ SD,1:10 PM,23/08,Scheduled,0.5560295928964366,,,,False,0111111101,estimated,0,0,0.0,0,0,0.27836619110812455,0.3562700758937857,0.37823418025654193,0.3827516774293872,0.2569111119798101,12,1,0.08470588235294119,0.954,58.1,C,0.26450676982591875,1.9127813245481033,0.36815985163289133,0.19004307793386493,20,6,0,0.23529411764705882,0.32,0.6351285783600195,0.2663755458515284,0.0984958757884522,0.21374045801526717,0.3076923076923077,0.32075471698113206,0.2633587786259542,0.2727272727272727,26,0.3,21,True,False,0.5617263659096355,-0.00569677301319893,3.5,3.9166666666666665,12,,,,,,,-0.030090278970143484,12,4.79,1.39,120.1,7.0,6.0,104.0,49.0,0.0,0.0,0.0,25.0,SP,25.0,518.0,118.0,20.7,7.78,3.66,8.83,1.05,21.201295114320253,-0.022112926229769903,6,0.75,15.0,7,6,0,1,0.0,3.8538430116244564,0.03550757717724569,,,,,,0.23300970873786409,3.443,0.26757743043207655
691728,Zac Veen,L,COL,6,Foster Griffin,L,656492.0,824315,CLE @ COL,12:10 PM,23/08,Scheduled,0.5530754216178106,,,,False,110111000,estimated,0,0,0.0,0,0,0.26234162295499275,0.39554504559562415,0.4338347315262516,0.40417659328874905,0.48393536243151336,9,1,0.0,1.148,70.7,B,0.2929553264604811,3.8996001943808194,0.3841222293248396,0.2167846518091562,20,5,0,,0.22727272727272727,0.5898538263112639,0.2407566638005159,0.16938950988822013,0.1791044776119403,0.2,0.1794871794871795,0.18253968253968253,0.25,13,0.2,10,False,False,0.5313948329117778,0.021680588706032844,2.4444444444444446,2.5555555555555554,9,,,,,,,-0.07099519725763716,9,3.18,1.11,144.1,14.0,4.0,131.0,35.0,0.0,0.0,0.0,25.0,SP,25.0,589.0,125.0,23.6,8.17,2.18,7.79,1.43,23.759660366758183,0.039699578382189404,4,0.5,16.0,7,6,1,1,0.0,2.472351109916505,0.02195581436962128,0.21212121212121213,0.36792452830188677,0.04716981132075472,0.3,0.14646666666666666,0.18309859154929578,3.896,0.30507696386186334
665966,Carlos Narváez,R,BAL,9,Nick Martínez,R,607259.0,824799,TB @ BAL,10:35 AM,23/08,Scheduled,0.5530754216178106,,,,False,0010000000,estimated,0,0,0.0,0,0,0.042149729448977775,0.21509024432559148,0.42940888528456617,0.05530691390589438,0.36471649770010706,20,1,0.08550508811119385,1.044,69.7,B,0.2610887096774194,4.549092448791299,0.33377579188546225,0.14497774193740653,20,5,0,0.09803921568627451,0.18354430379746836,0.6370519939424533,0.08884401817264008,0.2741039878849066,0.1275626423690205,0.13744075829383887,0.14285714285714285,0.13183730715287517,0.14655172413793102,131,0.1827956989247312,107,False,False,0.5041655414769245,0.04890988014088615,2.9027777777777777,3.3055555555555554,72,,,,,,,-0.3386596349602245,20,3.05,1.14,141.2,12.0,4.0,83.0,22.0,0.0,0.0,0.0,24.0,SP,24.0,574.0,139.0,23.9,5.27,1.4,8.83,1.08,23.978551309364683,-0.037489707332096334,7,0.7777777777777778,-9.0,7,7,1,1,0.0,2.9670248397980505,0.04858171037843072,0.16804407713498623,0.3022113022113022,0.06633906633906633,0.4190972222222222,0.29622916666666665,0.2876712328767123,3.443,0.35527126214531163
669707,Jared Triolo,R,PIT,8,Blake Snell,L,605483.0,823909,PIT @ LAD,1:10 PM,23/08,Scheduled,0.5526363297578508,,,,False,0100101001,estimated,9,3,0.3333333333333333,1,2023,0.18515811661743495,0.2991049221791635,0.3546462646174997,0.2038827668914935,0.1263240492433834,20,1,0.0896776101745046,0.973,70.0,B,0.3426294820717131,,,,3,6,0,0.28695652173913044,0.19727891156462585,0.47808764940239046,0.36254980079681276,0.1593625498007968,0.2047952047952048,0.21627408993576017,0.26540284360189575,0.2161520190023753,0.25675675675675674,165,0.21052631578947367,129,False,False,0.5622382097329469,-0.009601879975096095,3.046511627906977,3.4186046511627906,86,,,,,,,-0.059287047503585516,20,3.6,1.13,15.0,1.0,1.0,20.0,6.0,0.0,0.0,0.0,3.0,SP,3.0,63.0,11.0,21.0,12.0,3.6,6.6,0.0,,-0.0328077583292794,7,0.875,7.0,7,6,0,1,0.0,3.106651199105417,0.05268076362310673,0.2340966921119593,0.21100917431192662,0.07568807339449542,0.38870431893687707,0.3033255813953488,0.22857142857142856,3.599,0.3201230377596863
699302,Héctor Rodríguez,L,CIN,8,Mitch Bratt,L,683352.0,825043,CIN @ AZ,1:15 PM,23/08,Scheduled,0.551775219192049,,,,False,1000001011,estimated,0,0,0.0,0,0,0.20851522078169935,0.2426751714500589,0.36642988384635855,0.27259084523977994,0.2390883769459464,13,1,0.0,1.0,51.3,C,0.21839080459770116,1.0862234528650585,0.35800889244824735,0.14689901091676025,8,6,0,,0.16216216216216217,0.512396694214876,0.3867768595041322,0.10082644628099173,0.13445378151260504,0.13580246913580246,0.1794871794871795,0.14225941422594143,0.16666666666666666,23,0.15789473684210525,19,True,True,0.5372512614065031,0.014523957785545827,2.8461538461538463,3.230769230769231,13,,,,,,,-0.2137081897454664,13,4.17,1.47,36.2,1.0,2.0,25.0,22.0,0.0,0.0,0.0,8.0,SP,8.0,159.0,32.0,19.9,6.14,5.4,7.85,1.23,20.051254470054868,-0.028408552525382325,6,0.8571428571428571,24.0,6,8,0,1,0.0,3.292010311072548,0.08889509010098495,,,,,,0.2564102564102564,3.599,0.3095974491054189
804668,Rafael Flores,R,PIT,6,Blake Snell,L,605483.0,823909,PIT @ LAD,1:10 PM,23/08,Scheduled,0.55176555487545,,,,False,0111101100,estimated,0,0,0.0,0,0,0.2767021487654305,0.3574108844936818,0.5229659709733285,0.39862032716006257,0.3182432196173098,19,1,-0.10476190476190475,0.973,70.0,B,0.3426294820717131,,,,3,6,0,0.22857142857142856,0.3333333333333333,0.47808764940239046,0.36254980079681276,0.1593625498007968,0.25217391304347825,0.1456953642384106,0.2,0.2127659574468085,0.20588235294117646,39,0.36363636363636365,25,False,False,0.5578347754172862,-0.006069220541836229,2.9473684210526314,3.3684210526315788,19,,,,,,,-0.09962629283407638,19,3.6,1.13,15.0,1.0,1.0,20.0,6.0,0.0,0.0,0.0,3.0,SP,3.0,63.0,11.0,21.0,12.0,3.6,6.6,0.0,,-0.025436983446878614,7,0.875,7.0,7,6,0,1,0.0,3.432551873215299,0.11901363243723298,0.225,0.31868131868131866,0.12087912087912088,0.5098039215686274,0.3434705882352941,0.22857142857142856,3.896,0.3201230377596863
677588,José Tena,L,WSH,7,Janson Junk,R,676083.0,823827,WSH @ MIA,10:40 AM,23/08,Scheduled,0.551594826606021,,,,False,0010001001,estimated,0,0,0.0,0,0,0.1948871262102894,0.33457974195770196,0.444581396127277,0.38921734003517916,0.49355047991032025,20,1,-0.2692307692307692,1.0,43.5,D,0.24562584118438763,2.290293151423844,0.40292779088091113,0.1593153650261255,18,6,0,0.5,0.23076923076923078,0.396900269541779,0.4238544474393531,0.1792452830188679,0.2369727047146402,0.21956087824351297,0.19607843137254902,0.2234803337306317,0.2153846153846154,144,0.26804123711340205,110,False,False,0.5219603098641025,0.029634516741918526,2.3402061855670104,2.618556701030928,97,,,,,,,-0.11316374344025873,20,4.37,1.36,92.2,6.0,8.0,66.0,26.0,0.0,0.0,0.0,18.0,SP,18.0,396.0,100.0,22.0,6.41,2.53,9.71,1.17,21.672989125014517,-0.029178159939354464,6,0.6666666666666666,14.0,6,6,0,1,0.0,2.5352635379913715,0.1251380420986566,0.23129251700680273,0.2857142857142857,0.09422492401215805,0.4825,0.32689500000000005,0.31277533039647576,3.76,0.2933916816693733
663647,Ke'Bryan Hayes,R,CIN,9,Mitch Bratt,L,683352.0,825043,CIN @ AZ,1:15 PM,23/08,Scheduled,0.5427562529918935,,,,False,0111001110,estimated,0,0,0.0,0,0,0.201233187212695,0.2823343175597089,0.38407513696151924,0.26954806109714546,0.24021047440347648,20,1,0.03507246376811593,1.0,51.3,C,0.21839080459770116,1.0862234528650585,0.35800889244824735,0.14689901091676025,8,6,0,0.18,0.14492753623188406,0.512396694214876,0.3867768595041322,0.10082644628099173,0.1488673139158576,0.13368983957219252,0.22018348623853212,0.15217391304347827,0.17272727272727273,118,0.1282051282051282,83,False,True,0.5287160235049333,0.014040229486960154,3.032258064516129,3.2419354838709675,62,,,,,,,0.006044282103558487,20,4.17,1.47,36.2,1.0,2.0,25.0,22.0,0.0,0.0,0.0,8.0,SP,8.0,159.0,32.0,19.9,6.14,5.4,7.85,1.23,20.051254470054868,-0.02312291965856017,6,0.8571428571428571,24.0,6,8,0,1,0.0,2.8325673702223977,0.05775437325342044,0.18956043956043955,0.17955112219451372,0.08229426433915212,0.4035388127853881,0.2939389269406393,0.22916666666666666,3.443,0.3095974491054189
669003,Garrett Mitchell,L,MIL,6,Tyler Mahle,R,641816.0,823745,ATL @ MIL,4:10 PM,23/08,Scheduled,0.5425758604058655,,,,False,0101001101,estimated,0,0,0.0,0,0,0.30190188225487685,0.38160374605801906,0.6226304286094962,0.4200626818674897,0.30679281533755187,20,1,0.0005077001184633501,0.97,60.6,C,0.27756653992395436,3.0289631323485198,0.39199226013950095,0.23036753354190345,20,5,0,0.2631578947368421,0.26366559485530544,0.6612289287656336,0.06960304513322457,0.26916802610114193,0.24324324324324326,0.2713498622589532,0.21473684210526317,0.24707174231332357,0.2524752475247525,228,0.27710843373493976,198,False,False,0.5674269456144202,-0.024851085208554724,3.2,3.7043478260869565,115,,,,,,,-0.029233431818810857,20,4.53,1.31,113.1,4.0,10.0,108.0,40.0,0.0,0.0,0.0,21.0,SP,21.0,473.0,108.0,22.5,8.58,3.18,8.58,1.27,22.793834918153358,0.00429080626080125,6,0.8571428571428571,2.0,7,6,0,1,1.0,3.405814190415233,0.16921281331434176,0.2572178477690289,0.3167420814479638,0.11312217194570136,0.516597510373444,0.3929211618257262,0.22317596566523606,3.896,0.3036459088611165
657757,Gavin Sheets,L,SD,7,Bailey Ober,R,641927.0,823258,MIN @ SD,1:10 PM,23/08,Scheduled,0.5415789139954829,,,,False,1000101110,estimated,17,4,0.23529411764705882,1,2022,0.23418983628002377,0.3164032572947119,0.33867191791220613,0.3051093692582076,0.24912933179755328,20,1,0.06490384615384615,0.954,56.7,C,0.25828220858895706,2.8287635281410783,0.3739481216195093,0.15725179508864376,19,6,0,0.15625,0.22115384615384615,0.35337423312883437,0.3042944785276074,0.3423312883435583,0.19109947643979058,0.18557919621749408,0.2111111111111111,0.19458718739294278,0.1951219512195122,239,0.2446043165467626,161,False,False,0.5365600429943186,0.005018871001164271,2.9401709401709404,3.4188034188034186,117,,,,,,,-0.05770164258567033,20,4.62,1.25,103.1,7.0,4.0,71.0,26.0,0.0,0.0,0.0,19.0,SP,19.0,435.0,103.0,22.9,6.18,2.26,8.97,1.48,22.964160669631656,-0.022091413995482867,8,1.0,-7.0,7,6,0,1,0.0,2.5282099672790137,0.10073143031341805,0.21652421652421652,0.20638820638820637,0.11547911547911548,0.39575530586766544,0.29879026217228466,0.2445414847161572,3.76,0.34798770018869873
656716,Zach Mckinstry,L,DET,9,Daniel Lynch,L,663738.0,824071,DET @ KC,11:10 AM,23/08,Scheduled,0.5403060538166886,,,,False,1000010110,estimated,0,0,0.0,0,0,0.23639971485815073,0.23847386553670308,0.15315504064036675,0.31168972688681784,0.1721658006368634,20,1,-0.03628960878031512,1.028,67.4,B,0.2884130982367758,2.805378678079505,0.36199931681183983,0.12148198267918624,20,5,0,0.19047619047619047,0.22676579925650558,0.45717884130982367,0.30100755667506296,0.24181360201511334,0.25064822817631804,0.1799163179916318,0.2042042042042042,0.22757222503801317,0.22784810126582278,178,0.21568627450980393,179,False,False,0.5272275327770019,0.013078521039686763,3.049019607843137,3.5,102,,,,,,,-0.10414885312784074,20,2.83,1.02,54.0,4.0,4.0,41.0,16.0,1.0,2.0,3.0,3.0,RP,49.0,218.0,39.0,4.4,6.83,2.67,6.5,0.67,5.902385644464977,0.0072106128499781486,6,0.6666666666666666,15.0,7,6,1,1,0.0,3.2738767837426366,0.12395472408406083,0.21584699453551912,0.16467780429594273,0.0954653937947494,0.21296296296296297,0.2724904601571268,0.15555555555555556,3.443,0.2737156324953918
663586,Austin Riley,R,ATL,8,Shane Drohan,L,675660.0,823745,ATL @ MIL,4:10 PM,23/08,Scheduled,0.5388825407391032,,,,False,1001100100,estimated,0,0,0.0,0,0,0.20614696884417905,0.376402512432832,0.5442684176016056,0.33780880123687046,0.36517965391587653,20,1,-0.00911434168470976,0.97,66.5,B,0.2982900569981001,2.8521545758209115,0.4019134564219198,0.251772897881994,20,5,0,0.2138364779874214,0.22295081967213115,0.6124129195693477,0.3394553514882837,0.048131728942368585,0.21017471736896198,0.1992786293958521,0.229957805907173,0.20996038483305038,0.2178988326848249,285,0.2222222222222222,231,False,True,0.5660627201135799,-0.0271801793744767,3.5968992248062017,4.0,129,,,,,,,-0.01042688057626541,20,3.86,1.25,100.1,6.0,4.0,99.0,33.0,1.0,0.0,1.0,14.0,SP,25.0,421.0,92.0,16.8,8.88,2.96,8.25,0.81,19.605885384900397,0.0005424592608967993,4,0.5714285714285714,15.0,7,7,0,1,1.0,3.759960250546596,0.0597951853183273,0.2222222222222222,0.32083333333333336,0.07291666666666667,0.4706235011990408,0.33120863309352516,0.2423076923076923,3.599,0.29213481910368866
671976,Tristan Peters,L,CWS,8,Nolan Mclean,R,690997.0,824558,NYM @ CWS,11:10 AM,23/08,Scheduled,0.5359488859977628,,,,False,0111010001,estimated,0,0,0.0,0,0,0.23728048607726018,0.322993449636285,0.4335367680242516,0.30043869858268446,0.1939921994370637,20,1,0.17142857142857143,0.968,65.0,B,0.29745762711864404,2.56170819340778,0.3733378210330505,0.25443068286436715,20,6,0,0.1111111111111111,0.28253968253968254,0.6350148367952523,0.30479016532428993,0.06019499788045782,0.2322524101665206,0.266553480475382,0.23823529411764705,0.24399615754082613,0.2391304347826087,199,0.3037974683544304,183,False,False,0.5600767254991332,-0.02412783950137043,2.8983050847457625,3.23728813559322,118,,,,,,,-0.06240772555179858,20,3.34,1.16,142.2,9.0,8.0,162.0,54.0,0.0,0.0,0.0,25.0,SP,25.0,594.0,111.0,23.8,10.22,3.41,7.0,0.95,24.3209263779319,-0.006571108219984967,9,1.0,-7.0,6,7,1,1,0.0,3.150019154318335,0.11899785601728628,0.26956521739130435,0.18181818181818182,0.07532467532467532,0.31836363636363635,0.31402545454545455,0.23809523809523808,3.599,0.31752327777092226
694203,Denzer Guzman,R,LAA,8,Cal Quantrill,R,615698.0,822856,LAA @ TEX,11:35 AM,23/08,Scheduled,0.5356483047873524,,,,False,1110011110,estimated,0,0,0.0,0,0,0.20920145667792617,0.3039261183078122,0.3360840163362977,0.32628559761726894,0.28096548178818653,20,1,0.05134070402846613,0.964,65.1,B,0.2469237079573421,3.0549214795399227,0.34668865296492085,0.1569258106875579,20,5,0,0.19672131147540983,0.24806201550387597,0.7325102880658436,0.044444444444444446,0.22304526748971193,0.23640960809102401,0.15753424657534246,0.22077922077922077,0.21253602305475505,0.23275862068965517,122,0.22972972972972974,82,False,False,0.5365600429943186,-0.0009117382069662172,3.6538461538461537,3.923076923076923,52,,,,,,,0.054985685956198425,20,3.13,1.15,77.2,5.0,4.0,54.0,22.0,0.0,0.0,0.0,9.0,RP,26.0,323.0,67.0,12.4,6.26,2.55,7.76,1.04,15.211882249545823,-0.010064971454018967,6,0.6666666666666666,7.0,6,6,1,1,0.0,3.4556489330832973,0.019928338088794486,0.2231404958677686,0.2918287937743191,0.042801556420233464,0.3502994011976048,0.303311377245509,0.2,3.599,0.30622609924479666
573262,Mike Yastrzemski,L,ATL,7,Shane Drohan,L,675660.0,823745,ATL @ MIL,4:10 PM,23/08,Scheduled,0.5343093278474901,,,,False,0010000110,estimated,0,0,0.0,0,0,0.25102146645356865,0.3629254337367865,0.4835559206796951,0.32826051550967905,0.22025834439726,20,1,-0.11116236162361623,0.97,66.5,B,0.2982900569981001,2.8521545758209115,0.4019134564219198,0.251772897881994,20,5,0,0.125,0.23616236162361623,0.6124129195693477,0.3394553514882837,0.048131728942368585,0.21586263286999183,0.1785063752276867,0.2339622641509434,0.20888238164958517,0.22666666666666666,165,0.23357664233576642,162,False,True,0.5616552959580062,-0.02734596811051615,2.609090909090909,2.9727272727272727,110,,,,,,,-0.07921840066600369,20,3.86,1.25,100.1,6.0,4.0,99.0,33.0,1.0,0.0,1.0,14.0,SP,25.0,421.0,92.0,16.8,8.88,2.96,8.25,0.81,19.605885384900397,0.006990672152510036,4,0.5714285714285714,15.0,7,7,0,1,1.0,2.6929098911332194,0.132228676907274,0.24126984126984127,0.23351648351648352,0.11538461538461539,0.4514492753623188,0.3244260869565217,0.24166666666666667,3.76,0.29213481910368866
545341,Randal Grichuk,R,CWS,9,Nolan Mclean,R,690997.0,824558,NYM @ CWS,11:10 AM,23/08,Scheduled,0.5325119784037952,,,,False,0111101010,estimated,0,0,0.0,0,0,0.32186526678200533,0.3293872829719049,0.39420316022464513,0.4064432807834776,0.13535386600033575,20,1,-0.1552333147425172,0.968,65.0,B,0.29745762711864404,2.56170819340778,0.3733378210330505,0.25443068286436715,20,6,0,0.3067484662576687,0.15151515151515152,0.6350148367952523,0.30479016532428993,0.06019499788045782,0.2557544757033248,0.3042168674698795,0.33624454148471616,0.28145941921072226,0.30097087378640774,108,0.25806451612903225,97,False,False,0.5466778884327669,-0.014165910028971718,2.2528735632183907,2.3563218390804597,87,,,,,,,0.1329701852761944,20,3.34,1.16,142.2,9.0,8.0,162.0,54.0,0.0,0.0,0.0,25.0,SP,25.0,594.0,111.0,23.8,10.22,3.41,7.0,0.95,24.3209263779319,0.010254688262871459,9,1.0,-7.0,6,7,1,1,0.0,2.127628450238167,0.008252329183245546,0.24907063197026022,0.21830985915492956,0.03873239436619718,0.4553140096618358,0.3264347826086957,0.17560975609756097,3.443,0.31752327777092226
666211,Taylor Trammell,L,HOU,7,Brady Basso,L,669620.0,824150,ATH @ HOU,11:10 AM,23/08,Scheduled,0.5320190835124547,,,,False,1010000000,estimated,0,0,0.0,0,0,0.11942012529203927,0.25778912524584796,0.40013377766570074,0.22337051002977895,0.38432812530606125,20,1,-0.04597701149425287,0.998,58.5,C,0.2605042016806723,9.59522454108897,0.3964233855920857,0.17075162702527621,16,5,0,0.16666666666666666,0.21264367816091953,0.5826330532212886,0.4061624649859944,0.011204481792717087,0.19519519519519518,0.2123456790123457,0.1943127962085308,0.20031176929072486,0.26666666666666666,116,0.13580246913580246,94,False,False,0.5246639395545238,0.00735514395793091,2.735294117647059,3.088235294117647,68,,,,,,,-0.152675404068358,20,3.91,1.35,23.0,0.0,0.0,19.0,3.0,0.0,1.0,1.0,2.0,RP,16.0,100.0,28.0,6.2,7.43,1.17,10.96,0.78,6.352446284114921,-0.005544083512454834,8,0.8888888888888888,-10.0,5,6,1,1,0.0,3.3382861736710914,0.06879124670801451,0.20512820512820512,0.3146067415730337,0.10393258426966293,0.38833333333333336,0.29146,0.23076923076923078,3.76,0.3679845961618671
683146,Brett Baty,L,NYM,8,Sean Newcomb,L,656794.0,824558,NYM @ CWS,11:10 AM,23/08,Scheduled,0.5316383189163433,,,,False,1001001011,estimated,0,0,0.0,0,0,0.24265969692109404,0.3068344159374185,0.5467737433803704,0.3140237017287882,0.29294031103529844,20,1,-0.03854362837413686,0.968,55.2,C,0.31092436974789917,1.6260385576634193,0.43117312853954626,0.1981716787707174,20,4,0,0.18518518518518517,0.22372881355932203,0.6103286384976526,0.3615023474178404,0.028169014084507043,0.2267080745341615,0.1899696048632219,0.250936329588015,0.22181964573268922,0.2512315270935961,224,0.17123287671232876,168,False,False,0.5388019930761656,-0.007163674159822331,3.144144144144144,3.5315315315315314,111,,,,,,,0.04749532001095696,20,2.44,1.1,70.0,1.0,3.0,64.0,27.0,4.0,1.0,5.0,3.0,RP,47.0,283.0,50.0,6.0,8.23,3.47,6.43,0.26,5.7735912865978,-0.018195461773486077,7,0.7,4.0,7,6,1,1,0.0,3.2131770835045477,0.10237711337114525,0.2222222222222222,0.2718676122931442,0.08747044917257683,0.4242078580481622,0.31989353612167304,0.22448979591836735,3.599,0.3101829758388469
701852,Drew Cavanaugh,L,SF,8,Jake Bennett,L,687562.0,824720,SF @ BOS,12:15 PM,23/08,Scheduled,0.5313948329117778,,,,False,0001101000,estimated,0,0,0.0,0,0,0.19030770507371497,0.2630547022760058,0.26775167655554866,0.24377943192365345,0.3055803454604315,20,2,-0.08559046587215599,1.063,76.8,B,0.2651122625215889,4.028130048827293,0.36451727300853143,0.19775688637704386,14,9,0,0.15384615384615385,0.23943661971830985,0.6335944299390774,0.10356832027850305,0.2628372497824195,0.1781818181818182,0.15853658536585366,0.23333333333333334,0.17928286852589642,0.19047619047619047,50,0.2619047619047619,49,True,True,0.5126285499399329,0.018766282971844905,2.5454545454545454,3.0,33,,,,,,,-0.2125667332002083,20,3.46,1.07,80.2,7.0,6.0,61.0,17.0,0.0,0.0,0.0,14.0,SP,14.0,323.0,69.0,23.1,6.81,1.9,7.7,0.67,23.22146353846782,-0.01131983291177785,8,1.0,15.0,7,6,1,1,0.0,2.999970257368957,0.1095285602753595,0.2261904761904762,0.24242424242424243,0.13131313131313133,0.26666666666666666,0.32614166666666666,0.17567567567567569,3.599,0.30905501389165657
665923,Esteury Ruiz,R,MIA,9,Jackson Kent,L,800600.0,823827,WSH @ MIA,10:40 AM,23/08,Scheduled,0.5287415237241803,,,,False,1000110010,estimated,0,0,0.0,0,0,0.21936830169407254,0.3035525397075536,0.23720282539221116,0.43386148912568073,0.4115598169759179,20,1,-0.06583506583506582,1.0,50.0,C,0.2037037037037037,,,,2,5,0,0.21794871794871795,0.28378378378378377,0.4567901234567901,0.3333333333333333,0.20987654320987653,0.18604651162790697,0.16560509554140126,0.2222222222222222,0.18518518518518517,0.2375,98,0.2638888888888889,86,False,True,0.5042077779295823,0.024533745794597994,2.1714285714285713,2.6285714285714286,70,,,,,,,-0.07469456543827044,20,9.39,2.48,7.2,0.0,1.0,9.0,8.0,0.0,0.0,0.0,2.0,SP,2.0,41.0,11.0,20.5,10.57,9.39,12.91,1.17,,-0.02677485705751359,6,0.6666666666666666,4.0,7,6,0,1,0.0,2.9558266953673162,0.04670449965488075,0.22264150943396227,0.30670926517571884,0.08626198083067092,0.27416173570019725,0.2657100591715976,0.3,3.443,0.3089246745074752
641857,Ryan Mcmahon,L,NYY,8,José Soriano,R,667755.0,823507,TOR @ NYY,10:35 AM,23/08,Scheduled,0.5287415237241803,,,,False,0011010001,estimated,0,0,0.0,0,0,0.174810866501938,0.318411086977213,0.3617575754169299,0.3031458905808778,0.3667184463833234,20,4,-0.057237002684891375,1.007,47.1,D,0.2990570273911091,1.9604499382654452,0.4127342812005071,0.20030481371733286,20,5,0,0.2647058823529412,0.2074688796680498,0.5071877807726864,0.29829290206648695,0.1945193171608266,0.1918997107039537,0.19753086419753085,0.24,0.1984,0.1793103448275862,158,0.25384615384615383,144,False,False,0.5310345018898318,-0.002292978165651549,2.806122448979592,3.0816326530612246,98,,,,,,,-0.04229718631919509,20,3.23,1.26,139.1,10.0,6.0,136.0,62.0,0.0,0.0,0.0,25.0,SP,25.0,578.0,114.0,23.1,8.78,4.0,7.36,0.84,22.62889352772783,-0.010921523724180315,5,0.7142857142857143,14.0,6,6,0,1,0.0,3.020179847014799,0.10591395135615443,0.22023809523809523,0.3054054054054054,0.07567567567567568,0.4977578475336323,0.3380881913303438,0.23465703971119134,3.599,0.2754509417413957
663494,Bryan Torres,L,STL,9,Cristopher Sánchez,L,650911.0,823421,STL @ PHI,10:35 AM,23/08,Scheduled,0.5287160235049333,,,,False,0010111110,estimated,0,0,0.0,0,0,0.22684535508359013,0.2771122833856496,0.17191231337122573,0.2809328200248395,0.1407506780203125,20,1,0.1380952380952381,1.009,74.1,B,0.3269230769230769,4.4228841667261145,0.39883889367637504,0.2720092720150654,20,6,0,0.35714285714285715,0.21904761904761905,0.4326923076923077,0.19147157190635453,0.3758361204013378,0.2231578947368421,0.2102803738317757,0.24242424242424243,0.22208121827411167,0.25,70,0.21818181818181817,62,True,False,0.551625002185777,-0.02290897868084374,2.4791666666666665,2.75,48,,,,,,,-0.13994349780128265,20,2.51,1.22,161.2,16.0,4.0,187.0,38.0,0.0,0.0,0.0,26.0,SP,26.0,673.0,159.0,25.9,10.41,2.12,8.85,0.72,25.459309618756684,0.023033976495066666,8,1.0,-11.0,7,8,1,1,0.0,2.7993072226620175,0.05892167146747,0.24166666666666667,0.19548872180451127,0.07518796992481203,0.3049645390070922,0.3112340425531915,0.13793103448275862,3.443,0.3358313490026647
642350,José Siri,R,LAA,9,Cal Quantrill,R,615698.0,822856,LAA @ TEX,11:35 AM,23/08,Scheduled,0.5245246533797276,,,,False,0011100010,estimated,0,0,0.0,0,0,0.19616935668513102,0.40064857206593507,0.5727136389098634,0.3753491106263458,0.38136837557098435,20,1,0.1482371794871795,0.964,65.1,B,0.2469237079573421,3.0549214795399227,0.34668865296492085,0.1569258106875579,20,5,0,0.19791666666666666,0.34615384615384615,0.7325102880658436,0.044444444444444446,0.22304526748971193,0.2649402390438247,0.2292358803986711,0.2052980132450331,0.2442827442827443,0.25316455696202533,83,0.2463768115942029,81,False,False,0.5262305874185207,-0.0017059340387930444,2.3492063492063493,2.6031746031746033,63,,,,,,,0.009212184641772174,20,3.13,1.15,77.2,5.0,4.0,54.0,22.0,0.0,0.0,0.0,9.0,RP,26.0,323.0,67.0,12.4,6.26,2.55,7.76,1.04,15.211882249545823,-0.009741320046394386,6,0.6666666666666666,7.0,6,6,1,1,0.0,2.7564970290805753,0.062407680029486844,0.20249221183800623,0.38108882521489973,0.06017191977077364,0.42021276595744683,0.30157978723404255,0.2,3.443,0.30622609924479666
622268,Donovan Walton,L,ATH,9,Cristian Javier,R,664299.0,824150,ATH @ HOU,11:10 AM,23/08,Scheduled,0.5235110415337649,,,,False,0110101111,estimated,0,0,0.0,0,0,0.27457599507901853,0.2801163910462853,0.28930976102602984,0.3021997587119866,0.1435192725076448,20,1,0.08873239436619718,0.998,32.0,F,0.2557427258805513,2.379728961490607,0.40546030262308264,0.21912882684412355,11,5,0,0.2,0.2887323943661972,0.5773353751914242,0.26339969372128635,0.15926493108728942,0.2706333973128599,0.24437299035369775,0.25555555555555554,0.2601994560290118,0.2808988764044944,98,0.2857142857142857,78,False,False,0.5287415237241803,-0.005230482190415331,2.814814814814815,3.259259259259259,54,,,,,,,0.10477307345265405,20,6.44,1.68,36.1,1.0,4.0,30.0,17.0,0.0,0.0,0.0,7.0,SP,11.0,167.0,44.0,15.2,7.43,4.21,10.9,1.73,15.711753290328298,-0.005771041533764842,5,0.7142857142857143,3.0,7,7,1,1,0.0,3.1826379370445714,0.12157489713209844,0.21908127208480566,0.17337461300309598,0.09287925696594428,0.32709251101321585,0.2556123348017621,0.27941176470588236,3.443,0.3165325977328633
679822,Justin Foscue,R,TEX,7,Yusei Kikuchi,L,579328.0,822856,LAA @ TEX,11:35 AM,23/08,Scheduled,0.523468805081107,,,,False,1101001110,estimated,0,0,0.0,0,0,0.30147143657381203,0.32817008188137503,0.3998572445889798,0.36852117069176654,0.19050968021365536,20,2,0.20747295968534907,0.964,45.5,D,0.2768959435626102,2.188815860691523,0.4048168019092623,0.22109339133906597,7,116,0,0.3185840707964602,0.1111111111111111,0.4532627865961199,0.32451499118165783,0.2222222222222222,0.23609022556390977,0.29190751445086704,0.3312883435582822,0.2657580919931857,0.2857142857142857,92,0.22972972972972974,84,False,False,0.5316383189163433,-0.00816951383523623,2.2253521126760565,2.4788732394366195,71,,,,,,,-0.19281258535515763,20,5.81,1.58,31.0,0.0,3.0,33.0,14.0,0.0,0.0,0.0,7.0,SP,7.0,142.0,35.0,20.3,9.58,4.06,10.16,0.87,19.780255688872202,-0.0079402336525356,7,0.875,-5.0,5,6,1,1,0.0,2.325708580564074,0.11228619980896598,0.19678714859437751,0.2872727272727273,0.06909090909090909,0.3264705882352941,0.25518823529411766,0.28421052631578947,3.76,0.27482262244009203
664774,Lamonte Wade,L,HOU,9,Brady Basso,L,669620.0,824150,ATH @ HOU,11:10 AM,23/08,Scheduled,0.51978363189013,,,,False,0001001101,estimated,0,0,0.0,0,0,0.2785538497119794,0.3229481226228511,0.4892280916748793,0.37465027402968865,0.2396970841181084,20,1,-0.024999999999999994,0.998,58.5,C,0.2605042016806723,9.59522454108897,0.3964233855920857,0.17075162702527621,16,5,0,0.2,0.225,0.5826330532212886,0.4061624649859944,0.011204481792717087,0.21908893709327548,0.20320855614973263,0.14285714285714285,0.20179948586118251,0.17543859649122806,65,0.30303030303030304,42,False,False,0.5025021130711362,0.017281518818993757,2.5714285714285716,3.057142857142857,35,,,,,,,0.02328361514479746,20,3.91,1.35,23.0,0.0,0.0,19.0,3.0,0.0,1.0,1.0,2.0,RP,16.0,100.0,28.0,6.2,7.43,1.17,10.96,0.78,6.352446284114921,-0.003971131890129986,8,0.8888888888888888,-10.0,5,6,1,1,0.0,2.665794453100079,0.13019186995956666,0.19384615384615383,0.23697916666666666,0.13020833333333334,0.333974358974359,0.2619102564102564,0.23076923076923078,3.443,0.3679845961618671
664023,Ian Happ,L,CHC,5,Bryce Miller,R,682243.0,823099,CHC @ SEA,1:10 PM,23/08,Scheduled,0.518409716136477,,,,False,1000111010,estimated,0,0,0.0,0,0,0.17482863348497757,0.26486573221002097,0.36644225648081924,0.28094525965864287,0.3202278766539151,20,1,0.02353739104222663,0.906,85.0,A,0.2763929618768328,4.416297031102123,0.33474950669481807,0.2356656283528452,16,5,0,0.19834710743801653,0.22188449848024316,0.5308823529411765,0.21176470588235294,0.25735294117647056,0.19548081975827641,0.2032258064516129,0.19205298013245034,0.19792773645058448,0.2134387351778656,295,0.2182741116751269,232,False,False,0.5397798523933869,-0.021370136256909866,3.629032258064516,4.25,124,,,,,,,-0.007444166741516651,20,3.71,1.04,89.2,4.0,7.0,87.0,18.0,0.0,0.0,0.0,15.0,SP,16.0,354.0,75.0,22.1,8.73,1.81,7.53,1.51,22.507979657232802,0.003270283863522905,5,0.7142857142857143,-15.0,7,6,0,1,0.0,3.620459268792451,0.13998844835197582,0.21559633027522937,0.30844793713163066,0.11787819253438114,0.4151732377538829,0.30884229390681006,0.24193548387096775,4.024,0.36505908439439927
807727,Charles Mcadoo,R,TOR,8,Carlos Rodón,L,607074.0,823507,TOR @ NYY,10:35 AM,23/08,Scheduled,0.5145531496997147,,,,False,0100111101,estimated,0,0,0.0,0,0,0.2508359613824503,0.3223685555717131,0.25458388682443295,0.35887234092636155,0.33780961378408964,19,1,0.008602150537634412,1.007,60.8,C,0.2695749440715884,2.047682005023973,0.3560892251741468,0.2653772512162215,10,5,0,0.26666666666666666,0.25806451612903225,0.5816554809843401,0.2684563758389262,0.14988814317673377,0.24172185430463577,0.13953488372093023,0.2711864406779661,0.22595078299776286,0.25,44,0.2857142857142857,21,True,False,0.5388019930761656,-0.024248843376450946,3.210526315789474,3.4210526315789473,19,,,,,,,0.03031155813574748,19,3.22,1.23,50.1,4.0,2.0,56.0,28.0,0.0,0.0,0.0,10.0,SP,10.0,211.0,34.0,21.1,10.01,5.01,6.08,0.72,21.150372060024715,0.02386113601457107,7,0.875,-2.0,7,6,0,1,0.0,3.5252005109124713,0.04603449965970094,0.24615384615384617,0.2714285714285714,0.05714285714285714,0.2826086956521739,0.31295652173913047,0.18181818181818182,3.599,0.29893933610071804
669224,Austin Wells,L,NYY,9,José Soriano,R,667755.0,823507,TOR @ NYY,10:35 AM,23/08,Scheduled,0.5136597773682678,,,,False,1101000101,estimated,0,0,0.0,0,0,0.20754149499528132,0.26734926928935465,0.3816214848520959,0.3499636368501652,0.21197316554140888,20,1,0.03292765382014873,1.007,47.1,D,0.2990570273911091,1.9604499382654452,0.4127342812005071,0.20030481371733286,20,5,0,0.14942528735632185,0.18235294117647058,0.5071877807726864,0.29829290206648695,0.1945193171608266,0.15311004784688995,0.1359724612736661,0.13357400722021662,0.14571092831962398,0.15436241610738255,164,0.19444444444444445,130,False,False,0.517432733591591,-0.0037729562233231873,2.7934782608695654,3.1956521739130435,92,,,,,,,0.012200702167536905,20,3.23,1.26,139.1,10.0,6.0,136.0,62.0,0.0,0.0,0.0,25.0,SP,25.0,578.0,114.0,23.1,8.78,4.0,7.36,0.84,22.62889352772783,-0.008239777368267864,5,0.7142857142857143,14.0,6,6,0,1,0.0,2.8551836604781813,0.08211983890144131,0.1893491124260355,0.2734375,0.09114583333333333,0.44277539341917027,0.30765808297567954,0.23465703971119134,3.443,0.2754509417413957
805347,Jim Jarvis,L,ATL,9,Shane Drohan,L,675660.0,823745,ATL @ MIL,4:10 PM,23/08,Scheduled,0.5116149380939702,,,,False,0100001000,estimated,0,0,0.0,0,0,0.10296284061709353,0.2607478113868536,0.31780144152422996,0.1394499630368956,0.21023471026281007,20,1,0.1414141414141414,0.97,66.5,B,0.2982900569981001,2.8521545758209115,0.4019134564219198,0.251772897881994,20,5,0,0.3333333333333333,0.1919191919191919,0.6124129195693477,0.3394553514882837,0.048131728942368585,0.20056497175141244,0.21052631578947367,0.184,0.19969278033794163,0.20967741935483872,68,0.20408163265306123,56,True,True,0.5319318135441155,-0.020316875450145266,2.9210526315789473,3.263157894736842,38,,,,,,,-0.2582842380611089,20,3.86,1.25,100.1,6.0,4.0,99.0,33.0,1.0,0.0,1.0,14.0,SP,25.0,421.0,92.0,16.8,8.88,2.96,8.25,0.81,19.605885384900397,0.005585061906029698,4,0.5714285714285714,15.0,7,7,0,1,1.0,3.1125499379444372,0.0857057709619201,0.20175438596491227,0.1875,0.0703125,0.3648148148148148,0.28852222222222224,0.24166666666666667,3.443,0.29213481910368866
666152,David Hamilton,L,MIL,9,Tyler Mahle,R,641816.0,823745,ATL @ MIL,4:10 PM,23/08,Scheduled,0.5116149380939702,,,,False,1010110011,estimated,0,0,0.0,0,0,0.23844028345114404,0.34403128860585963,0.2842175681060851,0.37068563592295894,0.24304275309542547,20,3,0.053525641025641,0.97,60.6,C,0.27756653992395436,3.0289631323485198,0.39199226013950095,0.23036753354190345,20,5,0,0.19230769230769232,0.24583333333333332,0.6612289287656336,0.06960304513322457,0.26916802610114193,0.23974082073434125,0.20428015564202334,0.16901408450704225,0.2181922855497985,0.22535211267605634,163,0.25806451612903225,144,False,False,0.5319318135441155,-0.020316875450145266,2.9555555555555557,3.411111111111111,90,,,,,,,0.008356401322894653,20,4.53,1.31,113.1,4.0,10.0,108.0,40.0,0.0,0.0,0.0,21.0,SP,21.0,473.0,108.0,22.5,8.58,3.18,8.58,1.27,22.793834918153358,-0.003631604760636953,6,0.8571428571428571,2.0,7,6,0,1,1.0,3.3598217595196966,0.10453714911773634,0.2536443148688047,0.22110552763819097,0.09547738693467336,0.30620915032679735,0.2717823529411765,0.22317596566523606,3.443,0.3036459088611165
670032,Nicky Lopez,L,TEX,9,Yusei Kikuchi,L,579328.0,822856,LAA @ TEX,11:35 AM,23/08,Scheduled,0.5098670367828663,,,,False,0001010000,estimated,5,1,0.2,1,2023,0.11247118489124416,0.20987497414486744,0.10842830492937261,0.14956412094138635,0.26335839407663614,20,1,0.15858585858585858,0.964,45.5,D,0.2768959435626102,2.188815860691523,0.4048168019092623,0.22109339133906597,7,116,0,0.3888888888888889,0.23030303030303031,0.4532627865961199,0.32451499118165783,0.2222222222222222,0.2934306569343066,0.2225609756097561,0.24102564102564103,0.26572847682119205,0.2962962962962963,117,0.21505376344086022,107,False,False,0.5219603098641025,-0.0120932730812362,2.7162162162162162,3.027027027027027,74,,,,,,,-0.21840436449348027,20,5.81,1.58,31.0,0.0,3.0,33.0,14.0,0.0,0.0,0.0,7.0,SP,7.0,142.0,35.0,20.3,9.58,4.06,10.16,0.87,19.780255688872202,-0.000881322497152004,7,0.875,-5.0,5,6,1,1,0.0,2.456357322843663,0.00575599960531377,0.2403560830860534,0.16180371352785147,0.06896551724137931,0.2179951690821256,0.2639347826086957,0.27586206896551724,3.443,0.27482262244009203
664702,Myles Straw,R,TOR,9,Carlos Rodón,L,607074.0,823507,TOR @ NYY,10:35 AM,23/08,Scheduled,0.508704334791243,,,,False,1100000001,estimated,8,1,0.125,1,2022,0.13072474022698505,0.2072742882251248,0.15376680054177913,0.13621074138560907,0.1302326893588211,20,1,-0.02021505376344085,1.007,60.8,C,0.2695749440715884,2.047682005023973,0.3560892251741468,0.2653772512162215,10,5,0,0.2064516129032258,0.22666666666666666,0.5816554809843401,0.2684563758389262,0.14988814317673377,0.21136363636363636,0.19708029197080293,0.13793103448275862,0.19863481228668942,0.24545454545454545,121,0.18333333333333332,134,False,False,0.5370908913214377,-0.02838655653019473,2.277227722772277,2.5247524752475248,101,,,,,,,-0.17055514362801324,20,3.22,1.23,50.1,4.0,2.0,56.0,28.0,0.0,0.0,0.0,10.0,SP,10.0,211.0,34.0,21.1,10.01,5.01,6.08,0.72,21.150372060024715,0.03329566520875693,7,0.875,-2.0,7,6,0,1,0.0,3.1842660787582586,0.09746764823019337,0.20833333333333334,0.14675767918088736,0.06825938566552901,0.251131221719457,0.2803212669683258,0.18181818181818182,3.443,0.29893933610071804
694497,Evan Carter,L,TEX,8,Yusei Kikuchi,L,579328.0,822856,LAA @ TEX,11:35 AM,23/08,Scheduled,0.5073663263537671,,,,False,1111101010,estimated,0,0,0.0,0,0,0.17383188431576516,0.25409444663423564,0.26456570014718683,0.2862096281155808,0.3108829663641328,20,1,0.06792367105860972,0.964,45.5,D,0.2768959435626102,2.188815860691523,0.4048168019092623,0.22109339133906597,7,116,0,0.25806451612903225,0.19014084507042253,0.4532627865961199,0.32451499118165783,0.2222222222222222,0.19919678714859437,0.16897081413210446,0.17523809523809525,0.18721649484536082,0.22099447513812154,212,0.16417910447761194,157,False,False,0.5094382601199977,-0.0020719337662306048,2.8636363636363638,3.3545454545454545,110,,,,,,,-0.03980867324020785,20,5.81,1.58,31.0,0.0,3.0,33.0,14.0,0.0,0.0,0.0,7.0,SP,7.0,142.0,35.0,20.3,9.58,4.06,10.16,0.87,19.780255688872202,-0.004066326353767136,7,0.875,-5.0,5,6,1,1,0.0,3.2579642509972078,0.019206650823573233,0.19186046511627908,0.2400990099009901,0.11386138613861387,0.35728744939271256,0.2761983805668016,0.27586206896551724,3.599,0.27482262244009203
680779,Henry Davis,R,PIT,9,Blake Snell,L,605483.0,823909,PIT @ LAD,1:10 PM,23/08,Scheduled,0.5042077779295823,,,,False,1010001000,estimated,8,2,0.25,1,2023,0.13415052203519715,0.2505790161289598,0.35143463245675427,0.17835308927659954,0.21228345313110378,20,1,-0.05540581012279125,0.973,70.0,B,0.3426294820717131,,,,3,6,0,0.12698412698412698,0.18238993710691823,0.47808764940239046,0.36254980079681276,0.1593625498007968,0.1743119266055046,0.13658536585365855,0.18421052631578946,0.16243654822335024,0.15079365079365079,144,0.1875,113,False,False,0.5042077779295823,0.0,2.96,3.4266666666666667,75,,,,,,,-0.19613905921992644,20,3.6,1.13,15.0,1.0,1.0,20.0,6.0,0.0,0.0,0.0,3.0,SP,3.0,63.0,11.0,21.0,12.0,3.6,6.6,0.0,,-0.017893492215296514,7,0.875,7.0,7,6,0,1,0.0,3.146373826258461,0.07396749196947108,0.16022099447513813,0.2457831325301205,0.07710843373493977,0.4060897435897436,0.2640846153846154,0.22857142857142856,3.443,0.3201230377596863
691777,Max Muncy,R,ATH,8,Cristian Javier,R,664299.0,824150,ATH @ HOU,11:10 AM,23/08,Scheduled,0.5041655414769245,,,,False,0000101001,estimated,0,0,0.0,0,0,0.1347254917283986,0.25916628964555904,0.2508640206243287,0.20664991354544432,0.33686803310976937,20,1,0.05711987127916332,0.998,32.0,F,0.2557427258805513,2.379728961490607,0.40546030262308264,0.21912882684412355,11,5,0,0.18181818181818182,0.23893805309734514,0.5773353751914242,0.26339969372128635,0.15926493108728942,0.2288488210818308,0.18284424379232506,0.15609756097560976,0.20218181818181818,0.2222222222222222,123,0.20430107526881722,104,False,False,0.5184120681483825,-0.014246526671457982,3.140625,3.546875,64,,,,,,,-0.20594356834539815,20,6.44,1.68,36.1,1.0,4.0,30.0,17.0,0.0,0.0,0.0,7.0,SP,11.0,167.0,44.0,15.2,7.43,4.21,10.9,1.73,15.711753290328298,-0.005305541476924525,5,0.7142857142857143,3.0,7,7,1,1,0.0,3.118369748088817,0.0959248478225983,0.22077922077922077,0.3129411764705882,0.06588235294117648,0.3955026455026455,0.30328571428571427,0.31645569620253167,3.599,0.3165325977328633
624424,Michael Conforto,L,CHC,8,Bryce Miller,R,682243.0,823099,CHC @ SEA,1:10 PM,23/08,Scheduled,0.5024598766184784,,,,False,1100100000,estimated,0,0,0.0,0,0,0.12987623363303993,0.25230946719962655,0.32209851791327915,0.21580817869354416,0.36480335169648537,20,2,0.0,0.906,85.0,A,0.2763929618768328,4.416297031102123,0.33474950669481807,0.2356656283528452,16,5,0,,0.2182741116751269,0.5308823529411765,0.21176470588235294,0.25735294117647056,0.1996904024767802,0.1564625850340136,0.16,0.17698470502549163,0.19387755102040816,113,0.24242424242424243,117,False,False,0.5140712265634503,-0.011611349944971927,2.3176470588235296,2.7058823529411766,85,,,,,,,-0.2711411544236659,20,3.71,1.04,89.2,4.0,7.0,87.0,18.0,0.0,0.0,0.0,15.0,SP,16.0,354.0,75.0,22.1,8.73,1.81,7.53,1.51,22.507979657232802,-0.006699876618478318,5,0.7142857142857143,-15.0,7,6,0,1,0.0,3.1275673227070007,0.07156515893494976,0.23411371237458195,0.27953890489913547,0.10951008645533142,0.46947194719471946,0.3185742574257426,0.24193548387096775,3.599,0.36505908439439927
676439,Hunter Feduccia,L,LAD,9,Lake Bachar,R,669199.0,823909,PIT @ LAD,1:10 PM,23/08,Scheduled,0.49995916618937924,,,,False,1101011001,estimated,0,0,0.0,0,0,0.25171848134159835,0.3759462080765493,0.43890177234980116,0.30086340037174186,0.1409120870356181,20,2,0.059792556436851746,0.973,76.7,B,0.29345955249569705,2.0371862747118805,0.19430155911553884,0.23202256149901138,20,2,0,0.18181818181818182,0.24161073825503357,0.3324720068906115,0.5796726959517657,0.08785529715762273,0.20819112627986347,0.20300751879699247,0.2583732057416268,0.21393034825870647,0.24242424242424243,114,0.2222222222222222,80,False,False,0.5262305874185207,-0.026271421229141445,2.4782608695652173,2.8115942028985508,69,,,,,,,0.11247455506862986,20,3.75,1.11,69.2,1.0,2.0,73.0,27.0,2.0,1.0,3.0,5.0,RP,43.0,287.0,50.0,6.7,9.43,3.49,6.46,1.55,7.127470383054632,0.0017551195249065343,7,0.7777777777777778,2.0,7,6,0,1,0.0,2.9608466611768396,0.09057038315815628,0.20344827586206896,0.27245508982035926,0.10778443113772455,0.3555276381909548,0.3109899497487437,0.22142857142857142,3.443,0.3150018895415111
621438,Tyrone Taylor,R,CHC,9,Bryce Miller,R,682243.0,823099,CHC @ SEA,1:10 PM,23/08,Scheduled,0.49995916618937924,,,,False,1110001011,estimated,0,0,0.0,0,0,0.3198629100186092,0.34319231363986397,0.361842567967674,0.4384966257703025,0.18427861093626524,20,1,-0.009668109668109687,0.906,85.0,A,0.2763929618768328,4.416297031102123,0.33474950669481807,0.2356656283528452,16,5,0,0.25252525252525254,0.24285714285714285,0.5308823529411765,0.21176470588235294,0.25735294117647056,0.2440677966101695,0.23209169054441262,0.25384615384615383,0.24211502782931354,0.25,91,0.24719101123595505,99,False,False,0.5319318135441155,-0.031972647354736206,2.414285714285714,2.7142857142857144,70,,,,,,,0.032908167846237395,20,3.71,1.04,89.2,4.0,7.0,87.0,18.0,0.0,0.0,0.0,15.0,SP,16.0,354.0,75.0,22.1,8.73,1.81,7.53,1.51,22.507979657232802,0.016500833810620785,5,0.7142857142857143,-15.0,7,6,0,1,0.0,2.7478359072761,0.12408509341937012,0.2260061919504644,0.2111111111111111,0.058333333333333334,0.3323211875843455,0.29892712550607287,0.20408163265306123,3.443,0.36505908439439927
642215,Weston Wilson,R,SEA,9,Shota Imanaga,L,684007.0,823099,CHC @ SEA,1:10 PM,23/08,Scheduled,0.4926018560639031,,,,False,0010010001,estimated,0,0,0.0,0,0,0.17262825235290333,0.29540286520376197,0.44095584973892193,0.2829850134435776,0.3846417254087607,20,1,0.0653763440860215,0.906,80.6,A,0.2910943730615862,4.691668905879531,0.3275589848656715,0.24233126637943067,20,6,0,0.22666666666666666,0.16129032258064516,0.47562056737588654,0.19592198581560283,0.32845744680851063,0.19827586206896552,0.19130434782608696,0.24375,0.20540540540540542,0.1935483870967742,70,0.22727272727272727,52,False,False,0.5000014026420371,-0.007399546578133964,2.3555555555555556,2.7111111111111112,45,,,,,,,-0.051031825517411006,20,3.77,1.09,143.1,8.0,9.0,140.0,32.0,0.0,0.0,0.0,25.0,SP,25.0,578.0,124.0,23.1,8.79,2.01,7.79,1.82,23.195604570688484,-0.03306185606390316,5,0.8333333333333334,36.0,6,6,0,1,0.0,2.88786048248111,0.12803652260432594,0.20430107526881722,0.2893081761006289,0.10377358490566038,0.4081996434937611,0.31744563279857396,0.24040920716112532,3.443,0.30631299464964357
663728,Cal Raleigh,L,SEA,8,Shota Imanaga,L,684007.0,823099,CHC @ SEA,1:10 PM,23/08,Scheduled,0.47586968820898207,-104.0,108.0,51.0,False,1000100011,estimated,0,0,0.0,0,0,0.14736258789448103,0.24542730925964604,0.5092893517563833,0.21131734726128898,0.21216035928424332,20,1,-0.017069243156199676,0.906,80.6,A,0.2910943730615862,4.691668905879531,0.3275589848656715,0.24233126637943067,20,6,0,0.14814814814814814,0.16521739130434782,0.47562056737588654,0.19592198581560283,0.32845744680851063,0.1515527950310559,0.17428924598269468,0.1446886446886447,0.15649241146711637,0.17391304347826086,239,0.13740458015267176,158,False,False,0.49995916618937924,-0.024089477980397178,3.557894736842105,4.178947368421053,95,,,,,,,-0.04354610366698646,20,3.77,1.09,143.1,8.0,9.0,140.0,32.0,0.0,0.0,0.0,25.0,SP,25.0,578.0,124.0,23.1,8.79,2.01,7.79,1.82,23.195604570688484,0.0016303117910178577,5,0.8333333333333334,36.0,6,6,0,1,0.0,3.701872230094134,0.2696334288100017,0.18433179723502305,0.31952662721893493,0.11834319526627218,0.38174019607843135,0.29325,0.20270270270270271,3.599,0.30631299464964357
