batter_id,name,batter_hand,team,slot,pitcher,pitcher_hand,opp_pitcher_id,game_pk,matchup,start_time,game_date,game_state,p_hit,hit_odds,no_hit_odds,yes_cents,has_hit,last5,lineup_source,bvp_ab,bvp_h,bvp_avg,bvp_career,bvp_since,b_hit_rate,b_xba,b_hardhit,b_babip,b_k_rate,b_n_games,b_days_rest,split_diff,park_factor,p_rating,p_grade,p_csw,p_k_bb,p_hardhit_allowed,p_k_rate,p_n_games,p_days_rest,is_opener,b_hit_rate_vs_L,b_hit_rate_vs_R,p_use_fb,p_use_bb,p_use_os,b_hr_vs_fb,b_hr_vs_bb,b_hr_vs_os,b_hr_overall,b_hit_rate_vs_sp,b_pa_vs_sp,b_hit_rate_vs_rp,b_pa_vs_rp,b_is_rookie,p_is_rookie,base_p_hit,matchup_delta,b_avg_ab,b_avg_pa,b_games_played,p_multihit,base_p_multihit,p_multihit_matchup_delta,p_hrRbi,base_p_hrRbi,p_hrRbi_matchup_delta,b_quality_first3,b_n_games_first3,p_era,p_whip_official,p_ip,p_wins,p_losses,p_so,p_bb_official,p_saves,p_blown_saves,p_save_opps,p_games_started,p_role,p_games_pitched,p_bf_official,p_hits_allowed,p_bf_per_g,p_k9,p_bb9,p_h9,p_hr9,p_avg_bf,pen_delta,pen_available_n,pen_rested_frac,def_oaa_tonight,def_oaa_n,sched_games_7d,sched_day_after_night,sched_getaway,sched_tz_shift,b_pa,b_bb_rate,b_hit_rate_long,b_k_rate_long,b_bb_rate_long,b_hardhit_long,b_xba_long,p_hit_rate_vs_hand,slot_pa_exp,def_babip_allowed
676475,Alec Burleson,L,STL,3,Tanner Gordon,R,685299,824309,STL @ COL,12:10 PM,06/09,Scheduled,0.760256966009906,-355.0,376.0,78.0,False,1100100011,estimated,0,0,0.0,0,0,0.2073429411719905,0.2604919868274196,0.40209920480097244,0.2827310326861977,0.23776821796255937,20,1,0.017121320890165104,1.148,65.1,B,0.2716506291635825,5.3835290151171336,0.4126341853409992,0.19440136926735538,20,6,0,0.2642857142857143,0.2814070351758794,0.46463142218912884,0.3127326880119136,0.22263588979895757,0.29513721714010593,0.24084177708495713,0.33121019108280253,0.28481927710843374,0.2896341463414634,357,0.2571428571428571,239,False,False,0.6805444550692233,0.07971251094068266,3.8156028368794326,4.226950354609929,141,,,,,,,0.05482276290626702,20,5.18,1.4,88.2,1,4,72,16,0,0,0,8,RP,20,383,108,19.1,7.31,1.62,10.96,1.73,19.725446887634202,-0.011081966009905964,8,0.8,3.0,5,6,1,1,0.0,4.308414467117748,0.03366033683710763,0.28289473684210525,0.18127490039840638,0.06573705179282868,0.4915525114155251,0.36550136986301374,0.291866028708134,4.251,0.34214759925742805
671056,Iván Herrera,R,STL,2,Tanner Gordon,R,685299,824309,STL @ COL,12:10 PM,06/09,Scheduled,0.7462771114610426,-317.0,335.0,76.0,False,1000110111,estimated,0,0,0.0,0,0,0.254291106742847,0.3083740106042147,0.39286186391775313,0.371873113888603,0.2238776305890897,20,1,0.012442139128721996,1.148,65.1,B,0.2716506291635825,5.3835290151171336,0.4126341853409992,0.19440136926735538,20,6,0,0.24096385542168675,0.25340599455040874,0.46463142218912884,0.3127326880119136,0.22263588979895757,0.23241106719367588,0.2288021534320323,0.2504118616144975,0.23344120819848976,0.24242424242424243,388,0.26108374384236455,244,False,False,0.6478725566650528,0.09840455479598975,3.780141843971631,4.4822695035460995,141,,,,,,,0.0950071523949291,20,5.18,1.4,88.2,1,4,72,16,0,0,0,8,RP,20,383,108,19.1,7.31,1.62,10.96,1.73,19.725446887634202,-0.019052111461042576,8,0.8,3.0,5,6,1,1,0.0,4.682425669390275,0.11405961980135877,0.25272331154684097,0.19065420560747665,0.09345794392523364,0.39906629318394027,0.31169887955182074,0.31333333333333335,4.352,0.34214759925742805
691023,Jordan Walker,R,STL,4,Tanner Gordon,R,685299,824309,STL @ COL,12:10 PM,06/09,Scheduled,0.7417830010291814,-300.0,317.0,75.0,False,1110011110,estimated,0,0,0.0,0,0,0.2883181106430729,0.4045093899342124,0.6244632516961831,0.468615677877201,0.3418991492602059,20,1,-0.02540045766590393,1.148,65.1,B,0.2716506291635825,5.3835290151171336,0.4126341853409992,0.19440136926735538,20,6,0,0.30434782608695654,0.2789473684210526,0.46463142218912884,0.3127326880119136,0.22263588979895757,0.26259541984732826,0.25449700199866754,0.2706611570247934,0.26139511458071013,0.27607361963190186,353,0.3023255813953488,239,False,False,0.643023383105744,0.09875961792343735,3.920289855072464,4.2898550724637685,138,,,,,,,0.20409500042884895,20,5.18,1.4,88.2,1,4,72,16,0,0,0,8,RP,20,383,108,19.1,7.31,1.62,10.96,1.73,19.725446887634202,-0.02040800102918139,8,0.8,3.0,5,6,1,1,0.0,4.468906306731092,0.02228917317839869,0.2817796610169492,0.24612403100775193,0.06782945736434108,0.47077294685990334,0.3641768115942029,0.31333333333333335,4.16,0.34214759925742805
681198,Tj Rumfield,L,COL,4,Kyle Leahy,R,681517,824309,STL @ COL,12:10 PM,06/09,Scheduled,0.7398594653327653,,,,False,1111111111,estimated,0,0,0.0,0,0,0.35030286866695476,0.32245627697156387,0.3761396445827492,0.38932059529925667,0.10492728722602782,20,1,0.0244853737811484,1.148,57.2,C,0.27234440804866633,4.350657273579316,0.45644277122590754,0.24639445871419782,20,8,0,0.27692307692307694,0.30140845070422534,0.39325842696629215,0.46348314606741575,0.14325842696629212,0.29900157645822384,0.257679180887372,0.24096385542168675,0.27762656505171474,0.2664359861591695,333,0.336734693877551,229,True,False,0.6526771064781641,0.08718235885460113,3.5144927536231885,4.072463768115942,138,,,,,,,0.18465178264402407,20,3.13,1.31,129.1,10,4,118,38,0,0,0,26,SP,26,545,131,21.0,8.21,2.64,9.12,0.9,19.75848976124544,-0.03189946533276522,5,0.5555555555555556,-6.0,5,6,1,1,0.0,4.371272472888775,0.20807130662446086,0.2964705882352941,0.12955465587044535,0.1194331983805668,0.26223453370267774,0.3000409048938135,0.30739299610894943,4.16,0.36171341554562253
664983,Jake Mccarthy,L,COL,1,Kyle Leahy,R,681517,824309,STL @ COL,12:10 PM,06/09,Scheduled,0.7398539259081228,,,,False,1011111101,estimated,0,0,0.0,0,0,0.26397231778627334,0.31415501207245583,0.32100536070069724,0.30863857984843984,0.12503746484643763,20,1,-0.00361721611721616,1.148,57.2,C,0.27234440804866633,4.350657273579316,0.45644277122590754,0.24639445871419782,20,8,0,0.2923076923076923,0.28869047619047616,0.39325842696629215,0.46348314606741575,0.14325842696629212,0.2743515850144092,0.2548161120840631,0.25267665952890794,0.2652147971360382,0.29292929292929293,320,0.28402366863905326,190,False,False,0.6916072828593304,0.04824664304879245,3.7886178861788617,4.146341463414634,123,,,,,,,0.0007265038327242268,20,3.13,1.31,129.1,10,4,118,38,0,0,0,26,SP,26,545,131,21.0,8.21,2.64,9.12,0.9,19.75848976124544,-0.03711392590812279,5,0.5555555555555556,-6.0,5,6,1,1,0.0,4.745144496538366,0.08581140464113847,0.2945054945054945,0.15863453815261044,0.05421686746987952,0.2791223404255319,0.3330398936170213,0.30739299610894943,4.443,0.36171341554562253
694192,Jackson Chourio,R,MIL,3,Brady Singer,R,663903,824469,MIL @ CIN,9:10 AM,06/09,Pre-Game,0.7097995692208995,-233.0,245.0,70.0,False,1111111011,live,14,3,0.21428571428571427,1,2025,0.29565348363879634,0.3058879198531024,0.4533011983361808,0.36191974315053743,0.22327530480654034,20,1,-0.038940256045519206,1.083,47.7,D,0.2843737250101999,2.7435851211463658,0.4404014936348064,0.19589127380669574,20,6,0,0.3092105263157895,0.2702702702702703,0.5873469387755103,0.4126530612244898,0.0,0.2603826411572562,0.30438448566610454,0.24883720930232558,0.2731370989127552,0.291044776119403,291,0.2722222222222222,200,False,False,0.673725694458393,0.03607387476250645,4.148148148148148,4.546296296296297,108,,,,,,,0.08569501169550912,20,4.83,1.45,141.2,5,13,117,45,0,0,0,27,SP,27,633,160,23.4,7.43,2.86,10.16,1.65,24.698356327539013,-0.03166623588756612,6,0.75,-13.0,7,7,1,1,0.0,4.6925167237181515,0.03856518751020134,0.2816326530612245,0.23925233644859814,0.06355140186915888,0.487292817679558,0.3365511049723757,0.24019607843137256,4.251,0.3801305989440312
670541,Yordan Álvarez,L,HOU,2,Eduardo Rodríguez,L,593958,824142,AZ @ HOU,11:10 AM,06/09,Pre-Game,0.7054873314800384,-212.0,233.0,68.0,False,0010101010,estimated,13,7,0.5384615384615384,1,2022,0.2582048576039523,0.3773201661802011,0.4675565833967169,0.30193735750214534,0.19679493995731506,20,1,-0.07970144131777623,0.998,63.6,C,0.2557879014189694,2.514271647863477,0.30010281200318834,0.18739821790415165,20,5,0,0.25806451612903225,0.3377659574468085,0.6121076233183856,0.12144992526158445,0.26644245142002987,0.3122964169381108,0.2963620230700976,0.3769230769230769,0.3198912550974173,0.3465045592705167,393,0.2631578947368421,220,False,False,0.6879599157751451,0.017527415704893246,3.5714285714285716,4.378571428571429,140,,,,,,,-0.007196376712391541,20,2.59,1.22,167.0,14,5,122,55,0,0,0,28,SP,28,686,148,24.5,6.57,2.96,7.98,0.75,24.621948333496864,-0.023837331480038304,10,1.0,26.0,7,7,1,1,0.0,4.215979828821257,0.09919468616062463,0.31322505800464034,0.18546845124282982,0.10516252390057361,0.5466067864271457,0.41448203592814375,0.2552083333333333,4.352,0.2864087484668107
665487,Fernando Tatís,R,SD,1,Gerrit Cole,R,543037,823253,NYY @ SD,1:10 PM,06/09,Scheduled,0.7037411628667485,-212.0,233.0,68.0,False,1011011100,estimated,0,0,0.0,0,0,0.23475009072617262,0.37937369496009793,0.6015583982825937,0.3062813699791895,0.16014968749033162,20,1,-0.06204360388757557,0.954,64.0,C,0.29931120851596743,5.1637347609797715,0.44989896048628353,0.2623370841870568,18,5,0,0.3262411347517731,0.2641975308641975,0.5283982131461391,0.33312061263560944,0.13848117421825143,0.2685554668794892,0.26298960831334933,0.2236024844720497,0.2604946675743136,0.25073746312684364,385,0.3285024154589372,228,False,False,0.699265871348989,0.004475291517759494,3.9280575539568345,4.410071942446043,139,,,,,,,-0.09876627404899783,20,3.29,1.11,104.0,8,7,110,22,0,0,0,18,SP,18,426,93,23.7,9.52,1.9,8.05,1.13,23.95231779818056,-0.004198305723891238,7,1.0,2.0,6,6,0,1,0.0,4.405127012841953,0.04811019203071241,0.2860125260960334,0.17890772128060264,0.07532956685499058,0.5177517361111111,0.37298177083333334,0.27044025157232704,4.443,0.2804518688324367
694249,Cole Carrigg,L,COL,2,Kyle Leahy,R,681517,824309,STL @ COL,12:10 PM,06/09,Scheduled,0.7030544436299827,,,,False,1011000111,estimated,0,0,0.0,0,0,0.21309707200508043,0.30041375936143183,0.32442877807417214,0.29194165446040093,0.23946354827984323,20,1,-0.08392969240426867,1.148,57.2,C,0.27234440804866633,4.350657273579316,0.45644277122590754,0.24639445871419782,20,8,0,0.3135593220338983,0.22962962962962963,0.39325842696629215,0.46348314606741575,0.14325842696629212,0.26288659793814434,0.25102880658436216,0.24222222222222223,0.25418410041841005,0.27631578947368424,166,0.25742574257425743,124,True,False,0.6414507026079916,0.061603741021991065,3.6142857142857143,4.142857142857143,70,,,,,,,0.051868929120761784,20,3.13,1.31,129.1,10,4,118,38,0,0,0,26,SP,26,545,131,21.0,8.21,2.64,9.12,0.9,19.75848976124544,-0.020794443629982617,5,0.5555555555555556,-6.0,5,6,1,1,0.0,4.17318171477038,0.03313006427023793,0.2661596958174905,0.22185430463576158,0.08609271523178808,0.35119047619047616,0.3299693877551021,0.30739299610894943,4.352,0.36171341554562253
677951,Bobby Witt,R,KC,2,Spencer Arrighetti,R,681293,824065,TOR @ KC,11:10 AM,06/09,Pre-Game,0.699265871348989,-233.0,257.0,70.0,False,1111011011,estimated,7,3,0.42857142857142855,1,2024,0.248439361414253,0.3899019119578302,0.4925114502826987,0.31977929198538646,0.15116677452207147,20,1,0.03526514463352104,1.028,60.3,C,0.2823667252489748,1.5921399479354668,0.3076722457077645,0.20643086725367202,20,5,0,0.2585034013605442,0.29376854599406527,0.4630715123094959,0.46600234466588514,0.070926143024619,0.26247191011235954,0.2606060606060606,0.26666666666666666,0.2628643852978454,0.2908496732026144,333,0.2696629213483146,215,False,False,0.6946838815405144,0.004581989808474574,3.903225806451613,4.419354838709677,124,,,,,,,0.20935695755737785,20,4.82,1.34,99.0,7,8,97,55,0,0,0,18,SP,20,435,78,21.8,8.82,5.0,7.09,1.36,20.371622329110355,0.0026507953176776455,6,0.6666666666666666,17.0,6,6,1,1,0.0,4.445064898880595,0.08385091514013822,0.2835820895522388,0.17293233082706766,0.09210526315789473,0.5207780725022104,0.3774526967285588,0.2012987012987013,4.352,0.27080266338669884
650490,Yandy Díaz,R,TB,1,Mackenzie Gore,L,669022,822848,TB @ TEX,11:35 AM,06/09,Scheduled,0.699265871348989,,,,False,0111011110,estimated,0,0,0.0,0,0,0.30542484842461953,0.3475011537125464,0.5538546518989931,0.3644223996329464,0.11926403133308769,20,1,0.016941580756013763,0.964,60.2,C,0.2724528301886792,2.8857001987365507,0.3785306163190799,0.25047992654841056,20,5,0,0.31333333333333335,0.2963917525773196,0.5867019267094824,0.2859841329807329,0.12731394030978466,0.27348353552859617,0.2903225806451613,0.24663677130044842,0.2753171600267082,0.26392961876832843,379,0.36548223350253806,225,False,False,0.6952832498473853,0.003982621501603667,3.9558823529411766,4.4411764705882355,136,,,,,,,0.2524107711843714,20,4.31,1.29,154.2,8,10,169,60,0,0,0,29,SP,29,664,140,22.9,9.83,3.49,8.15,1.05,23.297243666754525,0.0017007953176776391,6,0.6,10.0,7,7,1,1,0.0,4.543209286238482,0.06345517975243006,0.29497907949790797,0.14634146341463414,0.07317073170731707,0.47725,0.345048125,0.23146067415730337,4.443,0.33367417839591434
665877,José Fermín,R,STL,5,Tanner Gordon,R,685299,824309,STL @ COL,12:10 PM,06/09,Scheduled,0.6972219475986843,,,,False,0110111101,estimated,0,0,0.0,0,0,0.2533702844650738,0.25730362205664453,0.2788922811429297,0.29099356850913294,0.1248629760700689,20,1,-0.0846305418719212,1.148,65.1,B,0.2716506291635825,5.3835290151171336,0.4126341853409992,0.19440136926735538,20,6,0,0.2742857142857143,0.1896551724137931,0.46463142218912884,0.3127326880119136,0.22263588979895757,0.25,0.2473604826546003,0.2937062937062937,0.2549562010142923,0.25,163,0.23076923076923078,164,False,False,0.6351656372788606,0.062056310319823726,2.8529411764705883,3.2058823529411766,102,,,,,,,0.09260649021532097,20,5.18,1.4,88.2,1,4,72,16,0,0,0,8,RP,20,383,108,19.1,7.31,1.62,10.96,1.73,19.725446887634202,-0.04034694759868429,8,0.8,3.0,5,6,1,1,0.0,3.6066023356019987,0.04559122048964034,0.2359882005899705,0.12532637075718014,0.0835509138381201,0.30274914089347077,0.2771340206185567,0.31333333333333335,4.026,0.34214759925742805
643446,Jeff Mcneil,L,ATH,2,Bryan Woo,R,693433,823091,ATH @ SEA,1:10 PM,06/09,Scheduled,0.6940515460610687,,,,False,1111011111,estimated,0,0,0.0,0,0,0.3185840825976745,0.3253921224607272,0.22291918536581587,0.3518291744413517,0.11730076589289819,20,1,-0.0005206009222073482,0.906,60.0,C,0.27177700348432055,4.86508543077086,0.4360085325024542,0.2598740626328332,20,5,0,0.2716049382716049,0.2710843373493976,0.6637592673353685,0.27649367640645445,0.05974705625817706,0.2513550135501355,0.22815533980582525,0.2469879518072289,0.24549290372075183,0.2703862660944206,251,0.2722222222222222,200,False,False,0.6873433585291338,0.006708187531934917,3.2777777777777777,3.5793650793650795,126,,,,,,,0.1281431382071297,20,4.25,1.09,148.1,10,9,149,31,0,0,0,26,SP,26,606,131,23.3,9.04,1.88,7.95,1.09,23.09331476589985,-0.0004372603467830416,7,0.875,-29.0,6,7,1,1,0.0,4.439130892512248,0.026813077188589253,0.2777777777777778,0.10392609699769054,0.057736720554272515,0.29715099715099713,0.31892022792022795,0.2422360248447205,4.352,0.3703589734267625
665489,Vladimir Guerrero,R,TOR,2,Randy Dobnak,R,677976,824065,TOR @ KC,11:10 AM,06/09,Pre-Game,0.6918504106430671,-270.0,285.0,73.0,False,1010111011,estimated,0,0,0.0,0,0,0.2604815227606605,0.3200969076950316,0.4940161050727121,0.271433269710966,0.06726437667203747,20,1,-0.0009413690780722406,1.028,31.8,F,0.2550813008130081,1.773373698033776,0.40293055179224074,0.16710987722950177,11,5,0,0.2620689655172414,0.26112759643916916,0.48577235772357724,0.3008130081300813,0.21341463414634146,0.26310989512083904,0.2521489971346705,0.2540045766590389,0.25971203477315946,0.25163398692810457,338,0.2784090909090909,205,False,False,0.6802037905875195,0.011646620055547618,3.765625,4.2421875,128,,,,,,,0.20190559893545304,20,2.65,1.39,57.2,2,3,40,23,0,0,0,9,SP,11,247,57,22.5,6.24,3.59,8.9,0.78,23.01440631999721,-0.0009948550875115147,9,0.9,24.0,7,6,1,1,0.0,4.315307452131663,0.047991188385388565,0.2599118942731278,0.1279527559055118,0.08070866141732283,0.4413024850042845,0.330426735218509,0.2413793103448276,4.352,0.3071408021877185
672386,Alejandro Kirk,R,TOR,3,Randy Dobnak,R,677976,824065,TOR @ KC,11:10 AM,06/09,Pre-Game,0.6902036659078203,,,,False,1001111011,estimated,0,0,0.0,0,0,0.27850559817955417,0.3170204794887935,0.5556815709410838,0.33938617307164465,0.12855481325578275,20,1,-0.05496828752642707,1.028,31.8,F,0.2550813008130081,1.773373698033776,0.40293055179224074,0.16710987722950177,11,5,0,0.30303030303030304,0.24806201550387597,0.48577235772357724,0.3008130081300813,0.21341463414634146,0.29963235294117646,0.268018018018018,0.36942675159235666,0.2965801886792453,0.336,139,0.1941747572815534,118,False,False,0.6737243206282094,0.016479345279610924,3.5076923076923077,3.953846153846154,65,,,,,,,0.23730222730539374,20,2.65,1.39,57.2,2,3,40,23,0,0,0,9,SP,11,247,57,22.5,6.24,3.59,8.9,0.78,23.01440631999721,-0.0011036659078202948,9,0.9,24.0,7,6,1,1,0.0,4.366090724239157,0.049526648708658944,0.26128266033254155,0.14345114345114346,0.09563409563409564,0.4449810606060606,0.3071278409090909,0.2413793103448276,4.251,0.3071408021877185
650333,Luis Arráez,L,PHI,4,Tyler Mahle,R,641816,823417,ATL @ PHI,10:10 AM,06/09,Pre-Game,0.6900325555778215,-223.0,233.0,69.0,False,1010011011,live,0,0,0.0,0,0,0.32476941822310457,0.3114076899333793,0.09683457321023227,0.3332382229074378,0.02746028018747705,20,1,-0.06714200831847894,1.009,59.9,C,0.28063241106719367,3.535566680264905,0.413577878425222,0.2388771191693665,20,7,0,0.36764705882352944,0.3005050505050505,0.655786350148368,0.06379821958456973,0.28041543026706234,0.3533891850723534,0.3281893004115226,0.3041825095057034,0.34041013268998793,0.36942675159235666,337,0.24311926605504589,244,False,False,0.6952832498473853,-0.005250694269563816,4.0,4.368421052631579,133,,,,,,,0.1967904025768218,20,4.25,1.29,125.0,5,10,121,42,0,0,0,23,SP,23,521,119,22.7,8.71,3.02,8.57,1.22,22.976701276945384,0.005124587279321413,7,0.875,14.0,7,6,1,0,0.0,3.853914216348739,0.01965702516939866,0.31950207468879666,0.04,0.0380952380952381,0.19154013015184382,0.3055357917570499,0.22692307692307692,4.16,0.3178049645701971
686797,Brooks Lee,L,MIN,2,Bryan Hudson,L,663542,824552,MIN @ CWS,3:20 PM,06/09,Scheduled,0.6889901032643803,-170.0,186.0,63.0,False,1110110101,estimated,0,0,0.0,0,0,0.23717986706187794,0.2781643979988683,0.510380429041939,0.2793919009058913,0.1498221335389933,20,1,-0.044151365281488636,0.968,77.7,B,0.30858960763520676,,0.38320238070544776,0.190703884740276,20,2,0,0.21768707482993196,0.2618384401114206,0.7331910352187834,0.26680896478121663,0.0,0.24984147114774888,0.2415370539798719,0.2528604118993135,0.2476056338028169,0.2508591065292096,305,0.24651162790697675,242,False,False,0.673725694458393,0.015264408805987228,3.8045112781954886,4.112781954887218,133,,,,,,,0.08588623236247117,20,3.03,1.21,59.1,4,4,55,17,7,3,10,7,RP,61,248,55,4.1,8.34,2.58,8.34,0.61,3.9421534163667045,-0.019165103264380257,8,0.8,9.0,7,6,0,1,0.0,4.2182410805279655,0.0,0.24838012958963282,0.15568862275449102,0.06187624750499002,0.33939393939393936,0.2775896103896104,0.2857142857142857,4.352,0.2990891775609954
703520,Brett Bateman,L,TOR,1,Randy Dobnak,R,677976,824065,TOR @ KC,11:10 AM,06/09,Pre-Game,0.68558752557581,,,,False,1111101111,estimated,0,0,0.0,0,0,0.3373608186840198,0.33767573397646816,0.13083410689557917,0.44350423071304446,0.1986200715701661,20,1,0.07706093189964158,1.028,31.8,F,0.2550813008130081,1.773373698033776,0.40293055179224074,0.16710987722950177,11,5,0,0.2777777777777778,0.3548387096774194,0.48577235772357724,0.3008130081300813,0.21341463414634146,0.34563106796116505,0.32663316582914576,0.3188405797101449,0.3371501272264631,0.35,70,0.2894736842105263,42,True,False,0.657097253521589,0.028490272054221055,4.083333333333333,4.666666666666667,24,,,,,,,0.16128260702262603,20,2.65,1.39,57.2,2,3,40,23,0,0,0,9,SP,11,247,57,22.5,6.24,3.59,8.9,0.78,23.01440631999721,-0.008954192242476733,9,0.9,24.0,7,6,1,1,0.0,4.653773249755978,0.10416811806009164,0.33,0.2,0.08695652173913043,0.16233766233766234,0.3084480519480519,0.26865671641791045,4.443,0.3071408021877185
691406,Junior Caminero,R,TB,3,Mackenzie Gore,L,669022,822848,TB @ TEX,11:35 AM,06/09,Scheduled,0.685557264060062,-194.0,212.0,66.0,False,1111110011,estimated,0,0,0.0,0,0,0.3040245220469828,0.3975014705135353,0.5547609619593601,0.40774184581664447,0.2252242833026324,20,1,-0.0029239766081871066,0.964,60.2,C,0.2724528301886792,2.8857001987365507,0.3785306163190799,0.25047992654841056,20,5,0,0.2777777777777778,0.2807017543859649,0.5867019267094824,0.2859841329807329,0.12731394030978466,0.3044047099869167,0.2795558458523841,0.3110773899848255,0.2970057243505064,0.3058823529411765,374,0.23645320197044334,244,False,False,0.6886338627412458,-0.0030765986811838175,3.851063829787234,4.382978723404255,141,,,,,,,0.3153176322252977,20,4.31,1.29,154.2,8,10,169,60,0,0,0,29,SP,29,664,140,22.9,9.83,3.49,8.15,1.05,23.297243666754525,0.004092735939937975,6,0.6,10.0,7,7,1,1,0.0,4.358698905047701,0.03168104124004401,0.28665207877461707,0.18929254302103252,0.08986615678776291,0.5237430167597765,0.3492011173184357,0.23146067415730337,4.251,0.33367417839591434
807712,Luke Keaschall,R,MIN,1,Bryan Hudson,L,663542,824552,MIN @ CWS,3:20 PM,06/09,Scheduled,0.6839105193248153,,,,False,0011111101,estimated,1,1,1.0,0,0,0.3368801924422271,0.30363491883131294,0.30203425963425834,0.37240428937444797,0.10762309874825193,20,1,-0.04622943815424055,0.968,77.7,B,0.30858960763520676,,0.38320238070544776,0.190703884740276,20,2,0,0.24516129032258063,0.2913907284768212,0.7331910352187834,0.26680896478121663,0.0,0.2786697247706422,0.24949698189134809,0.2641975308641975,0.26854787571337985,0.2923076923076923,300,0.25380710659898476,234,False,False,0.685216599578358,-0.0013060802535427296,3.462121212121212,4.045454545454546,132,,,,,,,0.13902216276227594,20,3.03,1.21,59.1,4,4,55,17,7,3,10,7,RP,61,248,55,4.1,8.34,2.58,8.34,0.61,3.9421534163667045,-0.002160519324815202,8,0.8,9.0,7,6,0,1,0.0,4.702702611425714,0.050642909384151655,0.28536585365853656,0.14699792960662525,0.09316770186335403,0.2949852507374631,0.2959970501474926,0.23484848484848486,4.443,0.2990891775609954
693304,Nick Gonzales,R,PIT,4,Walbert Ureña,R,700712,823336,LAA @ PIT,10:35 AM,06/09,Pre-Game,0.6811623019974302,,,,False,1101111101,live,0,0,0.0,0,0,0.2795832718607777,0.34550389884209487,0.2528810094584734,0.2982715613569411,0.11649566965080654,20,1,0.06254362440762651,1.013,65.4,B,0.2856466129796305,1.9532457611556198,0.3677829018640241,0.23524410783089064,20,6,0,0.26380368098159507,0.3263473053892216,0.5220902612826603,0.14346793349168646,0.3344418052256532,0.2798029556650246,0.2776148582600195,0.2590909090909091,0.2767958950969213,0.28903654485049834,316,0.33163265306122447,234,False,True,0.6765461616654199,0.004616140332010299,3.765151515151515,4.166666666666667,132,,,,,,,-0.012301284077837558,20,2.85,1.26,123.1,9,9,120,64,0,0,0,23,SP,25,525,91,21.0,8.76,4.67,6.64,0.58,22.042248826852774,-0.005724801997430307,8,0.8888888888888888,-5.0,7,6,1,1,0.0,4.47179461632647,0.1214793960008369,0.31140350877192985,0.1603960396039604,0.06930693069306931,0.33724444444444446,0.3468942222222222,0.19095477386934673,4.16,0.3411795166911076
802415,Chandler Simpson,L,TB,5,Mackenzie Gore,L,669022,822848,TB @ TEX,11:35 AM,06/09,Scheduled,0.6799872056954664,,,,False,1110111010,estimated,0,0,0.0,0,0,0.2958566788202941,0.2795541111825817,0.06760418182857275,0.3208673005569856,0.07206096485779225,20,1,-0.04908763234962832,0.964,60.2,C,0.2724528301886792,2.8857001987365507,0.3785306163190799,0.25047992654841056,20,5,0,0.26956521739130435,0.31865284974093266,0.5867019267094824,0.2859841329807329,0.12731394030978466,0.3121414913957935,0.2845953002610966,0.27114967462039047,0.3006888289907158,0.31893687707641194,324,0.29,219,False,False,0.6799872056954664,0.0,3.853846153846154,4.176923076923077,130,,,,,,,0.23094026755192698,20,4.31,1.29,154.2,8,10,169,60,0,0,0,29,SP,29,664,140,22.9,9.83,3.49,8.15,1.05,23.297243666754525,0.01079612763786697,6,0.6,10.0,7,7,1,1,0.0,4.236318480724647,0.020626700727253946,0.2987012987012987,0.08582834331337326,0.03992015968063872,0.12430389817024662,0.2792354813046937,0.25170068027210885,4.026,0.33367417839591434
641343,Jake Bauers,L,MIL,4,Brady Singer,R,663903,824469,MIL @ CIN,9:10 AM,06/09,Pre-Game,0.6798770920159226,-144.0,150.0,59.0,False,0101100010,live,6,0,0.0,1,2024,0.25267952700039537,0.4047841407912586,0.5632655544955223,0.3746822392260442,0.24732651633138555,20,1,-0.06006128702757918,1.083,47.7,D,0.2843737250101999,2.7435851211463658,0.4404014936348064,0.19589127380669574,20,6,0,0.3146067415730337,0.2545454545454545,0.5873469387755103,0.4126530612244898,0.0,0.2562358276643991,0.27413127413127414,0.249185667752443,0.25925925925925924,0.2809917355371901,291,0.24858757062146894,217,False,False,0.6217604524710952,0.058116639544827375,3.2992125984251968,4.0,127,,,,,,,-0.13408010225279626,20,4.83,1.45,141.2,5,13,117,45,0,0,0,27,SP,27,633,160,23.4,7.43,2.86,10.16,1.65,24.698356327539013,-0.05291042534925594,6,0.75,-13.0,7,7,1,1,0.0,4.03322821973812,0.3492921671773251,0.27341772151898736,0.2572614107883817,0.15975103734439833,0.5461254612546126,0.38012730627306274,0.30327868852459017,4.16,0.3801305989440312
803011,Sam Antonacci,L,CWS,1,Bailey Ober,R,641927,824552,MIN @ CWS,3:20 PM,06/09,Scheduled,0.6792957528229886,,,,False,1001100110,estimated,0,0,0.0,0,0,0.17084968334666104,0.2675877953221135,0.21728374764061217,0.21097561789832736,0.1464993361732651,20,1,0.002740749968855094,0.968,57.2,C,0.25598219254312743,2.4991456687425444,0.3763314229844854,0.16606192634886438,20,8,0,0.2608695652173913,0.2636103151862464,0.3500278241513634,0.3094045631608236,0.34056761268781305,0.2595171773444754,0.2249705535924617,0.23893805309734514,0.24789915966386555,0.25196850393700787,293,0.2804878048780488,198,True,False,0.6735839454329176,0.005711807390071044,3.4545454545454546,4.0578512396694215,121,,,,,,,-0.2108183953885302,20,4.37,1.24,113.1,7,4,79,31,0,0,0,21,SP,21,477,109,22.7,6.27,2.46,8.66,1.43,22.738939747461945,-0.022384641711877484,9,1.0,-6.0,5,7,0,1,0.0,4.139364425450065,0.16171641014139373,0.26265060240963856,0.15843621399176955,0.08436213991769548,0.3286489151873767,0.3306104536489152,0.23790322580645162,4.443,0.31951652380369056
665019,Kody Clemens,L,MIN,3,Bryan Hudson,L,663542,824552,MIN @ CWS,3:20 PM,06/09,Scheduled,0.6792943789928051,,,,False,0110011010,estimated,0,0,0.0,0,0,0.2758891282525335,0.4184415260023502,0.5523964825476416,0.3464187098887439,0.1881192714558311,20,1,0.026537140149271415,0.968,77.7,B,0.30858960763520676,,0.38320238070544776,0.190703884740276,20,2,0,0.2608695652173913,0.23433242506811988,0.7331910352187834,0.26680896478121663,0.0,0.23873204556711244,0.23641851106639838,0.22357723577235772,0.23603192702394526,0.27238805970149255,298,0.193717277486911,207,False,False,0.6497028148173902,0.029591564175414864,3.731707317073171,4.105691056910569,123,,,,,,,0.015985996249208906,20,3.03,1.21,59.1,4,4,55,17,7,3,10,7,RP,61,248,55,4.1,8.34,2.58,8.34,0.61,3.9421534163667045,-0.02244437899280516,8,0.8,9.0,7,6,0,1,0.0,4.148659645139733,0.11138082921643154,0.23883928571428573,0.22154471544715448,0.06300813008130081,0.4772861356932154,0.3405619469026549,0.2857142857142857,4.251,0.2990891775609954
678246,Miguel Vargas,R,CWS,3,Bailey Ober,R,641927,824552,MIN @ CWS,3:20 PM,06/09,Scheduled,0.679154003797513,-186.0,194.0,65.0,False,1101110111,estimated,0,0,0.0,0,0,0.3369392983466039,0.3632477826455292,0.38543383734570086,0.4140973623695407,0.16736838086632613,20,1,0.06904235533564934,0.968,57.2,C,0.25598219254312743,2.4991456687425444,0.3763314229844854,0.16606192634886438,20,8,0,0.20496894409937888,0.2740112994350282,0.3500278241513634,0.3094045631608236,0.34056761268781305,0.26585643752373717,0.2866817155756208,0.2656716417910448,0.2730858468677494,0.2848101265822785,368,0.20100502512562815,245,False,False,0.657097253521589,0.02205675027592402,3.7050359712230216,4.410071942446043,139,,,,,,,0.24115608534947208,20,4.37,1.24,113.1,7,4,79,31,0,0,0,21,SP,21,477,109,22.7,6.27,2.46,8.66,1.43,22.738939747461945,-0.026520670464179608,9,1.0,-6.0,5,7,0,1,0.0,4.3869336625595015,0.148310178476896,0.26681614349775784,0.17547169811320754,0.13018867924528302,0.4571293673276676,0.3517988668555241,0.25773195876288657,4.251,0.31951652380369056
701675,Nathan Church,L,STL,8,Tanner Gordon,R,685299,824309,STL @ COL,12:10 PM,06/09,Scheduled,0.679154003797513,,,,False,1101011111,estimated,0,0,0.0,0,0,0.2966047873691091,0.2679465080334785,0.2783707101535893,0.3233035246208137,0.07555170531932624,20,1,0.03519193331003845,1.148,65.1,B,0.2716506291635825,5.3835290151171336,0.4126341853409992,0.19440136926735538,20,6,0,0.208955223880597,0.24414715719063546,0.46463142218912884,0.3127326880119136,0.22263588979895757,0.26744186046511625,0.23608768971332209,0.2854122621564482,0.2624286878565607,0.29292929292929293,215,0.17261904761904762,183,False,False,0.5897374032995069,0.08941660049800615,3.267857142857143,3.5535714285714284,112,,,,,,,0.15532864830879625,20,5.18,1.4,88.2,1,4,72,16,0,0,0,8,RP,20,383,108,19.1,7.31,1.62,10.96,1.73,19.725446887634202,-0.039191503797513016,8,0.8,3.0,5,6,1,1,0.0,3.7443375563945285,0.028458285684898513,0.24289405684754523,0.17577197149643706,0.05463182897862233,0.29877529286474974,0.2872460063897764,0.291866028708134,3.599,0.34214759925742805
663494,Bryan Torres,L,STL,1,Tanner Gordon,R,685299,824309,STL @ COL,12:10 PM,06/09,Scheduled,0.6789550883412847,,,,False,1110011001,estimated,0,0,0.0,0,0,0.2935702922750746,0.3407628186370839,0.2559465558912601,0.38447188928566894,0.23120998267908077,20,1,-0.11138014527845036,1.148,65.1,B,0.2716506291635825,5.3835290151171336,0.4126341853409992,0.19440136926735538,20,6,0,0.35714285714285715,0.2457627118644068,0.46463142218912884,0.3127326880119136,0.22263588979895757,0.24535315985130113,0.21370967741935484,0.21666666666666667,0.23289183222958057,0.28,84,0.22807017543859648,65,True,False,0.6264338338446126,0.05252125449667211,2.4444444444444446,2.759259259259259,54,,,,,,,-0.1650429641142948,20,5.18,1.4,88.2,1,4,72,16,0,0,0,8,RP,20,383,108,19.1,7.31,1.62,10.96,1.73,19.725446887634202,-0.026105088341284666,8,0.8,3.0,5,6,1,1,0.0,2.91080502043697,0.1153123691949445,0.2631578947368421,0.2,0.08666666666666667,0.31391585760517804,0.3241747572815534,0.291866028708134,4.443,0.34214759925742805
672515,Gabriel Moreno,R,AZ,3,Peter Lambert,R,663567,824142,AZ @ HOU,11:10 AM,06/09,Pre-Game,0.6788133393158091,,,,False,0110110011,estimated,7,3,0.42857142857142855,1,2023,0.27664589836776066,0.3476263920114465,0.4629389874221695,0.36436104194616153,0.181162411176942,20,1,0.05818318318318316,0.998,71.4,B,0.27256715103478646,2.2893136279074637,0.31516816291756444,0.23040278887374863,20,6,0,0.26126126126126126,0.3194444444444444,0.511238431026884,0.249008373732922,0.23975319524019392,0.30533955417314673,0.28650646950092423,0.30424528301886794,0.2974537037037037,0.3008474576271186,267,0.3067484662576687,199,False,False,0.6632083374056964,0.015605001910112715,3.5945945945945947,4.198198198198198,111,,,,,,,0.012582370303156256,20,3.66,1.24,132.2,8,7,131,56,0,0,0,24,SP,24,566,109,23.6,8.89,3.8,7.39,0.88,23.68509470794586,-0.010913339315809067,2,0.2857142857142857,2.0,7,5,1,1,0.0,4.329271433064383,0.12778037368885026,0.3004694835680751,0.158,0.116,0.4281460134486071,0.3443688760806916,0.2703862660944206,4.251,0.2955319357599289
701350,Roman Anthony,L,BOS,1,Kyle Bradish,R,680694,824794,BOS @ BAL,10:35 AM,06/09,Pre-Game,0.6783404609602197,-203.0,223.0,67.0,False,1101111100,live,5,1,0.2,1,2025,0.2515629418413318,0.402250558549837,0.5581059029744926,0.36947662637301204,0.24601005523027547,20,1,0.11460055096418734,1.044,51.1,C,0.2719967858577742,2.141882409752175,0.3897550021343545,0.19886699548217093,20,5,0,0.13333333333333333,0.24793388429752067,0.532556270096463,0.46181672025723475,0.005627009646302251,0.19902912621359223,0.1875,0.31877729257641924,0.21893491124260356,0.23255813953488372,99,0.24,61,False,False,0.6422892265111534,0.03605123444906633,3.7777777777777777,4.444444444444445,36,,,,,,,-0.13278454839308826,20,4.01,1.42,148.0,7,12,137,64,0,0,0,27,SP,27,633,146,23.4,8.33,3.89,8.88,1.03,23.542174209529875,-0.016340460960219683,8,1.0,8.0,6,7,1,1,0.0,4.5000635528778075,0.117667432565739,0.2725118483412322,0.27236580516898606,0.13916500994035785,0.5736842105263158,0.3665754385964912,0.26666666666666666,4.443,0.3398725082440613
691718,Pete Crow-Armstrong,L,CHC,1,Tyler Phillips,R,663969,823822,CHC @ MIA,10:40 AM,06/09,Pre-Game,0.6783404609602197,-212.0,223.0,68.0,False,1111101111,live,0,0,0.0,0,0,0.26587206979495215,0.42859003340281343,0.5334397818606987,0.38844044308584363,0.2501451178351326,20,1,-0.015406367315099201,1.0,56.8,C,0.3016949152542373,1.9766361068952303,0.4017844583829151,0.2004844924970279,20,5,0,0.2893081761006289,0.2739018087855297,0.3344632768361582,0.4293785310734463,0.23615819209039549,0.25130434782608696,0.2699530516431925,0.29365079365079366,0.26424632352941174,0.27129337539432175,363,0.28820960698689957,273,False,False,0.6599363025710125,0.01840415838920717,3.8450704225352115,4.47887323943662,142,,,,,,,0.04719021839912613,20,3.43,1.33,110.1,4,6,90,47,2,1,3,16,RP,33,471,100,14.3,7.34,3.83,8.16,1.14,18.320957535862984,-0.004165460960219636,8,0.8,13.0,7,7,0,1,0.0,4.752976754048433,0.09357142501540469,0.29004329004329005,0.26286764705882354,0.11948529411764706,0.49791013584117033,0.3902121212121212,0.2576419213973799,4.443,0.31556027503183737
686217,Sal Frelick,L,MIL,1,Brady Singer,R,663903,824469,MIL @ CIN,9:10 AM,06/09,Pre-Game,0.6783404609602197,-203.0,212.0,67.0,False,0010100101,live,14,5,0.35714285714285715,1,2024,0.17774276401152686,0.24592144583510336,0.29728400883908834,0.19598174580838698,0.13849908282197734,20,2,0.014545196537533694,1.083,47.7,D,0.2843737250101999,2.7435851211463658,0.4404014936348064,0.19589127380669574,20,6,0,0.22413793103448276,0.23868312757201646,0.5873469387755103,0.4126530612244898,0.0,0.21987951807228914,0.23387096774193547,0.2131979695431472,0.22010736944851148,0.2389937106918239,176,0.2323943661971831,163,False,False,0.6386097650938977,0.03973069586632205,3.168421052631579,3.568421052631579,95,,,,,,,-0.2601062385432951,20,4.83,1.45,141.2,5,13,117,45,0,0,0,27,SP,27,633,160,23.4,7.43,2.86,10.16,1.65,24.698356327539013,-0.02802379429355306,6,0.75,-13.0,7,7,1,1,0.0,3.432340836149001,0.04969291890443806,0.2268041237113402,0.11778290993071594,0.07159353348729793,0.2940158259149357,0.26193620178041543,0.30327868852459017,4.443,0.3801305989440312
686948,Drake Baldwin,L,ATL,1,Aaron Nola,R,605400,823417,ATL @ PHI,10:10 AM,06/09,Pre-Game,0.6783404609602197,-203.0,223.0,67.0,False,1111111011,live,5,3,0.6,1,2025,0.2973490584472184,0.3656876098537136,0.4397106599693645,0.43629359787392746,0.26111062950138547,20,1,0.011919390513639716,1.009,66.7,B,0.30260598988720344,3.2447181702024865,0.4141941219307035,0.25816383937815424,20,6,0,0.2692307692307692,0.28115015974440893,0.49804839968774395,0.33879781420765026,0.16315378610460576,0.27035681610247025,0.2524886877828054,0.298932384341637,0.2698289269051322,0.28716216216216217,327,0.26011560693641617,200,False,False,0.6737243206282094,0.004616140332010299,3.9411764705882355,4.428571428571429,119,,,,,,,0.19557063945216943,20,4.93,1.4,148.0,6,10,157,51,0,0,0,28,SP,28,638,156,22.8,9.55,3.1,9.49,1.95,23.067197082710535,-0.008415460960219834,8,1.0,3.0,7,6,1,0,0.0,4.387644335848322,0.050648575524881674,0.2796610169491525,0.21509433962264152,0.09056603773584905,0.5093109869646183,0.36218156424581005,0.26011560693641617,4.443,0.2766955114667435
665161,Jeremy Peña,R,HOU,1,Eduardo Rodríguez,L,593958,824142,AZ @ HOU,11:10 AM,06/09,Pre-Game,0.6768881999773074,,,,False,1111101010,estimated,13,5,0.38461538461538464,1,2022,0.1870648269810186,0.32070070395372535,0.33559651690325404,0.2976345552923624,0.32413091813788525,20,1,-0.05835879528590138,0.998,63.6,C,0.2557879014189694,2.514271647863477,0.30010281200318834,0.18739821790415165,20,5,0,0.22784810126582278,0.28620689655172415,0.6121076233183856,0.12144992526158445,0.26644245142002987,0.27325581395348836,0.25092250922509224,0.2845953002610966,0.2665343915343915,0.27310924369747897,258,0.2748091603053435,144,False,False,0.6520392133001858,0.024848986677121654,4.010869565217392,4.369565217391305,92,,,,,,,-0.006103534210382174,20,2.59,1.22,167.0,14,5,122,55,0,0,0,28,SP,28,686,148,24.5,6.57,2.96,7.98,0.75,24.621948333496864,-0.034978199977307445,10,1.0,26.0,7,7,1,1,0.0,4.203008202010743,0.02988345981153302,0.2766393442622951,0.21388367729831145,0.06378986866791744,0.40147058823529413,0.34544919786096256,0.22706422018348624,4.443,0.2864087484668107
666160,Mickey Moniak,L,COL,6,Kyle Leahy,R,681517,824309,STL @ COL,12:10 PM,06/09,Scheduled,0.6760261219820879,-257.0,270.0,72.0,False,1001011100,estimated,6,1,0.16666666666666666,1,2025,0.14222932907476493,0.2354015484825433,0.3297580565953295,0.17584131568343558,0.23526755020738868,20,2,0.0736683848797251,1.148,57.2,C,0.27234440804866633,4.350657273579316,0.45644277122590754,0.24639445871419782,20,8,0,0.1875,0.2611683848797251,0.39325842696629215,0.46348314606741575,0.14325842696629212,0.2222222222222222,0.24191461836998707,0.26855123674911663,0.238574748257165,0.24170616113744076,225,0.2569444444444444,160,False,False,0.6050829478498191,0.0709431741322688,3.514851485148515,3.8118811881188117,101,,,,,,,-0.16121281726204012,20,3.13,1.31,129.1,10,4,118,38,0,0,0,26,SP,26,545,131,21.0,8.21,2.64,9.12,0.9,19.75848976124544,-0.01926612198208788,5,0.5555555555555556,-6.0,5,6,1,1,0.0,4.095752386539798,0.02405744313851685,0.2571428571428571,0.2638580931263858,0.04656319290465632,0.399390919158361,0.3045215946843854,0.30739299610894943,3.896,0.36171341554562253
680757,Steven Kwan,L,CLE,1,Jackson Jobe,R,695549,824385,DET @ CLE,10:40 AM,06/09,Pre-Game,0.675071542353297,-194.0,203.0,66.0,False,1011101100,live,0,0,0.0,0,0,0.26392662681589263,0.2767058990275062,0.1095731948881918,0.2948408281097598,0.0968611487273582,20,1,0.06485507246376812,0.987,37.7,D,0.2200488997555012,1.8781294024742143,0.40454922834870877,0.18570067690100311,5,6,0,0.225,0.2898550724637681,0.5232273838630807,0.3594132029339853,0.11735941320293398,0.28510965756060025,0.2817551963048499,0.29345372460496616,0.28531289910600255,0.291044776119403,304,0.24873096446700507,248,False,False,0.6625814050484541,0.012490137304842941,3.549618320610687,4.213740458015267,131,,,,,,,0.016857176382023806,20,4.63,1.46,23.1,1,2,19,10,0,0,0,5,SP,5,104,24,20.8,7.33,3.86,9.26,1.54,20.970867943891573,0.004661790980036273,9,0.9,-1.0,6,7,1,1,0.0,4.4588511167876925,0.10108749651864696,0.27294117647058824,0.09683794466403162,0.13438735177865613,0.10172872340425532,0.3104448138297872,0.21428571428571427,4.443,0.3068904473498293
664770,Nathan Lukes,L,TOR,6,Randy Dobnak,R,677976,824065,TOR @ KC,11:10 AM,06/09,Pre-Game,0.6737243206282094,,,,False,1110101111,estimated,0,0,0.0,0,0,0.28614553188492636,0.27170134305898264,0.3208545380019529,0.33281043438924235,0.13338044490337872,20,1,0.018181818181818188,1.028,31.8,F,0.2550813008130081,1.773373698033776,0.40293055179224074,0.16710987722950177,11,5,0,0.2545454545454545,0.2727272727272727,0.48577235772357724,0.3008130081300813,0.21341463414634146,0.243,0.25573770491803277,0.3357142857142857,0.25913730655251893,0.23853211009174313,238,0.3208955223880597,149,False,False,0.651935408102408,0.021788912525801396,3.3846153846153846,3.7211538461538463,104,,,,,,,0.27062781494241284,20,2.65,1.39,57.2,2,3,40,23,0,0,0,9,SP,11,247,57,22.5,6.24,3.59,8.9,0.78,23.01440631999721,-0.006146542850431702,9,0.9,24.0,7,6,1,1,0.0,4.028685347260859,0.031167977923884753,0.2722772277227723,0.1476510067114094,0.06263982102908278,0.29423076923076924,0.2922958579881657,0.26865671641791045,3.896,0.3071408021877185
666176,Jo Adell,R,CLE,3,Jackson Jobe,R,695549,824385,DET @ CLE,10:40 AM,06/09,Pre-Game,0.6737243206282094,-156.0,163.0,61.0,False,0101101010,live,0,0,0.0,0,0,0.22956120614930856,0.32214744397330924,0.3774915176954024,0.34737264053180406,0.24589408936789314,20,1,0.0038972334660288266,0.987,37.7,D,0.2200488997555012,1.8781294024742143,0.40454922834870877,0.18570067690100311,5,6,0,0.23353293413173654,0.23743016759776536,0.5232273838630807,0.3594132029339853,0.11735941320293398,0.23296500920810312,0.2514792899408284,0.2141623488773748,0.23609424338110274,0.24437299035369775,337,0.22429906542056074,237,False,False,0.6335944857677295,0.04012983486047994,3.776978417266187,4.129496402877698,139,,,,,,,0.04027897864366827,20,4.63,1.46,23.1,1,2,19,10,0,0,0,5,SP,5,104,24,20.8,7.33,3.86,9.26,1.54,20.970867943891573,-0.030090987294876137,9,0.9,-1.0,6,7,1,1,0.0,4.076284739615063,0.06008556902747101,0.22595078299776286,0.25,0.04878048780487805,0.4254115226337449,0.34357973251028806,0.35294117647058826,4.251,0.3068904473498293
695491,Joshua Báez,R,STL,6,Tanner Gordon,R,685299,824309,STL @ COL,12:10 PM,06/09,Scheduled,0.6735839454329176,,,,False,0111011111,estimated,0,0,0.0,0,0,0.28466135834327266,0.36115211527457114,0.4933938101212007,0.46198421872256146,0.3466598431837832,20,1,-0.14086814086814087,1.148,65.1,B,0.2716506291635825,5.3835290151171336,0.4126341853409992,0.19440136926735538,20,6,0,0.30303030303030304,0.16216216216216217,0.46463142218912884,0.3127326880119136,0.22263588979895757,0.18385650224215247,0.22797927461139897,0.12941176470588237,0.19161676646706588,0.23255813953488372,45,0.2222222222222222,32,True,False,0.5804848762988025,0.09309906913411503,3.3333333333333335,3.6666666666666665,21,,,,,,,-0.013191318916291392,20,5.18,1.4,88.2,1,4,72,16,0,0,0,8,RP,20,383,108,19.1,7.31,1.62,10.96,1.73,19.725446887634202,-0.03119644543291744,8,0.8,3.0,5,6,1,1,0.0,3.529797459435252,0.02862741352773344,0.22857142857142856,0.34615384615384615,0.038461538461538464,0.5348837209302325,0.35537209302325584,0.31333333333333335,3.896,0.34214759925742805
663538,Nico Hoerner,R,CHC,6,Tyler Phillips,R,663969,823822,CHC @ MIA,10:40 AM,06/09,Pre-Game,0.6725668438589466,,,,False,0111110011,live,0,0,0.0,0,0,0.30277376048710675,0.3544919518933054,0.3517825017497434,0.3421387809346852,0.10445578889182308,20,1,0.002657314567336644,1.0,56.8,C,0.3016949152542373,1.9766361068952303,0.4017844583829151,0.2004844924970279,20,5,0,0.26627218934911245,0.2689295039164491,0.3344632768361582,0.4293785310734463,0.23615819209039549,0.25636363636363635,0.25552825552825553,0.24364406779661016,0.25499743721168633,0.2671009771986971,339,0.2693877551020408,270,False,False,0.6713181416127117,0.0012487022462348563,3.971223021582734,4.381294964028777,139,,,,,,,0.0469501142618825,20,3.43,1.33,110.1,4,6,90,47,2,1,3,16,RP,33,471,100,14.3,7.34,3.83,8.16,1.14,18.320957535862984,-0.0034668438589465778,8,0.8,13.0,7,7,0,1,0.0,4.147442432531115,0.022087868590758484,0.25630252100840334,0.08637236084452975,0.061420345489443376,0.29702242846094357,0.33179156999226606,0.21578947368421053,3.896,0.31556027503183737
665742,Juan Soto,L,NYM,2,Cesar Perdomo,L,702885,823578,SF @ NYM,10:40 AM,06/09,Pre-Game,0.671906389210449,-170.0,186.0,63.0,False,0001100100,live,0,0,0.0,0,0,0.17595757417810542,0.2986846467236504,0.46951922930702755,0.23700235138950207,0.1887040614638657,20,1,0.04107142857142854,0.949,62.3,C,0.29310344827586204,,,,1,5,0,0.3,0.25892857142857145,0.5344827586206896,0.39655172413793105,0.06896551724137931,0.2644746247319514,0.23941958887545345,0.2649350649350649,0.25845686050931205,0.26153846153846155,232,0.2857142857142857,149,False,True,0.6660250147450636,0.005881374465385392,3.488888888888889,4.233333333333333,90,,,,,,,-0.22126419942984407,20,2.25,1.0,4.0,0,0,4,1,0,0,0,0,RP,1,15,3,15.0,9.0,2.25,6.75,2.25,,-0.007006389210448938,8,0.7272727272727273,-3.0,7,6,0,1,0.0,4.06296468436973,0.17825815448987478,0.2786885245901639,0.14591439688715954,0.13813229571984437,0.4895359848484848,0.3503835227272727,0.42857142857142855,4.352,0.31794051365812687
696100,Hunter Goodman,R,COL,3,Kyle Leahy,R,681517,824309,STL @ COL,12:10 PM,06/09,Scheduled,0.6691292860660135,-212.0,233.0,68.0,False,1010110101,estimated,6,0,0.0,1,2025,0.1714667497509963,0.274965585823541,0.40132034808247957,0.26003362570763716,0.30286599482708537,20,1,-0.003250179393018443,1.148,57.2,C,0.27234440804866633,4.350657273579316,0.45644277122590754,0.24639445871419782,20,8,0,0.25157232704402516,0.2483221476510067,0.39325842696629215,0.46348314606741575,0.14325842696629212,0.2227668845315904,0.2252614641995173,0.22362869198312235,0.22442705422023476,0.21132075471698114,299,0.3020833333333333,209,False,False,0.6244913657580334,0.044637920307980083,3.7459016393442623,4.163934426229508,122,,,,,,,-0.12160554078399362,20,3.13,1.31,129.1,10,4,118,38,0,0,0,26,SP,26,545,131,21.0,8.21,2.64,9.12,0.9,19.75848976124544,0.008350713933986342,5,0.5555555555555556,-6.0,5,6,1,1,0.0,4.235663204615947,0.07103205976276737,0.24721603563474387,0.33,0.078,0.4599765258215962,0.361906338028169,0.2157676348547718,4.251,0.36171341554562253
681508,Mickey Gasper,L,BOS,2,Kyle Bradish,R,680694,824794,BOS @ BAL,10:35 AM,06/09,Pre-Game,0.6687142763921781,-150.0,170.0,60.0,False,1001111010,live,0,0,0.0,0,0,0.34055391121820383,0.4018388327688929,0.42443285605134196,0.39577258084567035,0.15001959742315363,20,1,0.14792299898682876,1.044,51.1,C,0.2719967858577742,2.141882409752175,0.3897550021343545,0.19886699548217093,20,5,0,0.14285714285714285,0.2907801418439716,0.532556270096463,0.46181672025723475,0.005627009646302251,0.3058823529411765,0.23209169054441262,0.27149321266968324,0.2772532188841202,0.26744186046511625,108,0.2898550724637681,75,False,False,0.6231497521927499,0.045564524199428136,3.0392156862745097,3.588235294117647,51,,,,,,,0.02988574255360435,20,4.01,1.42,148.0,7,12,137,64,0,0,0,27,SP,27,633,146,23.4,8.33,3.89,8.88,1.03,23.542174209529875,-0.01792677639217799,8,1.0,8.0,6,7,1,1,0.0,3.783873388530689,0.2031410898546393,0.2328767123287671,0.17391304347826086,0.11594202898550725,0.34913793103448276,0.2651551724137931,0.26666666666666666,4.352,0.3398725082440613
596019,Francisco Lindor,L,NYM,1,Cesar Perdomo,L,702885,823578,SF @ NYM,10:40 AM,06/09,Pre-Game,0.668437731288588,-194.0,203.0,66.0,False,0011101110,live,0,0,0.0,0,0,0.19602083329384531,0.2855826143083116,0.4894177143934243,0.2719852798682599,0.21160531520847117,20,1,0.0029212131626428495,0.949,62.3,C,0.29310344827586204,,,,1,5,0,0.23300970873786409,0.23008849557522124,0.5344827586206896,0.39655172413793105,0.06896551724137931,0.2271892222902633,0.2238993710691824,0.21287128712871287,0.22324662495884096,0.22277227722772278,221,0.2440944881889764,145,False,True,0.65950480636727,0.00893292492131792,3.963855421686747,4.409638554216867,83,,,,,,,0.020992055818337275,20,2.25,1.0,4.0,0,0,4,1,0,0,0,0,RP,1,15,3,15.0,9.0,2.25,6.75,2.25,,-0.011487731288587821,8,0.7272727272727273,-3.0,7,6,0,1,0.0,4.4841640893238575,0.07073355138248691,0.24197002141327623,0.1726078799249531,0.10881801125703565,0.4808888888888889,0.310604,0.42857142857142855,4.443,0.31794051365812687
676391,Ernie Clement,R,TOR,7,Randy Dobnak,R,677976,824065,TOR @ KC,11:10 AM,06/09,Pre-Game,0.668437731288588,,,,False,0100001111,estimated,0,0,0.0,0,0,0.2037525633208837,0.25308241228397055,0.12194060720159097,0.2301270339194187,0.11129023113254624,20,1,0.030158730158730163,1.028,31.8,F,0.2550813008130081,1.773373698033776,0.40293055179224074,0.16710987722950177,11,5,0,0.25555555555555554,0.2857142857142857,0.48577235772357724,0.3008130081300813,0.21341463414634146,0.26535211267605635,0.2671232876712329,0.2276595744680851,0.26084300549786194,0.2459546925566343,322,0.3167420814479638,236,False,False,0.6543150885057009,0.014122642782887107,3.8129496402877696,4.014388489208633,139,,,,,,,0.047223108753103586,20,2.65,1.39,57.2,2,3,40,23,0,0,0,9,SP,11,247,57,22.5,6.24,3.59,8.9,0.78,23.01440631999721,-0.006471064621921263,9,0.9,24.0,7,6,1,1,0.0,3.921913139631134,0.05263604427573971,0.27312775330396477,0.10395010395010396,0.0395010395010395,0.18399339933993397,0.271753300330033,0.2413793103448276,3.76,0.3071408021877185
647304,Josh Naylor,L,SEA,5,Gage Jump,L,695611,823091,ATH @ SEA,1:10 PM,06/09,Scheduled,0.6680194385204823,,,,False,1010011010,estimated,0,0,0.0,0,0,0.2602252289408871,0.2751313284720783,0.32582387483981146,0.2814290954445427,0.14959629605555896,20,1,-0.015416146854393187,0.906,38.4,D,0.2823960880195599,2.073347708860085,0.408192676720294,0.24117857384937513,18,6,0,0.25806451612903225,0.27348066298342544,0.5153374233128835,0.3932515337423313,0.09141104294478528,0.2550158394931362,0.26170798898071623,0.24535315985130113,0.25645390070921986,0.25806451612903225,341,0.28502415458937197,227,False,True,0.6713167677825282,-0.003297329262045956,3.9166666666666665,4.303030303030303,132,,,,,,,0.021064248919541617,20,5.15,1.49,92.2,6,9,99,45,0,0,0,18,SP,18,407,93,22.6,9.62,4.37,9.03,0.97,22.72324368511548,-0.009805152806196538,7,0.7,-10.0,5,7,1,1,0.0,4.366189762447387,0.01271889736265946,0.2835820895522388,0.122568093385214,0.06614785992217899,0.3607553366174056,0.31954105090311985,0.2558139534883721,4.026,0.3472891509021675
670623,Isaac Paredes,R,HOU,3,Eduardo Rodríguez,L,593958,824142,AZ @ HOU,11:10 AM,06/09,Pre-Game,0.6663708429246108,-150.0,156.0,60.0,False,1000111111,estimated,0,0,0.0,0,0,0.2604989161232815,0.21262241729405168,0.25516436030453443,0.28160466578723675,0.06183375391012517,20,1,-0.01446280991735538,0.998,63.6,C,0.2557879014189694,2.514271647863477,0.30010281200318834,0.18739821790415165,20,5,0,0.25,0.2644628099173554,0.6121076233183856,0.12144992526158445,0.26644245142002987,0.2551487414187643,0.25614754098360654,0.34678624813153963,0.26816463670726587,0.27388535031847133,359,0.23728813559322035,217,False,False,0.6515634643308253,0.014807378593785447,3.637037037037037,4.266666666666667,135,,,,,,,0.10815114011860573,20,2.59,1.22,167.0,14,5,122,55,0,0,0,28,SP,28,686,148,24.5,6.57,2.96,7.98,0.75,24.621948333496864,-0.020340842924610802,10,1.0,26.0,7,7,1,1,0.0,4.310632317479427,0.16107443846937675,0.26651480637813213,0.11673151750972763,0.10505836575875487,0.28298153034300794,0.2891160949868074,0.22706422018348624,4.251,0.2864087484668107
664761,Alec Bohm,R,PHI,5,Tyler Mahle,R,641816,823417,ATL @ PHI,10:10 AM,06/09,Pre-Game,0.6663363308458533,-178.0,186.0,64.0,False,0011100110,live,5,1,0.2,1,2026,0.29369200814741686,0.3629133551116359,0.5054482615829584,0.3973234850405025,0.1736838187475599,20,1,-0.040098873935731916,1.009,59.9,C,0.28063241106719367,3.535566680264905,0.413577878425222,0.2388771191693665,20,7,0,0.2727272727272727,0.2326283987915408,0.655786350148368,0.06379821958456973,0.28041543026706234,0.22176118026740432,0.2244131455399061,0.25245901639344265,0.22529644268774704,0.24390243902439024,310,0.24880382775119617,240,False,False,0.6608007845600152,0.005535546285838078,3.7293233082706765,4.135338345864661,133,,,,,,,0.07481743607569738,20,4.25,1.29,125.0,5,10,121,42,0,0,0,23,SP,23,521,119,22.7,8.71,3.02,8.57,1.22,22.976701276945384,-0.01085061656013897,7,0.875,14.0,7,6,1,0,0.0,4.252171500529427,0.10205618571032625,0.25842696629213485,0.13995943204868155,0.06490872210953347,0.4375,0.3137987588652482,0.28708133971291866,4.026,0.3178049645701971
668939,Adley Rutschman,L,BOS,3,Kyle Bradish,R,680694,824794,BOS @ BAL,10:35 AM,06/09,Pre-Game,0.6659444595568712,-170.0,186.0,63.0,False,0100001010,live,0,0,0.0,0,0,0.17093983716223474,0.25177227451932166,0.3009648921071718,0.17997324371473467,0.21444646433824807,20,2,-0.07771023302938199,1.044,51.1,C,0.2719967858577742,2.141882409752175,0.3897550021343545,0.19886699548217093,20,5,0,0.2872340425531915,0.20952380952380953,0.532556270096463,0.46181672025723475,0.005627009646302251,0.2556818181818182,0.23504867872044508,0.2489539748953975,0.24961656441717792,0.24431818181818182,207,0.21875,140,False,False,0.637481242116792,0.02846321744007918,3.6626506024096384,4.180722891566265,83,,,,,,,-0.1799737265730298,20,4.01,1.42,148.0,7,12,137,64,0,0,0,27,SP,27,633,146,23.4,8.33,3.89,8.88,1.03,23.542174209529875,-0.018619459556871165,8,1.0,8.0,6,7,1,1,0.0,3.9171766675395845,0.05796880643427183,0.23325635103926096,0.1524390243902439,0.09959349593495935,0.3936219739292365,0.28810893854748604,0.26666666666666666,4.251,0.3398725082440613
606466,Ketel Marte,L,AZ,2,Peter Lambert,R,663567,824142,AZ @ HOU,11:10 AM,06/09,Pre-Game,0.6657829785917647,-163.0,170.0,62.0,False,1111001111,estimated,5,1,0.2,1,2023,0.23926300789075125,0.2726539367187104,0.4063260821233857,0.285337217263995,0.11982317847633812,20,1,0.0034818941504178302,0.998,71.4,B,0.27256715103478646,2.2893136279074637,0.31516816291756444,0.23040278887374863,20,6,0,0.25,0.25348189415041783,0.511238431026884,0.249008373732922,0.23975319524019392,0.24157624214734438,0.21896383186705767,0.23744769874476987,0.23453815261044178,0.24915824915824916,327,0.25824175824175827,205,False,False,0.6735839454329176,-0.007800966841152834,3.958677685950413,4.396694214876033,121,,,,,,,0.04522846814279801,20,3.66,1.24,132.2,8,7,131,56,0,0,0,24,SP,24,566,109,23.6,8.89,3.8,7.39,0.88,23.68509470794586,0.008567021408235287,2,0.2857142857142857,2.0,7,5,1,1,0.0,4.158462551128364,0.12419847021030728,0.2510548523206751,0.1461100569259962,0.07590132827324478,0.43131821998320735,0.32921368597816963,0.17490494296577946,4.352,0.2955319357599289
666018,Jonathan Aranda,L,TB,2,Mackenzie Gore,L,669022,822848,TB @ TEX,11:35 AM,06/09,Scheduled,0.6656426033964727,-156.0,178.0,61.0,False,0111101011,estimated,0,0,0.0,0,0,0.23261874784085604,0.36757167254698314,0.5717050002646688,0.3674070836796304,0.31077723354397735,20,1,-0.028262711864406764,0.964,60.2,C,0.2724528301886792,2.8857001987365507,0.3785306163190799,0.25047992654841056,20,5,0,0.2542372881355932,0.2825,0.5867019267094824,0.2859841329807329,0.12731394030978466,0.2491349480968858,0.2434141201264489,0.2670157068062827,0.2497185318621932,0.26959247648902823,363,0.2864321608040201,233,False,False,0.663403298188472,0.0022393052080007525,3.781021897810219,4.350364963503649,137,,,,,,,-0.002634141065785238,20,4.31,1.29,154.2,8,10,169,60,0,0,0,29,SP,29,664,140,22.9,9.83,3.49,8.15,1.05,23.297243666754525,-0.003342603396472743,6,0.6,10.0,7,7,1,1,0.0,4.2665326983188745,0.05742770957795836,0.2857142857142857,0.23846153846153847,0.09230769230769231,0.4587109768378651,0.3590808157099698,0.25170068027210885,4.352,0.33367417839591434
702332,Caleb Durbin,R,BOS,6,Kyle Bradish,R,680694,824794,BOS @ BAL,10:35 AM,06/09,Pre-Game,0.6654700917617761,-144.0,156.0,59.0,False,1001010100,live,0,0,0.5,0,0,0.1896999151854141,0.30456106944033223,0.24018028909299316,0.20162014293728658,0.16323541072714548,20,2,0.008018745118458709,1.044,51.1,C,0.2719967858577742,2.141882409752175,0.3897550021343545,0.19886699548217093,20,5,0,0.24347826086956523,0.25149700598802394,0.532556270096463,0.46181672025723475,0.005627009646302251,0.23516361619523019,0.24150485436893204,0.253125,0.23993231810490695,0.26171875,292,0.23316062176165803,222,False,False,0.6361141432772496,0.029355948484526495,3.4015151515151514,3.893939393939394,132,,,,,,,-0.08601178523677061,20,4.01,1.42,148.0,7,12,137,64,0,0,0,27,SP,27,633,146,23.4,8.33,3.89,8.88,1.03,23.542174209529875,-0.02074509176177608,8,1.0,8.0,6,7,1,1,0.0,3.9580839744923995,0.09378057825002367,0.2622549019607843,0.13404255319148936,0.07872340425531915,0.26019323671497585,0.2857951690821256,0.25,3.896,0.3398725082440613
691594,Javier Sanoja,R,MIA,9,Clay Holmes,R,605280,823822,CHC @ MIA,10:40 AM,06/09,Pre-Game,0.6629199712494612,,,,False,1110111111,live,0,0,0.0,0,0,0.34687966102281054,0.33163171285571724,0.28855582940184615,0.3756011618894727,0.06147891690392077,20,1,-0.020440429136081295,1.0,50.9,C,0.28060413354531,2.368989465345356,0.4211570615225241,0.1948301873452395,14,6,0,0.2987012987012987,0.2782608695652174,0.6089030206677265,0.25357710651828297,0.13751987281399047,0.2863070539419087,0.27548209366391185,0.2967479674796748,0.28394495412844034,0.2804232804232804,202,0.2923076923076923,208,False,False,0.65974226300049,0.003177708248971234,3.282051282051282,3.5042735042735043,117,,,,,,,0.24856360790725668,20,2.09,1.07,81.2,6,6,63,27,0,0,0,14,SP,14,326,60,23.3,6.94,2.98,6.61,0.44,23.173076775530568,-0.006419971249461254,4,0.5714285714285714,39.0,7,7,0,1,0.0,4.041760300598576,0.05948491339104078,0.28498727735368956,0.08095238095238096,0.05476190476190476,0.308727948003714,0.28472307335190344,0.18421052631578946,3.443,0.3103386463325803
686469,Vinnie Pasquantino,L,KC,3,Spencer Arrighetti,R,681293,824065,TOR @ KC,11:10 AM,06/09,Pre-Game,0.6618134981469427,,,,False,1011100110,estimated,0,0,0.0,0,0,0.2323370752148316,0.2521978545621902,0.47997914145846765,0.25561062441832927,0.09382415836740873,20,1,0.005519480519480535,1.028,60.3,C,0.2823667252489748,1.5921399479354668,0.3076722457077645,0.20643086725367202,20,5,0,0.23376623376623376,0.2392857142857143,0.4630715123094959,0.46600234466588514,0.070926143024619,0.236875,0.20789779326364694,0.26174496644295303,0.23200822481151473,0.23076923076923078,245,0.2483221476510067,166,False,False,0.6583949888094086,0.0034185093375340703,3.71875,4.28125,96,,,,,,,-0.12919071615070826,20,4.82,1.34,99.0,7,8,97,55,0,0,0,18,SP,20,435,78,21.8,8.82,5.0,7.09,1.36,20.371622329110355,-0.0027468314802759908,6,0.6666666666666666,17.0,6,6,1,1,0.0,4.269301764445053,0.08444097270695258,0.24276169265033407,0.14931237721021612,0.09233791748526522,0.4419124218051832,0.29129714030384274,0.22815533980582525,4.251,0.27080266338669884
672640,Otto Lopez,R,MIA,7,Clay Holmes,R,605280,823822,CHC @ MIA,10:40 AM,06/09,Pre-Game,0.6608370537338472,,,,False,1111111001,live,10,3,0.3,1,2025,0.21962233593968408,0.31839385500913436,0.4280925287947545,0.2596148727860673,0.11955342884417512,20,1,-0.05830014932802391,1.0,50.9,C,0.28060413354531,2.368989465345356,0.4211570615225241,0.1948301873452395,14,6,0,0.34146341463414637,0.28316326530612246,0.6089030206677265,0.25357710651828297,0.13751987281399047,0.31524789522918617,0.2699724517906336,0.30851063829787234,0.298728813559322,0.28994082840236685,365,0.3165137614678899,241,False,False,0.6692821972378352,-0.008445143503988062,4.0,4.359712230215828,139,,,,,,,-0.04216096080977576,20,2.09,1.07,81.2,6,6,63,27,0,0,0,14,SP,14,326,60,23.3,6.94,2.98,6.61,0.44,23.173076775530568,-0.0050620537338471605,4,0.5714285714285714,39.0,7,7,0,1,0.0,4.408758246883597,0.07848019398040774,0.29338842975206614,0.11977186311787072,0.051330798479087454,0.39334916864608077,0.31974386381631037,0.18421052631578946,3.76,0.3103386463325803
668804,Bryan Reynolds,L,PIT,3,Walbert Ureña,R,700712,823336,LAA @ PIT,10:35 AM,06/09,Pre-Game,0.6608286570024037,-170.0,178.0,63.0,False,1101111011,live,0,0,0.0,0,0,0.3352393848369134,0.44115043650334246,0.5886047148840161,0.4026992400448661,0.14684208479766037,20,1,-0.020326014637391865,1.013,65.4,B,0.2856466129796305,1.9532457611556198,0.3677829018640241,0.23524410783089064,20,6,0,0.281437125748503,0.2611111111111111,0.5220902612826603,0.14346793349168646,0.3344418052256532,0.24036054081121683,0.24212144504227517,0.26394052044609667,0.2452600875060768,0.2898089171974522,368,0.2347417840375587,253,False,True,0.6547175731182963,0.0061110838841074155,3.711267605633803,4.373239436619718,142,,,,,,,0.09650210129640041,20,2.85,1.26,123.1,9,9,120,64,0,0,0,23,SP,25,525,91,21.0,8.76,4.67,6.64,0.58,22.042248826852774,0.0011088429975962821,8,0.8888888888888888,-5.0,7,6,1,1,0.0,4.4857221467509065,0.09251301448967729,0.26948775055679286,0.22519083969465647,0.12022900763358779,0.48338368580060426,0.3525740181268882,0.21052631578947367,4.251,0.3411795166911076
671739,Michael Harris,L,ATL,4,Aaron Nola,R,605400,823417,ATL @ PHI,10:10 AM,06/09,Pre-Game,0.6595981439880396,-212.0,223.0,68.0,False,0111111000,live,34,8,0.23529411764705882,1,2022,0.258258123873067,0.33812571477071246,0.4076421920413313,0.36734198081305003,0.24919327921521614,20,1,0.0171781127459798,1.009,66.7,B,0.30260598988720344,3.2447181702024865,0.4141941219307035,0.25816383937815424,20,6,0,0.2792207792207792,0.296398891966759,0.49804839968774395,0.33879781420765026,0.16315378610460576,0.25945657964837504,0.2446236559139785,0.3192660550458716,0.26506024096385544,0.27147766323024053,310,0.3169642857142857,237,False,False,0.6526771064781641,0.006921037509875494,3.786764705882353,4.022058823529412,136,,,,,,,0.010694465629500927,20,4.93,1.4,148.0,6,10,157,51,0,0,0,28,SP,28,638,156,22.8,9.55,3.1,9.49,1.95,23.067197082710535,-0.012198143988039645,8,1.0,3.0,7,6,1,0,0.0,3.8800997288709644,0.00951439673712111,0.2975929978118162,0.19753086419753085,0.03292181069958848,0.48642659279778394,0.36337673130193904,0.26011560693641617,4.16,0.2766955114667435
694197,Angel Genao,L,CLE,6,Jackson Jobe,R,695549,824385,DET @ CLE,10:40 AM,06/09,Pre-Game,0.65950480636727,-150.0,163.0,60.0,False,1000101011,live,0,0,0.0,0,0,0.2216049198691039,0.30239080962837783,0.4555329768061786,0.25381208711790376,0.14589683205108223,20,1,-0.01470588235294118,0.987,37.7,D,0.2200488997555012,1.8781294024742143,0.40454922834870877,0.18570067690100311,5,6,0,0.2647058823529412,0.25,0.5232273838630807,0.3594132029339853,0.11735941320293398,0.2485207100591716,0.2033898305084746,0.19642857142857142,0.22647527910685805,0.29545454545454547,47,0.22,55,True,False,0.657097253521589,0.00240755284568106,3.4814814814814814,3.7777777777777777,27,,,,,,,0.10138871735779142,20,4.63,1.46,23.1,1,2,19,10,0,0,0,5,SP,5,104,24,20.8,7.33,3.86,9.26,1.54,20.970867943891573,-0.00164925081171452,9,0.9,-1.0,6,7,1,1,0.0,3.6867949939175255,0.05436296223052247,0.2553191489361702,0.12745098039215685,0.06862745098039216,0.5185185185185185,0.2900987654320988,0.21428571428571427,3.896,0.3068904473498293
660271,Shohei Ohtani,L,LAD,1,Andrew Alvarez,L,674841,823903,WSH @ LAD,7:10 PM,06/09,Scheduled,0.6571317658450679,-186.0,223.0,65.0,False,0011001010,estimated,0,0,0.0,0,0,0.1814178955929805,0.3656304225546268,0.43242090386722015,0.24465849595702652,0.31057686950076807,20,4,-0.002202190993412123,0.973,50.0,C,0.2847548690396239,2.0181780787785657,0.4059214923402125,0.21911608321972473,20,7,0,0.27672955974842767,0.2789317507418398,0.42914707857622564,0.5218267293485561,0.049026192075218265,0.2883700821444012,0.27350427350427353,0.257985257985258,0.27988942639944714,0.29508196721311475,361,0.2513089005235602,227,False,False,0.6711763925872364,-0.014044626742168442,3.875,4.59375,128,,,,,,,-0.03669709650298307,20,3.47,1.31,90.2,2,6,86,41,1,0,1,13,SP,21,382,78,18.2,8.54,4.07,7.74,0.5,19.45896681915335,0.007801567488265437,9,0.9,4.0,6,6,0,1,0.0,4.674248176080557,0.1150637510045707,0.27896995708154504,0.24,0.10181818181818182,0.5189620758483035,0.40881586826347305,0.22916666666666666,4.443,0.31807164837368607
592885,Christian Yelich,L,MIL,2,Brady Singer,R,663903,824469,MIL @ CIN,9:10 AM,06/09,Pre-Game,0.6570494943568918,-203.0,212.0,67.0,False,1110011110,live,14,3,0.21428571428571427,1,2024,0.3007652311404982,0.37991951998527745,0.4773336589639317,0.38739746417519144,0.25724459054937604,20,1,0.00773255544751586,1.083,47.7,D,0.2843737250101999,2.7435851211463658,0.4404014936348064,0.19589127380669574,20,6,0,0.2318840579710145,0.23961661341853036,0.5873469387755103,0.4126530612244898,0.0,0.21620253164556963,0.19423692636072573,0.2696629213483146,0.21822615056385247,0.22272727272727272,247,0.25925925925925924,187,False,False,0.6050829478498191,0.051966546507072664,3.82,4.34,100,,,,,,,0.05409579730694058,20,4.83,1.45,141.2,5,13,117,45,0,0,0,27,SP,27,633,160,23.4,7.43,2.86,10.16,1.65,24.698356327539013,-0.04386616102355834,6,0.75,-13.0,7,7,1,1,0.0,3.7828949550603945,0.0759964937472311,0.22857142857142856,0.2596899224806202,0.08914728682170543,0.42274143302180683,0.31308722741433026,0.30327868852459017,4.352,0.3801305989440312
543807,George Springer,R,TOR,4,Randy Dobnak,R,677976,824065,TOR @ KC,11:10 AM,06/09,Pre-Game,0.6552669953692516,-245.0,257.0,71.0,False,0111110110,estimated,0,0,0.0,0,0,0.2802757293059855,0.3166092043376176,0.3795128288345959,0.35721951059730583,0.18372609381016483,20,1,0.008079186730872129,1.028,31.8,F,0.2550813008130081,1.773373698033776,0.40293055179224074,0.16710987722950177,11,5,0,0.24285714285714285,0.250936329588015,0.48577235772357724,0.3008130081300813,0.21341463414634146,0.24513230154767848,0.24196597353497165,0.19090909090909092,0.23757852655625358,0.23107569721115537,284,0.27564102564102566,174,False,False,0.6319068746238198,0.02336012074543181,3.7685185185185186,4.2407407407407405,108,,,,,,,-0.10610726013837875,20,2.65,1.39,57.2,2,3,40,23,0,0,0,9,SP,11,247,57,22.5,6.24,3.59,8.9,0.78,23.01440631999721,-0.005433662035918441,9,0.9,24.0,7,6,1,1,0.0,3.833310372545136,0.05408752461123953,0.2662192393736018,0.18290258449304175,0.09343936381709742,0.392018779342723,0.2880338028169014,0.2413793103448276,4.16,0.3071408021877185
701398,Sal Stewart,R,CIN,3,Kyle Harrison,L,690986,824469,MIL @ CIN,9:10 AM,06/09,Pre-Game,0.6552669953692516,-170.0,178.0,63.0,False,1011111011,live,0,0,0.0,0,0,0.3245391636040272,0.36184021792402155,0.4262812824045182,0.41401367696581315,0.14729540660484702,20,1,-0.0289989406779661,1.083,79.7,B,0.31210191082802546,4.45787959247286,0.38184221980434474,0.28499141519372345,20,6,0,0.2421875,0.2711864406779661,0.5953266064790228,0.3133297928836962,0.09134360063728093,0.26037906137184114,0.27645659928656363,0.28,0.2680880018144704,0.2656716417910448,369,0.2621359223300971,243,False,False,0.6552669953692516,0.0,3.8368794326241136,4.340425531914893,141,,,,,,,0.08006713796237916,20,3.45,1.2,107.0,10,4,130,29,0,0,0,22,SP,22,447,99,20.3,10.93,2.44,8.33,1.6,20.47514556757414,0.016483004630748366,6,0.75,16.0,7,6,1,1,0.0,4.320520029694891,0.050703243238763664,0.26609442060085836,0.21880998080614203,0.07677543186180422,0.3837121212121212,0.33424810606060606,0.24232081911262798,4.251,0.3125263180271999
701807,Carson Benge,L,NYM,4,Cesar Perdomo,L,702885,823578,SF @ NYM,10:40 AM,06/09,Pre-Game,0.6549702324815728,-170.0,178.0,63.0,False,1011011110,live,0,0,0.0,0,0,0.2714529092567087,0.3419337853984552,0.2489525546377465,0.38648956718039573,0.24950496901128202,20,1,0.02703349282296652,0.949,62.3,C,0.29310344827586204,,,,1,5,0,0.29545454545454547,0.26842105263157895,0.5344827586206896,0.39655172413793105,0.06896551724137931,0.25309150865622426,0.25863596102745795,0.2776073619631902,0.2585551330798479,0.25838926174496646,326,0.29906542056074764,231,True,True,0.6356104056622461,0.019359826819326686,3.8208955223880596,4.156716417910448,134,,,,,,,0.1712802404229244,20,2.25,1.0,4.0,0,0,4,1,0,0,0,0,RP,1,15,3,15.0,9.0,2.25,6.75,2.25,,-0.006982732481572773,8,0.7272727272727273,-3.0,7,6,0,1,0.0,4.132945213206983,0.042976714818585025,0.28969957081545067,0.21301775147928995,0.0650887573964497,0.3924581005586592,0.374725791433892,0.42857142857142855,4.16,0.31794051365812687
808982,Jung Hoo Lee,L,SF,5,Christian Scott,R,681035,823578,SF @ NYM,10:40 AM,06/09,Pre-Game,0.6549702324815728,,,,False,1011100010,live,0,0,0.0,0,0,0.21283621504645717,0.3108713879159049,0.4096850332263687,0.22502705340751894,0.10740085192719442,20,2,0.029468698048325026,0.949,61.0,C,0.28132250580046403,2.346178148827274,0.35282892761359275,0.2686326057448488,20,9,0,0.2605042016806723,0.2899728997289973,0.67382472431805,0.2942542077771329,0.03192106790481718,0.27013752455795675,0.2595959595959596,0.28674698795180725,0.2688856729377713,0.2600732600732601,291,0.3116279069767442,234,False,False,0.6749743967046277,-0.020004164223054843,3.7829457364341086,4.069767441860465,129,,,,,,,-0.2059132961316091,20,3.8,1.31,94.2,4,4,113,44,0,0,0,20,SP,20,412,80,20.6,10.74,4.18,7.61,0.95,21.303820208754196,0.0046172675184271705,8,0.8888888888888888,-14.0,7,6,0,1,0.0,4.173218328840497,0.13411319191494822,0.289760348583878,0.09387755102040816,0.04285714285714286,0.30871670702179177,0.3220647699757869,0.2290748898678414,4.026,0.3256051255932507
646240,Rafael Devers,L,SF,2,Christian Scott,R,681035,823578,SF @ NYM,10:40 AM,06/09,Pre-Game,0.6547175731182963,-170.0,178.0,63.0,False,1111111011,live,0,0,0.0,0,0,0.3755592206417624,0.36545198679210306,0.6158749456160668,0.4554613340822053,0.20765960416972334,20,1,0.05381038404924393,0.949,61.0,C,0.28132250580046403,2.346178148827274,0.35282892761359275,0.2686326057448488,20,9,0,0.22012578616352202,0.27393617021276595,0.67382472431805,0.2942542077771329,0.03192106790481718,0.2539568345323741,0.2374031007751938,0.303886925795053,0.2586050724637681,0.266025641025641,356,0.24663677130044842,251,False,False,0.6632083374056964,-0.008490764287400143,3.767605633802817,4.274647887323944,142,,,,,,,0.3227550218855767,20,3.8,1.31,94.2,4,4,113,44,0,0,0,20,SP,20,412,80,20.6,10.74,4.18,7.61,0.95,21.303820208754196,0.010619926881703878,8,0.8888888888888888,-14.0,7,6,0,1,0.0,4.59403928385613,0.12488601654410458,0.2645739910313901,0.24366471734892786,0.10916179337231968,0.5249740394600209,0.3310560747663552,0.2290748898678414,4.352,0.3256051255932507
672695,Geraldo Perdomo,L,AZ,1,Peter Lambert,R,663567,824142,AZ @ HOU,11:10 AM,06/09,Pre-Game,0.6543150885057009,,,,False,1111110110,estimated,0,0,0.0,0,0,0.2692726851123691,0.34012999501033003,0.3699052062348718,0.3118119095637065,0.1266844700103182,20,1,-0.07691986992412239,0.998,71.4,B,0.27256715103478646,2.2893136279074637,0.31516816291756444,0.23040278887374863,20,6,0,0.30597014925373134,0.22905027932960895,0.511238431026884,0.249008373732922,0.23975319524019392,0.25375939849624063,0.26948356807511736,0.2593548387096774,0.25820763087843834,0.2754098360655738,361,0.20855614973262032,231,False,False,0.6547175731182963,-0.0004024846125953996,3.591240875912409,4.321167883211679,137,,,,,,,0.08343582904203777,20,3.66,1.24,132.2,8,7,131,56,0,0,0,24,SP,24,566,109,23.6,8.89,3.8,7.39,0.88,23.68509470794586,0.01293491149429915,2,0.2857142857142857,2.0,7,5,1,1,0.0,4.184025642732506,0.10855540948928494,0.2602739726027397,0.1297709923664122,0.13549618320610687,0.31261261261261264,0.3129225225225225,0.17490494296577946,4.443,0.2955319357599289
605141,Mookie Betts,R,LAD,3,Andrew Alvarez,L,674841,823903,WSH @ LAD,7:10 PM,06/09,Scheduled,0.6529856692866912,-194.0,203.0,66.0,False,1111111011,estimated,0,0,0.0,0,0,0.3099885464091958,0.3209201475174151,0.42250758624811624,0.3553663750536885,0.11334267577604941,20,1,0.07251575872495258,0.973,50.0,C,0.2847548690396239,2.0181780787785657,0.4059214923402125,0.21911608321972473,20,7,0,0.2911392405063291,0.21862348178137653,0.42914707857622564,0.5218267293485561,0.049026192075218265,0.23526140155728587,0.26218097447795824,0.25217391304347825,0.2449251247920133,0.24489795918367346,263,0.25,179,False,False,0.6711763925872364,-0.018190723300545164,3.894230769230769,4.25,104,,,,,,,0.21248236789594113,20,3.47,1.31,90.2,2,6,86,41,1,0,1,13,SP,21,382,78,18.2,8.54,4.07,7.74,0.5,19.45896681915335,0.0009365529355309654,9,0.9,4.0,6,6,0,1,0.0,4.632995550702674,0.09612410457217693,0.2412280701754386,0.11242603550295859,0.08678500986193294,0.38095238095238093,0.2971779448621554,0.23430962343096234,4.251,0.31807164837368607
547180,Bryce Harper,L,PHI,3,Tyler Mahle,R,641816,823417,ATL @ PHI,10:10 AM,06/09,Pre-Game,0.6528873149659589,-170.0,178.0,63.0,False,1110111101,live,5,2,0.4,1,2026,0.4025371195761068,0.39606023571451787,0.48589879411819187,0.5265850973635079,0.181867452211514,20,1,0.11180623514609253,1.009,59.9,C,0.28063241106719367,3.535566680264905,0.413577878425222,0.2388771191693665,20,7,0,0.20652173913043478,0.3183279742765273,0.655786350148368,0.06379821958456973,0.28041543026706234,0.2694327731092437,0.24364123159303883,0.3179791976225854,0.2680185682873198,0.29073482428115016,370,0.25274725274725274,233,False,False,0.6547175731182963,-0.001830258152337394,3.5357142857142856,4.307142857142857,140,,,,,,,0.2772233817219103,20,4.25,1.29,125.0,5,10,121,42,0,0,0,23,SP,23,521,119,22.7,8.71,3.02,8.57,1.22,22.976701276945384,0.004441256462612619,7,0.875,14.0,7,6,1,0,0.0,4.389880194198742,0.16245483393560015,0.27488151658767773,0.2138728323699422,0.16570327552986513,0.45150053590568057,0.375395498392283,0.22692307692307692,4.251,0.3178049645701971
607208,Trea Turner,R,PHI,2,Tyler Mahle,R,641816,823417,ATL @ PHI,10:10 AM,06/09,Pre-Game,0.6526771064781641,-203.0,223.0,67.0,False,0011101011,live,11,6,0.5454545454545454,1,2022,0.1803556043178511,0.23717370147638825,0.2938969825455411,0.20911871525486533,0.20028403805189143,20,1,-0.027534965034965025,1.009,59.9,C,0.28063241106719367,3.535566680264905,0.413577878425222,0.2388771191693665,20,7,0,0.2548076923076923,0.22727272727272727,0.655786350148368,0.06379821958456973,0.28041543026706234,0.22319301032565528,0.22105263157894736,0.2571428571428571,0.22574548509029818,0.2349570200573066,375,0.24170616113744076,232,False,False,0.6386097650938977,0.014067341384266463,4.117647058823529,4.463235294117647,136,,,,,,,-0.06677655043103885,20,4.25,1.29,125.0,5,10,121,42,0,0,0,23,SP,23,521,119,22.7,8.71,3.02,8.57,1.22,22.976701276945384,-0.01204853504959269,7,0.875,14.0,7,6,1,0,0.0,4.551844232751976,0.0786489930635233,0.23732251521298176,0.21455223880597016,0.06529850746268656,0.4104938271604938,0.31985978835978834,0.28708133971291866,4.352,0.3178049645701971
518692,Freddie Freeman,L,LAD,2,Andrew Alvarez,L,674841,823903,WSH @ LAD,7:10 PM,06/09,Scheduled,0.6525486723506168,-186.0,194.0,65.0,False,0111110100,estimated,0,0,0.0,0,0,0.32901602927785534,0.4110890561717484,0.3486038123863891,0.4381661087155902,0.21757961055592326,20,1,0.07323497481713503,0.973,50.0,C,0.2847548690396239,2.0181780787785657,0.4059214923402125,0.21911608321972473,20,7,0,0.35403726708074534,0.2808022922636103,0.42914707857622564,0.5218267293485561,0.049026192075218265,0.2957393483709273,0.27551803530314656,0.29740791268758526,0.2899661781285231,0.29754601226993865,364,0.31521739130434784,219,False,False,0.6711763925872364,-0.018627720236619627,3.75,4.286764705882353,136,,,,,,,-0.14937464675943687,20,3.47,1.31,90.2,2,6,86,41,1,0,1,13,SP,21,382,78,18.2,8.54,4.07,7.74,0.5,19.45896681915335,0.0007513276493833487,9,0.9,4.0,6,6,0,1,0.0,4.2781029629347636,0.1487352672179854,0.30855855855855857,0.17153996101364521,0.1111111111111111,0.40308988764044945,0.3695407303370786,0.22916666666666666,4.352,0.31807164837368607
666182,Bo Bichette,R,NYM,3,Cesar Perdomo,L,702885,823578,SF @ NYM,10:40 AM,06/09,Pre-Game,0.6525486723506168,-212.0,223.0,68.0,False,1000111110,live,0,0,0.0,0,0,0.2803412611014391,0.3540075390083201,0.49405936256062877,0.31620373007457225,0.18015795182484298,20,1,0.038301642472568675,0.949,62.3,C,0.29310344827586204,,,,1,5,0,0.2945205479452055,0.2562189054726368,0.5344827586206896,0.39655172413793105,0.06896551724137931,0.2669275929549902,0.24904798172124903,0.2813765182186235,0.26410783641763763,0.27906976744186046,371,0.24509803921568626,225,False,True,0.6788133393158091,-0.026264666965192363,3.9424460431654675,4.287769784172662,139,,,,,,,0.052041728811576544,20,2.25,1.0,4.0,0,0,4,1,0,0,0,0,RP,1,15,3,15.0,9.0,2.25,6.75,2.25,,0.009076327649383154,8,0.7272727272727273,-3.0,7,6,0,1,0.0,4.067790834716866,0.09459342944039256,0.27136752136752135,0.17025440313111545,0.0684931506849315,0.41583552055993,0.3388101487314086,0.0,4.251,0.31794051365812687
605137,Josh Bell,L,MIN,5,Bryan Hudson,L,663542,824552,MIN @ CWS,3:20 PM,06/09,Scheduled,0.651935408102408,-150.0,156.0,60.0,False,1111101111,estimated,0,0,0.0,0,0,0.3368845252028814,0.3960042714163655,0.4981900777315748,0.42487590893283844,0.1327929139642968,20,1,0.02015345858733486,0.968,77.7,B,0.30858960763520676,,0.38320238070544776,0.190703884740276,20,2,0,0.2751677852348993,0.25501432664756446,0.7331910352187834,0.26680896478121663,0.0,0.26879044300647087,0.2386138613861386,0.23897435897435898,0.2534965034965035,0.2871287128712871,333,0.2205128205128205,219,False,False,0.640199565135427,0.011735842966981047,3.688888888888889,4.088888888888889,135,,,,,,,0.24094462488368948,20,3.03,1.21,59.1,4,4,55,17,7,3,10,7,RP,61,248,55,4.1,8.34,2.58,8.34,0.61,3.9421534163667045,-0.016822908102408052,8,0.8,9.0,7,6,0,1,0.0,4.253650297710246,0.08167409911978053,0.2577777777777778,0.19066937119675456,0.07099391480730223,0.41830524344569286,0.3235505617977528,0.2857142857142857,4.026,0.2990891775609954
683737,Michael Busch,L,CHC,3,Tyler Phillips,R,663969,823822,CHC @ MIA,10:40 AM,06/09,Pre-Game,0.651935408102408,-156.0,170.0,61.0,False,0100110011,live,0,0,0.0,0,0,0.18821020205808486,0.3119544767589912,0.5403105594985536,0.30471434661598173,0.3184005031108753,20,1,-0.04118462891549965,1.0,56.8,C,0.3016949152542373,1.9766361068952303,0.4017844583829151,0.2004844924970279,20,5,0,0.26282051282051283,0.22163588390501318,0.3344632768361582,0.4293785310734463,0.23615819209039549,0.22168206125425377,0.2440775305096913,0.19337016574585636,0.22542251844798858,0.24509803921568626,357,0.2183406113537118,274,False,False,0.6315174567922348,0.02041795131017321,3.8214285714285716,4.507142857142857,140,,,,,,,-0.05260664254056726,20,3.43,1.33,110.1,4,6,90,47,2,1,3,16,RP,33,471,100,14.3,7.34,3.83,8.16,1.14,18.320957535862984,-0.010922908102408035,8,0.8,13.0,7,7,0,1,0.0,4.53232245888956,0.10291077041172583,0.24891774891774893,0.23583180987202926,0.12431444241316271,0.42462462462462464,0.32666666666666666,0.2576419213973799,4.251,0.31556027503183737
686765,Nick Sogard,L,BOS,5,Kyle Bradish,R,680694,824794,BOS @ BAL,10:35 AM,06/09,Pre-Game,0.6512975149244297,-138.0,144.0,58.0,False,0111110101,live,0,0,0.0,0,0,0.28975233527884786,0.34771911465297767,0.33780168031606655,0.36830980862503754,0.18278432763702201,20,1,-0.1757757757757758,1.044,51.1,C,0.2719967858577742,2.141882409752175,0.3897550021343545,0.19886699548217093,20,5,0,0.40540540540540543,0.22962962962962963,0.532556270096463,0.46181672025723475,0.005627009646302251,0.24081632653061225,0.2621082621082621,0.24749163879598662,0.24765342960288808,0.25773195876288657,116,0.28,92,False,False,0.6101191560338534,0.041178358890576305,3.6595744680851063,4.425531914893617,47,,,,,,,0.0017123608190265985,20,4.01,1.42,148.0,7,12,137,64,0,0,0,27,SP,27,633,146,23.4,8.33,3.89,8.88,1.03,23.542174209529875,-0.020010014924429775,8,1.0,8.0,6,7,1,1,0.0,4.361934491738664,0.1068697733176424,0.2619047619047619,0.21867881548974943,0.10250569476082004,0.29592198581560286,0.323436170212766,0.26666666666666666,4.026,0.3398725082440613
668227,Randy Arozarena,R,SEA,1,Gage Jump,L,695611,823091,ATH @ SEA,1:10 PM,06/09,Scheduled,0.6512975149244297,-170.0,186.0,63.0,False,1100111101,estimated,0,0,0.0,0,0,0.2374498875230375,0.2800248713131028,0.2735760013827172,0.3281174262673695,0.24580728767797033,20,1,0.007498790517658449,0.906,38.4,D,0.2823960880195599,2.073347708860085,0.408192676720294,0.24117857384937513,18,6,0,0.27672955974842767,0.2692307692307692,0.5153374233128835,0.3932515337423313,0.09141104294478528,0.24916943521594684,0.23266563944530047,0.2535885167464115,0.24487445289103893,0.25165562913907286,364,0.30256410256410254,218,False,True,0.6386097650938977,0.012687749830532002,3.708955223880597,4.343283582089552,134,,,,,,,-0.1769213314667316,20,5.15,1.49,92.2,6,9,99,45,0,0,0,18,SP,18,407,93,22.6,9.62,4.37,9.03,0.97,22.72324368511548,-0.004554657781572491,7,0.7,-10.0,5,7,1,1,0.0,4.624854921223997,0.13875056669930474,0.2733333333333333,0.2179732313575526,0.09560229445506692,0.4152281746031746,0.3436770833333333,0.26492537313432835,4.443,0.3472891509021675
686527,Dominic Canzone,L,SEA,2,Gage Jump,L,695611,823091,ATH @ SEA,1:10 PM,06/09,Scheduled,0.6508123360023478,,,,False,1100111111,estimated,0,0,0.0,0,0,0.2511312493749832,0.3476332387255465,0.4004872293995727,0.33219413145239746,0.22290588624972132,20,1,-0.01802050473186123,0.906,38.4,D,0.2823960880195599,2.073347708860085,0.408192676720294,0.24117857384937513,18,6,0,0.2375,0.2555205047318612,0.5153374233128835,0.3932515337423313,0.09141104294478528,0.24206642066420664,0.22772277227722773,0.2173274596182085,0.23160393353679212,0.2330508474576271,266,0.2795031055900621,179,False,True,0.6615703553781597,-0.01075801937581189,3.1507936507936507,3.5317460317460316,126,,,,,,,-0.08471051733537034,20,5.15,1.49,92.2,6,9,99,45,0,0,0,18,SP,18,407,93,22.6,9.62,4.37,9.03,0.97,22.72324368511548,0.010101949711938008,7,0.7,-10.0,5,7,1,1,0.0,4.603249664614494,0.07320135841856609,0.25326370757180156,0.21678321678321677,0.08624708624708624,0.44051724137931036,0.3482793103448276,0.2558139534883721,4.352,0.3472891509021675
521692,Salvador Pérez,R,KC,4,Spencer Arrighetti,R,681293,824065,TOR @ KC,11:10 AM,06/09,Pre-Game,0.6492225359608185,-186.0,194.0,65.0,False,0111101111,estimated,7,1,0.14285714285714285,1,2024,0.3025304255530818,0.3995592419485796,0.4637734589773093,0.36126059846452546,0.15160843768940552,20,1,-0.020204029953333563,1.028,60.3,C,0.2823667252489748,1.5921399479354668,0.3076722457077645,0.20643086725367202,20,5,0,0.24025974025974026,0.2200557103064067,0.4630715123094959,0.46600234466588514,0.070926143024619,0.22286924298570673,0.19302949061662197,0.26247288503253796,0.21558441558441557,0.22611464968152867,339,0.22613065326633167,219,False,False,0.6439030961738532,0.005319439786965252,3.857142857142857,4.195488721804511,133,,,,,,,0.19285183838823455,20,4.82,1.34,99.0,7,8,97,55,0,0,0,18,SP,20,435,78,21.8,8.82,5.0,7.09,1.36,20.371622329110355,-0.00025586929415177817,6,0.6666666666666666,17.0,6,6,1,1,0.0,4.156003598198003,0.031248668237919656,0.23440860215053763,0.2,0.031683168316831684,0.4220238095238095,0.3132692307692308,0.2012987012987013,4.16,0.27080266338669884
608324,Alex Bregman,R,CHC,4,Tyler Phillips,R,663969,823822,CHC @ MIA,10:40 AM,06/09,Pre-Game,0.6492225359608185,-186.0,194.0,65.0,False,0111111110,live,0,0,0.0,0,0,0.28668917999640253,0.2904935894438448,0.3302888274346558,0.31565335437617614,0.11569483610133033,20,1,-0.023878459574733057,1.0,56.8,C,0.3016949152542373,1.9766361068952303,0.4017844583829151,0.2004844924970279,20,5,0,0.27710843373493976,0.2532299741602067,0.3344632768361582,0.4293785310734463,0.23615819209039549,0.2496954933008526,0.24242424242424243,0.2795031055900621,0.25021514629948366,0.2676923076923077,368,0.25,269,False,False,0.6492225359608185,0.0,3.9784172661870505,4.58273381294964,139,,,,,,,0.1083463156717961,20,3.43,1.33,110.1,4,6,90,47,2,1,3,16,RP,33,471,100,14.3,7.34,3.83,8.16,1.14,18.320957535862984,-0.001160035960818595,8,0.8,13.0,7,7,0,1,0.0,4.5917251693415,0.07144643379992795,0.26582278481012656,0.151183970856102,0.10382513661202186,0.35822676896845695,0.30124936061381075,0.21578947368421053,4.16,0.31556027503183737
672960,Kazuma Okamoto,R,TOR,5,Randy Dobnak,R,677976,824065,TOR @ KC,11:10 AM,06/09,Pre-Game,0.6482318770639818,-186.0,194.0,65.0,False,0011011011,estimated,0,0,0.0,0,0,0.25692865484587113,0.37162839187571683,0.5046872216535359,0.342111858435514,0.24974857344013726,20,1,0.0170431287909798,1.028,31.8,F,0.2550813008130081,1.773373698033776,0.40293055179224074,0.16710987722950177,11,5,0,0.22077922077922077,0.23782234957020057,0.48577235772357724,0.3008130081300813,0.21341463414634146,0.20798319327731093,0.24534574468085107,0.24329896907216494,0.22455979876514978,0.24915824915824916,334,0.2087378640776699,226,True,False,0.607241222139686,0.040990654924295766,3.698529411764706,4.117647058823529,136,,,,,,,0.25312532720659714,20,2.65,1.39,57.2,2,3,40,23,0,0,0,9,SP,11,247,57,22.5,6.24,3.59,8.9,0.78,23.01440631999721,-0.005754099286204073,9,0.9,24.0,7,6,1,1,0.0,4.111473913025547,0.09717072683761124,0.23529411764705882,0.2926829268292683,0.08333333333333333,0.44183445190156595,0.3275838926174497,0.2413793103448276,4.026,0.3071408021877185
677594,Julio Rodríguez,R,SEA,3,Gage Jump,L,695611,823091,ATH @ SEA,1:10 PM,06/09,Scheduled,0.6470310896140102,,,,False,0100111100,estimated,0,0,0.0,0,0,0.1428144456393064,0.2974391055350186,0.5022996333056476,0.20482021186539787,0.30972204330092795,20,1,-0.02070393374741203,0.906,38.4,D,0.2823960880195599,2.073347708860085,0.408192676720294,0.24117857384937513,18,6,0,0.22857142857142856,0.2492753623188406,0.5153374233128835,0.3932515337423313,0.09141104294478528,0.2295302013422819,0.2404332129963899,0.2222222222222222,0.2321385614625932,0.24695121951219512,354,0.234375,218,False,True,0.6392476582718761,0.007783431342134106,3.969465648854962,4.366412213740458,131,,,,,,,-0.029170693380956764,20,5.15,1.49,92.2,6,9,99,45,0,0,0,18,SP,18,407,93,22.6,9.62,4.37,9.03,0.97,22.72324368511548,-0.002316803899724551,7,0.7,-10.0,5,7,1,1,0.0,4.551003745126889,0.029563220770830293,0.2489539748953975,0.22137404580152673,0.06870229007633588,0.43830570902394106,0.35670580110497235,0.26492537313432835,4.251,0.3472891509021675
685133,Wade Meckler,L,LAA,3,Paul Skenes,R,694973,823336,LAA @ PIT,10:35 AM,06/09,Pre-Game,0.6464654609088977,,,,False,0110111011,live,0,0,0.0,0,0,0.3045220169081527,0.3208643150474591,0.4112433414990453,0.37530161467145834,0.1371145400530486,20,1,0.07789159197609904,1.013,49.4,D,0.27651060424169666,3.004469633280873,0.4175013111219257,0.27396523343572704,20,5,0,0.22727272727272727,0.3051643192488263,0.524609843937575,0.23689475790316125,0.2384953981592637,0.31222222222222223,0.30425531914893617,0.3128205128205128,0.31022727272727274,0.33986928104575165,169,0.21951219512195122,95,False,False,0.6512975149244297,-0.004832054015531995,3.1333333333333333,3.52,75,,,,,,,0.18339617012797269,20,3.97,1.16,149.2,9,11,179,44,0,0,0,28,SP,28,619,129,22.1,10.76,2.65,7.76,0.9,22.76372610350044,0.012291681948245148,7,0.7,-2.0,6,6,1,1,0.0,4.230264065357898,0.09390263884944056,0.27884615384615385,0.23579545454545456,0.09659090909090909,0.31877729257641924,0.31765938864628823,0.21806853582554517,4.251,0.2907612680996467
514888,José Altuve,R,HOU,4,Eduardo Rodríguez,L,593958,824142,AZ @ HOU,11:10 AM,06/09,Pre-Game,0.6464654609088977,-156.0,170.0,61.0,False,1011100101,estimated,14,5,0.35714285714285715,1,2022,0.20593699774150603,0.25361050174616784,0.311982079125395,0.28507165986749794,0.22967217770168047,20,1,0.03176737319413686,0.998,63.6,C,0.2557879014189694,2.514271647863477,0.30010281200318834,0.18739821790415165,20,5,0,0.2672413793103448,0.23547400611620795,0.6121076233183856,0.12144992526158445,0.26644245142002987,0.23225440090857466,0.2322357019064125,0.1972972972972973,0.2281021897810219,0.2463768115942029,302,0.23952095808383234,187,False,False,0.6264097981517406,0.02005566275715709,3.8521739130434782,4.252173913043478,115,,,,,,,-0.05789375105428351,20,2.59,1.22,167.0,14,5,122,55,0,0,0,28,SP,28,686,148,24.5,6.57,2.96,7.98,0.75,24.621948333496864,-0.03969546090889764,10,1.0,26.0,7,7,1,1,0.0,4.197227205774403,0.06477913790473104,0.24070021881838075,0.20833333333333334,0.07539682539682539,0.3306344696969697,0.2804680397727273,0.22706422018348624,4.16,0.2864087484668107
677942,Blaze Alexander,R,BAL,1,Payton Tolle,L,801139,824794,BOS @ BAL,10:35 AM,06/09,Pre-Game,0.6461568981003706,-163.0,170.0,62.0,False,1111001110,live,0,0,0.0,0,0,0.31080584321768767,0.4080550111987253,0.539216525139058,0.39269475035577944,0.2179499704676548,20,1,-0.011146924523233959,1.044,88.9,A,0.28784860557768926,4.41265866444043,0.33305909194102884,0.29360410638027634,20,6,0,0.30392156862745096,0.3150684931506849,0.8762475049900199,0.09281437125748503,0.03093812375249501,0.32127192982456143,0.3054187192118227,0.31736526946107785,0.3164983164983165,0.35714285714285715,143,0.26229508196721313,132,False,False,0.6584211041567225,-0.012264206056351923,3.1392405063291138,3.481012658227848,79,,,,,,,0.06353971350578122,20,3.23,1.1,131.0,8,6,147,37,0,0,0,23,SP,23,530,107,23.0,10.1,2.54,7.35,1.03,23.103770337838927,0.02078595904248648,7,0.7777777777777778,9.0,7,7,1,1,0.0,3.9149492209089507,0.04513557173210692,0.2819843342036554,0.2540792540792541,0.06526806526806526,0.4668491484184915,0.366897201946472,0.20699708454810495,4.443,0.33105914517761603
700250,Ben Rice,L,NYY,1,Mike King,R,650633,823253,NYY @ SD,1:10 PM,06/09,Scheduled,0.6457333543261906,-163.0,170.0,62.0,False,1111001111,estimated,0,0,0.0,0,0,0.35545179070714694,0.40262206161983005,0.47811810860009374,0.4451516097293285,0.19556398169242156,20,1,-0.01565220419249247,0.954,73.1,B,0.2849462365591398,2.2901356931136574,0.3130938484357531,0.20620786119014986,20,6,0,0.27167630057803466,0.2560240963855422,0.47964669738863286,0.24923195084485408,0.27112135176651303,0.24097610574478903,0.24096385542168675,0.23236514522821577,0.24016512870325402,0.24092409240924093,344,0.29207920792079206,239,False,False,0.6550501470003662,-0.009316792674175622,3.740740740740741,4.318518518518519,135,,,,,,,0.23038652040253313,20,3.11,1.17,162.0,9,9,141,63,0,0,0,28,SP,28,662,126,23.6,7.83,3.5,7.0,1.0,24.30426042674492,-0.0014333543261905168,7,0.7777777777777778,23.0,7,6,0,1,0.0,4.526599079992949,0.09836872074836607,0.2510822510822511,0.24045801526717558,0.10114503816793893,0.4680059523809524,0.36576488095238097,0.2154696132596685,4.443,0.300771294881161
806198,Cooper Pratt,R,MIL,7,Brady Singer,R,663903,824469,MIL @ CIN,9:10 AM,06/09,Pre-Game,0.6455190049223921,-150.0,156.0,60.0,False,0111011111,live,0,0,0.0,0,0,0.27326390564064035,0.30177580500000345,0.23595550861402595,0.359644891264323,0.19110675308143463,20,1,0.02407407407407408,1.083,47.7,D,0.2843737250101999,2.7435851211463658,0.4404014936348064,0.19589127380669574,20,6,0,0.25925925925925924,0.2833333333333333,0.5873469387755103,0.4126530612244898,0.0,0.3073170731707317,0.28023598820059,0.26229508196721313,0.2928637627432808,0.30337078651685395,104,0.24705882352941178,100,True,False,0.5927617747568822,0.05275723016550993,3.1636363636363636,3.709090909090909,55,,,,,,,0.08950701037565327,20,4.83,1.45,141.2,5,13,117,45,0,0,0,27,SP,27,633,160,23.4,7.43,2.86,10.16,1.65,24.698356327539013,-0.03470233825572544,6,0.75,-13.0,7,7,1,1,0.0,3.720650175904206,0.03857119371184756,0.2857142857142857,0.18834080717488788,0.10762331838565023,0.30215419501133783,0.31231632653061225,0.24019607843137256,3.76,0.3801305989440312
641355,Cody Bellinger,L,NYY,2,Mike King,R,650633,823253,NYY @ SD,1:10 PM,06/09,Scheduled,0.6443904819452865,-170.0,178.0,63.0,False,0011111101,estimated,0,0,0.0,0,0,0.312459617080773,0.32892810991512417,0.31198430311806535,0.3958881988936952,0.1980880672739447,20,1,-0.04660171102661598,0.954,73.1,B,0.2849462365591398,2.2901356931136574,0.3130938484357531,0.20620786119014986,20,6,0,0.29375,0.24714828897338403,0.47964669738863286,0.24923195084485408,0.27112135176651303,0.23812185578535494,0.27995255041518385,0.25,0.2514177693761815,0.25203252032520324,280,0.2824858757062147,206,False,False,0.6571251259639773,-0.012734644018690844,3.710526315789474,4.2631578947368425,114,,,,,,,0.20049826090051368,20,3.11,1.17,162.0,9,9,141,63,0,0,0,28,SP,28,662,126,23.6,7.83,3.5,7.0,1.0,24.30426042674492,-0.006690481945286542,7,0.7777777777777778,23.0,7,6,0,1,0.0,4.260518792243667,0.04190717074932563,0.25968109339407747,0.16071428571428573,0.1111111111111111,0.35982309124767226,0.3302425512104283,0.2154696132596685,4.352,0.300771294881161
596115,Trevor Story,R,BOS,4,Kyle Bradish,R,680694,824794,BOS @ BAL,10:35 AM,06/09,Pre-Game,0.6434677254517628,-156.0,170.0,61.0,False,1110111111,live,12,1,0.08333333333333333,1,2022,0.3308630216852516,0.3251687753666858,0.3345251890829483,0.5031743047864554,0.34303410486088337,20,1,0.053877703206562266,1.044,51.1,C,0.2719967858577742,2.141882409752175,0.3897550021343545,0.19886699548217093,20,5,0,0.19444444444444445,0.2483221476510067,0.532556270096463,0.46181672025723475,0.005627009646302251,0.21437422552664187,0.2413793103448276,0.18439716312056736,0.21994342291371993,0.21621621621621623,118,0.2702702702702703,78,False,False,0.6135196904838811,0.029948034967881676,4.021739130434782,4.260869565217392,46,,,,,,,0.17439258075909783,20,4.01,1.42,148.0,7,12,137,64,0,0,0,27,SP,27,633,146,23.4,8.33,3.89,8.88,1.03,23.542174209529875,-0.013817725451762741,8,1.0,8.0,6,7,1,1,0.0,4.109877722460407,0.019443271837457574,0.2689075630252101,0.2795275590551181,0.045275590551181105,0.4439121756487026,0.33492664670658684,0.25,4.16,0.3398725082440613
663993,Nathaniel Lowe,L,CLE,4,Jackson Jobe,R,695549,824385,DET @ CLE,10:40 AM,06/09,Pre-Game,0.643023383105744,-156.0,163.0,61.0,False,1100100111,live,0,0,0.0,0,0,0.2110217485039767,0.39809750393880255,0.40698975350723826,0.2933536449341265,0.26428035829867386,20,2,-0.0061525840853158265,0.987,37.7,D,0.2200488997555012,1.8781294024742143,0.40454922834870877,0.18570067690100311,5,6,0,0.2608695652173913,0.25471698113207547,0.5232273838630807,0.3594132029339853,0.11735941320293398,0.2606959498003423,0.26688632619439867,0.27882037533512066,0.26327272727272727,0.3010204081632653,217,0.19310344827586207,164,False,False,0.6259430892992626,0.01708029380648146,3.1869158878504673,3.560747663551402,107,,,,,,,0.12128276450590507,20,4.63,1.46,23.1,1,2,19,10,0,0,0,5,SP,5,104,24,20.8,7.33,3.86,9.26,1.54,20.970867943891573,-0.012112271994632828,9,0.9,-1.0,6,7,1,1,0.0,4.026219637246198,0.060507877887244696,0.2560646900269542,0.23429951690821257,0.08454106280193237,0.41836982968369835,0.34704014598540145,0.21428571428571427,4.16,0.3068904473498293
660670,Ronald Acuña,R,ATL,2,Aaron Nola,R,605400,823417,ATL @ PHI,10:10 AM,06/09,Pre-Game,0.6429511893103024,,,,False,1011110111,live,31,10,0.3225806451612903,1,2022,0.337809510808543,0.3751363007243957,0.43445465496397,0.430270276497298,0.25637711630488175,20,1,-0.007350420840156885,1.009,66.7,B,0.30260598988720344,3.2447181702024865,0.4141941219307035,0.25816383937815424,20,6,0,0.256198347107438,0.2488479262672811,0.49804839968774395,0.33879781420765026,0.16315378610460576,0.24973711882229233,0.248,0.2230971128608924,0.2458045409674235,0.27314814814814814,253,0.21311475409836064,140,False,False,0.636728000762356,0.006223188547946346,3.797752808988764,4.415730337078652,89,,,,,,,0.1845691453325015,20,4.93,1.4,148.0,6,10,157,51,0,0,0,28,SP,28,638,156,22.8,9.55,3.1,9.49,1.95,23.067197082710535,-0.010338689310302351,8,1.0,3.0,7,6,1,0,0.0,4.4734877209373956,0.07932398036794153,0.255079006772009,0.23224568138195778,0.12667946257197696,0.4658385093167702,0.35506211180124225,0.28205128205128205,4.352,0.2766955114667435
643289,Mauricio Dubón,R,ATL,5,Aaron Nola,R,605400,823417,ATL @ PHI,10:10 AM,06/09,Pre-Game,0.6425196454907406,,,,False,1101110010,live,9,1,0.1111111111111111,1,2022,0.24906652713460917,0.26921387063507224,0.1957501027164587,0.2656141650119117,0.10755748629207117,20,1,-0.017141990291262177,1.009,66.7,B,0.30260598988720344,3.2447181702024865,0.4141941219307035,0.25816383937815424,20,6,0,0.2760416666666667,0.2588996763754045,0.49804839968774395,0.33879781420765026,0.16315378610460576,0.2687140115163148,0.2606490872210953,0.23786407766990292,0.2635348037811515,0.2604166666666667,304,0.27230046948356806,236,False,False,0.6508123360023478,-0.008292690511607193,3.7388059701492535,4.029850746268656,134,,,,,,,0.0704581797582284,20,4.93,1.4,148.0,6,10,157,51,0,0,0,28,SP,28,638,156,22.8,9.55,3.1,9.49,1.95,23.067197082710535,-0.0018821454907405055,8,1.0,3.0,7,6,1,0,0.0,3.8744236534741328,0.03531180436105496,0.25892857142857145,0.11752577319587629,0.05979381443298969,0.286999147485081,0.30655242966751917,0.28205128205128205,4.026,0.2766955114667435
673548,Seiya Suzuki,R,CHC,2,Tyler Phillips,R,663969,823822,CHC @ MIA,10:40 AM,06/09,Pre-Game,0.642313296132324,-186.0,194.0,65.0,False,0110100001,live,0,0,0.0,0,0,0.22297747232119722,0.2733819303645131,0.2409168907072883,0.28316975019146606,0.18031240116608732,20,1,-0.027935222672064774,1.0,56.8,C,0.3016949152542373,1.9766361068952303,0.4017844583829151,0.2004844924970279,20,5,0,0.2894736842105263,0.26153846153846155,0.3344632768361582,0.4293785310734463,0.23615819209039549,0.2622873345935728,0.20340091563113147,0.29261363636363635,0.244174516608825,0.2528301886792453,308,0.29245283018867924,247,False,False,0.6379084649190337,0.004404831213290272,3.816,4.44,125,,,,,,,-0.08564955593250619,20,3.43,1.33,110.1,4,6,90,47,2,1,3,16,RP,33,471,100,14.3,7.34,3.83,8.16,1.14,18.320957535862984,0.007836703867675987,8,0.8,13.0,7,7,0,1,0.0,4.7491531679248595,0.18932080050825886,0.27292576419213976,0.2424812030075188,0.11842105263157894,0.378419452887538,0.3475075987841945,0.21578947368421053,4.352,0.31556027503183737
621566,Matt Olson,L,ATL,3,Aaron Nola,R,605400,823417,ATL @ PHI,10:10 AM,06/09,Pre-Game,0.642313296132324,-163.0,170.0,62.0,False,1011101000,live,38,10,0.2631578947368421,1,2022,0.1571542276291948,0.2967566909332032,0.5726261038413025,0.20165783382380367,0.3079657723564749,20,1,0.01426805976856535,1.009,66.7,B,0.30260598988720344,3.2447181702024865,0.4141941219307035,0.25816383937815424,20,6,0,0.24154589371980675,0.2558139534883721,0.49804839968774395,0.33879781420765026,0.16315378610460576,0.244547729710404,0.242,0.24122137404580152,0.2434502216848045,0.23423423423423423,370,0.27522935779816515,247,False,False,0.6386097650938977,0.0037035310384263553,3.880281690140845,4.345070422535211,142,,,,,,,-0.2416194249244363,20,4.93,1.4,148.0,6,10,157,51,0,0,0,28,SP,28,638,156,22.8,9.55,3.1,9.49,1.95,23.067197082710535,-0.008888296132324003,8,1.0,3.0,7,6,1,0,0.0,4.235224194501846,0.06150295034713695,0.24516129032258063,0.2548262548262548,0.08301158301158301,0.5147147147147147,0.34936636636636637,0.26011560693641617,4.251,0.2766955114667435
682829,Elly De La Cruz,L,CIN,2,Kyle Harrison,L,690986,824469,MIL @ CIN,9:10 AM,06/09,Pre-Game,0.6411847731552184,-156.0,163.0,61.0,False,1111101111,live,8,1,0.125,1,2023,0.3684989008911822,0.5001404725205737,0.595833768930725,0.5928770188171095,0.30640243228221664,20,1,0.03509243697478992,1.083,79.7,B,0.31210191082802546,4.45787959247286,0.38184221980434474,0.28499141519372345,20,6,0,0.304,0.2689075630252101,0.5953266064790228,0.3133297928836962,0.09134360063728093,0.2557471264367816,0.26328125,0.2606837606837607,0.25933658083971234,0.27450980392156865,337,0.2840909090909091,210,False,False,0.6491837839275326,-0.007999010772314241,3.9508196721311477,4.483606557377049,122,,,,,,,0.3123131669506981,20,3.45,1.2,107.0,10,4,130,29,0,0,0,22,SP,22,447,99,20.3,10.93,2.44,8.33,1.6,20.47514556757414,0.02634856017811482,6,0.75,16.0,7,6,1,1,0.0,4.417848657295558,0.1060895626678249,0.2805907172995781,0.2667910447761194,0.10634328358208955,0.5302114803625377,0.4030050352467271,0.23140495867768596,4.352,0.3125263180271999
687859,Troy Johnston,L,COL,7,Kyle Leahy,R,681517,824309,STL @ COL,12:10 PM,06/09,Scheduled,0.6408910934159254,,,,False,0110111011,estimated,0,0,0.0,0,0,0.30972416745667264,0.3717713652782148,0.3439115198013973,0.4341366561260583,0.22426976215543323,20,1,0.023490256608142024,1.148,57.2,C,0.27234440804866633,4.350657273579316,0.45644277122590754,0.24639445871419782,20,8,0,0.2676056338028169,0.2910958904109589,0.39325842696629215,0.46348314606741575,0.14325842696629212,0.24303073624017155,0.291044776119403,0.24666666666666667,0.26016581129095934,0.2692307692307692,232,0.3096774193548387,180,False,False,0.5854360764920605,0.0554550169238649,3.1025641025641026,3.5213675213675213,117,,,,,,,0.04315071396338351,20,3.13,1.31,129.1,10,4,118,38,0,0,0,26,SP,26,545,131,21.0,8.21,2.64,9.12,0.9,19.75848976124544,-0.010771093415925415,5,0.5555555555555556,-6.0,5,6,1,1,0.0,3.150453566211429,0.07901543121961854,0.2918918918918919,0.1718377088305489,0.08591885441527446,0.38730425055928414,0.3441196868008949,0.30739299610894943,3.76,0.36171341554562253
687093,Vaughn Grissom,R,LAA,4,Paul Skenes,R,694973,823336,LAA @ PIT,10:35 AM,06/09,Pre-Game,0.6400836037684493,,,,False,1100110111,live,0,0,0.0,0,0,0.22875050175886852,0.3296728177609041,0.3832728737145602,0.2873519121963904,0.2148951392937508,20,1,0.015371072589382445,1.013,49.4,D,0.27651060424169666,3.004469633280873,0.4175013111219257,0.27396523343572704,20,5,0,0.23943661971830985,0.2548076923076923,0.524609843937575,0.23689475790316125,0.2384953981592637,0.22609909281228194,0.23135271807838179,0.2054794520547945,0.2243639167309175,0.24509803921568626,225,0.2534246575342466,164,False,False,0.6471088049639215,-0.00702520119547223,3.5714285714285716,3.9693877551020407,98,,,,,,,0.1685992057148369,20,3.97,1.16,149.2,9,11,179,44,0,0,0,28,SP,28,619,129,22.1,10.76,2.65,7.76,0.9,22.76372610350044,0.007316396231550781,7,0.7,-2.0,6,6,1,1,0.0,4.333554090857437,0.03784459517550767,0.24096385542168675,0.1875,0.06896551724137931,0.3794207317073171,0.3186798780487805,0.23809523809523808,4.16,0.2907612680996467
805808,Kevin Mcgonigle,L,DET,1,Gavin Williams,R,668909,824385,DET @ CLE,10:40 AM,06/09,Pre-Game,0.6388482581895896,-150.0,163.0,60.0,False,0001101011,live,0,0,0.0,0,0,0.20043068153740068,0.2917434609114182,0.3766612649481738,0.23410584108027171,0.10562223969197118,20,2,0.05832469452611186,0.987,65.6,B,0.33409785932721714,5.152064436025254,0.4470910541844716,0.3640119965904112,20,5,0,0.22699386503067484,0.2853185595567867,0.49361702127659574,0.5063829787234042,0.0,0.27238805970149255,0.273431448489543,0.24662576687116564,0.26738794435857804,0.2802547770700637,368,0.24761904761904763,248,True,False,0.65950480636727,-0.020656548177680478,3.8529411764705883,4.529411764705882,136,,,,,,,0.10361407752242537,20,3.81,1.09,163.0,13,7,217,50,0,0,0,28,SP,28,657,128,23.5,11.98,2.76,7.07,1.49,22.406326249702705,0.010171741810410473,5,0.625,9.0,7,7,1,1,0.0,4.559828003525644,0.08009385327317273,0.2670940170940171,0.1386861313868613,0.12956204379562045,0.3642857142857143,0.3057244897959184,0.1883656509695291,4.443,0.3317578572237036
624413,Pete Alonso,R,BAL,2,Payton Tolle,L,801139,824794,BOS @ BAL,10:35 AM,06/09,Pre-Game,0.6386097650938977,-144.0,156.0,59.0,False,0001011100,live,5,1,0.2,1,2026,0.24577488387621108,0.3859056269765867,0.5949128607429452,0.31744795503919754,0.2390284006944377,20,1,0.018706379476791102,1.044,88.9,A,0.28784860557768926,4.41265866444043,0.33305909194102884,0.29360410638027634,20,6,0,0.27932960893854747,0.26062322946175637,0.8762475049900199,0.09281437125748503,0.03093812375249501,0.25738228252194734,0.2742671009771987,0.2927272727272727,0.2672038327526132,0.2804878048780488,368,0.24509803921568626,248,False,False,0.6713167677825282,-0.03270700268863058,3.7464788732394365,4.338028169014085,142,,,,,,,0.011553191688489728,20,3.23,1.1,131.0,8,6,147,37,0,0,0,23,SP,23,530,107,23.0,10.1,2.54,7.35,1.03,23.103770337838927,0.031861663477531055,7,0.7777777777777778,9.0,7,7,1,1,0.0,4.248682612949111,0.09685033854454879,0.27839643652561247,0.23166023166023167,0.09845559845559845,0.5704154002026343,0.40572948328267483,0.20699708454810495,4.352,0.33105914517761603
662139,Daulton Varsho,L,HOU,5,Eduardo Rodríguez,L,593958,824142,AZ @ HOU,11:10 AM,06/09,Pre-Game,0.6379084649190337,,,,False,1010001101,estimated,0,0,0.0,0,0,0.17973775561363095,0.3211096404940742,0.29409896922035633,0.24040612809865652,0.17808692729480155,20,1,-0.042762852096309395,0.998,63.6,C,0.2557879014189694,2.514271647863477,0.30010281200318834,0.18739821790415165,20,5,0,0.1935483870967742,0.23631123919308358,0.6121076233183856,0.12144992526158445,0.26644245142002987,0.24437467294610152,0.2206439393939394,0.19518716577540107,0.23175837320574164,0.23846153846153847,285,0.2111111111111111,197,False,False,0.6214955375543157,0.016412927364718,3.6363636363636362,3.9834710743801653,121,,,,,,,0.02284885111057182,20,2.59,1.22,167.0,14,5,122,55,0,0,0,28,SP,28,686,148,24.5,6.57,2.96,7.98,0.75,24.621948333496864,-0.03183846491903375,10,1.0,26.0,7,7,1,1,0.0,4.0762831554621695,0.04834968439428979,0.22935779816513763,0.19665271966527198,0.07531380753138076,0.3713450292397661,0.3012017543859649,0.2552083333333333,4.026,0.2864087484668107
671277,Luis García,L,NYY,3,Mike King,R,650633,823253,NYY @ SD,1:10 PM,06/09,Scheduled,0.6358763351150194,,,,False,1010101010,estimated,0,0,0.0,0,0,0.23054699081552674,0.33524723085371255,0.48645228473145413,0.3262553302496098,0.3037575651241178,20,1,0.01612591111397793,0.954,73.1,B,0.2849462365591398,2.2901356931136574,0.3130938484357531,0.20620786119014986,20,6,0,0.2702702702702703,0.2863961813842482,0.47964669738863286,0.24923195084485408,0.27112135176651303,0.2396694214876033,0.24612403100775193,0.26268320180383314,0.24742857142857144,0.26037735849056604,280,0.3193717277486911,201,False,False,0.6608286570024037,-0.024952321887384277,3.480916030534351,3.6717557251908395,131,,,,,,,-0.06840884394299356,20,3.11,1.17,162.0,9,9,141,63,0,0,0,28,SP,28,662,126,23.6,7.83,3.5,7.0,1.0,24.30426042674492,-0.004190620829305103,7,0.7777777777777778,23.0,7,6,0,1,0.0,3.610931029037617,0.044067198702911606,0.2829736211031175,0.17687074829931973,0.049886621315192746,0.4724680432645034,0.34646165191740413,0.2154696132596685,4.251,0.300771294881161
645277,Ozzie Albies,L,ATL,6,Aaron Nola,R,605400,823417,ATL @ PHI,10:10 AM,06/09,Pre-Game,0.6358386954897551,-150.0,156.0,60.0,False,1110111110,live,28,9,0.32142857142857145,1,2022,0.22551827571775462,0.27048195364135597,0.22187386582492163,0.30213730878423783,0.15765154718199864,20,1,-0.07126443384845174,1.009,66.7,B,0.30260598988720344,3.2447181702024865,0.4141941219307035,0.25816383937815424,20,6,0,0.2961165048543689,0.22485207100591717,0.49804839968774395,0.33879781420765026,0.16315378610460576,0.24295774647887325,0.25,0.23444444444444446,0.2437515466468696,0.25757575757575757,364,0.24299065420560748,242,False,False,0.6408910934159254,-0.005052397926170293,3.8309859154929575,4.267605633802817,142,,,,,,,0.021120114167847433,20,4.93,1.4,148.0,6,10,157,51,0,0,0,28,SP,28,638,156,22.8,9.55,3.1,9.49,1.95,23.067197082710535,-0.0007886954897552423,8,1.0,3.0,7,6,1,0,0.0,4.256643163923092,0.05519844417219809,0.24618736383442266,0.142578125,0.06640625,0.2743091537132988,0.2767607944732297,0.26011560693641617,3.896,0.2766955114667435
607043,Brandon Nimmo,L,TEX,4,Ian Seymour,L,693855,822848,TB @ TEX,11:35 AM,06/09,Scheduled,0.6351656372788606,-150.0,156.0,60.0,False,1011111000,estimated,0,0,0.0,0,0,0.23590004024143815,0.2555293301690925,0.4590926974681575,0.29953800043860734,0.20015260152229825,20,1,0.07112268518518519,0.964,88.9,A,0.31883259911894274,4.92541659670065,0.351153917276036,0.30001436831416833,20,6,0,0.31851851851851853,0.24739583333333334,0.4280955024986119,0.27540255413659076,0.29650194336479735,0.25410447761194027,0.24879227053140096,0.20454545454545456,0.24691911270445888,0.2710843373493976,369,0.25668449197860965,207,False,False,0.6587536780387925,-0.023588040759931928,3.8161764705882355,4.235294117647059,136,,,,,,,-0.1044982399150599,20,4.21,1.14,113.1,9,6,138,32,2,0,2,12,RP,42,470,97,11.2,10.96,2.54,7.7,1.59,20.44308756260814,0.007217696054472866,6,0.6666666666666666,-7.0,7,7,1,1,0.0,4.257614437758665,0.0708897479501045,0.25386313465783666,0.2123015873015873,0.07738095238095238,0.5264932562620424,0.3639277456647399,0.24342105263157895,4.16,0.28864495039964605
804606,Konnor Griffin,R,PIT,1,Walbert Ureña,R,700712,823336,LAA @ PIT,10:35 AM,06/09,Pre-Game,0.6349615846072719,,,,False,1110111100,live,0,0,0.0,0,0,0.2461128112313676,0.2796433947859643,0.37117222246478254,0.31089691143970344,0.3040459807262648,20,1,0.023255813953488358,1.013,65.4,B,0.2856466129796305,1.9532457611556198,0.3677829018640241,0.23524410783089064,20,6,0,0.25,0.27325581395348836,0.5220902612826603,0.14346793349168646,0.3344418052256532,0.2783389450056117,0.22030651340996169,0.21774193548387097,0.25449101796407186,0.3046875,136,0.22115384615384615,119,True,True,0.6335944857677295,0.0013670988395424466,3.8666666666666667,4.25,60,,,,,,,0.11304763544597086,20,2.85,1.26,123.1,9,9,120,64,0,0,0,23,SP,25,525,91,21.0,8.76,4.67,6.64,0.58,22.042248826852774,-0.004999084607271942,8,0.8888888888888888,-5.0,7,6,1,1,0.0,4.480889626565004,0.052574470737652694,0.2571428571428571,0.2777777777777778,0.06666666666666667,0.3686274509803921,0.3209607843137255,0.19095477386934673,4.443,0.3411795166911076
703607,Henry Bolte,R,ATH,1,Bryan Woo,R,693433,823091,ATH @ SEA,1:10 PM,06/09,Scheduled,0.6349232725407966,,,,False,0011011101,estimated,0,0,0.0,0,0,0.28807032486017176,0.378506478739375,0.4431573295124047,0.3969318333901654,0.2810976406795819,20,1,-0.0008255933952528438,0.906,60.0,C,0.27177700348432055,4.86508543077086,0.4360085325024542,0.2598740626328332,20,5,0,0.27450980392156865,0.2736842105263158,0.6637592673353685,0.27649367640645445,0.05974705625817706,0.2763406940063092,0.26068965517241377,0.3444730077120823,0.2828171091445428,0.2955665024630542,229,0.24285714285714285,162,True,False,0.6542787042010744,-0.019355431660277755,3.5,3.989795918367347,98,,,,,,,0.02546731464649785,20,4.25,1.09,148.1,10,9,149,31,0,0,0,26,SP,26,606,131,23.3,9.04,1.88,7.95,1.09,23.09331476589985,0.01913387031634628,7,0.875,-29.0,6,7,1,1,0.0,4.810615893030933,0.11248060332724709,0.28212290502793297,0.2769607843137255,0.07598039215686274,0.472108843537415,0.3419673469387755,0.2190082644628099,4.443,0.3703589734267625
608369,Corey Seager,L,TEX,2,Ian Seymour,L,693855,822848,TB @ TEX,11:35 AM,06/09,Scheduled,0.633608099087385,-156.0,163.0,61.0,False,0011010111,estimated,0,0,0.0,0,0,0.2888297203690254,0.41079018927529837,0.5839111484974447,0.3889169299054306,0.1989718842822547,20,1,0.026429083951207855,0.964,88.9,A,0.31883259911894274,4.92541659670065,0.351153917276036,0.30001436831416833,20,6,0,0.24324324324324326,0.2168141592920354,0.4280955024986119,0.27540255413659076,0.29650194336479735,0.22626582278481014,0.24508519003931847,0.2571428571428571,0.23484236054971705,0.24878048780487805,229,0.16842105263157894,119,False,False,0.6471088049639215,-0.013500705876536512,3.7037037037037037,4.296296296296297,81,,,,,,,0.18151351988375883,20,4.21,1.14,113.1,9,6,138,32,2,0,2,12,RP,42,470,97,11.2,10.96,2.54,7.7,1.59,20.44308756260814,0.009458567579281651,6,0.6666666666666666,-7.0,7,7,1,1,0.0,4.293578254310319,0.10097574504009166,0.2398190045248869,0.2222222222222222,0.10526315789473684,0.5035569105691057,0.33093292682926834,0.24342105263157895,4.352,0.28864495039964605
664040,Brandon Lowe,L,PIT,2,Walbert Ureña,R,700712,823336,LAA @ PIT,10:35 AM,06/09,Pre-Game,0.6335098610660427,-156.0,170.0,61.0,False,0001111010,live,0,0,0.0,0,0,0.22400047019402633,0.2916935613937353,0.41352731180170393,0.3748720456470016,0.3482211729071934,20,1,0.050844636764583534,1.013,65.4,B,0.2856466129796305,1.9532457611556198,0.3677829018640241,0.23524410783089064,20,6,0,0.21311475409836064,0.2639593908629442,0.5220902612826603,0.14346793349168646,0.3344418052256532,0.24285714285714285,0.2275997383911053,0.27218934911242604,0.24388523047977423,0.2508250825082508,343,0.2535211267605634,237,False,True,0.6321427622265005,0.0013670988395422246,3.909090909090909,4.393939393939394,132,,,,,,,0.08458946635785738,20,2.85,1.26,123.1,9,9,120,64,0,0,0,23,SP,25,525,91,21.0,8.76,4.67,6.64,0.58,22.042248826852774,-0.0039848610660426775,8,0.8888888888888888,-5.0,7,6,1,1,0.0,4.085741214035754,0.09351989236262148,0.25690021231422505,0.29904761904761906,0.08190476190476191,0.46125265392781317,0.3542197452229299,0.21052631578947367,4.352,0.3411795166911076
668930,Brice Turang,L,MIL,6,Brady Singer,R,663903,824469,MIL @ CIN,9:10 AM,06/09,Pre-Game,0.6331845553132049,-178.0,186.0,64.0,False,1101010010,live,13,5,0.38461538461538464,1,2024,0.174901624370606,0.3333001471297023,0.2914304934172492,0.24314022146820222,0.3794867157196161,20,1,0.07686980609418281,1.083,47.7,D,0.2843737250101999,2.7435851211463658,0.4404014936348064,0.19589127380669574,20,6,0,0.19736842105263158,0.2742382271468144,0.5873469387755103,0.4126530612244898,0.0,0.23669519910681058,0.2527881040892193,0.26540880503144654,0.24479703276323925,0.24620060790273557,368,0.2608695652173913,230,False,False,0.5778942676751609,0.055290287638044,3.9160305343511452,4.564885496183206,131,,,,,,,-0.16460915733615092,20,4.83,1.45,141.2,5,13,117,45,0,0,0,27,SP,27,633,160,23.4,7.43,2.86,10.16,1.65,24.698356327539013,-0.04261788864653826,6,0.75,-13.0,7,7,1,1,0.0,4.429224309850081,0.07766711289320134,0.25316455696202533,0.2572992700729927,0.11131386861313869,0.4114114114114114,0.3591201201201201,0.30327868852459017,3.896,0.3801305989440312
669065,Kyle Stowers,L,MIA,1,Clay Holmes,R,605280,823822,CHC @ MIA,10:40 AM,06/09,Pre-Game,0.6328989161524603,-156.0,163.0,61.0,False,0111011111,live,5,1,0.2,1,2023,0.3111482431589933,0.4076085027468053,0.6954763894533125,0.5741651713307394,0.3611383628462724,20,1,0.0574758048587794,1.0,50.9,C,0.28060413354531,2.368989465345356,0.4211570615225241,0.1948301873452395,14,6,0,0.20481927710843373,0.26229508196721313,0.6089030206677265,0.25357710651828297,0.13751987281399047,0.2196923076923077,0.24628712871287128,0.2639751552795031,0.23619233268356074,0.2314410480349345,262,0.27672955974842767,180,False,False,0.6239141763350925,0.008984739817367804,3.6952380952380954,4.20952380952381,105,,,,,,,0.222856964036453,20,2.09,1.07,81.2,6,6,63,27,0,0,0,14,SP,14,326,60,23.3,6.94,2.98,6.61,0.44,23.173076775530568,-0.004773916152460367,4,0.5714285714285714,39.0,7,7,0,1,0.0,4.044425327133073,0.07638282255722778,0.25170068027210885,0.30417495029821073,0.09343936381709742,0.5520833333333334,0.3569722222222222,0.2154696132596685,4.443,0.3103386463325803
571448,Nolan Arenado,R,AZ,4,Peter Lambert,R,663567,824142,AZ @ HOU,11:10 AM,06/09,Pre-Game,0.6314660809005541,-133.0,138.0,57.0,False,0110110001,estimated,0,0,0.0,0,0,0.15383341016769142,0.15832175604676643,0.14704205299280249,0.20066377896164025,0.17764255822750435,20,1,0.019759765266825602,0.998,71.4,B,0.27256715103478646,2.2893136279074637,0.31516816291756444,0.23040278887374863,20,6,0,0.21804511278195488,0.23780487804878048,0.511238431026884,0.249008373732922,0.23975319524019392,0.21183628318584072,0.20800627943485087,0.22193211488250653,0.21155504455303248,0.2126865671641791,296,0.25906735751295334,220,False,False,0.6257084979768767,0.005757582923677451,3.492424242424242,3.909090909090909,132,,,,,,,-0.10893073679918688,20,3.66,1.24,132.2,8,7,131,56,0,0,0,24,SP,24,566,109,23.6,8.89,3.8,7.39,0.88,23.68509470794586,0.0115339190994459,2,0.2857142857142857,2.0,7,5,1,1,0.0,3.9793160723874403,0.03958255398489532,0.2403846153846154,0.19787234042553192,0.08723404255319149,0.3068111455108359,0.28759597523219815,0.2703862660944206,4.16,0.2955319357599289
665926,Andrés Giménez,L,TOR,8,Randy Dobnak,R,677976,824065,TOR @ KC,11:10 AM,06/09,Pre-Game,0.6313568362260216,,,,False,0110110111,estimated,0,0,0.0,0,0,0.2862237289443048,0.3253723826469756,0.3927771443613746,0.39567257800563765,0.20173845978573993,20,1,-0.14235714829186638,1.028,31.8,F,0.2550813008130081,1.773373698033776,0.40293055179224074,0.16710987722950177,11,5,0,0.358974358974359,0.2166172106824926,0.48577235772357724,0.3008130081300813,0.21341463414634146,0.25360954174513495,0.2304635761589404,0.20623501199040767,0.23953823953823955,0.26548672566371684,243,0.21693121693121692,209,False,False,0.5883140103862278,0.0430428258397938,3.2936507936507935,3.5873015873015874,126,,,,,,,0.0731026064099478,20,2.65,1.39,57.2,2,3,40,23,0,0,0,9,SP,11,247,57,22.5,6.24,3.59,8.9,0.78,23.01440631999721,-0.01259016955935488,9,0.9,24.0,7,6,1,1,0.0,3.8299022446874282,0.033884838217810166,0.2366412213740458,0.19626168224299065,0.02570093457943925,0.24288025889967638,0.2911747572815534,0.26865671641791045,3.599,0.3071408021877185
680777,Ryan Jeffers,R,MIN,4,Bryan Hudson,L,663542,824552,MIN @ CWS,3:20 PM,06/09,Scheduled,0.6289294556612607,,,,False,0100111101,estimated,2,0,0.0,0,0,0.2328962292664017,0.29560124890341144,0.42117464455600573,0.30083311411197966,0.18597018257471987,20,1,0.0009161704076958155,0.968,77.7,B,0.30858960763520676,,0.38320238070544776,0.190703884740276,20,2,0,0.2711864406779661,0.2702702702702703,0.7331910352187834,0.26680896478121663,0.0,0.25246398786959817,0.2484076433121019,0.22402597402597402,0.24751243781094528,0.24691358024691357,185,0.3076923076923077,125,False,False,0.6414507026079916,-0.012521246946730957,3.4545454545454546,4.025974025974026,77,,,,,,,0.11602527621757676,20,3.03,1.21,59.1,4,4,55,17,7,3,10,7,RP,61,248,55,4.1,8.34,2.58,8.34,0.61,3.9421534163667045,-0.0031169556612606897,8,0.8,9.0,7,6,0,1,0.0,4.014855077841074,0.06541028032179431,0.2799043062200957,0.18464730290456433,0.11618257261410789,0.3931104356636272,0.2997158054711246,0.23484848484848486,4.16,0.2990891775609954
695734,Daylen Lile,L,WSH,4,Justin Wrobleski,L,680736,823903,WSH @ LAD,7:10 PM,06/09,Scheduled,0.6289294556612607,,,,False,0111110001,estimated,0,0,0.0,0,0,0.292817461984947,0.3592546274534432,0.47248982695856334,0.36363610955447906,0.22990105380562698,20,1,-0.003559751591247662,0.973,52.9,C,0.2760577915376677,3.9072424867278923,0.4344780236016922,0.23053284974270077,20,5,0,0.25196850393700787,0.25552825552825553,0.5862603305785123,0.3605371900826446,0.05320247933884298,0.2262210796915167,0.2338489535941765,0.24545454545454545,0.23190348525469168,0.24496644295302014,322,0.2669491525423729,264,False,False,0.6411847731552184,-0.012255317493957696,3.7872340425531914,4.156028368794326,141,,,,,,,-0.03232997761918352,20,3.65,1.11,128.1,11,5,104,29,0,0,0,20,SP,22,526,113,23.9,7.29,2.03,7.92,1.4,23.384180051630423,0.004145544338739371,4,0.5,0.0,6,6,0,1,0.0,4.221180280639156,0.10539806075856219,0.24774774774774774,0.19591836734693877,0.061224489795918366,0.373323754789272,0.3195028735632184,0.2283464566929134,4.16,0.3403693296189292
681393,Connor Norby,R,COL,5,Kyle Leahy,R,681517,824309,STL @ COL,12:10 PM,06/09,Scheduled,0.6273583594906836,,,,False,1101110011,estimated,0,0,0.0,0,0,0.3154619152878064,0.4618611134112614,0.31773604291673685,0.46402930561740025,0.24374296901135917,20,1,0.005385556915544681,1.148,57.2,C,0.27234440804866633,4.350657273579316,0.45644277122590754,0.24639445871419782,20,8,0,0.22093023255813954,0.22631578947368422,0.39325842696629215,0.46348314606741575,0.14325842696629212,0.18829268292682927,0.1771523178807947,0.22258064516129034,0.19074550128534704,0.21935483870967742,184,0.23140495867768596,138,False,False,0.5825932093614675,0.044765150129216114,3.1724137931034484,3.7011494252873565,87,,,,,,,0.004751491807993889,20,3.13,1.31,129.1,10,4,118,38,0,0,0,26,SP,26,545,131,21.0,8.21,2.64,9.12,0.9,19.75848976124544,-0.013118359490683629,5,0.5555555555555556,-6.0,5,6,1,1,0.0,4.111341481523886,0.09013654439759003,0.2351421188630491,0.27927927927927926,0.0945945945945946,0.3637515842839037,0.3255171102661597,0.2157676348547718,4.026,0.36171341554562253
592518,Manny Machado,R,SD,3,Gerrit Cole,R,543037,823253,NYY @ SD,1:10 PM,06/09,Scheduled,0.6268915952976516,-156.0,163.0,61.0,False,0010111011,estimated,0,0,0.0,0,0,0.2636019900016715,0.3315610085213915,0.40942144590032986,0.30432595715334976,0.18724789136278236,20,1,-0.0583027335781314,0.954,64.0,C,0.29931120851596743,5.1637347609797715,0.44989896048628353,0.2623370841870568,18,5,0,0.26356589147286824,0.20526315789473684,0.5283982131461391,0.33312061263560944,0.13848117421825143,0.20502431118314424,0.20760233918128654,0.2378167641325536,0.2095478540280009,0.22392638036809817,364,0.21311475409836064,223,False,False,0.6335944857677295,-0.006702890470077882,3.7153284671532845,4.2846715328467155,137,,,,,,,0.034707769979039814,20,3.29,1.11,104.0,8,7,110,22,0,0,0,18,SP,18,426,93,23.7,9.52,1.9,8.05,1.13,23.95231779818056,0.002579833273776977,7,1.0,2.0,6,6,0,1,0.0,4.4479630966556565,0.15624063240589942,0.22246696035242292,0.21941747572815534,0.0970873786407767,0.4608993157380254,0.3347492668621701,0.27044025157232704,4.251,0.2804518688324367
667472,Dane Myers,R,CIN,1,Kyle Harrison,L,690986,824469,MIL @ CIN,9:10 AM,06/09,Pre-Game,0.6264338338446126,,,,False,0101011011,live,0,0,0.0,0,0,0.3647716176046184,0.3524443231068325,0.3262669035083774,0.45780298857208007,0.167037131119613,20,2,-0.013021525378687226,1.083,79.7,B,0.31210191082802546,4.45787959247286,0.38184221980434474,0.28499141519372345,20,6,0,0.2605633802816901,0.27358490566037735,0.5953266064790228,0.3133297928836962,0.09134360063728093,0.2512315270935961,0.2826510721247563,0.26576576576576577,0.2619589977220957,0.2818181818181818,128,0.2536231884057971,157,False,False,0.6229656703367034,0.0034681635079092388,2.6666666666666665,3.064516129032258,93,,,,,,,0.07923831466365117,20,3.45,1.2,107.0,10,4,130,29,0,0,0,22,SP,22,447,99,20.3,10.93,2.44,8.33,1.6,20.47514556757414,0.011366166155387436,6,0.75,16.0,7,6,1,1,0.0,3.8939033992533636,0.08693172162923261,0.253125,0.23835616438356164,0.10684931506849316,0.39628040057224606,0.31295922746781113,0.24232081911262798,4.443,0.3125263180271999
699393,Pedro Ramírez,L,CHC,7,Tyler Phillips,R,663969,823822,CHC @ MIA,10:40 AM,06/09,Pre-Game,0.6264338338446126,,,,False,1110110000,live,0,0,0.0,0,0,0.18352494825226393,0.25281276892437404,0.2890932024285676,0.23280747293485957,0.19558839802160785,20,1,-0.025584795321637432,1.0,56.8,C,0.3016949152542373,1.9766361068952303,0.4017844583829151,0.2004844924970279,20,5,0,0.2894736842105263,0.2638888888888889,0.3344632768361582,0.4293785310734463,0.23615819209039549,0.2550335570469799,0.25219941348973607,0.2629310344827586,0.2581726739312657,0.23255813953488372,94,0.3020833333333333,109,True,False,0.6102481838679997,0.01618564997661287,2.935483870967742,3.274193548387097,62,,,,,,,-0.23471192370285274,20,3.43,1.33,110.1,4,6,90,47,2,1,3,16,RP,33,471,100,14.3,7.34,3.83,8.16,1.14,18.320957535862984,-0.00640883384461266,8,0.8,13.0,7,7,0,1,0.0,4.081772069413642,0.07964199082097222,0.27225130890052357,0.17370892018779344,0.07511737089201878,0.40584415584415584,0.29777922077922075,0.2576419213973799,3.76,0.31556027503183737
682928,Cj Abrams,L,WSH,1,Justin Wrobleski,L,680736,823903,WSH @ LAD,7:10 PM,06/09,Scheduled,0.6259430892992626,-138.0,144.0,58.0,False,0010001001,estimated,0,0,0.0,0,0,0.1285020068725538,0.2279264605327993,0.3595041663858186,0.25959353870828694,0.34453403241158514,20,1,0.017318643470773554,0.973,52.9,C,0.2760577915376677,3.9072424867278923,0.4344780236016922,0.23053284974270077,20,5,0,0.2773722627737226,0.26005361930294907,0.5862603305785123,0.3605371900826446,0.05320247933884298,0.24933827421916357,0.2393347794649313,0.24738675958188153,0.24572760227861212,0.2777777777777778,332,0.24774774774774774,249,False,False,0.6326459797693404,-0.006702890470077882,3.8059701492537314,4.335820895522388,134,,,,,,,-0.14420097475288549,20,3.65,1.11,128.1,11,5,104,29,0,0,0,20,SP,22,526,113,23.9,7.29,2.03,7.92,1.4,23.384180051630423,0.00783191070073741,4,0.5,0.0,6,6,0,1,0.0,4.474104777947357,0.07958180778419088,0.2570806100217865,0.2533589251439539,0.08061420345489444,0.40076452599388385,0.3299296636085627,0.2283464566929134,4.443,0.3403693296189292
689414,Liam Hicks,L,TB,4,Mackenzie Gore,L,669022,822848,TB @ TEX,11:35 AM,06/09,Scheduled,0.6254853278462235,,,,False,1110111011,estimated,0,0,0.0,0,0,0.3157420540724623,0.35525554980475593,0.1924259637894337,0.37244565584707623,0.15199989865607577,20,1,-0.09000559910414335,0.964,60.2,C,0.2724528301886792,2.8857001987365507,0.3785306163190799,0.25047992654841056,20,5,0,0.21052631578947367,0.300531914893617,0.5867019267094824,0.2859841329807329,0.12731394030978466,0.29566744730679156,0.2860125260960334,0.2783333333333333,0.2902930402930403,0.30522088353413657,288,0.266304347826087,214,False,False,0.6386097650938977,-0.013124437247674203,3.4365079365079363,3.984126984126984,126,,,,,,,0.09032218834454087,20,4.31,1.29,154.2,8,10,169,60,0,0,0,29,SP,29,664,140,22.9,9.83,3.49,8.15,1.05,23.297243666754525,0.0023480054871098943,6,0.6,10.0,7,7,1,1,0.0,3.557927035672421,0.05680328809579557,0.28502415458937197,0.09812108559498957,0.09603340292275574,0.2631244323342416,0.2854686648501362,0.25170068027210885,4.16,0.33367417839591434
702284,Cole Young,L,SEA,6,Gage Jump,L,695611,823091,ATH @ SEA,1:10 PM,06/09,Scheduled,0.6238932474772264,-127.0,133.0,56.0,False,0100010110,estimated,0,0,0.0,0,0,0.1376339064855113,0.24869734380998915,0.19517772219167784,0.2066620520555524,0.22186993556335588,20,1,-0.0012155805718513935,0.906,38.4,D,0.2823960880195599,2.073347708860085,0.408192676720294,0.24117857384937513,18,6,0,0.24528301886792453,0.24649859943977592,0.5153374233128835,0.3932515337423313,0.09141104294478528,0.2257435397367138,0.2343268242548818,0.23741007194244604,0.22931178601281693,0.2635135135135135,326,0.22272727272727272,248,False,True,0.6432707738192182,-0.019377526341991747,3.6595744680851063,4.070921985815603,141,,,,,,,-0.17042534994004244,20,5.15,1.49,92.2,6,9,99,45,0,0,0,18,SP,18,407,93,22.6,9.62,4.37,9.03,0.97,22.72324368511548,0.0011210382370594463,7,0.7,-10.0,5,7,1,1,0.0,4.32700702613279,0.09332044191249285,0.2449438202247191,0.15950920245398773,0.05521472392638037,0.3819255222524977,0.32062125340599457,0.2558139534883721,3.896,0.3472891509021675
664034,Ty France,R,SD,4,Gerrit Cole,R,543037,823253,NYY @ SD,1:10 PM,06/09,Scheduled,0.6226679550468389,,,,False,0101110110,estimated,5,0,0.0,1,2022,0.3104595776650199,0.3300434251859235,0.40690092165194897,0.38181367500477964,0.20578073016762713,20,1,0.003312093874203559,0.954,64.0,C,0.29931120851596743,5.1637347609797715,0.44989896048628353,0.2623370841870568,18,5,0,0.2900763358778626,0.29338842975206614,0.5283982131461391,0.33312061263560944,0.13848117421825143,0.28289855072463765,0.2719186785260483,0.3564954682779456,0.2904244124868467,0.3160377358490566,239,0.2608695652173913,190,False,False,0.6429511893103024,-0.020283234263463457,3.3603603603603602,3.864864864864865,111,,,,,,,0.08377730490712795,20,3.29,1.11,104.0,8,7,110,22,0,0,0,18,SP,18,426,93,23.7,9.52,1.9,8.05,1.13,23.95231779818056,0.006217759238875353,7,1.0,2.0,6,6,0,1,0.0,4.332171515726854,0.19066943033997266,0.2893401015228426,0.21238938053097345,0.07300884955752213,0.4625279642058166,0.3171224832214765,0.27044025157232704,4.16,0.2804518688324367
643217,Andrew Benintendi,L,CWS,4,Bailey Ober,R,641927,824552,MIN @ CWS,3:20 PM,06/09,Scheduled,0.6224624527938634,,,,False,0110010000,estimated,21,5,0.23809523809523808,1,2022,0.17264331691889753,0.29012365911553023,0.44426313783562893,0.25618729937651363,0.20935167315745506,20,1,0.021403840100723964,0.968,57.2,C,0.25598219254312743,2.4991456687425444,0.3763314229844854,0.16606192634886438,20,8,0,0.2222222222222222,0.24362606232294617,0.3500278241513634,0.3094045631608236,0.34056761268781305,0.22664015904572565,0.20780856423173805,0.2115702479338843,0.21899555859241543,0.22077922077922077,256,0.2751677852348993,167,False,False,0.6073730674134915,0.015089385380371856,3.064516129032258,3.411290322580645,124,,,,,,,-0.16336024694916407,20,4.37,1.24,113.1,7,4,79,31,0,0,0,21,SP,21,477,109,22.7,6.27,2.46,8.66,1.43,22.738939747461945,-0.030340230571641036,9,1.0,-6.0,5,7,0,1,0.0,3.3962972707649883,0.10445839841396752,0.24250681198910082,0.22249388753056235,0.08068459657701711,0.4459541062801932,0.32706400966183574,0.23790322580645162,4.16,0.31951652380369056
669242,Tommy Edman,L,LAD,5,Andrew Alvarez,L,674841,823903,WSH @ LAD,7:10 PM,06/09,Scheduled,0.621966654871975,,,,False,1011011101,estimated,0,0,0.0,0,0,0.25607564451716397,0.3174364995103742,0.33458740691765765,0.3737878966891181,0.2248506635740512,20,1,-0.06670932650775874,0.973,50.0,C,0.2847548690396239,2.0181780787785657,0.4059214923402125,0.21911608321972473,20,7,0,0.23404255319148937,0.3007518796992481,0.42914707857622564,0.5218267293485561,0.049026192075218265,0.2522026431718062,0.21875,0.2614942528735632,0.2458133971291866,0.2692307692307692,144,0.27835051546391754,111,False,False,0.6274946998498049,-0.005528044977829882,3.546875,3.984375,64,,,,,,,-0.06175075023329872,20,3.47,1.31,90.2,2,6,86,41,1,0,1,13,SP,21,382,78,18.2,8.54,4.07,7.74,0.5,19.45896681915335,-0.0036110993164195637,9,0.9,4.0,6,6,0,1,0.0,4.5426520669477535,0.04177796721524232,0.23556581986143188,0.20502092050209206,0.05439330543933055,0.3649253731343284,0.32519004975124377,0.22916666666666666,4.026,0.31807164837368607
701785,Kaelen Culpepper,R,MIN,8,Bryan Hudson,L,663542,824552,MIN @ CWS,3:20 PM,06/09,Scheduled,0.6213352779012309,,,,False,1110111011,estimated,0,0,1.0,0,0,0.31350382049842873,0.3341460658093648,0.284615530472014,0.3530340877523557,0.14713238812585397,20,1,0.07516339869281047,0.968,77.7,B,0.30858960763520676,,0.38320238070544776,0.190703884740276,20,2,0,0.35294117647058826,0.2777777777777778,0.7331910352187834,0.26680896478121663,0.0,0.24609375,0.2702702702702703,0.3387096774193548,0.2743362831858407,0.25,50,0.36363636363636365,47,True,False,0.6096047484231192,0.011730529478111706,3.6666666666666665,4.041666666666667,24,,,,,,,0.1579496067885992,20,3.03,1.21,59.1,4,4,55,17,7,3,10,7,RP,61,248,55,4.1,8.34,2.58,8.34,0.61,3.9421534163667045,-0.013947777901230807,8,0.8,9.0,7,6,0,1,0.0,4.117140495984298,0.07154264596141083,0.3068181818181818,0.1958762886597938,0.061855670103092786,0.32608695652173914,0.3348840579710145,0.23484848484848486,3.599,0.2990891775609954
681082,Bryson Stott,L,PHI,6,Tyler Mahle,R,641816,823417,ATL @ PHI,10:10 AM,06/09,Pre-Game,0.6204491196621892,-144.0,156.0,59.0,False,1110011000,live,5,0,0.0,1,2026,0.14800762826500186,0.27554491218604726,0.23545046841986836,0.20588222441180773,0.18685712195146575,20,1,0.013759031024224405,1.009,59.9,C,0.28063241106719367,3.535566680264905,0.413577878425222,0.2388771191693665,20,7,0,0.2403846153846154,0.2541436464088398,0.655786350148368,0.06379821958456973,0.28041543026706234,0.23778801843317973,0.2672955974842767,0.24394785847299813,0.24537540805223068,0.23921568627450981,285,0.26540284360189575,241,False,False,0.6254853278462235,-0.005036208184034274,3.4776119402985075,3.925373134328358,134,,,,,,,0.010919774648915652,20,4.25,1.29,125.0,5,10,121,42,0,0,0,23,SP,23,521,119,22.7,8.71,3.02,8.57,1.22,22.976701276945384,-0.004734833947903416,7,0.875,14.0,7,6,1,0,0.0,3.978297210578433,0.07251076729072323,0.25961538461538464,0.17197452229299362,0.10191082802547771,0.3611442786069652,0.33017462686567167,0.22692307692307692,3.896,0.3178049645701971
656941,Kyle Schwarber,L,PHI,1,Tyler Mahle,R,641816,823417,ATL @ PHI,10:10 AM,06/09,Pre-Game,0.6194608974656692,-138.0,144.0,58.0,False,0111100001,live,1,1,1.0,0,0,0.19954660397719878,0.32016163197176195,0.37144241928547866,0.2442104316079703,0.24081849685541504,20,1,-0.011227902532250367,1.009,59.9,C,0.28063241106719367,3.535566680264905,0.413577878425222,0.2388771191693665,20,7,0,0.24725274725274726,0.2360248447204969,0.655786350148368,0.06379821958456973,0.28041543026706234,0.24953358208955223,0.2141280353200883,0.18055555555555555,0.2256189451022605,0.2468354430379747,368,0.22872340425531915,239,False,False,0.6194608974656692,0.0,3.7333333333333334,4.496296296296296,135,,,,,,,-0.1194223787923917,20,4.25,1.29,125.0,5,10,121,42,0,0,0,23,SP,23,521,119,22.7,8.71,3.02,8.57,1.22,22.976701276945384,0.004696245391473508,7,0.875,14.0,7,6,1,0,0.0,4.642633656583058,0.1161228600851072,0.24061810154525387,0.3246753246753247,0.12987012987012986,0.4940047961630696,0.39108453237410074,0.22692307692307692,4.443,0.3178049645701971
805367,Chase Meidroth,R,CWS,7,Bailey Ober,R,641927,824552,MIN @ CWS,3:20 PM,06/09,Scheduled,0.6192238272318018,,,,False,1110110101,estimated,0,0,0.0,0,0,0.22155594724959823,0.311639470732424,0.2992397815316881,0.29746745126356566,0.18552346582761192,20,1,-0.013421234245032831,0.968,57.2,C,0.25598219254312743,2.4991456687425444,0.3763314229844854,0.16606192634886438,20,8,0,0.2795031055900621,0.26608187134502925,0.3500278241513634,0.3094045631608236,0.34056761268781305,0.25620188195038496,0.2488605287146764,0.25051334702258726,0.253685815963396,0.26334519572953735,319,0.27927927927927926,249,False,False,0.5825932093614675,0.03663061787033428,3.725925925925926,4.207407407407407,135,,,,,,,0.049563565276667845,20,4.37,1.24,113.1,7,4,79,31,0,0,0,21,SP,21,477,109,22.7,6.27,2.46,8.66,1.43,22.738939747461945,-0.034690493898468455,9,1.0,-6.0,5,7,0,1,0.0,4.0355675456437305,0.052918061945593044,0.2802690582959641,0.220675944333996,0.08946322067594434,0.32965174129353236,0.3192194029850746,0.25773195876288657,3.76,0.31951652380369056
695731,Braden Montgomery,L,CWS,5,Bailey Ober,R,641927,824552,MIN @ CWS,3:20 PM,06/09,Scheduled,0.6188779681510582,,,,False,1110100110,estimated,0,0,0.0,0,0,0.17876220411559798,0.3693242996753228,0.40324285555791867,0.21329464242413088,0.11460257374018683,20,1,0.05279884434814011,0.968,57.2,C,0.25598219254312743,2.4991456687425444,0.3763314229844854,0.16606192634886438,20,8,0,0.18309859154929578,0.2358974358974359,0.3500278241513634,0.3094045631608236,0.34056761268781305,0.23756906077348067,0.24719101123595505,0.18277310924369747,0.22234214786832163,0.2482758620689655,167,0.19008264462809918,135,True,False,0.6082264462810335,0.010651521870024716,3.643835616438356,4.136986301369863,73,,,,,,,0.02160402069444798,20,4.37,1.24,113.1,7,4,79,31,0,0,0,21,SP,21,477,109,22.7,6.27,2.46,8.66,1.43,22.738939747461945,-0.020255745928836055,9,1.0,-6.0,5,7,0,1,0.0,4.144514159252016,0.09532419647557927,0.22180451127819548,0.1986754966887417,0.10596026490066225,0.40574433656957926,0.3292605177993528,0.23790322580645162,4.026,0.31951652380369056
545121,Ildemaro Vargas,L,AZ,8,Peter Lambert,R,663567,824142,AZ @ HOU,11:10 AM,06/09,Pre-Game,0.6178040495615541,,,,False,0001101100,estimated,0,0,0.0,0,0,0.1583817562661649,0.2356029016899323,0.3056910419666818,0.18269094911242778,0.1182136242100803,20,1,-0.04280397022332505,0.998,71.4,B,0.27256715103478646,2.2893136279074637,0.31516816291756444,0.23040278887374863,20,6,0,0.27741935483870966,0.23461538461538461,0.511238431026884,0.249008373732922,0.23975319524019392,0.25584691708008506,0.2516382699868938,0.2222222222222222,0.24787273399926008,0.2350230414746544,230,0.2676767676767677,215,False,False,0.6370061718776227,-0.01920212231606855,3.4583333333333335,3.7083333333333335,120,,,,,,,0.004634559837554388,20,3.66,1.24,132.2,8,7,131,56,0,0,0,24,SP,24,566,109,23.6,8.89,3.8,7.39,0.88,23.68509470794586,0.027095950438445926,2,0.2857142857142857,2.0,7,5,1,1,0.0,3.7381818355933483,0.009566214520350657,0.25060240963855424,0.10112359550561797,0.04719101123595506,0.3520720720720721,0.3043810810810811,0.17490494296577946,3.599,0.2955319357599289
683953,Travis Bazzana,L,CLE,2,Jackson Jobe,R,695549,824385,DET @ CLE,10:40 AM,06/09,Pre-Game,0.6165675492124048,-156.0,163.0,61.0,False,0110000011,live,0,0,0.0,0,0,0.24544169136176522,0.2667631342643345,0.3068823182386382,0.2854163514416283,0.12540153623664158,20,2,-0.02442121426884003,0.987,37.7,D,0.2200488997555012,1.8781294024742143,0.40454922834870877,0.18570067690100311,5,6,0,0.25735294117647056,0.23293172690763053,0.5232273838630807,0.3594132029339853,0.11735941320293398,0.22542266750156542,0.2622415669205658,0.2633587786259542,0.24261326329612606,0.2558139534883721,249,0.2235294117647059,196,True,False,0.6082307667180835,0.008336782494321238,3.6320754716981134,4.19811320754717,106,,,,,,,-0.06768899661805443,20,4.63,1.46,23.1,1,2,19,10,0,0,0,5,SP,5,104,24,20.8,7.33,3.86,9.26,1.54,20.970867943891573,-0.001845326990182472,9,0.9,-1.0,6,7,1,1,0.0,3.582835489039485,0.06636985101886347,0.2506265664160401,0.20824295010845986,0.10845986984815618,0.37156215621562155,0.28747194719471947,0.21428571428571427,4.352,0.3068904473498293
687462,Spencer Horwitz,L,PIT,7,Walbert Ureña,R,700712,823336,LAA @ PIT,10:35 AM,06/09,Pre-Game,0.6164777386114398,,,,False,1100011100,live,0,0,0.0,0,0,0.12880243601150446,0.2705020490852534,0.22869468959202227,0.20309844489067885,0.21147104115796694,20,1,-0.01880424300867889,1.013,65.4,B,0.2856466129796305,1.9532457611556198,0.3677829018640241,0.23524410783089064,20,6,0,0.2647058823529412,0.2459016393442623,0.5220902612826603,0.14346793349168646,0.3344418052256532,0.25344714379514116,0.24368686868686867,0.25252525252525254,0.2520205731080088,0.2663316582914573,224,0.22142857142857142,175,False,True,0.6022050139556517,0.014272724655788105,3.4242424242424243,4.03030303030303,99,,,,,,,0.020725435938256053,20,2.85,1.26,123.1,9,9,120,64,0,0,0,23,SP,25,525,91,21.0,8.76,4.67,6.64,0.58,22.042248826852774,-0.0011527386114398297,8,0.8888888888888888,-5.0,7,6,1,1,0.0,4.250180608542624,0.13130201224034743,0.2556390977443609,0.15074309978768577,0.12951167728237792,0.3149390243902439,0.2687865853658537,0.21052631578947367,3.76,0.3411795166911076
669003,Garrett Mitchell,L,MIL,5,Brady Singer,R,663903,824469,MIL @ CIN,9:10 AM,06/09,Pre-Game,0.616380656648275,-150.0,156.0,60.0,False,0110011110,live,7,2,0.2857142857142857,1,2025,0.2795865783699442,0.4739082244577501,0.6495946281475181,0.4959665913265136,0.3321487109405639,20,1,0.029766123316796622,1.083,47.7,D,0.2843737250101999,2.7435851211463658,0.4404014936348064,0.19589127380669574,20,6,0,0.23529411764705882,0.26506024096385544,0.5873469387755103,0.4126530612244898,0.0,0.24425634824667472,0.2767857142857143,0.21832358674463936,0.24957841483979765,0.2600896860986547,251,0.2598870056497175,209,False,False,0.5778942676751609,0.03848638897311407,3.2,3.68,125,,,,,,,0.06546532970857251,20,4.83,1.45,141.2,5,13,117,45,0,0,0,27,SP,27,633,160,23.4,7.43,2.86,10.16,1.65,24.698356327539013,-0.03798065664827499,6,0.75,-13.0,7,7,1,1,0.0,3.2599025258359076,0.07563996114576689,0.2558746736292428,0.30995475113122173,0.1085972850678733,0.5182926829268293,0.40419512195121954,0.30327868852459017,4.026,0.3801305989440312
686611,Dylan Crews,R,WSH,3,Justin Wrobleski,L,680736,823903,WSH @ LAD,7:10 PM,06/09,Scheduled,0.6151361250461566,,,,False,1111100011,estimated,0,0,0.0,0,0,0.21523018249727094,0.27865902919598295,0.3860436154030797,0.3595282115708745,0.31009026278766355,20,1,0.06636483244330937,0.973,52.9,C,0.2760577915376677,3.9072424867278923,0.4344780236016922,0.23053284974270077,20,5,0,0.2627118644067797,0.1963470319634703,0.5862603305785123,0.3605371900826446,0.05320247933884298,0.21387696709585122,0.20451339915373765,0.2979452054794521,0.22139303482587064,0.23857868020304568,211,0.19285714285714287,159,False,False,0.6228675638072748,-0.007731438761118259,3.7865168539325844,4.157303370786517,89,,,,,,,0.0003350452455211054,20,3.65,1.11,128.1,11,5,104,29,0,0,0,20,SP,22,526,113,23.9,7.29,2.03,7.92,1.4,23.384180051630423,-0.0024111250461564815,4,0.5,0.0,6,6,0,1,0.0,4.041864351209269,0.06817244913059008,0.2157303370786517,0.24130879345603273,0.0736196319018405,0.41284403669724773,0.310762996941896,0.23204419889502761,4.251,0.3403693296189292
682657,Angel Martínez,L,CLE,5,Jackson Jobe,R,695549,824385,DET @ CLE,10:40 AM,06/09,Pre-Game,0.6141876190477674,,,,False,1110110001,live,0,0,0.0,0,0,0.2563540274080336,0.3256924223660175,0.3524347185253584,0.3304379145692394,0.20891503380474374,20,1,-0.09888268156424579,0.987,37.7,D,0.2200488997555012,1.8781294024742143,0.40454922834870877,0.18570067690100311,5,6,0,0.3,0.2011173184357542,0.5232273838630807,0.3594132029339853,0.11735941320293398,0.2407079646017699,0.26485568760611206,0.23949579831932774,0.24625850340136055,0.23976608187134502,184,0.25316455696202533,170,False,False,0.607810426781335,0.006377192266432408,3.6153846153846154,3.89010989010989,91,,,,,,,0.05749084152815418,20,4.63,1.46,23.1,1,2,19,10,0,0,0,5,SP,5,104,24,20.8,7.33,3.86,9.26,1.54,20.970867943891573,-0.0031987301588785044,9,0.9,-1.0,6,7,1,1,0.0,3.508496888860189,0.03815543334965037,0.24630541871921183,0.21867881548974943,0.0387243735763098,0.34086021505376346,0.3068032258064516,0.21428571428571427,4.026,0.3068904473498293
687263,Zach Neto,R,LAA,1,Paul Skenes,R,694973,823336,LAA @ PIT,10:35 AM,06/09,Pre-Game,0.6140791741864259,-144.0,150.0,59.0,False,1110111001,live,0,0,0.0,0,0,0.2754041844061513,0.35546936412766256,0.3659208032079115,0.3757388914266529,0.30677303710972537,20,1,0.006641366223908929,1.013,49.4,D,0.27651060424169666,3.004469633280873,0.4175013111219257,0.27396523343572704,20,5,0,0.23529411764705882,0.24193548387096775,0.524609843937575,0.23689475790316125,0.2384953981592637,0.2422907488986784,0.22465915826911678,0.23959505061867267,0.23625128733264675,0.24285714285714285,387,0.234375,220,False,False,0.6242091773725581,-0.01013000318613222,3.985294117647059,4.463235294117647,136,,,,,,,0.13002690041561393,20,3.97,1.16,149.2,9,11,179,44,0,0,0,28,SP,28,619,129,22.1,10.76,2.65,7.76,0.9,22.76372610350044,0.016120825813574102,7,0.7,-2.0,6,6,1,1,0.0,4.431100234139898,0.06184802076425764,0.2359081419624217,0.3182674199623352,0.07909604519774012,0.41075268817204297,0.3211161290322581,0.23809523809523808,4.443,0.2907612680996467
808959,Munetaka Murakami,L,CWS,2,Bailey Ober,R,641927,824552,MIN @ CWS,3:20 PM,06/09,Scheduled,0.6138609991387549,-133.0,144.0,57.0,False,0100001001,estimated,0,0,0.0,0,0,0.09547486916194634,0.24700431078781618,0.4843187479076802,0.2647905697997459,0.4173516826634633,20,1,0.04836159816039093,0.968,57.2,C,0.25598219254312743,2.4991456687425444,0.3763314229844854,0.16606192634886438,20,8,0,0.17346938775510204,0.22183098591549297,0.3500278241513634,0.3094045631608236,0.34056761268781305,0.2201670644391408,0.1714939024390244,0.19746376811594202,0.19825401295409745,0.2088888888888889,275,0.21019108280254778,189,True,False,0.5863689744459174,0.027492024692837513,3.6037735849056602,4.377358490566038,106,,,,,,,-0.23318583643066124,20,4.37,1.24,113.1,7,4,79,31,0,0,0,21,SP,21,477,109,22.7,6.27,2.46,8.66,1.43,22.738939747461945,-0.013383221360977138,9,1.0,-6.0,5,7,0,1,0.0,4.413554079279649,0.15546038753225339,0.21,0.3374485596707819,0.15637860082304528,0.5713276836158192,0.33678601694915256,0.23790322580645162,4.352,0.31951652380369056
679845,Nick Loftin,R,KC,6,Spencer Arrighetti,R,681293,824065,TOR @ KC,11:10 AM,06/09,Pre-Game,0.6131234213973676,,,,False,1101111101,estimated,0,0,0.0,0,0,0.24230482612883933,0.30696963218319506,0.28111147652720936,0.3392267295210473,0.24980353033232644,20,1,-0.06368772470467385,1.028,60.3,C,0.2823667252489748,1.5921399479354668,0.3076722457077645,0.20643086725367202,20,5,0,0.2727272727272727,0.20903954802259886,0.4630715123094959,0.46600234466588514,0.070926143024619,0.1968365553602812,0.1781609195402299,0.26537216828478966,0.20093023255813955,0.19161676646706588,194,0.2875816993464052,180,False,False,0.6088247909547206,0.004298630442647,3.1067961165048543,3.6310679611650487,103,,,,,,,0.0828653855580161,20,4.82,1.34,99.0,7,8,97,55,0,0,0,18,SP,20,435,78,21.8,8.82,5.0,7.09,1.36,20.371622329110355,0.002243245269299088,6,0.6666666666666666,17.0,6,6,1,1,0.0,3.928539017959715,0.09400193588942429,0.2430167597765363,0.16666666666666666,0.0966183574879227,0.2817185697808535,0.2718996539792387,0.2012987012987013,3.896,0.27080266338669884
668904,Royce Lewis,R,MIN,6,Bryan Hudson,L,663542,824552,MIN @ CWS,3:20 PM,06/09,Scheduled,0.6124092755975258,,,,False,1011001110,estimated,0,0,0.0,0,0,0.2069300346463891,0.3150554709170674,0.3416378022348695,0.26428784890806745,0.17997022456286596,20,1,-0.002145857889805647,0.968,77.7,B,0.30858960763520676,,0.38320238070544776,0.190703884740276,20,2,0,0.23577235772357724,0.2379182156133829,0.7331910352187834,0.26680896478121663,0.0,0.21156462585034014,0.25568797399783316,0.25569620253164554,0.23228346456692914,0.23853211009174313,238,0.23563218390804597,197,False,False,0.5927617747568822,0.019647500840643595,3.69811320754717,4.10377358490566,106,,,,,,,-0.0486524137100119,20,3.03,1.21,59.1,4,4,55,17,7,3,10,7,RP,61,248,55,4.1,8.34,2.58,8.34,0.61,3.9421534163667045,-0.013571775597525648,8,0.8,9.0,7,6,0,1,0.0,4.135569298202438,0.06796420780657876,0.228310502283105,0.24380165289256198,0.07644628099173553,0.3921875,0.313771875,0.23484848484848486,3.896,0.2990891775609954
680776,Jarren Duran,L,BOS,7,Kyle Bradish,R,680694,824794,BOS @ BAL,10:35 AM,06/09,Pre-Game,0.6102481838679997,-144.0,150.0,59.0,False,1000110010,live,13,2,0.15384615384615385,1,2022,0.1654405255851982,0.27644547411167736,0.38128010958798675,0.24944273138532172,0.2845080137804748,20,1,-0.01877677775541306,1.044,51.1,C,0.2719967858577742,2.141882409752175,0.3897550021343545,0.19886699548217093,20,5,0,0.21686746987951808,0.19809069212410502,0.532556270096463,0.46181672025723475,0.005627009646302251,0.17664670658682635,0.17531831537708129,0.1971223021582734,0.179962395917271,0.18430034129692832,321,0.22488038277511962,236,False,False,0.5757859346124959,0.034462249255503785,3.774436090225564,4.18796992481203,133,,,,,,,-0.2462661645794025,20,4.01,1.42,148.0,7,12,137,64,0,0,0,27,SP,27,633,146,23.4,8.33,3.89,8.88,1.03,23.542174209529875,-0.017585683867999857,8,1.0,8.0,6,7,1,1,0.0,3.695436157334849,0.028609079238255564,0.20575221238938052,0.278,0.054,0.4001597444089457,0.3380702875399361,0.26666666666666666,3.76,0.3398725082440613
641680,Jonah Heim,L,ATH,5,Bryan Woo,R,693433,823091,ATH @ SEA,1:10 PM,06/09,Scheduled,0.6101005463450074,,,,False,1110111110,estimated,16,4,0.25,1,2023,0.17516453279084035,0.24393978590096574,0.34440787159056396,0.20793095448572887,0.13626784148901602,20,1,-0.0222222222222222,0.906,60.0,C,0.27177700348432055,4.86508543077086,0.4360085325024542,0.2598740626328332,20,5,0,0.2222222222222222,0.2,0.6637592673353685,0.27649367640645445,0.05974705625817706,0.18981818181818183,0.19190140845070422,0.2073732718894009,0.19327731092436976,0.20967741935483872,202,0.21705426356589147,143,False,False,0.6255022955759969,-0.01540174923098947,3.4239130434782608,3.75,92,,,,,,,-0.06931493849706843,20,4.25,1.09,148.1,10,9,149,31,0,0,0,26,SP,26,606,131,23.3,9.04,1.88,7.95,1.09,23.09331476589985,0.004385167940706869,7,0.875,-29.0,6,7,1,1,0.0,3.8876128968340855,0.08160023407069882,0.20654911838790932,0.17233560090702948,0.08163265306122448,0.34584631360332296,0.27273831775700935,0.2422360248447205,4.026,0.3703589734267625
691781,Brady House,R,WSH,6,Justin Wrobleski,L,680736,823903,WSH @ LAD,7:10 PM,06/09,Scheduled,0.6097805880330321,,,,False,1011101111,estimated,0,0,0.0,0,0,0.30876817508802107,0.35701912761722576,0.502877100979644,0.37602618635527496,0.16117666044590254,20,1,0.07373761208117033,0.973,52.9,C,0.2760577915376677,3.9072424867278923,0.4344780236016922,0.23053284974270077,20,5,0,0.28846153846153844,0.2147239263803681,0.5862603305785123,0.3605371900826446,0.05320247933884298,0.23745173745173745,0.24044585987261147,0.2896825396825397,0.24556830031282587,0.2653061224489796,162,0.21666666666666667,133,False,False,0.6123172132723257,-0.002536625239293544,3.513157894736842,3.8815789473684212,76,,,,,,,0.18141008391050087,20,3.65,1.11,128.1,11,5,104,29,0,0,0,20,SP,22,526,113,23.9,7.29,2.03,7.92,1.4,23.384180051630423,-0.01355558803303214,4,0.5,0.0,6,6,0,1,0.0,3.82139877431734,0.14127903413666407,0.24146341463414633,0.27927927927927926,0.05855855855855856,0.49446386946386944,0.35454195804195804,0.23204419889502761,3.896,0.3403693296189292
666152,David Hamilton,L,MIL,9,Brady Singer,R,663903,824469,MIL @ CIN,9:10 AM,06/09,Pre-Game,0.6087964603267705,-113.0,117.0,53.0,False,0111001111,live,10,4,0.4,1,2024,0.27650811007031123,0.3516822176354363,0.2779049885348259,0.3636075794638449,0.18060506310431806,20,1,-0.040541848089017896,1.083,47.7,D,0.2843737250101999,2.7435851211463658,0.4404014936348064,0.19589127380669574,20,6,0,0.28205128205128205,0.24150943396226415,0.5873469387755103,0.4126530612244898,0.0,0.25499092558983666,0.21631205673758866,0.17665615141955837,0.23196392785571143,0.25,185,0.24285714285714285,160,False,False,0.5490558179982413,0.05974064232852916,3.00990099009901,3.4158415841584158,101,,,,,,,0.0770314737227001,20,4.83,1.45,141.2,5,13,117,45,0,0,0,27,SP,27,633,160,23.4,7.43,2.86,10.16,1.65,24.698356327539013,-0.03711312699343716,6,0.75,-13.0,7,7,1,1,0.0,3.461765052858681,0.020174760957014575,0.25142857142857145,0.21553884711779447,0.08521303258145363,0.30808080808080807,0.2808087121212121,0.30327868852459017,3.443,0.3801305989440312
681715,Heriberto Hernandez,R,MIA,5,Clay Holmes,R,605280,823822,CHC @ MIA,10:40 AM,06/09,Pre-Game,0.607241222139686,,,,False,1110001100,live,0,0,0.0,0,0,0.1970201121210778,0.3452003538266386,0.36450430874663325,0.24293291902591907,0.2624588375881676,20,1,0.03905019465660198,1.0,50.9,C,0.28060413354531,2.368989465345356,0.4211570615225241,0.1948301873452395,14,6,0,0.20496894409937888,0.24401913875598086,0.6089030206677265,0.25357710651828297,0.13751987281399047,0.21045296167247388,0.20253164556962025,0.2072072072072072,0.20858248329229687,0.19289340101522842,223,0.2658959537572254,194,False,False,0.5927617747568822,0.014479447382803823,3.3333333333333335,3.7567567567567566,111,,,,,,,-0.10232112904878643,20,2.09,1.07,81.2,6,6,63,27,0,0,0,14,SP,14,326,60,23.3,6.94,2.98,6.61,0.44,23.173076775530568,-0.018391222139686025,4,0.5714285714285714,39.0,7,7,0,1,0.0,4.438874557418643,0.12335517300454678,0.23469387755102042,0.2713004484304933,0.10762331838565023,0.470479704797048,0.3468007380073801,0.18421052631578946,4.026,0.3103386463325803
676356,Jonny Deluca,R,TB,6,Mackenzie Gore,L,669022,822848,TB @ TEX,11:35 AM,06/09,Scheduled,0.6069706134190426,,,,False,1111011000,estimated,0,0,0.0,0,0,0.23030100598394485,0.20486211256310563,0.2612349780502294,0.3082997653734882,0.19956376182498126,20,3,0.0503703703703704,0.964,60.2,C,0.2724528301886792,2.8857001987365507,0.3785306163190799,0.25047992654841056,20,5,0,0.28,0.22962962962962963,0.5867019267094824,0.2859841329807329,0.12731394030978466,0.24202626641651032,0.2328042328042328,0.24050632911392406,0.2386545648691938,0.26,159,0.2518518518518518,144,False,False,0.6231497521927499,-0.016179138773707358,3.313953488372093,3.5232558139534884,86,,,,,,,0.03388894288742682,20,4.31,1.29,154.2,8,10,169,60,0,0,0,29,SP,29,664,140,22.9,9.83,3.49,8.15,1.05,23.297243666754525,-0.0025372800857093036,6,0.6,10.0,7,7,1,1,0.0,3.668598191488724,0.06134491573537696,0.2692307692307692,0.19138755980861244,0.050239234449760764,0.29532258064516126,0.27793870967741935,0.23146067415730337,3.896,0.33367417839591434
572233,Christian Walker,R,HOU,6,Eduardo Rodríguez,L,593958,824142,AZ @ HOU,11:10 AM,06/09,Pre-Game,0.6065063407630981,-127.0,138.0,56.0,False,1001000110,estimated,0,0,0.0,0,0,0.17405054872999098,0.2560173638585271,0.29073854165809215,0.19685269567499056,0.24056526657262897,20,1,0.02393533699534245,0.998,63.6,C,0.2557879014189694,2.514271647863477,0.30010281200318834,0.18739821790415165,20,5,0,0.2440944881889764,0.22015915119363394,0.6121076233183856,0.12144992526158445,0.26644245142002987,0.19251577998196573,0.21544117647058825,0.25815217391304346,0.2063813623702203,0.21895424836601307,338,0.23737373737373738,222,False,False,0.5854360764920605,0.02107026427103753,3.7058823529411766,4.117647058823529,136,,,,,,,-0.0606947606386444,20,2.59,1.22,167.0,14,5,122,55,0,0,0,28,SP,28,686,148,24.5,6.57,2.96,7.98,0.75,24.621948333496864,-0.026756340763098074,10,1.0,26.0,7,7,1,1,0.0,3.839585525911498,0.024795201207250435,0.21923937360178972,0.24444444444444444,0.0707070707070707,0.3967280163599182,0.3032760736196319,0.22706422018348624,3.896,0.2864087484668107
677587,Brayan Rocchio,L,CLE,9,Jackson Jobe,R,695549,824385,DET @ CLE,10:40 AM,06/09,Pre-Game,0.6059468570605534,-127.0,144.0,56.0,False,1110100110,live,0,0,0.0,0,0,0.18416149906261817,0.25842964220773706,0.35017298025085175,0.23088577463227533,0.12130994942665964,20,1,-0.012619192533982526,0.987,37.7,D,0.2200488997555012,1.8781294024742143,0.40454922834870877,0.18570067690100311,5,6,0,0.25161290322580643,0.2389937106918239,0.5232273838630807,0.3594132029339853,0.11735941320293398,0.23322683706070288,0.2311212814645309,0.22340425531914893,0.2323037323037323,0.2457627118644068,263,0.24050632911392406,261,False,False,0.5995971696729313,0.006349687387622094,3.5037037037037035,3.8814814814814813,135,,,,,,,-0.07837373659192637,20,4.63,1.46,23.1,1,2,19,10,0,0,0,5,SP,5,104,24,20.8,7.33,3.86,9.26,1.54,20.970867943891573,-0.0030357459494423367,9,0.9,-1.0,6,7,1,1,0.0,3.705404398518305,0.03002516405845895,0.2540792540792541,0.14893617021276595,0.05319148936170213,0.3129526462395543,0.2900213556174559,0.21428571428571427,3.443,0.3068904473498293
670231,John Rave,L,KC,1,Spencer Arrighetti,R,681293,824065,TOR @ KC,11:10 AM,06/09,Pre-Game,0.6059406471544111,,,,False,1011101011,estimated,0,0,0.0,0,0,0.20382816328458275,0.27472966545109617,0.38996795732773565,0.24881839895986,0.19511487224612115,20,1,0.14241001564945227,1.028,60.3,C,0.2823667252489748,1.5921399479354668,0.3076722457077645,0.20643086725367202,20,5,0,0.1111111111111111,0.2535211267605634,0.4630715123094959,0.46600234466588514,0.070926143024619,0.22727272727272727,0.23809523809523808,0.2621359223300971,0.23666666666666666,0.1875,55,0.2682926829268293,47,False,False,0.5897374032995069,0.016203243854904237,2.78125,3.1875,32,,,,,,,-0.051916269308379955,20,4.82,1.34,99.0,7,8,97,55,0,0,0,18,SP,20,435,78,21.8,8.82,5.0,7.09,1.36,20.371622329110355,-0.006190647154411089,6,0.6666666666666666,17.0,6,6,1,1,0.0,3.515807669544783,0.10539834552077879,0.21532846715328466,0.2356687898089172,0.09554140127388536,0.375,0.28356,0.22815533980582525,4.443,0.27080266338669884
805811,Bryce Eldridge,L,SF,3,Christian Scott,R,681035,823578,SF @ NYM,10:40 AM,06/09,Pre-Game,0.6018375763063526,,,,False,1110111011,live,0,0,0.0,0,0,0.2972467375191187,0.4206760873285112,0.45423625609575546,0.46618573149139975,0.2567748651472038,20,1,-0.07804221680262385,0.949,61.0,C,0.28132250580046403,2.346178148827274,0.35282892761359275,0.2686326057448488,20,9,0,0.3191489361702128,0.24110671936758893,0.67382472431805,0.2942542077771329,0.03192106790481718,0.2696220930232558,0.26591375770020537,0.21365638766519823,0.26023495906016375,0.27692307692307694,223,0.24342105263157895,180,False,False,0.6277756136873333,-0.02593803738098066,3.577319587628866,4.154639175257732,97,,,,,,,0.05626585529432719,20,3.8,1.31,94.2,4,4,113,44,0,0,0,20,SP,20,412,80,20.6,10.74,4.18,7.61,0.95,21.303820208754196,0.020112423693647408,8,0.8888888888888888,-14.0,7,6,0,1,0.0,4.534823073542338,0.18625510178624988,0.24934383202099739,0.27455357142857145,0.13839285714285715,0.5277777777777778,0.36448837209302326,0.2290748898678414,4.251,0.3256051255932507
545361,Mike Trout,R,LAA,2,Paul Skenes,R,694973,823336,LAA @ PIT,10:35 AM,06/09,Pre-Game,0.6003346081802099,-138.0,144.0,58.0,False,1010110111,live,0,0,0.0,0,0,0.23273252901423447,0.34164281765286536,0.3774239714433848,0.3459465498786944,0.2969667958636377,20,1,-0.030525803310613442,1.013,49.4,D,0.27651060424169666,3.004469633280873,0.4175013111219257,0.27396523343572704,20,5,0,0.26153846153846155,0.2310126582278481,0.524609843937575,0.23689475790316125,0.2384953981592637,0.2520076481835564,0.23883495145631067,0.29098360655737704,0.25257855600863516,0.2664359861591695,341,0.1910828025477707,205,False,False,0.6126557812731468,-0.012321173092936899,3.6557377049180326,4.475409836065574,122,,,,,,,-0.05094509005027937,20,3.97,1.16,149.2,9,11,179,44,0,0,0,28,SP,28,619,129,22.1,10.76,2.65,7.76,0.9,22.76372610350044,0.024665391819790106,7,0.7,-2.0,6,6,1,1,0.0,4.427367113249025,0.053757186903326794,0.23462414578587698,0.2630597014925373,0.13432835820895522,0.4563758389261745,0.3679250559284116,0.23809523809523808,4.352,0.2907612680996467
701678,Hao-Yu Lee,R,DET,2,Gavin Williams,R,668909,824385,DET @ CLE,10:40 AM,06/09,Pre-Game,0.6000473691486699,-133.0,150.0,57.0,False,0010111100,live,0,0,0.0,0,0,0.22642389953205388,0.3120897758397509,0.44921902724815843,0.34273709582454964,0.24754327283579278,20,1,0.05745920745920746,0.987,65.6,B,0.33409785932721714,5.152064436025254,0.4470910541844716,0.3640119965904112,20,5,0,0.23484848484848486,0.2923076923076923,0.49361702127659574,0.5063829787234042,0.0,0.24141315014720313,0.2423580786026201,0.1896551724137931,0.23464014043300174,0.2676056338028169,149,0.25833333333333336,136,True,False,0.6224624527938634,-0.022415083645193512,2.847826086956522,3.097826086956522,92,,,,,,,-0.04529907205537742,20,3.81,1.09,163.0,13,7,217,50,0,0,0,28,SP,28,657,128,23.5,11.98,2.76,7.07,1.49,22.406326249702705,0.00833263085133018,5,0.625,9.0,7,7,1,1,0.0,3.7780735028998818,0.10557195228395279,0.25925925925925924,0.24149659863945577,0.06802721088435375,0.40871021775544386,0.31047738693467336,0.2510460251046025,4.352,0.3317578572237036
683002,Gunnar Henderson,L,BAL,5,Payton Tolle,L,801139,824794,BOS @ BAL,10:35 AM,06/09,Pre-Game,0.5994754818791853,-133.0,138.0,57.0,False,1101100111,live,6,3,0.5,1,2026,0.24319299162103755,0.28628078881946895,0.24320892183497161,0.3530905646242148,0.18543538107348614,20,1,0.03423831070889896,1.044,88.9,A,0.28784860557768926,4.41265866444043,0.33305909194102884,0.29360410638027634,20,6,0,0.24705882352941178,0.2128205128205128,0.8762475049900199,0.09281437125748503,0.03093812375249501,0.20932101245480111,0.21669218989280245,0.19337016574585636,0.20798810282557892,0.2182890855457227,375,0.23076923076923078,257,False,False,0.6006759168350837,-0.0012004349558983884,4.0,4.514285714285714,140,,,,,,,-0.12167977850601315,20,3.23,1.1,131.0,8,6,147,37,0,0,0,23,SP,23,530,107,23.0,10.1,2.54,7.35,1.03,23.103770337838927,0.01601023240652899,7,0.7777777777777778,9.0,7,7,1,1,0.0,4.269989353596698,0.12231562149174313,0.2231578947368421,0.20297951582867785,0.09124767225325885,0.4180327868852459,0.3158497267759563,0.2517482517482518,4.026,0.33105914517761603
663886,Tyler Stephenson,R,CIN,4,Kyle Harrison,L,690986,824469,MIL @ CIN,9:10 AM,06/09,Pre-Game,0.5993621468250587,,,,False,1011111001,live,0,0,0.0,0,0,0.26499763162223977,0.34905741637139287,0.41941573142550975,0.42832861491571594,0.3417869006085009,20,1,-0.019803600654664466,1.083,79.7,B,0.31210191082802546,4.45787959247286,0.38184221980434474,0.28499141519372345,20,6,0,0.23404255319148937,0.25384615384615383,0.5953266064790228,0.3133297928836962,0.09134360063728093,0.24060150375939848,0.2408675799086758,0.19653179190751446,0.23435054773082942,0.22797927461139897,220,0.2732919254658385,183,False,False,0.5862903995755141,0.01307174724954463,3.2477064220183487,3.697247706422018,109,,,,,,,0.023264257382437196,20,3.45,1.2,107.0,10,4,130,29,0,0,0,22,SP,22,447,99,20.3,10.93,2.44,8.33,1.6,20.47514556757414,0.004654519841608029,6,0.75,16.0,7,6,1,1,0.0,3.928483408791209,0.09549003532363162,0.24281984334203655,0.2889908256880734,0.09862385321100918,0.4604409857328145,0.33897470817120623,0.24232081911262798,4.16,0.3125263180271999
602104,Ramón Urías,R,STL,9,Tanner Gordon,R,685299,824309,STL @ COL,12:10 PM,06/09,Scheduled,0.5983671875825654,,,,False,0010010100,estimated,0,0,0.0,0,0,0.10568961806225848,0.2126265123325159,0.32073435250760673,0.17520006892342024,0.16340090706664132,20,1,-0.030637254901960786,1.148,65.1,B,0.2716506291635825,5.3835290151171336,0.4126341853409992,0.19440136926735538,20,6,0,0.17647058823529413,0.14583333333333334,0.46463142218912884,0.3127326880119136,0.22263588979895757,0.15210355987055016,0.1419753086419753,0.2112676056338028,0.15625,0.18,56,0.125,40,False,False,0.519491476738025,0.07887571084454037,2.484848484848485,2.909090909090909,33,,,,,,,-0.14535791148317231,20,5.18,1.4,88.2,1,4,72,16,0,0,0,8,RP,20,383,108,19.1,7.31,1.62,10.96,1.73,19.725446887634202,-0.03209218758256527,8,0.8,3.0,5,6,1,1,0.0,2.6560446239847266,0.06709564159591898,0.2140845070422535,0.21608040201005024,0.07035175879396985,0.42094175960346963,0.28850557620817846,0.31333333333333335,3.443,0.34214759925742805
500743,Miguel Rojas,R,LAD,7,Andrew Alvarez,L,674841,823903,WSH @ LAD,7:10 PM,06/09,Scheduled,0.5977572495849974,,,,False,0001101100,estimated,0,0,0.0,0,0,0.2264571113165726,0.2854766756126089,0.2727989688046028,0.2583829851530303,0.10047153676863217,20,2,0.13134657836644595,0.973,50.0,C,0.2847548690396239,2.0181780787785657,0.4059214923402125,0.21911608321972473,20,7,0,0.2980132450331126,0.16666666666666666,0.42914707857622564,0.5218267293485561,0.049026192075218265,0.2472952086553323,0.24853801169590642,0.29901960784313725,0.25542570951585974,0.2871287128712871,112,0.2558139534883721,99,False,False,0.5977572495849974,0.0,2.2261904761904763,2.511904761904762,84,,,,,,,-0.01022444165846171,20,3.47,1.31,90.2,2,6,86,41,1,0,1,13,SP,21,382,78,18.2,8.54,4.07,7.74,0.5,19.45896681915335,0.0012205281927804013,9,0.9,4.0,6,6,0,1,0.0,2.3928764862062515,0.0422240365425671,0.2866666666666667,0.11411411411411411,0.057057057057057055,0.36704834605597964,0.3012900763358779,0.23430962343096234,3.76,0.31807164837368607
805300,Jakob Marsee,L,MIA,4,Clay Holmes,R,605280,823822,CHC @ MIA,10:40 AM,06/09,Pre-Game,0.5956397086510494,,,,False,1100101100,live,6,1,0.16666666666666666,1,2025,0.2151547257140584,0.27595489042564364,0.3876939551636157,0.2677802297536435,0.1682651818592879,20,1,-0.01835087719298245,1.0,50.9,C,0.28060413354531,2.368989465345356,0.4211570615225241,0.1948301873452395,14,6,0,0.2236842105263158,0.20533333333333334,0.6089030206677265,0.25357710651828297,0.13751987281399047,0.18892045454545456,0.20291616038882138,0.20758928571428573,0.1945181255526083,0.21739130434782608,300,0.19696969696969696,244,False,False,0.5956397086510494,0.0,3.3656716417910446,4.059701492537314,134,,,,,,,-0.16676275074897345,20,2.09,1.07,81.2,6,6,63,27,0,0,0,14,SP,14,326,60,23.3,6.94,2.98,6.61,0.44,23.173076775530568,-0.002239708651049388,4,0.5714285714285714,39.0,7,7,0,1,0.0,3.817586099286366,0.20560999952341677,0.21662468513853905,0.20374220374220375,0.13097713097713098,0.3419732441471572,0.2948494983277592,0.2154696132596685,4.16,0.3103386463325803
642201,Eli White,R,BOS,9,Kyle Bradish,R,680694,824794,BOS @ BAL,10:35 AM,06/09,Pre-Game,0.5956397086510494,-100.0,104.0,50.0,False,0010011111,live,0,0,0.0,0,0,0.2988504632245412,0.34533306733864744,0.2556056711590118,0.3618646699902182,0.20365834252840645,20,1,0.039775910364145656,1.044,51.1,C,0.2719967858577742,2.141882409752175,0.3897550021343545,0.19886699548217093,20,5,0,0.226890756302521,0.26666666666666666,0.532556270096463,0.46181672025723475,0.005627009646302251,0.24525547445255474,0.22284122562674094,0.21363636363636362,0.23441199684293607,0.25,102,0.2289156626506024,90,False,False,0.5423088632956895,0.053330845355359924,2.324675324675325,2.4935064935064934,77,,,,,,,0.12389417011038512,20,4.01,1.42,148.0,7,12,137,64,0,0,0,27,SP,27,633,146,23.4,8.33,3.89,8.88,1.03,23.542174209529875,-0.021714708651049408,8,1.0,8.0,6,7,1,1,0.0,2.6800186708741944,0.022054342993680878,0.24041811846689895,0.24919093851132687,0.05177993527508091,0.3468253968253968,0.3057642857142857,0.25,3.443,0.3398725082440613
680869,Zack Gelof,R,ATH,3,Bryan Woo,R,693433,823091,ATH @ SEA,1:10 PM,06/09,Scheduled,0.5956397086510494,,,,False,0110011111,estimated,12,3,0.25,1,2023,0.21627823141271524,0.3488070651672442,0.5031223613415933,0.2928801446978536,0.23827114783098335,20,1,-0.05606779065683176,0.906,60.0,C,0.27177700348432055,4.86508543077086,0.4360085325024542,0.2598740626328332,20,5,0,0.2980769230769231,0.2420091324200913,0.6637592673353685,0.27649367640645445,0.05974705625817706,0.24555403556771546,0.24147339699863574,0.2974910394265233,0.24919484702093397,0.24479166666666666,211,0.2824427480916031,146,False,False,0.6326459797693404,-0.03700627111829102,3.6704545454545454,4.056818181818182,88,,,,,,,0.02352057593417064,20,4.25,1.09,148.1,10,9,149,31,0,0,0,26,SP,26,606,131,23.3,9.04,1.88,7.95,1.09,23.09331476589985,0.028746005634664895,7,0.875,-29.0,6,7,1,1,0.0,4.481758804551702,0.09634689917602214,0.24121779859484777,0.29324894514767935,0.0759493670886076,0.4391203703703704,0.30668055555555557,0.2190082644628099,4.251,0.3703589734267625
668942,Josh Rojas,L,KC,5,Spencer Arrighetti,R,681293,824065,TOR @ KC,11:10 AM,06/09,Pre-Game,0.5955489019572523,,,,False,1110111100,estimated,0,0,0.0,0,0,0.25474501267173144,0.2198397045433008,0.2453208113566671,0.2868931369984441,0.10894850987483601,20,1,0.07224025974025972,1.028,60.3,C,0.2823667252489748,1.5921399479354668,0.3076722457077645,0.20643086725367202,20,5,0,0.1875,0.2597402597402597,0.4630715123094959,0.46600234466588514,0.070926143024619,0.2175226586102719,0.23270440251572327,0.19727891156462585,0.21840873634945399,0.22641509433962265,55,0.275,44,False,False,0.586444230759304,0.009104671197948333,2.657142857142857,2.8285714285714287,35,,,,,,,0.04949826826163442,20,4.82,1.34,99.0,7,8,97,55,0,0,0,18,SP,20,435,78,21.8,8.82,5.0,7.09,1.36,20.371622329110355,-0.0018322352905856265,6,0.6666666666666666,17.0,6,6,1,1,0.0,3.202630650694268,0.044013850182499745,0.19701492537313434,0.20588235294117646,0.08021390374331551,0.34593023255813954,0.25393604651162793,0.22815533980582525,4.026,0.27080266338669884
695657,Colson Montgomery,L,CWS,6,Bailey Ober,R,641927,824552,MIN @ CWS,3:20 PM,06/09,Scheduled,0.5948793156908302,-133.0,144.0,57.0,False,1100110011,estimated,0,0,0.0,0,0,0.2186869746440499,0.40512919377155043,0.45890523569837777,0.40378296778236156,0.40518703105929066,20,1,-0.04486826823155449,0.968,57.2,C,0.25598219254312743,2.4991456687425444,0.3763314229844854,0.16606192634886438,20,8,0,0.24812030075187969,0.2032520325203252,0.3500278241513634,0.3094045631608236,0.34056761268781305,0.2128157156220767,0.1926192619261926,0.23958333333333334,0.21173333333333333,0.24232081911262798,327,0.17703349282296652,236,False,False,0.576024488048237,0.018854827642593164,3.774436090225564,4.2330827067669174,133,,,,,,,0.09036665556323482,20,4.37,1.24,113.1,7,4,79,31,0,0,0,21,SP,21,477,109,22.7,6.27,2.46,8.66,1.43,22.738939747461945,-0.023345982357496742,9,1.0,-6.0,5,7,0,1,0.0,4.207741219863403,0.08230748118572948,0.21615720524017468,0.33984375,0.076171875,0.4323943661971831,0.3461338028169014,0.23790322580645162,3.896,0.31951652380369056
693307,Dillon Dingler,R,DET,5,Gavin Williams,R,668909,824385,DET @ CLE,10:40 AM,06/09,Pre-Game,0.5939585009917253,-117.0,122.0,54.0,False,1101001110,live,8,0,0.0,1,2025,0.1514932395105398,0.2848267240365845,0.43146230883087827,0.23792250518854322,0.27878088759706254,20,1,0.02116092931010058,0.987,65.6,B,0.33409785932721714,5.152064436025254,0.4470910541844716,0.3640119965904112,20,5,0,0.23204419889502761,0.2532051282051282,0.49361702127659574,0.5063829787234042,0.0,0.23550724637681159,0.20588235294117646,0.2518939393939394,0.2304394426580922,0.24175824175824176,299,0.25,247,False,False,0.6192238272318018,-0.02526532624007649,3.792307692307692,4.2,130,,,,,,,0.009513588600271397,20,3.81,1.09,163.0,13,7,217,50,0,0,0,28,SP,28,657,128,23.5,11.98,2.76,7.07,1.49,22.406326249702705,0.009541499008274723,5,0.625,9.0,7,7,1,1,0.0,3.9515199820617086,0.03205275081309449,0.24568965517241378,0.2235294117647059,0.056862745098039215,0.417,0.34350285714285717,0.2510460251046025,4.026,0.3317578572237036
606192,Teoscar Hernández,R,LAD,8,Andrew Alvarez,L,674841,823903,WSH @ LAD,7:10 PM,06/09,Scheduled,0.5930095360639063,,,,False,1010111111,estimated,0,0,0.0,0,0,0.33115871115726464,0.41519380681359785,0.5360518612979308,0.4488244147005996,0.2663756698077685,20,1,0.046157805011418834,0.973,50.0,C,0.2847548690396239,2.0181780787785657,0.4059214923402125,0.21911608321972473,20,7,0,0.2868217054263566,0.24066390041493776,0.42914707857622564,0.5218267293485561,0.049026192075218265,0.279290690310323,0.27489481065918653,0.20270270270270271,0.26513493800145876,0.2714285714285714,231,0.2375,179,False,False,0.5971694352545026,-0.004159899190596339,3.5238095238095237,3.9047619047619047,105,,,,,,,0.1330792590684619,20,3.47,1.31,90.2,2,6,86,41,1,0,1,13,SP,21,382,78,18.2,8.54,4.07,7.74,0.5,19.45896681915335,-0.0012539805083507938,9,0.9,4.0,6,6,0,1,0.0,4.259912908450943,0.08907845051882665,0.26128266033254155,0.2762312633832976,0.08137044967880086,0.4443493150684932,0.3429760273972603,0.23430962343096234,3.599,0.31807164837368607
663656,Kyle Tucker,L,LAD,6,Andrew Alvarez,L,674841,823903,WSH @ LAD,7:10 PM,06/09,Scheduled,0.5901666689333133,,,,False,1011001010,estimated,0,0,0.0,0,0,0.1583722533332739,0.26072080142341403,0.32752903156459057,0.18154269351856497,0.1075380887394252,20,1,0.017897876820494818,0.973,50.0,C,0.2847548690396239,2.0181780787785657,0.4059214923402125,0.21911608321972473,20,7,0,0.23741007194244604,0.21951219512195122,0.42914707857622564,0.5218267293485561,0.049026192075218265,0.2103542234332425,0.22597137014314927,0.1753681392235609,0.20689655172413793,0.210727969348659,309,0.24271844660194175,236,False,False,0.6022050139556517,-0.01203834502233847,3.537878787878788,4.128787878787879,132,,,,,,,-0.04013137689341446,20,3.47,1.31,90.2,2,6,86,41,1,0,1,13,SP,21,382,78,18.2,8.54,4.07,7.74,0.5,19.45896681915335,-2.266646537130157e-09,9,0.9,4.0,6,6,0,1,0.0,4.239057071502398,0.17649333430890393,0.2198581560283688,0.16869918699186992,0.12195121951219512,0.36348039215686273,0.31638676470588234,0.22916666666666666,3.896,0.31807164837368607
677649,Ezequiel Duran,R,TEX,5,Ian Seymour,L,693855,822848,TB @ TEX,11:35 AM,06/09,Scheduled,0.5884865153798655,,,,False,1011101110,estimated,0,0,0.0,0,0,0.2903623623072259,0.3087350386179343,0.4540536100412451,0.3747605653767135,0.17467934263090748,20,1,0.07954593948704816,0.964,88.9,A,0.31883259911894274,4.92541659670065,0.351153917276036,0.30001436831416833,20,6,0,0.3287671232876712,0.24922118380062305,0.4280955024986119,0.27540255413659076,0.29650194336479735,0.2582879762493815,0.253781512605042,0.2559366754617414,0.25596890616324264,0.2644927536231884,311,0.2879581151832461,208,False,False,0.6351656372788606,-0.046679121898995035,3.564885496183206,3.9618320610687023,131,,,,,,,0.14045468729527127,20,4.21,1.14,113.1,9,6,138,32,2,0,2,12,RP,42,470,97,11.2,10.96,2.54,7.7,1.59,20.44308756260814,0.02766348462013446,6,0.6666666666666666,-7.0,7,7,1,1,0.0,4.2020525838617795,0.11531130509192308,0.27586206896551724,0.22727272727272727,0.07851239669421488,0.3741538461538461,0.32826307692307694,0.2029520295202952,4.026,0.28864495039964605
664702,Myles Straw,R,TOR,9,Randy Dobnak,R,677976,824065,TOR @ KC,11:10 AM,06/09,Pre-Game,0.5884079405094621,,,,False,0111101011,estimated,0,0,0.0,0,0,0.312520863205657,0.26085038418675394,0.3250297446333474,0.3286640015215848,0.132973519992561,20,1,-0.013903743315508033,1.028,31.8,F,0.2550813008130081,1.773373698033776,0.40293055179224074,0.16710987722950177,11,5,0,0.2411764705882353,0.22727272727272727,0.48577235772357724,0.3008130081300813,0.21341463414634146,0.22830578512396693,0.22245322245322247,0.2182741116751269,0.22539489671931956,0.2755905511811024,139,0.1984732824427481,150,False,False,0.5377024962362761,0.05070544427318602,2.3035714285714284,2.580357142857143,112,,,,,,,-0.018664238929725255,20,2.65,1.39,57.2,2,3,40,23,0,0,0,9,SP,11,247,57,22.5,6.24,3.59,8.9,0.78,23.01440631999721,-0.01297460717612875,9,0.9,24.0,7,6,1,1,0.0,3.1069457071826596,0.14181170366594587,0.22992700729927007,0.13725490196078433,0.07516339869281045,0.26436781609195403,0.28512931034482764,0.2413793103448276,3.443,0.3071408021877185
665052,Griffin Conine,L,MIA,2,Clay Holmes,R,605280,823822,CHC @ MIA,10:40 AM,06/09,Pre-Game,0.5883140103862278,,,,False,1000101011,live,6,3,0.5,1,2025,0.2367155569175992,0.3010593293895945,0.37700999093956766,0.3057906229511403,0.2626026581739895,20,1,-0.04629629629629628,1.0,50.9,C,0.28060413354531,2.368989465345356,0.4211570615225241,0.1948301873452395,14,6,0,0.2962962962962963,0.25,0.6089030206677265,0.25357710651828297,0.13751987281399047,0.24926253687315633,0.22727272727272727,0.1870967741935484,0.229693741677763,0.2543859649122807,135,0.25742574257425743,116,False,False,0.5878638109104891,0.00045019947573865515,2.9054054054054053,3.391891891891892,74,,,,,,,-0.04818544204833403,20,2.09,1.07,81.2,6,6,63,27,0,0,0,14,SP,14,326,60,23.3,6.94,2.98,6.61,0.44,23.173076775530568,0.004610989613772265,4,0.5714285714285714,39.0,7,7,0,1,0.0,3.759524836408107,0.1974555932553469,0.2618384401114206,0.2972972972972973,0.10565110565110565,0.46218487394957986,0.337327731092437,0.2154696132596685,4.352,0.3103386463325803
543510,James Mccann,R,AZ,7,Peter Lambert,R,663567,824142,AZ @ HOU,11:10 AM,06/09,Pre-Game,0.5883140103862278,,,,False,0101001111,estimated,0,0,0.0,0,0,0.31462805377612824,0.4471170329897584,0.5112265194015986,0.5329346271397688,0.29786879772103525,20,4,-0.013650151668351873,0.998,71.4,B,0.27256715103478646,2.2893136279074637,0.31516816291756444,0.23040278887374863,20,6,0,0.30434782608695654,0.29069767441860467,0.511238431026884,0.249008373732922,0.23975319524019392,0.2642857142857143,0.23272727272727273,0.1925925925925926,0.2421686746987952,0.23880597014925373,70,0.35384615384615387,71,False,False,0.5878638109104891,0.00045019947573865515,3.2195121951219514,3.4390243902439024,41,,,,,,,0.10906650897532928,20,3.66,1.24,132.2,8,7,131,56,0,0,0,24,SP,24,566,109,23.6,8.89,3.8,7.39,0.88,23.68509470794586,0.0288859896137722,2,0.2857142857142857,2.0,7,5,1,1,0.0,3.6190383646106716,0.10371064024248412,0.2727272727272727,0.25707547169811323,0.0589622641509434,0.4498792270531401,0.3207572463768116,0.2703862660944206,3.76,0.2955319357599289
682998,Corbin Carroll,L,AZ,5,Peter Lambert,R,663567,824142,AZ @ HOU,11:10 AM,06/09,Pre-Game,0.5878638109104891,-138.0,144.0,58.0,False,0010010001,estimated,10,3,0.3,1,2023,0.14687877543722272,0.3306677520156348,0.41614776449607205,0.1868160519761403,0.25657638258891663,20,1,-0.13864100320793232,0.998,71.4,B,0.27256715103478646,2.2893136279074637,0.31516816291756444,0.23040278887374863,20,6,0,0.34074074074074073,0.2020997375328084,0.511238431026884,0.249008373732922,0.23975319524019392,0.2352241174137247,0.26056945642795515,0.20114942528735633,0.2364093193238922,0.2553191489361702,369,0.20855614973262032,229,False,False,0.5956397086510494,-0.007775897740560311,3.739130434782609,4.333333333333333,138,,,,,,,-0.10558321144148097,20,3.66,1.24,132.2,8,7,131,56,0,0,0,24,SP,24,566,109,23.6,8.89,3.8,7.39,0.88,23.68509470794586,0.03963618908951083,2,0.2857142857142857,2.0,7,5,1,1,0.0,4.247620129545804,0.08887213691943556,0.22787610619469026,0.2164750957854406,0.1053639846743295,0.48721730580137657,0.32907276302851524,0.17490494296577946,4.026,0.2955319357599289
694208,Moisés Ballesteros,L,LAA,5,Paul Skenes,R,694973,823336,LAA @ PIT,10:35 AM,06/09,Pre-Game,0.5854360764920605,,,,False,1001101111,live,0,0,0.0,0,0,0.22746530989366304,0.2666795032260568,0.4603195646939184,0.3232273522571516,0.2715341958971324,20,1,0.06503796632551997,1.013,49.4,D,0.27651060424169666,3.004469633280873,0.4175013111219257,0.27396523343572704,20,5,0,0.15384615384615385,0.21888412017167383,0.524609843937575,0.23689475790316125,0.2384953981592637,0.19131334022750776,0.17570093457943925,0.26301369863013696,0.20234917245061398,0.24,166,0.1743119266055046,119,False,False,0.5970631015643285,-0.011627025072267982,3.011627906976744,3.313953488372093,86,,,,,,,0.0191940246946996,20,3.97,1.16,149.2,9,11,179,44,0,0,0,28,SP,28,619,129,22.1,10.76,2.65,7.76,0.9,22.76372610350044,0.02467820922222519,7,0.7,-2.0,6,6,1,1,0.0,4.091992523963318,0.06903038080537136,0.2323529411764706,0.21635883905013192,0.09234828496042216,0.4449612403100775,0.29139922480620156,0.21806853582554517,4.026,0.2907612680996467
701538,Jackson Merrill,L,SD,5,Gerrit Cole,R,543037,823253,NYY @ SD,1:10 PM,06/09,Scheduled,0.5854360764920605,-144.0,150.0,59.0,False,0110111000,estimated,0,0,0.0,0,0,0.20421231770147452,0.35979680675611414,0.49540087602786187,0.27136189791650256,0.23728869122464488,20,1,-0.03065789473684208,0.954,64.0,C,0.29931120851596743,5.1637347609797715,0.44989896048628353,0.2623370841870568,18,5,0,0.2631578947368421,0.2325,0.5283982131461391,0.33312061263560944,0.13848117421825143,0.2501005227181343,0.2346014492753623,0.19870967741935483,0.2375400091449474,0.2324159021406728,353,0.2524271844660194,229,False,False,0.6255022955759969,-0.04006621908393637,3.8905109489051095,4.248175182481752,137,,,,,,,-0.05172665980083349,20,3.29,1.11,104.0,8,7,110,22,0,0,0,18,SP,18,426,93,23.7,9.52,1.9,8.05,1.13,23.95231779818056,0.030678209222225195,7,1.0,2.0,6,6,0,1,0.0,4.274772492554924,0.07021808358620625,0.2349137931034483,0.2549407114624506,0.05928853754940711,0.47288557213930343,0.3573626865671642,0.2074688796680498,4.026,0.2804518688324367
665833,Oneil Cruz,L,PIT,5,Walbert Ureña,R,700712,823336,LAA @ PIT,10:35 AM,06/09,Pre-Game,0.5854360764920605,-138.0,144.0,58.0,False,1011111001,live,0,0,0.0,0,0,0.252563028891993,0.3556036773682529,0.4224673997424703,0.49205833710149843,0.3780003568192755,20,1,0.0007926345954515357,1.013,65.4,B,0.2856466129796305,1.9532457611556198,0.3677829018640241,0.23524410783089064,20,6,0,0.2676056338028169,0.2683982683982684,0.5220902612826603,0.14346793349168646,0.3344418052256532,0.22885958107059737,0.26034063260340634,0.20935960591133004,0.23692551505546752,0.26857142857142857,199,0.2677165354330709,147,False,True,0.5854360764920605,0.0,3.871794871794872,4.435897435897436,78,,,,,,,-0.10122075288765069,20,2.85,1.26,123.1,9,9,120,64,0,0,0,23,SP,25,525,91,21.0,8.76,4.67,6.64,0.58,22.042248826852774,0.00808892350793955,8,0.8888888888888888,-5.0,7,6,1,1,0.0,4.32590840865118,0.19110319206844398,0.23218390804597702,0.3380281690140845,0.10663983903420524,0.5543071161048689,0.3677590511860175,0.21052631578947367,4.026,0.3411795166911076
694671,Wyatt Langford,R,TEX,3,Ian Seymour,L,693855,822848,TB @ TEX,11:35 AM,06/09,Scheduled,0.5852199659399825,,,,False,1000010100,estimated,0,0,0.0,0,0,0.2099384236403786,0.2830822238138819,0.30568927234931,0.23572289087507597,0.13271453354824847,20,1,-0.002212389380530977,0.964,88.9,A,0.31883259911894274,4.92541659670065,0.351153917276036,0.30001436831416833,20,6,0,0.24778761061946902,0.25,0.4280955024986119,0.27540255413659076,0.29650194336479735,0.23099762470308788,0.2188235294117647,0.19602977667493796,0.2229775662814412,0.23076923076923078,247,0.28225806451612906,140,False,False,0.6240505720347677,-0.03883060609478517,3.8333333333333335,4.3,90,,,,,,,-0.1174991208990173,20,4.21,1.14,113.1,9,6,138,32,2,0,2,12,RP,42,470,97,11.2,10.96,2.54,7.7,1.59,20.44308756260814,0.031546700726684196,6,0.6666666666666666,-7.0,7,7,1,1,0.0,4.361343679720147,0.1614972432660969,0.240990990990991,0.20857699805068225,0.1189083820662768,0.4144411473788328,0.30146587537091984,0.2029520295202952,4.251,0.28864495039964605
694673,Abimelec Ortiz,L,WSH,2,Justin Wrobleski,L,680736,823903,WSH @ LAD,7:10 PM,06/09,Scheduled,0.5835662968651366,,,,False,1011000010,estimated,0,0,0.0,0,0,0.1676185344266539,0.3062447861218782,0.304808861839086,0.25790717262425794,0.2921021165041542,20,1,0.0,0.973,52.9,C,0.2760577915376677,3.9072424867278923,0.4344780236016922,0.23053284974270077,20,5,0,,0.20202020202020202,0.5862603305785123,0.3605371900826446,0.05320247933884298,0.2687224669603524,0.23140495867768596,0.174496644295302,0.2408500590318772,0.23333333333333334,61,0.15384615384615385,44,True,False,0.5948793156908302,-0.011313018825693577,3.193548387096774,3.3870967741935485,31,,,,,,,-0.1445343309564233,20,3.65,1.11,128.1,11,5,104,29,0,0,0,20,SP,22,526,113,23.9,7.29,2.03,7.92,1.4,23.384180051630423,0.00758370313486334,4,0.5,0.0,6,6,0,1,0.0,3.568636265240105,0.041665616930342014,0.20388349514563106,0.24770642201834864,0.045871559633027525,0.3684210526315789,0.29617105263157895,0.2283464566929134,4.352,0.3403693296189292
663616,Trevor Larnach,L,MIN,7,Bryan Hudson,L,663542,824552,MIN @ CWS,3:20 PM,06/09,Scheduled,0.5835662968651366,,,,False,0110111100,estimated,0,0,0.0,0,0,0.17825794754163848,0.3191893208679187,0.46945159518648666,0.2258030240704785,0.2044690809231006,20,1,-0.006227466404457593,0.968,77.7,B,0.30858960763520676,,0.38320238070544776,0.190703884740276,20,2,0,0.25925925925925924,0.26548672566371684,0.7331910352187834,0.26680896478121663,0.0,0.2606867554309741,0.2807017543859649,0.24312590448625182,0.2631926121372032,0.27391304347826084,260,0.25,156,False,False,0.5835662968651366,0.0,3.1826086956521737,3.617391304347826,115,,,,,,,-0.10826495871582585,20,3.03,1.21,59.1,4,4,55,17,7,3,10,7,RP,61,248,55,4.1,8.34,2.58,8.34,0.61,3.9421534163667045,-0.01212879686513657,8,0.8,9.0,7,6,0,1,0.0,3.2664490703691236,0.046370144425087606,0.2638522427440633,0.17674418604651163,0.1,0.37557755775577556,0.31567986798679865,0.2857142857142857,3.76,0.2990891775609954
687551,Drew Gilbert,L,SF,1,Christian Scott,R,681035,823578,SF @ NYM,10:40 AM,06/09,Pre-Game,0.5835662968651366,,,,False,1110000011,live,0,0,0.0,0,0,0.21926382771051367,0.357026746375149,0.46901889039934497,0.2896785023521112,0.21550361963603182,20,2,0.10755633013818,0.949,61.0,C,0.28132250580046403,2.346178148827274,0.35282892761359275,0.2686326057448488,20,9,0,0.13793103448275862,0.24548736462093862,0.67382472431805,0.2942542077771329,0.03192106790481718,0.256140350877193,0.23620689655172414,0.25210084033613445,0.24915986557849257,0.27044025157232704,178,0.19727891156462585,175,False,False,0.6264097981517406,-0.04284350128660397,2.7079646017699117,3.1238938053097347,113,,,,,,,-0.07862248207707093,20,3.8,1.31,94.2,4,4,113,44,0,0,0,20,SP,20,412,80,20.6,10.74,4.18,7.61,0.95,21.303820208754196,0.013696203134863416,8,0.8888888888888888,-14.0,7,6,0,1,0.0,3.414506129182733,0.12093782941525141,0.23547400611620795,0.1693121693121693,0.09259259259259259,0.35329531051964513,0.30328390367553865,0.2290748898678414,4.443,0.3256051255932507
671976,Tristan Peters,L,CWS,8,Bailey Ober,R,641927,824552,MIN @ CWS,3:20 PM,06/09,Scheduled,0.5835662968651366,,,,False,1101001011,estimated,0,0,0.0,0,0,0.3185858611485202,0.3238429219162024,0.5369159148753337,0.3707129364180512,0.15026961491254243,20,1,0.09540345426299918,0.968,57.2,C,0.25598219254312743,2.4991456687425444,0.3763314229844854,0.16606192634886438,20,8,0,0.1935483870967742,0.28895184135977336,0.3500278241513634,0.3094045631608236,0.34056761268781305,0.24576954069298954,0.26993865030674846,0.25196850393700787,0.25524475524475526,0.24519230769230768,226,0.32386363636363635,203,False,False,0.5750024060690709,0.008563890796065676,2.931297709923664,3.2748091603053435,131,,,,,,,0.13760141585338173,20,4.37,1.24,113.1,7,4,79,31,0,0,0,21,SP,21,477,109,22.7,6.27,2.46,8.66,1.43,22.738939747461945,-0.023399630198470023,9,1.0,-6.0,5,7,0,1,0.0,3.414623501549744,0.07610739271095579,0.2840909090909091,0.1649746192893401,0.07614213197969544,0.36428571428571427,0.3224738675958188,0.23790322580645162,3.599,0.31951652380369056
655316,Andruw Monasterio,R,BOS,8,Kyle Bradish,R,680694,824794,BOS @ BAL,10:35 AM,06/09,Pre-Game,0.5825932093614675,-138.0,150.0,58.0,False,0011100100,live,0,0,0.5,0,0,0.14496658675043603,0.2551961374107305,0.27234821004640736,0.15784362149073716,0.09891509290368991,20,3,0.03501400560224091,1.044,51.1,C,0.2719967858577742,2.141882409752175,0.3897550021343545,0.19886699548217093,20,5,0,0.226890756302521,0.2619047619047619,0.532556270096463,0.46181672025723475,0.005627009646302251,0.2451669595782074,0.25504322766570603,0.23868312757201646,0.24688398849472676,0.2857142857142857,152,0.21428571428571427,167,False,False,0.540973059629096,0.04162014973237149,3.0531914893617023,3.393617021276596,94,,,,,,,-0.28288714444316115,20,4.01,1.42,148.0,7,12,137,64,0,0,0,27,SP,27,633,146,23.4,8.33,3.89,8.88,1.03,23.542174209529875,-0.020030709361467558,8,1.0,8.0,6,7,1,1,0.0,3.3622960740221743,0.0483306203051423,0.25210084033613445,0.19083969465648856,0.06870229007633588,0.32375886524822695,0.29103546099290784,0.25,3.599,0.3398725082440613
608348,Carson Kelly,R,CHC,9,Tyler Phillips,R,663969,823822,CHC @ MIA,10:40 AM,06/09,Pre-Game,0.581473781250439,,,,False,1110011010,live,0,0,0.0,0,0,0.2510655830142733,0.30366235374323014,0.33541173328366203,0.31002659082948353,0.15940345389337132,20,2,-0.04450825556353194,1.0,56.8,C,0.3016949152542373,1.9766361068952303,0.4017844583829151,0.2004844924970279,20,5,0,0.2857142857142857,0.24120603015075376,0.3344632768361582,0.4293785310734463,0.23615819209039549,0.24693376941946035,0.19724137931034483,0.2679245283018868,0.23204667863554757,0.2571428571428571,188,0.2611464968152866,184,False,False,0.581473781250439,0.0,3.3535353535353534,3.757575757575758,99,,,,,,,0.0961501516137883,20,3.43,1.33,110.1,4,6,90,47,2,1,3,16,RP,33,471,100,14.3,7.34,3.83,8.16,1.14,18.320957535862984,-0.0009737812504391208,8,0.8,13.0,7,7,0,1,0.0,3.9890101537026603,0.06219931820494974,0.2543640897755611,0.18666666666666668,0.09333333333333334,0.3785488958990536,0.2837223974763407,0.21578947368421053,3.443,0.31556027503183737
553993,Eugenio Suárez,R,CIN,5,Kyle Harrison,L,690986,824469,MIL @ CIN,9:10 AM,06/09,Pre-Game,0.5812688449525527,,,,False,1101011011,live,7,0,0.0,1,2024,0.2789304203930927,0.3448347994632127,0.31581273687116357,0.3555187437528909,0.24022704742493853,20,1,-0.008266993263931405,1.083,79.7,B,0.31210191082802546,4.45787959247286,0.38184221980434474,0.28499141519372345,20,6,0,0.20652173913043478,0.2147887323943662,0.5953266064790228,0.3133297928836962,0.09134360063728093,0.21379738968303294,0.21170212765957447,0.20909090909090908,0.21235253296322,0.23636363636363636,251,0.1794871794871795,179,False,False,0.571825605753783,0.00944323919876966,3.4814814814814814,3.9814814814814814,108,,,,,,,0.012354336180941037,20,3.45,1.2,107.0,10,4,130,29,0,0,0,22,SP,22,447,99,20.3,10.93,2.44,8.33,1.6,20.47514556757414,0.010614488380780718,6,0.75,16.0,7,6,1,1,0.0,3.9838035615166203,0.15579090386769667,0.21686746987951808,0.3410526315789474,0.10526315789473684,0.356060606060606,0.32207971014492753,0.24232081911262798,4.026,0.3125263180271999
668709,Jj Bleday,L,CIN,6,Kyle Harrison,L,690986,824469,MIL @ CIN,9:10 AM,06/09,Pre-Game,0.5807234297345436,-113.0,117.0,53.0,False,1010101101,live,0,0,0.0,0,0,0.19973313708708731,0.2878541597131891,0.26408083707203184,0.24827081241776355,0.2131812286561809,20,1,-0.0005887547836326001,1.083,79.7,B,0.31210191082802546,4.45787959247286,0.38184221980434474,0.28499141519372345,20,6,0,0.22093023255813954,0.22151898734177214,0.5953266064790228,0.3133297928836962,0.09134360063728093,0.2153644123440578,0.21714285714285714,0.23067010309278352,0.22016331658291458,0.22784810126582278,282,0.21212121212121213,193,False,False,0.5795457854534792,0.0011776442810643717,3.526315789473684,4.166666666666667,114,,,,,,,-0.006501787629907776,20,3.45,1.2,107.0,10,4,130,29,0,0,0,22,SP,22,447,99,20.3,10.93,2.44,8.33,1.6,20.47514556757414,0.023059903598789733,6,0.75,16.0,7,6,1,1,0.0,4.1051406775796915,0.12524207230615747,0.22596153846153846,0.21267893660531698,0.1329243353783231,0.40411324786324787,0.320383547008547,0.23140495867768596,3.896,0.3125263180271999
672275,Patrick Bailey,L,CLE,7,Jackson Jobe,R,695549,824385,DET @ CLE,10:40 AM,06/09,Pre-Game,0.5771734965541719,-113.0,122.0,53.0,False,0111011100,live,0,0,0.0,0,0,0.22780913607569875,0.42076109474317547,0.516068882308764,0.367352325919084,0.31434140601977073,20,2,0.006008583690987113,0.987,37.7,D,0.2200488997555012,1.8781294024742143,0.40454922834870877,0.18570067690100311,5,6,0,0.2,0.20600858369098712,0.5232273838630807,0.3594132029339853,0.11735941320293398,0.1746384872080089,0.19389978213507625,0.1793478260869565,0.1839677047289504,0.18796992481203006,146,0.2230769230769231,148,False,False,0.5651580683069555,0.012015428247216464,2.955056179775281,3.303370786516854,89,,,,,,,0.027597309408885707,20,4.63,1.46,23.1,1,2,19,10,0,0,0,5,SP,5,104,24,20.8,7.33,3.86,9.26,1.54,20.970867943891573,-0.006006829887505338,9,0.9,-1.0,6,7,1,1,0.0,3.394127436910175,0.12674677230632078,0.2191780821917808,0.2419753086419753,0.07901234567901234,0.3966916354556804,0.31573408239700373,0.21428571428571427,3.76,0.3068904473498293
669016,Brandon Marsh,L,PHI,7,Tyler Mahle,R,641816,823417,ATL @ PHI,10:10 AM,06/09,Pre-Game,0.5768563682480276,-127.0,133.0,56.0,False,0100110000,live,2,0,0.0,0,0,0.20106811314707232,0.22766515899459347,0.23476862344261434,0.2361612194991417,0.21050161278552249,20,2,-0.02555168408826941,1.009,59.9,C,0.28063241106719367,3.535566680264905,0.413577878425222,0.2388771191693665,20,7,0,0.2857142857142857,0.2601626016260163,0.655786350148368,0.06379821958456973,0.28041543026706234,0.25321408608160983,0.2370304114490161,0.2583170254403131,0.24846715328467153,0.2529182879377432,277,0.28110599078341014,236,False,False,0.5739319724335393,0.002924395814488223,3.56390977443609,3.857142857142857,133,,,,,,,-0.07490112752323767,20,4.25,1.29,125.0,5,10,121,42,0,0,0,23,SP,23,521,119,22.7,8.71,3.02,8.57,1.22,22.976701276945384,-0.005013511105170343,7,0.875,14.0,7,6,1,0,0.0,2.8888385762655417,0.054020034181506284,0.2676056338028169,0.24891774891774893,0.05411255411255411,0.43569131832797425,0.34333360128617363,0.22692307692307692,3.76,0.3178049645701971
543760,Marcus Semien,R,NYM,6,Cesar Perdomo,L,702885,823578,SF @ NYM,10:40 AM,06/09,Pre-Game,0.5767029183228862,,,,False,1011010101,live,0,0,0.0,0,0,0.2421420119993184,0.2690557226182902,0.21302454500653095,0.27508446494964206,0.10502613974675308,20,1,-0.04364035087719301,0.949,62.3,C,0.29310344827586204,,,,1,5,0,0.18333333333333332,0.22697368421052633,0.5344827586206896,0.39655172413793105,0.06896551724137931,0.22606191504679626,0.18824609733700642,0.2145214521452145,0.20982783357245338,0.20346320346320346,253,0.22797927461139897,219,False,True,0.5907417448046565,-0.014038826481770239,3.5041322314049586,3.9008264462809916,121,,,,,,,0.16731481385773267,20,2.25,1.0,4.0,0,0,4,1,0,0,0,0,RP,1,15,3,15.0,9.0,2.25,6.75,2.25,,0.00578458167711382,8,0.7272727272727273,-3.0,7,6,0,1,0.0,3.80750084754292,0.14708673951561646,0.2161520190023753,0.20512820512820512,0.08333333333333333,0.3284102564102564,0.3243553846153846,0.0,3.896,0.31794051365812687
663757,Trent Grisham,L,NYY,4,Mike King,R,650633,823253,NYY @ SD,1:10 PM,06/09,Scheduled,0.5766621723654767,,,,False,1000000110,estimated,0,0,0.0,0,0,0.1319766975653566,0.3004782752210566,0.3672657604642087,0.16530299032337356,0.21918339382072904,20,2,-0.04880680375729882,0.954,73.1,B,0.2849462365591398,2.2901356931136574,0.3130938484357531,0.20620786119014986,20,6,0,0.24752475247524752,0.1987179487179487,0.47964669738863286,0.24923195084485408,0.27112135176651303,0.20459990416866317,0.1976608187134503,0.18796992481203006,0.2001725625539258,0.20408163265306123,281,0.22023809523809523,199,False,False,0.5956397086510494,-0.01897753628557275,3.4705882352941178,4.033613445378151,119,,,,,,,-0.23260556793288145,20,3.11,1.17,162.0,9,9,141,63,0,0,0,28,SP,28,662,126,23.6,7.83,3.5,7.0,1.0,24.30426042674492,-0.0014907437940481216,7,0.7777777777777778,23.0,7,6,0,1,0.0,3.8836096884222746,0.20330797868521464,0.21052631578947367,0.18350515463917524,0.12577319587628866,0.4546099290780142,0.31025531914893617,0.2154696132596685,4.16,0.300771294881161
664023,Ian Happ,L,CHC,5,Tyler Phillips,R,663969,823822,CHC @ MIA,10:40 AM,06/09,Pre-Game,0.576024488048237,-138.0,144.0,58.0,False,1010101011,live,0,0,0.0,0,0,0.22924475402661187,0.32558273473630517,0.2673524330117133,0.33284247023475716,0.2789310510967296,20,1,0.030763404691363516,1.0,56.8,C,0.3016949152542373,1.9766361068952303,0.4017844583829151,0.2004844924970279,20,5,0,0.19834710743801653,0.22911051212938005,0.3344632768361582,0.4293785310734463,0.23615819209039549,0.20616570327552985,0.22308438409311349,0.19576185671039353,0.20926285160038796,0.2290909090909091,318,0.2119815668202765,256,False,False,0.5590633122115204,0.016961175836716635,3.6176470588235294,4.220588235294118,136,,,,,,,0.11787927218979387,20,3.43,1.33,110.1,4,6,90,47,2,1,3,16,RP,33,471,100,14.3,7.34,3.83,8.16,1.14,18.320957535862984,-0.00971198804823703,8,0.8,13.0,7,7,0,1,0.0,3.8344758874187153,0.08908777483303357,0.2224824355971897,0.2985971943887776,0.12024048096192384,0.40227817745803357,0.3177733812949641,0.2576419213973799,4.026,0.31556027503183737
682985,Riley Greene,L,DET,4,Gavin Williams,R,668909,824385,DET @ CLE,10:40 AM,06/09,Pre-Game,0.5757859346124959,-108.0,122.0,52.0,False,0111000101,live,17,3,0.17647058823529413,1,2023,0.2036761510484875,0.36744995575804096,0.27691782111527347,0.3226471346746047,0.27434723358037116,20,1,-0.012987350320787572,0.987,65.6,B,0.33409785932721714,5.152064436025254,0.4470910541844716,0.3640119965904112,20,5,0,0.2845528455284553,0.2715654952076677,0.49361702127659574,0.5063829787234042,0.0,0.27565502183406115,0.2922318125770654,0.23444976076555024,0.26961770623742454,0.291497975708502,281,0.25396825396825395,226,False,False,0.6050829478498191,-0.029297013237323144,3.6333333333333333,4.225,120,,,,,,,-0.09817062923115236,20,3.81,1.09,163.0,13,7,217,50,0,0,0,28,SP,28,657,128,23.5,11.98,2.76,7.07,1.49,22.406326249702705,0.01713406538750406,5,0.625,9.0,7,7,1,1,0.0,4.348892861535517,0.07765134905399501,0.27522935779816515,0.2702169625246548,0.11242603550295859,0.48049052396878483,0.3823177257525084,0.1883656509695291,4.16,0.3317578572237036
593428,Xander Bogaerts,R,SD,6,Gerrit Cole,R,543037,823253,NYY @ SD,1:10 PM,06/09,Scheduled,0.5747923927385528,,,,False,1010110111,estimated,13,2,0.15384615384615385,1,2022,0.23216074986555757,0.30814060306003155,0.4758062115110692,0.32347659890708824,0.22379743713221945,20,1,-0.06243626587559098,0.954,64.0,C,0.29931120851596743,5.1637347609797715,0.44989896048628353,0.2623370841870568,18,5,0,0.26119402985074625,0.19875776397515527,0.5283982131461391,0.33312061263560944,0.13848117421825143,0.22724961870869345,0.21241258741258742,0.21767241379310345,0.22104381802958414,0.2375886524822695,321,0.1839080459770115,211,False,False,0.5956397086510494,-0.020847315912496667,3.4029850746268657,3.970149253731343,134,,,,,,,0.12469307276427942,20,3.29,1.11,104.0,8,7,110,22,0,0,0,18,SP,18,426,93,23.7,9.52,1.9,8.05,1.13,23.95231779818056,0.0029504644043043537,7,1.0,2.0,6,6,0,1,0.0,3.842212064428629,0.11082782418571079,0.2169576059850374,0.1910828025477707,0.12314225053078556,0.41527331189710615,0.3052272240085745,0.27044025157232704,3.896,0.2804518688324367
678662,Ezequiel Tovar,R,COL,8,Kyle Leahy,R,681517,824309,STL @ COL,12:10 PM,06/09,Scheduled,0.5739319724335393,,,,False,1101001011,estimated,0,0,0.0,0,0,0.36270417258304744,0.3631429848027584,0.3110590809084854,0.43508483288337657,0.2564758001634281,20,1,-0.045862884160756484,1.148,57.2,C,0.27234440804866633,4.350657273579316,0.45644277122590754,0.24639445871419782,20,8,0,0.24444444444444444,0.19858156028368795,0.39325842696629215,0.46348314606741575,0.14325842696629212,0.18662420382165604,0.17497231450719822,0.2550335570469799,0.19413657490168038,0.21428571428571427,258,0.2122905027932961,200,False,False,0.5203512939541487,0.05358067847939063,3.283464566929134,3.606299212598425,127,,,,,,,0.02162219677990061,20,3.13,1.31,129.1,10,4,118,38,0,0,0,26,SP,26,545,131,21.0,8.21,2.64,9.12,0.9,19.75848976124544,-0.01775197243353932,5,0.5555555555555556,-6.0,5,6,1,1,0.0,2.7182778163742873,0.036219943451527986,0.20671834625322996,0.2529274004683841,0.06323185011709602,0.32933094384707284,0.301078853046595,0.2157676348547718,3.599,0.36171341554562253
668901,Mark Vientos,R,NYM,5,Cesar Perdomo,L,702885,823578,SF @ NYM,10:40 AM,06/09,Pre-Game,0.5730744102721111,,,,False,0001001011,live,0,0,0.0,0,0,0.2498782103617395,0.2965465452689503,0.4596188678307265,0.3454184873302323,0.20453832964694676,20,2,0.03383458646616541,0.949,62.3,C,0.29310344827586204,,,,1,5,0,0.23684210526315788,0.20300751879699247,0.5344827586206896,0.39655172413793105,0.06896551724137931,0.22209026128266032,0.16815742397137745,0.23,0.20527859237536658,0.22857142857142856,150,0.205607476635514,114,False,True,0.5854360764920605,-0.012361666219949385,3.207792207792208,3.4285714285714284,77,,,,,,,-0.013711839943656653,20,2.25,1.0,4.0,0,0,4,1,0,0,0,0,RP,1,15,3,15.0,9.0,2.25,6.75,2.25,,0.007450589727888812,8,0.7272727272727273,-3.0,7,6,0,1,0.0,2.8980654295504964,0.08091507176846681,0.22081218274111675,0.25,0.05841121495327103,0.48257839721254353,0.3240696864111498,0.0,4.026,0.31794051365812687
691788,Joe Mack,L,MIA,6,Clay Holmes,R,605280,823822,CHC @ MIA,10:40 AM,06/09,Pre-Game,0.5725408928221317,,,,False,1001011100,live,0,0,0.0,0,0,0.2030491317061048,0.2609372872445088,0.33491504979260456,0.335056539475411,0.33188396743584364,20,1,0.006818181818181807,1.0,50.9,C,0.28060413354531,2.368989465345356,0.4211570615225241,0.1948301873452395,14,6,0,0.225,0.2318181818181818,0.6089030206677265,0.25357710651828297,0.13751987281399047,0.23985239852398524,0.22794117647058823,0.1941747572815534,0.22516930022573364,0.22142857142857142,149,0.24166666666666667,136,True,False,0.5490558179982413,0.023485074823890395,2.9885057471264367,3.2758620689655173,87,,,,,,,0.013783990271750092,20,2.09,1.07,81.2,6,6,63,27,0,0,0,14,SP,14,326,60,23.3,6.94,2.98,6.61,0.44,23.173076775530568,-0.018365892822131746,4,0.5714285714285714,39.0,7,7,0,1,0.0,2.9410298447200973,0.03535254884074538,0.22900763358778625,0.2638888888888889,0.059027777777777776,0.38306451612903225,0.3114462365591398,0.2154696132596685,3.896,0.3103386463325803
691723,Coby Mayo,R,BAL,3,Payton Tolle,L,801139,824794,BOS @ BAL,10:35 AM,06/09,Pre-Game,0.571825605753783,-117.0,127.0,54.0,False,1111111110,live,6,1,0.16666666666666666,1,2026,0.2726501639037897,0.37404770544048876,0.359525744811736,0.38088357746413365,0.23498999527944003,20,1,0.08734961720743714,1.044,88.9,A,0.28784860557768926,4.41265866444043,0.33305909194102884,0.29360410638027634,20,6,0,0.27692307692307694,0.1895734597156398,0.8762475049900199,0.09281437125748503,0.03093812375249501,0.21639898562975485,0.21215139442231076,0.28296703296703296,0.22422579380635044,0.2268041237113402,214,0.21768707482993196,159,False,False,0.5850209437798961,-0.013195338026113057,3.1574074074074074,3.4537037037037037,108,,,,,,,0.1749452053246139,20,3.23,1.1,131.0,8,6,147,37,0,0,0,23,SP,23,530,107,23.0,10.1,2.54,7.35,1.03,23.103770337838927,0.025988679960502692,7,0.7777777777777778,9.0,7,7,1,1,0.0,3.402168173774374,0.13872317380866175,0.22371967654986524,0.30900243309002434,0.08029197080291971,0.4713114754098361,0.33599999999999997,0.20699708454810495,4.251,0.33105914517761603
666310,Bo Naylor,L,MIL,8,Brady Singer,R,663903,824469,MIL @ CIN,9:10 AM,06/09,Pre-Game,0.5715870523180421,-127.0,133.0,56.0,False,0100010001,live,14,5,0.35714285714285715,1,2023,0.118612511294043,0.26072518169465875,0.4192830894222388,0.15150526081368376,0.23406801848986478,20,122,0.0,1.083,47.7,D,0.2843737250101999,2.7435851211463658,0.4404014936348064,0.19589127380669574,20,6,0,,0.15384615384615385,0.5873469387755103,0.4126530612244898,0.0,0.14056224899598393,0.07947019867549669,0.08256880733944955,0.1087378640776699,0.07142857142857142,44,0.24324324324324326,41,False,False,0.5126478429168156,0.05893920940122643,3.0384615384615383,3.269230769230769,26,,,,,,,-0.3423472819820324,20,4.83,1.45,141.2,5,13,117,45,0,0,0,27,SP,27,633,160,23.4,7.43,2.86,10.16,1.65,24.698356327539013,-0.0518537189847087,6,0.75,-13.0,7,7,1,1,0.0,3.237197110549126,0.07917005222508013,0.1850828729281768,0.2371638141809291,0.09290953545232274,0.4066666666666667,0.2701056603773585,0.30327868852459017,3.599,0.3801305989440312
678545,Osleivis Basabe,R,SF,6,Christian Scott,R,681035,823578,SF @ NYM,10:40 AM,06/09,Pre-Game,0.5712046306451873,,,,False,0010011011,live,0,0,0.0,0,0,0.1924389985626377,0.2908734416636994,0.33396297461946106,0.25582230945869794,0.17363468549670488,20,1,0.059561128526645774,0.949,61.0,C,0.28132250580046403,2.346178148827274,0.35282892761359275,0.2686326057448488,20,9,0,0.18181818181818182,0.2413793103448276,0.67382472431805,0.2942542077771329,0.03192106790481718,0.22818791946308725,0.23655913978494625,0.19285714285714287,0.2235142118863049,0.25806451612903225,67,0.15,44,False,False,0.5883140103862278,-0.01710937974104043,3.2903225806451615,3.5806451612903225,31,,,,,,,0.004794509350475414,20,3.8,1.31,94.2,4,4,113,44,0,0,0,20,SP,20,412,80,20.6,10.74,4.18,7.61,0.95,21.303820208754196,0.012220369354812521,8,0.8888888888888888,-14.0,7,6,0,1,0.0,3.6224013811888227,0.05358369596087827,0.22388059701492538,0.22018348623853212,0.05045871559633028,0.3660130718954248,0.272,0.21374045801526717,3.896,0.3256051255932507
671732,Lawrence Butler,L,ATH,4,Bryan Woo,R,693433,823091,ATH @ SEA,1:10 PM,06/09,Scheduled,0.5705225917748855,,,,False,1111111111,estimated,21,2,0.09523809523809523,1,2023,0.345411343762975,0.47910088990708904,0.6427004292582156,0.6077764901151468,0.32093247164508826,20,1,0.010007586979298405,0.906,60.0,C,0.27177700348432055,4.86508543077086,0.4360085325024542,0.2598740626328332,20,5,0,0.2247191011235955,0.2347266881028939,0.6637592673353685,0.27649367640645445,0.05974705625817706,0.20199225235196458,0.20496083550913838,0.23563218390804597,0.20910840282232201,0.22790697674418606,244,0.23783783783783785,217,False,False,0.5956397086510494,-0.025117116876163914,3.076923076923077,3.546153846153846,130,,,,,,,0.16745738202284818,20,4.25,1.09,148.1,10,9,149,31,0,0,0,26,SP,26,606,131,23.3,9.04,1.88,7.95,1.09,23.09331476589985,0.023934551082257394,7,0.875,-29.0,6,7,1,1,0.0,4.34294274344412,0.12716258182530465,0.23513513513513515,0.26229508196721313,0.117096018735363,0.4728682170542636,0.3496220930232558,0.2422360248447205,4.16,0.3703589734267625
665953,Andrés Chaparro,R,WSH,5,Justin Wrobleski,L,680736,823903,WSH @ LAD,7:10 PM,06/09,Scheduled,0.569857009993262,,,,False,0110111011,estimated,0,0,0.0,0,0,0.29330177541005176,0.3049220528442071,0.372847579448178,0.4435883003469915,0.2525227522244151,20,1,-0.03636363636363635,0.973,52.9,C,0.2760577915376677,3.9072424867278923,0.4344780236016922,0.23053284974270077,20,5,0,0.23636363636363636,0.2727272727272727,0.5862603305785123,0.3605371900826446,0.05320247933884298,0.2300556586270872,0.23357664233576642,0.18055555555555555,0.2197092084006462,0.1956521739130435,107,0.3225806451612903,73,False,False,0.5825932093614675,-0.01273619936820547,2.3333333333333335,2.727272727272727,66,,,,,,,0.024852464560862292,20,3.65,1.11,128.1,11,5,104,29,0,0,0,20,SP,22,526,113,23.9,7.29,2.03,7.92,1.4,23.384180051630423,-0.00010700999326207494,4,0.5,0.0,6,6,0,1,0.0,3.4294594088652324,0.09506604336351328,0.21172638436482086,0.23209169054441262,0.08595988538681948,0.4174041297935103,0.28090265486725663,0.23204419889502761,4.026,0.3403693296189292
687952,Christian Encarnacion-Strand,R,BAL,4,Payton Tolle,L,801139,824794,BOS @ BAL,10:35 AM,06/09,Pre-Game,0.5697330901390855,-133.0,138.0,57.0,False,1110010111,live,0,0,0.0,0,0,0.24619853532385313,0.2906354072952636,0.27310039151836063,0.35959745657269626,0.2676922567597408,20,1,-0.010432190760059579,1.044,88.9,A,0.28784860557768926,4.41265866444043,0.33305909194102884,0.29360410638027634,20,6,0,0.26229508196721313,0.2727272727272727,0.8762475049900199,0.09281437125748503,0.03093812375249501,0.2540834845735027,0.25,0.2543859649122807,0.2530795072788354,0.2898550724637681,75,0.2463768115942029,74,False,False,0.5854360764920605,-0.015702986352975068,3.3658536585365852,3.6341463414634148,41,,,,,,,-0.0796323702603625,20,3.23,1.1,131.0,8,6,147,37,0,0,0,23,SP,23,530,107,23.0,10.1,2.54,7.35,1.03,23.103770337838927,0.03042405271805748,7,0.7777777777777778,9.0,7,7,1,1,0.0,3.668972474069702,0.050902906611712734,0.23349056603773585,0.24561403508771928,0.043859649122807015,0.38461538461538464,0.2864326923076923,0.20699708454810495,4.16,0.33105914517761603
666126,Carlos Cortes,L,ATH,7,Bryan Woo,R,693433,823091,ATH @ SEA,1:10 PM,06/09,Scheduled,0.5691906899008932,,,,False,1010110111,estimated,0,0,0.0,0,0,0.2658488078583293,0.27578118828893283,0.33457894167433866,0.3947847848266721,0.2811112151281041,20,2,-0.027093596059113267,0.906,60.0,C,0.27177700348432055,4.86508543077086,0.4360085325024542,0.2598740626328332,20,5,0,0.2857142857142857,0.25862068965517243,0.6637592673353685,0.27649367640645445,0.05974705625817706,0.2717948717948718,0.24088748019017434,0.2515592515592516,0.26024096385542167,0.26256983240223464,204,0.2542372881355932,129,False,False,0.5854360764920605,-0.016245386591167366,2.8285714285714287,3.1714285714285713,105,,,,,,,0.0814622593204076,20,4.25,1.09,148.1,10,9,149,31,0,0,0,26,SP,26,606,131,23.3,9.04,1.88,7.95,1.09,23.09331476589985,0.009995024384821138,7,0.875,-29.0,6,7,1,1,0.0,3.3383689167223163,0.039610897068254804,0.25149700598802394,0.16666666666666666,0.07795698924731183,0.3805147058823529,0.2964877450980392,0.2422360248447205,3.76,0.3703589734267625
683357,Owen Caissie,L,MIA,3,Clay Holmes,R,605280,823822,CHC @ MIA,10:40 AM,06/09,Pre-Game,0.5691010829637272,,,,False,0111000100,live,0,0,0.0,0,0,0.1864029148868064,0.29352522664829606,0.3471121371990306,0.2623617438311633,0.30208755571292584,20,1,-0.03160919540229884,1.0,50.9,C,0.28060413354531,2.368989465345356,0.4211570615225241,0.1948301873452395,14,6,0,0.25,0.21839080459770116,0.6089030206677265,0.25357710651828297,0.13751987281399047,0.2070275403608737,0.19431988041853512,0.2543640897755611,0.2135831381733021,0.2222222222222222,191,0.2169811320754717,124,False,False,0.5620617834192111,0.007039299544516098,2.742574257425743,3.118811881188119,101,,,,,,,-0.07488153528747961,20,2.09,1.07,81.2,6,6,63,27,0,0,0,14,SP,14,326,60,23.3,6.94,2.98,6.61,0.44,23.173076775530568,9.891703627284976e-05,4,0.5714285714285714,39.0,7,7,0,1,0.0,2.890026215380475,0.1425470439292537,0.21671826625386997,0.36885245901639346,0.07923497267759563,0.42242907801418444,0.33440425531914897,0.2154696132596685,4.251,0.3103386463325803
694371,Tommy Troy,R,AZ,6,Peter Lambert,R,663567,824142,AZ @ HOU,11:10 AM,06/09,Pre-Game,0.5680824641214436,,,,False,0110011110,estimated,0,0,0.0,0,0,0.19632833037434314,0.33503748126433525,0.35096749136435224,0.278681036353859,0.2886054439727326,20,57,-0.1639747191011236,0.998,71.4,B,0.27256715103478646,2.2893136279074637,0.31516816291756444,0.23040278887374863,20,6,0,0.34375,0.1797752808988764,0.511238431026884,0.249008373732922,0.23975319524019392,0.20153061224489796,0.2,0.20512820512820512,0.20026178010471204,0.23529411764705882,73,0.20754716981132076,62,True,False,0.566228501942487,0.001853962178956614,3.27027027027027,3.6486486486486487,37,,,,,,,0.07897360839861464,20,3.66,1.24,132.2,8,7,131,56,0,0,0,24,SP,24,566,109,23.6,8.89,3.8,7.39,0.88,23.68509470794586,0.015367535878556438,2,0.2857142857142857,2.0,7,5,1,1,0.0,3.5640931414925427,0.09484070337575835,0.22727272727272727,0.23129251700680273,0.09523809523809523,0.30612244897959184,0.2942448979591837,0.2703862660944206,3.896,0.2955319357599289
680574,Matt Mclain,R,CIN,7,Kyle Harrison,L,690986,824469,MIL @ CIN,9:10 AM,06/09,Pre-Game,0.5679520744577923,,,,False,0100110011,live,0,0,0.0,0,0,0.15801253593367184,0.22262203189616026,0.3797932597551574,0.20101379628346658,0.24832005960189593,20,1,0.004210599575460217,1.083,79.7,B,0.31210191082802546,4.45787959247286,0.38184221980434474,0.28499141519372345,20,6,0,0.1941747572815534,0.18996415770609318,0.5953266064790228,0.3133297928836962,0.09134360063728093,0.20599022004889975,0.1796218487394958,0.18928571428571428,0.19575799721835882,0.2054794520547945,249,0.17177914110429449,189,False,False,0.5609591860125015,0.006992888445290779,3.3805309734513274,3.8761061946902653,113,,,,,,,-0.11833374105341259,20,3.45,1.2,107.0,10,4,130,29,0,0,0,22,SP,22,447,99,20.3,10.93,2.44,8.33,1.6,20.47514556757414,0.01283125887554104,6,0.75,16.0,7,6,1,1,0.0,3.952508246721051,0.03343175117967059,0.20099255583126552,0.2662337662337662,0.09956709956709957,0.38839285714285715,0.30284583333333337,0.24232081911262798,3.76,0.3125263180271999
690993,Colt Keith,L,DET,3,Gavin Williams,R,668909,824385,DET @ CLE,10:40 AM,06/09,Pre-Game,0.5679520744577923,-113.0,122.0,53.0,False,0000000101,live,11,4,0.36363636363636365,1,2024,0.25094896076264855,0.4142641139506088,0.4093910209336406,0.30762057772748785,0.2922321194653115,20,2,-0.07684918347742553,0.987,65.6,B,0.33409785932721714,5.152064436025254,0.4470910541844716,0.3640119965904112,20,5,0,0.3333333333333333,0.2564841498559078,0.49361702127659574,0.5063829787234042,0.0,0.2569352708058124,0.22743682310469315,0.2411764705882353,0.24619289340101522,0.2995391705069124,240,0.19117647058823528,148,False,False,0.6050829478498191,-0.03713087339202681,2.7578125,3.03125,128,,,,,,,-0.11049323351238964,20,3.81,1.09,163.0,13,7,217,50,0,0,0,28,SP,28,657,128,23.5,11.98,2.76,7.07,1.49,22.406326249702705,0.014167925542207693,5,0.625,9.0,7,7,1,1,0.0,2.4491843980410115,0.10540021379221702,0.24770642201834864,0.18888888888888888,0.075,0.4068211068211068,0.3419498069498069,0.1883656509695291,4.251,0.3317578572237036
669357,Nolan Gorman,L,STL,7,Tanner Gordon,R,685299,824309,STL @ COL,12:10 PM,06/09,Scheduled,0.5679520744577923,,,,False,0101000011,estimated,0,0,0.0,0,0,0.09821561498373384,0.21554307226531993,0.42902403747360507,0.18322933888593348,0.4767427707256815,20,1,0.11466570812365204,1.148,65.1,B,0.2716506291635825,5.3835290151171336,0.4126341853409992,0.19440136926735538,20,6,0,0.07692307692307693,0.19158878504672897,0.46463142218912884,0.3127326880119136,0.22263588979895757,0.1888268156424581,0.17662337662337663,0.15577889447236182,0.17734282325029657,0.20930232558139536,144,0.15306122448979592,113,False,False,0.4959511639219774,0.07200091053581487,3.1971830985915495,3.619718309859155,71,,,,,,,-0.23260915978652844,20,5.18,1.4,88.2,1,4,72,16,0,0,0,8,RP,20,383,108,19.1,7.31,1.62,10.96,1.73,19.725446887634202,-0.01516457445779229,8,0.8,3.0,5,6,1,1,0.0,3.0739877005504788,0.04251424852897123,0.18622448979591838,0.348993288590604,0.1029082774049217,0.41490112994350287,0.29476694915254237,0.291866028708134,3.76,0.34214759925742805
622268,Donovan Walton,L,ATH,6,Bryan Woo,R,693433,823091,ATH @ SEA,1:10 PM,06/09,Scheduled,0.5667291766539541,,,,False,1010100101,estimated,0,0,0.0,0,0,0.25747089494180997,0.33771620243341016,0.34769565282593884,0.30558293403804515,0.1447014599634846,20,1,0.07544910179640718,0.906,60.0,C,0.27177700348432055,4.86508543077086,0.4360085325024542,0.2598740626328332,20,5,0,0.2,0.2754491017964072,0.6637592673353685,0.27649367640645445,0.05974705625817706,0.2651646447140381,0.2379746835443038,0.2601880877742947,0.2559938128383604,0.27358490566037735,117,0.2676056338028169,91,False,False,0.5839878706302982,-0.017258693976344164,2.765625,3.25,64,,,,,,,0.01286438884571024,20,4.25,1.09,148.1,10,9,149,31,0,0,0,26,SP,26,606,131,23.3,9.04,1.88,7.95,1.09,23.09331476589985,0.009942251917474554,7,0.875,-29.0,6,7,1,1,0.0,3.347962531577019,0.12352862836825616,0.21753246753246752,0.16901408450704225,0.09295774647887324,0.3235887096774194,0.26136290322580646,0.2422360248447205,3.896,0.3703589734267625
805999,A. J. Ewing,L,NYM,8,Cesar Perdomo,L,702885,823578,SF @ NYM,10:40 AM,06/09,Pre-Game,0.5653547101206721,,,,False,1100011011,live,0,0,0.0,0,0,0.1909110842843464,0.3171958332829315,0.3292689719966118,0.2502484861765455,0.2686361973171213,20,1,0.010642135642135647,0.949,62.3,C,0.29310344827586204,,,,1,5,0,0.24675324675324675,0.2361111111111111,0.5344827586206896,0.39655172413793105,0.06896551724137931,0.20576407506702413,0.21972534332084895,0.23228346456692914,0.21469329529243938,0.25728155339805825,226,0.2138364779874214,187,True,True,0.5651580683069555,0.0001966418137165915,3.65,4.13,100,,,,,,,0.10179099909531261,20,2.25,1.0,4.0,0,0,4,1,0,0,0,0,RP,1,15,3,15.0,9.0,2.25,6.75,2.25,,-0.0017172101206720525,8,0.7272727272727273,-3.0,7,6,0,1,0.0,4.203931552274054,0.11797358738648717,0.23770491803278687,0.2632850241545894,0.09420289855072464,0.4182879377431907,0.3563657587548638,0.42857142857142855,3.599,0.31794051365812687
630105,Jake Cronenworth,L,SD,2,Gerrit Cole,R,543037,823253,NYY @ SD,1:10 PM,06/09,Scheduled,0.5651580683069555,,,,False,0101000000,estimated,0,0,0.0,0,0,0.11761150487172671,0.20265008091654646,0.1695140136049349,0.18756861831424687,0.2589526182446785,20,1,0.010317460317460336,0.954,64.0,C,0.29931120851596743,5.1637347609797715,0.44989896048628353,0.2623370841870568,18,5,0,0.20634920634920634,0.21666666666666667,0.5283982131461391,0.33312061263560944,0.13848117421825143,0.20718954248366014,0.21390374331550802,0.20243902439024392,0.20791683326669333,0.19444444444444445,204,0.24390243902439024,142,False,False,0.5907417448046565,-0.02558367649770099,3.4431818181818183,3.9318181818181817,88,,,,,,,-0.16563010629664485,20,3.29,1.11,104.0,8,7,110,22,0,0,0,18,SP,18,426,93,23.7,9.52,1.9,8.05,1.13,23.95231779818056,0.020813360264473113,7,1.0,2.0,6,6,0,1,0.0,3.901572363137342,0.11837996247423405,0.2135678391959799,0.22489082969432314,0.0982532751091703,0.34152542372881356,0.2876949152542373,0.2074688796680498,4.352,0.2804518688324367
686555,Isaac Collins,L,KC,7,Spencer Arrighetti,R,681293,824065,TOR @ KC,11:10 AM,06/09,Pre-Game,0.5642700620777866,,,,False,1011100000,estimated,0,0,0.0,0,0,0.133833458384034,0.22917917813027938,0.33483627156325113,0.17431163610312073,0.20267949253236572,20,1,0.045880398671096334,1.028,60.3,C,0.2823667252489748,1.5921399479354668,0.3076722457077645,0.20643086725367202,20,5,0,0.19,0.23588039867109634,0.4630715123094959,0.46600234466588514,0.070926143024619,0.21620011911852294,0.2181500872600349,0.2205029013539652,0.21781464118283447,0.22727272727272727,248,0.22099447513812154,220,False,False,0.5483784122903265,0.01589164978746016,3.1825396825396823,3.7142857142857144,126,,,,,,,-0.23379215280899734,20,4.82,1.34,99.0,7,8,97,55,0,0,0,18,SP,20,435,78,21.8,8.82,5.0,7.09,1.36,20.371622329110355,-2.0062077786597854e-05,6,0.6666666666666666,17.0,6,6,1,1,0.0,3.57088593527614,0.11538598491680142,0.225130890052356,0.21797752808988763,0.1146067415730337,0.3944444444444445,0.3067684210526316,0.22815533980582525,3.76,0.27080266338669884
806146,George Lombard,R,NYY,6,Mike King,R,650633,823253,NYY @ SD,1:10 PM,06/09,Scheduled,0.5637531921633384,,,,False,0110101000,estimated,0,0,0.0,0,0,0.1909088498712987,0.3082284981340357,0.4088540359167353,0.2647197670184785,0.3072008826940001,20,1,0.005341880341880323,0.954,73.1,B,0.2849462365591398,2.2901356931136574,0.3130938484357531,0.20620786119014986,20,6,0,0.23076923076923078,0.2361111111111111,0.47964669738863286,0.24923195084485408,0.27112135176651303,0.23563218390804597,0.24064171122994651,0.03571428571428571,0.2179054054054054,0.20454545454545456,51,0.2682926829268293,44,True,False,0.5698956435739148,-0.006142451410576344,3.4,3.8,25,,,,,,,0.009179903336425927,20,3.11,1.17,162.0,9,9,141,63,0,0,0,28,SP,28,662,126,23.6,7.83,3.5,7.0,1.0,24.30426042674492,-0.01059604930619551,7,0.7777777777777778,23.0,7,6,0,1,0.0,3.711639065072562,0.05322007321612982,0.21978021978021978,0.3137254901960784,0.0784313725490196,0.3531073446327683,0.34070338983050846,0.2171945701357466,3.896,0.300771294881161
696285,Jacob Young,R,WSH,8,Justin Wrobleski,L,680736,823903,WSH @ LAD,7:10 PM,06/09,Scheduled,0.563199628442255,,,,False,0110101010,estimated,0,0,0.0,0,0,0.25590860964596074,0.27723104174062896,0.16300431541725657,0.2958687594005996,0.1377588592585647,20,2,0.10226986128625473,0.973,52.9,C,0.2760577915376677,3.9072424867278923,0.4344780236016922,0.23053284974270077,20,5,0,0.3153846153846154,0.21311475409836064,0.5862603305785123,0.3605371900826446,0.05320247933884298,0.2535593220338983,0.21660649819494585,0.23426573426573427,0.23921417565485362,0.25339366515837103,248,0.24183006535947713,173,False,False,0.5637531921633384,-0.0005535637210833944,3.252173913043478,3.6608695652173915,115,,,,,,,-0.07032722256291446,20,3.65,1.11,128.1,11,5,104,29,0,0,0,20,SP,22,526,113,23.9,7.29,2.03,7.92,1.4,23.384180051630423,-0.013324628442255015,4,0.5,0.0,6,6,0,1,0.0,3.5046575183314124,0.16156464096791026,0.24484536082474226,0.16972477064220184,0.07568807339449542,0.31555201698513796,0.31180785562632696,0.23204419889502761,3.599,0.3403693296189292
682987,Spencer Jones,L,NYY,5,Mike King,R,650633,823253,NYY @ SD,1:10 PM,06/09,Scheduled,0.5609397497241785,,,,False,0011111011,estimated,0,0,0.0,0,0,0.342873226846325,0.5211193837740594,0.4420609143477561,0.5818746719984716,0.3877720504831267,20,1,-0.0912667191188041,0.954,73.1,B,0.2849462365591398,2.2901356931136574,0.3130938484357531,0.20620786119014986,20,6,0,0.3170731707317073,0.22580645161290322,0.47964669738863286,0.24923195084485408,0.27112135176651303,0.24916573971078976,0.23173277661795408,0.18478260869565216,0.23557692307692307,0.2727272727272727,132,0.2,88,True,False,0.5707414372591547,-0.009801687534976233,2.925373134328358,3.283582089552239,67,,,,,,,0.12107893501365592,20,3.11,1.17,162.0,9,9,141,63,0,0,0,28,SP,28,662,126,23.6,7.83,3.5,7.0,1.0,24.30426042674492,0.00456025027582152,7,0.7777777777777778,23.0,7,6,0,1,0.0,3.5894836852858005,0.04787404934317943,0.2570093457943925,0.345679012345679,0.09465020576131687,0.551923076923077,0.3631615384615384,0.2154696132596685,4.026,0.300771294881161
702222,Justin Crawford,L,PHI,8,Tyler Mahle,R,641816,823417,ATL @ PHI,10:10 AM,06/09,Pre-Game,0.5603271788371433,-117.0,122.0,54.0,False,0011011100,live,2,0,0.0,0,0,0.26941937693619283,0.24283966352732483,0.37183420192896394,0.32478208797212216,0.17077914768900418,20,2,0.06843657817109144,1.009,59.9,C,0.28063241106719367,3.535566680264905,0.413577878425222,0.2388771191693665,20,7,0,0.2,0.26843657817109146,0.655786350148368,0.06379821958456973,0.28041543026706234,0.25287356321839083,0.28252032520325204,0.25,0.25903614457831325,0.2849462365591398,202,0.24043715846994534,203,True,False,0.5544257243156712,0.005901454521472171,2.952,3.24,125,,,,,,,0.006003710914882047,20,4.25,1.29,125.0,5,10,121,42,0,0,0,23,SP,23,521,119,22.7,8.71,3.02,8.57,1.22,22.976701276945384,-0.006084321694286188,7,0.875,14.0,7,6,1,0,0.0,2.79592558220895,0.07453624939336742,0.26136363636363635,0.1731266149870801,0.06201550387596899,0.3631578947368421,0.3176526315789474,0.22692307692307692,3.599,0.3178049645701971
571970,Max Muncy,L,LAD,4,Andrew Alvarez,L,674841,823903,WSH @ LAD,7:10 PM,06/09,Scheduled,0.5602486039667399,,,,False,0100010000,estimated,0,0,0.0,0,0,0.1938636348181041,0.3005679855911079,0.464226372726541,0.2526852553618754,0.22787884833784372,20,2,-0.018108146873207137,0.973,50.0,C,0.2847548690396239,2.0181780787785657,0.4059214923402125,0.21911608321972473,20,7,0,0.2289156626506024,0.24702380952380953,0.42914707857622564,0.5218267293485561,0.049026192075218265,0.25624553890078516,0.2153153153153153,0.23439667128987518,0.2368746139592341,0.26495726495726496,267,0.21621621621621623,215,False,False,0.5807234297345436,-0.020474825767803684,3.2734375,3.765625,128,,,,,,,-0.029952547539192652,20,3.47,1.31,90.2,2,6,86,41,1,0,1,13,SP,21,382,78,18.2,8.54,4.07,7.74,0.5,19.45896681915335,0.004384729366593509,9,0.9,4.0,6,6,0,1,0.0,3.5385461939486134,0.1732533643560051,0.24296675191815856,0.24557522123893805,0.11504424778761062,0.44642857142857145,0.32746785714285714,0.22916666666666666,4.16,0.31807164837368607
699302,Héctor Rodríguez,L,CIN,9,Kyle Harrison,L,690986,824469,MIL @ CIN,9:10 AM,06/09,Pre-Game,0.5600228478502577,,,,False,1110111101,live,0,0,0.0,0,0,0.26547909463981745,0.33689742912765924,0.3513250609878327,0.46048186559997284,0.34502873369157,20,1,0.05042016806722688,1.083,79.7,B,0.31210191082802546,4.45787959247286,0.38184221980434474,0.28499141519372345,20,6,0,0.2857142857142857,0.23529411764705882,0.5953266064790228,0.3133297928836962,0.09134360063728093,0.26181818181818184,0.19047619047619047,0.21739130434782608,0.23346303501945526,0.2682926829268293,46,0.21951219512195122,44,True,False,0.5609591860125015,-0.0009363381622438105,3.4166666666666665,3.75,24,,,,,,,0.12512835310643697,20,3.45,1.2,107.0,10,4,130,29,0,0,0,22,SP,22,447,99,20.3,10.93,2.44,8.33,1.6,20.47514556757414,0.026493818816409,6,0.75,16.0,7,6,1,1,0.0,4.088637198600535,0.06837186661512389,0.25287356321839083,0.28421052631578947,0.07368421052631578,0.35,0.2764833333333333,0.23140495867768596,3.443,0.3125263180271999
624424,Michael Conforto,L,CHC,8,Tyler Phillips,R,663969,823822,CHC @ MIA,10:40 AM,06/09,Pre-Game,0.5591781703312084,,,,False,1110110011,live,0,0,0.0,0,0,0.34310786163392,0.399650466730211,0.45326143799728147,0.4444573481803718,0.24775126129173344,20,1,0.0,1.0,56.8,C,0.3016949152542373,1.9766361068952303,0.4017844583829151,0.2004844924970279,20,5,0,,0.2409090909090909,0.3344632768361582,0.4293785310734463,0.23615819209039549,0.21763085399449036,0.17938144329896907,0.18181818181818182,0.1972744970798183,0.21238938053097345,131,0.27102803738317754,126,False,False,0.534372183882668,0.024805986448540374,2.3157894736842106,2.705263157894737,95,,,,,,,0.07032119554511693,20,3.43,1.33,110.1,4,6,90,47,2,1,3,16,RP,33,471,100,14.3,7.34,3.83,8.16,1.14,18.320957535862984,-0.009915670331208326,8,0.8,13.0,7,7,0,1,0.0,2.8764296117580193,0.0784590125777239,0.25252525252525254,0.2616279069767442,0.10755813953488372,0.45652173913043476,0.3274927536231884,0.2576419213973799,3.599,0.31556027503183737
592626,Joc Pederson,L,TEX,1,Ian Seymour,L,693855,822848,TB @ TEX,11:35 AM,06/09,Scheduled,0.5579536419790019,,,,False,1100101101,estimated,0,0,0.0,0,0,0.20498525216857316,0.27810998591598024,0.6053603894572639,0.35300568628044704,0.2970349883388287,20,1,-0.23943661971830985,0.964,88.9,A,0.31883259911894274,4.92541659670065,0.351153917276036,0.30001436831416833,20,6,0,0.0,0.23943661971830985,0.4280955024986119,0.27540255413659076,0.29650194336479735,0.2396593673965937,0.2290748898678414,0.25880551301684535,0.24060850667494568,0.23931623931623933,273,0.23015873015873015,143,False,False,0.578461424106025,-0.02050778212702309,2.7906976744186047,3.2248062015503876,129,,,,,,,-0.12272567717320434,20,4.21,1.14,113.1,9,6,138,32,2,0,2,12,RP,42,470,97,11.2,10.96,2.54,7.7,1.59,20.44308756260814,0.006646358020998222,6,0.6666666666666666,-7.0,7,7,1,1,0.0,2.4751317685122722,0.043199186144784775,0.24404761904761904,0.24484536082474226,0.10824742268041238,0.504149377593361,0.35035684647302906,0.24342105263157895,4.443,0.28864495039964605
669221,Sean Murphy,R,ATL,7,Aaron Nola,R,605400,823417,ATL @ PHI,10:10 AM,06/09,Pre-Game,0.5572822965302273,-100.0,104.0,50.0,False,0110111110,live,11,3,0.2727272727272727,1,2022,0.251196406402725,0.38843079504776934,0.49322652086277313,0.4153270318412502,0.31627366333794277,19,2,0.22619047619047616,1.009,66.7,B,0.30260598988720344,3.2447181702024865,0.4141941219307035,0.25816383937815424,20,6,0,0.10714285714285714,0.3333333333333333,0.49804839968774395,0.33879781420765026,0.16315378610460576,0.1746031746031746,0.1111111111111111,0.10714285714285714,0.15538847117794485,0.1891891891891892,40,0.2962962962962963,30,False,False,0.5525742027270493,0.004708093803178048,3.3684210526315788,3.6842105263157894,19,,,,,,,0.11006903912638027,19,4.93,1.4,148.0,6,10,157,51,0,0,0,28,SP,28,638,156,22.8,9.55,3.1,9.49,1.95,23.067197082710535,-0.0020322965302272955,8,1.0,3.0,7,6,1,0,0.0,3.796427836317121,0.12341224797633056,0.19788918205804748,0.31880733944954126,0.10321100917431193,0.41770833333333335,0.31349583333333336,0.28205128205128205,3.76,0.2766955114667435
663586,Austin Riley,R,ATL,8,Aaron Nola,R,605400,823417,ATL @ PHI,10:10 AM,06/09,Pre-Game,0.5567730850215032,-127.0,133.0,56.0,False,0100110111,live,39,13,0.3333333333333333,1,2022,0.2261495135261047,0.381242823208298,0.4335869543825888,0.3690524196399995,0.35439819555219865,20,1,0.000989030749865144,1.009,66.7,B,0.30260598988720344,3.2447181702024865,0.4141941219307035,0.25816383937815424,20,6,0,0.22289156626506024,0.22388059701492538,0.49804839968774395,0.33879781420765026,0.16315378610460576,0.21239788563190773,0.20672268907563024,0.22709163346613545,0.2130757014293277,0.21739130434782608,306,0.2311111111111111,251,False,False,0.5530834142357733,0.003689670785729904,3.5785714285714287,3.9785714285714286,140,,,,,,,0.04097547283153382,20,4.93,1.4,148.0,6,10,157,51,0,0,0,28,SP,28,638,156,22.8,9.55,3.1,9.49,1.95,23.067197082710535,-0.0011980850215032035,8,1.0,3.0,7,6,1,0,0.0,3.7502416380601318,0.049334848230096796,0.22065727699530516,0.3361522198731501,0.06765327695560254,0.4488139825218477,0.3297415730337079,0.28205128205128205,3.599,0.2766955114667435
695681,Christian Moore,R,LAA,6,Paul Skenes,R,694973,823336,LAA @ PIT,10:35 AM,06/09,Pre-Game,0.5549792880367544,,,,False,1010111000,live,0,0,0.0,0,0,0.13791665034692432,0.29065318251544026,0.3404007927773666,0.23570984328096206,0.29431640198690023,19,1,0.17193675889328064,1.013,49.4,D,0.27651060424169666,3.004469633280873,0.4175013111219257,0.27396523343572704,20,5,0,0.045454545454545456,0.21739130434782608,0.524609843937575,0.23689475790316125,0.2384953981592637,0.14790996784565916,0.09803921568627451,0.029411764705882353,0.12449799196787148,0.1111111111111111,41,0.21875,34,False,False,0.5609591860125015,-0.0059798979757470505,3.5789473684210527,3.9473684210526314,19,,,,,,,-0.13440404592323912,19,3.97,1.16,149.2,9,11,179,44,0,0,0,28,SP,28,619,129,22.1,10.76,2.65,7.76,0.9,22.76372610350044,0.010334997677531321,7,0.7,-2.0,6,6,1,1,0.0,3.9520129748521216,0.062316965542782314,0.18333333333333332,0.3333333333333333,0.08888888888888889,0.3622222222222222,0.3036577777777778,0.23809523809523808,3.896,0.2907612680996467
656775,Cedric Mullins,L,TB,7,Mackenzie Gore,L,669022,822848,TB @ TEX,11:35 AM,06/09,Scheduled,0.5530834142357733,,,,False,0111011001,estimated,7,2,0.2857142857142857,1,2023,0.17264316156336926,0.26364366218498003,0.38344027957824134,0.19506023487442914,0.11882248377400424,20,1,0.02105867713219106,0.964,60.2,C,0.2724528301886792,2.8857001987365507,0.3785306163190799,0.25047992654841056,20,5,0,0.22580645161290322,0.20474777448071216,0.5867019267094824,0.2859841329807329,0.12731394030978466,0.19813519813519814,0.20926966292134833,0.18980169971671387,0.20071301247771836,0.2146118721461187,254,0.2,208,False,False,0.5590633122115204,-0.0059798979757470505,3.3529411764705883,3.8823529411764706,119,,,,,,,-0.020663830194608757,20,4.31,1.29,154.2,8,10,169,60,0,0,0,29,SP,29,664,140,22.9,9.83,3.49,8.15,1.05,23.297243666754525,-0.0006667475691066738,6,0.6,10.0,7,7,1,1,0.0,3.3913768032028653,0.12892167373602095,0.20544554455445543,0.18843683083511778,0.08993576017130621,0.32178270042194096,0.24378322784810127,0.25170068027210885,3.76,0.33367417839591434
683227,Cody Freeman,R,TEX,8,Ian Seymour,L,693855,822848,TB @ TEX,11:35 AM,06/09,Scheduled,0.5523998704013731,,,,False,0011111000,estimated,0,0,0.0,0,0,0.20765065973260832,0.20098996357923768,0.20984728510718884,0.25355792051683246,0.1111811193537661,20,1,0.10180995475113122,0.964,88.9,A,0.31883259911894274,4.92541659670065,0.351153917276036,0.30001436831416833,20,6,0,0.29411764705882354,0.19230769230769232,0.4280955024986119,0.27540255413659076,0.29650194336479735,0.28688524590163933,0.33636363636363636,0.30303030303030304,0.2980392156862745,0.34210526315789475,44,0.1794871794871795,44,False,False,0.5948793156908302,-0.04247944528945713,2.8518518518518516,3.259259259259259,27,,,,,,,0.07933841590854121,20,4.21,1.14,113.1,9,6,138,32,2,0,2,12,RP,42,470,97,11.2,10.96,2.54,7.7,1.59,20.44308756260814,0.023666796265293555,6,0.6666666666666666,-7.0,7,7,1,1,0.0,3.638725575721454,0.08700077842249014,0.23834196891191708,0.15165876777251186,0.05687203791469194,0.2489648033126294,0.2596262939958592,0.2029520295202952,3.599,0.28864495039964605
665750,Leody Taveras,L,BAL,7,Payton Tolle,L,801139,824794,BOS @ BAL,10:35 AM,06/09,Pre-Game,0.5523998704013731,104.0,104.0,49.0,False,1100100000,live,0,0,0.0,0,0,0.13538114389427697,0.23878436913710535,0.3807355323782235,0.16724282729615672,0.3489024582056003,20,2,-0.0467436974789916,1.044,88.9,A,0.28784860557768926,4.41265866444043,0.33305909194102884,0.29360410638027634,20,6,0,0.18487394957983194,0.23161764705882354,0.8762475049900199,0.09281437125748503,0.03093812375249501,0.19468390804597702,0.2096128170894526,0.1794871794871795,0.19545287862119545,0.22596153846153846,235,0.20765027322404372,207,False,False,0.5518967970191344,0.0005030733822386502,3.2583333333333333,3.683333333333333,120,,,,,,,-0.21737933029224443,20,3.23,1.1,131.0,8,6,147,37,0,0,0,23,SP,23,530,107,23.0,10.1,2.54,7.35,1.03,23.103770337838927,0.02220012959862705,7,0.7777777777777778,9.0,7,7,1,1,0.0,3.815582054017584,0.08207003845946477,0.21739130434782608,0.25565610859728505,0.09049773755656108,0.3384292565947242,0.29476258992805754,0.2517482517482518,3.76,0.33105914517761603
680700,Richie Palacios,L,TB,8,Mackenzie Gore,L,669022,822848,TB @ TEX,11:35 AM,06/09,Scheduled,0.5510954119620631,,,,False,0000011011,estimated,0,0,0.0,0,0,0.1876832852385555,0.2493091249584544,0.26526251710843834,0.21183408300445655,0.08516269993746357,20,1,0.010337230977800371,0.964,60.2,C,0.2724528301886792,2.8857001987365507,0.3785306163190799,0.25047992654841056,20,5,0,0.23809523809523808,0.2277580071174377,0.5867019267094824,0.2859841329807329,0.12731394030978466,0.2551662174303684,0.20606060606060606,0.24250681198910082,0.23809523809523808,0.2413793103448276,200,0.2109375,149,False,False,0.5544257243156712,-0.0033303123536080337,2.9320388349514563,3.3883495145631066,103,,,,,,,0.04493000295038529,20,4.31,1.29,154.2,8,10,169,60,0,0,0,29,SP,29,664,140,22.9,9.83,3.49,8.15,1.05,23.297243666754525,-0.0002287452953964042,6,0.6,10.0,7,7,1,1,0.0,3.581048675284666,0.04255742418759105,0.2316715542521994,0.17468354430379746,0.11139240506329114,0.2956495098039216,0.30407077205882355,0.25170068027210885,3.599,0.33367417839591434
664728,Kyle Isbel,L,KC,9,Spencer Arrighetti,R,681293,824065,TOR @ KC,11:10 AM,06/09,Pre-Game,0.5502268420212172,,,,False,1010100100,estimated,0,0,0.0,0,0,0.20021078273051587,0.28411566896382884,0.24313944202301052,0.2992594088210815,0.29515052908919437,20,1,0.19772417817545224,1.028,60.3,C,0.2823667252489748,1.5921399479354668,0.3076722457077645,0.20643086725367202,20,5,0,0.07547169811320754,0.27319587628865977,0.4630715123094959,0.46600234466588514,0.070926143024619,0.23427331887201736,0.18615751789976134,0.2554347826086957,0.22331368696791093,0.23134328358208955,144,0.23008849557522124,129,False,False,0.5323776751956534,0.01784916682556381,3.049382716049383,3.3703703703703702,81,,,,,,,-0.030134328752770632,20,4.82,1.34,99.0,7,8,97,55,0,0,0,18,SP,20,435,78,21.8,8.82,5.0,7.09,1.36,20.371622329110355,0.003706491312116089,6,0.6666666666666666,17.0,6,6,1,1,0.0,3.4154849338672175,0.037343991227475226,0.24355300859598855,0.2,0.06666666666666667,0.36900369003690037,0.28464944649446494,0.22815533980582525,3.443,0.27080266338669884
813841,Jonah Cox,R,SF,4,Christian Scott,R,681035,823578,SF @ NYM,10:40 AM,06/09,Pre-Game,0.5497801427556118,,,,False,1010110011,live,0,0,0.0,0,0,0.29718475241877207,0.30143657231372506,0.4538985178819118,0.46240264709072537,0.37631227134736994,20,1,0.03748006379585328,0.949,61.0,C,0.28132250580046403,2.346178148827274,0.35282892761359275,0.2686326057448488,20,9,0,0.2807017543859649,0.3181818181818182,0.67382472431805,0.2942542077771329,0.03192106790481718,0.2920634920634921,0.23357664233576642,0.2638888888888889,0.2824858757062147,0.2857142857142857,46,0.2972972972972973,41,True,False,0.5690225080933239,-0.019242365337712064,2.393939393939394,2.6363636363636362,33,,,,,,,-0.034615278768387256,20,3.8,1.31,94.2,4,4,113,44,0,0,0,20,SP,20,412,80,20.6,10.74,4.18,7.61,0.95,21.303820208754196,0.011882357244388242,8,0.8888888888888888,-14.0,7,6,0,1,0.0,3.1016866534251313,0.08161740796132123,0.2911392405063291,0.40229885057471265,0.05747126436781609,0.4659090909090909,0.36593181818181814,0.21374045801526717,4.16,0.3256051255932507
650859,Luis Rengifo,L,SD,7,Gerrit Cole,R,543037,823253,NYY @ SD,1:10 PM,06/09,Scheduled,0.5497801427556118,,,,False,1110100100,estimated,0,0,0.0,0,0,0.20308827495713588,0.3298172132926331,0.32961267627863217,0.28286083359086517,0.23782214906724447,20,8,-0.03376068376068378,0.954,64.0,C,0.29931120851596743,5.1637347609797715,0.44989896048628353,0.2623370841870568,18,5,0,0.26153846153846155,0.22777777777777777,0.5283982131461391,0.33312061263560944,0.13848117421825143,0.2365079365079365,0.22872340425531915,0.20652173913043478,0.23265306122448978,0.23595505617977527,196,0.25,156,False,False,0.5789647013106924,-0.02918455855508062,3.3333333333333335,3.78494623655914,93,,,,,,,0.06604884112725656,20,3.29,1.11,104.0,8,7,110,22,0,0,0,18,SP,18,426,93,23.7,9.52,1.9,8.05,1.13,23.95231779818056,0.018177000101531116,7,1.0,2.0,6,6,0,1,0.0,3.5215656052298425,0.08050703601384261,0.23096446700507614,0.14772727272727273,0.08409090909090909,0.32877406281661603,0.28112158054711245,0.2074688796680498,3.76,0.2804518688324367
701358,Cam Smith,R,HOU,8,Eduardo Rodríguez,L,593958,824142,AZ @ HOU,11:10 AM,06/09,Pre-Game,0.5490558179982413,,,,False,0000101001,estimated,0,0,0.0,0,0,0.1398643694062445,0.2981418039540589,0.3880199131732379,0.2664687558875674,0.31731887921362256,20,1,0.006996002284408914,0.998,63.6,C,0.2557879014189694,2.514271647863477,0.30010281200318834,0.18739821790415165,20,5,0,0.22058823529411764,0.21359223300970873,0.6121076233183856,0.12144992526158445,0.26644245142002987,0.2224128073184677,0.2163265306122449,0.18840579710144928,0.21571512654502648,0.21285140562248997,274,0.2193877551020408,221,False,False,0.5203512939541487,0.028704524044092627,3.3969465648854964,3.7786259541984735,131,,,,,,,-0.1801922357645086,20,2.59,1.22,167.0,14,5,122,55,0,0,0,28,SP,28,686,148,24.5,6.57,2.96,7.98,0.75,24.621948333496864,-0.0325458179982413,10,1.0,26.0,7,7,1,1,0.0,3.051343539348431,0.032097037470874244,0.20588235294117646,0.24833702882483372,0.06651884700665188,0.4469594594594595,0.3269594594594595,0.22706422018348624,3.599,0.2864087484668107
703601,Max Clark,L,DET,8,Gavin Williams,R,668909,824385,DET @ CLE,10:40 AM,06/09,Pre-Game,0.5483784122903265,-104.0,117.0,51.0,False,1011001101,live,0,0,0.0,0,0,0.2794190902999102,0.3961043115369207,0.4859076309913942,0.366236241214713,0.1887986781502208,20,2,-0.10360360360360357,0.987,65.6,B,0.33409785932721714,5.152064436025254,0.4470910541844716,0.3640119965904112,20,5,0,0.3333333333333333,0.22972972972972974,0.49361702127659574,0.5063829787234042,0.0,0.24761904761904763,0.31666666666666665,0.23157894736842105,0.25675675675675674,0.25925925925925924,62,0.2711864406779661,64,True,False,0.581392435729121,-0.03301402343879456,3.53125,3.9375,32,,,,,,,0.05288826765090581,20,3.81,1.09,163.0,13,7,217,50,0,0,0,28,SP,28,657,128,23.5,11.98,2.76,7.07,1.49,22.406326249702705,0.01902158770967355,5,0.625,9.0,7,7,1,1,0.0,3.713489579196544,0.05069420794097402,0.26495726495726496,0.20454545454545456,0.07575757575757576,0.4111111111111111,0.3609,0.1883656509695291,3.599,0.3317578572237036
545341,Randal Grichuk,R,CWS,9,Bailey Ober,R,641927,824552,MIN @ CWS,3:20 PM,06/09,Scheduled,0.5470613093112268,,,,False,0000010001,estimated,0,0,0.0,0,0,0.18484685250013816,0.28667054277372556,0.5206550249872667,0.25865536195177347,0.3120851597581242,20,1,-0.12926640926640925,0.968,57.2,C,0.25598219254312743,2.4991456687425444,0.3763314229844854,0.16606192634886438,20,8,0,0.2914285714285714,0.16216216216216217,0.3500278241513634,0.3094045631608236,0.34056761268781305,0.2493975903614458,0.27823691460055094,0.33755274261603374,0.27132867132867133,0.2897196261682243,112,0.24761904761904763,110,False,False,0.5357079875492614,0.011353321761965351,2.2083333333333335,2.3125,96,,,,,,,-0.1533573598256211,20,4.37,1.24,113.1,7,4,79,31,0,0,0,21,SP,21,477,109,22.7,6.27,2.46,8.66,1.43,22.738939747461945,-0.022905753755671276,9,1.0,-6.0,5,7,0,1,0.0,1.9808123972103848,0.042506728117271735,0.24535315985130113,0.2332155477031802,0.0353356890459364,0.47413793103448276,0.333,0.25773195876288657,3.443,0.31951652380369056
669394,Jake Burger,R,TEX,6,Ian Seymour,L,693855,822848,TB @ TEX,11:35 AM,06/09,Scheduled,0.5464825384893454,-127.0,133.0,56.0,False,1011100111,estimated,0,0,0.0,0,0,0.3072360606191539,0.3788466395036133,0.4688422663415075,0.36600035618850957,0.23481626292254842,20,1,-0.00984309521489135,0.964,88.9,A,0.31883259911894274,4.92541659670065,0.351153917276036,0.30001436831416833,20,6,0,0.22580645161290322,0.23564954682779457,0.4280955024986119,0.27540255413659076,0.29650194336479735,0.20559680182752713,0.2052980132450331,0.20956719817767655,0.20464725643896978,0.20748299319727892,322,0.2708333333333333,214,False,False,0.5883140103862278,-0.04183147189688241,3.6,3.9703703703703703,135,,,,,,,0.1308953748885273,20,4.21,1.14,113.1,9,6,138,32,2,0,2,12,RP,42,470,97,11.2,10.96,2.54,7.7,1.59,20.44308756260814,0.03345079484398794,6,0.6666666666666666,-7.0,7,7,1,1,0.0,3.823093065589203,0.11057794563040091,0.23529411764705882,0.2584745762711864,0.08686440677966102,0.4580858085808581,0.32534158415841585,0.2029520295202952,3.896,0.28864495039964605
699013,Esmerlyn Valdez,R,PIT,6,Walbert Ureña,R,700712,823336,LAA @ PIT,10:35 AM,06/09,Pre-Game,0.546320950429485,,,,False,0101101100,live,0,0,0.0,0,0,0.19134691948782176,0.38273080113641256,0.5316403597071319,0.38555067927242065,0.457065492062664,20,1,0.0009263547938860583,1.013,65.4,B,0.2856466129796305,1.9532457611556198,0.3677829018640241,0.23524410783089064,20,6,0,0.23529411764705882,0.23622047244094488,0.5220902612826603,0.14346793349168646,0.3344418052256532,0.21639042357274402,0.2125,0.19435736677115986,0.21370558375634519,0.23880597014925373,162,0.23157894736842105,111,True,True,0.5431774332365353,0.0031435171929496963,3.3676470588235294,4.014705882352941,68,,,,,,,0.06659671563752485,20,2.85,1.26,123.1,9,9,120,64,0,0,0,23,SP,25,525,91,21.0,8.76,4.67,6.64,0.58,22.042248826852774,0.007979049570514873,8,0.8888888888888888,-5.0,7,6,1,1,0.0,4.270668025456642,0.11370823150850502,0.23809523809523808,0.3804347826086957,0.14855072463768115,0.48346560846560843,0.357984126984127,0.19095477386934673,3.896,0.3411795166911076
678391,Jorbit Vivas,L,WSH,7,Justin Wrobleski,L,680736,823903,WSH @ LAD,7:10 PM,06/09,Scheduled,0.545213708339923,,,,False,1001110100,estimated,0,0,0.0,0,0,0.21779569670720453,0.24938450234277856,0.14765162797967069,0.2360467109117067,0.09342519144938898,20,1,-0.02147509241330753,0.973,52.9,C,0.2760577915376677,3.9072424867278923,0.4344780236016922,0.23053284974270077,20,5,0,0.21739130434782608,0.2388663967611336,0.5862603305785123,0.3605371900826446,0.05320247933884298,0.20125130344108447,0.20952380952380953,0.1858974358974359,0.20058997050147492,0.21621621621621623,179,0.26229508196721313,142,False,False,0.5612023848230493,-0.015988676483126296,2.5961538461538463,3.0865384615384617,104,,,,,,,-0.1346837130889804,20,3.65,1.11,128.1,11,5,104,29,0,0,0,20,SP,22,526,113,23.9,7.29,2.03,7.92,1.4,23.384180051630423,0.017836291660077053,4,0.5,0.0,6,6,0,1,0.0,3.4056137951171004,0.14323233654042325,0.23469387755102042,0.1346704871060172,0.11174785100286533,0.22705802968960864,0.2821862348178138,0.2283464566929134,3.76,0.3403693296189292
676609,José Caballero,R,NYY,8,Mike King,R,650633,823253,NYY @ SD,1:10 PM,06/09,Scheduled,0.5443033719827041,,,,False,1101110010,estimated,0,0,0.0,0,0,0.18216124966634692,0.30866180948079697,0.2560429009386379,0.2519400901162302,0.26923779450617386,20,1,0.0015278838808250594,0.954,73.1,B,0.2849462365591398,2.2901356931136574,0.3130938484357531,0.20620786119014986,20,6,0,0.23376623376623376,0.23529411764705882,0.47964669738863286,0.24923195084485408,0.27112135176651303,0.21920821114369501,0.19509043927648578,0.22895622895622897,0.21292157659488012,0.21693121693121692,209,0.25268817204301075,206,False,False,0.5591781703312084,-0.014874798348504359,3.260869565217391,3.608695652173913,115,,,,,,,-0.11421294124227134,20,3.11,1.17,162.0,9,9,141,63,0,0,0,28,SP,28,662,126,23.6,7.83,3.5,7.0,1.0,24.30426042674492,-0.009574800554132623,7,0.7777777777777778,23.0,7,6,0,1,0.0,3.6934319103267224,0.05722836038130292,0.2345360824742268,0.2372093023255814,0.06279069767441861,0.26165501165501165,0.3071590909090909,0.2171945701357466,3.599,0.300771294881161
641487,J. P. Crawford,L,SEA,8,Gage Jump,L,695611,823091,ATH @ SEA,1:10 PM,06/09,Scheduled,0.5431731451414993,,,,False,0010111111,estimated,0,0,0.0,0,0,0.342810411728171,0.2989892666607989,0.3237508431519877,0.41283203024998655,0.1940978021885807,20,1,0.02515243902439024,0.906,38.4,D,0.2823960880195599,2.073347708860085,0.408192676720294,0.24117857384937513,18,6,0,0.24390243902439024,0.21875,0.5153374233128835,0.3932515337423313,0.09141104294478528,0.2209915611814346,0.2223667100130039,0.26988636363636365,0.2271523178807947,0.2318840579710145,248,0.21374045801526717,159,False,True,0.5525742027270493,-0.009401057585549988,3.484536082474227,4.195876288659794,97,,,,,,,0.03682874984758645,20,5.15,1.49,92.2,6,9,99,45,0,0,0,18,SP,18,407,93,22.6,9.62,4.37,9.03,0.97,22.72324368511548,0.001412569144215059,7,0.7,-10.0,5,7,1,1,0.0,4.047551303912061,0.19072575603734335,0.2246376811594203,0.1975806451612903,0.1350806451612903,0.354957805907173,0.32025,0.2558139534883721,3.599,0.3472891509021675
665862,Jazz Chisholm,L,NYY,7,Mike King,R,650633,823253,NYY @ SD,1:10 PM,06/09,Scheduled,0.5423088632956895,-117.0,122.0,54.0,False,1110011100,estimated,5,2,0.4,1,2023,0.31499681313035643,0.32573607662420334,0.43430623466581636,0.3967171283608041,0.2353901629118,20,2,0.031393129770992345,0.954,73.1,B,0.2849462365591398,2.2901356931136574,0.3130938484357531,0.20620786119014986,20,6,0,0.20610687022900764,0.2375,0.47964669738863286,0.24923195084485408,0.27112135176651303,0.21285140562248997,0.19919517102615694,0.22959183673469388,0.21203953279424978,0.2157676348547718,270,0.24285714285714285,241,False,False,0.5572400895814277,-0.014931226285738175,3.4692307692307693,3.9307692307692306,130,,,,,,,0.08216115757590063,20,3.11,1.17,162.0,9,9,141,63,0,0,0,28,SP,28,662,126,23.6,7.83,3.5,7.0,1.0,24.30426042674492,0.005191136704310595,7,0.7777777777777778,23.0,7,6,0,1,0.0,3.856584197119712,0.12864340395827528,0.23300970873786409,0.2942430703624733,0.1023454157782516,0.4394768856447689,0.327478102189781,0.2154696132596685,3.76,0.300771294881161
694378,Jacob Gonzalez,L,PIT,8,Walbert Ureña,R,700712,823336,LAA @ PIT,10:35 AM,06/09,Pre-Game,0.5423088632956895,,,,False,0000011101,live,0,0,0.0,0,0,0.27320648935286157,0.3339966741666539,0.4093029508449515,0.3365162900352211,0.2220004408574873,20,2,0.011147811725846418,1.013,65.4,B,0.2856466129796305,1.9532457611556198,0.3677829018640241,0.23524410783089064,20,6,0,0.21428571428571427,0.2254335260115607,0.5220902612826603,0.14346793349168646,0.3344418052256532,0.1880920162381597,0.21515151515151515,0.19455252918287938,0.19479553903345725,0.16981132075471697,115,0.2962962962962963,88,True,True,0.5389785509420814,0.0033303123536081447,2.6714285714285713,2.9,70,,,,,,,-0.057632482907409056,20,2.85,1.26,123.1,9,9,120,64,0,0,0,23,SP,25,525,91,21.0,8.76,4.67,6.64,0.58,22.042248826852774,-0.00409636329568952,8,0.8888888888888888,-5.0,7,6,1,1,0.0,2.5344486247252074,0.02410685537434576,0.22797927461139897,0.19047619047619047,0.047619047619047616,0.37037037037037035,0.3086339869281046,0.21052631578947367,3.599,0.3411795166911076
663728,Cal Raleigh,L,SEA,4,Gage Jump,L,695611,823091,ATH @ SEA,1:10 PM,06/09,Scheduled,0.5422952354025449,-117.0,127.0,54.0,False,1001111111,estimated,0,0,0.0,0,0,0.35161170686551907,0.42224022365974034,0.6738568780583636,0.504902969767641,0.2542757026443352,20,1,-0.02340624999999999,0.906,38.4,D,0.2823960880195599,2.073347708860085,0.408192676720294,0.24117857384937513,18,6,0,0.168,0.19140625,0.5153374233128835,0.3932515337423313,0.09141104294478528,0.17547806524184478,0.19047619047619047,0.1796116504854369,0.18035768414671113,0.20425531914893616,271,0.1506849315068493,176,False,True,0.5570035025285953,-0.014708267126050445,3.560747663551402,4.177570093457944,107,,,,,,,0.19687947994596738,20,5.15,1.49,92.2,6,9,99,45,0,0,0,18,SP,18,407,93,22.6,9.62,4.37,9.03,0.97,22.72324368511548,0.01000476459745514,7,0.7,-10.0,5,7,1,1,0.0,4.054224390684296,0.1880547623419349,0.1888111888111888,0.31610337972166996,0.12524850894632206,0.3993827160493827,0.2899481481481482,0.2558139534883721,4.16,0.3472891509021675
703492,Nick Morabito,R,NYM,7,Cesar Perdomo,L,702885,823578,SF @ NYM,10:40 AM,06/09,Pre-Game,0.5389785509420814,,,,False,0000010,live,0,0,0.0,0,0,0.16344499697828682,0.5293280821024499,0.5220141919472157,0.2139254416607482,0.4276793563585242,7,2,-0.3333333333333333,0.949,62.3,C,0.29310344827586204,,,,1,5,0,0.0,0.3333333333333333,0.5344827586206896,0.39655172413793105,0.06896551724137931,0.05555555555555555,0.07692307692307693,0.15789473684210525,0.07692307692307693,0.0,10,0.2,11,True,True,0.5365722693950713,0.0024062815470100585,2.4285714285714284,3.0,7,,,,,,,-0.24999378277518622,7,2.25,1.0,4.0,0,0,4,1,0,0,0,0,RP,1,15,3,15.0,9.0,2.25,6.75,2.25,,-0.0004785509420813794,8,0.7272727272727273,-3.0,7,6,0,1,0.0,3.002306236121658,0.043936827144700756,,,,,,0.0,3.76,0.31794051365812687
691728,Zac Veen,L,COL,9,Kyle Leahy,R,681517,824309,STL @ COL,12:10 PM,06/09,Scheduled,0.5389785509420814,,,,False,0010001100,estimated,0,0,0.0,0,0,0.23464984705114916,0.33715220601690143,0.3984320794050123,0.43219386564479195,0.42176045795905676,20,1,0.0,1.148,57.2,C,0.27234440804866633,4.350657273579316,0.45644277122590754,0.24639445871419782,20,8,0,,0.24324324324324326,0.39325842696629215,0.46348314606741575,0.14325842696629212,0.23770491803278687,0.26785714285714285,0.15555555555555556,0.22869955156950672,0.3,23,0.17647058823529413,21,False,False,0.49228705398452854,0.046691496957552814,1.85,2.2,20,,,,,,,-0.22376768853674397,20,3.13,1.31,129.1,10,4,118,38,0,0,0,26,SP,26,545,131,21.0,8.21,2.64,9.12,0.9,19.75848976124544,-0.025158550942081415,5,0.5555555555555556,-6.0,5,6,1,1,0.0,2.0894823747828775,0.08228036926210938,0.21929824561403508,0.36220472440944884,0.06299212598425197,0.3235294117647059,0.16308823529411764,0.30739299610894943,3.443,0.36171341554562253
690984,Petey Halpin,L,CLE,8,Jackson Jobe,R,695549,824385,DET @ CLE,10:40 AM,06/09,Pre-Game,0.5389785509420814,-122.0,133.0,55.0,False,0110111000,live,0,0,0.0,0,0,0.19307704365904932,0.31125527724273017,0.14935055359372357,0.2461800132038779,0.180020717749123,20,1,0.17784749034749037,0.987,37.7,D,0.2200488997555012,1.8781294024742143,0.40454922834870877,0.18570067690100311,5,6,0,0.08108108108108109,0.25892857142857145,0.5232273838630807,0.3594132029339853,0.11735941320293398,0.2157258064516129,0.16080402010050251,0.25210084033613445,0.20559610705596107,0.2608695652173913,76,0.175,87,False,False,0.535090386772354,0.0038881641697273706,2.6607142857142856,2.9107142857142856,56,,,,,,,-0.010008284378595836,20,4.63,1.46,23.1,1,2,19,10,0,0,0,5,SP,5,104,24,20.8,7.33,3.86,9.26,1.54,20.970867943891573,-0.003178550942081304,9,0.9,-1.0,6,7,1,1,0.0,3.004385534185391,0.04168491421638011,0.21341463414634146,0.20441988950276244,0.049723756906077346,0.23359580052493437,0.29648818897637796,0.21428571428571427,3.599,0.3068904473498293
683766,Christian Koss,R,SF,9,Christian Scott,R,681035,823578,SF @ NYM,10:40 AM,06/09,Pre-Game,0.5383997801202001,,,,False,0100011011,live,0,0,0.0,0,0,0.21465949985571006,0.2859025944543701,0.30920086823235504,0.3183791680602858,0.2635748561835734,20,1,-0.02018872064955013,0.949,61.0,C,0.28132250580046403,2.346178148827274,0.35282892761359275,0.2686326057448488,20,9,0,0.22448979591836735,0.20430107526881722,0.67382472431805,0.2942542077771329,0.03192106790481718,0.14135021097046413,0.23113207547169812,0.15463917525773196,0.16666666666666666,0.2,83,0.22388059701492538,71,False,False,0.5620617834192111,-0.023662003299011025,2.9583333333333335,3.2083333333333335,48,,,,,,,-0.024907493222785928,20,3.8,1.31,94.2,4,4,113,44,0,0,0,20,SP,20,412,80,20.6,10.74,4.18,7.61,0.95,21.303820208754196,0.008912719879799913,8,0.8888888888888888,-14.0,7,6,0,1,0.0,3.7504644917272905,0.045851668231134915,0.2434017595307918,0.2359249329758713,0.04825737265415549,0.32345191040843213,0.29810276679841896,0.21374045801526717,3.443,0.3256051255932507
623168,Tyler Heineman,L,LAA,9,Paul Skenes,R,694973,823336,LAA @ PIT,10:35 AM,06/09,Pre-Game,0.5355517979841702,,,,False,1001000011,live,0,0,0.0,0,0,0.1726317866604546,0.200693036097378,0.0863236094847167,0.1726317866604546,0.047783117600459904,20,5,0.05616921269095182,1.013,49.4,D,0.27651060424169666,3.004469633280873,0.4175013111219257,0.27396523343572704,20,5,0,0.13513513513513514,0.19130434782608696,0.524609843937575,0.23689475790316125,0.2384953981592637,0.17121588089330025,0.15808823529411764,0.1111111111111111,0.1523702031602709,0.16470588235294117,96,0.19402985074626866,76,False,False,0.5403828188701109,-0.004831020885940673,2.6666666666666665,3.017543859649123,57,,,,,,,-0.055090545425426816,20,3.97,1.16,149.2,9,11,179,44,0,0,0,28,SP,28,619,129,22.1,10.76,2.65,7.76,0.9,22.76372610350044,0.02109105915868692,7,0.7,-2.0,6,6,1,1,0.0,3.0432174854778564,0.006189246887434161,0.22981366459627328,0.16304347826086957,0.04891304347826087,0.17016539440203562,0.2506583969465649,0.21806853582554517,3.443,0.2907612680996467
691777,Max Muncy,R,ATH,8,Bryan Woo,R,693433,823091,ATH @ SEA,1:10 PM,06/09,Scheduled,0.534372183882668,,,,False,1110100111,estimated,0,0,0.0,0,0,0.29438168241346313,0.3370944583090334,0.39422791178328626,0.396139277916514,0.25328672516519896,20,1,0.07342579544611733,0.906,60.0,C,0.27177700348432055,4.86508543077086,0.4360085325024542,0.2598740626328332,20,5,0,0.18556701030927836,0.2589928057553957,0.6637592673353685,0.27649367640645445,0.05974705625817706,0.23976608187134502,0.19373776908023482,0.16289592760180996,0.21343377275580666,0.23255813953488372,145,0.22429906542056074,119,False,False,0.545000655866628,-0.010628471983959997,3.189189189189189,3.5675675675675675,74,,,,,,,-0.026652811184957464,20,4.25,1.09,148.1,10,9,149,31,0,0,0,26,SP,26,606,131,23.3,9.04,1.88,7.95,1.09,23.09331476589985,0.013113530403046303,7,0.875,-29.0,6,7,1,1,0.0,3.5911899793724245,0.06735018508205833,0.23136246786632392,0.317016317016317,0.06526806526806526,0.41370223978919635,0.31586561264822133,0.2190082644628099,3.599,0.3703589734267625
666211,Taylor Trammell,L,HOU,7,Eduardo Rodríguez,L,593958,824142,AZ @ HOU,11:10 AM,06/09,Pre-Game,0.534372183882668,,,,False,0100010101,estimated,0,0,0.0,0,0,0.15640253929746886,0.2038549173804444,0.34511946419256906,0.23208430951952866,0.2902877466081789,20,1,-0.042071197411003236,0.998,63.6,C,0.2557879014189694,2.514271647863477,0.30010281200318834,0.18739821790415165,20,5,0,0.16666666666666666,0.2087378640776699,0.6121076233183856,0.12144992526158445,0.26644245142002987,0.1949367088607595,0.208067940552017,0.17131474103585656,0.19497686715135493,0.2440944881889764,140,0.15384615384615385,105,False,False,0.5203512939541487,0.014020889928519353,2.725,3.0625,80,,,,,,,-0.19910606375592685,20,2.59,1.22,167.0,14,5,122,55,0,0,0,28,SP,28,686,148,24.5,6.57,2.96,7.98,0.75,24.621948333496864,-0.02630218388266803,10,1.0,26.0,7,7,1,1,0.0,2.9890843295365617,0.05826333985121798,0.20689655172413793,0.29916897506925205,0.09695290858725762,0.377567140600316,0.27773459715639814,0.2552083333333333,3.76,0.2864087484668107
688363,Graham Pauley,L,MIA,8,Clay Holmes,R,605280,823822,CHC @ MIA,10:40 AM,06/09,Pre-Game,0.5323776751956534,,,,False,1010110100,live,5,0,0.0,1,2025,0.18855845251441697,0.2786132501387546,0.25898929589353814,0.22879733428287552,0.2141462808569791,20,1,0.0,1.0,50.9,C,0.28060413354531,2.368989465345356,0.4211570615225241,0.1948301873452395,14,6,0,,0.19491525423728814,0.6089030206677265,0.25357710651828297,0.13751987281399047,0.21266968325791855,0.1792452830188679,0.16216216216216217,0.19285714285714287,0.2191780821917808,77,0.15555555555555556,49,False,False,0.4878129468502001,0.044564728345453275,2.6818181818181817,2.8636363636363638,44,,,,,,,-0.1276756592710282,20,2.09,1.07,81.2,6,6,63,27,0,0,0,14,SP,14,326,60,23.3,6.94,2.98,6.61,0.44,23.173076775530568,-0.03377767519565339,4,0.5714285714285714,39.0,7,7,0,1,0.0,2.7204876415164545,0.03712587702395912,0.19753086419753085,0.22777777777777777,0.08611111111111111,0.3119834710743802,0.2618677685950413,0.2154696132596685,3.599,0.3103386463325803
620443,Luis Torrens,R,NYM,9,Cesar Perdomo,L,702885,823578,SF @ NYM,10:40 AM,06/09,Pre-Game,0.5323776751956534,,,,False,1110101100,live,0,0,0.0,0,0,0.2739702431791749,0.3343257270218946,0.5893097160525232,0.35604456643664095,0.16546706017694587,20,4,0.04812362030905076,0.949,62.3,C,0.29310344827586204,,,,1,5,0,0.26666666666666666,0.2185430463576159,0.5344827586206896,0.39655172413793105,0.06896551724137931,0.23565323565323565,0.17543859649122806,0.2846715328467153,0.21987315010570824,0.2231404958677686,126,0.24761904761904763,123,False,True,0.540973059629096,-0.008595384433442654,2.935064935064935,3.2337662337662336,77,,,,,,,0.11961662756726664,20,2.25,1.0,4.0,0,0,4,1,0,0,0,0,RP,1,15,3,15.0,9.0,2.25,6.75,2.25,,0.0034723248043466715,8,0.7272727272727273,-3.0,7,6,0,1,0.0,3.2547900364100872,0.06670041569421357,0.2361111111111111,0.18974358974358974,0.05641025641025641,0.40996503496503495,0.302083041958042,0.0,3.443,0.31794051365812687
669720,Austin Hays,R,SD,9,Gerrit Cole,R,543037,823253,NYY @ SD,1:10 PM,06/09,Scheduled,0.528489511025926,,,,False,0101000101,estimated,14,5,0.35714285714285715,1,2022,0.28720128882117074,0.36983363169138184,0.39296162993318334,0.41601556732608763,0.24943044068961712,20,1,-0.13866471019809246,0.954,64.0,C,0.29931120851596743,5.1637347609797715,0.44989896048628353,0.2623370841870568,18,5,0,0.2765957446808511,0.13793103448275862,0.5283982131461391,0.33312061263560944,0.13848117421825143,0.2393617021276596,0.23222748815165878,0.2261904761904762,0.23203285420944558,0.24324324324324326,38,0.20512820512820512,41,False,False,0.5404604335647987,-0.011970922538872664,2.923076923076923,3.0384615384615383,26,,,,,,,-0.006554122490272602,20,3.29,1.11,104.0,8,7,110,22,0,0,0,18,SP,18,426,93,23.7,9.52,1.9,8.05,1.13,23.95231779818056,-0.014975225311640306,7,1.0,2.0,6,6,0,1,0.0,2.6347916348929976,0.05500287164482084,0.2494061757719715,0.2565789473684211,0.05482456140350877,0.3777412280701754,0.3106875,0.27044025157232704,3.443,0.2804518688324367
596117,Garrett Stubbs,L,PHI,9,Tyler Mahle,R,641816,823417,ATL @ PHI,10:10 AM,06/09,Pre-Game,0.5228695000501348,108.0,-104.0,48.0,False,0010000101,live,0,0,0.0,0,0,0.17886700540018688,0.24714903824595413,0.2011554463326554,0.2006292991609167,0.20964040329332734,18,6,0.0,1.009,59.9,C,0.28063241106719367,3.535566680264905,0.413577878425222,0.2388771191693665,20,7,0,,0.16666666666666666,0.655786350148368,0.06379821958456973,0.28041543026706234,0.13658536585365855,0.16363636363636364,0.06976744186046512,0.13687150837988826,0.14285714285714285,38,0.1875,18,False,False,0.5195391876965268,0.0033303123536079227,2.8333333333333335,3.111111111111111,18,,,,,,,-0.1724343784633178,18,4.25,1.29,125.0,5,10,121,42,0,0,0,23,SP,23,521,119,22.7,8.71,3.02,8.57,1.22,22.976701276945384,-0.0031980714787060993,7,0.875,14.0,7,6,1,0,0.0,3.1640923990065493,0.027385176942565717,0.19298245614035087,0.2390745501285347,0.08226221079691516,0.14457831325301204,0.23175100401606427,0.22692307692307692,3.443,0.3178049645701971
675961,Alika Williams,R,ATH,9,Bryan Woo,R,693433,823091,ATH @ SEA,1:10 PM,06/09,Scheduled,0.5203512939541487,,,,False,0110111111,estimated,0,0,0.0,0,0,0.344782645666147,0.29280942411204886,0.30347604236849884,0.44330324725627823,0.15215806846805216,20,1,-0.02323982398239821,0.906,60.0,C,0.27177700348432055,4.86508543077086,0.4360085325024542,0.2598740626328332,20,5,0,0.2871287128712871,0.2638888888888889,0.6637592673353685,0.27649367640645445,0.05974705625817706,0.34596375617792424,0.2558139534883721,0.29775280898876405,0.3118942731277533,0.31958762886597936,105,0.2236842105263158,82,False,False,0.5323776751956534,-0.01202638124150468,2.6615384615384614,2.876923076923077,65,,,,,,,0.1680939527252769,20,4.25,1.09,148.1,10,9,149,31,0,0,0,26,SP,26,606,131,23.3,9.04,1.88,7.95,1.09,23.09331476589985,0.009420134617279863,7,0.875,-29.0,6,7,1,1,0.0,3.141702450096806,0.056032137105901214,0.23728813559322035,0.2331288343558282,0.049079754601226995,0.3124048706240487,0.2649269406392694,0.2190082644628099,3.443,0.3703589734267625
670764,Taylor Walls,L,TB,9,Mackenzie Gore,L,669022,822848,TB @ TEX,11:35 AM,06/09,Scheduled,0.5203512939541487,,,,False,0011011100,estimated,0,0,0.0,0,0,0.2106991796621899,0.24653031895690553,0.2440700388362321,0.2494958288251683,0.19859195374932734,20,1,-0.013526570048309178,0.964,60.2,C,0.2724528301886792,2.8857001987365507,0.3785306163190799,0.25047992654841056,20,5,0,0.20869565217391303,0.2222222222222222,0.5867019267094824,0.2859841329807329,0.12731394030978466,0.20563594821020564,0.15970961887477314,0.17344173441734417,0.18899733806566105,0.2185792349726776,214,0.21686746987951808,197,False,False,0.5404604335647987,-0.020109139610649973,3.144144144144144,3.7027027027027026,111,,,,,,,-0.105217722934831,20,4.31,1.29,154.2,8,10,169,60,0,0,0,29,SP,29,664,140,22.9,9.83,3.49,8.15,1.05,23.297243666754525,0.009115372712517944,6,0.6,10.0,7,7,1,1,0.0,3.827963532339177,0.0851483332496411,0.2154255319148936,0.248868778280543,0.09954751131221719,0.2268170426065163,0.2602161654135338,0.25170068027210885,3.443,0.33367417839591434
807726,John Peck,R,DET,9,Gavin Williams,R,668909,824385,DET @ CLE,10:40 AM,06/09,Pre-Game,0.5203512939541487,,,,False,0101,live,0,0,0.0,0,0,,,,,,4,1,0.2,0.987,65.6,B,0.33409785932721714,5.152064436025254,0.4470910541844716,0.3640119965904112,20,5,0,0.2,0.4,0.49361702127659574,0.5063829787234042,0.0,0.28169014084507044,0.25,0.09375,0.226890756302521,0.2857142857142857,8,0.25,9,True,False,0.535034928069722,-0.014683634115573274,3.75,4.25,4,,,,,,,,4,3.81,1.09,163.0,13,7,217,50,0,0,0,28,SP,28,657,128,23.5,11.98,2.76,7.07,1.49,22.406326249702705,0.006948706045851405,5,0.625,9.0,7,7,1,1,0.0,,,,,,,,0.2510460251046025,3.443,0.3317578572237036
668952,Ryan Kreidler,R,MIN,9,Bryan Hudson,L,663542,824552,MIN @ CWS,3:20 PM,06/09,Scheduled,0.5203512939541487,,,,False,1000100000,estimated,0,0,0.0,0,0,0.09104624779887913,0.22704826376332368,0.372343144535239,0.13993364840476538,0.22372302336061464,20,1,0.059027176735329756,0.968,77.7,B,0.30858960763520676,,0.38320238070544776,0.190703884740276,20,2,0,0.24770642201834864,0.18867924528301888,0.7331910352187834,0.26680896478121663,0.0,0.19724770642201836,0.19797979797979798,0.17419354838709677,0.1943381790359602,0.22522522522522523,121,0.21153846153846154,113,False,False,0.5195391876965268,0.0008121062576218474,2.721518987341772,2.962025316455696,79,,,,,,,-0.20679716219818142,20,3.03,1.21,59.1,4,4,55,17,7,3,10,7,RP,61,248,55,4.1,8.34,2.58,8.34,0.61,3.9421534163667045,-0.009238793954148727,8,0.8,9.0,7,6,0,1,0.0,2.9347089628954794,0.08732498783927779,0.19614147909967847,0.23684210526315788,0.07309941520467836,0.3670289855072464,0.2589913043478261,0.23484848484848486,3.443,0.2990891775609954
683083,Nasim Nuñez,L,WSH,9,Justin Wrobleski,L,680736,823903,WSH @ LAD,7:10 PM,06/09,Scheduled,0.5203512939541487,,,,False,0000101100,estimated,0,0,0.0,0,0,0.11375699439899108,0.2985494502296501,0.24514490753321122,0.13970961915462785,0.18775791509573642,20,2,0.03306278348054428,0.973,52.9,C,0.2760577915376677,3.9072424867278923,0.4344780236016922,0.23053284974270077,20,5,0,0.23728813559322035,0.20422535211267606,0.5862603305785123,0.3605371900826446,0.05320247933884298,0.20524781341107873,0.1872791519434629,0.25,0.2087467842704888,0.2054794520547945,251,0.22404371584699453,205,False,False,0.5236816063077566,-0.0033303123536079227,3.268292682926829,3.707317073170732,123,,,,,,,-0.12515223461761646,20,3.65,1.11,128.1,11,5,104,29,0,0,0,20,SP,22,526,113,23.9,7.29,2.03,7.92,1.4,23.384180051630423,-0.00597629395414867,4,0.5,0.0,6,6,0,1,0.0,3.4719888830544656,0.01738656012597617,0.20971867007672634,0.2,0.09887640449438202,0.2144039735099338,0.2891523178807947,0.2283464566929134,3.443,0.3403693296189292
624428,Adam Frazier,L,LAA,8,Paul Skenes,R,694973,823336,LAA @ PIT,10:35 AM,06/09,Pre-Game,0.5074194246265864,,,,False,1110000001,live,0,0,0.0,0,0,0.2824505685270913,0.37891978937722165,0.20995175039399636,0.42251368643273784,0.3133780820453895,20,1,0.2616822429906542,1.013,49.4,D,0.27651060424169666,3.004469633280873,0.4175013111219257,0.27396523343572704,20,5,0,0.0,0.2616822429906542,0.524609843937575,0.23689475790316125,0.2384953981592637,0.2506265664160401,0.17058823529411765,0.20952380952380953,0.22403560830860533,0.2222222222222222,61,0.25806451612903225,72,False,False,0.5323776751956534,-0.024958250569066975,2.230769230769231,2.5576923076923075,52,,,,,,,-0.0937891553642346,20,3.97,1.16,149.2,9,11,179,44,0,0,0,28,SP,28,619,129,22.1,10.76,2.65,7.76,0.9,22.76372610350044,0.02892343251627072,7,0.7,-2.0,6,6,1,1,0.0,2.371397045733428,0.03189747066130405,0.2601880877742947,0.21629213483146068,0.06741573033707865,0.20351239669421486,0.2905826446280992,0.21806853582554517,3.599,0.2907612680996467
691783,Jordan Lawlar,R,AZ,9,Peter Lambert,R,663567,824142,AZ @ HOU,11:10 AM,06/09,Pre-Game,0.5074194246265864,,,,False,1001010100,estimated,0,0,0.0,0,0,0.2106500801766343,0.31447922085249663,0.2030777594561075,0.29229297158373985,0.31476909458169045,20,2,-0.18518518518518517,0.998,71.4,B,0.27256715103478646,2.2893136279074637,0.31516816291756444,0.23040278887374863,20,6,0,0.3333333333333333,0.14814814814814814,0.511238431026884,0.249008373732922,0.23975319524019392,0.2109090909090909,0.19424460431654678,0.3723404255319149,0.23622047244094488,0.2619047619047619,46,0.2727272727272727,38,False,False,0.5074194246265864,0.0,3.0,3.36,25,,,,,,,-0.16685494414971946,20,3.66,1.24,132.2,8,7,131,56,0,0,0,24,SP,24,566,109,23.6,8.89,3.8,7.39,0.88,23.68509470794586,0.007380575373413523,2,0.2857142857142857,2.0,7,5,1,1,0.0,3.121263043111139,0.08637248936472755,0.23737373737373738,0.3022222222222222,0.08,0.25576923076923075,0.2818,0.2703862660944206,3.443,0.2955319357599289
666139,Josh Lowe,L,LAA,7,Paul Skenes,R,694973,823336,LAA @ PIT,10:35 AM,06/09,Pre-Game,0.5052676610244197,,,,False,0111001001,live,0,0,0.0,0,0,0.20405247180208855,0.30145714433617193,0.3596354364352623,0.3074265163278399,0.33778867244263827,20,1,0.08984263233190273,1.013,49.4,D,0.27651060424169666,3.004469633280873,0.4175013111219257,0.27396523343572704,20,5,0,0.13333333333333333,0.22317596566523606,0.524609843937575,0.23689475790316125,0.2384953981592637,0.15086206896551724,0.17255717255717257,0.19411764705882353,0.16423173803526447,0.2012987012987013,170,0.22935779816513763,121,False,False,0.528489511025926,-0.02322185000150634,2.89010989010989,3.197802197802198,91,,,,,,,-0.10284642685470778,20,3.97,1.16,149.2,9,11,179,44,0,0,0,28,SP,28,619,129,22.1,10.76,2.65,7.76,0.9,22.76372610350044,0.02913233897558032,7,0.7,-2.0,6,6,1,1,0.0,3.2503732960446428,0.10898057548091683,0.20491803278688525,0.29850746268656714,0.06965174129353234,0.35331978319783197,0.29915853658536584,0.21806853582554517,3.76,0.2907612680996467
573262,Mike Yastrzemski,L,ATL,9,Aaron Nola,R,605400,823417,ATL @ PHI,10:10 AM,06/09,Pre-Game,0.5040751285313704,113.0,-108.0,47.0,False,0010100010,live,10,2,0.2,1,2022,0.19833189448728553,0.39156000266838026,0.4579362527980014,0.35356608139166323,0.33136666986441476,20,2,0.10550847457627119,1.009,66.7,B,0.30260598988720344,3.2447181702024865,0.4141941219307035,0.25816383937815424,20,6,0,0.125,0.2305084745762712,0.49804839968774395,0.33879781420765026,0.16315378610460576,0.20836501901140683,0.17758620689655172,0.23178807947019867,0.20442238267148014,0.22839506172839505,177,0.2214765100671141,175,False,False,0.5093613419233206,-0.005286213391950234,2.591666666666667,2.933333333333333,120,,,,,,,-0.10068511311171117,20,4.93,1.4,148.0,6,10,157,51,0,0,0,28,SP,28,638,156,22.8,9.55,3.1,9.49,1.95,23.067197082710535,0.012074871468629622,8,1.0,3.0,7,6,1,0,0.0,2.6564379989531686,0.1504302945979791,0.22508038585209003,0.24431818181818182,0.09943181818181818,0.4348148148148148,0.32484,0.26011560693641617,3.443,0.2766955114667435
621493,Taylor Ward,R,SEA,7,Gage Jump,L,695611,823091,ATH @ SEA,1:10 PM,06/09,Scheduled,0.5015558134136359,,,,False,0001010000,estimated,0,0,0.0,0,0,0.05782388079867518,0.3397646856901335,0.3583477631853932,0.13407136835020736,0.341976651201469,20,1,-0.030532453876302462,0.906,38.4,D,0.2823960880195599,2.073347708860085,0.408192676720294,0.24117857384937513,18,6,0,0.20606060606060606,0.23659305993690852,0.5153374233128835,0.3932515337423313,0.09141104294478528,0.23444976076555024,0.21120363361090083,0.19621749408983452,0.22342427093132644,0.2305084745762712,356,0.2192513368983957,232,False,True,0.51416924664149,-0.012613433227854132,3.6240601503759398,4.421052631578948,133,,,,,,,-0.2744518139931556,20,5.15,1.49,92.2,6,9,99,45,0,0,0,18,SP,18,407,93,22.6,9.62,4.37,9.03,0.97,22.72324368511548,0.011329900872078413,7,0.7,-10.0,5,7,1,1,0.0,3.4772935822288913,0.09399544064466442,0.2088167053364269,0.2144212523719165,0.15939278937381404,0.3867924528301887,0.3135880503144654,0.26492537313432835,3.76,0.3472891509021675
679822,Justin Foscue,R,TEX,7,Ian Seymour,L,693855,822848,TB @ TEX,11:35 AM,06/09,Scheduled,0.5011795822122068,,,,False,1011101111,estimated,0,0,0.0,0,0,0.39118517992380375,0.3712691500034986,0.4562037134888452,0.4885270534714249,0.15417991820899268,20,1,0.21053346002443327,0.964,88.9,A,0.31883259911894274,4.92541659670065,0.351153917276036,0.30001436831416833,20,6,0,0.3237410071942446,0.11320754716981132,0.4280955024986119,0.27540255413659076,0.29650194336479735,0.24083129584352078,0.2847058823529412,0.3172043010752688,0.2638208537438768,0.27184466019417475,113,0.25842696629213485,99,False,False,0.5490558179982413,-0.047876235786034504,2.3132530120481927,2.5542168674698793,83,,,,,,,0.17972001743265348,20,4.21,1.14,113.1,9,6,138,32,2,0,2,12,RP,42,470,97,11.2,10.96,2.54,7.7,1.59,20.44308756260814,0.045153751121126406,6,0.6666666666666666,-7.0,7,7,1,1,0.0,2.7425567591116584,0.034431143619519766,0.20921985815602837,0.2824675324675325,0.05844155844155844,0.34615384615384615,0.26934871794871795,0.2029520295202952,3.76,0.28864495039964605
682877,Juan Brito,L,CIN,8,Kyle Harrison,L,690986,824469,MIL @ CIN,9:10 AM,06/09,Pre-Game,0.5004667928126788,108.0,-104.0,48.0,False,0010011010,live,0,0,0.0,0,0,0.13457767457693479,0.27234687517254913,0.37319099525778937,0.24385258798265075,0.3727619006826113,18,2,0.08838383838383837,1.083,79.7,B,0.31210191082802546,4.45787959247286,0.38184221980434474,0.28499141519372345,20,6,0,0.22727272727272727,0.1388888888888889,0.5953266064790228,0.3133297928836962,0.09134360063728093,0.17180616740088106,0.1485148514851485,0.23333333333333334,0.17942583732057416,0.18181818181818182,35,0.16,30,True,False,0.5126478429168156,-0.012181050104136837,3.2222222222222223,3.611111111111111,18,,,,,,,,18,3.45,1.2,107.0,10,4,130,29,0,0,0,22,SP,22,447,99,20.3,10.93,2.44,8.33,1.6,20.47514556757414,0.028749873853987862,6,0.75,16.0,7,6,1,1,0.0,3.515587840946445,0.07014068090160752,0.20270270270270271,0.2839506172839506,0.06172839506172839,0.29411764705882354,0.214921568627451,0.23140495867768596,3.599,0.3125263180271999
681297,Colton Cowser,L,BAL,9,Payton Tolle,L,801139,824794,BOS @ BAL,10:35 AM,06/09,Pre-Game,0.5004667928126788,,,,False,1111100001,live,0,0,0.0,0,0,0.31589846518890624,0.3718084924348394,0.4854934285315839,0.38251547463898006,0.27821872143510196,20,1,-0.07975769813225644,1.044,88.9,A,0.28784860557768926,4.41265866444043,0.33305909194102884,0.29360410638027634,20,6,0,0.14285714285714285,0.2226148409893993,0.8762475049900199,0.09281437125748503,0.03093812375249501,0.22666666666666666,0.1873198847262248,0.22326454033771106,0.21287593984962405,0.21476510067114093,171,0.22297297297297297,171,False,False,0.4875349234851165,0.012931869327562295,2.5384615384615383,2.923076923076923,117,,,,,,,-0.09488356632598972,20,3.23,1.1,131.0,8,6,147,37,0,0,0,23,SP,23,530,107,23.0,10.1,2.54,7.35,1.03,23.103770337838927,0.03296177861589267,7,0.7777777777777778,9.0,7,7,1,1,0.0,3.4744645522811766,0.09011292944425452,0.2185430463576159,0.3,0.12,0.41201353637901866,0.3353299492385787,0.2517482517482518,3.443,0.33105914517761603
677956,Rece Hinds,R,BAL,6,Payton Tolle,L,801139,824794,BOS @ BAL,10:35 AM,06/09,Pre-Game,0.49956130472662125,,,,False,1110100000,live,0,0,0.0,0,0,0.07309566194924776,0.27261471705875456,0.24535115937619828,0.2538129524041481,0.6327101436030812,13,56,-0.08333333333333333,1.044,88.9,A,0.28784860557768926,4.41265866444043,0.33305909194102884,0.29360410638027634,20,6,0,0.06666666666666667,0.15,0.8762475049900199,0.09281437125748503,0.03093812375249501,0.15841584158415842,0.10619469026548672,0.0,0.10408921933085502,0.047619047619047616,22,0.21428571428571427,16,False,False,0.5246742241583203,-0.025112919431699077,2.6923076923076925,2.923076923076923,13,,,,,,,-0.33296850696598923,13,3.23,1.1,131.0,8,6,147,37,0,0,0,23,SP,23,530,107,23.0,10.1,2.54,7.35,1.03,23.103770337838927,0.0445815524162359,7,0.7777777777777778,9.0,7,7,1,1,0.0,2.66616380134266,0.012828026048713873,0.19424460431654678,0.3841059602649007,0.052980132450331126,0.37962962962962965,0.28920987654320984,0.20699708454810495,3.896,0.33105914517761603
571912,Luke Maile,R,KC,8,Spencer Arrighetti,R,681293,824065,TOR @ KC,11:10 AM,06/09,Pre-Game,0.4983275785323797,,,,False,1111000000,estimated,0,0,0.0,0,0,0.11301182577563632,0.23228882337743556,0.2140547481254137,0.21871738247140357,0.3213926948181339,12,8,-0.05555555555555555,1.028,60.3,C,0.2823667252489748,1.5921399479354668,0.3076722457077645,0.20643086725367202,20,5,0,0.16666666666666666,0.1111111111111111,0.4630715123094959,0.46600234466588514,0.070926143024619,0.19230769230769232,0.21428571428571427,0.3076923076923077,0.20444444444444446,0.25,20,0.0,14,False,False,0.4878129468502001,0.010514631682179587,2.75,2.8333333333333335,12,,,,,,,-0.1538097254873946,12,4.82,1.34,99.0,7,8,97,55,0,0,0,18,SP,20,435,78,21.8,8.82,5.0,7.09,1.36,20.371622329110355,0.024405754800953694,6,0.6666666666666666,17.0,6,6,1,1,0.0,2.7811138150214147,0.01083833765102453,0.20388349514563106,0.30113636363636365,0.08238636363636363,0.32019704433497537,0.29018226600985225,0.2012987012987013,3.599,0.27080266338669884
814430,Brett Callahan,L,DET,6,Gavin Williams,R,668909,824385,DET @ CLE,10:40 AM,06/09,Pre-Game,0.4927633417753458,113.0,-100.0,47.0,False,1001101100,live,0,0,0.0,0,0,0.23697637380147105,0.39049282375674704,0.48383776148039875,0.45336865144756666,0.36524952236239694,15,2,0.0,0.987,65.6,B,0.33409785932721714,5.152064436025254,0.4470910541844716,0.3640119965904112,20,5,0,,0.2647058823529412,0.49361702127659574,0.5063829787234042,0.0,0.2,0.2692307692307692,0.19230769230769232,0.2037037037037037,0.21739130434782608,25,0.3333333333333333,14,True,False,0.5404604335647987,-0.04769709178945286,2.3333333333333335,2.6,15,,,,,,,-0.10832189194088593,15,3.81,1.09,163.0,13,7,217,50,0,0,0,28,SP,28,657,128,23.5,11.98,2.76,7.07,1.49,22.406326249702705,0.03135665822465422,5,0.625,9.0,7,7,1,1,0.0,2.501561510559447,0.040906364624727756,,,,,,0.1883656509695291,3.896,0.3317578572237036
701162,Ben Malgeri,R,DET,7,Gavin Williams,R,668909,824385,DET @ CLE,10:40 AM,06/09,Pre-Game,0.4923357916968573,108.0,-104.0,48.0,False,0010011011,live,0,0,0.0,0,0,0.23125077310988984,0.45352154842993975,0.5608974758134013,0.3914097543689085,0.3384419760428797,20,1,0.1421232876712329,0.987,65.6,B,0.33409785932721714,5.152064436025254,0.4470910541844716,0.3640119965904112,20,5,0,0.2328767123287671,0.375,0.49361702127659574,0.5063829787234042,0.0,0.18874172185430463,0.232,0.20930232558139536,0.20323741007194246,0.18421052631578946,44,0.3137254901960784,60,True,False,0.534372183882668,-0.042036392185810734,2.4054054054054053,2.810810810810811,37,,,,,,,0.014151539024699794,20,3.81,1.09,163.0,13,7,217,50,0,0,0,28,SP,28,657,128,23.5,11.98,2.76,7.07,1.49,22.406326249702705,0.009964208303142652,5,0.625,9.0,7,7,1,1,0.0,3.047594980731525,0.09955628635743591,0.24210526315789474,0.29464285714285715,0.125,0.46774193548387094,0.3720967741935484,0.2510460251046025,3.76,0.3317578572237036
669134,Luis Campusano,R,SD,8,Gerrit Cole,R,543037,823253,NYY @ SD,1:10 PM,06/09,Scheduled,0.4875349234851165,,,,False,1000010010,estimated,0,0,0.0,0,0,0.18300896483163043,0.25281440416098294,0.31943804729778147,0.21460668142228617,0.29290254963209195,20,1,-0.02426810477657937,0.954,64.0,C,0.29931120851596743,5.1637347609797715,0.44989896048628353,0.2623370841870568,18,5,0,0.29545454545454547,0.2711864406779661,0.5283982131461391,0.33312061263560944,0.13848117421825143,0.2754158964879852,0.20865139949109415,0.26506024096385544,0.25316455696202533,0.26136363636363635,106,0.2972972972972973,83,False,False,0.5126478429168156,-0.025112919431699132,2.8421052631578947,3.3157894736842106,57,,,,,,,-0.12833017320300405,20,3.29,1.11,104.0,8,7,110,22,0,0,0,18,SP,18,426,93,23.7,9.52,1.9,8.05,1.13,23.95231779818056,0.01759364794345486,7,1.0,2.0,6,6,0,1,0.0,3.4540085181666305,0.10951287174410775,0.22796352583586627,0.21428571428571427,0.11904761904761904,0.40188172043010756,0.27515725806451613,0.27044025157232704,3.599,0.2804518688324367
553869,Elías Díaz,R,TEX,9,Ian Seymour,L,693855,822848,TB @ TEX,11:35 AM,06/09,Scheduled,0.4875349234851165,,,,False,0001011110,estimated,0,0,0.0,0,0,0.20568169345781995,0.382107123491527,0.5303602596092144,0.40953367043111866,0.3422451354285117,20,1,0.009755016073606043,0.964,88.9,A,0.31883259911894274,4.92541659670065,0.351153917276036,0.30001436831416833,20,6,0,0.23655913978494625,0.2268041237113402,0.4280955024986119,0.27540255413659076,0.29650194336479735,0.21683309557774608,0.2371967654986523,0.2619047619047619,0.22980849292256453,0.2549019607843137,107,0.20454545454545456,98,False,False,0.5323776751956534,-0.044842751710536866,2.878787878787879,3.106060606060606,66,,,,,,,0.04719980963646754,20,4.21,1.14,113.1,9,6,138,32,2,0,2,12,RP,42,470,97,11.2,10.96,2.54,7.7,1.59,20.44308756260814,0.03273174318155003,6,0.6666666666666666,-7.0,7,7,1,1,0.0,3.003913474301096,0.09224116168123019,0.21604938271604937,0.2612359550561798,0.05056179775280899,0.408008658008658,0.30292857142857144,0.2029520295202952,3.443,0.28864495039964605
664774,Lamonte Wade,L,HOU,9,Eduardo Rodríguez,L,593958,824142,AZ @ HOU,11:10 AM,06/09,Pre-Game,0.4875349234851165,,,,False,1000010010,estimated,0,0,0.0,0,0,0.18406596191311114,0.3156342136601458,0.450194958464658,0.3055319742811399,0.3370094687004814,20,2,-0.06990881458966566,0.998,63.6,C,0.2557879014189694,2.514271647863477,0.30010281200318834,0.18739821790415165,20,5,0,0.14285714285714285,0.2127659574468085,0.6121076233183856,0.12144992526158445,0.26644245142002987,0.1960431654676259,0.17674418604651163,0.125,0.1790722761596548,0.16176470588235295,76,0.275,50,False,False,0.48672281722749466,0.0008121062576218474,2.4545454545454546,2.8636363636363638,44,,,,,,,-0.14819766783810112,20,2.59,1.22,167.0,14,5,122,55,0,0,0,28,SP,28,686,148,24.5,6.57,2.96,7.98,0.75,24.621948333496864,-0.0044949234851164865,10,1.0,26.0,7,7,1,1,0.0,2.2412238490931164,0.1083936774637784,0.1875,0.24266666666666667,0.128,0.3368995633187773,0.27461572052401745,0.2552083333333333,3.443,0.2864087484668107
680779,Henry Davis,R,PIT,9,Walbert Ureña,R,700712,823336,LAA @ PIT,10:35 AM,06/09,Pre-Game,0.48700084059257825,,,,False,0010000010,live,0,0,0.0,0,0,0.09664397307975772,0.25089749229591957,0.37243543143168983,0.14035616386609684,0.20106417071403612,20,2,0.05874125874125874,1.013,65.4,B,0.2856466129796305,1.9532457611556198,0.3677829018640241,0.23524410783089064,20,6,0,0.12307692307692308,0.18181818181818182,0.5220902612826603,0.14346793349168646,0.3344418052256532,0.17610837438423646,0.13636363636363635,0.18627450980392157,0.16413793103448276,0.15151515151515152,152,0.1836734693877551,116,False,True,0.48700084059257825,0.0,2.911392405063291,3.392405063291139,79,,,,,,,-0.2249734979784267,20,2.85,1.26,123.1,9,9,120,64,0,0,0,23,SP,25,525,91,21.0,8.76,4.67,6.64,0.58,22.042248826852774,0.016199159407421837,8,0.8888888888888888,-5.0,7,6,1,1,0.0,3.02200458234865,0.07160653104242172,0.16434540389972144,0.24154589371980675,0.07729468599033816,0.4012226512226512,0.26003861003861,0.19095477386934673,3.443,0.3411795166911076
669224,Austin Wells,L,NYY,9,Mike King,R,650633,823253,NYY @ SD,1:10 PM,06/09,Scheduled,0.48672281722749466,,,,False,0010101100,estimated,0,0,0.0,0,0,0.250398104792522,0.33342048845965244,0.5510413505626232,0.3913287908817852,0.35390475661549736,20,1,0.060215053763440884,0.954,73.1,B,0.2849462365591398,2.2901356931136574,0.3130938484357531,0.20620786119014986,20,6,0,0.13978494623655913,0.2,0.47964669738863286,0.24923195084485408,0.27112135176651303,0.1678986272439282,0.14826021180030258,0.15868263473053892,0.16102564102564101,0.16049382716049382,181,0.20610687022900764,154,False,False,0.5004667928126788,-0.013743975585184143,2.7904761904761903,3.1904761904761907,105,,,,,,,-0.03486765005996557,20,3.11,1.17,162.0,9,9,141,63,0,0,0,28,SP,28,662,126,23.6,7.83,3.5,7.0,1.0,24.30426042674492,0.007420039915362442,7,0.7777777777777778,23.0,7,6,0,1,0.0,3.0501398146929763,0.05309639751619125,0.18991097922848665,0.2793733681462141,0.09138381201044386,0.4543478260869565,0.3042144927536232,0.2154696132596685,3.443,0.300771294881161
701852,Drew Cavanaugh,L,SF,8,Christian Scott,R,681035,823578,SF @ NYM,10:40 AM,06/09,Pre-Game,0.48672281722749466,,,,False,1000001101,live,0,0,0.0,0,0,0.19384612495131107,0.4243888357308844,0.3963947766113492,0.3409137202663795,0.4722050130482855,20,2,0.10105580693815985,0.949,61.0,C,0.28132250580046403,2.346178148827274,0.35282892761359275,0.2686326057448488,20,9,0,0.15384615384615385,0.2549019607843137,0.67382472431805,0.2942542077771329,0.03192106790481718,0.24105011933174225,0.21962616822429906,0.19540229885057472,0.22959889349930843,0.23333333333333334,68,0.2545454545454545,64,True,False,0.5126478429168156,-0.02592502568932098,2.6136363636363638,3.0,44,,,,,,,-0.029735005748709926,20,3.8,1.31,94.2,4,4,113,44,0,0,0,20,SP,20,412,80,20.6,10.74,4.18,7.61,0.95,21.303820208754196,0.0050646827725053245,8,0.8888888888888888,-14.0,7,6,0,1,0.0,3.06492368350078,0.05870045190258298,0.24347826086956523,0.2803030303030303,0.11363636363636363,0.32051282051282054,0.3779294871794872,0.2290748898678414,3.599,0.3256051255932507
571771,Enrique Hernández,R,LAD,9,Andrew Alvarez,L,674841,823903,WSH @ LAD,7:10 PM,06/09,Scheduled,0.48672281722749466,,,,False,0010110001,estimated,0,0,0.0,0,0,0.13911233175801002,0.33014727481447786,0.370399405120344,0.2961186362509224,0.3834337851197553,20,1,-0.016483516483516508,0.973,50.0,C,0.2847548690396239,2.0181780787785657,0.4059214923402125,0.21911608321972473,20,7,0,0.21428571428571427,0.23076923076923078,0.42914707857622564,0.5218267293485561,0.049026192075218265,0.18181818181818182,0.22935779816513763,0.15873015873015872,0.1918918918918919,0.24242424242424243,35,0.18181818181818182,24,False,False,0.48672281722749466,0.0,2.2916666666666665,2.4583333333333335,24,,,,,,,-0.05497700107166188,20,3.47,1.31,90.2,2,6,86,41,1,0,1,13,SP,21,382,78,18.2,8.54,4.07,7.74,0.5,19.45896681915335,0.010221627216949802,9,0.9,4.0,6,6,0,1,0.0,2.5644777358082997,0.07356119577319166,0.22188449848024316,0.2853185595567867,0.07202216066481995,0.39454277286135697,0.31184513274336284,0.23430962343096234,3.443,0.31807164837368607
801126,Brock Rodden,L,SEA,9,Gage Jump,L,695611,823091,ATH @ SEA,1:10 PM,06/09,Scheduled,0.48672281722749466,,,,False,0000000111,estimated,0,0,0.0,0,0,0.23806458072027478,0.26893677517751136,0.31930447276961244,0.4310689077196495,0.23136705466737903,16,2,-0.09615384615384615,0.906,38.4,D,0.2823960880195599,2.073347708860085,0.408192676720294,0.24117857384937513,18,6,0,0.15384615384615385,0.25,0.5153374233128835,0.3932515337423313,0.09141104294478528,0.2422360248447205,0.1016949152542373,0.18666666666666668,0.2,0.14285714285714285,32,0.3333333333333333,26,True,True,0.48672281722749466,0.0,3.0625,3.625,16,,,,,,,-0.19943356321429664,16,5.15,1.49,92.2,6,9,99,45,0,0,0,18,SP,18,407,93,22.6,9.62,4.37,9.03,0.97,22.72324368511548,0.004048611343933917,7,0.7,-10.0,5,7,1,1,0.0,3.527121000088754,0.12704838976283606,0.24242424242424243,0.2625,0.1375,0.3925925925925926,0.1536,0.2558139534883721,3.443,0.3472891509021675
687529,Grant Mccray,L,SF,7,Christian Scott,R,681035,823578,SF @ NYM,10:40 AM,06/09,Pre-Game,0.48445325069620027,,,,False,0000110101,live,0,0,0.0,0,0,0.13352825579499608,0.32159821563730273,0.2793288374352072,0.18271130717425127,0.3010067077276195,20,1,-0.030967741935483878,0.949,61.0,C,0.28132250580046403,2.346178148827274,0.35282892761359275,0.2686326057448488,20,9,0,0.16,0.12903225806451613,0.67382472431805,0.2942542077771329,0.03192106790481718,0.13901345291479822,0.1388888888888889,0.12,0.13648293963254593,0.16666666666666666,36,0.11538461538461539,33,False,False,0.5066073183689646,-0.022154067672764288,2.5454545454545454,3.1363636363636362,22,,,,,,,-0.12862783749536863,20,3.8,1.31,94.2,4,4,113,44,0,0,0,20,SP,20,412,80,20.6,10.74,4.18,7.61,0.95,21.303820208754196,0.007309249303799781,8,0.8888888888888888,-14.0,7,6,0,1,0.0,3.419247872277752,0.1272732252186144,0.17488789237668162,0.3715415019762846,0.09090909090909091,0.35400516795865633,0.307062015503876,0.2290748898678414,3.76,0.3256051255932507
665966,Carlos Narváez,R,BAL,8,Payton Tolle,L,801139,824794,BOS @ BAL,10:35 AM,06/09,Pre-Game,0.4757960274875845,,,,False,0001000100,live,0,0,0.0,0,0,0.16356691593981537,0.24259901868749545,0.4333578643663584,0.1823657291885835,0.2480769602978531,20,2,-0.11199294532627865,1.044,88.9,A,0.28784860557768926,4.41265866444043,0.33305909194102884,0.29360410638027634,20,6,0,0.07936507936507936,0.19135802469135801,0.8762475049900199,0.09281437125748503,0.03093812375249501,0.12525879917184266,0.13555555555555557,0.13636363636363635,0.12919896640826872,0.14285714285714285,145,0.18181818181818182,114,False,False,0.48672281722749466,-0.010926789739910181,2.848101265822785,3.278481012658228,79,,,,,,,-0.2928085521315521,20,3.23,1.1,131.0,8,6,147,37,0,0,0,23,SP,23,530,107,23.0,10.1,2.54,7.35,1.03,23.103770337838927,0.027461115369558364,7,0.7777777777777778,9.0,7,7,1,1,0.0,2.98478188363844,0.07223688481962434,0.1751412429378531,0.30423940149625933,0.06982543640897755,0.40912356321839083,0.2923663793103448,0.20699708454810495,3.599,0.33105914517761603
