batter_id,name,batter_hand,team,slot,pitcher,pitcher_hand,opp_pitcher_id,game_pk,matchup,start_time,game_date,game_state,p_hit,hit_odds,no_hit_odds,yes_cents,has_hit,last5,lineup_source,bvp_ab,bvp_h,bvp_avg,bvp_career,bvp_since,b_hit_rate,b_xba,b_hardhit,b_babip,b_k_rate,b_n_games,b_days_rest,split_diff,park_factor,p_rating,p_grade,p_csw,p_k_bb,p_hardhit_allowed,p_k_rate,p_n_games,p_days_rest,is_opener,b_hit_rate_vs_L,b_hit_rate_vs_R,p_use_fb,p_use_bb,p_use_os,b_hr_vs_fb,b_hr_vs_bb,b_hr_vs_os,b_hr_overall,b_hit_rate_vs_sp,b_pa_vs_sp,b_hit_rate_vs_rp,b_pa_vs_rp,b_is_rookie,p_is_rookie,base_p_hit,matchup_delta,b_avg_ab,b_avg_pa,b_games_played,p_multihit,base_p_multihit,p_multihit_matchup_delta,p_hrRbi,base_p_hrRbi,p_hrRbi_matchup_delta,b_quality_first3,b_n_games_first3,p_era,p_whip_official,p_ip,p_wins,p_losses,p_so,p_bb_official,p_saves,p_blown_saves,p_save_opps,p_games_started,p_role,p_games_pitched,p_bf_official,p_hits_allowed,p_bf_per_g,p_k9,p_bb9,p_h9,p_hr9,p_avg_bf,pen_delta,pen_available_n,pen_rested_frac,def_oaa_tonight,def_oaa_n,sched_games_7d,sched_day_after_night,sched_getaway,sched_tz_shift,b_pa,b_bb_rate,b_hit_rate_long,b_k_rate_long,b_bb_rate_long,b_hardhit_long,b_xba_long,p_hit_rate_vs_hand,slot_pa_exp,def_babip_allowed
668227,Randy Arozarena,R,SEA,2,Tomoyuki Sugano,R,608372.0,824300,SEA @ COL,12:10 PM,20/09,Final,0.7923244348244349,-285.0,300.0,74.0,False,1011111111,live,6,0,0.0,1,2025,0.3425307795895397,0.3127248136158327,0.4740440284349522,0.4422853687374246,0.20542979273063033,20,1,-0.021832514060493302,1.148,35.8,D,0.23519458544839256,2.857691421335605,0.4169453262333245,0.14209483570335282,20,6,0,0.29533678756476683,0.27350427350427353,0.5063559322033898,0.2805084745762712,0.21313559322033898,0.2587601078167116,0.25,0.26548672566371684,0.2572150832104487,0.26666666666666666,394,0.3037383177570093,242,False,False,0.6798496201678813,0.11247481465655362,3.7260273972602738,4.3561643835616435,146,,,,,,,0.177728339333195,20,5.49,1.36,142.2,12.0,10.0,86.0,34.0,0.0,0.0,0.0,27.0,SP,27.0,614.0,160.0,22.7,5.43,2.14,10.09,1.96,23.251050170324476,-0.02812443482443494,4,0.4444444444444444,-1.0,7,6,1,1,0.0,4.540762867497163,0.06377592795918537,0.2793791574279379,0.2144212523719165,0.09487666034155598,0.4470414201183432,0.34425295857988164,0.2952755905511811,4.352,0.3719839816454906
686527,Dominic Canzone,L,SEA,3,Tomoyuki Sugano,R,608372.0,824300,SEA @ COL,12:10 PM,20/09,Final,0.7866384516644547,-9900.0,9900.0,99.0,True,0111111111,live,0,0,0.0,0,0,0.2925279763556842,0.33606345729076575,0.47056137290720923,0.36854226161726933,0.1748658943157659,20,1,0.006006006006006037,1.148,35.8,D,0.23519458544839256,2.857691421335605,0.4169453262333245,0.14209483570335282,20,6,0,0.25225225225225223,0.25825825825825827,0.5063559322033898,0.2805084745762712,0.21313559322033898,0.2542372881355932,0.23609756097560974,0.2239221140472879,0.24034599938214396,0.24427480916030533,295,0.27472527472527475,203,False,False,0.6647362486999745,0.12190220296448018,3.217391304347826,3.608695652173913,138,,,,,,,0.08778533645268591,20,5.49,1.36,142.2,12.0,10.0,86.0,34.0,0.0,0.0,0.0,27.0,SP,27.0,614.0,160.0,22.7,5.43,2.14,10.09,1.96,23.251050170324476,-0.026638451664454665,4,0.4444444444444444,-1.0,7,6,1,1,0.0,4.4816199947607975,0.1132643539636766,0.25692695214105793,0.2157303370786517,0.08764044943820225,0.44601328903654486,0.3469966777408638,0.27070063694267515,4.252,0.3719839816454906
677594,Julio Rodríguez,R,SEA,5,Tomoyuki Sugano,R,608372.0,824300,SEA @ COL,12:10 PM,20/09,Final,0.7763265597979099,,,,True,1111101101,live,0,0,0.0,0,0,0.23643909387208634,0.3295135488692049,0.5602844455721225,0.30222901280483294,0.23163454069413006,20,1,-0.0007478632478632452,1.148,35.8,D,0.23519458544839256,2.857691421335605,0.4169453262333245,0.14209483570335282,20,6,0,0.24519230769230768,0.24444444444444444,0.5063559322033898,0.2805084745762712,0.21313559322033898,0.22847682119205298,0.23703703703703705,0.2275132275132275,0.23159303882195448,0.2471590909090909,381,0.24074074074074073,243,False,False,0.6444733885868666,0.13185317121104323,3.972027972027972,4.363636363636363,143,,,,,,,0.03346386700471354,20,5.49,1.36,142.2,12.0,10.0,86.0,34.0,0.0,0.0,0.0,27.0,SP,27.0,614.0,160.0,22.7,5.43,2.14,10.09,1.96,23.251050170324476,-0.025451559797909917,4,0.4444444444444444,-1.0,7,6,1,1,0.0,4.419497668541689,0.050328066695372216,0.24688796680497926,0.21904761904761905,0.06285714285714286,0.45413260672116257,0.35447275204359674,0.2952755905511811,4.027,0.3719839816454906
647304,Josh Naylor,L,SEA,6,Tomoyuki Sugano,R,608372.0,824300,SEA @ COL,12:10 PM,20/09,Final,0.7624755696436022,300.0,-285.0,25.0,False,1011101110,live,0,0,0.0,0,0,0.27140214027060156,0.2976489436347324,0.38686191638425793,0.28734365872244544,0.09861115321336891,20,1,0.0033682792303482145,1.148,35.8,D,0.23519458544839256,2.857691421335605,0.4169453262333245,0.14209483570335282,20,6,0,0.2698412698412698,0.27320954907161804,0.5063559322033898,0.2805084745762712,0.21313559322033898,0.2554347826086957,0.2711297071129707,0.24436741767764297,0.2594736842105263,0.258160237388724,368,0.2925764192139738,250,False,False,0.6636270596981021,0.0988485099455001,3.9305555555555554,4.291666666666667,144,,,,,,,0.07813973227025281,20,5.49,1.36,142.2,12.0,10.0,86.0,34.0,0.0,0.0,0.0,27.0,SP,27.0,614.0,160.0,22.7,5.43,2.14,10.09,1.96,23.251050170324476,0.000649430356397751,4,0.4444444444444444,-1.0,7,6,1,1,0.0,4.258866481550202,0.018042980706688846,0.2848101265822785,0.11306042884990253,0.05847953216374269,0.36250000000000004,0.31887900641025635,0.27070063694267515,3.896,0.3719839816454906
664983,Jake Mccarthy,L,COL,1,Kade Anderson,L,807739.0,824300,SEA @ COL,12:10 PM,20/09,Final,0.7624755696436022,-9900.0,9900.0,99.0,True,1110110111,live,0,0,0.0,0,0,0.3121821187110755,0.31136371786217226,0.277581193654111,0.3438553492516604,0.10333972797531807,20,1,0.0025282840408890617,1.148,42.5,D,0.24623115577889448,2.7488657855163927,0.3989964398258802,0.19752597857946147,5,6,0,0.29931972789115646,0.2967914438502674,0.41457286432160806,0.40703517587939697,0.17839195979899497,0.27866323907455015,0.2598116169544741,0.26356589147286824,0.27063852524712795,0.29003021148036257,357,0.3105263157894737,211,False,True,0.7009482882099712,0.061527281433630954,3.8308823529411766,4.176470588235294,136,,,,,,,0.10919377459254925,20,5.33,1.42,25.1,1.0,2.0,21.0,8.0,0.0,0.0,0.0,5.0,SP,5.0,107.0,28.0,21.4,7.46,2.84,9.95,1.42,21.412723826595432,-0.04485890297693551,6,0.6666666666666666,-18.0,6,7,1,1,0.0,4.539917146566729,0.03923561693151697,0.30462184873949577,0.1533980582524272,0.04660194174757282,0.28576826196473554,0.33865050377833755,0.4,4.443,0.35426261548443977
694249,Cole Carrigg,L,COL,5,Kade Anderson,L,807739.0,824300,SEA @ COL,12:10 PM,20/09,Final,0.7624755696436022,-9900.0,9900.0,99.0,True,1100110111,live,0,0,0.0,0,0,0.2800238220831491,0.2695187066693472,0.39835671741206063,0.3821560008487074,0.28734670530570794,20,1,0.05219696640445043,1.148,42.5,D,0.24623115577889448,2.7488657855163927,0.3989964398258802,0.19752597857946147,5,6,0,0.3007518796992481,0.24855491329479767,0.41457286432160806,0.40703517587939697,0.17839195979899497,0.2622259696458685,0.2457757296466974,0.2471042471042471,0.25370605675561203,0.26737967914438504,201,0.2773109243697479,144,True,True,0.6310093370851156,0.13146623255848655,3.6867469879518073,4.156626506024097,83,,,,,,,0.056881976512032605,20,5.33,1.42,25.1,1.0,2.0,21.0,8.0,0.0,0.0,0.0,5.0,SP,5.0,107.0,28.0,21.4,7.46,2.84,9.95,1.42,21.412723826595432,-0.04302556964360216,6,0.6666666666666666,-18.0,6,7,1,1,0.0,4.158918656569978,0.01106048620690329,0.2689873417721519,0.23809523809523808,0.07563025210084033,0.3704906204906205,0.323034632034632,0.4,4.161,0.35426261548443977
641487,J. P. Crawford,L,SEA,1,Tomoyuki Sugano,R,608372.0,824300,SEA @ COL,12:10 PM,20/09,Final,0.7512979273523976,-9900.0,9900.0,99.0,True,0011110110,live,5,2,0.4,1,2025,0.24834194780686628,0.2755575896537355,0.27987231625538456,0.2872996213209416,0.18198475196902889,20,1,-0.03465160075329568,1.148,35.8,D,0.23519458544839256,2.857691421335605,0.4169453262333245,0.14209483570335282,20,6,0,0.2457627118644068,0.2111111111111111,0.5063559322033898,0.2805084745762712,0.21313559322033898,0.22053406998158379,0.22752497225305215,0.25307125307125306,0.22624174562159058,0.2330508474576271,280,0.20394736842105263,183,False,False,0.6499965996580873,0.10130132769431033,3.5596330275229358,4.247706422018348,109,,,,,,,0.08735226806827177,20,5.49,1.36,142.2,12.0,10.0,86.0,34.0,0.0,0.0,0.0,27.0,SP,27.0,614.0,160.0,22.7,5.43,2.14,10.09,1.96,23.251050170324476,-0.04794792735239761,4,0.4444444444444444,-1.0,7,6,1,1,0.0,4.5654455080213605,0.0830064293541147,0.22169811320754718,0.1932938856015779,0.1282051282051282,0.3379345603271984,0.3135306748466258,0.27070063694267515,4.443,0.3719839816454906
665487,Fernando Tatís,R,SD,1,Sandy Alcántara,R,645261.0,823247,MIA @ SD,1:10 PM,20/09,Final,0.7483086968371642,-245.0,257.0,71.0,True,1111110111,live,13,2,0.15384615384615385,1,2023,0.2898170957615103,0.370801371945232,0.525806700163659,0.3948945298270074,0.20072315569916077,20,1,-0.070246607325259,0.954,46.7,D,0.2627599243856333,1.6736447430856178,0.4301625350209218,0.15089906837568318,20,4,0,0.33766233766233766,0.26741573033707866,0.593887838689351,0.19974795211090107,0.20636420919974796,0.28319882611885544,0.26864590876176686,0.25035161744022505,0.27425373134328357,0.26902173913043476,420,0.3116883116883117,255,False,False,0.702530547233892,0.0457781496032722,3.9407894736842106,4.440789473684211,152,,,,,,,0.19490197100180975,20,3.84,1.23,206.0,13.0,10.0,149.0,58.0,1.0,0.0,1.0,32.0,SP,33.0,861.0,195.0,26.1,6.51,2.53,8.52,1.0,24.46649648415659,-0.05418012540859274,7,0.7777777777777778,28.0,7,7,0,1,0.0,4.747990999537929,0.08133708449157348,0.29375,0.16791044776119404,0.08022388059701492,0.5206837606837607,0.36964102564102563,0.23974763406940064,4.443,0.36314361997130495
681198,Tj Rumfield,L,COL,4,Kade Anderson,L,807739,824300,SEA @ COL,12:10 PM,20/09,Final,0.7453391462260281,426.0,-355.0,19.0,False,1001111111,live,0,0,0.0,0,0,0.396807259220984,0.40967336075939287,0.26069462592114473,0.5022294644489239,0.15154237310584148,20,1,-0.02870281094711863,1.148,42.5,D,0.24623115577889448,2.7488657855163927,0.3989964398258802,0.19752597857946147,5,6,0,0.2805755395683453,0.30927835051546393,0.41457286432160806,0.40703517587939697,0.17839195979899497,0.31097560975609756,0.2733067729083665,0.2588597842835131,0.2918105574740997,0.2857142857142857,364,0.32547169811320753,247,True,True,0.6701507528487717,0.07518839337725647,3.5369127516778525,4.100671140939597,149,,,,,,,0.31549910828062744,20,4.18,1.21,32.1,1,2,28,8,0,0,0,6,SP,6,131,31,21.8,7.79,2.23,8.63,1.11,21.412723826595432,-0.04602247955936145,6,0.6666666666666666,-21.0,7,7,1,1,0.0,4.457166293596666,0.1375726185815411,0.31381733021077285,0.13480885311871227,0.11871227364185111,0.24629629629629632,0.3104076851851852,0.4,4.161,0.35426261548443977
691718,Pete Crow-Armstrong,L,CHC,1,Rhett Lowder,R,695076.0,824462,CHC @ CIN,10:40 AM,20/09,Final,0.7287778379451165,-245.0,257.0,71.0,True,1110010100,live,5,1,0.2,1,2024,0.2577261598769569,0.4281956524045442,0.5277972168539614,0.3211699053524058,0.25669256741709573,20,1,-0.0015132511724287867,1.083,39.6,D,0.2635228848821082,1.874630962295773,0.40589222238075195,0.16615584337908598,20,5,0,0.2774566473988439,0.2759433962264151,0.5006954102920723,0.2957811775614279,0.20352341214649977,0.25009784735812135,0.25720461095100866,0.2946107784431138,0.2600083402835696,0.26436781609195403,397,0.2931726907630522,295,False,False,0.6673057905311014,0.06147204741401513,3.8766233766233764,4.4935064935064934,154,,,,,,,-0.05686228803603018,20,5.79,1.52,124.1,6.0,11.0,98.0,51.0,0.0,0.0,0.0,24.0,SP,27.0,563.0,138.0,20.9,7.09,3.69,9.99,1.3,21.098576485649478,-0.0646778379451165,7,0.875,14.0,6,6,1,1,0.0,4.746269579797465,0.06668292264614463,0.28874734607218683,0.25678119349005424,0.11392405063291139,0.49949341438703143,0.3901874366767984,0.2682119205298013,4.443,0.3418646209457141
696100,Hunter Goodman,R,COL,3,Kade Anderson,L,807739.0,824300,SEA @ COL,12:10 PM,20/09,Final,0.7159952681265676,-203.0,223.0,67.0,True,1010001111,live,0,0,0.0,0,0,0.20137667404936477,0.2557085036545674,0.4491731201424677,0.2528416452225688,0.17173617971472732,20,1,-0.012217136813697793,1.148,42.5,D,0.24623115577889448,2.7488657855163927,0.3989964398258802,0.19752597857946147,5,6,0,0.23699421965317918,0.24921135646687698,0.41457286432160806,0.40703517587939697,0.17839195979899497,0.22122122122122123,0.22281368821292777,0.22023809523809523,0.22228006246746487,0.2097902097902098,322,0.29411764705882354,223,False,True,0.6438628474533824,0.07213242067318515,3.7404580152671754,4.1603053435114505,131,,,,,,,-0.09459566138898687,20,5.33,1.42,25.1,1.0,2.0,21.0,8.0,0.0,0.0,0.0,5.0,SP,5.0,107.0,28.0,21.4,7.46,2.84,9.95,1.42,21.412723826595432,-0.010145268126567575,6,0.6666666666666666,-18.0,6,7,1,1,0.0,4.277686922947967,0.08276395594931892,0.24553571428571427,0.30538922155688625,0.08183632734530938,0.459774011299435,0.3460386440677966,0.2597402597402597,4.252,0.35426261548443977
702284,Cole Young,L,SEA,7,Tomoyuki Sugano,R,608372.0,824300,SEA @ COL,12:10 PM,20/09,Final,0.7155415276395143,-223.0,233.0,69.0,False,1111100101,live,0,0,0.0,0,0,0.1967019225689021,0.3138324537288863,0.4587832542379997,0.24493238938507328,0.16591599943740412,20,2,0.0035197028472149505,1.148,35.8,D,0.23519458544839256,2.857691421335605,0.4169453262333245,0.14209483570335282,20,6,0,0.24581005586592178,0.24932975871313673,0.5063559322033898,0.2805084745762712,0.21313559322033898,0.22802960222016652,0.2303206997084548,0.2417391304347826,0.23019867549668874,0.2643312101910828,344,0.226890756302521,267,False,False,0.6259221163079557,0.0896194113315586,3.6556291390728477,4.046357615894039,151,,,,,,,0.05865155827196763,20,5.49,1.36,142.2,12.0,10.0,86.0,34.0,0.0,0.0,0.0,27.0,SP,27.0,614.0,160.0,22.7,5.43,2.14,10.09,1.96,23.251050170324476,-0.02016652763951432,4,0.4444444444444444,-1.0,7,6,1,1,0.0,3.924990879806081,0.0338760135379137,0.23702031602708803,0.15843621399176955,0.05555555555555555,0.3775045537340619,0.30613387978142076,0.27070063694267515,3.76,0.3719839816454906
661388,William Contreras,R,MIL,3,Brandon Young,R,687064,824789,MIL @ BAL,4:20 PM,20/09,In Progress,0.7112093138150944,-203.0,212.0,67.0,True,1011111111,live,0,0,0.0,0,0,0.29479750458761733,0.34439878560921183,0.4838492919060519,0.3727305064047302,0.18134593625267728,20,1,-0.042747501189909554,1.044,47.5,D,0.2622673434856176,2.0952017390938296,0.37696353289944035,0.18997620319414896,20,6,0,0.29842931937172773,0.2556818181818182,0.5423011844331641,0.26903553299492383,0.188663282571912,0.28040385497934833,0.24202334630350195,0.29025844930417494,0.2709693621295831,0.27358490566037735,359,0.26666666666666666,252,False,False,0.6839168107348538,0.02729250308024067,3.8785714285714286,4.364285714285714,140,,,,,,,0.1777634392912063,20,3.65,1.37,145.2,9,4,118,55,0,0,0,26,SP,26,629,145,24.2,7.29,3.4,8.96,1.3,24.56714219130153,-0.032298202703983314,9,1.0,-1.0,7,6,0,1,0.0,4.723772458264807,0.08296832534590717,0.2672413793103448,0.14722753346080306,0.08030592734225621,0.444702842377261,0.3116847545219638,0.29914529914529914,4.252,0.3180154339648764
664034,Ty France,R,SD,4,Sandy Alcántara,R,645261.0,823247,MIA @ SD,1:10 PM,20/09,Final,0.7052185060217715,138.0,-133.0,42.0,False,0011101111,live,0,0,0.0,0,0,0.3789354739871702,0.3515788811165729,0.4680088890067751,0.4379928523306097,0.16806812351264078,20,1,0.01736183524504692,0.954,46.7,D,0.2627599243856333,1.6736447430856178,0.4301625350209218,0.15089906837568318,20,4,0,0.29285714285714287,0.3102189781021898,0.593887838689351,0.19974795211090107,0.20636420919974796,0.2846481876332623,0.2823920265780731,0.37254901960784315,0.2958015267175573,0.32051282051282054,263,0.2833333333333333,210,False,False,0.6734349941213534,0.03178351190041806,3.4214876033057853,3.909090909090909,121,,,,,,,0.1646979574310904,20,3.84,1.23,206.0,13.0,10.0,149.0,58.0,1.0,0.0,1.0,32.0,SP,33.0,861.0,195.0,26.1,6.51,2.53,8.52,1.0,24.46649648415659,-0.04804707745034287,7,0.7777777777777778,28.0,7,7,0,1,0.0,4.411666333197753,0.07421319212554983,0.30656934306569344,0.20638297872340425,0.07021276595744681,0.48052016985138,0.33903025477707005,0.23974763406940064,4.161,0.36314361997130495
663728,Cal Raleigh,L,SEA,4,Tomoyuki Sugano,R,608372.0,824300,SEA @ COL,12:10 PM,20/09,Final,0.7033385410499067,-203.0,212.0,67.0,False,0100110101,live,0,0,0.0,0,0,0.2637476956160575,0.41466676307147765,0.44622550754307394,0.4687931105307131,0.3620182208545386,20,1,0.00685483870967743,1.148,35.8,D,0.23519458544839256,2.857691421335605,0.4169453262333245,0.14209483570335282,20,6,0,0.18064516129032257,0.1875,0.5063559322033898,0.2805084745762712,0.21313559322033898,0.17653113741636645,0.19090909090909092,0.17985611510791366,0.18029637760702524,0.20463320463320464,299,0.15476190476190477,201,False,False,0.5846955667433299,0.11864297430657678,3.588235294117647,4.201680672268908,119,,,,,,,0.09277182151259242,20,5.49,1.36,142.2,12.0,10.0,86.0,34.0,0.0,0.0,0.0,27.0,SP,27.0,614.0,160.0,22.7,5.43,2.14,10.09,1.96,23.251050170324476,-0.027288541049906745,4,0.4444444444444444,-1.0,7,6,1,1,0.0,4.381823187715375,0.09616749734212794,0.18372093023255814,0.31547619047619047,0.13095238095238096,0.3917589175891759,0.3037915129151292,0.27070063694267515,4.161,0.3719839816454906
663538,Nico Hoerner,R,CHC,6,Rhett Lowder,R,695076.0,824462,CHC @ CIN,10:40 AM,20/09,Final,0.702530547233892,-233.0,245.0,70.0,True,1111010011,live,7,2,0.2857142857142857,1,2024,0.27518512088246794,0.31652865404244773,0.343928447950422,0.2903283786989866,0.04826264221471797,20,1,0.010021229182874236,1.083,39.6,D,0.2635228848821082,1.874630962295773,0.40589222238075195,0.16615584337908598,20,5,0,0.2596685082872928,0.26968973747016706,0.5006954102920723,0.2957811775614279,0.20352341214649977,0.2550761421319797,0.25505443234836706,0.2315369261477046,0.25264423076923076,0.26646706586826346,366,0.2669172932330827,292,False,False,0.6828871666997932,0.019643380534098753,3.9735099337748343,4.357615894039735,151,,,,,,,0.13820561074380808,20,5.79,1.52,124.1,6.0,11.0,98.0,51.0,0.0,0.0,0.0,24.0,SP,27.0,563.0,138.0,20.9,7.09,3.69,9.99,1.3,21.098576485649478,-0.023544832948177774,7,0.875,14.0,6,6,1,1,0.0,4.089623427388799,0.0066551041800367305,0.25630252100840334,0.08155339805825243,0.05436893203883495,0.2993855606758833,0.32828686635944704,0.285,3.896,0.3418646209457141
694192,Jackson Chourio,R,MIL,1,Brandon Young,R,687064,824789,MIL @ BAL,4:20 PM,20/09,In Progress,0.7021586351137898,-245.0,257.0,71.0,False,1111001010,live,0,0,0.0,0,0,0.25215609905933045,0.36452238350208804,0.4608225707239338,0.3074417196805331,0.2516590261911807,20,1,-0.06880925822643613,1.044,47.5,D,0.2622673434856176,2.0952017390938296,0.37696353289944035,0.18997620319414896,20,6,0,0.32954545454545453,0.2607361963190184,0.5423011844331641,0.26903553299492383,0.188663282571912,0.2629310344827586,0.3032600454890068,0.2765072765072765,0.27776433583353494,0.29931972789115646,321,0.2644230769230769,229,False,False,0.6745959017194118,0.02756273339437809,4.183333333333334,4.583333333333333,120,,,,,,,-0.1276925670945066,20,3.65,1.37,145.2,9,4,118,55,0,0,0,26,SP,26,629,145,24.2,7.29,3.4,8.96,1.3,24.56714219130153,-0.027147524002678725,9,1.0,-1.0,7,6,0,1,0.0,4.888806493262463,0.06681896057447896,0.2848605577689243,0.23454545454545456,0.06909090909090909,0.4715817694369973,0.35398793565683645,0.29914529914529914,4.443,0.3180154339648764
805808,Kevin Mcgonigle,L,DET,1,Davis Martin,R,663436.0,824546,DET @ CWS,11:10 AM,20/09,Final,0.7021586351137898,-178.0,194.0,64.0,False,1011101111,live,0,0,0.0,0,0,0.28279440023139535,0.35337695839279565,0.46678315901065087,0.3275204424348766,0.09718745851144496,20,1,0.06254384786470227,0.968,29.3,F,0.2670807453416149,1.6592974466745272,0.4579092085564566,0.1459759531704685,20,5,0,0.22699386503067484,0.2895377128953771,0.5855085508550855,0.2704770477047705,0.14401440144014402,0.2744874715261959,0.26774420238931834,0.25573394495412843,0.2686627554116933,0.2857142857142857,401,0.2510822510822511,276,True,False,0.6777310022764752,0.02442763283731464,3.8523489932885906,4.543624161073826,149,,,,,,,0.10440325105177681,20,3.96,1.3,141.0,9.0,7.0,115.0,43.0,0.0,0.0,0.0,26.0,SP,27.0,592.0,140.0,21.9,7.34,2.74,8.94,0.89,20.289324788705887,-0.03641863511378984,5,0.625,2.0,7,7,0,1,0.0,4.790619404931536,0.15459078468090537,0.2623655913978495,0.13454545454545455,0.13818181818181818,0.3667519181585678,0.306076726342711,0.25961538461538464,4.443,0.3220588894180296
701538,Jackson Merrill,L,SD,5,Sandy Alcántara,R,645261.0,823247,MIA @ SD,1:10 PM,20/09,Final,0.7005070624989953,-170.0,178.0,63.0,True,1111111111,live,0,0,0.0,0,0,0.341054271449617,0.48316938041147534,0.6955610250922657,0.5072998150046495,0.23270024642430362,20,1,-0.04050569999689371,0.954,46.7,D,0.2627599243856333,1.6736447430856178,0.4301625350209218,0.15089906837568318,20,4,0,0.2876712328767123,0.2471655328798186,0.593887838689351,0.19974795211090107,0.20636420919974796,0.26270229582235605,0.24713584288052373,0.2222222222222222,0.2518487217409677,0.2541899441340782,384,0.26200873362445415,255,False,False,0.6601181461370755,0.04038891636191977,3.9133333333333336,4.26,150,,,,,,,0.146282761337358,20,3.84,1.23,206.0,13.0,10.0,149.0,58.0,1.0,0.0,1.0,32.0,SP,33.0,861.0,195.0,26.1,6.51,2.53,8.52,1.0,24.46649648415659,-0.06464991964185252,7,0.7777777777777778,28.0,7,7,0,1,0.0,4.4183990142121665,0.03817961753924371,0.2670940170940171,0.2406311637080868,0.055226824457593686,0.507466281310212,0.3835520231213873,0.2521186440677966,4.027,0.36314361997130495
605141,Mookie Betts,R,LAD,1,Matt Wilkinson,L,683363.0,823896,SF @ LAD,1:10 PM,20/09,Final,0.7001361117594187,-223.0,245.0,69.0,False,0101100111,live,0,0,0.0,0,0,0.40685775610976727,0.3741426994313596,0.4941982936657413,0.4429504297884293,0.08173635626466644,20,1,0.06327266662497136,0.973,60.0,C,0.24836601307189543,4.556539806901295,0.4688266132067089,0.15800738811291806,6,7,0,0.2994350282485876,0.23616236162361623,0.6437908496732027,0.13071895424836602,0.22549019607843138,0.24786753637732062,0.26156941649899396,0.289002557544757,0.2566607460035524,0.25735294117647056,293,0.26704545454545453,200,False,True,0.6873309407857388,0.012805170973679947,3.8956521739130436,4.28695652173913,115,,,,,,,0.0399134893903593,20,4.58,1.12,19.2,1.0,3.0,12.0,4.0,0.0,0.0,0.0,4.0,SP,6.0,81.0,18.0,13.5,5.49,1.83,8.24,1.83,13.334115349953619,-0.03134861175941883,8,0.7272727272727273,-1.0,5,7,1,1,0.0,4.655416830506442,0.14488620682834744,0.26143790849673204,0.10784313725490197,0.08823529411764706,0.3886138613861386,0.315299504950495,0.2631578947368421,4.352,0.3150499754058648
650490,Yandy Díaz,R,TB,1,Patrick Sandoval,L,663776.0,822922,BOS @ TB,10:40 AM,20/09,Final,0.6971947573181216,,,,False,1110010000,live,15,3,0.2,1,2022,0.18603325741135368,0.2726941021903758,0.47994249682723533,0.21519388814566515,0.18698247240622903,20,2,0.0025425883549453077,0.96,35.7,D,0.2798029556650246,2.0982014296804645,0.38060196266443563,0.24068668373673424,12,5,0,0.29239766081871343,0.2898550724637681,0.4147783251231527,0.32315270935960594,0.2620689655172414,0.267534116153602,0.28535353535353536,0.25691699604743085,0.27098765432098765,0.2615803814713896,407,0.3394495412844037,247,False,False,0.7001361117594187,-0.0029413544412970616,3.979591836734694,4.448979591836735,147,,,,,,,-0.025440667198753646,20,4.99,1.79,57.2,1.0,6.0,62.0,29.0,0.0,0.0,0.0,12.0,SP,12.0,267.0,74.0,22.2,9.68,4.53,11.55,0.94,22.078543161944342,-0.002680471603835999,7,0.7777777777777778,9.0,7,6,0,1,0.0,4.576230534890087,0.05099446764171471,0.2857142857142857,0.15140186915887852,0.0691588785046729,0.49129353233830847,0.33473196517412934,0.2926829268292683,4.443,0.3398950954843073
670541,Yordan Álvarez,L,HOU,2,Martín Pérez,L,527048.0,824139,ATL @ HOU,11:10 AM,20/09,Final,0.6968225405814806,-223.0,245.0,69.0,True,1010011111,live,15,5,0.3333333333333333,1,2022,0.2553513724935821,0.2969926868126558,0.516483642850055,0.3046207158777042,0.17763121357777858,20,1,-0.07162413755338953,0.998,52.4,C,0.27075645756457567,1.3800287398549973,0.34020936403254853,0.16091112195558896,20,5,0,0.2608695652173913,0.33249370277078083,0.6175519630484988,0.07344110854503465,0.3090069284064665,0.3132621951219512,0.2931760741364785,0.37058152793614596,0.3190546528803545,0.3446327683615819,421,0.2541436464088398,233,False,False,0.6745959017194118,0.02222663886206888,3.566666666666667,4.36,150,,,,,,,0.06053478985824823,20,3.07,1.26,137.2,9.0,9.0,100.0,60.0,0.0,0.0,0.0,25.0,SP,29.0,575.0,113.0,19.8,6.54,3.92,7.39,0.85,22.25192676359009,-0.02437968343862351,7,0.875,18.0,7,6,1,1,0.0,4.122428599582541,0.14626907644983825,0.30424528301886794,0.19423076923076923,0.11346153846153846,0.5497420020639835,0.4031145510835913,0.24675324675324675,4.352,0.3107017906391009
802415,Chandler Simpson,L,TB,5,Patrick Sandoval,L,663776.0,822922,BOS @ TB,10:40 AM,20/09,Final,0.6949909741710553,-223.0,233.0,69.0,True,1001111101,live,0,0,0.0,0,0,0.3321627623332444,0.3282905676238456,0.17286648118173153,0.3426912545772557,0.03255396608576876,20,1,-0.060104529616724744,0.96,35.7,D,0.2798029556650246,2.0982014296804645,0.38060196266443563,0.24068668373673424,12,5,0,0.2642857142857143,0.32439024390243903,0.4147783251231527,0.32315270935960594,0.2620689655172414,0.3102987070887205,0.2865928659286593,0.2759295499021526,0.3005296905492055,0.32515337423312884,350,0.2857142857142857,244,False,False,0.6885763481245274,0.0064146260465278715,3.8732394366197185,4.183098591549296,142,,,,,,,0.22022873719211378,20,4.99,1.79,57.2,1.0,6.0,62.0,29.0,0.0,0.0,0.0,12.0,SP,12.0,267.0,74.0,22.2,9.68,4.53,11.55,0.94,22.078543161944342,0.00039474011465900904,7,0.7777777777777778,9.0,7,6,0,1,0.0,4.2774522037828655,0.02468116357882223,0.3065217391304348,0.07847082494969819,0.04225352112676056,0.13915281076801267,0.28079394299287413,0.37681159420289856,4.027,0.3398950954843073
606466,Ketel Marte,L,AZ,2,Will Warren,R,701542.0,825028,NYY @ AZ,1:10 PM,20/09,Final,0.6932177582031885,-186.0,194.0,65.0,True,1110111100,live,0,0,0.0,0,0,0.21210864175938446,0.2869428625916571,0.3396877714693317,0.2502204433640825,0.12363759341539558,20,1,-0.006256595808834614,1.0,35.7,D,0.28417696293343964,2.198824160153512,0.48291795651829816,0.2069694554817134,20,6,0,0.2537313432835821,0.2474747474747475,0.6115768463073852,0.25429141716566867,0.1341317365269461,0.23529411764705882,0.2108060230292294,0.23062898814949864,0.22769450392576732,0.23939393939393938,362,0.265,228,False,False,0.6759196210478664,0.017298137155322135,3.9849624060150375,4.43609022556391,133,,,,,,,-0.05641092361908637,20,3.89,1.36,148.0,10.0,6.0,147.0,51.0,0.0,0.0,0.0,28.0,SP,30.0,641.0,150.0,21.4,8.94,3.1,9.12,1.28,20.700201849287403,-0.008760615346045664,7,0.875,-7.0,5,6,0,1,0.0,4.586796496266412,0.07236045966494958,0.25366876310272535,0.13721804511278196,0.07142857142857142,0.4133250825082508,0.3245317656765676,0.26993865030674846,4.352,0.28423742089864523
686797,Brooks Lee,L,MIN,2,Ryan Johnson,R,696270.0,823975,MIN @ LAA,1:07 PM,20/09,Final,0.6925965386965819,-186.0,194.0,65.0,True,0010101111,live,0,0,0.0,0,0,0.27849682453682806,0.30525376003351584,0.35150351077447795,0.3080540862486332,0.18328648588778051,20,1,0.04925673973293024,0.979,59.7,C,0.2750809061488673,1.8251890606388024,0.3505477317974223,0.18562183195220636,20,5,0,0.21604938271604937,0.2653061224489796,0.5637540453074433,0.22459546925566343,0.21165048543689322,0.24616259238203525,0.24787052810902896,0.25025641025641027,0.24731732243229432,0.25705329153605017,334,0.2425531914893617,266,False,False,0.6759196210478664,0.016676917648715484,3.7945205479452055,4.109589041095891,146,,,,,,,0.19082007877637533,20,4.88,1.34,90.1,5.0,8.0,70.0,39.0,0.0,0.0,0.0,17.0,SP,20.0,388.0,82.0,19.4,6.97,3.89,8.17,1.79,20.700065172454604,-0.027236538696581936,5,0.5555555555555556,-12.0,6,7,1,1,0.0,4.183217792961474,0.02094789910059551,0.24891774891774893,0.15831663326653306,0.05410821643286573,0.33803307223672757,0.27731853785900784,0.24390243902439024,4.352,0.3384246512699708
691406,Junior Caminero,R,TB,3,Patrick Sandoval,L,663776.0,822922,BOS @ TB,10:40 AM,20/09,Final,0.6885763481245274,-194.0,203.0,66.0,True,1011111011,live,0,0,0.0,0,0,0.23781068566126307,0.353481337367223,0.46232640752850257,0.32407260587234227,0.2012674990736573,20,1,-0.01687950156864476,0.96,35.7,D,0.2798029556650246,2.0982014296804645,0.38060196266443563,0.24068668373673424,12,5,0,0.2641509433962264,0.2810304449648712,0.4147783251231527,0.32315270935960594,0.2620689655172414,0.2974084738790621,0.2706169822846671,0.30446927374301674,0.28995669210146424,0.2967032967032967,403,0.24324324324324326,268,False,False,0.6949909741710553,-0.0064146260465278715,3.8300653594771243,4.38562091503268,153,,,,,,,-0.053763709320589194,20,4.99,1.79,57.2,1.0,6.0,62.0,29.0,0.0,0.0,0.0,12.0,SP,12.0,267.0,74.0,22.2,9.68,4.53,11.55,0.94,22.078543161944342,-0.005490633838813097,7,0.7777777777777778,9.0,7,6,0,1,0.0,4.424267175382569,0.0915989551183718,0.2826086956521739,0.18490566037735848,0.09056603773584905,0.5142725598526703,0.34625414364640883,0.2926829268292683,4.252,0.3398950954843073
673548,Seiya Suzuki,R,CHC,2,Rhett Lowder,R,695076.0,824462,CHC @ CIN,10:40 AM,20/09,Final,0.6873309407857388,-212.0,223.0,68.0,True,1010011011,live,5,2,0.4,1,2024,0.22130506319476043,0.33478285023823495,0.4769273713194029,0.3251142052060081,0.23624111010853355,20,1,-0.033140216566659775,1.083,39.6,D,0.2635228848821082,1.874630962295773,0.40589222238075195,0.16615584337908598,20,5,0,0.29012345679012347,0.2569832402234637,0.5006954102920723,0.2957811775614279,0.20352341214649977,0.26170212765957446,0.20182926829268294,0.2822384428223844,0.24290220820189273,0.2517241379310345,336,0.28695652173913044,270,False,False,0.6420706712681493,0.045260269517589435,3.795620437956204,4.423357664233577,137,,,,,,,0.08664746516035429,20,5.79,1.52,124.1,6.0,11.0,98.0,51.0,0.0,0.0,0.0,24.0,SP,27.0,563.0,138.0,20.9,7.09,3.69,9.99,1.3,21.098576485649478,-0.05271665507145307,7,0.875,14.0,6,6,1,1,0.0,4.397425645724883,0.18886927883710555,0.2603938730853392,0.24436090225563908,0.12406015037593984,0.3837920489296636,0.33241284403669724,0.285,4.352,0.3418646209457141
665161,Jeremy Peña,R,HOU,1,Martín Pérez,L,527048.0,824139,ATL @ HOU,11:10 AM,20/09,Final,0.686181912650054,,,,True,1110011101,live,14,2,0.14285714285714285,1,2022,0.25423126346797886,0.3614105219754628,0.40464424233528096,0.35903204466503014,0.3375647659610793,20,1,-0.04360902255639096,0.998,52.4,C,0.27075645756457567,1.3800287398549973,0.34020936403254853,0.16091112195558896,20,5,0,0.24210526315789474,0.2857142857142857,0.6175519630484988,0.07344110854503465,0.3090069284064665,0.2726750861079219,0.24979044425817268,0.26899383983572894,0.26427738927738925,0.27205882352941174,292,0.2827586206896552,160,False,False,0.662908422699097,0.023273489950957016,4.009615384615385,4.346153846153846,104,,,,,,,0.049585166583353504,20,3.07,1.26,137.2,9.0,9.0,100.0,60.0,0.0,0.0,0.0,25.0,SP,29.0,575.0,113.0,19.8,6.54,3.92,7.39,0.85,22.25192676359009,-0.02729619836433983,7,0.875,18.0,7,6,1,1,0.0,4.147854323505569,0.021941744184131112,0.2777777777777778,0.2333965844402277,0.05502846299810247,0.4053719008264463,0.3541404958677686,0.21428571428571427,4.443,0.3107017906391009
672515,Gabriel Moreno,R,AZ,3,Will Warren,R,701542.0,825028,NYY @ AZ,1:10 PM,20/09,Final,0.68612059388192,-9900.0,9900.0,99.0,True,1011111101,live,0,0,0.0,0,0,0.3210847142786446,0.33807902215696783,0.4041355790162598,0.40142940863940174,0.17674515081251646,20,1,0.0472727272727273,1.0,35.7,D,0.28417696293343964,2.198824160153512,0.48291795651829816,0.2069694554817134,20,6,0,0.2727272727272727,0.32,0.6115768463073852,0.25429141716566867,0.1341317365269461,0.30398126463700237,0.29725228975853457,0.30128205128205127,0.2998692810457516,0.2900763358778626,297,0.33152173913043476,222,False,False,0.6775021846883259,0.008618409193594134,3.6260162601626016,4.219512195121951,123,,,,,,,-0.03715615348895913,20,3.89,1.36,148.0,10.0,6.0,147.0,51.0,0.0,0.0,0.0,28.0,SP,30.0,641.0,150.0,21.4,8.94,3.1,9.12,1.28,20.700201849287403,-0.0036920224533487644,7,0.875,-7.0,5,6,0,1,0.0,4.378513377855547,0.09917161952945405,0.30414746543778803,0.1482213438735178,0.11264822134387352,0.4249767873723305,0.3453857938718663,0.24701195219123506,4.252,0.28423742089864523
641355,Cody Bellinger,L,NYY,2,Corbin Burnes,R,669203.0,825028,NYY @ AZ,1:10 PM,20/09,Final,0.68612059388192,-194.0,212.0,66.0,True,1111011110,live,14,2,0.14285714285714285,1,2022,0.35002313618806025,0.30377175707947496,0.43951750810448337,0.41406947959079693,0.10529108940580471,20,1,-0.03513191555841977,1.0,52.2,C,0.25757575757575757,,,,2,6,0,0.2958579881656805,0.2607260726072607,0.5833333333333334,0.2878787878787879,0.12878787878787878,0.25024975024975027,0.2796610169491525,0.25894378194207834,0.26002258610954265,0.2563176895306859,313,0.29743589743589743,225,False,False,0.6857483771452793,0.0003722167366407847,3.746031746031746,4.26984126984127,126,,,,,,,0.11107494496797639,20,5.87,1.17,7.2,0.0,0.0,6.0,2.0,0.0,0.0,0.0,2.0,SP,2.0,32.0,7.0,16.0,7.04,2.35,8.22,2.35,,-0.01237773673906295,7,1.0,36.0,6,6,0,1,0.0,4.401241212463888,0.027882713375805567,0.2721238938053097,0.1539961013645224,0.10331384015594541,0.37350312779267203,0.33558936550491514,0.3333333333333333,4.352,0.3040566228203057
804606,Konnor Griffin,R,PIT,1,Michael Wacha,R,608379.0,823329,KC @ PIT,10:35 AM,20/09,Final,0.6857483771452793,-212.0,233.0,68.0,True,1010111110,live,0,0,0.0,0,0,0.2522230835221446,0.34072451226900113,0.28134726390032266,0.29596809005294517,0.1967362386172688,20,1,0.04328817733990148,1.013,75.6,B,0.26918995401485674,3.2681791689219297,0.3482605531550668,0.1877871803609952,20,5,0,0.2375,0.28078817733990147,0.5617699115044248,0.18867256637168142,0.24955752212389382,0.26773049645390073,0.225114854517611,0.25903614457831325,0.25589066918001885,0.310126582278481,168,0.216,142,True,False,0.6502886717549584,0.03545970539032084,3.9305555555555554,4.305555555555555,72,,,,,,,0.13140638626169923,20,3.34,1.1,188.2,9.0,9.0,149.0,49.0,0.0,0.0,0.0,30.0,SP,30.0,760.0,158.0,25.3,7.11,2.34,7.54,1.29,25.261729752032135,-0.00048171047861256255,9,0.9,35.0,7,6,1,1,0.0,4.571046712243066,0.06789751265190946,0.26013513513513514,0.2553846153846154,0.06769230769230769,0.3568075117370892,0.3315892018779343,0.24067796610169492,4.443,0.3462983409042722
687957,Dustin Harris,L,SD,2,Sandy Alcántara,R,645261.0,823247,MIA @ SD,1:10 PM,20/09,Final,0.6852816021742667,-669.0,669.0,87.0,True,0111111111,live,0,0,0.0,0,0,0.35901204947786775,0.3174525099512215,0.19198422534455278,0.41610247420779206,0.14316127973721912,20,1,-0.028070175438596467,0.954,46.7,D,0.2627599243856333,1.6736447430856178,0.4301625350209218,0.15089906837568318,20,4,0,0.3333333333333333,0.30526315789473685,0.593887838689351,0.19974795211090107,0.20636420919974796,0.2927536231884058,0.2757201646090535,0.3333333333333333,0.29492455418381347,0.3387096774193548,69,0.26666666666666666,53,False,False,0.6686772908981918,0.016604311276074868,2.9722222222222223,3.388888888888889,36,,,,,,,0.07590693615765902,20,3.84,1.23,206.0,13.0,10.0,149.0,58.0,1.0,0.0,1.0,32.0,SP,33.0,861.0,195.0,26.1,6.51,2.53,8.52,1.0,24.46649648415659,-0.039524459317123894,7,0.7777777777777778,28.0,7,7,0,1,0.0,3.891610061292068,0.07579901069523608,0.2840909090909091,0.18877551020408162,0.07653061224489796,0.21654676258992805,0.2820071942446043,0.2521186440677966,4.352,0.36314361997130495
650333,Luis Arráez,L,PHI,4,Jonah Tong,R,804636.0,823570,PHI @ NYM,10:10 AM,20/09,Final,0.6849096900541646,-233.0,245.0,70.0,True,1110011001,live,0,0,0.0,0,0,0.27079958288672956,0.3173696654764305,0.1771679414992761,0.2801562424550352,0.059457746790390564,20,1,-0.07227414330218068,0.949,70.4,B,0.2661064425770308,2.2295581946289653,0.2898033625704397,0.22117639497889652,5,6,0,0.36666666666666664,0.29439252336448596,0.6470588235294118,0.0700280112044818,0.28291316526610644,0.34515119916579773,0.3246628131021195,0.30687830687830686,0.3348878525427493,0.3556851311953353,370,0.251063829787234,266,False,False,0.6923298790163771,-0.007420188962212526,3.958904109589041,4.3561643835616435,146,,,,,,,0.09365862073957114,20,3.43,1.19,21.0,2.0,1.0,20.0,9.0,0.0,0.0,0.0,2.0,RP,5.0,91.0,16.0,18.2,8.57,3.86,6.86,0.86,18.627236045040195,-0.0077596900541646585,8,0.8,-22.0,7,6,0,1,0.0,4.216189259425587,0.09621702124415023,0.3130252100840336,0.045714285714285714,0.045714285714285714,0.19424778761061945,0.29893362831858405,0.23404255319148937,4.161,0.3413462281353985
680757,Steven Kwan,L,CLE,1,Jack Perkins,R,678022.0,824381,ATH @ CLE,10:40 AM,20/09,Final,0.6845380302414604,-223.0,233.0,69.0,True,1111111001,live,0,0,0.0,0,0,0.28502823598760935,0.3296526214037223,0.1534347944682151,0.30843181639906125,0.08685492867148721,20,1,0.05515797487628474,0.987,55.4,C,0.29132231404958675,2.235546226701329,0.3887179942731986,0.25041295841984795,20,5,0,0.23943661971830985,0.2945945945945946,0.5,0.313953488372093,0.18604651162790697,0.29454671761028134,0.29497907949790797,0.2985386221294363,0.2950023137436372,0.30272108843537415,334,0.24770642201834864,273,False,False,0.6823342470943943,0.0022037831470661517,3.5804195804195804,4.244755244755245,143,,,,,,,0.08700871308261497,20,6.14,1.48,110.0,3.0,11.0,127.0,48.0,3.0,2.0,5.0,15.0,RP,35.0,497.0,115.0,14.2,10.39,3.93,9.41,1.64,20.13074932122031,0.004239747536317284,9,0.75,-7.0,7,6,1,1,0.0,4.497378734362396,0.1289761082468525,0.28841607565011823,0.09523809523809523,0.1349206349206349,0.11,0.317718,0.2727272727272727,4.443,0.36577176730649064
665019,Kody Clemens,L,MIN,3,Ryan Johnson,R,696270.0,823975,MIN @ LAA,1:07 PM,20/09,Final,0.6844246578168246,138.0,-133.0,42.0,False,1111101110,live,0,0,0.0,0,0,0.2407239240758842,0.3353823779417664,0.3941833999389603,0.33756622949011744,0.18518484521887263,20,2,-0.027425316038513115,0.979,59.7,C,0.2750809061488673,1.8251890606388024,0.3505477317974223,0.18562183195220636,20,5,0,0.2616822429906542,0.23425692695214106,0.5637540453074433,0.22459546925566343,0.21165048543689322,0.23771224307417338,0.23212627669452182,0.23639774859287055,0.2360425863412101,0.2745762711864407,328,0.19138755980861244,228,False,False,0.6592529400634438,0.025171717753380785,3.7333333333333334,4.118518518518519,135,,,,,,,0.1537367115926738,20,4.88,1.34,90.1,5.0,8.0,70.0,39.0,0.0,0.0,0.0,17.0,SP,20.0,388.0,82.0,19.4,6.97,3.89,8.17,1.79,20.700065172454604,-0.03202465781682451,5,0.5555555555555556,-12.0,6,7,1,1,0.0,4.3017446267962605,0.10557721900998632,0.24780701754385964,0.212,0.064,0.468,0.33475285714285713,0.24390243902439024,4.252,0.3384246512699708
701678,Hao-Yu Lee,R,DET,3,Davis Martin,R,663436.0,824546,DET @ CWS,11:10 AM,20/09,Final,0.6839168107348538,-156.0,186.0,61.0,False,0001001011,live,0,0,0.0,0,0,0.23117035809144956,0.3076655952072352,0.4559993622404068,0.34913695876295675,0.29865101024042395,20,1,0.055092343553881984,0.968,29.3,F,0.2670807453416149,1.6592974466745272,0.4579092085564566,0.1459759531704685,20,5,0,0.23484848484848486,0.28994082840236685,0.5855085508550855,0.2704770477047705,0.14401440144014402,0.23544303797468355,0.2504258943781942,0.1864406779661017,0.2340637450199203,0.25308641975308643,172,0.2805755395683453,159,True,False,0.6450668757518495,0.038849934983004264,2.950980392156863,3.2450980392156863,102,,,,,,,-0.04521083251904067,20,3.96,1.3,141.0,9.0,7.0,115.0,43.0,0.0,0.0,0.0,26.0,SP,27.0,592.0,140.0,21.9,7.34,2.74,8.94,0.89,20.289324788705887,-0.03841681073485381,5,0.625,2.0,7,7,0,1,0.0,4.418762918907903,0.10596404400475913,0.2621359223300971,0.24705882352941178,0.07647058823529412,0.4148148148148148,0.3137288888888889,0.26339285714285715,4.252,0.3220588894180296
808982,Jung Hoo Lee,L,SF,2,Jack Dreyer,R,676263,823896,SF @ LAD,1:10 PM,20/09,Final,0.6525800905854698,138.0,-133.0,42.0,True,0101011011,live,0,0,0.0,0,0,0.2269685436862545,0.30008724625721317,0.3545046835472656,0.23557352332914785,0.07957272303760272,20,1,0.029360902255639088,0.973,71.6,B,0.29743589743589743,3.1303652634955053,0.4252185139357112,0.26055760874654793,0,0,0,0.2556390977443609,0.285,0.470404984423676,0.5295950155763239,0.0,0.27072072072072073,0.25477707006369427,0.28794642857142855,0.26804123711340205,0.26,319,0.30042918454935624,254,False,False,0.6788199761328206,-0.026239885547350794,3.780141843971631,4.0638297872340425,141,,,,,,,0.10081345836089775,20,3.28,1.14,60.1,5,2,69,23,2,3,5,2,RP,64,247,46,3.9,10.29,3.43,6.86,1.04,3.8408888924069666,-0.0008467572521364541,6,0.75,0.0,6,6,1,1,0.0,4.14722726883432,0.0440295926969183,0.28104575163398693,0.08979591836734693,0.04081632653061224,0.2987951807228916,0.31822590361445785,0.21875,4.027,0.3253659547684878
672640,Otto Lopez,R,MIA,2,Walker Buehler,R,621111.0,823247,MIA @ SD,1:10 PM,20/09,Final,0.6828871666997932,525.0,-133.0,16.0,False,1111100111,live,5,1,0.2,1,2025,0.33831971547639,0.3382377872054459,0.3998724909262965,0.3721247189138555,0.1428632438784107,20,1,-0.06422906304610831,0.954,58.4,C,0.2613126783530371,2.235592359265681,0.3634326179626859,0.19749381285379378,20,5,0,0.35260115606936415,0.28837209302325584,0.6395253682487725,0.2635024549918167,0.0969721767594108,0.32399827660491165,0.27471116816431324,0.31142857142857144,0.3053068355536143,0.29476584022038566,394,0.325,268,False,False,0.6946190620509531,-0.011731895351159927,3.993377483443709,4.3841059602649,151,,,,,,,0.2110289077780266,20,4.58,1.37,143.1,8.0,6.0,122.0,54.0,0.0,0.0,0.0,30.0,SP,30.0,609.0,142.0,20.3,7.66,3.39,8.92,1.26,20.068971571462296,-0.005362166699793169,4,0.5,25.0,7,6,0,1,0.0,4.649305017683572,0.0838845955848345,0.3,0.11320754716981132,0.05849056603773585,0.3926984126984127,0.3181083333333333,0.23076923076923078,4.252,0.3260280911972315
683737,Michael Busch,L,CHC,3,Rhett Lowder,R,695076.0,824462,CHC @ CIN,10:40 AM,20/09,Final,0.6823342470943943,-178.0,194.0,64.0,True,1011101001,live,6,1,0.16666666666666666,1,2024,0.21700385523720275,0.31104446912099987,0.35460288586203276,0.31481434092535926,0.24783746559631994,20,1,-0.05101670297748728,1.083,39.6,D,0.2635228848821082,1.874630962295773,0.40589222238075195,0.16615584337908598,20,5,0,0.2716049382716049,0.22058823529411764,0.5006954102920723,0.2957811775614279,0.20352341214649977,0.2275179856115108,0.24779361846571624,0.18950064020486557,0.2286348501664817,0.25076452599388377,384,0.2139917695473251,293,False,False,0.6188464680260598,0.06348777906833447,3.75,4.453947368421052,152,,,,,,,0.02044529674824857,20,5.79,1.52,124.1,6.0,11.0,98.0,51.0,0.0,0.0,0.0,24.0,SP,27.0,563.0,138.0,20.9,7.09,3.69,9.99,1.3,21.098576485649478,-0.06117710423725142,7,0.875,14.0,6,6,1,1,0.0,4.094619326281389,0.14971459080571572,0.24444444444444444,0.23134328358208955,0.13059701492537312,0.4110429447852761,0.32449386503067484,0.2682119205298013,4.252,0.3418646209457141
668804,Bryan Reynolds,L,PIT,3,Michael Wacha,R,608379.0,823329,KC @ PIT,10:35 AM,20/09,Final,0.6806372852453894,-178.0,186.0,64.0,True,0011100110,live,0,0,0.0,0,0,0.22878378602984334,0.30369369310724686,0.479015600598926,0.2823626643070557,0.21774157113060608,20,1,-0.01903890921183904,1.013,75.6,B,0.26918995401485674,3.2681791689219297,0.3482605531550668,0.1877871803609952,20,5,0,0.27419354838709675,0.2551546391752577,0.5617699115044248,0.18867256637168142,0.24955752212389382,0.2363045496750232,0.239568345323741,0.2663755458515284,0.24323114790780936,0.2911764705882353,397,0.21794871794871795,276,False,False,0.6589673805008797,0.021669904744509694,3.727272727272727,4.37012987012987,154,,,,,,,0.08945567118561412,20,3.34,1.1,188.2,9.0,9.0,149.0,49.0,0.0,0.0,0.0,30.0,SP,30.0,760.0,158.0,25.3,7.11,2.34,7.54,1.29,25.261729752032135,0.005184936976832866,9,0.9,35.0,7,6,1,1,0.0,4.429314484942248,0.06873204874468779,0.2621145374449339,0.22072936660268713,0.1036468330134357,0.48451327433628316,0.34542182890855455,0.21481481481481482,4.252,0.3462983409042722
606192,Teoscar Hernández,R,LAD,3,Matt Wilkinson,L,683363.0,823896,SF @ LAD,1:10 PM,20/09,Final,0.6357717986247462,,,,True,1100110111,live,0,0,0.0,0,0,0.3378715228621298,0.45506861002115834,0.5412493866973885,0.44551746033739614,0.24337360913966438,20,1,0.05495882563551738,0.973,60.0,C,0.24836601307189543,4.556539806901295,0.4688266132067089,0.15800738811291806,6,7,0,0.29931972789115646,0.24436090225563908,0.6437908496732027,0.13071895424836602,0.22549019607843138,0.2884841363102233,0.2824791418355185,0.23140495867768596,0.27903915761763737,0.2832618025751073,260,0.2388888888888889,201,False,True,0.6179860619962918,0.017785736628454396,3.52991452991453,3.9401709401709404,117,,,,,,,0.16780303161853197,20,4.58,1.12,19.2,1.0,3.0,12.0,4.0,0.0,0.0,0.0,4.0,SP,6.0,81.0,18.0,13.5,5.49,1.83,8.24,1.83,13.334115349953619,-0.024809298624746123,8,0.7272727272727273,-1.0,5,7,1,1,0.0,4.393385741359809,0.12721650014444516,0.2642857142857143,0.27292110874200426,0.08742004264392324,0.4554794520547945,0.3678664383561644,0.2631578947368421,3.896,0.3150499754058648
592518,Manny Machado,R,SD,3,Sandy Alcántara,R,645261.0,823247,MIA @ SD,1:10 PM,20/09,Final,0.6801073358024485,-186.0,203.0,65.0,False,0001111001,live,12,8,0.6666666666666666,1,2022,0.23731941224434078,0.28796991080248147,0.38217635179481013,0.28415455523723293,0.16022764230107925,20,1,-0.04047619047619047,0.954,46.7,D,0.2627599243856333,1.6736447430856178,0.4301625350209218,0.15089906837568318,20,4,0,0.25,0.20952380952380953,0.593887838689351,0.19974795211090107,0.20636420919974796,0.20958083832335328,0.21362433862433863,0.2336283185840708,0.21357998738700862,0.23163841807909605,396,0.19902912621359223,250,False,False,0.6456612552271586,0.03444608057528997,3.7333333333333334,4.306666666666667,150,,,,,,,0.0972753810983101,20,3.84,1.23,206.0,13.0,10.0,149.0,58.0,1.0,0.0,1.0,32.0,SP,33.0,861.0,195.0,26.1,6.51,2.53,8.52,1.0,24.46649648415659,-0.05186447865959132,7,0.7777777777777778,28.0,7,7,0,1,0.0,4.5472774341070155,0.12578866485322632,0.21806167400881057,0.20961538461538462,0.10384615384615385,0.44541062801932363,0.32652608695652174,0.23974763406940064,4.252,0.36314361997130495
676475,Alec Burleson,L,STL,3,Jake Irvin,R,663623.0,823001,WSH @ STL,11:15 AM,20/09,Final,0.6799808837308791,-223.0,233.0,69.0,False,1010111101,live,12,4,0.3333333333333333,1,2023,0.28284780266013065,0.431852811709054,0.6538964896963724,0.4339574817131217,0.28091376634995857,20,1,0.01838006230529593,1.031,41.7,D,0.27225732337736935,2.0029823858408182,0.43797486643691363,0.2265409243356364,20,7,0,0.26666666666666666,0.2850467289719626,0.6019529006318208,0.3176335439402642,0.08041355542791499,0.2991765782250686,0.24818049490538574,0.3333333333333333,0.2893239244252219,0.29310344827586204,383,0.2608695652173913,260,False,False,0.6701402481710926,0.009840635559786426,3.7777777777777777,4.2026143790849675,153,,,,,,,0.0944083384987943,20,5.51,1.41,96.1,2.0,9.0,96.0,46.0,0.0,0.0,0.0,19.0,SP,20.0,426.0,90.0,21.3,8.97,4.3,8.41,1.59,21.46023660343841,-0.0010919948419900738,9,0.9,3.0,7,6,1,1,0.0,3.945410649657743,0.10169252001189487,0.28794642857142855,0.18346774193548387,0.07258064516129033,0.5165732959850606,0.3743753501400561,0.2191780821917808,4.252,0.2965299102379153
650402,Gleyber Torres,R,DET,2,Davis Martin,R,663436.0,824546,DET @ CWS,11:10 AM,20/09,Final,0.6775021846883259,-170.0,203.0,63.0,False,1110110111,live,5,0,0.0,1,2024,0.27782812304086196,0.3526105801109064,0.35607546345912733,0.37929122352892736,0.1934230097395832,20,2,-0.008316172976397862,0.968,29.3,F,0.2670807453416149,1.6592974466745272,0.4579092085564566,0.1459759531704685,20,5,0,0.27102803738317754,0.2627118644067797,0.5855085508550855,0.2704770477047705,0.14401440144014402,0.2434733257661748,0.24452133794694347,0.2911392405063291,0.24855883350288233,0.27941176470588236,235,0.2446043165467626,166,False,False,0.6522243415085551,0.025277843179770776,3.7282608695652173,4.358695652173913,92,,,,,,,0.2870253350181935,20,3.96,1.3,141.0,9.0,7.0,115.0,43.0,0.0,0.0,0.0,26.0,SP,27.0,592.0,140.0,21.9,7.34,2.74,8.94,0.89,20.289324788705887,-0.03536218468832597,5,0.625,2.0,7,7,0,1,0.0,4.0830607276638755,0.09861832645118115,0.2610619469026549,0.20761904761904762,0.1180952380952381,0.34149659863945575,0.3226822157434402,0.26339285714285715,4.352,0.3220588894180296
681393,Connor Norby,R,COL,2,Kade Anderson,L,807739.0,824300,SEA @ COL,12:10 PM,20/09,Final,0.6775021846883259,456.0,-426.0,18.0,False,0101111111,live,0,0,0.0,0,0,0.3461964726711182,0.37567308571491936,0.30232940435308375,0.4588445229929233,0.2624067832439145,20,1,-0.02161172161172159,1.148,42.5,D,0.24623115577889448,2.7488657855163927,0.3989964398258802,0.19752597857946147,5,6,0,0.23076923076923078,0.2523809523809524,0.41457286432160806,0.40703517587939697,0.17839195979899497,0.21912013536379019,0.2148997134670487,0.2303206997084548,0.21982951996410946,0.2542372881355932,209,0.23357664233576642,155,False,True,0.6310093370851156,0.04649284760321026,3.204081632653061,3.7142857142857144,98,,,,,,,0.14181482631583567,20,5.33,1.42,25.1,1.0,2.0,21.0,8.0,0.0,0.0,0.0,5.0,SP,5.0,107.0,28.0,21.4,7.46,2.84,9.95,1.42,21.412723826595432,-0.030118851354992593,6,0.6666666666666666,-18.0,6,7,1,1,0.0,4.093534798185569,0.07029989104554706,0.2570694087403599,0.2825112107623318,0.09641255605381166,0.36660329531051966,0.3259334600760456,0.2597402597402597,4.352,0.35426261548443977
700250,Ben Rice,L,NYY,1,Corbin Burnes,R,669203.0,825028,NYY @ AZ,1:10 PM,20/09,Final,0.6759196210478664,-186.0,194.0,65.0,False,0011111110,live,0,0,0.0,0,0,0.35326281095229006,0.3239990978513016,0.47411633486493754,0.42840733977404033,0.16943378717940125,20,1,-0.022974308300395208,1.0,52.2,C,0.25757575757575757,,,,2,6,0,0.2784090909090909,0.2554347826086957,0.5833333333333334,0.2878787878787879,0.12878787878787878,0.25504587155963304,0.24444444444444444,0.23647798742138365,0.2486737400530504,0.24924012158054712,376,0.2837209302325581,258,False,False,0.6625476860137045,0.013371935034161897,3.7260273972602738,4.342465753424658,146,,,,,,,0.21215968668178087,20,5.87,1.17,7.2,0.0,0.0,6.0,2.0,0.0,0.0,0.0,2.0,SP,2.0,32.0,7.0,16.0,7.04,2.35,8.22,2.35,,-0.032019621047866265,7,1.0,36.0,6,6,0,1,0.0,4.625886597077877,0.15962856356643704,0.2510822510822511,0.23295454545454544,0.10984848484848485,0.45427728613569324,0.35297050147492626,0.3333333333333333,4.443,0.3040566228203057
608070,José Ramírez,L,CLE,2,Jack Perkins,R,678022.0,824381,ATH @ CLE,10:40 AM,20/09,Final,0.6759196210478664,,,,True,1100010111,live,0,0,0.0,0,0,0.22080962788949016,0.26058545950883927,0.23319223947807874,0.24830071934239467,0.11823092459383631,20,1,-0.015994623655913975,0.987,55.4,C,0.29132231404958675,2.235546226701329,0.3887179942731986,0.25041295841984795,20,5,0,0.24516129032258063,0.22916666666666666,0.5,0.313953488372093,0.18604651162790697,0.21637744034707157,0.22244094488188976,0.2,0.2157073695535234,0.25572519083969464,301,0.20441988950276244,210,False,False,0.6745959017194118,0.0013237193284546533,3.786324786324786,4.367521367521367,117,,,,,,,-0.015146478796195514,20,6.14,1.48,110.0,3.0,11.0,127.0,48.0,3.0,2.0,5.0,15.0,RP,35.0,497.0,115.0,14.2,10.39,3.93,9.41,1.64,20.13074932122031,0.005869267841022596,9,0.75,-7.0,7,6,1,1,0.0,4.395863334459693,0.035007858835349195,0.23841059602649006,0.12835249042145594,0.09770114942528736,0.3886873920552677,0.3105259067357513,0.2727272727272727,4.352,0.36577176730649064
693304,Nick Gonzales,R,PIT,5,Michael Wacha,R,608379.0,823329,KC @ PIT,10:35 AM,20/09,Final,0.6759196210478664,-223.0,245.0,69.0,False,1011111011,live,0,0,0.0,0,0,0.2669306244720318,0.34374336858939086,0.35566051123433834,0.29290956848152677,0.1526776732326797,20,1,0.0674066567438325,1.013,75.6,B,0.26918995401485674,3.2681791689219297,0.3482605531550668,0.1877871803609952,20,5,0,0.25824175824175827,0.3256484149855908,0.5617699115044248,0.18867256637168142,0.24955752212389382,0.279445727482679,0.27392120075046905,0.25157232704402516,0.27450980392156865,0.28213166144200624,336,0.3333333333333333,249,False,False,0.657446137511664,0.018473483536202373,3.75177304964539,4.148936170212766,141,,,,,,,0.12627001917403724,20,3.34,1.1,188.2,9.0,9.0,149.0,49.0,0.0,0.0,0.0,30.0,SP,30.0,760.0,158.0,25.3,7.11,2.34,7.54,1.29,25.261729752032135,-0.004386287714533088,9,0.9,35.0,7,6,1,1,0.0,4.1884660580228115,0.07781577742186806,0.30701754385964913,0.15976331360946747,0.07297830374753451,0.3345777777777778,0.3429902222222222,0.24067796610169492,4.027,0.3462983409042722
701398,Sal Stewart,R,CIN,3,David Peterson,L,656849.0,824462,CHC @ CIN,10:40 AM,20/09,Final,0.6742074387380651,-194.0,212.0,66.0,False,1111001110,live,7,2,0.2857142857142857,1,2026,0.30757452088159637,0.39634254291674015,0.5892151439891424,0.39003604361804495,0.24757931605131486,20,1,-0.02209302325581397,1.083,46.5,D,0.2715835140997831,1.6754055742423914,0.3472100572505905,0.2021560046167554,20,6,0,0.25,0.27209302325581397,0.5408340573414422,0.32493483927019984,0.13423110338835795,0.2603476821192053,0.2798653954010095,0.26062846580406657,0.26710166280782993,0.26170798898071623,401,0.27312775330396477,265,False,False,0.6589673805008797,0.015240058237185439,3.831168831168831,4.324675324675325,154,,,,,,,-0.03431454543494862,20,5.11,1.55,137.1,8.0,8.0,124.0,62.0,1.0,0.0,1.0,21.0,SP,30.0,622.0,151.0,20.7,8.13,4.06,9.9,0.92,21.22067109571048,-0.006474105404731922,6,0.8571428571428571,39.0,7,7,1,1,0.0,4.108717591671756,0.03656088235221078,0.27429805615550756,0.22972972972972974,0.07528957528957529,0.409593023255814,0.34171366279069765,0.28835978835978837,4.252,0.3176642596282665
802139,Jj Wetherholt,L,STL,1,Jake Irvin,R,663623.0,823001,WSH @ STL,11:15 AM,20/09,Final,0.6734349941213534,,,,True,0111100011,live,0,0,0.0,0,0,0.274225957897403,0.3842205913754933,0.5450264887456779,0.3354768196290435,0.21396817180426558,20,1,0.09686411149825785,1.031,41.7,D,0.27225732337736935,2.0029823858408182,0.43797486643691363,0.2265409243356364,20,7,0,0.17142857142857143,0.2682926829268293,0.6019529006318208,0.3176335439402642,0.08041355542791499,0.23341326938449242,0.2380178716490658,0.2542113323124043,0.23952909214398913,0.2540192926045016,360,0.2222222222222222,230,True,False,0.6734349941213534,0.0,3.885496183206107,4.5038167938931295,131,,,,,,,0.10967312888793927,20,5.51,1.41,96.1,2.0,9.0,96.0,46.0,0.0,0.0,0.0,19.0,SP,20.0,426.0,90.0,21.3,8.97,4.3,8.41,1.59,21.46023660343841,0.003642783656424342,9,0.9,3.0,7,6,1,1,0.0,3.8643182761011334,0.03450223447294227,0.24145299145299146,0.1614100185528757,0.09833024118738404,0.45931758530183725,0.32243044619422573,0.2191780821917808,4.443,0.2965299102379153
800050,Chase Delauter,L,CLE,3,Jack Perkins,R,678022.0,824381,ATH @ CLE,10:40 AM,20/09,Final,0.6734349941213534,-186.0,203.0,65.0,True,1011001011,live,0,0,0.0,0,0,0.2912636284331589,0.2971603964727466,0.5177516789169603,0.3180826419744713,0.16958888754298795,20,1,-0.049257317605941486,0.987,55.4,C,0.29132231404958675,2.235546226701329,0.3887179942731986,0.25041295841984795,20,5,0,0.32142857142857145,0.27217125382262997,0.5,0.313953488372093,0.18604651162790697,0.28735632183908044,0.2558139534883721,0.2236024844720497,0.26580861779518744,0.2751937984496124,294,0.3014354066985646,232,False,False,0.6692772539430433,0.004157740178310165,3.7063492063492065,4.174603174603175,126,,,,,,,-0.048102004031985494,20,6.14,1.48,110.0,3.0,11.0,127.0,48.0,3.0,2.0,5.0,15.0,RP,35.0,497.0,115.0,14.2,10.39,3.93,9.41,1.64,20.13074932122031,0.0064650058786465125,9,0.75,-7.0,7,6,1,1,0.0,4.081356744169251,0.11655885755737272,0.28699551569506726,0.1388888888888889,0.10912698412698413,0.4545656028368794,0.3245698138297872,0.2727272727272727,4.252,0.36577176730649064
671056,Iván Herrera,R,STL,2,Jake Irvin,R,663623.0,823001,WSH @ STL,11:15 AM,20/09,Final,0.6734349941213534,-186.0,194.0,65.0,True,1100000011,live,0,0,0.0,0,0,0.21256299929109215,0.3088442452344244,0.41696457965701383,0.28239007704096397,0.17411934532808304,20,1,0.007797243370220475,1.031,41.7,D,0.27225732337736935,2.0029823858408182,0.43797486643691363,0.2265409243356364,20,7,0,0.24157303370786518,0.24937027707808565,0.6019529006318208,0.3176335439402642,0.08041355542791499,0.22587719298245615,0.2295695570804741,0.24458204334365324,0.22933760256153693,0.23728813559322035,417,0.26244343891402716,266,False,False,0.6585412613504723,0.01489373277088113,3.758169934640523,4.4640522875816995,153,,,,,,,-0.04938477077114946,20,5.51,1.41,96.1,2.0,9.0,96.0,46.0,0.0,0.0,0.0,19.0,SP,20.0,426.0,90.0,21.3,8.97,4.3,8.41,1.59,21.46023660343841,-0.009001660788020005,9,0.9,3.0,7,6,1,1,0.0,4.3190939422818575,0.1489452307315098,0.24618736383442266,0.18984962406015038,0.08646616541353383,0.3937616387337058,0.3125851955307263,0.28378378378378377,4.352,0.2965299102379153
673962,Josh Jung,R,TEX,3,Spencer Miles,R,693686.0,822844,TOR @ TEX,11:35 AM,20/09,Final,0.6726248750976057,,,,False,0111101111,live,0,0,0.0,0,0,0.31396143019616973,0.32724474155603717,0.5844539178434207,0.36802777426652034,0.15559419721357962,20,1,-0.06211180124223603,0.964,83.4,A,0.2757660167130919,5.956560224939519,0.3478692746935475,0.2567319846343458,20,4,0,0.34782608695652173,0.2857142857142857,0.5938375350140056,0.40476190476190477,0.0014005602240896359,0.29302899444787167,0.29506314580941445,0.32941176470588235,0.2975627500909422,0.3203463203463203,256,0.2702702702702703,167,False,True,0.6968228451980195,-0.0241979701004138,3.86734693877551,4.316326530612245,98,,,,,,,0.15993876433666976,20,2.65,1.09,91.2,6.0,2.0,87.0,24.0,2.0,0.0,2.0,7.0,RP,47.0,370.0,76.0,7.9,8.54,2.36,7.46,0.49,5.618985846000491,0.00976401379128311,9,0.9,21.0,7,6,1,1,0.0,4.2891349148430296,0.07392158278349531,0.2903930131004367,0.17588932806324112,0.07312252964426877,0.5110207768744354,0.3443631436314363,0.1895424836601307,4.252,0.29564675112557454
669242,Tommy Edman,L,LAD,2,Matt Wilkinson,L,683363.0,823896,SF @ LAD,1:10 PM,20/09,Final,0.6759196210478664,144.0,-133.0,41.0,True,0000010001,live,0,0,0.0,0,0,0.1257517666485785,0.2259911093081131,0.22743195983030035,0.16180390337000586,0.22037588033228683,20,1,-0.040686078978859175,0.973,60.0,C,0.24836601307189543,4.556539806901295,0.4688266132067089,0.15800738811291806,6,7,0,0.22018348623853212,0.2608695652173913,0.6437908496732027,0.13071895424836602,0.22549019607843138,0.2308411214953271,0.1840607210626186,0.2402088772845953,0.2202020202020202,0.25165562913907286,172,0.23529411764705882,135,False,True,0.6561696477410588,0.01974997330680761,3.5064935064935066,3.987012987012987,77,,,,,,,-0.3487314366560538,20,4.58,1.12,19.2,1.0,3.0,12.0,4.0,0.0,0.0,0.0,4.0,SP,6.0,81.0,18.0,13.5,5.49,1.83,8.24,1.83,13.334115349953619,-0.01698212104786634,8,0.7272727272727273,-1.0,5,7,1,1,0.0,4.113019383648389,0.05471266344900659,0.22758620689655173,0.2053941908713693,0.05186721991701245,0.36086309523809523,0.3154821428571428,0.15,4.443,0.3150499754058648
605137,Josh Bell,L,MIN,4,Ryan Johnson,R,696270.0,823975,MIN @ LAA,1:07 PM,20/09,Final,0.6702878805184529,-178.0,186.0,64.0,True,0100101111,live,0,0,0.0,0,0,0.25183358412612006,0.38838702980413375,0.4744364440054867,0.3367706266778043,0.18733821812405507,20,1,-0.009245187436676794,0.979,59.7,C,0.2750809061488673,1.8251890606388024,0.3505477317974223,0.18562183195220636,20,5,0,0.2619047619047619,0.2526595744680851,0.5637540453074433,0.22459546925566343,0.21165048543689322,0.262551819438047,0.2376237623762376,0.23759541984732824,0.24976958525345622,0.2787878787878788,362,0.21962616822429906,240,False,False,0.6558840881784946,0.014403792339958255,3.7006802721088436,4.095238095238095,147,,,,,,,0.193893598554312,20,4.88,1.34,90.1,5.0,8.0,70.0,39.0,0.0,0.0,0.0,17.0,SP,20.0,388.0,82.0,19.4,6.97,3.89,8.17,1.79,20.700065172454604,-0.03150788051845299,5,0.5555555555555556,-12.0,6,7,1,1,0.0,4.215090299185255,0.058592847145458676,0.2583518930957684,0.20528455284552846,0.06910569105691057,0.42863984674329497,0.33384482758620687,0.24390243902439024,4.161,0.3384246512699708
677951,Bobby Witt,R,KC,2,Lake Bachar,R,669199.0,823329,KC @ PIT,10:35 AM,20/09,Final,0.6702120735000155,-233.0,257.0,70.0,True,0101110011,live,0,0,0.0,0,0,0.21824976421168826,0.299631786206386,0.43056642049444965,0.29277337859512853,0.16548087982157414,20,1,0.029935483870967727,1.013,82.4,A,0.2939460247994165,2.732833872282166,0.19929477571447227,0.28722074451185503,20,1,0,0.25806451612903225,0.288,0.34842951059167276,0.5756026296566837,0.07596785975164354,0.2653642653642654,0.26053904630269525,0.2713936430317848,0.2648623640990053,0.2921686746987952,363,0.25757575757575757,240,False,False,0.6960106687474669,-0.025798595247451317,3.8970588235294117,4.4338235294117645,136,,,,,,,0.22766709930553106,20,3.5,1.12,82.1,1.0,4.0,86.0,35.0,2.0,1.0,3.0,10.0,RP,50.0,339.0,57.0,6.8,9.4,3.83,6.23,1.42,7.48454860911767,0.026004593166651047,6,0.5454545454545454,-11.0,7,6,1,1,0.0,4.495056344912816,0.07874527506751214,0.2802547770700637,0.1726078799249531,0.08630393996247655,0.5015391380826737,0.3696033421284081,0.16279069767441862,4.352,0.32338604223336703
682985,Riley Greene,L,DET,4,Davis Martin,R,663436.0,824546,DET @ CWS,11:10 AM,20/09,Final,0.6702120735000155,-163.0,178.0,62.0,True,0111111111,live,12,5,0.4166666666666667,1,2022,0.3564984529080261,0.4183395913239113,0.3514706821322752,0.4798301711947087,0.24102564147999572,20,1,0.00470335281865214,0.968,29.3,F,0.2670807453416149,1.6592974466745272,0.4579092085564566,0.1459759531704685,20,5,0,0.2845528455284553,0.2892561983471074,0.5855085508550855,0.2704770477047705,0.14401440144014402,0.28998505231689087,0.3028322440087146,0.24478594950603733,0.282325338894682,0.3018181818181818,310,0.27014218009478674,252,False,False,0.6323432744245311,0.03786879907548446,3.654135338345865,4.225563909774436,133,,,,,,,0.1935010684531443,20,3.96,1.3,141.0,9.0,7.0,115.0,43.0,0.0,0.0,0.0,26.0,SP,27.0,592.0,140.0,21.9,7.34,2.74,8.94,0.89,20.289324788705887,-0.04301207350001557,5,0.625,2.0,7,7,0,1,0.0,4.243917093872746,0.07076259386672595,0.2958715596330275,0.2707509881422925,0.10869565217391304,0.4704570791527313,0.3956688963210703,0.25961538461538464,4.161,0.3220588894180296
691594,Javier Sanoja,R,MIA,6,Walker Buehler,R,621111.0,823247,MIA @ SD,1:10 PM,20/09,Final,0.6726248750976057,113.0,104.0,47.0,True,1110111110,live,0,0,0.0,0,0,0.3168382895272105,0.31273587745333403,0.38851181420731457,0.33730749589473025,0.07818467808340121,20,1,-0.01833629447405588,0.954,58.4,C,0.2613126783530371,2.235592359265681,0.3634326179626859,0.19749381285379378,20,5,0,0.30246913580246915,0.28413284132841327,0.6395253682487725,0.2635024549918167,0.0969721767594108,0.2887426900584795,0.27419354838709675,0.3,0.28530728530728533,0.2850467289719626,229,0.2968036529680365,234,False,False,0.6813046030593336,-0.00867972796172789,3.356589147286822,3.5891472868217056,129,,,,,,,0.12130591658859971,20,4.58,1.37,143.1,8.0,6.0,122.0,54.0,0.0,0.0,0.0,30.0,SP,30.0,609.0,142.0,20.3,7.66,3.39,8.92,1.26,20.068971571462296,-0.019699875097605735,4,0.5,25.0,7,6,0,1,0.0,4.353027276184994,0.04337276845722178,0.28641975308641976,0.07834101382488479,0.055299539170506916,0.32030548068283915,0.29478593890386345,0.23076923076923078,4.027,0.3260280911972315
668930,Brice Turang,L,MIL,2,Brandon Young,R,687064,824789,MIL @ BAL,4:20 PM,20/09,In Progress,0.6673057905311014,-178.0,186.0,64.0,False,0101110111,live,0,0,0.0,0,0,0.3373184654417574,0.3986582542296191,0.41491399710113774,0.4820252424381573,0.26034746692035665,20,2,0.05045770549561171,1.044,47.5,D,0.2622673434856176,2.0952017390938296,0.37696353289944035,0.18997620319414896,20,6,0,0.2289156626506024,0.2793733681462141,0.5423011844331641,0.26903553299492383,0.188663282571912,0.24428822495606328,0.26022566995768687,0.2608695652173913,0.25038910505836576,0.25787965616045844,395,0.275,256,False,False,0.640133187007844,0.027172603523257344,3.8661971830985915,4.584507042253521,142,,,,,,,0.031922024361053125,20,3.65,1.37,145.2,9,4,118,55,0,0,0,26,SP,26,629,145,24.2,7.29,3.4,8.96,1.3,24.56714219130153,-0.01956134608665694,9,1.0,-1.0,7,6,0,1,0.0,4.6994079745958235,0.1999586286867882,0.26495726495726496,0.25045703839122485,0.12248628884826325,0.39677744209466265,0.35674924471299096,0.22865853658536586,4.352,0.3180154339648764
682829,Elly De La Cruz,L,CIN,2,David Peterson,L,656849.0,824462,CHC @ CIN,10:40 AM,20/09,Final,0.6671415664610749,-203.0,212.0,67.0,True,1011111010,live,12,4,0.3333333333333333,1,2025,0.38082192323366576,0.46747718877648226,0.6547918530039768,0.5185864498431771,0.2920416397494208,20,1,0.030810587262200206,1.083,46.5,D,0.2715835140997831,1.6754055742423914,0.3472100572505905,0.2021560046167554,20,6,0,0.3076923076923077,0.2768817204301075,0.5408340573414422,0.32493483927019984,0.13423110338835795,0.26094648385670055,0.27076064200976974,0.268,0.26568815145713676,0.27627627627627627,370,0.30256410256410254,232,False,False,0.6542297139531758,0.012911852507899169,3.911111111111111,4.45925925925926,135,,,,,,,0.19126517268632665,20,5.11,1.55,137.1,8.0,8.0,124.0,62.0,1.0,0.0,1.0,21.0,SP,30.0,622.0,151.0,20.7,8.13,4.06,9.9,0.92,21.22067109571048,-0.007574899794408285,6,0.8571428571428571,39.0,7,7,1,1,0.0,4.176198752612992,0.1628295334592297,0.2863247863247863,0.27392120075046905,0.11069418386491557,0.5502070393374741,0.4160362318840579,0.24561403508771928,4.352,0.3176642596282665
666182,Bo Bichette,R,NYM,3,Cristopher Sánchez,L,650911.0,823570,PHI @ NYM,10:10 AM,20/09,Final,0.6658178471326203,-223.0,233.0,69.0,True,1101011111,live,12,2,0.16666666666666666,1,2024,0.2565142132451557,0.3803917496245464,0.435468270657487,0.33365111947906423,0.22628306696605002,20,1,0.03370279493470962,0.949,78.3,B,0.31883049077619213,4.231478553386039,0.38247921905560384,0.24422850484808487,20,5,0,0.2893081761006289,0.2556053811659193,0.43926209537069266,0.18656456665506438,0.37417333797424296,0.25992134429746155,0.2461858529819695,0.27911275415896486,0.25881126173096974,0.2712765957446808,406,0.25327510917030566,252,False,False,0.6759196210478664,-0.010101773915246137,3.9802631578947367,4.328947368421052,152,,,,,,,-0.014294059308559473,20,2.93,1.22,193.2,17.0,6.0,215.0,44.0,0.0,0.0,0.0,31.0,SP,31.0,805.0,193.0,26.0,9.99,2.04,8.97,0.79,25.52998264626691,-0.011140069354842574,9,0.9,4.0,7,7,0,1,0.0,4.620645519673996,0.07046446913179996,0.270042194092827,0.17953667953667954,0.07142857142857142,0.4018372703412073,0.3428127734033246,0.2892857142857143,4.252,0.33650007075026106
664040,Brandon Lowe,L,PIT,2,Michael Wacha,R,608379.0,823329,KC @ PIT,10:35 AM,20/09,Final,0.6654005626591474,-178.0,186.0,64.0,True,1101111111,live,10,1,0.1,1,2022,0.35191964755042776,0.45310854109377885,0.48689856576409635,0.5589024507954146,0.2882183100678748,20,1,0.05388793596340766,1.013,75.6,B,0.26918995401485674,3.2681791689219297,0.3482605531550668,0.1877871803609952,20,5,0,0.2196969696969697,0.27358490566037735,0.5617699115044248,0.18867256637168142,0.24955752212389382,0.2534121929026388,0.22715736040609136,0.29931972789115646,0.2534246575342466,0.26006191950464397,367,0.26180257510729615,259,False,False,0.6472053794325734,0.018195183226573985,3.888111888111888,4.3776223776223775,143,,,,,,,0.22138977191306725,20,3.34,1.1,188.2,9.0,9.0,149.0,49.0,0.0,0.0,0.0,30.0,SP,30.0,760.0,158.0,25.3,7.11,2.34,7.54,1.29,25.261729752032135,0.01662165956307493,9,0.9,35.0,7,6,1,1,0.0,4.104543158798187,0.10077791396178902,0.2672413793103448,0.2980769230769231,0.08653846153846154,0.46548004314994607,0.3600938511326861,0.21481481481481482,4.352,0.3462983409042722
669065,Kyle Stowers,L,MIA,1,Walker Buehler,R,621111.0,823247,MIA @ SD,1:10 PM,20/09,Final,0.6653347639092951,-163.0,170.0,62.0,True,0110110101,live,0,0,0.0,0,0,0.18832370655010025,0.2799244215270352,0.6038102166700712,0.33531653222920926,0.3502062858518718,20,1,0.03735632183908047,0.954,58.4,C,0.2613126783530371,2.235592359265681,0.3634326179626859,0.19749381285379378,20,5,0,0.20689655172413793,0.2442528735632184,0.6395253682487725,0.2635024549918167,0.0969721767594108,0.20949263502454993,0.2328767123287671,0.24649859943977592,0.22316219369894982,0.2204724409448819,292,0.2596685082872928,205,False,False,0.6502886717549584,0.015046092154336721,3.717948717948718,4.247863247863248,117,,,,,,,0.0678248887726734,20,4.58,1.37,143.1,8.0,6.0,122.0,54.0,0.0,0.0,0.0,30.0,SP,30.0,609.0,142.0,20.3,7.66,3.39,8.92,1.26,20.068971571462296,-0.04108476390929516,4,0.5,25.0,7,6,0,1,0.0,4.498078724096391,0.07195665956933635,0.24153498871331827,0.3142292490118577,0.09090909090909091,0.5715962441314554,0.3474225352112676,0.28115015974440893,4.443,0.3260280911972315
671277,Luis García,L,NYY,4,Corbin Burnes,R,669203.0,825028,NYY @ AZ,1:10 PM,20/09,Final,0.6799808837308791,,,,True,1111100100,live,10,2,0.2,1,2023,0.21026718413383608,0.28832368534468894,0.44220217060830935,0.2834887002882674,0.2997040223657443,20,1,0.012954130601189384,1.0,52.2,C,0.25757575757575757,,,,2,6,0,0.2702702702702703,0.28322440087145967,0.5833333333333334,0.2878787878787879,0.12878787878787878,0.24187935034802785,0.24701561065197428,0.2598343685300207,0.24788806758183737,0.2636986301369863,307,0.3088235294117647,214,False,False,0.6680309946502353,0.01194988908064376,3.517730496453901,3.6950354609929077,141,,,,,,,-0.0064249454608827075,20,5.87,1.17,7.2,0.0,0.0,6.0,2.0,0.0,0.0,0.0,2.0,SP,2.0,32.0,7.0,16.0,7.04,2.35,8.22,2.35,,-0.01936659801659335,7,1.0,36.0,6,6,0,1,0.0,3.816513294975061,0.006155721290356555,0.2934272300469484,0.18120805369127516,0.042505592841163314,0.47874396135265695,0.35472608695652175,0.3333333333333333,4.252,0.3040566228203057
667472,Dane Myers,R,CIN,1,David Peterson,L,656849.0,824462,CHC @ CIN,10:40 AM,20/09,Final,0.663542081156998,-178.0,203.0,64.0,False,1011010101,live,10,4,0.4,1,2024,0.26922935363546396,0.35322555216871554,0.43721643745991007,0.3431203990265564,0.20275503522506183,20,1,-0.016442048517520236,1.083,46.5,D,0.2715835140997831,1.6754055742423914,0.3472100572505905,0.2021560046167554,20,6,0,0.2571428571428571,0.27358490566037735,0.5408340573414422,0.32493483927019984,0.13423110338835795,0.2532299741602067,0.2847222222222222,0.24253731343283583,0.26056688214818496,0.28125,147,0.24836601307189543,175,False,False,0.6263476313559483,0.03719444980104969,2.7281553398058254,3.1262135922330097,103,,,,,,,0.011365166829347286,20,5.11,1.55,137.1,8.0,8.0,124.0,62.0,1.0,0.0,1.0,21.0,SP,30.0,622.0,151.0,20.7,8.13,4.06,9.9,0.92,21.22067109571048,-0.01445874782366463,6,0.8571428571428571,39.0,7,7,1,1,0.0,3.8015176428342023,0.11791034960706069,0.25925925925925924,0.23783783783783785,0.10810810810810811,0.4124293785310734,0.3213326271186441,0.28835978835978837,4.443,0.3176642596282665
691182,Adael Amador,L,COL,6,Kade Anderson,L,807739.0,824300,SEA @ COL,12:10 PM,20/09,Final,0.6632823419015691,-9900.0,9900.0,99.0,True,1111110001,live,0,0,0.0,0,0,0.32221805026889144,0.21896607244629576,0.21538999331542125,0.35638673566908713,0.12085075103420147,20,1,0.06358974358974362,1.148,42.5,D,0.24623115577889448,2.7488657855163927,0.3989964398258802,0.19752597857946147,5,6,0,0.32,0.2564102564102564,0.41457286432160806,0.40703517587939697,0.17839195979899497,0.27099236641221375,0.2661290322580645,0.2037037037037037,0.26136363636363635,0.30303030303030304,37,0.25806451612903225,36,False,True,0.5909328870528172,0.07234945484875188,3.0476190476190474,3.4761904761904763,21,,,,,,,0.03291308455777869,20,5.33,1.42,25.1,1.0,2.0,21.0,8.0,0.0,0.0,0.0,5.0,SP,5.0,107.0,28.0,21.4,7.46,2.84,9.95,1.42,21.412723826595432,-0.024665675234902373,6,0.6666666666666666,-18.0,6,7,1,1,0.0,3.506519239285364,0.12610815848647663,0.2072072072072072,0.17338709677419356,0.07661290322580645,0.24953445065176907,0.2517094972067039,0.4,3.896,0.35426261548443977
608369,Corey Seager,L,TEX,2,Spencer Miles,R,693686.0,822844,TOR @ TEX,11:35 AM,20/09,Final,0.6628501369827822,-170.0,186.0,63.0,False,1001111111,live,0,0,0.0,0,0,0.2810424227031716,0.40248725436601845,0.4436657233062468,0.3726034707453955,0.18684022901616681,20,1,-0.0686515748031496,0.964,83.4,A,0.2757660167130919,5.956560224939519,0.3478692746935475,0.2567319846343458,20,4,0,0.28125,0.2125984251968504,0.5938375350140056,0.40476190476190477,0.0014005602240896359,0.22653061224489796,0.24125874125874125,0.24448897795591182,0.2319551506657323,0.24680851063829787,262,0.2,141,False,True,0.6644744243463561,-0.0016242873635738952,3.763440860215054,4.333333333333333,93,,,,,,,0.004604999739346436,20,2.65,1.09,91.2,6.0,2.0,87.0,24.0,2.0,0.0,2.0,7.0,RP,47.0,370.0,76.0,7.9,8.54,2.36,7.46,0.49,5.618985846000491,-0.015450136982782081,9,0.9,21.0,7,6,1,1,0.0,4.471199669778335,0.06742208103507079,0.24663677130044842,0.2202729044834308,0.10331384015594541,0.502002002002002,0.3333453453453454,0.24736842105263157,4.352,0.29564675112557454
672695,Geraldo Perdomo,L,AZ,4,Will Warren,R,701542.0,825028,NYY @ AZ,1:10 PM,20/09,Final,0.6607408834619249,-9900.0,9900.0,99.0,True,0101101111,live,0,0,0.0,0,0,0.29641953141323446,0.30763725095719807,0.28958784548023886,0.37365688009879255,0.13622107881164036,20,1,-0.05815691158156913,1.0,35.7,D,0.28417696293343964,2.198824160153512,0.48291795651829816,0.2069694554817134,20,6,0,0.2945205479452055,0.23636363636363636,0.6115768463073852,0.25429141716566867,0.1341317365269461,0.2594650920458493,0.2732919254658385,0.2644230769230769,0.2633099463475031,0.2818181818181818,393,0.20398009950248755,250,False,False,0.654362845189279,0.006378038272645936,3.563758389261745,4.315436241610739,149,,,,,,,0.20484372089454825,20,3.89,1.36,148.0,10.0,6.0,147.0,51.0,0.0,0.0,0.0,28.0,SP,30.0,641.0,150.0,21.4,8.94,3.1,9.12,1.28,20.700201849287403,-0.022726597747639188,7,0.875,-7.0,5,6,0,1,0.0,4.263253774440595,0.1383217519390514,0.25635103926096997,0.12619502868068833,0.13766730401529637,0.31244323342415986,0.30693551316984563,0.26993865030674846,4.161,0.28423742089864523
686948,Drake Baldwin,L,ATL,1,Hunter Brown,R,686613.0,824139,ATL @ HOU,11:10 AM,20/09,Final,0.6605785085216643,-156.0,170.0,61.0,True,1111111011,live,0,0,0.0,0,0,0.3376303333442414,0.40389039638503504,0.4091729181605711,0.4775444968187516,0.23100656193080862,20,1,0.030985729386892147,0.998,71.6,B,0.29791271347248577,2.527066817712411,0.37959085548261223,0.2804595508812673,17,5,0,0.2616279069767442,0.29261363636363635,0.6122707147375079,0.2934851359898798,0.09424414927261227,0.27002012072434606,0.2567783094098884,0.3037593984962406,0.27165532879818594,0.28700906344410876,364,0.27461139896373055,223,False,False,0.6745959017194118,-0.014017393197747419,3.9696969696969697,4.446969696969697,132,,,,,,,0.2635764773030007,20,3.43,1.29,97.0,6.0,3.0,110.0,49.0,0.0,0.0,0.0,18.0,SP,18.0,406.0,76.0,22.6,10.21,4.55,7.05,1.02,22.75597597864321,0.00688815814500221,3,0.42857142857142855,7.0,7,6,1,1,0.0,4.6095927437404,0.05214670061277881,0.27789473684210525,0.225140712945591,0.08818011257035648,0.507981220657277,0.36570704225352113,0.20304568527918782,4.443,0.2911860411272642
670623,Isaac Paredes,R,HOU,3,Martín Pérez,L,527048.0,824139,ATL @ HOU,11:10 AM,20/09,Final,0.6589673805008797,-144.0,156.0,59.0,False,1111100111,live,6,1,0.16666666666666666,1,2022,0.2931289915336503,0.31150341612318105,0.39942114350250757,0.35105811480908755,0.17129651564129517,20,1,-0.022063326249054438,0.998,52.4,C,0.27075645756457567,1.3800287398549973,0.34020936403254853,0.16091112195558896,20,5,0,0.24647887323943662,0.26854219948849106,0.6175519630484988,0.07344110854503465,0.3090069284064665,0.25671433554237877,0.26108998732572875,0.33200531208499334,0.2687800192122959,0.2753623188405797,393,0.2393617021276596,232,False,False,0.657446137511664,0.001521242989215632,3.6258503401360542,4.2517006802721085,147,,,,,,,0.2451613655933756,20,3.07,1.26,137.2,9.0,9.0,100.0,60.0,0.0,0.0,0.0,25.0,SP,29.0,575.0,113.0,19.8,6.54,3.92,7.39,0.85,22.25192676359009,-0.009395951929451085,7,0.875,18.0,7,6,1,1,0.0,4.107263790458752,0.1028899755087008,0.26036866359447003,0.13060428849902533,0.10916179337231968,0.30040871934604907,0.29090463215258855,0.21428571428571427,4.252,0.3107017906391009
687401,Joey Ortiz,R,MIL,5,Brandon Young,R,687064,824789,MIL @ BAL,4:20 PM,20/09,In Progress,0.657446137511664,400.0,-178.0,20.0,False,1111111111,live,0,0,0.0,0,0,0.3345865519597586,0.3210128392768693,0.3297405395079251,0.4555485866193662,0.20540267248097394,20,1,0.02440049124167798,1.044,47.5,D,0.2622673434856176,2.0952017390938296,0.37696353289944035,0.18997620319414896,20,6,0,0.25308641975308643,0.2774869109947644,0.5423011844331641,0.26903553299492383,0.188663282571912,0.2480252764612954,0.23374613003095976,0.24166666666666667,0.24422899353647276,0.25280898876404495,195,0.28,201,False,False,0.6263476313559483,0.031098506155715744,3.0964912280701755,3.473684210526316,114,,,,,,,0.35620583859843535,20,3.65,1.37,145.2,9,4,118,55,0,0,0,26,SP,26,629,145,24.2,7.29,3.4,8.96,1.3,24.56714219130153,-0.024835026400553017,9,1.0,-1.0,7,6,0,1,0.0,3.856610603431193,0.052413412215562234,0.27100271002710025,0.1855421686746988,0.08674698795180723,0.3590182648401826,0.2973116438356164,0.29914529914529914,4.027,0.3180154339648764
806198,Cooper Pratt,R,MIL,7,Brandon Young,R,687064,824789,MIL @ BAL,4:20 PM,20/09,In Progress,0.657446137511664,-9900.0,9900.0,99.0,True,1001111110,live,0,0,0.0,0,0,0.30609346996443615,0.35372036665904916,0.31220038157306057,0.3457491548968195,0.12893889384709215,20,1,0.03424865741209848,1.044,47.5,D,0.2622673434856176,2.0952017390938296,0.37696353289944035,0.18997620319414896,20,6,0,0.2535211267605634,0.28776978417266186,0.5423011844331641,0.26903553299492383,0.188663282571912,0.29427430093209056,0.2853470437017995,0.2517985611510791,0.2860483242400624,0.3177570093457944,125,0.23300970873786409,120,True,False,0.6179860619962918,0.03946007551537223,3.1818181818181817,3.712121212121212,66,,,,,,,0.17996236722330136,20,3.65,1.37,145.2,9,4,118,55,0,0,0,26,SP,26,629,145,24.2,7.29,3.4,8.96,1.3,24.56714219130153,-0.03329058195610857,9,1.0,-1.0,7,6,0,1,0.0,3.7083702008822796,0.05670056279085321,0.28444444444444444,0.17803030303030304,0.10227272727272728,0.29307116104868913,0.3186544943820225,0.29914529914529914,3.76,0.3180154339648764
671739,Michael Harris,L,ATL,4,Hunter Brown,R,686613.0,824139,ATL @ HOU,11:10 AM,20/09,Final,0.652951366415469,-178.0,194.0,64.0,False,0001110110,live,5,1,0.2,1,2024,0.25188397477563873,0.35129402361928197,0.3546765296901341,0.32511579796870355,0.17509601374165756,20,1,-0.01356783919597987,0.998,71.6,B,0.29791271347248577,2.527066817712411,0.37959085548261223,0.2804595508812673,17,5,0,0.3,0.2864321608040201,0.6122707147375079,0.2934851359898798,0.09424414927261227,0.25784645098986,0.24744897959183673,0.2988871224165342,0.26234962887125673,0.26851851851851855,343,0.319672131147541,258,False,False,0.6703326843393175,-0.01738131792384845,3.8120805369127515,4.033557046979865,149,,,,,,,-0.12823204877972091,20,3.43,1.29,97.0,6.0,3.0,110.0,49.0,0.0,0.0,0.0,18.0,SP,18.0,406.0,76.0,22.6,10.21,4.55,7.05,1.02,22.75597597864321,0.004548633584531059,3,0.42857142857142855,7.0,7,6,1,1,0.0,4.104265456600454,0.011892995921401387,0.2841880341880342,0.20040485829959515,0.02834008097165992,0.44715447154471544,0.34823848238482386,0.20304568527918782,4.161,0.2911860411272642
514888,José Altuve,R,HOU,4,Martín Pérez,L,527048.0,824139,ATL @ HOU,11:10 AM,20/09,Final,0.6522243415085551,-194.0,203.0,66.0,True,1111001111,live,15,5,0.3333333333333333,1,2022,0.27019223295398054,0.279361996133713,0.2899236264199386,0.31703562985880307,0.1336367242772245,20,1,0.046331636980491975,0.998,52.4,C,0.27075645756457567,1.3800287398549973,0.34020936403254853,0.16091112195558896,20,5,0,0.2824427480916031,0.2361111111111111,0.6175519630484988,0.07344110854503465,0.3090069284064665,0.2365038560411311,0.2353407290015848,0.22939866369710468,0.23503689532659197,0.2524271844660194,336,0.24175824175824176,202,False,False,0.6467846445138467,0.005439696994708476,3.8661417322834644,4.2362204724409445,127,,,,,,,0.17164396145127434,20,3.07,1.26,137.2,9.0,9.0,100.0,60.0,0.0,0.0,0.0,25.0,SP,29.0,575.0,113.0,19.8,6.54,3.92,7.39,0.85,22.25192676359009,-0.017667198651412197,7,0.875,18.0,7,6,1,1,0.0,4.109127219629163,0.027697743789444885,0.2425531914893617,0.1968503937007874,0.05905511811023622,0.31725225225225223,0.27754256756756757,0.21428571428571427,4.161,0.3107017906391009
695336,Thomas Saggese,R,STL,6,Jake Irvin,R,663623.0,823001,WSH @ STL,11:15 AM,20/09,Final,0.6514987131846574,,,,False,1011011100,live,0,0,0.0,0,0,0.27814503539789376,0.3232293099976227,0.43790977266828734,0.3426183107099466,0.2145645163188107,20,1,0.021904761904761927,1.031,41.7,D,0.27225732337736935,2.0029823858408182,0.43797486643691363,0.2265409243356364,20,7,0,0.23809523809523808,0.26,0.6019529006318208,0.3176335439402642,0.08041355542791499,0.2986348122866894,0.24573378839590443,0.3050847457627119,0.28191489361702127,0.3157894736842105,82,0.18181818181818182,76,False,False,0.6260385330456243,0.025460180139033062,3.1555555555555554,3.511111111111111,45,,,,,,,0.12387203089997237,20,5.51,1.41,96.1,2.0,9.0,96.0,46.0,0.0,0.0,0.0,19.0,SP,20.0,426.0,90.0,21.3,8.97,4.3,8.41,1.59,21.46023660343841,-0.010732046517990756,9,0.9,3.0,7,6,1,1,0.0,4.105475432195156,0.06353206512673393,0.24688279301745636,0.27293577981651373,0.06422018348623854,0.4417848699763593,0.32424468085106384,0.28378378378378377,3.896,0.2965299102379153
703601,Max Clark,L,DET,6,Davis Martin,R,663436.0,824546,DET @ CWS,11:10 AM,20/09,Final,0.6502886717549584,-163.0,178.0,62.0,False,1111111111,live,0,0,0.0,0,0,0.3266536033731217,0.33126037394073354,0.33779854685894967,0.417094702006113,0.17573776042879072,20,1,-0.08652312599681017,0.968,29.3,F,0.2670807453416149,1.6592974466745272,0.4579092085564566,0.1459759531704685,20,5,0,0.3409090909090909,0.2543859649122807,0.5855085508550855,0.2704770477047705,0.14401440144014402,0.24617737003058104,0.3076923076923077,0.21666666666666667,0.2549019607843137,0.2465753424657534,86,0.3058823529411765,94,True,False,0.6263476313559483,0.023941040399010127,3.511111111111111,4.0,45,,,,,,,0.03879033066109843,20,3.96,1.3,141.0,9.0,7.0,115.0,43.0,0.0,0.0,0.0,26.0,SP,27.0,592.0,140.0,21.9,7.34,2.74,8.94,0.89,20.289324788705887,-0.04238867175495842,5,0.625,2.0,7,7,0,1,0.0,4.174335360301882,0.10573924688611235,0.2777777777777778,0.1989247311827957,0.0913978494623656,0.392,0.341656,0.25961538461538464,3.896,0.3220588894180296
678246,Miguel Vargas,R,CWS,3,Troy Melton,R,675512.0,824546,DET @ CWS,11:10 AM,20/09,Final,0.6499965996580873,-156.0,163.0,61.0,True,0111111011,live,11,2,0.18181818181818182,1,2025,0.2618224690056571,0.30704527153751693,0.30977263085164153,0.31524962756548414,0.21206522322814747,20,1,0.06644414013465708,0.968,59.0,C,0.26272189349112424,2.4000120956328033,0.37091907648896816,0.1960393112066131,19,6,0,0.20652173913043478,0.27296587926509186,0.6343195266272189,0.25029585798816567,0.11538461538461539,0.2630655910206945,0.2874743326488706,0.2612359550561798,0.27130954924161504,0.2777777777777778,398,0.21076233183856502,273,False,False,0.666488728211922,-0.01649212855383464,3.7171052631578947,4.4144736842105265,152,,,,,,,0.08734095428582843,20,2.52,1.1,110.2,8.0,4.0,90.0,34.0,0.0,0.0,0.0,19.0,SP,19.0,451.0,88.0,23.7,7.32,2.77,7.16,1.06,23.643695380086083,-0.005096599658087286,8,0.8888888888888888,-15.0,7,7,0,1,0.0,4.406809829543869,0.12041287204864268,0.2577777777777778,0.1811320754716981,0.12264150943396226,0.44100753295668554,0.3446129943502825,0.2023121387283237,4.252,0.29021518311440037
660670,Ronald Acuña,R,ATL,2,Hunter Brown,R,686613.0,824139,ATL @ HOU,11:10 AM,20/09,Final,0.6499965996580873,,,,True,1011101111,live,9,4,0.4444444444444444,1,2023,0.36317766806845464,0.40196425634849214,0.39889758153930943,0.4403134742820849,0.17156403259547692,20,1,-0.011764705882352955,0.998,71.6,B,0.29791271347248577,2.527066817712411,0.37959085548261223,0.2804595508812673,17,5,0,0.26666666666666666,0.2549019607843137,0.6122707147375079,0.2934851359898798,0.09424414927261227,0.24918793503480277,0.24847746650426308,0.23348017621145375,0.2467986030267753,0.2701612903225806,290,0.23943661971830985,161,False,False,0.6689623120602324,-0.018965712402145063,3.823529411764706,4.421568627450981,102,,,,,,,0.22253304950872416,20,3.43,1.29,97.0,6.0,3.0,110.0,49.0,0.0,0.0,0.0,18.0,SP,18.0,406.0,76.0,22.6,10.21,4.55,7.05,1.02,22.75597597864321,0.00957006700857932,3,0.42857142857142855,7.0,7,6,1,1,0.0,4.5563419163460415,0.09097192611771672,0.2727272727272727,0.2222222222222222,0.128060263653484,0.45495495495495497,0.3621891891891892,0.23357664233576642,4.352,0.2911860411272642
643289,Mauricio Dubón,R,ATL,5,Hunter Brown,R,686613.0,824139,ATL @ HOU,11:10 AM,20/09,Final,0.648233922755331,,,,True,1011111111,live,0,0,0.0,0,0,0.33251068567929737,0.32513131789334837,0.30223994013554706,0.36945691894508714,0.09704707941062066,20,1,-0.013331823714229085,0.998,71.6,B,0.29791271347248577,2.527066817712411,0.37959085548261223,0.2804595508812673,17,5,0,0.2815533980582524,0.26822157434402333,0.6122707147375079,0.2934851359898798,0.09424414927261227,0.27460456942003514,0.27595884003741816,0.23628691983122363,0.27089864158829674,0.25949367088607594,335,0.2918454935622318,259,False,False,0.662908422699097,-0.014674499943766017,3.7346938775510203,4.040816326530612,147,,,,,,,0.15144464981069594,20,3.43,1.29,97.0,6.0,3.0,110.0,49.0,0.0,0.0,0.0,18.0,SP,18.0,406.0,76.0,22.6,10.21,4.55,7.05,1.02,22.75597597864321,-0.003600589421997702,3,0.42857142857142855,7.0,7,6,1,1,0.0,4.170456008109665,0.054851328271122525,0.27111111111111114,0.10450819672131148,0.05737704918032787,0.2962823725981621,0.3123032581453634,0.23357664233576642,4.027,0.2911860411272642
656811,Ryan O'Hearn,L,PIT,6,Michael Wacha,R,608379.0,823329,KC @ PIT,10:35 AM,20/09,Final,0.6472053794325734,-163.0,178.0,62.0,True,0010101100,live,6,2,0.3333333333333333,1,2023,0.169289672421861,0.2556943696783286,0.27384038887391965,0.20566999035835287,0.2017777718472733,20,1,0.11227081514405904,1.013,75.6,B,0.26918995401485674,3.2681791689219297,0.3482605531550668,0.1877871803609952,20,5,0,0.1744186046511628,0.28668941979522183,0.5617699115044248,0.18867256637168142,0.24955752212389382,0.2545811518324607,0.23322332233223322,0.24930747922437674,0.24732334047109208,0.24401913875598086,236,0.2823529411764706,186,False,False,0.6240770551961459,0.023128324236427522,3.715686274509804,4.137254901960785,102,,,,,,,-0.11088349085399951,20,3.34,1.1,188.2,9.0,9.0,149.0,49.0,0.0,0.0,0.0,30.0,SP,30.0,760.0,158.0,25.3,7.11,2.34,7.54,1.29,25.261729752032135,0.0013501761229821607,9,0.9,35.0,7,6,1,1,0.0,4.0993851415958895,0.07046912670083567,0.27107061503416857,0.21063394683026584,0.07770961145194274,0.41517857142857145,0.32191369047619045,0.21481481481481482,3.896,0.3462983409042722
665742,Juan Soto,L,NYM,2,Cristopher Sánchez,L,650911.0,823570,PHI @ NYM,10:10 AM,20/09,Final,0.6472053794325734,-150.0,163.0,60.0,True,0110110011,live,15,5,0.3333333333333333,1,2023,0.2277265499013751,0.3690751153291456,0.4321493837769282,0.30460479499879306,0.19692750350129876,20,1,0.05504051390612452,0.949,78.3,B,0.31883049077619213,4.231478553386039,0.38247921905560384,0.24422850484808487,20,5,0,0.3106796116504854,0.2556390977443609,0.43926209537069266,0.18656456665506438,0.37417333797424296,0.2682627378759975,0.2440041710114703,0.2899786780383795,0.265518362040949,0.26991150442477874,268,0.2727272727272727,176,False,False,0.6789413491802939,-0.03173596974772053,3.5825242718446604,4.310679611650485,103,,,,,,,0.04798139561748992,20,2.93,1.22,193.2,17.0,6.0,215.0,44.0,0.0,0.0,0.0,31.0,SP,31.0,805.0,193.0,26.0,9.99,2.04,8.97,0.79,25.52998264626691,0.01929462056742659,9,0.9,4.0,7,7,0,1,0.0,4.625032215897844,0.09187273525214583,0.2691415313225058,0.14478764478764478,0.13513513513513514,0.48333333333333334,0.3490365168539326,0.16666666666666666,4.352,0.33650007075026106
665833,Oneil Cruz,L,PIT,4,Michael Wacha,R,608379.0,823329,KC @ PIT,10:35 AM,20/09,Final,0.6460211400380849,-163.0,170.0,62.0,True,1110101111,live,0,0,0.0,0,0,0.36504103700007573,0.3812647580800796,0.3678175916416543,0.5553687263024779,0.29962717649775794,20,1,-0.03831417624521072,1.013,75.6,B,0.26918995401485674,3.2681791689219297,0.3482605531550668,0.1877871803609952,20,5,0,0.3103448275862069,0.2720306513409962,0.5617699115044248,0.18867256637168142,0.24955752212389382,0.24707501720578115,0.2838709677419355,0.22764227642276422,0.25667707249392996,0.2835820895522388,228,0.2789115646258503,170,False,False,0.635426566746916,0.010594573291168863,3.8666666666666667,4.4222222222222225,90,,,,,,,0.21704267762934026,20,3.34,1.1,188.2,9.0,9.0,149.0,49.0,0.0,0.0,0.0,30.0,SP,30.0,760.0,158.0,25.3,7.11,2.34,7.54,1.29,25.261729752032135,0.013145526628581816,9,0.9,35.0,7,6,1,1,0.0,4.4478397515946835,0.10168882359051787,0.2619589977220957,0.33266932270916333,0.10358565737051793,0.5330882352941176,0.3791200980392157,0.21481481481481482,4.161,0.3462983409042722
701350,Roman Anthony,L,BOS,1,Griffin Jax,R,643377.0,822922,BOS @ TB,10:40 AM,20/09,Final,0.6450668757518495,-150.0,156.0,60.0,True,0111110011,live,0,0,0.0,0,0,0.21217567512808652,0.3651649987874506,0.4146518077474977,0.30593635289502835,0.2639750123999053,20,1,0.1005639097744361,0.96,72.5,B,0.30967336683417085,4.267628739543856,0.39829871008953355,0.26276160342690746,20,5,0,0.14285714285714285,0.24342105263157895,0.42992424242424243,0.3402777777777778,0.2297979797979798,0.20224719101123595,0.16910229645093947,0.3210702341137124,0.21469284357188093,0.23275862068965517,132,0.2112676056338028,83,False,False,0.6502886717549584,-0.005221796003108903,3.8958333333333335,4.479166666666667,48,,,,,,,-0.04838217001299672,20,3.8,1.2,104.1,7.0,10.0,110.0,33.0,0.0,2.0,2.0,21.0,SP,32.0,430.0,92.0,13.4,9.49,2.85,7.94,1.29,19.48549843182524,0.000995624248150473,8,0.8,2.0,7,6,0,1,0.0,4.54789721870095,0.07033233023548924,0.27702702702702703,0.27115384615384613,0.12692307692307692,0.5577557755775577,0.375046204620462,0.24358974358974358,4.443,0.27797725821118546
664954,Brett Sullivan,L,COL,7,Kade Anderson,L,807739.0,824300,SEA @ COL,12:10 PM,20/09,Final,0.6444733885868666,488.0,-257.0,17.0,False,1111000011,live,0,0,0.0,0,0,0.2503112114361898,0.33257594314707334,0.29562488450366203,0.2606187651153908,0.09948465763259934,20,3,0.22424242424242424,1.148,42.5,D,0.24623115577889448,2.7488657855163927,0.3989964398258802,0.19752597857946147,5,6,0,0.42424242424242425,0.2,0.41457286432160806,0.40703517587939697,0.17839195979899497,0.23053435114503817,0.21,0.23353293413173654,0.22743362831858407,0.21904761904761905,114,0.2524271844660194,113,False,True,0.5926183083887594,0.05185508019810725,2.888888888888889,3.1527777777777777,72,,,,,,,-0.03796774273134427,20,5.33,1.42,25.1,1.0,2.0,21.0,8.0,0.0,0.0,0.0,5.0,SP,5.0,107.0,28.0,21.4,7.46,2.84,9.95,1.42,21.412723826595432,-0.033806721920199956,6,0.6666666666666666,-18.0,6,7,1,1,0.0,3.31334074160052,0.051924097723310456,0.2360248447204969,0.18181818181818182,0.05397727272727273,0.3333333333333333,0.2677364341085271,0.4,3.76,0.35426261548443977
803011,Sam Antonacci,L,CWS,1,Troy Melton,R,675512.0,824546,DET @ CWS,11:10 AM,20/09,Final,0.64372793006399,-178.0,194.0,64.0,True,1011111000,live,8,4,0.5,1,2026,0.24766835759587336,0.3446068522929901,0.3683984622404153,0.2739303094395355,0.09190177645528977,20,1,-0.007654064880718181,0.968,59.0,C,0.26272189349112424,2.4000120956328033,0.37091907648896816,0.1960393112066131,19,6,0,0.273972602739726,0.26631853785900783,0.6343195266272189,0.25029585798816567,0.11538461538461539,0.2617391304347826,0.23312236286919832,0.24493243243243243,0.2519521082769391,0.2608695652173913,316,0.2777777777777778,216,True,False,0.6592529400634438,-0.015525009999453832,3.4285714285714284,4.0,133,,,,,,,0.02779553944475334,20,2.52,1.1,110.2,8.0,4.0,90.0,34.0,0.0,0.0,0.0,19.0,SP,19.0,451.0,88.0,23.7,7.32,2.77,7.16,1.06,23.643695380086083,-0.007890430063989928,8,0.8888888888888888,-15.0,7,7,0,1,0.0,3.502181340821785,0.045550650938126346,0.27163461538461536,0.16182572614107885,0.07883817427385892,0.3254437869822485,0.33404733727810654,0.225531914893617,4.443,0.29021518311440037
621566,Matt Olson,L,ATL,3,Hunter Brown,R,686613.0,824139,ATL @ HOU,11:10 AM,20/09,Final,0.6431654951996203,-138.0,144.0,58.0,False,0110101111,live,7,2,0.2857142857142857,1,2023,0.26675980969271595,0.2918258507605485,0.5737052825121419,0.3168378491183252,0.1997517219786331,20,1,0.03225653093726971,0.998,71.6,B,0.29791271347248577,2.527066817712411,0.37959085548261223,0.2804595508812673,17,5,0,0.23423423423423423,0.26649076517150394,0.6122707147375079,0.2934851359898798,0.09424414927261227,0.24766666666666667,0.24438902743142144,0.2682602921646746,0.2496274217585693,0.24316939890710382,405,0.2723404255319149,266,False,False,0.657446137511664,-0.014280642312043734,3.8774193548387097,4.329032258064516,155,,,,,,,0.12407965327266575,20,3.43,1.29,97.0,6.0,3.0,110.0,49.0,0.0,0.0,0.0,18.0,SP,18.0,406.0,76.0,22.6,10.21,4.55,7.05,1.02,22.75597597864321,0.0049011714670463835,3,0.42857142857142855,7.0,7,6,1,1,0.0,4.225991602111184,0.05464144151371761,0.2413793103448276,0.2573099415204678,0.07992202729044834,0.5105421686746988,0.3412590361445783,0.20304568527918782,4.252,0.2911860411272642
518692,Freddie Freeman,L,LAD,4,Matt Wilkinson,L,683363.0,823896,SF @ LAD,1:10 PM,20/09,Final,0.6684385705389703,-212.0,223.0,68.0,True,1000010100,live,0,0,0.0,0,0,0.21803047536062506,0.3021989607000839,0.33116561140064443,0.24869004702830363,0.24295599970066611,20,1,0.049703286441545924,0.973,60.0,C,0.24836601307189543,4.556539806901295,0.4688266132067089,0.15800738811291806,6,7,0,0.3258426966292135,0.2761394101876676,0.6437908496732027,0.13071895424836602,0.22549019607843138,0.28959449120122416,0.25594405594405595,0.2928759894459103,0.28000832119825253,0.28653295128939826,390,0.30198019801980197,238,False,True,0.6655322875700561,0.0029062829689141534,3.7739726027397262,4.301369863013699,146,,,,,,,-0.16351639549643793,20,4.58,1.12,19.2,1.0,3.0,12.0,4.0,0.0,0.0,0.0,4.0,SP,6.0,81.0,18.0,13.5,5.49,1.83,8.24,1.83,13.334115349953619,-0.006288570538970251,8,0.7272727272727273,-1.0,5,7,1,1,0.0,4.4550622565937426,0.08569415004845649,0.29464285714285715,0.18482490272373542,0.10311284046692606,0.39305949008498586,0.36886260623229455,0.15,4.252,0.3150499754058648
686681,Michael Massey,L,KC,5,Lake Bachar,R,669199.0,823329,KC @ PIT,10:35 AM,20/09,Final,0.6413294377862022,-163.0,170.0,62.0,False,1111101010,live,0,0,0.0,0,0,0.25947426873221474,0.3531555606095363,0.3378661882824343,0.2985934976802021,0.1430662555057873,20,1,0.07859213250517597,1.013,82.4,A,0.2939460247994165,2.732833872282166,0.19929477571447227,0.28722074451185503,20,1,0,0.21333333333333335,0.2919254658385093,0.34842951059167276,0.5756026296566837,0.07596785975164354,0.2752912323727774,0.28194444444444444,0.23736263736263735,0.27188612099644127,0.2689075630252101,252,0.2893081761006289,174,False,False,0.654362845189279,-0.013033407403076791,3.2540983606557377,3.4918032786885247,122,,,,,,,0.16355194576331814,20,3.5,1.12,82.1,1.0,4.0,86.0,35.0,2.0,1.0,3.0,10.0,RP,50.0,339.0,57.0,6.8,9.4,3.83,6.23,1.42,7.48454860911767,0.008570562213797817,6,0.5454545454545454,-11.0,7,6,1,1,0.0,3.9401504569243166,0.03828488452016335,0.2780612244897959,0.166270783847981,0.0498812351543943,0.4033643892339544,0.31279813664596273,0.21686746987951808,4.027,0.32338604223336703
703520,Brett Bateman,L,TOR,1,Jacob Degrom,R,594798.0,822844,TOR @ TEX,11:35 AM,20/09,Final,0.640968294270456,-9900.0,9900.0,99.0,True,1111011101,live,0,0,0.0,0,0,0.3061905275965245,0.3527274443302463,0.24664140809320056,0.3899336446949884,0.1819443495719542,20,1,0.12959381044487428,0.964,62.8,C,0.3090062111801242,5.080406393500117,0.4756888749060534,0.33584330821579556,20,5,0,0.23404255319148937,0.36363636363636365,0.44890795631825275,0.4173166926677067,0.13377535101404056,0.34067357512953367,0.3458904109589041,0.34513274336283184,0.34152542372881356,0.3448275862068966,100,0.288135593220339,66,True,False,0.6759196210478664,-0.03495132677741042,4.055555555555555,4.611111111111111,36,,,,,,,0.22056462874099006,20,3.79,1.07,154.1,11.0,9.0,194.0,39.0,0.0,0.0,0.0,29.0,SP,29.0,622.0,126.0,21.4,11.31,2.27,7.35,1.17,20.846724967367056,0.03629170572954399,5,0.5555555555555556,19.0,7,6,1,1,0.0,4.556795332381568,0.08387812832338576,0.32432432432432434,0.1952662721893491,0.08284023668639054,0.21304347826086956,0.32712608695652173,0.20402298850574713,4.443,0.2807012692273957
699393,Pedro Ramírez,L,CHC,8,Rhett Lowder,R,695076.0,824462,CHC @ CIN,10:40 AM,20/09,Final,0.6400681833940506,-163.0,170.0,62.0,True,0110110011,live,0,0,0.0,0,0,0.20840424862725965,0.2375136825643723,0.2728150175758673,0.27220774050102253,0.16980255271099468,20,4,-0.031146707348080338,1.083,39.6,D,0.2635228848821082,1.874630962295773,0.40589222238075195,0.16615584337908598,20,5,0,0.2826086956521739,0.25146198830409355,0.5006954102920723,0.2957811775614279,0.20352341214649977,0.24504249291784702,0.23785166240409208,0.23722627737226276,0.24372759856630824,0.22330097087378642,113,0.2894736842105263,127,True,False,0.6030982231225118,0.03696996027153876,3.013888888888889,3.3333333333333335,72,,,,,,,-0.11932960295603981,20,5.79,1.52,124.1,6.0,11.0,98.0,51.0,0.0,0.0,0.0,24.0,SP,27.0,563.0,138.0,20.9,7.09,3.69,9.99,1.3,21.098576485649478,-0.031368183394050564,7,0.875,14.0,6,6,1,1,0.0,3.8781093434370772,0.06414072614448844,0.2610619469026549,0.172,0.072,0.39617486338797814,0.2900928961748634,0.2682119205298013,3.598,0.3418646209457141
805805,Walker Jenkins,L,MIN,1,Ryan Johnson,R,696270.0,823975,MIN @ LAA,1:07 PM,20/09,Final,0.5717223604588495,-9900.0,9900.0,99.0,True,0100000111,live,0,0,0.0,0,0,0.2349582610613284,0.3542186796362487,0.3837693826083421,0.274298848660877,0.2687706029680481,17,1,0.012765957446808501,0.979,59.7,C,0.2750809061488673,1.8251890606388024,0.3505477317974223,0.18562183195220636,20,5,0,0.2,0.2127659574468085,0.5637540453074433,0.22459546925566343,0.21165048543689322,0.12,0.1926605504587156,0.3013698630136986,0.18611111111111112,0.26666666666666666,32,0.14814814814814814,34,True,False,0.5582569823848894,0.013465378073960088,3.3529411764705883,3.8823529411764706,17,,,,,,,-0.06372673197671688,17,4.88,1.34,90.1,5.0,8.0,70.0,39.0,0.0,0.0,0.0,17.0,SP,20.0,388.0,82.0,19.4,6.97,3.89,8.17,1.79,20.700065172454604,-0.032782360458849524,5,0.5555555555555556,-12.0,6,7,1,1,0.0,3.940828102884371,0.08750209855442882,,,,,,0.24390243902439024,3.598,0.3384246512699708
596019,Francisco Lindor,L,NYM,1,Cristopher Sánchez,L,650911.0,823570,PHI @ NYM,10:10 AM,20/09,Final,0.6385037894704529,-186.0,194.0,65.0,False,1110011010,live,20,6,0.3,1,2022,0.1834402862814414,0.31905530656545394,0.545080176566486,0.2715608935414644,0.24416741779679044,20,1,0.005992821433149581,0.949,78.3,B,0.31883049077619213,4.231478553386039,0.38247921905560384,0.24422850484808487,20,5,0,0.23275862068965517,0.22676579925650558,0.43926209537069266,0.18656456665506438,0.37417333797424296,0.21293375394321767,0.21905805038335158,0.20373027259684362,0.21251778093883358,0.2145922746781116,258,0.25,172,False,False,0.6673057905311014,-0.028802001060648452,4.010416666666667,4.479166666666667,96,,,,,,,-0.11411160100225322,20,2.93,1.22,193.2,17.0,6.0,215.0,44.0,0.0,0.0,0.0,31.0,SP,31.0,805.0,193.0,26.0,9.99,2.04,8.97,0.79,25.52998264626691,0.014207321640658077,9,0.9,4.0,7,7,0,1,0.0,4.857876875760324,0.09827660946835182,0.23109243697478993,0.18808193668528864,0.10242085661080075,0.4826666666666667,0.30654,0.16666666666666666,4.443,0.33650007075026106
624413,Pete Alonso,R,BAL,2,Jacob Misiorowski,R,694819,824789,MIL @ BAL,4:20 PM,20/09,In Progress,0.6381325136404538,-138.0,150.0,58.0,False,1101101110,live,0,0,0.0,0,0,0.2156512616629915,0.3948677066873103,0.5103861061974886,0.32779694143185617,0.25324639898736395,20,1,-0.01304301248058276,1.044,97.2,A,0.35298935298935297,5.783008352180059,0.33979642381109426,0.36596647684709377,20,5,0,0.2755102040816326,0.26246719160104987,0.7795985251945924,0.2101597705858255,0.010241704219582138,0.2586460632818249,0.27411477411477414,0.29668411867364747,0.26854479124442643,0.2849002849002849,397,0.23893805309734514,274,False,False,0.6745959017194118,-0.03646338807895799,3.7467532467532467,4.357142857142857,154,,,,,,,0.023601167809749496,20,1.89,0.81,166.1,15,5,243,42,0,0,0,28,SP,28,636,93,22.7,13.15,2.27,5.03,0.76,22.564218362665237,0.04772748635954627,5,0.625,27.0,7,6,0,1,0.0,4.485479046056619,0.13163529155670364,0.28,0.24045801526717558,0.10305343511450382,0.5606995884773662,0.4092345679012346,0.20948616600790515,4.352,0.33895744726512916
680664,Eduardo Valencia,R,DET,5,Davis Martin,R,663436.0,824546,DET @ CWS,11:10 AM,20/09,Final,0.6381325136404538,-156.0,170.0,61.0,True,0011011110,live,0,0,0.0,0,0,0.24468872500044908,0.3027609570200762,0.33387461545409675,0.33141919266473274,0.21674262816290615,20,1,0.13267543859649122,0.968,29.3,F,0.2670807453416149,1.6592974466745272,0.4579092085564566,0.1459759531704685,20,5,0,0.2631578947368421,0.3958333333333333,0.5855085508550855,0.2704770477047705,0.14401440144014402,0.3149171270718232,0.23699421965317918,0.37037037037037035,0.3065015479876161,0.3469387755102041,50,0.30357142857142855,61,True,False,0.6220259462292447,0.016106567411209083,3.088235294117647,3.264705882352941,34,,,,,,,0.05957720251931407,20,3.96,1.3,141.0,9.0,7.0,115.0,43.0,0.0,0.0,0.0,26.0,SP,27.0,592.0,140.0,21.9,7.34,2.74,8.94,0.89,20.289324788705887,-0.028052513640453802,5,0.625,2.0,7,7,0,1,0.0,3.4873245956410712,0.030518130519076415,0.3302752293577982,0.23478260869565218,0.02608695652173913,0.45121951219512196,0.3283292682926829,0.26339285714285715,4.027,0.3220588894180296
669127,Shea Langeliers,R,ATH,2,Gavin Williams,R,668909.0,824381,ATH @ CLE,10:40 AM,20/09,Final,0.6378404415435828,-133.0,144.0,57.0,False,1111111101,live,7,0,0.0,1,2023,0.3264317666797059,0.4509268218163225,0.5260152908570295,0.5202081155512892,0.30237904113332764,20,1,-0.006878306878306872,0.987,71.2,B,0.3355728429985856,4.489465875079829,0.4345668920064269,0.37003974117818456,20,6,0,0.2698412698412698,0.26296296296296295,0.4930282445477297,0.5069717554522702,0.0,0.2274800456100342,0.22367194780987884,0.2553699284009546,0.2312883435582822,0.23790322580645162,272,0.3108108108108108,166,False,False,0.6540311440603349,-0.016190702516752142,4.0,4.424242424242424,99,,,,,,,0.10067151136520519,20,3.78,1.1,174.0,13.0,8.0,235.0,56.0,0.0,0.0,0.0,30.0,SP,30.0,705.0,136.0,23.5,12.16,2.9,7.03,1.4,22.540478886132473,-0.0015154415435828517,8,1.0,1.0,7,6,1,1,0.0,3.830714513934979,0.06783067093275698,0.28210526315789475,0.22348484848484848,0.08143939393939394,0.45028011204481794,0.35251540616246496,0.24603174603174602,4.352,0.3344836921436644
685133,Wade Meckler,L,LAA,3,Dean Kremer,R,665152.0,823975,MIN @ LAA,1:07 PM,20/09,Final,0.6378404415435828,194.0,-170.0,34.0,False,0010110111,live,0,0,0.0,0,0,0.2808967832343333,0.31133667667912207,0.3524429175850549,0.3283469095927217,0.13321972925752865,20,1,0.05780101752402486,0.979,66.8,B,0.29760986892829605,2.631978790155973,0.3590954435909631,0.22452125794467384,15,6,0,0.2413793103448276,0.29918032786885246,0.5915057915057915,0.14594594594594595,0.2625482625482625,0.3128007699711261,0.2927272727272727,0.30434782608695654,0.30552813425468905,0.33714285714285713,195,0.21428571428571427,113,False,False,0.6415712274662118,-0.0037307859226289874,3.1379310344827585,3.5402298850574714,87,,,,,,,0.1686497250553645,20,5.35,1.24,77.1,3.0,5.0,74.0,26.0,0.0,0.0,0.0,15.0,SP,15.0,319.0,70.0,21.3,8.61,3.03,8.15,1.98,21.142660932495644,0.0013595584564172203,3,0.375,-1.0,5,7,1,1,0.0,3.9764423604366415,0.0889277609908475,0.27714285714285714,0.22474747474747475,0.09848484848484848,0.31417624521072796,0.3139808429118774,0.24431818181818182,4.252,0.31639827441177676
521692,Salvador Pérez,R,KC,4,Lake Bachar,R,669199.0,823329,KC @ PIT,10:35 AM,20/09,Final,0.6378365668958726,-170.0,194.0,63.0,True,1011010000,live,0,0,0.0,0,0,0.24546032074938365,0.3392547741506593,0.46212258187103844,0.29251786995958284,0.20802301905872725,20,1,-0.013860067519435082,1.013,82.4,A,0.2939460247994165,2.732833872282166,0.19929477571447227,0.28722074451185503,20,1,0,0.23493975903614459,0.2210796915167095,0.34842951059167276,0.5756026296566837,0.07596785975164354,0.22030556924593395,0.19030079803560468,0.26382978723404255,0.21300773694390715,0.22321428571428573,362,0.228310502283105,241,False,False,0.654362845189279,-0.01652627829340636,3.8275862068965516,4.158620689655172,145,,,,,,,-0.02278655300940542,20,3.5,1.12,82.1,1.0,4.0,86.0,35.0,2.0,1.0,3.0,10.0,RP,50.0,339.0,57.0,6.8,9.4,3.83,6.23,1.42,7.48454860911767,0.015263433104127366,6,0.5454545454545454,-11.0,7,6,1,1,0.0,3.6679933757431975,0.020941439474448174,0.23799126637554585,0.18236472945891782,0.03406813627254509,0.43219800181653045,0.3136049046321526,0.16279069767441862,4.161,0.32338604223336703
672580,Maikel García,R,KC,1,Lake Bachar,R,669199.0,823329,KC @ PIT,10:35 AM,20/09,Final,0.637429862901028,-223.0,233.0,69.0,False,0111110010,live,0,0,0.0,0,0,0.23687074500266875,0.3302176019388011,0.31395395983922425,0.27255981423685705,0.14161565773621934,20,1,-0.033420707732634336,1.013,82.4,A,0.2939460247994165,2.732833872282166,0.19929477571447227,0.28722074451185503,20,1,0,0.2857142857142857,0.25229357798165136,0.34842951059167276,0.5756026296566837,0.07596785975164354,0.2448080553807426,0.2526475037821483,0.2786885245901639,0.24928131416837782,0.2967032967032967,197,0.20353982300884957,125,False,False,0.6552519189439433,-0.017822056042915313,3.831168831168831,4.181818181818182,77,,,,,,,0.0519348905073296,20,3.5,1.12,82.1,1.0,4.0,86.0,35.0,2.0,1.0,3.0,10.0,RP,50.0,339.0,57.0,6.8,9.4,3.83,6.23,1.42,7.48454860911767,0.015186803765638635,6,0.5454545454545454,-11.0,7,6,1,1,0.0,3.6197272947066192,0.05198281162250668,0.2516703786191537,0.13911290322580644,0.08870967741935484,0.4333333333333333,0.3092315789473684,0.16279069767441862,4.443,0.32338604223336703
805300,Jakob Marsee,L,MIA,5,Walker Buehler,R,621111.0,823247,MIA @ SD,1:10 PM,20/09,Final,0.6263476313559483,567.0,-117.0,15.0,False,1100110111,live,0,0,0.0,0,0,0.36924816318629994,0.34027757053340646,0.3104520754816445,0.3944924470582904,0.13691877398491847,20,1,-0.004150565335623302,0.954,58.4,C,0.2613126783530371,2.235592359265681,0.3634326179626859,0.19749381285379378,20,5,0,0.23529411764705882,0.23114355231143552,0.6395253682487725,0.2635024549918167,0.0969721767594108,0.2042534337616305,0.2222222222222222,0.22338204592901878,0.21110500274876307,0.23550724637681159,326,0.22727272727272727,271,False,False,0.6236416844624105,0.0027059468935377584,3.3972602739726026,4.089041095890411,146,,,,,,,0.036050850041694456,20,4.58,1.37,143.1,8.0,6.0,122.0,54.0,0.0,0.0,0.0,30.0,SP,30.0,609.0,142.0,20.3,7.66,3.39,8.92,1.26,20.068971571462296,-0.046447631355948205,4,0.5,25.0,7,6,0,1,0.0,4.236909190951559,0.14441847665964513,0.24556962025316456,0.20125786163522014,0.12368972746331237,0.34698996655518394,0.3163076923076923,0.28115015974440893,3.896,0.3260280911972315
593428,Xander Bogaerts,R,SD,6,Sandy Alcántara,R,645261.0,823247,MIA @ SD,1:10 PM,20/09,Final,0.6355830495180844,-9900.0,9900.0,99.0,True,0111011011,live,11,4,0.36363636363636365,1,2023,0.28240258135048496,0.36088493213320144,0.5019548808805013,0.39720210335118933,0.2257435025392058,20,2,-0.07494555896012794,0.954,46.7,D,0.2627599243856333,1.6736447430856178,0.4301625350209218,0.15089906837568318,20,4,0,0.2789115646258503,0.20396600566572237,0.593887838689351,0.19974795211090107,0.20636420919974796,0.23055162659123055,0.21774856203779785,0.22928709055876687,0.2261319534282018,0.24262295081967214,348,0.2,235,False,False,0.6065884511611163,0.02899459835696816,3.4246575342465753,3.993150684931507,146,,,,,,,0.09031131274963554,20,3.84,1.23,206.0,13.0,10.0,149.0,58.0,1.0,0.0,1.0,32.0,SP,33.0,861.0,195.0,26.1,6.51,2.53,8.52,1.0,24.46649648415659,-0.04819733523237013,7,0.7777777777777778,28.0,7,7,0,1,0.0,4.216096575238479,0.11506745142684308,0.21393034825870647,0.1945031712473573,0.1226215644820296,0.4262903225806452,0.30337311827956986,0.23974763406940064,3.896,0.36314361997130495
663886,Tyler Stephenson,R,CIN,4,David Peterson,L,656849.0,824462,CHC @ CIN,10:40 AM,20/09,Final,0.6350492213180687,-163.0,186.0,62.0,False,1011001111,live,15,7,0.4666666666666667,1,2023,0.27486046330225233,0.30250219090595126,0.389319080273253,0.3957990761619941,0.19450838691545025,20,1,-0.00606210565384141,1.083,46.5,D,0.2715835140997831,1.6754055742423914,0.3472100572505905,0.2021560046167554,20,6,0,0.2457627118644068,0.2518248175182482,0.5408340573414422,0.32493483927019984,0.13423110338835795,0.2427315753887762,0.24008350730688935,0.1942257217847769,0.23493975903614459,0.22535211267605634,243,0.27932960893854747,205,False,False,0.6061127762053681,0.02893644511270066,3.2131147540983607,3.6721311475409837,122,,,,,,,0.07171633944258811,20,5.11,1.55,137.1,8.0,8.0,124.0,62.0,1.0,0.0,1.0,21.0,SP,30.0,622.0,151.0,20.7,8.13,4.06,9.9,0.92,21.22067109571048,-0.011149221318068725,6,0.8571428571428571,39.0,7,7,1,1,0.0,3.5969468188405522,0.08766202755507098,0.2538860103626943,0.2692307692307692,0.10407239819004525,0.4556803995006242,0.3474962546816479,0.28835978835978837,4.161,0.3176642596282665
695578,James Wood,L,WSH,1,Quinn Mathews,L,687273.0,823001,WSH @ STL,11:15 AM,20/09,Final,0.6350492213180687,-178.0,203.0,64.0,False,1011110011,live,0,0,0.0,0,0,0.24665317836692252,0.3437409159021998,0.539807808747702,0.3870115390405655,0.26396048693913515,20,1,-0.015197687138615412,1.031,68.7,B,0.2855072463768116,2.304199556271802,0.31604260396705897,0.23218357017209623,7,6,0,0.25949367088607594,0.27469135802469136,0.47681159420289854,0.36086956521739133,0.16231884057971013,0.2699530516431925,0.26095617529880477,0.27346938775510204,0.26783679051743786,0.27816901408450706,351,0.25757575757575757,240,False,True,0.6502886717549584,-0.015239450436889679,3.795275590551181,4.653543307086614,127,,,,,,,-0.01518476485814094,20,3.62,1.39,37.1,2.0,3.0,36.0,16.0,0.0,0.0,0.0,7.0,SP,7.0,162.0,36.0,23.1,8.68,3.86,8.68,0.72,23.321435498316873,0.014361889793042315,9,1.0,13.0,7,5,1,1,0.0,4.200856773359578,0.1287257291229957,0.2793791574279379,0.2715827338129496,0.1528776978417266,0.5914444444444444,0.42661666666666664,0.23076923076923078,4.443,0.3385079731855247
664761,Alec Bohm,R,PHI,5,Jonah Tong,R,804636.0,823570,PHI @ NYM,10:10 AM,20/09,Final,0.6344137617095059,-178.0,212.0,64.0,True,1101111101,live,0,0,0.0,0,0,0.332927738862788,0.4267935052291295,0.5414622835484094,0.418466948048113,0.13736693686175824,20,1,-0.02799625468164793,0.949,70.4,B,0.2661064425770308,2.2295581946289653,0.2898033625704397,0.22117639497889652,5,6,0,0.2696629213483146,0.24166666666666667,0.6470588235294118,0.0700280112044818,0.28291316526610644,0.22527472527472528,0.22686832740213522,0.2732732732732733,0.23000522739153162,0.25,338,0.252212389380531,261,False,False,0.6639126192606662,-0.02949885755116033,3.7103448275862068,4.13103448275862,145,,,,,,,0.15391251698616887,20,3.43,1.19,21.0,2.0,1.0,20.0,9.0,0.0,0.0,0.0,2.0,RP,5.0,91.0,16.0,18.2,8.57,3.86,6.86,0.86,18.627236045040195,-0.0009262617095059378,8,0.8,-22.0,7,6,0,1,0.0,4.158450261052842,0.13941788612115882,0.27293064876957496,0.13709677419354838,0.07258064516129033,0.44525065963060684,0.3234837291116975,0.15625,4.027,0.3413462281353985
682987,Spencer Jones,L,NYY,6,Corbin Burnes,R,669203.0,825028,NYY @ AZ,1:10 PM,20/09,Final,0.6350492213180687,-9900.0,9900.0,99.0,True,0111110100,live,0,0,0.0,0,0,0.2897623864399092,0.4437226354607854,0.5585161253547696,0.449556822668312,0.37314673911306523,20,2,-0.07331821617535905,1.0,52.2,C,0.25757575757575757,,,,2,6,0,0.30612244897959184,0.2328042328042328,0.5833333333333334,0.2878787878787879,0.12878787878787878,0.2479108635097493,0.21678321678321677,0.1652892561983471,0.22601384767556876,0.2602739726027397,160,0.22826086956521738,106,True,False,0.6142326784758705,0.02081654284219825,3.051282051282051,3.41025641025641,78,,,,,,,-0.09160170036081727,20,5.87,1.17,7.2,0.0,0.0,6.0,2.0,0.0,0.0,0.0,2.0,SP,2.0,32.0,7.0,16.0,7.04,2.35,8.22,2.35,,-0.047377792746640224,7,1.0,36.0,6,6,0,1,0.0,4.04260521215888,0.06176792774498841,0.2578125,0.3494809688581315,0.09342560553633218,0.5467741935483871,0.3666516129032258,0.3333333333333333,4.027,0.3040566228203057
691023,Jordan Walker,R,STL,4,Jake Irvin,R,663623.0,823001,WSH @ STL,11:15 AM,20/09,Final,0.630682975786877,-178.0,194.0,64.0,False,0010010010,live,6,1,0.16666666666666666,1,2023,0.15573586353393243,0.381170552229981,0.677364767080029,0.25638218627688636,0.39380985018976095,20,1,-0.029354765161878738,1.031,41.7,D,0.27225732337736935,2.0029823858408182,0.43797486643691363,0.2265409243356364,20,7,0,0.29651162790697677,0.26715686274509803,0.6019529006318208,0.3176335439402642,0.08041355542791499,0.2518832391713748,0.24268823895457373,0.2708757637474542,0.25147301437662034,0.2672413793103448,378,0.28879310344827586,258,False,False,0.6111598202330785,0.019523155553798577,3.8666666666666667,4.24,150,,,,,,,-0.09074190116594728,20,5.51,1.41,96.1,2.0,9.0,96.0,46.0,0.0,0.0,0.0,19.0,SP,20.0,426.0,90.0,21.3,8.97,4.3,8.41,1.59,21.46023660343841,-0.003282975786877085,9,0.9,3.0,7,6,1,1,0.0,3.927505279984754,0.06579768857682103,0.2672413793103448,0.24703557312252963,0.0691699604743083,0.47541789577187804,0.3570825958702065,0.28378378378378377,4.161,0.2965299102379153
666176,Jo Adell,R,CLE,4,Jack Perkins,R,678022.0,824381,ATH @ CLE,10:40 AM,20/09,Final,0.6294789474884099,-156.0,163.0,61.0,True,1101111111,live,7,1,0.14285714285714285,1,2025,0.25951684361738964,0.3827769183588507,0.433941918845511,0.3981398615702967,0.2763404121559452,20,1,-0.010847185949785149,0.987,55.4,C,0.29132231404958675,2.235546226701329,0.3887179942731986,0.25041295841984795,20,5,0,0.24598930481283424,0.2351421188630491,0.5,0.313953488372093,0.18604651162790697,0.22775947281713343,0.2516869095816464,0.22295081967213115,0.23467137185707984,0.25,364,0.22268907563025211,262,False,False,0.6257779537817623,0.0037009937066476706,3.801324503311258,4.145695364238411,151,,,,,,,0.27085447183782924,20,6.14,1.48,110.0,3.0,11.0,127.0,48.0,3.0,2.0,5.0,15.0,RP,35.0,497.0,115.0,14.2,10.39,3.93,9.41,1.64,20.13074932122031,0.0033543858449234243,9,0.75,-7.0,7,6,1,1,0.0,4.242378091580312,0.04614314371727012,0.2348993288590604,0.25661914460285135,0.048879837067209775,0.4356178608515057,0.3545446521287643,0.2549019607843137,4.161,0.36577176730649064
607208,Trea Turner,R,PHI,2,Jonah Tong,R,804636.0,823570,PHI @ NYM,10:10 AM,20/09,Final,0.6289337280406918,-186.0,203.0,65.0,True,1001110011,live,0,0,0.0,0,0,0.25240043414085384,0.29027407890307516,0.3120041514765725,0.2955007219826458,0.1527811161145721,20,1,-0.008693149107656867,0.949,70.4,B,0.2661064425770308,2.2295581946289653,0.2898033625704397,0.22117639497889652,5,6,0,0.24444444444444444,0.23575129533678757,0.6470588235294118,0.0700280112044818,0.28291316526610644,0.2277593207825766,0.22613333333333333,0.25040916530278234,0.22943889315910837,0.24345549738219896,411,0.2314410480349345,253,False,False,0.653019956173873,-0.024086228133181176,4.100671140939597,4.456375838926174,149,,,,,,,0.21491155624579636,20,3.43,1.19,21.0,2.0,1.0,20.0,9.0,0.0,0.0,0.0,2.0,RP,5.0,91.0,16.0,18.2,8.57,3.86,6.86,0.86,18.627236045040195,-0.0049212280406917275,8,0.8,-22.0,7,6,0,1,0.0,4.46302084852136,0.1189430231314438,0.23577235772357724,0.21575984990619138,0.06191369606003752,0.39566755083996463,0.3171485411140583,0.15625,4.352,0.3413462281353985
682998,Corbin Carroll,L,AZ,5,Will Warren,R,701542.0,825028,NYY @ AZ,1:10 PM,20/09,Final,0.6289058065086355,-156.0,178.0,61.0,True,1010111010,live,0,0,0.0,0,0,0.16601747795199034,0.3692471484685089,0.5021562644659302,0.25098562270579067,0.3499618012126539,20,1,-0.13231835838834985,1.0,35.7,D,0.28417696293343964,2.198824160153512,0.48291795651829816,0.2069694554817134,20,6,0,0.3381294964028777,0.20581113801452786,0.6115768463073852,0.25429141716566867,0.1341317365269461,0.23412994772218074,0.25666666666666665,0.20467032967032966,0.23524305555555555,0.25287356321839083,390,0.21568627450980393,248,False,False,0.6232263728614768,0.005679433647158727,3.72972972972973,4.3108108108108105,148,,,,,,,-0.08050226796624221,20,3.89,1.36,148.0,10.0,6.0,147.0,51.0,0.0,0.0,0.0,28.0,SP,30.0,641.0,150.0,21.4,8.94,3.1,9.12,1.28,20.700201849287403,-0.014662949365778277,7,0.875,-7.0,5,6,0,1,0.0,4.113051352905829,0.04248921497705017,0.22958057395143489,0.21497120921305182,0.09788867562380038,0.4960899315738025,0.3378934506353861,0.26993865030674846,4.027,0.28423742089864523
804668,Rafael Flores,R,PIT,7,Michael Wacha,R,608379.0,823329,KC @ PIT,10:35 AM,20/09,Final,0.6275480579881801,-156.0,163.0,61.0,True,1111111101,live,0,0,0.0,0,0,0.3564067609009231,0.34271377660346963,0.42528544330756357,0.4230703746058881,0.22604951707761056,20,1,0.08727272727272728,1.013,75.6,B,0.26918995401485674,3.2681791689219297,0.3482605531550668,0.1877871803609952,20,5,0,0.24,0.32727272727272727,0.5617699115044248,0.18867256637168142,0.24955752212389382,0.2465483234714004,0.20066889632107024,0.23140495867768596,0.23143164693218515,0.2112676056338028,78,0.3559322033898305,65,False,False,0.600773681898887,0.026774376089293117,3.25,3.575,40,,,,,,,0.23346127392368268,20,3.34,1.1,188.2,9.0,9.0,149.0,49.0,0.0,0.0,0.0,30.0,SP,30.0,760.0,158.0,25.3,7.11,2.34,7.54,1.29,25.261729752032135,0.0004408309007086775,9,0.9,35.0,7,6,1,1,0.0,3.770142738806653,0.05837847045877921,0.2532467532467532,0.29411764705882354,0.08823529411764706,0.4807692307692308,0.3479807692307692,0.24067796610169492,3.76,0.3462983409042722
547180,Bryce Harper,L,PHI,3,Jonah Tong,R,804636.0,823570,PHI @ NYM,10:10 AM,20/09,Final,0.6263476313559483,-170.0,178.0,63.0,True,1011101101,live,0,0,0.0,0,0,0.2756582859683938,0.3126788828817543,0.3767909825443821,0.4014099622603466,0.3002527228741812,20,1,0.10997338886960548,0.949,70.4,B,0.2661064425770308,2.2295581946289653,0.2898033625704397,0.22117639497889652,5,6,0,0.20398009950248755,0.313953488372093,0.6470588235294118,0.0700280112044818,0.28291316526610644,0.2635882635882636,0.23514696685428393,0.3041168658698539,0.2602739726027397,0.28405797101449276,405,0.255,253,False,False,0.6443412474279517,-0.01799361607200345,3.5620915032679736,4.300653594771242,153,,,,,,,0.1001568896924786,20,3.43,1.19,21.0,2.0,1.0,20.0,9.0,0.0,0.0,0.0,2.0,RP,5.0,91.0,16.0,18.2,8.57,3.86,6.86,0.86,18.627236045040195,-0.008147631355948315,8,0.8,-22.0,7,6,0,1,0.0,4.335136851186292,0.08867605323143364,0.2759433962264151,0.23017408123791103,0.16054158607350097,0.4513661202185792,0.37801967213114757,0.23404255319148937,4.252,0.3413462281353985
691781,Brady House,R,WSH,3,Quinn Mathews,L,687273.0,823001,WSH @ STL,11:15 AM,20/09,Final,0.6099534138273942,,,,True,0101001010,live,0,0,0.0,0,0,0.2127797965210875,0.36189330053020374,0.529048981948568,0.28489823220004595,0.1937576810932747,20,1,0.07892720306513412,1.031,68.7,B,0.2855072463768116,2.304199556271802,0.31604260396705897,0.23218357017209623,7,6,0,0.28448275862068967,0.20555555555555555,0.47681159420289854,0.36086956521739133,0.16231884057971013,0.23555555555555555,0.23766816143497757,0.2899628252788104,0.24358353510895883,0.2670807453416149,178,0.2,150,False,True,0.5862526440339689,0.02370076979342528,3.4022988505747125,3.7701149425287355,87,,,,,,,0.04697677737424296,20,3.62,1.39,37.1,2.0,3.0,36.0,16.0,0.0,0.0,0.0,7.0,SP,7.0,162.0,36.0,23.1,8.68,3.86,8.68,0.72,23.321435498316873,-0.002808969382949722,9,1.0,13.0,7,5,1,1,0.0,3.150025353749904,0.18221305703913554,0.23880597014925373,0.2681818181818182,0.06818181818181818,0.49090375586854457,0.3554471830985916,0.2621359223300971,4.027,0.3385079731855247
641343,Jake Bauers,L,MIL,4,Brandon Young,R,687064,824789,MIL @ BAL,4:20 PM,20/09,In Progress,0.6263476313559483,900.0,-186.0,10.0,False,0100111110,live,0,0,0.0,0,0,0.22862659738827362,0.40795144641337855,0.42576719498775917,0.37562926789456247,0.2864363616175782,20,2,-0.05821428571428572,1.044,47.5,D,0.2622673434856176,2.0952017390938296,0.37696353289944035,0.18997620319414896,20,6,0,0.3125,0.2542857142857143,0.5423011844331641,0.26903553299492383,0.188663282571912,0.25962059620596206,0.27206551410373064,0.2467741935483871,0.2598381244766955,0.28286852589641437,304,0.24615384615384617,239,False,False,0.5913920982231589,0.03495553313278943,3.2794117647058822,3.9926470588235294,136,,,,,,,-0.12428087896578252,20,3.65,1.37,145.2,9,4,118,55,0,0,0,26,SP,26,629,145,24.2,7.29,3.4,8.96,1.3,24.56714219130153,-0.018125409133726178,9,1.0,-1.0,7,6,0,1,0.0,3.9257689166983867,0.3149451676902988,0.27525252525252525,0.2669404517453799,0.1704312114989733,0.5263157894736842,0.38740037593984966,0.22865853658536586,4.161,0.3180154339648764
686611,Dylan Crews,R,WSH,5,Quinn Mathews,L,687273.0,823001,WSH @ STL,11:15 AM,20/09,Final,0.6583063327653886,,,,False,1111010111,live,0,0,0.0,0,0,0.26497319670692626,0.37059666065089764,0.4141573398596131,0.40120946254310075,0.24989462958308478,20,1,0.03606201550387597,1.031,68.7,B,0.2855072463768116,2.304199556271802,0.31604260396705897,0.23218357017209623,7,6,0,0.24806201550387597,0.212,0.47681159420289854,0.36086956521739133,0.16231884057971013,0.21258831085420682,0.21338383838383837,0.28059701492537314,0.22119303445720637,0.23529411764705882,235,0.2088607594936709,180,False,True,0.6522243415085551,0.006081991256833508,3.79,4.15,100,,,,,,,-0.00776035025361935,20,3.62,1.39,37.1,2.0,3.0,36.0,16.0,0.0,0.0,0.0,7.0,SP,7.0,162.0,36.0,23.1,8.68,3.86,8.68,0.72,23.321435498316873,-0.002006332765388641,9,1.0,13.0,7,5,1,1,0.0,4.172797902415208,0.029266352566052346,0.2182628062360802,0.23421588594704684,0.06720977596741344,0.4209580838323353,0.3168428143712575,0.2621359223300971,4.352,0.3385079731855247
687263,Zach Neto,R,LAA,1,Dean Kremer,R,665152.0,823975,MIN @ LAA,1:07 PM,20/09,Final,0.6251733952734625,-163.0,186.0,62.0,False,1001101000,live,0,0,0.0,0,0,0.22273522930135883,0.3759994403291176,0.5328507438435477,0.3079681314599624,0.3280341229783554,20,1,-0.01955428888097216,0.979,66.8,B,0.29760986892829605,2.631978790155973,0.3590954435909631,0.22452125794467384,15,6,0,0.25396825396825395,0.2344139650872818,0.5915057915057915,0.14594594594594595,0.2625482625482625,0.24535165723524657,0.23097112860892388,0.24572649572649571,0.24079639368895567,0.2440944881889764,424,0.23444976076555024,243,False,False,0.6344639052374998,-0.009290509964037352,3.959731543624161,4.476510067114094,149,,,,,,,-0.10492525177263254,20,5.35,1.24,77.1,3.0,5.0,74.0,26.0,0.0,0.0,0.0,15.0,SP,15.0,319.0,70.0,21.3,8.61,3.03,8.15,1.98,21.142660932495644,-0.005306728606795819,3,0.375,-1.0,5,7,1,1,0.0,4.621911709842985,0.13402019431435175,0.23789473684210527,0.3126177024482109,0.07909604519774012,0.42502696871628914,0.3234854368932039,0.23684210526315788,4.443,0.31639827441177676
592885,Christian Yelich,L,MIL,6,Brandon Young,R,687064,824789,MIL @ BAL,4:20 PM,20/09,In Progress,0.6245491482776884,400.0,-203.0,20.0,False,1011011011,live,0,0,0.0,0,0,0.25903622183971964,0.33609553620104454,0.5219622414984048,0.3695251932708391,0.2933761745155413,20,2,0.018986861092124246,1.044,47.5,D,0.2622673434856176,2.0952017390938296,0.37696353289944035,0.18997620319414896,20,6,0,0.22077922077922077,0.23976608187134502,0.5423011844331641,0.26903553299492383,0.188663282571912,0.2132216014897579,0.1891625615763547,0.272264631043257,0.21500559910414332,0.21518987341772153,266,0.26373626373626374,209,False,False,0.5909328870528172,0.03361626122487116,3.809090909090909,4.318181818181818,110,,,,,,,-0.0820066264465596,20,3.65,1.37,145.2,9,4,118,55,0,0,0,26,SP,26,629,145,24.2,7.29,3.4,8.96,1.3,24.56714219130153,-0.023482481611021733,9,1.0,-1.0,7,6,0,1,0.0,4.0559009291777555,0.0682349375748553,0.22958057395143489,0.267578125,0.0859375,0.42468354430379746,0.31770886075949367,0.22865853658536586,3.896,0.3180154339648764
695734,Daylen Lile,L,WSH,6,Quinn Mathews,L,687273.0,823001,WSH @ STL,11:15 AM,20/09,Final,0.6111598202330785,,,,True,0000011101,live,0,0,0.0,0,0,0.26754911501931883,0.299171255896509,0.39660063909133914,0.3340539463954749,0.24219596394056928,20,1,0.012935649891195444,1.031,68.7,B,0.2855072463768116,2.304199556271802,0.31604260396705897,0.23218357017209623,7,6,0,0.2595419847328244,0.24660633484162897,0.47681159420289854,0.36086956521739133,0.16231884057971013,0.2259475218658892,0.23116438356164384,0.2345505617977528,0.22906155398587286,0.24367088607594936,341,0.25680933852140075,287,False,True,0.6109710711264166,0.0001887491066618896,3.7697368421052633,4.131578947368421,152,,,,,,,0.012313970096422487,20,3.62,1.39,37.1,2.0,3.0,36.0,16.0,0.0,0.0,0.0,7.0,SP,7.0,162.0,36.0,23.1,8.68,3.86,8.68,0.72,23.321435498316873,0.0017846242113659372,9,1.0,13.0,7,5,1,1,0.0,3.987537707920227,0.05323393641460024,0.24830699774266365,0.2,0.05154639175257732,0.37837186897880537,0.3174364161849711,0.23076923076923078,3.76,0.3385079731855247
703607,Henry Bolte,R,ATH,1,Gavin Williams,R,668909.0,824381,ATH @ CLE,10:40 AM,20/09,Final,0.6225772539486888,-133.0,150.0,57.0,True,1111011101,live,0,0,0.0,0,0,0.26370237907600447,0.3941728082482236,0.511348959483917,0.44635851192744913,0.31444193965006806,20,1,-0.0029580797836376016,0.987,71.2,B,0.3355728429985856,4.489465875079829,0.4345668920064269,0.37003974117818456,20,6,0,0.27450980392156865,0.27155172413793105,0.4930282445477297,0.5069717554522702,0.0,0.28308026030368766,0.2628930817610063,0.3399014778325123,0.28613472858077177,0.30131004366812225,261,0.23076923076923078,181,True,False,0.6472053794325734,-0.0246281254838846,3.5,4.0181818181818185,110,,,,,,,0.2738258698616533,20,3.78,1.1,174.0,13.0,8.0,235.0,56.0,0.0,0.0,0.0,30.0,SP,30.0,705.0,136.0,23.5,12.16,2.9,7.03,1.4,22.540478886132473,0.008447746051311156,8,1.0,1.0,7,6,1,1,0.0,4.430376749726315,0.13075138190370966,0.28,0.28322440087145967,0.08278867102396514,0.4765432098765432,0.3477888888888889,0.24603174603174602,4.443,0.3344836921436644
545341,Randal Grichuk,R,CWS,5,Troy Melton,R,675512,824546,DET @ CWS,11:10 AM,20/09,Final,0.6220259462292447,,,,False,1111111101,live,0,0,0.0,0,0,0.3064961283773756,0.35868278321768216,0.5803514196113952,0.3881726611615463,0.22784254382804128,20,3,-0.10731707317073169,0.968,59.0,C,0.26272189349112424,2.4000120956328033,0.37091907648896816,0.1960393112066131,19,7,0,0.3024390243902439,0.1951219512195122,0.6343195266272189,0.25029585798816567,0.11538461538461539,0.26125137211855104,0.29205607476635514,0.3359375,0.28150470219435736,0.3025210084033613,125,0.2677165354330709,134,False,False,0.630682975786877,-0.008657029557632367,2.3207547169811322,2.443396226415094,106,,,,,,,0.048574874516115175,20,2.76,1.13,114.1,8,5,94,37,0,0,0,20,SP,20,470,92,23.5,7.4,2.91,7.24,1.02,23.643695380086083,-0.010238446229244746,8,0.8888888888888888,-15.0,7,7,0,1,0.0,3.1947207126019594,0.05768319629867783,0.27956989247311825,0.22033898305084745,0.03728813559322034,0.4941588785046729,0.34704205607476635,0.2023121387283237,4.027,0.29021518311440037
687093,Vaughn Grissom,R,LAA,4,Dean Kremer,R,665152.0,823975,MIN @ LAA,1:07 PM,20/09,Final,0.6217762622839861,,,,True,0010110001,live,0,0,0.0,0,0,0.17240122308171574,0.2577023986718563,0.33879960844327534,0.218459352111705,0.20570316159659838,20,1,-0.0039509756490888615,0.979,66.8,B,0.29760986892829605,2.631978790155973,0.3590954435909631,0.22452125794467384,15,6,0,0.2389937106918239,0.23504273504273504,0.5915057915057915,0.14594594594594595,0.2625482625482625,0.21013597033374537,0.21743810548977396,0.20610687022900764,0.21174075330844927,0.23580786026200873,257,0.23780487804878048,185,False,False,0.6402215582324501,-0.018445295948464002,3.5405405405405403,3.981981981981982,111,,,,,,,-0.20175659571745563,20,5.35,1.24,77.1,3.0,5.0,74.0,26.0,0.0,0.0,0.0,15.0,SP,15.0,319.0,70.0,21.3,8.61,3.03,8.15,1.98,21.142660932495644,-0.010442928950652686,3,0.375,-1.0,5,7,1,1,0.0,4.161131826396823,0.09479609715931687,0.24047619047619048,0.189873417721519,0.07172995780590717,0.367020202020202,0.30897575757575757,0.23684210526315788,4.161,0.31639827441177676
500743,Miguel Rojas,R,LAD,5,Matt Wilkinson,L,683363.0,823896,SF @ LAD,1:10 PM,20/09,Final,0.5968902846571235,-9900.0,9900.0,99.0,True,0110100101,live,0,0,0.0,0,0,0.2427974862786275,0.2552205066517012,0.24238274145933492,0.25932762041679447,0.0781058429552026,20,1,0.06091030789825974,0.973,60.0,C,0.24836601307189543,4.556539806901295,0.4688266132067089,0.15800738811291806,6,7,0,0.28313253012048195,0.2222222222222222,0.6437908496732027,0.13071895424836602,0.22549019607843138,0.25034770514603616,0.25405405405405407,0.27705627705627706,0.2550943396226415,0.2782608695652174,127,0.2604166666666667,109,False,True,0.5720320640258858,0.02485822063123766,2.221052631578947,2.4842105263157896,95,,,,,,,-0.05360395992700884,20,4.58,1.12,19.2,1.0,3.0,12.0,4.0,0.0,0.0,0.0,4.0,SP,6.0,81.0,18.0,13.5,5.49,1.83,8.24,1.83,13.334115349953619,-0.02681528465712346,8,0.7272727272727273,-1.0,5,7,1,1,0.0,2.402997187105306,0.03676406914862833,0.2787456445993031,0.11949685534591195,0.05345911949685535,0.35408299866131193,0.29914859437751,0.2631578947368421,3.598,0.3150499754058648
701675,Nathan Church,L,STL,9,Jake Irvin,R,663623.0,823001,WSH @ STL,11:15 AM,20/09,Final,0.6213142466324634,,,,False,1111100111,live,0,0,0.0,0,0,0.32786292963337105,0.33625358641026876,0.33209608347736674,0.3510254701232014,0.08295604216082543,20,1,0.024001613553852358,1.031,41.7,D,0.27225732337736935,2.0029823858408182,0.43797486643691363,0.2265409243356364,20,7,0,0.22972972972972974,0.2537313432835821,0.6019529006318208,0.3176335439402642,0.08041355542791499,0.26357096141268804,0.248868778280543,0.29273084479371314,0.2646516771102101,0.2889908256880734,238,0.20418848167539266,208,False,False,0.6117094764274268,0.009604770205036584,3.2983870967741935,3.596774193548387,124,,,,,,,0.18832829808090093,20,5.51,1.41,96.1,2.0,9.0,96.0,46.0,0.0,0.0,0.0,19.0,SP,20.0,426.0,90.0,21.3,8.97,4.3,8.41,1.59,21.46023660343841,-0.004303135521352197,9,0.9,3.0,7,6,1,1,0.0,3.921197949830411,0.05777646631812597,0.2582278481012658,0.16203703703703703,0.05787037037037037,0.30312820512820515,0.30516923076923075,0.2191780821917808,3.443,0.2965299102379153
663457,Lars Nootbaar,L,AZ,1,Will Warren,R,701542.0,825028,NYY @ AZ,1:10 PM,20/09,Final,0.6195666209627806,-9900.0,9900.0,99.0,True,1000110000,live,5,3,0.6,1,2024,0.23950965124187554,0.3369769503426914,0.4469802697976292,0.32074460506582664,0.24515718668391384,20,1,0.010828625235404898,1.0,35.7,D,0.28417696293343964,2.198824160153512,0.48291795651829816,0.2069694554817134,20,6,0,0.2222222222222222,0.2330508474576271,0.6115768463073852,0.25429141716566867,0.1341317365269461,0.24567188788128608,0.2395104895104895,0.24434389140271492,0.24450426200089725,0.2483221476510067,170,0.21052631578947367,138,False,False,0.6134146929243297,0.006151928038450882,3.130952380952381,3.6666666666666665,84,,,,,,,-0.19137678410536882,20,3.89,1.36,148.0,10.0,6.0,147.0,51.0,0.0,0.0,0.0,28.0,SP,30.0,641.0,150.0,21.4,8.94,3.1,9.12,1.28,20.700201849287403,-0.008852335248494825,7,0.875,-7.0,5,6,0,1,0.0,3.4908179027119064,0.10373422974390688,0.23821339950372208,0.1888412017167382,0.11587982832618025,0.4862433862433862,0.31316190476190475,0.26993865030674846,4.443,0.28423742089864523
682928,Cj Abrams,L,WSH,4,Quinn Mathews,L,687273.0,823001,WSH @ STL,11:15 AM,20/09,Final,0.6188601273302851,-156.0,170.0,61.0,True,1000111110,live,0,0,0.0,0,0,0.18433451795121733,0.32494429992496254,0.3886482570528909,0.25967866549774427,0.25319652913533214,20,1,0.029064039408866982,1.031,68.7,B,0.2855072463768116,2.304199556271802,0.31604260396705897,0.23218357017209623,7,6,0,0.2827586206896552,0.2536945812807882,0.47681159420289854,0.36086956521739133,0.16231884057971013,0.24778325123152709,0.24037812288993923,0.25,0.24573624789815038,0.2838709677419355,355,0.23236514522821577,270,False,True,0.626670808699608,-0.007810681369322947,3.826388888888889,4.340277777777778,144,,,,,,,0.04354549094257767,20,3.62,1.39,37.1,2.0,3.0,36.0,16.0,0.0,0.0,0.0,7.0,SP,7.0,162.0,36.0,23.1,8.68,3.86,8.68,0.72,23.321435498316873,0.00991765044749282,9,1.0,13.0,7,5,1,1,0.0,4.4360050753808355,0.04638679321702934,0.2553648068669528,0.25576923076923075,0.075,0.3935435435435436,0.33375675675675676,0.23076923076923078,4.161,0.3385079731855247
668904,Royce Lewis,R,MIN,6,Ryan Johnson,R,696270.0,823975,MIN @ LAA,1:07 PM,20/09,Final,0.6188464680260598,170.0,-156.0,37.0,True,0011010011,live,0,0,0.0,0,0,0.18043183497721377,0.2852813441434464,0.38166605292869,0.23013730056797674,0.2458462938235855,20,1,-0.01012506012506012,0.979,59.7,C,0.2750809061488673,1.8251890606388024,0.3505477317974223,0.18562183195220636,20,5,0,0.2357142857142857,0.2255892255892256,0.5637540453074433,0.22459546925566343,0.21165048543689322,0.2048632218844985,0.2441860465116279,0.2328159645232816,0.2217613273771538,0.22950819672131148,264,0.22797927461139897,218,False,False,0.6013142499622127,0.017532218063847083,3.7033898305084745,4.084745762711864,118,,,,,,,0.07265693471816038,20,4.88,1.34,90.1,5.0,8.0,70.0,39.0,0.0,0.0,0.0,17.0,SP,20.0,388.0,82.0,19.4,6.97,3.89,8.17,1.79,20.700065172454604,-0.04010646802605977,5,0.5555555555555556,-12.0,6,7,1,1,0.0,4.094865059422037,0.03766367999483833,0.22624434389140272,0.2459016393442623,0.07581967213114754,0.39906832298136646,0.3226894409937888,0.23703703703703705,3.896,0.3384246512699708
676356,Jonny Deluca,R,TB,4,Patrick Sandoval,L,663776.0,822922,BOS @ TB,10:40 AM,20/09,Final,0.6179860619962918,-156.0,170.0,61.0,True,0101111000,live,0,0,0.0,0,0,0.2360018151024607,0.2107664168529828,0.24836041897914002,0.2886982623398687,0.19834382690452157,20,1,0.059533872720685915,0.96,35.7,D,0.2798029556650246,2.0982014296804645,0.38060196266443563,0.24068668373673424,12,5,0,0.28402366863905326,0.22448979591836735,0.4147783251231527,0.32315270935960594,0.2620689655172414,0.24326599326599327,0.2231404958677686,0.26523297491039427,0.24,0.26506024096385544,175,0.24666666666666667,159,False,False,0.6208219179307777,-0.002835855934485876,3.3263157894736843,3.5157894736842104,95,,,,,,,0.05679752647293368,20,4.99,1.79,57.2,1.0,6.0,62.0,29.0,0.0,0.0,0.0,12.0,SP,12.0,267.0,74.0,22.2,9.68,4.53,11.55,0.94,22.078543161944342,-0.00900034771057745,7,0.7777777777777778,9.0,7,6,0,1,0.0,3.5184133361817453,0.02915386205469774,0.2710997442455243,0.19902912621359223,0.0412621359223301,0.29627831715210357,0.28674433656957926,0.2926829268292683,4.161,0.3398950954843073
571448,Nolan Arenado,R,AZ,6,Will Warren,R,701542.0,825028,NYY @ AZ,1:10 PM,20/09,Final,0.6179860619962918,-133.0,144.0,57.0,True,0110111111,live,0,0,0.0,0,0,0.3369105896968894,0.3210387107732963,0.21429459893733194,0.44395718371580145,0.1607633049229172,20,1,0.0024669774669774658,1.0,35.7,D,0.28417696293343964,2.198824160153512,0.48291795651829816,0.2069694554817134,20,6,0,0.24475524475524477,0.24722222222222223,0.6115768463073852,0.25429141716566867,0.1341317365269461,0.21812596006144394,0.22110552763819097,0.23943661971830985,0.22160591653460116,0.21843003412969283,325,0.2857142857142857,240,False,False,0.6125495551521679,0.0054365068441238895,3.4930555555555554,3.923611111111111,144,,,,,,,0.28360010033241273,20,3.89,1.36,148.0,10.0,6.0,147.0,51.0,0.0,0.0,0.0,28.0,SP,30.0,641.0,150.0,21.4,8.94,3.1,9.12,1.28,20.700201849287403,-0.016786061996291735,7,0.875,-7.0,5,6,0,1,0.0,4.008214512882612,0.07809836569640863,0.2385542168674699,0.20127118644067796,0.09322033898305085,0.3159375,0.2846296875,0.24701195219123506,3.896,0.28423742089864523
701807,Carson Benge,L,NYM,5,Cristopher Sánchez,L,650911.0,823570,PHI @ NYM,10:10 AM,20/09,Final,0.6179860619962918,-138.0,150.0,58.0,True,0110110111,live,0,0,0.0,0,0,0.29452740613862155,0.37154837522202966,0.2980441806703564,0.3639221483712906,0.19823968682943377,20,1,0.036783647251681095,0.949,78.3,B,0.31883049077619213,4.231478553386039,0.38247921905560384,0.24422850484808487,20,5,0,0.3028169014084507,0.2660332541567696,0.43926209537069266,0.18656456665506438,0.37417333797424296,0.2521640948438088,0.25161812297734626,0.27247191011235955,0.2553191489361702,0.2599388379204893,358,0.2966101694915254,259,True,False,0.6467289296268498,-0.028742867630558,3.8299319727891157,4.197278911564626,147,,,,,,,0.17047017621084537,20,2.93,1.22,193.2,17.0,6.0,215.0,44.0,0.0,0.0,0.0,31.0,SP,31.0,805.0,193.0,26.0,9.99,2.04,8.97,0.79,25.52998264626691,0.007469493559263629,9,0.9,4.0,7,7,0,1,0.0,4.494487054749772,0.08823365731210162,0.2944915254237288,0.21497120921305182,0.07485604606525911,0.3819444444444444,0.3764050925925926,0.16666666666666666,4.027,0.33650007075026106
668939,Adley Rutschman,L,BOS,3,Griffin Jax,R,643377.0,822922,BOS @ TB,10:40 AM,20/09,Final,0.6179860619962918,-156.0,170.0,61.0,True,0110110011,live,0,0,0.0,0,0,0.18852458418648735,0.2227967703825646,0.26752519956063026,0.2248904764687837,0.17362525750169194,20,1,-0.06237800910865321,0.96,72.5,B,0.30967336683417085,4.267628739543856,0.39829871008953355,0.26276160342690746,20,5,0,0.27358490566037735,0.21120689655172414,0.42992424242424243,0.3402777777777778,0.2297979797979798,0.24811083123425692,0.23086574654956085,0.23007246376811594,0.24081632653061225,0.23979591836734693,229,0.21830985915492956,154,False,False,0.657446137511664,-0.03946007551537223,3.6739130434782608,4.163043478260869,92,,,,,,,-0.10015944378797983,20,3.8,1.2,104.1,7.0,10.0,110.0,33.0,0.0,2.0,2.0,21.0,SP,32.0,430.0,92.0,13.4,9.49,2.85,7.94,1.29,19.48549843182524,-0.0010360619962916928,8,0.8,2.0,7,6,0,1,0.0,3.889512492171302,0.03417623605243426,0.231651376146789,0.15447154471544716,0.09552845528455285,0.39143518518518516,0.2868833333333333,0.24358974358974358,4.252,0.27797725821118546
645277,Ozzie Albies,L,ATL,6,Hunter Brown,R,686613.0,824139,ATL @ HOU,11:10 AM,20/09,Final,0.61779731288963,-127.0,138.0,56.0,True,0101001100,live,0,0,0.0,0,0,0.1778655004748701,0.24341062261460178,0.32384717310874284,0.21643839393539552,0.16834523910368585,20,1,-0.07014742014742015,0.998,71.6,B,0.29791271347248577,2.527066817712411,0.37959085548261223,0.2804595508812673,17,5,0,0.2863636363636364,0.21621621621621623,0.6122707147375079,0.2934851359898798,0.09424414927261227,0.22716736207695873,0.23907666941467437,0.2192046556741028,0.22925170068027212,0.2388888888888889,397,0.24782608695652175,261,False,False,0.630682975786877,-0.012885662897247019,3.806451612903226,4.245161290322581,155,,,,,,,-0.21060249683324522,20,3.43,1.29,97.0,6.0,3.0,110.0,49.0,0.0,0.0,0.0,18.0,SP,18.0,406.0,76.0,22.6,10.21,4.55,7.05,1.02,22.75597597864321,-0.0019306462229633503,3,0.42857142857142855,7.0,7,6,1,1,0.0,4.088156101511823,0.07581977428301413,0.2153846153846154,0.15581854043392504,0.0650887573964497,0.27805851063829784,0.25989804964539004,0.20304568527918782,3.896,0.2911860411272642
669003,Garrett Mitchell,L,MIL,8,Brandon Young,R,687064,824789,MIL @ BAL,4:20 PM,20/09,In Progress,0.6176056082111027,-9900.0,9900.0,99.0,True,1001101100,live,0,0,0.0,0,0,0.27457819056321037,0.48849115415185823,0.6666553546245114,0.4130597334683877,0.3226155220389199,20,1,0.04172757475083058,1.044,47.5,D,0.2622673434856176,2.0952017390938296,0.37696353289944035,0.18997620319414896,20,6,0,0.23255813953488372,0.2742857142857143,0.5423011844331641,0.26903553299492383,0.188663282571912,0.2544150110375276,0.282021151586369,0.21834862385321102,0.2565136476426799,0.26859504132231404,274,0.26288659793814434,228,False,False,0.576387980382656,0.041217627828446624,3.2058823529411766,3.6911764705882355,136,,,,,,,-0.035330419476598866,20,3.65,1.37,145.2,9,4,118,55,0,0,0,26,SP,26,629,145,24.2,7.29,3.4,8.96,1.3,24.56714219130153,-0.02790560821110255,9,1.0,-1.0,7,6,0,1,0.0,3.7451862513327487,0.07905671312672453,0.2627551020408163,0.3013392857142857,0.09598214285714286,0.5233463035019456,0.41200389105058366,0.22865853658536586,3.598,0.3180154339648764
673237,Yainer Diaz,R,HOU,5,Martín Pérez,L,527048.0,824139,ATL @ HOU,11:10 AM,20/09,Final,0.61712092422413,,,,True,1011001101,live,0,0,0.0,0,0,0.2926754606520587,0.2978299945811722,0.45878392550055186,0.37321782710236306,0.24121992270683726,20,1,-0.030003890293717195,0.998,52.4,C,0.27075645756457567,1.3800287398549973,0.34020936403254853,0.16091112195558896,20,5,0,0.25773195876288657,0.28773584905660377,0.6175519630484988,0.07344110854503465,0.3090069284064665,0.2936596218020022,0.26595744680851063,0.2727272727272727,0.28156424581005585,0.2988505747126437,180,0.2518518518518518,146,False,False,0.6257779537817623,-0.008657029557632256,3.635294117647059,3.835294117647059,85,,,,,,,0.07342963266797084,20,3.07,1.26,137.2,9.0,9.0,100.0,60.0,0.0,0.0,0.0,25.0,SP,29.0,575.0,113.0,19.8,6.54,3.92,7.39,0.85,22.25192676359009,-0.006849495652701543,7,0.875,18.0,7,6,1,1,0.0,3.482517720584677,0.03425413929878055,0.271461716937355,0.15638766519823788,0.03524229074889868,0.3959722222222223,0.31675416666666667,0.21428571428571427,4.027,0.3107017906391009
665953,Andrés Chaparro,R,WSH,2,Quinn Mathews,L,687273.0,823001,WSH @ STL,11:15 AM,20/09,Final,0.5763911362233974,,,,False,1110011101,live,0,0,0.0,0,0,0.3355598547182959,0.2666822132863752,0.32837886034977315,0.43298982621841364,0.21564603156433096,20,1,-0.002512934220251284,1.031,68.7,B,0.2855072463768116,2.304199556271802,0.31604260396705897,0.23218357017209623,7,6,0,0.25203252032520324,0.2545454545454545,0.47681159420289854,0.36086956521739133,0.16231884057971013,0.24227642276422764,0.22444444444444445,0.21428571428571427,0.22983583154889364,0.20754716981132076,122,0.3194444444444444,85,False,True,0.5607200602168196,0.0156710760065778,2.3733333333333335,2.76,75,,,,,,,0.09864849287240561,20,3.62,1.39,37.1,2.0,3.0,36.0,16.0,0.0,0.0,0.0,7.0,SP,7.0,162.0,36.0,23.1,8.68,3.86,8.68,0.72,23.321435498316873,0.003031085998824845,9,1.0,13.0,7,5,1,1,0.0,3.184593197819445,0.15743246925470183,0.21621621621621623,0.2403560830860534,0.09495548961424333,0.4108527131782945,0.2809581395348837,0.2621359223300971,3.896,0.3385079731855247
683953,Travis Bazzana,L,CLE,5,Jack Perkins,R,678022.0,824381,ATH @ CLE,10:40 AM,20/09,Final,0.61691856101498,-138.0,156.0,58.0,False,1011111010,live,0,0,0.0,0,0,0.29184635084982147,0.2675429164163454,0.42829365934574876,0.33225461982823123,0.09775459120475635,20,1,-0.003676470588235281,0.987,55.4,C,0.29132231404958675,2.235546226701329,0.3887179942731986,0.25041295841984795,20,5,0,0.25,0.24632352941176472,0.5,0.313953488372093,0.18604651162790697,0.23529411764705882,0.26452905811623245,0.26666666666666666,0.24880382775119617,0.2606837606837607,272,0.23157894736842105,219,True,False,0.6191352084980261,-0.0022166474830460636,3.623931623931624,4.196581196581197,117,,,,,,,0.1287570091590952,20,6.14,1.48,110.0,3.0,11.0,127.0,48.0,3.0,2.0,5.0,15.0,RP,35.0,497.0,115.0,14.2,10.39,3.93,9.41,1.64,20.13074932122031,-0.004607449903868854,9,0.75,-7.0,7,6,1,1,0.0,3.9367364634304867,0.10300289793434828,0.2529002320185615,0.19839679358717435,0.11022044088176353,0.3782630522088353,0.2918644578313253,0.2727272727272727,4.027,0.36577176730649064
624424,Michael Conforto,L,CHC,7,Rhett Lowder,R,695076.0,824462,CHC @ CIN,10:40 AM,20/09,Final,0.6168712402788713,-133.0,144.0,57.0,True,1011001011,live,0,0,1.0,0,0,0.3301033842790413,0.3827572077936569,0.4026020508069586,0.43175609939708626,0.15552928250093168,20,2,0.0,1.083,39.6,D,0.2635228848821082,1.874630962295773,0.40589222238075195,0.16615584337908598,20,5,0,,0.24696356275303644,0.5006954102920723,0.2957811775614279,0.20352341214649977,0.2255729794933655,0.1891891891891892,0.19414893617021275,0.20703575547866204,0.2125984251968504,146,0.2833333333333333,145,False,False,0.5609161003326685,0.055955139946202825,2.3523809523809525,2.7714285714285714,105,,,,,,,0.041185490193100305,20,5.79,1.52,124.1,6.0,11.0,98.0,51.0,0.0,0.0,0.0,24.0,SP,27.0,563.0,138.0,20.9,7.09,3.69,9.99,1.3,21.098576485649478,-0.04067124027887126,7,0.875,14.0,6,6,1,1,0.0,3.17332213600984,0.08548444652715323,0.25,0.25806451612903225,0.10557184750733138,0.4387254901960784,0.32170343137254903,0.2682119205298013,3.76,0.3418646209457141
665828,Oswaldo Cabrera,L,CIN,7,David Peterson,L,656849.0,824462,CHC @ CIN,10:40 AM,20/09,Final,0.6154951646640072,-127.0,138.0,56.0,False,000,live,0,0,0.0,0,0,,,,,,3,81,0.0,1.083,46.5,D,0.2715835140997831,1.6754055742423914,0.3472100572505905,0.2021560046167554,20,6,0,,0.0,0.5408340573414422,0.32493483927019984,0.13423110338835795,0.0,0.0,0.0,0.0,0.0,6,,5,False,False,0.5925486398563858,0.022946524807621382,3.0,3.6666666666666665,3,,,,,,,,3,5.11,1.55,137.1,8.0,8.0,124.0,62.0,1.0,0.0,1.0,21.0,SP,30.0,622.0,151.0,20.7,8.13,4.06,9.9,0.92,21.22067109571048,-0.01307849799734051,6,0.8571428571428571,39.0,7,7,1,1,0.0,,,0.24166666666666667,0.21287128712871287,0.07920792079207921,0.33972019464720193,0.28460218978102186,0.24561403508771928,3.76,0.3176642596282665
665877,José Fermín,R,STL,8,Jake Irvin,R,663623.0,823001,WSH @ STL,11:15 AM,20/09,Final,0.6145247828993563,,,,True,0110110101,live,5,1,0.2,1,2025,0.2516583301173681,0.271642698943288,0.27164200529486787,0.30121623912233425,0.11920947765459637,20,1,-0.0853013292037682,1.031,41.7,D,0.27225732337736935,2.0029823858408182,0.43797486643691363,0.2265409243356364,20,7,0,0.2804232804232804,0.1951219512195122,0.6019529006318208,0.3176335439402642,0.08041355542791499,0.24613003095975233,0.24687933425797504,0.30303030303030304,0.25367965367965367,0.24050632911392406,174,0.2532467532467532,182,False,False,0.6013142499622127,0.013210532937143582,2.8363636363636364,3.2363636363636363,110,,,,,,,-0.03580396808092947,20,5.51,1.41,96.1,2.0,9.0,96.0,46.0,0.0,0.0,0.0,19.0,SP,20.0,426.0,90.0,21.3,8.97,4.3,8.41,1.59,21.46023660343841,-0.007713671788245113,9,0.9,3.0,7,6,1,1,0.0,3.734273951896501,0.05493289391328392,0.23582089552238805,0.12335958005249344,0.08136482939632546,0.30850694444444443,0.2736736111111111,0.28378378378378377,3.598,0.2965299102379153
545361,Mike Trout,R,LAA,2,Dean Kremer,R,665152.0,823975,MIN @ LAA,1:07 PM,20/09,Final,0.6143399920616753,-156.0,170.0,61.0,False,1101100101,live,8,1,0.125,1,2022,0.23626348316595994,0.4250842773762741,0.47839856374022305,0.3899513586108519,0.2836808931823866,20,1,-0.013848396501457721,0.979,66.8,B,0.29760986892829605,2.631978790155973,0.3590954435909631,0.22452125794467384,15,6,0,0.25,0.23615160349854228,0.5915057915057915,0.14594594594594595,0.2625482625482625,0.2524373259052925,0.23850823937554205,0.2784090909090909,0.2512529962954892,0.2664576802507837,378,0.19186046511627908,226,False,False,0.633598767465338,-0.01925877540366272,3.637037037037037,4.474074074074074,135,,,,,,,-0.0632740351164555,20,5.35,1.24,77.1,3.0,5.0,74.0,26.0,0.0,0.0,0.0,15.0,SP,15.0,319.0,70.0,21.3,8.61,3.03,8.15,1.98,21.142660932495644,-0.001973325395008718,3,0.375,-1.0,5,7,1,1,0.0,4.544647826838194,0.15387403244955963,0.24367816091954023,0.26779026217228463,0.1404494382022472,0.4554794520547945,0.37134931506849317,0.23684210526315788,4.352,0.31639827441177676
543760,Marcus Semien,R,NYM,6,Cristopher Sánchez,L,650911.0,823570,PHI @ NYM,10:10 AM,20/09,Final,0.6134146929243297,-144.0,156.0,59.0,False,1011111111,live,5,1,0.2,1,2025,0.2681232086888945,0.22709931692722746,0.3012716990416415,0.2976946450570777,0.04429612636190262,20,1,-0.03673900293255131,0.949,78.3,B,0.31883049077619213,4.231478553386039,0.38247921905560384,0.24422850484808487,20,5,0,0.192,0.2287390029325513,0.43926209537069266,0.18656456665506438,0.37417333797424296,0.22661396574440051,0.19328419328419327,0.20535714285714285,0.2109020116807268,0.20866141732283464,277,0.23113207547169812,243,False,False,0.6145247828993563,-0.0011100899750265958,3.5303030303030303,3.9393939393939394,132,,,,,,,0.1642640523664634,20,2.93,1.22,193.2,17.0,6.0,215.0,44.0,0.0,0.0,0.0,31.0,SP,31.0,805.0,193.0,26.0,9.99,2.04,8.97,0.79,25.52998264626691,-0.021170248479885245,9,0.9,4.0,7,7,0,1,0.0,4.231506633101891,0.1321723560266763,0.22169811320754718,0.1864406779661017,0.0847457627118644,0.3290674603174603,0.31691815476190477,0.2892857142857143,3.896,0.33650007075026106
671218,Heliot Ramos,R,NYY,3,Corbin Burnes,R,669203.0,825028,NYY @ AZ,1:10 PM,20/09,Final,0.5968611641145577,-9900.0,9900.0,99.0,True,0011011001,live,0,0,0.0,0,0,0.2526200000302474,0.35062152731781127,0.4543494984089326,0.34471445203624185,0.2661063219606964,20,1,-0.06927897261333749,1.0,52.2,C,0.25757575757575757,,,,2,6,0,0.29347826086956524,0.22419928825622776,0.5833333333333334,0.2878787878787879,0.12878787878787878,0.2240314430095452,0.22950819672131148,0.2621082621082621,0.23176823176823177,0.22026431718061673,245,0.273972602739726,164,False,False,0.6065884511611163,-0.009727287046558564,3.5865384615384617,3.9326923076923075,104,,,,,,,-0.04643044642363103,20,5.87,1.17,7.2,0.0,0.0,6.0,2.0,0.0,0.0,0.0,2.0,SP,2.0,32.0,7.0,16.0,7.04,2.35,8.22,2.35,,-0.0273325926859862,7,1.0,36.0,6,6,0,1,0.0,3.352550865182258,0.13841211330566366,0.23623853211009174,0.2605042016806723,0.06512605042016807,0.4925213675213675,0.35179941239316237,0.14285714285714285,4.161,0.3040566228203057
681715,Heriberto Hernandez,R,MIA,4,Walker Buehler,R,621111.0,823247,MIA @ SD,1:10 PM,20/09,Final,0.635041664467562,,,,False,1001111111,live,0,0,0.0,0,0,0.2329175338770491,0.33195244565942766,0.3973888855237333,0.3265239216639349,0.28918387913354,20,1,0.05099601593625497,0.954,58.4,C,0.2613126783530371,2.235592359265681,0.3634326179626859,0.19749381285379378,20,5,0,0.2,0.250996015936255,0.6395253682487725,0.2635024549918167,0.0969721767594108,0.22124927028604788,0.21047619047619048,0.20081135902636918,0.21577017114914426,0.20353982300884957,256,0.26153846153846155,219,False,False,0.6385037894704529,-0.0034621250028908923,3.4227642276422765,3.861788617886179,123,,,,,,,0.19915264842835448,20,4.58,1.37,143.1,8.0,6.0,122.0,54.0,0.0,0.0,0.0,30.0,SP,30.0,609.0,142.0,20.3,7.66,3.39,8.92,1.26,20.068971571462296,-0.020191664467562043,4,0.5,25.0,7,6,0,1,0.0,4.778217003109776,0.11074315208842725,0.23486682808716708,0.2731182795698925,0.0989247311827957,0.4772727272727273,0.35644755244755244,0.23076923076923078,4.352,0.3260280911972315
665052,Griffin Conine,L,MIA,3,Walker Buehler,R,621111.0,823247,MIA @ SD,1:10 PM,20/09,Final,0.6058207259265972,,,,True,0111011001,live,0,0,0.0,0,0,0.3324367485188894,0.407859197351952,0.4037339017637279,0.40535998463848055,0.2524558811012993,20,1,-0.03922125905925822,0.954,58.4,C,0.2613126783530371,2.235592359265681,0.3634326179626859,0.19749381285379378,20,5,0,0.2903225806451613,0.2511013215859031,0.6395253682487725,0.2635024549918167,0.0969721767594108,0.25790754257907544,0.2357142857142857,0.19143576826196473,0.23670956911024063,0.25,159,0.26229508196721313,137,False,False,0.600773681898887,0.005047044027710168,3.0,3.441860465116279,86,,,,,,,-0.009074888525525187,20,4.58,1.37,143.1,8.0,6.0,122.0,54.0,0.0,0.0,0.0,30.0,SP,30.0,609.0,142.0,20.3,7.66,3.39,8.92,1.26,20.068971571462296,-0.03219572592659725,4,0.5,25.0,7,6,0,1,0.0,3.6338311061972535,0.07426244626696035,0.25815217391304346,0.2956730769230769,0.10096153846153846,0.47346938775510206,0.3391836734693877,0.28115015974440893,4.161,0.3260280911972315
699024,Leonardo Bernal,L,STL,5,Jake Irvin,R,663623.0,823001,WSH @ STL,11:15 AM,20/09,Final,0.6101560703575261,,,,True,0111010111,live,0,0,0.0,0,0,0.3178090463642061,0.3693202747602663,0.628117819225945,0.383895609074524,0.2095085937413385,17,1,-0.035460992907801414,1.031,41.7,D,0.27225732337736935,2.0029823858408182,0.43797486643691363,0.2265409243356364,20,7,0,0.3333333333333333,0.2978723404255319,0.6019529006318208,0.3176335439402642,0.08041355542791499,0.3276595744680851,0.21212121212121213,0.2727272727272727,0.2777777777777778,0.3333333333333333,42,0.28125,33,True,False,0.6013142499622127,0.008841820395313338,4.176470588235294,4.411764705882353,17,,,,,,,0.11708690535311646,17,5.51,1.41,96.1,2.0,9.0,96.0,46.0,0.0,0.0,0.0,19.0,SP,20.0,426.0,90.0,21.3,8.97,4.3,8.41,1.59,21.46023660343841,0.01339948519802947,9,0.9,3.0,7,6,1,1,0.0,4.442644850667235,0.04096285017871286,,,,,,0.2191780821917808,4.027,0.2965299102379153
630105,Jake Cronenworth,L,SD,7,Sandy Alcántara,R,645261.0,823247,MIA @ SD,1:10 PM,20/09,Final,0.601541407133406,-9900.0,9900.0,99.0,True,0111111111,live,16,2,0.125,1,2022,0.2566188482921857,0.23645104944752643,0.3054497093635007,0.32106577488177895,0.17583423476980858,20,1,0.018123075369781416,0.954,46.7,D,0.2627599243856333,1.6736447430856178,0.4301625350209218,0.15089906837568318,20,4,0,0.2112676056338028,0.22939068100358423,0.593887838689351,0.19974795211090107,0.20636420919974796,0.21343638525564804,0.22418879056047197,0.21367521367521367,0.21605374823196605,0.2146341463414634,231,0.2413793103448276,167,False,False,0.5810369764531272,0.02050443068027874,3.5,3.98,100,,,,,,,0.04334696601218161,20,3.84,1.23,206.0,13.0,10.0,149.0,58.0,1.0,0.0,1.0,32.0,SP,33.0,861.0,195.0,26.1,6.51,2.53,8.52,1.0,24.46649648415659,-0.04144140713340594,7,0.7777777777777778,28.0,7,7,0,1,0.0,4.1933770441123785,0.09347557467855476,0.2176039119804401,0.22483940042826553,0.09207708779443255,0.3215460526315789,0.2809243421052631,0.2521186440677966,3.598,0.36314361997130495
677649,Ezequiel Duran,R,TEX,4,Spencer Miles,R,693686.0,822844,TOR @ TEX,11:35 AM,20/09,Final,0.609477738871646,,,,False,0001111010,live,0,0,0.0,0,0,0.20826277814230643,0.3269383440534427,0.38593316782280884,0.2580962626181205,0.2045774074949499,20,1,-0.09837631327602672,0.964,83.4,A,0.2757660167130919,5.956560224939519,0.3478692746935475,0.2567319846343458,20,4,0,0.3333333333333333,0.2349570200573066,0.5938375350140056,0.40476190476190477,0.0014005602240896359,0.24703737465815861,0.24416796267496113,0.25598086124401914,0.24635829286992078,0.25412541254125415,340,0.2843601895734597,230,False,True,0.6372817071364829,-0.027803968264836887,3.5944055944055946,3.986013986013986,143,,,,,,,-0.06106892181954916,20,2.65,1.09,91.2,6.0,2.0,87.0,24.0,2.0,0.0,2.0,7.0,RP,47.0,370.0,76.0,7.9,8.54,2.36,7.46,0.49,5.618985846000491,0.009777816683909535,9,0.9,21.0,7,6,1,1,0.0,4.212539518141638,0.052656964951606614,0.2645739910313901,0.2408906882591093,0.0728744939271255,0.3739041794087666,0.33404434250764525,0.1895424836601307,4.161,0.29564675112557454
664770,Nathan Lukes,L,TOR,3,Jacob Degrom,R,594798.0,822844,TOR @ TEX,11:35 AM,20/09,Final,0.6064710230886929,-9900.0,9900.0,99.0,True,1111011100,live,0,0,0.0,0,0,0.2853060586318878,0.2519760802496877,0.307933493964788,0.33968340226333804,0.1273158658992516,20,1,0.010711053002112003,0.964,62.8,C,0.3090062111801242,5.080406393500117,0.4756888749060534,0.33584330821579556,20,5,0,0.26229508196721313,0.27300613496932513,0.44890795631825275,0.4173166926677067,0.13377535101404056,0.2442817932296432,0.26226993865030673,0.32894736842105265,0.25998789346246975,0.24166666666666667,260,0.3197278911564626,164,False,False,0.6490207653197885,-0.04254974223109553,3.336206896551724,3.6551724137931036,116,,,,,,,0.09449292810171177,20,3.79,1.07,154.1,11.0,9.0,194.0,39.0,0.0,0.0,0.0,29.0,SP,29.0,622.0,126.0,21.4,11.31,2.27,7.35,1.17,20.846724967367056,0.019388976911307032,5,0.5555555555555556,19.0,7,6,1,1,0.0,3.2802706159010153,0.0681992864975483,0.27525252525252525,0.14908256880733944,0.05733944954128441,0.28987915407854986,0.29439879154078546,0.20402298850574713,4.252,0.2807012692273957
663968,Jake Mangum,L,PIT,9,Michael Wacha,R,608379.0,823329,KC @ PIT,10:35 AM,20/09,Final,0.6056319768199354,-156.0,163.0,61.0,False,1010101011,live,0,0,0.0,0,0,0.2344724084051124,0.29038591924525503,0.3204552041603908,0.2593980726118247,0.1257629127780529,20,1,0.059751853131060906,1.013,75.6,B,0.26918995401485674,3.2681791689219297,0.3482605531550668,0.1877871803609952,20,5,0,0.24060150375939848,0.3003533568904594,0.5617699115044248,0.18867256637168142,0.24955752212389382,0.26102502979737785,0.3011527377521614,0.2742616033755274,0.27323746054016135,0.30303030303030304,247,0.25405405405405407,212,False,False,0.5818935718364572,0.023738404983478234,3.466666666666667,3.825,120,,,,,,,0.14187671493816584,20,3.34,1.1,188.2,9.0,9.0,149.0,49.0,0.0,0.0,0.0,30.0,SP,30.0,760.0,158.0,25.3,7.11,2.34,7.54,1.29,25.261729752032135,0.001890245402286772,9,0.9,35.0,7,6,1,1,0.0,3.6925671473474004,0.03609762496125418,0.28125,0.18736383442265794,0.05010893246187364,0.2866161616161616,0.3157434343434344,0.21481481481481482,3.443,0.3462983409042722
813841,Jonah Cox,R,SF,1,Jack Dreyer,R,676263,823896,SF @ LAD,1:10 PM,20/09,Final,0.6291124089497612,194.0,-163.0,34.0,False,0111111110,live,0,0,0.0,0,0,0.30061408494413594,0.4019256896823611,0.28593278278780815,0.5346555032766895,0.3359580031294284,20,1,-0.013333333333333308,0.973,71.6,B,0.29743589743589743,3.1303652634955053,0.4252185139357112,0.26055760874654793,0,0,0,0.29333333333333333,0.28,0.470404984423676,0.5295950155763239,0.0,0.2922794117647059,0.26576576576576577,0.24074074074074073,0.2853907134767837,0.3,79,0.2727272727272727,61,True,False,0.6280215892978275,0.0010908196519336943,2.7777777777777777,3.111111111111111,45,,,,,,,0.1916543196864607,20,3.28,1.14,60.1,5,2,69,23,2,3,5,2,RP,64,247,46,3.9,10.29,3.43,6.86,1.04,3.8408888924069666,-0.024479075616427926,6,0.75,0.0,6,6,1,1,0.0,4.153736023804501,0.051369579337894405,0.288,0.37857142857142856,0.05,0.3958333333333333,0.3771388888888889,0.20168067226890757,4.352,0.3253659547684878
681082,Bryson Stott,L,PHI,6,Jonah Tong,R,804636.0,823570,PHI @ NYM,10:10 AM,20/09,Final,0.6031594398723404,-150.0,170.0,60.0,False,0000100111,live,0,0,0.0,0,0,0.17309613828793757,0.3083988056879726,0.26130721182604916,0.21570983385464831,0.18826343020099262,20,1,0.027720150077245626,0.949,70.4,B,0.2661064425770308,2.2295581946289653,0.2898033625704397,0.22117639497889652,5,6,0,0.22608695652173913,0.25380710659898476,0.6470588235294118,0.0700280112044818,0.28291316526610644,0.23529411764705882,0.26666666666666666,0.22749590834697217,0.24113653507669097,0.23214285714285715,312,0.2663755458515284,263,False,False,0.6263476313559483,-0.023188191483607845,3.4625850340136055,3.9115646258503403,147,,,,,,,-0.07792305385348267,20,3.43,1.19,21.0,2.0,1.0,20.0,9.0,0.0,0.0,0.0,2.0,RP,5.0,91.0,16.0,18.2,8.57,3.86,6.86,0.86,18.627236045040195,-0.01137193987234042,8,0.8,-22.0,7,6,0,1,0.0,3.8733596604623597,0.08115065524050519,0.25961538461538464,0.16913319238900634,0.10570824524312897,0.34861111111111115,0.33507291666666666,0.23404255319148937,3.896,0.3413462281353985
682657,Angel Martínez,L,CLE,7,Jack Perkins,R,678022.0,824381,ATH @ CLE,10:40 AM,20/09,Final,0.601908208142268,,,,False,0101111101,live,0,0,0.0,0,0,0.2904569157652955,0.2981288764987913,0.32569817951962976,0.36831891092652375,0.22011824463986676,20,1,-0.10182815920091257,0.987,55.4,C,0.29132231404958675,2.235546226701329,0.3887179942731986,0.25041295841984795,20,5,0,0.3128834355828221,0.21105527638190955,0.5,0.313953488372093,0.18604651162790697,0.24361022364217252,0.2672955974842767,0.2549407114624506,0.2516638935108153,0.25405405405405407,199,0.2598870056497175,189,False,False,0.6013142499622127,0.000593958180055254,3.6565656565656566,3.919191919191919,99,,,,,,,0.18016553016378997,20,6.14,1.48,110.0,3.0,11.0,127.0,48.0,3.0,2.0,5.0,15.0,RP,35.0,497.0,115.0,14.2,10.39,3.93,9.41,1.64,20.13074932122031,0.001891791857732028,9,0.75,-7.0,7,6,1,1,0.0,3.9084723118089513,0.03510180435355639,0.25598086124401914,0.2222222222222222,0.035555555555555556,0.3448637316561845,0.3118490566037736,0.2727272727272727,3.76,0.36577176730649064
683002,Gunnar Henderson,L,BAL,3,Jacob Misiorowski,R,694819,824789,MIL @ BAL,4:20 PM,20/09,In Progress,0.6017003750075093,-117.0,122.0,54.0,False,1011111011,live,0,0,0.0,0,0,0.2727571807601508,0.4038669083724837,0.372462242127174,0.42603095043845723,0.21430118556934602,20,1,-0.02136460279621158,1.044,97.2,A,0.35298935298935297,5.783008352180059,0.33979642381109426,0.36596647684709377,20,5,0,0.24064171122994651,0.21927710843373494,0.7795985251945924,0.2101597705858255,0.010241704219582138,0.20687079910380882,0.22310469314079423,0.19661733615221988,0.20913078149920256,0.21388888888888888,400,0.24380165289256198,279,False,False,0.6499965996580873,-0.048296224650578035,3.986754966887417,4.496688741721854,151,,,,,,,-0.07035682668627165,20,1.89,0.81,166.1,15,5,243,42,0,0,0,28,SP,28,636,93,22.7,13.15,2.27,5.03,0.76,22.564218362665237,0.06233962499249068,5,0.625,27.0,7,6,0,1,0.0,4.2833183835074315,0.10282493244514664,0.22929936305732485,0.19288389513108614,0.09363295880149813,0.4266304347826087,0.32216032608695655,0.12140575079872204,4.252,0.33895744726512916
806146,George Lombard,R,NYY,5,Corbin Burnes,R,669203.0,825028,NYY @ AZ,1:10 PM,20/09,Final,0.6012493568546351,-9900.0,9900.0,99.0,True,1100011110,live,0,0,0.0,0,0,0.1906540668712962,0.3131555186237506,0.38040145873712816,0.2338945351799521,0.2232401112431698,20,1,-0.02777777777777779,1.0,52.2,C,0.25757575757575757,,,,2,6,0,0.25,0.2222222222222222,0.5833333333333334,0.2878787878787879,0.12878787878787878,0.20588235294117646,0.2596899224806202,0.20202020202020202,0.22062084257206208,0.22857142857142856,78,0.22413793103448276,64,True,False,0.6012493568546351,0.0,3.5555555555555554,3.9444444444444446,36,,,,,,,-0.038858889964170515,20,5.87,1.17,7.2,0.0,0.0,6.0,2.0,0.0,0.0,0.0,2.0,SP,2.0,32.0,7.0,16.0,7.04,2.35,8.22,2.35,,-0.0279207854260638,7,1.0,36.0,6,6,0,1,0.0,4.128598258245234,0.05275678076810464,0.21641791044776118,0.2751677852348993,0.0738255033557047,0.34946236559139787,0.32787096774193547,0.14285714285714285,3.896,0.3040566228203057
807713,Matt Shaw,R,CHC,4,Rhett Lowder,R,695076,824462,CHC @ CIN,10:40 AM,20/09,Final,0.6008907989624903,,,,False,1000000010,live,0,0,0.0,0,0,0.20243806862772218,0.19693287897845035,0.30331295984420975,0.24053696115580037,0.0961084074878647,20,1,-0.11635006784260518,1.083,39.6,D,0.2635228848821082,1.874630962295773,0.40589222238075195,0.16615584337908598,20,5,0,0.29545454545454547,0.1791044776119403,0.5006954102920723,0.2957811775614279,0.20352341214649977,0.23853211009174313,0.2238372093023256,0.48120300751879697,0.26724975704567544,0.273972602739726,87,0.21951219512195122,95,False,False,0.5557323869837648,0.0451584119787255,2.421875,2.84375,64,,,,,,,-0.21467472843073357,20,6.01,1.55,127.1,6,12,101,54,0,0,0,25,SP,28,581,144,20.8,7.14,3.82,10.18,1.27,21.09857648564947,-0.030805084676776007,7,0.875,1.0,7,6,1,1,0.0,2.651394518495861,0.23974157029316168,0.23174603174603176,0.22131147540983606,0.1092896174863388,0.3233618233618234,0.28323076923076923,0.285,4.161,0.3418646209457141
571970,Max Muncy,L,LAD,6,Matt Wilkinson,L,683363.0,823896,SF @ LAD,1:10 PM,20/09,Final,0.6029812359797125,,,,True,1110000111,live,0,0,0.0,0,0,0.27824506733947574,0.29519301334485204,0.38723706687900483,0.30447389255349466,0.22589539975477918,20,1,-0.0007376932898283117,0.973,60.0,C,0.24836601307189543,4.556539806901295,0.4688266132067089,0.15800738811291806,6,7,0,0.25263157894736843,0.25336927223719674,0.6437908496732027,0.13071895424836602,0.22549019607843138,0.26582278481012656,0.22195892575039494,0.23978919631093545,0.24453060094156742,0.2734375,293,0.22857142857142856,242,False,True,0.6178012711586108,-0.014820035178898294,3.3049645390070923,3.7943262411347516,141,,,,,,,-0.1380003102718199,20,4.58,1.12,19.2,1.0,3.0,12.0,4.0,0.0,0.0,0.0,4.0,SP,6.0,81.0,18.0,13.5,5.49,1.83,8.24,1.83,13.334115349953619,0.004168764020287541,8,0.7272727272727273,-1.0,5,7,1,1,0.0,3.8596072635693934,0.07473595403663634,0.2467866323907455,0.24,0.1111111111111111,0.45195729537366547,0.3238149466192171,0.15,4.027,0.3150499754058648
572233,Christian Walker,R,HOU,6,Martín Pérez,L,527048.0,824139,ATL @ HOU,11:10 AM,20/09,Final,0.5968611641145577,-133.0,144.0,57.0,False,1010000001,live,0,0,0.0,0,0,0.14534043185173226,0.22908901333893347,0.27556923381321574,0.15715082544302564,0.2261008003206238,20,1,0.005352112676056342,0.998,52.4,C,0.27075645756457567,1.3800287398549973,0.34020936403254853,0.16091112195558896,20,5,0,0.22535211267605634,0.22,0.6175519630484988,0.07344110854503465,0.3090069284064665,0.18833333333333332,0.22402826855123675,0.2224824355971897,0.20353356890459365,0.2175226586102719,365,0.22748815165876776,236,False,False,0.5915220698080765,0.0053390943064811625,3.687074829931973,4.08843537414966,147,,,,,,,-0.18850255641499788,20,3.07,1.26,137.2,9.0,9.0,100.0,60.0,0.0,0.0,0.0,25.0,SP,29.0,575.0,113.0,19.8,6.54,3.92,7.39,0.85,22.25192676359009,-0.01643259268598618,7,0.875,18.0,7,6,1,1,0.0,3.685254114879233,0.06430009243656852,0.21076233183856502,0.24285714285714285,0.0673469387755102,0.3802242609582059,0.29728134556574926,0.21428571428571427,3.896,0.3107017906391009
656941,Kyle Schwarber,L,PHI,1,Jonah Tong,R,804636.0,823570,PHI @ NYM,10:10 AM,20/09,Final,0.5965691138357868,-144.0,150.0,59.0,False,1000110001,live,0,0,0.0,0,0,0.16365254723517955,0.26484270918647723,0.3293270905408565,0.21276767217406176,0.2792947473466265,20,1,-5.700604264052833e-05,0.949,70.4,B,0.2661064425770308,2.2295581946289653,0.2898033625704397,0.22117639497889652,5,6,0,0.23469387755102042,0.2346368715083799,0.6470588235294118,0.0700280112044818,0.28291316526610644,0.23835051546391753,0.212461695607763,0.1816958277254374,0.2200503193342365,0.23837209302325582,404,0.22857142857142856,262,False,False,0.6177139911781961,-0.02114487734240933,3.7432432432432434,4.5,148,,,,,,,-0.14234522198312236,20,3.43,1.19,21.0,2.0,1.0,20.0,9.0,0.0,0.0,0.0,2.0,RP,5.0,91.0,16.0,18.2,8.57,3.86,6.86,0.86,18.627236045040195,-0.0025316138357868168,8,0.8,-22.0,7,6,0,1,0.0,4.56640566608534,0.1537883796749063,0.24503311258278146,0.32653061224489793,0.12987012987012986,0.48856799037304455,0.3972436823104693,0.23404255319148937,4.443,0.3413462281353985
664702,Myles Straw,R,TOR,2,Jacob Degrom,R,594798,822844,TOR @ TEX,11:35 AM,20/09,Final,0.5965691138357868,,,,True,1000000110,live,0,0,0.0,0,0,0.28998204848189024,0.27016018224029453,0.34374171349123955,0.2985811011507882,0.10328157884860036,20,1,0.02437070938215105,0.964,62.8,C,0.3090062111801242,5.080406393500119,0.4756888749060534,0.33584330821579556,20,5,0,0.22826086956521738,0.25263157894736843,0.44890795631825275,0.4173166926677067,0.13377535101404056,0.23150816522574447,0.22692307692307692,0.21287128712871287,0.2280204197390811,0.27941176470588236,148,0.1958041958041958,165,False,False,0.6223077471229953,-0.02573863328720849,2.2868852459016393,2.5655737704918034,122,,,,,,,-0.1015150996406596,20,3.86,1.1,158.2,11,9,196,43,0,0,0,30,SP,30,645,131,21.5,11.12,2.44,7.43,1.13,20.846724967367056,-0.0017091138357867575,5,0.5555555555555556,21.0,7,6,1,1,0.0,2.7127142883047366,0.14789641932754036,0.2318840579710145,0.13225806451612904,0.08387096774193549,0.26099290780141843,0.29345106382978725,0.2391304347826087,4.352,0.2807012692273957
807726,John Peck,R,DET,9,Davis Martin,R,663436.0,824546,DET @ CWS,11:10 AM,20/09,Final,0.5954116629979744,-122.0,133.0,55.0,False,0110111010,live,0,0,0.0,0,0,0.1976242001845239,0.3138382153023495,0.4044694193495058,0.25302898628394466,0.21498647506397717,14,1,-0.03076923076923077,0.968,29.3,F,0.2670807453416149,1.6592974466745272,0.4579092085564566,0.1459759531704685,20,5,0,0.23076923076923078,0.2,0.5855085508550855,0.2704770477047705,0.14401440144014402,0.19745222929936307,0.14285714285714285,0.06818181818181818,0.16236162361623616,0.21052631578947367,24,0.20689655172413793,34,True,False,0.5610175342295594,0.03439412876841508,3.4285714285714284,4.142857142857143,14,,,,,,,-0.010761996784927652,14,3.96,1.3,141.0,9.0,7.0,115.0,43.0,0.0,0.0,0.0,26.0,SP,27.0,592.0,140.0,21.9,7.34,2.74,8.94,0.89,20.289324788705887,-0.03865166299797451,5,0.625,2.0,7,7,0,1,0.0,4.118808212318387,0.1352934391663977,,,,,,0.26339285714285715,3.443,0.3220588894180296
695506,Jac Caglianone,L,KC,3,Lake Bachar,R,669199.0,823329,KC @ PIT,10:35 AM,20/09,Final,0.5953155070181175,-203.0,212.0,67.0,True,1101000001,live,0,0,0.0,0,0,0.26956491411158195,0.3567820465709481,0.4039810829559033,0.3944606673482586,0.3829368947810761,20,1,-0.016338582677165314,1.013,82.4,A,0.2939460247994165,2.732833872282166,0.19929477571447227,0.28722074451185503,20,1,0,0.29133858267716534,0.275,0.34842951059167276,0.5756026296566837,0.07596785975164354,0.26443768996960487,0.24438687392055267,0.2672268907563025,0.2577047255650132,0.27598566308243727,307,0.28365384615384615,220,False,False,0.611950234162867,-0.01663472714474945,3.5547445255474455,3.846715328467153,137,,,,,,,0.004187679107928851,20,3.5,1.12,82.1,1.0,4.0,86.0,35.0,2.0,1.0,3.0,10.0,RP,50.0,339.0,57.0,6.8,9.4,3.83,6.23,1.42,7.48454860911767,0.026634492981882474,6,0.5454545454545454,-11.0,7,6,1,1,0.0,3.435131490314152,0.04762541361961015,0.2800925925925926,0.2623655913978495,0.053763440860215055,0.5419354838709678,0.38873870967741936,0.21686746987951808,4.252,0.32338604223336703
668709,Jj Bleday,L,CIN,5,David Peterson,L,656849.0,824462,CHC @ CIN,10:40 AM,20/09,Final,0.5953155070181175,-127.0,138.0,56.0,True,0001100111,live,15,7,0.4666666666666667,1,2022,0.17137243319151685,0.3090251627030572,0.3882485528192391,0.26605942072900435,0.27098938568078423,20,1,-0.004559687963522491,1.083,46.5,D,0.2715835140997831,1.6754055742423914,0.3472100572505905,0.2021560046167554,20,6,0,0.21100917431192662,0.2155688622754491,0.5408340573414422,0.32493483927019984,0.13423110338835795,0.20392390011890607,0.2032355915065723,0.21927710843373494,0.2079179720877243,0.21839080459770116,310,0.2087912087912088,210,False,False,0.5683907675142326,0.026924739503884965,3.515873015873016,4.126984126984127,126,,,,,,,-0.12096626946989943,20,5.11,1.55,137.1,8.0,8.0,124.0,62.0,1.0,0.0,1.0,21.0,SP,30.0,622.0,151.0,20.7,8.13,4.06,9.9,0.92,21.22067109571048,-0.005548840351450868,6,0.8571428571428571,39.0,7,7,1,1,0.0,3.8310050858314786,0.10860088803193264,0.2102803738317757,0.228,0.13,0.3919851380042463,0.3148651804670913,0.24561403508771928,4.027,0.3176642596282665
702332,Caleb Durbin,R,BOS,6,Griffin Jax,R,643377.0,822922,BOS @ TB,10:40 AM,20/09,Final,0.5949567010067279,-144.0,156.0,59.0,True,0111110011,live,0,0,1.0,0,0,0.2907402951037738,0.2999845166810907,0.26296100224692176,0.3224832737922822,0.12413871469913303,20,1,0.010951494191717676,0.96,72.5,B,0.30967336683417085,4.267628739543856,0.39829871008953355,0.26276160342690746,20,5,0,0.24603174603174602,0.2569832402234637,0.42992424242424243,0.3402777777777778,0.2297979797979798,0.2422815279958137,0.2557077625570776,0.2612359550561798,0.2491272611869248,0.2757352941176471,316,0.22641509433962265,245,False,False,0.6294789474884099,-0.034522246481682006,3.361111111111111,3.8958333333333335,144,,,,,,,0.07347086672333351,20,3.8,1.2,104.1,7.0,10.0,110.0,33.0,0.0,2.0,2.0,21.0,SP,32.0,430.0,92.0,13.4,9.49,2.85,7.94,1.29,19.48549843182524,0.001730798993272109,8,0.8,2.0,7,6,0,1,0.0,3.9428608145436446,0.13697470224024397,0.27114427860696516,0.13219616204690832,0.08315565031982942,0.24049019607843136,0.2849156862745098,0.22818791946308725,3.896,0.27797725821118546
810938,Ben Williamson,R,TB,6,Patrick Sandoval,L,663776.0,822922,BOS @ TB,10:40 AM,20/09,Final,0.5930741795845913,-163.0,178.0,62.0,False,1011010110,live,0,0,0.0,0,0,0.23812958065158918,0.28844985224188424,0.25582217199890966,0.33056075340889973,0.16908208680729195,20,46,-0.09958592132505176,0.96,35.7,D,0.2798029556650246,2.0982014296804645,0.38060196266443563,0.24068668373673424,12,5,0,0.1956521739130435,0.29523809523809524,0.4147783251231527,0.32315270935960594,0.2620689655172414,0.23814655172413793,0.23076923076923078,0.20218579234972678,0.23091603053435114,0.23387096774193547,132,0.24369747899159663,135,False,False,0.6099534138273942,-0.01687923424280291,3.0375,3.3375,80,,,,,,,-0.08735196004457035,20,4.99,1.79,57.2,1.0,6.0,62.0,29.0,0.0,0.0,0.0,12.0,SP,12.0,267.0,74.0,22.2,9.68,4.53,11.55,0.94,22.078543161944342,-0.008345608156019924,7,0.7777777777777778,9.0,7,6,0,1,0.0,3.0984785719044985,0.02057250434484012,0.24731182795698925,0.18719211822660098,0.07142857142857142,0.3490990990990991,0.2992804054054054,0.2926829268292683,3.896,0.3398950954843073
663993,Nathaniel Lowe,L,CLE,6,Jack Perkins,R,678022.0,824381,ATH @ CLE,10:40 AM,20/09,Final,0.5915917383404501,-117.0,133.0,54.0,False,0101001011,live,0,0,0.0,0,0,0.2449158070453375,0.42514229785124585,0.5074035992080775,0.3026988331676041,0.24446266471324224,20,2,-0.04409688280656021,0.987,55.4,C,0.29132231404958675,2.235546226701329,0.3887179942731986,0.25041295841984795,20,5,0,0.2962962962962963,0.25219941348973607,0.5,0.313953488372093,0.18604651162790697,0.25866666666666666,0.26959247648902823,0.27543424317617865,0.26218888510057964,0.2980769230769231,231,0.2,183,False,False,0.5963368744668761,-0.0047451361264260195,3.1452991452991452,3.5384615384615383,117,,,,,,,0.06995072445359873,20,6.14,1.48,110.0,3.0,11.0,127.0,48.0,3.0,2.0,5.0,15.0,RP,35.0,497.0,115.0,14.2,10.39,3.93,9.41,1.64,20.13074932122031,0.004863817215105426,9,0.75,-7.0,7,6,1,1,0.0,3.5285498945933034,0.056010182021695686,0.2520107238605898,0.23389021479713604,0.08591885441527446,0.41539393939393937,0.35982909090909093,0.2727272727272727,3.896,0.36577176730649064
702176,Alan Roden,L,MIN,5,Ryan Johnson,R,696270,823975,MIN @ LAA,1:07 PM,20/09,Final,0.5915510660972622,-9900.0,9900.0,99.0,True,0100011011,live,0,0,0.0,0,0,0.26623733301504376,0.31261254975485925,0.32012865059209694,0.3092013959083889,0.15627181218139746,20,25,0.004237288135593209,0.979,59.7,C,0.2750809061488673,1.8251890606388024,0.3505477317974223,0.18562183195220636,20,5,0,0.25,0.2542372881355932,0.5637540453074433,0.22459546925566343,0.21165048543689322,0.25,0.17886178861788618,0.12727272727272726,0.21256038647342995,0.175,48,0.37037037037037035,31,False,False,0.5872352856144323,0.0043157804828298785,2.4814814814814814,2.925925925925926,27,,,,,,,0.04976810691373719,20,4.88,1.34,94.0,5,8,75,39,0,0,0,18,SP,21,405,87,19.3,7.18,3.73,8.33,1.72,20.700065172454604,-0.0164510660972621,5,0.5555555555555556,-4.0,7,7,1,1,0.0,3.0845451362207004,0.09271218751503614,0.22077922077922077,0.20300751879699247,0.07894736842105263,0.3502824858757062,0.24089830508474577,0.24390243902439024,4.027,0.3384246512699708
686765,Nick Sogard,L,BOS,5,Griffin Jax,R,643377.0,822922,BOS @ TB,10:40 AM,20/09,Final,0.5909328870528172,-133.0,138.0,57.0,False,1101011001,live,0,0,0.0,0,0,0.2424277764325002,0.3319140319782074,0.27916456183852967,0.32281186933694556,0.22818317818174583,20,1,-0.08805031446540879,0.96,72.5,B,0.30967336683417085,4.267628739543856,0.39829871008953355,0.26276160342690746,20,5,0,0.32075471698113206,0.23270440251572327,0.42992424242424243,0.3402777777777778,0.2297979797979798,0.22722159730033745,0.2345132743362832,0.24033149171270718,0.23194362889019376,0.23931623931623933,138,0.2736842105263158,113,False,False,0.6188601273302851,-0.027927240277467846,3.6551724137931036,4.327586206896552,58,,,,,,,0.061245660885267686,20,3.8,1.2,104.1,7.0,10.0,110.0,33.0,0.0,2.0,2.0,21.0,SP,32.0,430.0,92.0,13.4,9.49,2.85,7.94,1.29,19.48549843182524,-0.007132887052817227,8,0.8,2.0,7,6,0,1,0.0,3.9789513731580963,0.042590417465537135,0.255050505050505,0.22197802197802197,0.09010989010989011,0.29757062146892654,0.3237830508474576,0.24358974358974358,4.027,0.27797725821118546
695720,Tommy White,R,ATH,6,Gavin Williams,R,668909.0,824381,ATH @ CLE,10:40 AM,20/09,Final,0.5909328870528172,-113.0,117.0,53.0,False,0011001000,live,0,0,0.0,0,0,0.17273524214658328,0.24248330233586896,0.2765927701844203,0.1966246994610748,0.12267207751903687,20,1,-0.17319727891156464,0.987,71.2,B,0.3355728429985856,4.489465875079829,0.4345668920064269,0.37003974117818456,20,6,0,0.3466666666666667,0.17346938775510204,0.4930282445477297,0.5069717554522702,0.0,0.26527570789865873,0.1954674220963173,0.3680555555555556,0.2564102564102564,0.2647058823529412,104,0.22535211267605634,75,True,False,0.6134795860319073,-0.02254669897909012,3.6041666666666665,3.7291666666666665,48,,,,,,,-0.08573690178205898,20,3.78,1.1,174.0,13.0,8.0,235.0,56.0,0.0,0.0,0.0,30.0,SP,30.0,705.0,136.0,23.5,12.16,2.9,7.03,1.4,22.540478886132473,-0.0019703870528171574,8,1.0,1.0,7,6,1,1,0.0,3.2045306276107093,0.028337818744847823,0.24193548387096775,0.16923076923076924,0.041025641025641026,0.31209150326797386,0.29821568627450984,0.24603174603174602,3.896,0.3344836921436644
678662,Ezequiel Tovar,R,COL,9,Kade Anderson,L,807739.0,824300,SEA @ COL,12:10 PM,20/09,Final,0.5878262243553675,525.0,-376.0,16.0,False,1001011110,live,0,0,0.0,0,0,0.3112982331065905,0.3623730690838138,0.2684861897658845,0.3774535740692568,0.293881298457095,20,1,0.05304748161891018,1.148,42.5,D,0.24623115577889448,2.7488657855163927,0.3989964398258802,0.19752597857946147,5,6,0,0.25170068027210885,0.19865319865319866,0.41457286432160806,0.40703517587939697,0.17839195979899497,0.1936829558998808,0.17758985200845667,0.2413793103448276,0.19737285281239475,0.21176470588235294,275,0.2222222222222222,213,False,True,0.5258821601422043,0.06194406421316312,3.264705882352941,3.588235294117647,136,,,,,,,-0.04367984651079077,20,5.33,1.42,25.1,1.0,2.0,21.0,8.0,0.0,0.0,0.0,5.0,SP,5.0,107.0,28.0,21.4,7.46,2.84,9.95,1.42,21.412723826595432,-0.033609557688700775,6,0.6666666666666666,-18.0,6,7,1,1,0.0,3.131666662327541,0.044247835707748935,0.20899470899470898,0.24940047961630696,0.06474820143884892,0.3085766423357664,0.2956204379562044,0.2597402597402597,3.443,0.35426261548443977
596115,Trevor Story,R,BOS,4,Griffin Jax,R,643377.0,822922,BOS @ TB,10:40 AM,20/09,Final,0.5872792140822782,-138.0,150.0,58.0,True,1111111111,live,6,2,0.3333333333333333,1,2022,0.3333908879629168,0.361860945145526,0.2628390278870367,0.5179275845133644,0.2877212993798325,20,1,-0.014941077441077422,0.96,72.5,B,0.30967336683417085,4.267628739543856,0.39829871008953355,0.26276160342690746,20,5,0,0.25925925925925924,0.24431818181818182,0.42992424242424243,0.3402777777777778,0.2297979797979798,0.21237113402061855,0.2361111111111111,0.20689655172413793,0.21951219512195122,0.2,143,0.3157894736842105,100,False,False,0.6144777554842296,-0.027198541401951326,3.9655172413793105,4.189655172413793,58,,,,,,,0.17843204338072555,20,3.8,1.2,104.1,7.0,10.0,110.0,33.0,0.0,2.0,2.0,21.0,SP,32.0,430.0,92.0,13.4,9.49,2.85,7.94,1.29,19.48549843182524,0.007033285917721899,8,0.8,2.0,7,6,0,1,0.0,3.943716408642902,0.021253364058635867,0.27882599580712786,0.2755905511811024,0.04330708661417323,0.41325420375865485,0.33733976261127596,0.22818791946308725,4.161,0.27797725821118546
663743,Nick Fortes,R,TB,7,Patrick Sandoval,L,663776.0,822922,BOS @ TB,10:40 AM,20/09,Final,0.5867076060252153,-127.0,138.0,56.0,False,0011101011,live,7,3,0.42857142857142855,1,2023,0.2635297631120375,0.26017182447139314,0.3882679790012996,0.3075678853221323,0.11017509612299864,20,2,0.02400653238976594,0.96,35.7,D,0.2798029556650246,2.0982014296804645,0.38060196266443563,0.24068668373673424,12,5,0,0.2694610778443114,0.24545454545454545,0.4147783251231527,0.32315270935960594,0.2620689655172414,0.25516528925619836,0.242914979757085,0.2815533980582524,0.25611940298507463,0.24489795918367346,160,0.27692307692307694,143,False,False,0.6013142499622127,-0.014606643936997399,2.9157894736842107,3.1894736842105265,95,,,,,,,-0.015924544806152262,20,4.99,1.79,57.2,1.0,6.0,62.0,29.0,0.0,0.0,0.0,12.0,SP,12.0,267.0,74.0,22.2,9.68,4.53,11.55,0.94,22.078543161944342,-0.002107606025215314,7,0.7777777777777778,9.0,7,6,0,1,0.0,2.8815230880546823,0.11322077438873297,0.26512968299711814,0.13756613756613756,0.04497354497354497,0.3692090395480226,0.27627062146892656,0.2926829268292683,3.76,0.3398950954843073
805367,Chase Meidroth,R,CWS,7,Troy Melton,R,675512.0,824546,DET @ CWS,11:10 AM,20/09,Final,0.5862526440339689,-127.0,150.0,56.0,True,0100111100,live,6,2,0.3333333333333333,1,2025,0.18961884249767066,0.24606406431931532,0.2709602001476916,0.24603703561737209,0.20839969746521084,20,1,-0.035714285714285754,0.968,59.0,C,0.26272189349112424,2.4000120956328033,0.37091907648896816,0.1960393112066131,19,6,0,0.29120879120879123,0.2554945054945055,0.6343195266272189,0.25029585798816567,0.11538461538461539,0.2539109506618532,0.25630252100840334,0.2555970149253731,0.255022453320728,0.26229508196721313,346,0.27385892116182575,275,False,False,0.5962672059345026,-0.010014561900533625,3.689189189189189,4.195945945945946,148,,,,,,,0.06536325325077215,20,2.52,1.1,110.2,8.0,4.0,90.0,34.0,0.0,0.0,0.0,19.0,SP,19.0,451.0,88.0,23.7,7.32,2.77,7.16,1.06,23.643695380086083,-0.007227644033968916,8,0.8888888888888888,-15.0,7,7,0,1,0.0,4.014235132512712,0.10108640042752692,0.27107061503416857,0.22088353413654618,0.09236947791164658,0.3341438703140831,0.3099984802431611,0.2023121387283237,3.76,0.29021518311440037
679845,Nick Loftin,R,KC,6,Lake Bachar,R,669199.0,823329,KC @ PIT,10:35 AM,20/09,Final,0.5862526440339689,-156.0,163.0,61.0,True,1010001011,live,0,0,0.0,0,0,0.24534541296705825,0.2778175761335099,0.3524598499770171,0.3056335038933656,0.21118165273863232,20,1,-0.029525807271802706,1.013,82.4,A,0.2939460247994165,2.732833872282166,0.19929477571447227,0.28722074451185503,20,1,0,0.2565789473684211,0.22705314009661837,0.34842951059167276,0.5756026296566837,0.07596785975164354,0.19268849961919268,0.19112207151664612,0.2626582278481013,0.20147118921127913,0.19680851063829788,217,0.28654970760233917,199,False,False,0.5962672059345026,-0.010014561900533625,3.121739130434783,3.617391304347826,115,,,,,,,-0.07223633588845457,20,3.5,1.12,82.1,1.0,4.0,86.0,35.0,2.0,1.0,3.0,10.0,RP,50.0,339.0,57.0,6.8,9.4,3.83,6.23,1.42,7.48454860911767,0.016147355966031007,6,0.5454545454545454,-11.0,7,6,1,1,0.0,3.503700086971932,0.07512507628166233,0.24119241192411925,0.17096018735362997,0.09836065573770492,0.28856981981981983,0.2771418918918919,0.16279069767441862,3.896,0.32338604223336703
694208,Moisés Ballesteros,L,LAA,5,Dean Kremer,R,665152.0,823975,MIN @ LAA,1:07 PM,20/09,Final,0.5862526440339689,,,,False,1100111100,live,0,0,0.0,0,0,0.2630828522490997,0.28405535522409686,0.5355101208396879,0.3558287599547785,0.2389806456610924,20,1,0.028136882129277563,0.979,66.8,B,0.29760986892829605,2.631978790155973,0.3590954435909631,0.22452125794467384,15,6,0,0.2,0.22813688212927757,0.5915057915057915,0.14594594594594595,0.2625482625482625,0.20037105751391465,0.17898193760262726,0.26904761904761904,0.20918125887363936,0.23976608187134502,189,0.20491803278688525,136,False,False,0.6005849327922252,-0.014332288758256317,3.020618556701031,3.350515463917526,97,,,,,,,0.036688612758251374,20,5.35,1.24,77.1,3.0,5.0,74.0,26.0,0.0,0.0,0.0,15.0,SP,15.0,319.0,70.0,21.3,8.61,3.03,8.15,1.98,21.142660932495644,0.010447355966030969,3,0.375,-1.0,5,7,1,1,0.0,3.746078758063335,0.06788273949228431,0.23699421965317918,0.23195876288659795,0.09278350515463918,0.4666666666666667,0.295765625,0.24431818181818182,4.027,0.31639827441177676
682674,Victor Bericoto,R,SF,3,Jack Dreyer,L,676263,823896,SF @ LAD,1:10 PM,20/09,Final,0.5862526440339689,-9900.0,9900.0,99.0,True,1101000101,live,0,0,0.0,0,0,0.22330012488963477,0.320426983371922,0.5147399723804501,0.3263693312836063,0.27251730379713174,20,1,0.06374085684430511,0.973,71.6,B,0.29743589743589743,3.1303652634955053,0.4252185139357112,0.26055760874654793,20,4,0,0.27586206896551724,0.21212121212121213,0.470404984423676,0.5295950155763239,0.0,0.3184713375796178,0.19597989949748743,0.36764705882352944,0.2907692307692308,0.2962962962962963,55,0.1891891891891892,38,True,False,0.6145247828993563,-0.028272138865387375,2.84375,2.90625,32,,,,,,,-0.0198207140248556,20,3.28,1.14,60.1,5,2,69,23,2,3,5,2,RP,64,247,46,3.9,10.29,3.43,6.86,1.04,3.8408888924069666,-0.004395501176825967,7,0.875,11.0,7,6,1,1,0.0,3.195982145188496,0.025957129846771794,0.25688073394495414,0.26548672566371684,0.02654867256637168,0.4810126582278481,0.2607848101265823,0.20168067226890757,4.252,0.3253659547684878
687462,Spencer Horwitz,L,PIT,8,Michael Wacha,R,608379.0,823329,KC @ PIT,10:35 AM,20/09,Final,0.5862526440339689,-122.0,127.0,55.0,True,0001111001,live,0,0,0.0,0,0,0.20836357161800928,0.32268324288548417,0.2464608908960547,0.2882641550698993,0.213995889393746,20,2,-0.02180401260155862,1.013,75.6,B,0.26918995401485674,3.2681791689219297,0.3482605531550668,0.1877871803609952,20,5,0,0.2702702702702703,0.24846625766871167,0.5617699115044248,0.18867256637168142,0.24955752212389382,0.2535559678416821,0.24731182795698925,0.24821002386634844,0.2524271844660194,0.26540284360189575,238,0.23026315789473684,187,False,False,0.5570082036731245,0.029244440360844393,3.392523364485981,3.97196261682243,107,,,,,,,0.14960262624388088,20,3.34,1.1,188.2,9.0,9.0,149.0,49.0,0.0,0.0,0.0,30.0,SP,30.0,760.0,158.0,25.3,7.11,2.34,7.54,1.29,25.261729752032135,0.0015584670771423559,9,0.9,35.0,7,6,1,1,0.0,3.5763453115450985,0.1052500204741403,0.256857855361596,0.15384615384615385,0.11965811965811966,0.3170212765957447,0.27051063829787236,0.21481481481481482,3.598,0.3462983409042722
694203,Denzer Guzman,R,LAA,6,Dean Kremer,R,665152.0,823975,MIN @ LAA,1:07 PM,20/09,Final,0.5730595432787805,212.0,-108.0,32.0,False,1010101101,live,0,0,0.0,0,0,0.20395623369480298,0.3185725253970628,0.3085751600856732,0.23792893852873048,0.22225909482971296,20,1,0.0315734989648033,0.979,66.8,B,0.29760986892829605,2.631978790155973,0.3590954435909631,0.22452125794467384,15,6,0,0.20652173913043478,0.23809523809523808,0.5915057915057915,0.14594594594594595,0.2625482625482625,0.22168905950095968,0.1568627450980392,0.20869565217391303,0.20190274841437633,0.23225806451612904,164,0.21904761904761905,115,False,False,0.5818935718364572,-0.008834028557676676,3.5616438356164384,3.8219178082191783,73,,,,,,,-0.040562317192963285,20,5.35,1.24,77.1,3.0,5.0,74.0,26.0,0.0,0.0,0.0,15.0,SP,15.0,319.0,70.0,21.3,8.61,3.03,8.15,1.98,21.142660932495644,-0.003926209945447123,3,0.375,-1.0,5,7,1,1,0.0,3.8486670710144155,0.045343389977632105,0.22115384615384615,0.286144578313253,0.045180722891566265,0.35253456221198154,0.310815668202765,0.23684210526315788,3.76,0.31639827441177676
683011,Anthony Volpe,R,NYY,7,Corbin Burnes,R,669203.0,825028,NYY @ AZ,1:10 PM,20/09,Final,0.5461915833152412,178.0,-170.0,36.0,True,0110001101,live,9,1,0.1111111111111111,1,2023,0.21756733221578373,0.2907479261775596,0.46996722408376507,0.2530893595291648,0.16871784487576552,20,1,0.02981269000686476,1.0,52.2,C,0.25757575757575757,,,,2,6,0,0.23232323232323232,0.2621359223300971,0.5833333333333334,0.2878787878787879,0.12878787878787878,0.20927318295739347,0.23514851485148514,0.27631578947368424,0.22426470588235295,0.2336448598130841,115,0.2631578947368421,112,False,False,0.5434664335125018,0.0027251498027394128,3.15625,3.546875,64,,,,,,,-1.3390647902451996e-05,20,5.87,1.17,7.2,0.0,0.0,6.0,2.0,0.0,0.0,0.0,2.0,SP,2.0,32.0,7.0,16.0,7.04,2.35,8.22,2.35,,-0.024577297600955506,7,1.0,36.0,6,6,0,1,0.0,3.556220786437329,0.051273107683914486,0.22604422604422605,0.2708803611738149,0.07223476297968397,0.38385598141695704,0.3231904761904762,0.14285714285714285,3.443,0.3040566228203057
668800,Andrew Knizner,R,SF,4,Jack Dreyer,R,676263,823896,SF @ LAD,1:10 PM,20/09,Final,0.5500913271347936,900.0,-186.0,10.0,False,0000110111,live,0,0,0.0,0,0,0.23084279242200895,0.28560964294971164,0.3281928568426615,0.24657164129952228,0.16539309234600033,20,1,0.008547008547008572,0.973,71.6,B,0.29743589743589743,3.1303652634955053,0.4252185139357112,0.26055760874654793,0,0,0,0.2222222222222222,0.23076923076923078,0.470404984423676,0.5295950155763239,0.0,0.14903846153846154,0.25,0.07792207792207792,0.16417910447761194,0.21621621621621623,40,0.23809523809523808,24,False,False,0.5258821601422043,0.024209166992589237,2.6363636363636362,2.909090909090909,22,,,,,,,-0.033740556010336986,20,3.28,1.14,60.1,5,2,69,23,2,3,5,2,RP,64,247,46,3.9,10.29,3.43,6.86,1.04,3.8408888924069666,-0.03990799380146015,6,0.75,0.0,6,6,1,1,0.0,3.0718241755087736,0.049676040864708046,0.19760479041916168,0.1994535519125683,0.05191256830601093,0.2959770114942529,0.25121455938697324,0.20168067226890757,3.598,0.3253659547684878
691723,Coby Mayo,R,BAL,4,Jacob Misiorowski,R,694819,824789,MIL @ BAL,4:20 PM,20/09,In Progress,0.5823485338277037,-9900.0,9900.0,99.0,True,0111111010,live,0,0,0.0,0,0,0.277695479236993,0.3789544683071267,0.4629968808253393,0.39760795378225616,0.18432327682521202,20,1,-0.08252100840336138,1.044,97.2,A,0.35298935298935297,5.783008352180059,0.33979642381109426,0.36596647684709377,20,5,0,0.28,0.19747899159663865,0.7795985251945924,0.2101597705858255,0.010241704219582138,0.2193877551020408,0.20959147424511546,0.271356783919598,0.2224905139703346,0.22580645161290322,242,0.23391812865497075,184,False,False,0.6143399920616753,-0.03199145823397165,3.2333333333333334,3.55,120,,,,,,,0.05141599313179349,20,1.89,0.81,166.1,15,5,243,42,0,0,0,28,SP,28,636,93,22.7,13.15,2.27,5.03,0.76,22.564218362665237,0.06257146617229625,5,0.625,27.0,7,6,0,1,0.0,4.130150121772486,0.14863159136473983,0.22938144329896906,0.3028169014084507,0.07511737089201878,0.47876447876447875,0.3529343629343629,0.20948616600790515,4.161,0.33895744726512916
694671,Wyatt Langford,R,TEX,1,Spencer Miles,R,693686.0,822844,TOR @ TEX,11:35 AM,20/09,Final,0.5818961913079511,-9900.0,9900.0,99.0,True,0011001011,live,0,0,0.0,0,0,0.23209303560406927,0.35112839639628646,0.2790786761327901,0.34794288901272197,0.2512821491215576,20,1,0.034859584859584875,0.964,83.4,A,0.2757660167130919,5.956560224939519,0.3478692746935475,0.2567319846343458,20,4,0,0.2230769230769231,0.25793650793650796,0.5938375350140056,0.40476190476190477,0.0014005602240896359,0.2252922422954304,0.21436227224008575,0.1828193832599119,0.2165546731826512,0.2231404958677686,276,0.2857142857142857,162,False,True,0.6236416844624105,-0.04174549315445941,3.7450980392156863,4.294117647058823,102,,,,,,,-0.03498614358742699,20,2.65,1.09,91.2,6.0,2.0,87.0,24.0,2.0,0.0,2.0,7.0,RP,47.0,370.0,76.0,7.9,8.54,2.36,7.46,0.49,5.618985846000491,0.030181586469826716,9,0.9,21.0,7,6,1,1,0.0,4.2237815013017315,0.2388412243331178,0.23690205011389523,0.2180746561886051,0.12573673870333987,0.4024390243902439,0.3054512195121951,0.1895424836601307,4.443,0.29564675112557454
665804,Miguel Amaya,R,CHC,9,Rhett Lowder,R,695076.0,824462,CHC @ CIN,10:40 AM,20/09,Final,0.5818935718364572,-117.0,133.0,54.0,False,0001101010,live,0,0,0.0,0,0,0.225345851064986,0.30512937838546433,0.3085513493437281,0.36637148171450945,0.32943282517479233,20,5,0.02613989018858917,1.083,39.6,D,0.2635228848821082,1.874630962295773,0.40589222238075195,0.16615584337908598,20,5,0,0.22033898305084745,0.24647887323943662,0.5006954102920723,0.2957811775614279,0.20352341214649977,0.2122905027932961,0.2515463917525773,0.29375,0.2361111111111111,0.28695652173913044,131,0.1744186046511628,108,False,False,0.5258821601422043,0.05601141169425283,2.7534246575342465,3.2739726027397262,73,,,,,,,-0.09724458082273502,20,5.79,1.52,124.1,6.0,11.0,98.0,51.0,0.0,0.0,0.0,24.0,SP,27.0,563.0,138.0,20.9,7.09,3.69,9.99,1.3,21.098576485649478,-0.0443935718364572,7,0.875,14.0,6,6,1,1,0.0,3.2685669506455737,0.07704550352832232,0.2621082621082621,0.22885572139303484,0.07711442786069651,0.33976833976833976,0.28384942084942083,0.285,3.443,0.3418646209457141
668723,Ryan Vilade,R,TB,2,Patrick Sandoval,L,663776.0,822922,BOS @ TB,10:40 AM,20/09,Final,0.5817302305298787,-127.0,138.0,56.0,False,1000100101,live,0,0,0.0,0,0,0.1701496678980166,0.4246445683626086,0.4119408871388153,0.35627765904203346,0.39251089338951956,20,2,0.13625541125541127,0.96,35.7,D,0.2798029556650246,2.0982014296804645,0.38060196266443563,0.24068668373673424,12,5,0,0.296969696969697,0.16071428571428573,0.4147783251231527,0.32315270935960594,0.2620689655172414,0.28190630048465265,0.20843672456575682,0.3036649214659686,0.2673913043478261,0.29770992366412213,147,0.2111111111111111,104,False,False,0.5862526440339689,-0.004522413504090217,2.6,2.9529411764705884,85,,,,,,,-0.05990934502588918,20,4.99,1.79,57.2,1.0,6.0,62.0,29.0,0.0,0.0,0.0,12.0,SP,12.0,267.0,74.0,22.2,9.68,4.53,11.55,0.94,22.078543161944342,-0.016287373387021575,7,0.7777777777777778,9.0,7,6,0,1,0.0,2.837188087277514,0.1593202023783709,0.23885350318471338,0.24362606232294617,0.0821529745042493,0.40423976608187134,0.3097368421052632,0.2926829268292683,4.352,0.3398950954843073
679529,Spencer Torkelson,R,DET,7,Davis Martin,R,663436.0,824546,DET @ CWS,11:10 AM,20/09,Final,0.5815838682694209,-117.0,122.0,54.0,True,1011111110,live,19,4,0.21052631578947367,1,2022,0.29521085080242787,0.3662812609071272,0.5735564807060117,0.4850479737234922,0.3099420243548463,20,1,-0.030195762939125764,0.968,29.3,F,0.2670807453416149,1.6592974466745272,0.4579092085564566,0.1459759531704685,20,5,0,0.24848484848484848,0.2182890855457227,0.5855085508550855,0.2704770477047705,0.14401440144014402,0.20820668693009117,0.206734534064213,0.1968503937007874,0.206163655685441,0.1875,295,0.2701612903225806,286,False,False,0.5500913271347936,0.031492541134627294,3.337748344370861,3.847682119205298,151,,,,,,,0.16480474386311902,20,3.96,1.3,141.0,9.0,7.0,115.0,43.0,0.0,0.0,0.0,26.0,SP,27.0,592.0,140.0,21.9,7.34,2.74,8.94,0.89,20.289324788705887,-0.03200386826942081,5,0.625,2.0,7,7,0,1,0.0,3.5929092872199933,0.14855762628053729,0.2271604938271605,0.3225108225108225,0.09956709956709957,0.4044921875,0.32420703125,0.26339285714285715,3.76,0.3220588894180296
680869,Zack Gelof,R,ATH,4,Gavin Williams,R,668909.0,824381,ATH @ CLE,10:40 AM,20/09,Final,0.5800153237244816,-104.0,113.0,51.0,True,0010100111,live,0,0,0.0,0,0,0.20553776741743102,0.3275946500492977,0.44641917827456556,0.2626860346198195,0.2719780629118606,20,1,-0.06788824383164005,0.987,71.2,B,0.3355728429985856,4.489465875079829,0.4345668920064269,0.37003974117818456,20,6,0,0.2980769230769231,0.23018867924528302,0.4930282445477297,0.5069717554522702,0.0,0.23501199040767387,0.23058823529411765,0.29508196721311475,0.23950617283950618,0.2420091324200913,240,0.26,166,False,False,0.6144777554842296,-0.03446243175974795,3.69,4.06,100,,,,,,,0.06136183474794099,20,3.78,1.1,174.0,13.0,8.0,235.0,56.0,0.0,0.0,0.0,30.0,SP,30.0,705.0,136.0,23.5,12.16,2.9,7.03,1.4,22.540478886132473,0.008634676275518394,8,1.0,1.0,7,6,1,1,0.0,4.206973521560428,0.061158926021651815,0.24249422632794457,0.2719665271966527,0.07531380753138076,0.43333333333333335,0.31295049504950495,0.24603174603174602,4.161,0.3344836921436644
545121,Ildemaro Vargas,L,AZ,8,Will Warren,R,701542,825028,NYY @ AZ,1:10 PM,20/09,Final,0.5772247960719092,,,,True,0110111001,live,0,0,0.0,0,0,0.26713043462068276,0.1994175941286396,0.329816250528171,0.2844233734501271,0.11082773534440184,20,2,-0.06191538659572643,1.0,35.7,D,0.28417696293343964,2.198824160153512,0.48291795651829816,0.2069694554817134,20,7,0,0.29069767441860467,0.22878228782287824,0.6115768463073852,0.25429141716566867,0.1341317365269461,0.2605210420841683,0.2531328320802005,0.22404371584699453,0.25113995089442304,0.2412280701754386,243,0.2651162790697674,233,False,False,0.5819050390907575,-0.004680243018848285,3.434108527131783,3.689922480620155,129,,,,,,,0.048779027621474944,20,4.02,1.38,152.1,10,6,151,54,0,0,0,29,SP,31,662,156,21.4,8.92,3.19,9.22,1.24,20.700201849287403,0.0016037753566622293,7,0.875,9.0,7,6,0,1,0.0,3.3686237486367054,0.07750340267253224,0.24146341463414633,0.09523809523809523,0.049886621315192746,0.3458333333333333,0.28459510869565213,0.26993865030674846,3.598,0.28423742089864523
682626,Francisco Álvarez,R,NYM,7,Cristopher Sánchez,L,650911.0,823570,PHI @ NYM,10:10 AM,20/09,Final,0.5766805237271094,-108.0,113.0,52.0,True,1011011001,live,11,1,0.09090909090909091,1,2023,0.17791540700604844,0.3518437293905261,0.5576165382649456,0.28952359769565983,0.3800843643885457,20,1,-0.006488430268918072,0.949,78.3,B,0.31883049077619213,4.231478553386039,0.38247921905560384,0.24422850484808487,20,5,0,0.22115384615384615,0.22764227642276422,0.43926209537069266,0.18656456665506438,0.37417333797424296,0.22302679217958002,0.22195704057279236,0.18789808917197454,0.21805993690851735,0.2594594594594595,208,0.18787878787878787,186,False,False,0.5772247960719092,-0.0005442723447998121,3.3333333333333335,3.7523809523809524,105,,,,,,,0.012913332097718338,20,2.93,1.22,193.2,17.0,6.0,215.0,44.0,0.0,0.0,0.0,31.0,SP,31.0,805.0,193.0,26.0,9.99,2.04,8.97,0.79,25.52998264626691,-0.010458301504887246,9,0.9,4.0,7,7,0,1,0.0,3.8710063254831617,0.038380016437633856,0.23232323232323232,0.2975391498881432,0.09172259507829977,0.46831432192648925,0.336680608365019,0.2892857142857143,3.76,0.33650007075026106
664023,Ian Happ,L,CHC,5,Rhett Lowder,R,695076.0,824462,CHC @ CIN,10:40 AM,20/09,Final,0.5763911362233974,-156.0,163.0,61.0,True,0010010110,live,7,1,0.14285714285714285,1,2024,0.19098481605621495,0.3004584053048835,0.4843521225050563,0.24156676504111027,0.16941165093686486,20,1,0.02811599688768321,1.083,39.6,D,0.2635228848821082,1.874630962295773,0.40589222238075195,0.16615584337908598,20,5,0,0.19834710743801653,0.22646310432569974,0.5006954102920723,0.2957811775614279,0.20352341214649977,0.2031036056595162,0.22400756143667297,0.1925287356321839,0.20699235934244037,0.23183391003460208,335,0.20444444444444446,270,False,False,0.5375456821908514,0.03884545403254602,3.496598639455782,4.115646258503402,147,,,,,,,-0.035827409000630694,20,5.79,1.52,124.1,6.0,11.0,98.0,51.0,0.0,0.0,0.0,24.0,SP,27.0,563.0,138.0,20.9,7.09,3.69,9.99,1.3,21.098576485649478,-0.01829113622339751,7,0.875,14.0,6,6,1,1,0.0,3.0456243671612335,0.23630057497840726,0.21707317073170732,0.2993762993762994,0.12266112266112267,0.43170426065162903,0.3235037593984963,0.2682119205298013,4.027,0.3418646209457141
686217,Sal Frelick,L,MIL,9,Brandon Young,R,687064,824789,MIL @ BAL,4:20 PM,20/09,In Progress,0.5763911362233974,335.0,-300.0,23.0,False,0101100011,live,0,0,0.0,0,0,0.3182852809272758,0.259556359135904,0.19009283434775845,0.3294852368610712,0.09206511404555619,20,2,0.002408111533586804,1.044,47.5,D,0.2622673434856176,2.0952017390938296,0.37696353289944035,0.18997620319414896,20,6,0,0.23333333333333334,0.23574144486692014,0.5423011844331641,0.26903553299492383,0.188663282571912,0.21671388101983002,0.224105461393597,0.21951219512195122,0.21645220588235295,0.23809523809523808,185,0.23225806451612904,179,False,False,0.5610017633489134,0.015389372874484053,3.1359223300970873,3.533980582524272,103,,,,,,,-0.09998104627836495,20,3.65,1.37,145.2,9,4,118,55,0,0,0,26,SP,26,629,145,24.2,7.29,3.4,8.96,1.3,24.56714219130153,-0.01640224733450857,9,1.0,-1.0,7,6,0,1,0.0,3.316363676155312,0.07351341275396713,0.22955145118733508,0.107981220657277,0.07276995305164319,0.2825325325325325,0.25980930930930934,0.22865853658536586,3.443,0.3180154339648764
701358,Cam Smith,R,HOU,7,Martín Pérez,L,527048.0,824139,ATL @ HOU,11:10 AM,20/09,Final,0.5730595432787805,,,,False,1111000000,live,0,0,0.0,0,0,0.13880427742046986,0.2789787396165971,0.3688686309665472,0.22463581560479737,0.30641006769426055,20,1,0.004554890460930716,0.998,52.4,C,0.27075645756457567,1.3800287398549973,0.34020936403254853,0.16091112195558896,20,5,0,0.21476510067114093,0.21021021021021022,0.6175519630484988,0.07344110854503465,0.3090069284064665,0.22110817941952507,0.21521906225980014,0.1894093686354379,0.21449824181769,0.21245421245421245,300,0.21052631578947367,235,False,False,0.560350695444681,0.012708847834099535,3.3943661971830985,3.767605633802817,142,,,,,,,-0.181689485234662,20,3.07,1.26,137.2,9.0,9.0,100.0,60.0,0.0,0.0,0.0,25.0,SP,29.0,575.0,113.0,19.8,6.54,3.92,7.39,0.85,22.25192676359009,-0.018688114707351877,7,0.875,18.0,7,6,1,1,0.0,3.4353828694634956,0.03391753277125788,0.20393120393120392,0.26174496644295303,0.06263982102908278,0.434367816091954,0.32119885057471265,0.21428571428571427,3.76,0.3107017906391009
663494,Bryan Torres,L,STL,7,Jake Irvin,R,663623.0,823001,WSH @ STL,11:15 AM,20/09,Final,0.5730595432787805,,,,False,0111110000,live,0,0,0.0,0,0,0.24573498325412385,0.2871195316199912,0.1952282608408604,0.3030807983713311,0.2116703774956975,20,2,-0.12474849094567406,1.031,41.7,D,0.27225732337736935,2.0029823858408182,0.43797486643691363,0.2265409243356364,20,7,0,0.35714285714285715,0.2323943661971831,0.6019529006318208,0.3176335439402642,0.08041355542791499,0.2236842105263158,0.2,0.21830985915492956,0.21662245800176835,0.2553191489361702,104,0.22580645161290322,73,True,False,0.5537074674001629,0.019352075878617647,2.5161290322580645,2.8548387096774195,62,,,,,,,-0.13797093644308434,20,5.51,1.41,96.1,2.0,9.0,96.0,46.0,0.0,0.0,0.0,19.0,SP,20.0,426.0,90.0,21.3,8.97,4.3,8.41,1.59,21.46023660343841,0.004173790054552873,9,0.9,3.0,7,6,1,1,0.0,3.207243741890725,0.1787102738839581,0.2484076433121019,0.19662921348314608,0.09550561797752809,0.28142076502732244,0.30985245901639347,0.2191780821917808,3.76,0.2965299102379153
680574,Matt Mclain,R,CIN,6,David Peterson,L,656849.0,824462,CHC @ CIN,10:40 AM,20/09,Final,0.5728683433458914,-127.0,138.0,56.0,True,1010001000,live,9,3,0.3333333333333333,1,2025,0.09855854524419518,0.22640468610862008,0.2533502096147245,0.1693187708646854,0.36093721286893204,20,1,0.00783699059561127,1.083,46.5,D,0.2715835140997831,1.6754055742423914,0.3472100572505905,0.2021560046167554,20,6,0,0.1896551724137931,0.18181818181818182,0.5408340573414422,0.32493483927019984,0.13423110338835795,0.19908204245553643,0.17853560682046138,0.18269230769230768,0.19084967320261437,0.2,265,0.16292134831460675,206,False,False,0.5267774148840835,0.046090928461807956,3.3577235772357725,3.8292682926829267,123,,,,,,,-0.1700731758547963,20,5.11,1.55,137.1,8.0,8.0,124.0,62.0,1.0,0.0,1.0,21.0,SP,30.0,622.0,151.0,20.7,8.13,4.06,9.9,0.92,21.22067109571048,-0.01473501001255817,6,0.8571428571428571,39.0,7,7,1,1,0.0,3.4844516623594197,0.00951439673712111,0.1791044776119403,0.28665207877461707,0.09190371991247265,0.3607011070110701,0.31072263222632224,0.28835978835978837,3.896,0.3176642596282665
670032,Nicky Lopez,L,TEX,7,Spencer Miles,R,693686.0,822844,TOR @ TEX,11:35 AM,20/09,Final,0.5726033158106077,,,,False,1101000010,live,0,0,0.0,0,0,0.24586185351480697,0.2996510045015357,0.19186041907609883,0.3113219434908626,0.15113478921116585,20,1,-0.117084154235857,0.964,83.4,A,0.2757660167130919,5.956560224939519,0.3478692746935475,0.2567319846343458,20,4,0,0.3684210526315789,0.25133689839572193,0.5938375350140056,0.40476190476190477,0.0014005602240896359,0.29506008010680906,0.23743016759776536,0.273542600896861,0.27593984962406015,0.31932773109243695,134,0.2169811320754717,124,False,True,0.5810395959246212,-0.008436280114013428,2.5280898876404496,2.898876404494382,89,,,,,,,-0.1507645390290178,20,2.65,1.09,91.2,6.0,2.0,87.0,24.0,2.0,0.0,2.0,7.0,RP,47.0,370.0,76.0,7.9,8.54,2.36,7.46,0.49,5.618985846000491,0.003941128633836666,9,0.9,21.0,7,6,1,1,0.0,2.4652439404632567,0.0441473304405607,0.2532467532467532,0.15056818181818182,0.0625,0.234640522875817,0.27646274509803925,0.24736842105263157,3.76,0.29564675112557454
671732,Lawrence Butler,L,ATH,3,Gavin Williams,R,668909.0,824381,ATH @ CLE,10:40 AM,20/09,Final,0.5722029478954506,-100.0,108.0,50.0,False,0010101101,live,5,1,0.2,1,2025,0.2169173872526767,0.3245638652719567,0.3415250889911884,0.32728874818968196,0.2900472570222661,20,1,0.005617977528089901,0.987,71.2,B,0.3355728429985856,4.489465875079829,0.4345668920064269,0.37003974117818456,20,6,0,0.2247191011235955,0.2303370786516854,0.4930282445477297,0.5069717554522702,0.0,0.19861660079051383,0.1885245901639344,0.22764227642276422,0.20193401592718999,0.22406639004149378,273,0.23529411764705882,238,False,False,0.6154815053597819,-0.04327855746433129,3.1338028169014085,3.5985915492957745,142,,,,,,,0.05265976221271479,20,3.78,1.1,174.0,13.0,8.0,235.0,56.0,0.0,0.0,0.0,30.0,SP,30.0,705.0,136.0,23.5,12.16,2.9,7.03,1.4,22.540478886132473,0.023884552104549428,8,1.0,1.0,7,6,1,1,0.0,4.257766236207859,0.09712947755400954,0.23387096774193547,0.26450116009280744,0.12064965197215777,0.43410852713178294,0.34254457364341084,0.19072164948453607,4.252,0.3344836921436644
668901,Mark Vientos,R,NYM,4,Cristopher Sánchez,L,650911.0,823570,PHI @ NYM,10:10 AM,20/09,Final,0.5720320640258858,-138.0,150.0,58.0,True,0101100011,live,17,6,0.35294117647058826,1,2023,0.21897885119170937,0.289284736082634,0.435147288255629,0.3371006357312713,0.2991899679342824,20,2,0.02210078931390408,0.949,78.3,B,0.31883049077619213,4.231478553386039,0.38247921905560384,0.24422850484808487,20,5,0,0.22950819672131148,0.2074074074074074,0.43926209537069266,0.18656456665506438,0.37417333797424296,0.21818181818181817,0.16551724137931034,0.21428571428571427,0.19988801791713326,0.22758620689655173,157,0.20535714285714285,120,False,False,0.5774186154762923,-0.0053865514504064516,3.1341463414634148,3.3780487804878048,82,,,,,,,0.0046093810474479285,20,2.93,1.22,193.2,17.0,6.0,215.0,44.0,0.0,0.0,0.0,31.0,SP,31.0,805.0,193.0,26.0,9.99,2.04,8.97,0.79,25.52998264626691,-0.01623206402588573,9,0.9,4.0,7,7,0,1,0.0,2.783816649032083,0.10520266384608366,0.21761658031088082,0.25952380952380955,0.06190476190476191,0.4693140794223827,0.3209097472924188,0.2892857142857143,4.161,0.33650007075026106
605170,Víctor Caratini,L,MIN,7,Ryan Johnson,R,696270.0,823975,MIN @ LAA,1:07 PM,20/09,Final,0.5720320640258858,1011.0,-186.0,9.0,False,1010010111,live,0,0,0.0,0,0,0.23887172151452613,0.20820001890782963,0.35294720486294895,0.32214759157875017,0.21605118415125701,20,1,0.08852092190646677,0.979,59.7,C,0.2750809061488673,1.8251890606388024,0.3505477317974223,0.18562183195220636,20,5,0,0.1651376146788991,0.25365853658536586,0.5637540453074433,0.22459546925566343,0.21165048543689322,0.2126736111111111,0.2262357414448669,0.2159383033419023,0.21673923560716013,0.20958083832335328,199,0.23809523809523808,169,False,False,0.5654850401493622,0.006547023876523617,3.0784313725490198,3.607843137254902,102,,,,,,,-0.04142530124701354,20,4.88,1.34,90.1,5.0,8.0,70.0,39.0,0.0,0.0,0.0,17.0,SP,20.0,388.0,82.0,19.4,6.97,3.89,8.17,1.79,20.700065172454604,-0.029992064025885945,5,0.5555555555555556,-12.0,6,7,1,1,0.0,3.324650162571219,0.10877308765065717,0.21727019498607242,0.21140142517814728,0.09026128266033254,0.3914814814814815,0.28666296296296295,0.24390243902439024,3.76,0.3384246512699708
688363,Graham Pauley,L,MIA,7,Walker Buehler,R,621111,823247,MIA @ SD,1:10 PM,20/09,Final,0.5720320640258858,233.0,-223.0,30.0,False,1010001110,live,0,0,0.0,0,0,0.23108746830139174,0.41278798794481186,0.441246999527099,0.35904650674766286,0.26978914115845803,20,5,0.0,0.954,58.4,C,0.2613126783530371,2.235592359265681,0.3634326179626859,0.19749381285379378,20,5,0,,0.21052631578947367,0.6395253682487725,0.2635024549918167,0.0969721767594108,0.22330097087378642,0.1956521739130435,0.16748768472906403,0.20442571127502634,0.23170731707317074,87,0.17647058823529413,57,False,False,0.5523946241761747,0.019637439849711114,2.7142857142857144,2.938775510204082,49,,,,,,,-0.06419257820635392,20,4.46,1.34,147.1,8,6,127,55,0,0,0,31,SP,31,622,143,20.1,7.76,3.36,8.74,1.22,20.068971571462296,-0.04063206402588582,4,0.5,18.0,7,6,0,1,0.0,3.060368586532952,0.055388746579323446,0.20364741641337386,0.22950819672131148,0.08469945355191257,0.3122448979591837,0.2679795918367347,0.28115015974440893,3.76,0.3260280911972315
672960,Kazuma Okamoto,R,TOR,4,Jacob Degrom,R,594798.0,822844,TOR @ TEX,11:35 AM,20/09,Final,0.5701538159139102,-122.0,138.0,55.0,True,1011111011,live,0,0,0.0,0,0,0.28238460616532063,0.36539299551515514,0.4813550010780716,0.34281034975797253,0.20512795158760888,20,1,0.01982242411728269,0.964,62.8,C,0.3090062111801242,5.080406393500117,0.4756888749060534,0.33584330821579556,20,5,0,0.2215568862275449,0.2413793103448276,0.44890795631825275,0.4173166926677067,0.13377535101404056,0.21675845790715972,0.24692118226600984,0.2514506769825919,0.23101535836177475,0.2586750788643533,359,0.2026431718061674,249,True,False,0.6101424110533008,-0.03998859513939057,3.675675675675676,4.108108108108108,148,,,,,,,0.23310112287450327,20,3.79,1.07,154.1,11.0,9.0,194.0,39.0,0.0,0.0,0.0,29.0,SP,29.0,622.0,126.0,21.4,11.31,2.27,7.35,1.17,20.846724967367056,0.037486184086089724,5,0.5555555555555556,19.0,7,6,1,1,0.0,4.043072569645324,0.12907625747859433,0.23809523809523808,0.2839756592292089,0.0872210953346856,0.42081949058693247,0.32702990033222595,0.2391304347826087,4.161,0.2807012692273957
696285,Jacob Young,R,WSH,8,Quinn Mathews,L,687273.0,823001,WSH @ STL,11:15 AM,20/09,Final,0.5701538159139102,,,,True,1001011010,live,0,0,0.0,0,0,0.2210740127605246,0.2504711442249953,0.1660378910114465,0.26424818809175094,0.14354033170342578,20,1,0.09175824175824177,1.031,68.7,B,0.2855072463768116,2.304199556271802,0.31604260396705897,0.23218357017209623,7,6,0,0.30714285714285716,0.2153846153846154,0.47681159420289854,0.36086956521739133,0.16231884057971013,0.25553447185325745,0.22184684684684686,0.23076923076923078,0.24165170556552962,0.2553191489361702,263,0.23636363636363636,187,False,True,0.5500913271347936,0.02006248877911665,3.2,3.6,125,,,,,,,-0.11772694010924772,20,3.62,1.39,37.1,2.0,3.0,36.0,16.0,0.0,0.0,0.0,7.0,SP,7.0,162.0,36.0,23.1,8.68,3.86,8.68,0.72,23.321435498316873,0.0014461840860896524,9,1.0,13.0,7,5,1,1,0.0,3.0689028747355755,0.08949106363560752,0.24739583333333334,0.16666666666666666,0.07175925925925926,0.3047542735042735,0.3090758547008547,0.2621359223300971,3.443,0.3385079731855247
687637,Dylan Beavers,L,BAL,1,Jacob Misiorowski,R,694819,824789,MIL @ BAL,4:20 PM,20/09,In Progress,0.5673632882613379,488.0,-426.0,17.0,False,1011010001,live,0,0,0.0,0,0,0.1608686452498762,0.2626472872954795,0.2558099324014461,0.26192349191314623,0.292966196005054,20,2,-0.04338974424227002,1.044,97.2,A,0.35298935298935297,5.783008352180059,0.33979642381109426,0.36596647684709377,20,5,0,0.27586206896551724,0.23247232472324722,0.7795985251945924,0.2101597705858255,0.010241704219582138,0.21136173767752714,0.2128935532233883,0.1994750656167979,0.20942641173855048,0.21301775147928995,186,0.26717557251908397,150,False,False,0.6058207259265972,-0.03845743766525933,3.125,3.5,96,,,,,,,-0.10292962703815349,20,1.89,0.81,166.1,15,5,243,42,0,0,0,28,SP,28,636,93,22.7,13.15,2.27,5.03,0.76,22.564218362665237,0.05513671173866219,5,0.625,27.0,7,6,0,1,0.0,4.130558711656081,0.08952109102529185,0.22486772486772486,0.26036866359447003,0.11290322580645161,0.349685534591195,0.30891572327044026,0.12140575079872204,4.443,0.33895744726512916
800543,Josue De Paula,L,LAD,7,Matt Wilkinson,L,683363,823896,SF @ LAD,1:10 PM,20/09,Final,0.5672390836584006,3233.0,-108.0,3.0,True,001000111,live,0,0,0.0,0,0,0.2964620264322653,0.349472493481553,0.522653253212567,0.32295200101254684,0.07286543754546589,9,1,0.18947368421052635,0.973,60.0,C,0.24836601307189543,4.556539806901295,0.4688266132067089,0.15800738811291806,6,7,0,0.4,0.21052631578947367,0.6437908496732027,0.13071895424836602,0.22549019607843138,0.23655913978494625,0.16216216216216217,0.21428571428571427,0.20512820512820512,0.2,20,0.3333333333333333,14,True,True,0.5697479081788793,-0.0025088245204787363,2.6666666666666665,3.7777777777777777,9,,,,,,,-0.2548133001456935,9,3.86,1.03,23.1,1,3,16,4,0,0,0,5,SP,7,94,20,13.4,6.17,1.54,7.71,1.54,13.334115349953619,0.0043053607860438214,9,0.8181818181818182,-2.0,6,7,1,1,0.0,3.833199172968983,0.3646247070530517,,,,,,0.15,3.76,0.3150499754058648
691181,Emmanuel Rodriguez,L,MIN,8,Ryan Johnson,R,696270,823975,MIN @ LAA,1:07 PM,20/09,Final,0.5667626876607373,245.0,-233.0,29.0,True,11110000,live,0,0,0.0,0,0,0.15652335716722085,0.3606557368526352,0.5018613968492628,0.2098746382649361,0.42570221090010346,8,1,-0.14935064935064934,0.979,59.7,C,0.2750809061488673,1.8251890606388024,0.3505477317974223,0.18562183195220636,20,5,0,0.2857142857142857,0.13636363636363635,0.5637540453074433,0.22459546925566343,0.21165048543689322,0.21649484536082475,0.24,0.1323529411764706,0.2,0.25,17,0.07692307692307693,13,True,False,0.5434480990902754,0.02331458857046198,3.625,3.75,8,,,,,,,-0.021509291620346337,8,4.88,1.34,94.0,5,8,75,39,0,0,0,18,SP,21,405,87,19.3,7.18,3.73,8.33,1.72,20.700065172454604,-0.03642268766073731,5,0.5555555555555556,-4.0,7,7,1,1,0.0,3.6910694115596803,0.025568875780165784,,,,,,0.24390243902439024,3.598,0.3384246512699708
660821,Jesús Sánchez,L,AZ,7,Will Warren,R,701542,825028,NYY @ AZ,1:10 PM,20/09,Final,0.5655008110300083,,,,False,0001011010,live,5,1,0.2,1,2025,0.1593083909008249,0.2665220131313013,0.2625935491705385,0.2950356191945713,0.32011327650056703,20,1,0.0878972278566599,1.0,35.7,D,0.28417696293343964,2.198824160153512,0.48291795651829816,0.2069694554817134,20,6,0,0.17647058823529413,0.26436781609195403,0.6115768463073852,0.25429141716566867,0.1341317365269461,0.2730799069045772,0.22707423580786026,0.27102803738317754,0.2647732478240953,0.2808988764044944,199,0.22,109,False,False,0.5667626876607373,-0.0012618766307290752,2.7524752475247523,3.0495049504950495,101,,,,,,,-0.07690448824056499,20,3.87,1.36,151.0,10,6,150,52,0,0,0,29,SP,31,654,154,21.1,8.94,3.1,9.18,1.25,20.700201849287403,0.000770617541420382,7,0.875,9.0,7,6,0,1,0.0,2.5133778476127806,0.035029716796296566,0.25688073394495414,0.24233983286908078,0.05013927576601671,0.4361111111111111,0.32468125000000003,0.26993865030674846,3.76,0.28423742089864523
681508,Mickey Gasper,L,BOS,2,Griffin Jax,R,643377.0,822922,BOS @ TB,10:40 AM,20/09,Final,0.5652751725301802,-122.0,144.0,55.0,False,0001110010,live,0,0,0.0,0,0,0.20974180124032257,0.28108698723052367,0.3629372348741138,0.2737603913351488,0.15725060191904705,20,1,0.12660393498716854,0.96,72.5,B,0.30967336683417085,4.267628739543856,0.39829871008953355,0.26276160342690746,20,5,0,0.14285714285714285,0.2694610778443114,0.42992424242424243,0.3402777777777778,0.2297979797979798,0.275320970042796,0.22380952380952382,0.25886524822695034,0.25659301496792586,0.2524271844660194,128,0.2692307692307692,86,False,False,0.6049712629072616,-0.03969609037708133,2.9672131147540983,3.5081967213114753,61,,,,,,,-0.04670704753639137,20,3.8,1.2,104.1,7.0,10.0,110.0,33.0,0.0,2.0,2.0,21.0,SP,32.0,430.0,92.0,13.4,9.49,2.85,7.94,1.29,19.48549843182524,-0.005225172530180178,8,0.8,2.0,7,6,0,1,0.0,3.3267375811528446,0.1358158633506349,0.21543408360128619,0.1771117166212534,0.11716621253405994,0.34552845528455284,0.26899186991869917,0.24358974358974358,4.352,0.27797725821118546
669392,Samad Taylor,R,SD,8,Sandy Alcántara,R,645261.0,823247,MIA @ SD,1:10 PM,20/09,Final,0.5590378522206928,-9900.0,9900.0,99.0,True,0111101111,live,0,0,0.0,0,0,0.3521147218447998,0.3310431003385076,0.32885264270332665,0.46477191219117914,0.18167742892393168,20,1,0.043792219892848816,0.954,46.7,D,0.2627599243856333,1.6736447430856178,0.4301625350209218,0.15089906837568318,20,4,0,0.3018867924528302,0.345679012345679,0.593887838689351,0.19974795211090107,0.20636420919974796,0.33440514469453375,0.24414715719063546,0.3046875,0.3044719314938154,0.28205128205128205,89,0.39285714285714285,67,False,False,0.5434664335125018,0.01557141870819101,3.268292682926829,3.8048780487804876,41,,,,,,,0.1860433542625733,20,3.84,1.23,206.0,13.0,10.0,149.0,58.0,1.0,0.0,1.0,32.0,SP,33.0,861.0,195.0,26.1,6.51,2.53,8.52,1.0,24.46649648415659,-0.047337852220692755,7,0.7777777777777778,28.0,7,7,0,1,0.0,3.5179190457950917,0.09046012614307919,0.28125,0.25769230769230766,0.1076923076923077,0.24256900212314225,0.3124904458598726,0.23974763406940064,3.443,0.36314361997130495
622268,Donovan Walton,L,ATH,5,Gavin Williams,R,668909.0,824381,ATH @ CLE,10:40 AM,20/09,Final,0.5628088156985532,113.0,-100.0,47.0,True,1010100001,live,0,0,0.0,0,0,0.23567368378783532,0.3079923201688723,0.2785198791680171,0.26813966988335475,0.1333689573151373,20,1,0.07227722772277229,0.987,71.2,B,0.3355728429985856,4.489465875079829,0.4345668920064269,0.37003974117818456,20,6,0,0.2,0.2722772277227723,0.4930282445477297,0.5069717554522702,0.0,0.2822349570200573,0.25684210526315787,0.2554347826086957,0.26830848995463386,0.27906976744186046,142,0.25301204819277107,105,False,False,0.5896601664632306,-0.026851350764677373,2.789473684210526,3.25,76,,,,,,,-0.1128212294168879,20,3.78,1.1,174.0,13.0,8.0,235.0,56.0,0.0,0.0,0.0,30.0,SP,30.0,705.0,136.0,23.5,12.16,2.9,7.03,1.4,22.540478886132473,0.010966184301446802,8,1.0,1.0,7,6,1,1,0.0,3.1299674468418153,0.0890036597511848,0.2222222222222222,0.16483516483516483,0.0989010989010989,0.3264705882352941,0.2671411764705882,0.19072164948453607,4.027,0.3344836921436644
675961,Alika Williams,R,ATH,7,Gavin Williams,R,668909.0,824381,ATH @ CLE,10:40 AM,20/09,Final,0.5626622917974168,108.0,-100.0,48.0,False,0000011011,live,0,0,0.0,0,0,0.2762348019469135,0.24493778151841222,0.3107820155032123,0.3248425697475848,0.1491900671654762,20,1,-0.05596801827527126,0.987,71.2,B,0.3355728429985856,4.489465875079829,0.4345668920064269,0.37003974117818456,20,6,0,0.2912621359223301,0.23529411764705882,0.4930282445477297,0.5069717554522702,0.0,0.30886426592797783,0.23671497584541062,0.29508196721311475,0.2852830188679245,0.3008849557522124,122,0.21739130434782608,99,False,False,0.5862526440339689,-0.023590352236552148,2.7333333333333334,2.9466666666666668,75,,,,,,,0.11618363459475152,20,3.78,1.1,174.0,13.0,8.0,235.0,56.0,0.0,0.0,0.0,30.0,SP,30.0,705.0,136.0,23.5,12.16,2.9,7.03,1.4,22.540478886132473,0.001987708202583205,8,1.0,1.0,7,6,1,1,0.0,3.4395153984080733,0.054264436504204476,0.23870967741935484,0.22123893805309736,0.0471976401179941,0.30815602836879435,0.2665659574468085,0.24603174603174602,3.76,0.3344836921436644
665926,Andrés Giménez,L,TOR,7,Jacob Degrom,R,594798.0,822844,TOR @ TEX,11:35 AM,20/09,Final,0.5617813364456586,,,,True,0111011100,live,0,0,0.0,0,0,0.22561472237891556,0.29912653895521135,0.28376780404364543,0.28739939896967276,0.14564100504182623,20,1,-0.13274228807384017,0.964,62.8,C,0.3090062111801242,5.080406393500117,0.4756888749060534,0.33584330821579556,20,5,0,0.34782608695652173,0.21508379888268156,0.44890795631825275,0.4173166926677067,0.13377535101404056,0.25273459988485897,0.22704714640198512,0.20681818181818182,0.23846153846153847,0.26422764227642276,263,0.21568627450980393,226,False,False,0.6012493568546351,-0.039468020408976456,3.3088235294117645,3.5955882352941178,136,,,,,,,-0.0001374112720450209,20,3.79,1.07,154.1,11.0,9.0,194.0,39.0,0.0,0.0,0.0,29.0,SP,29.0,622.0,126.0,21.4,11.31,2.27,7.35,1.17,20.846724967367056,0.03821866355434134,5,0.5555555555555556,19.0,7,6,1,1,0.0,3.6651579950410254,0.024811204118108495,0.2372448979591837,0.19248826291079812,0.023474178403755867,0.23725806451612902,0.2953741935483871,0.20402298850574713,3.76,0.2807012692273957
683748,Victor Mesa,L,TB,8,Patrick Sandoval,L,663776.0,822922,BOS @ TB,10:40 AM,20/09,Final,0.5590378522206928,-113.0,117.0,53.0,True,1111110010,live,0,0,0.0,0,0,0.3287414636216399,0.32593715686948893,0.4265916276282634,0.3952672250721391,0.15709231074730726,20,1,0.06414141414141414,0.96,35.7,D,0.2798029556650246,2.0982014296804645,0.38060196266443563,0.24068668373673424,12,5,0,0.30303030303030304,0.2388888888888889,0.4147783251231527,0.32315270935960594,0.2620689655172414,0.27586206896551724,0.24509803921568626,0.2850877192982456,0.26809097174362506,0.26785714285714285,124,0.22772277227722773,114,False,False,0.5617813364456586,-0.002743484224965842,3.1791044776119404,3.5522388059701493,67,,,,,,,0.056861278131034323,20,4.99,1.79,57.2,1.0,6.0,62.0,29.0,0.0,0.0,0.0,12.0,SP,12.0,267.0,74.0,22.2,9.68,4.53,11.55,0.94,22.078543161944342,-0.010423566506407078,7,0.7777777777777778,9.0,7,6,0,1,0.0,3.582312879078861,0.09015786571907854,0.24701195219123506,0.19434628975265017,0.09187279151943463,0.4104591836734694,0.30548979591836734,0.37681159420289856,3.598,0.3398950954843073
696030,Alejandro Osuna,L,TEX,5,Spencer Miles,R,693686,822844,TOR @ TEX,11:35 AM,20/09,Final,0.5590378522206928,-9900.0,9900.0,99.0,True,0100110000,live,0,0,0.0,0,0,0.1571424493006986,0.24759792116864948,0.28151774490425785,0.251485319651065,0.266259586522645,20,5,-0.010249132765689062,0.964,83.4,A,0.2757660167130919,5.956560224939519,0.3478692746935475,0.2567319846343458,20,4,0,0.2619047619047619,0.25165562913907286,0.5938375350140056,0.40476190476190477,0.0014005602240896359,0.2127659574468085,0.19322033898305085,0.30985915492957744,0.2246031746031746,0.23148148148148148,128,0.2823529411764706,95,False,True,0.5711970660474509,-0.012159213826758108,2.643835616438356,3.0547945205479454,73,,,,,,,-0.2194182926481678,20,2.57,1.08,94.2,6,2,91,24,2,0,2,8,RP,48,381,78,7.9,8.65,2.28,7.42,0.48,5.61898584600049,-0.003660074442915051,9,0.9,19.0,7,6,1,1,0.0,2.367692499156769,0.11197208922651185,0.2484472049689441,0.15363881401617252,0.0889487870619946,0.3314465408805031,0.30062327044025156,0.24736842105263157,4.027,0.29564675112557454
808959,Munetaka Murakami,L,CWS,4,Troy Melton,R,675512.0,824546,DET @ CWS,11:10 AM,20/09,Final,0.5588666041901491,-108.0,117.0,52.0,False,0010000101,live,0,0,0.0,0,0,0.11458794675599356,0.24921773040895703,0.3456552951642693,0.30216118211668486,0.4434741260713571,20,1,0.04152724152724152,0.968,59.0,C,0.26272189349112424,2.4000120956328033,0.37091907648896816,0.1960393112066131,19,6,0,0.17117117117117117,0.2126984126984127,0.6343195266272189,0.25029585798816567,0.11538461538461539,0.21046831955922865,0.1720136518771331,0.19585987261146498,0.1933673469387755,0.2,302,0.20454545454545456,215,True,False,0.5649119940576962,-0.006045389867547102,3.5798319327731094,4.34453781512605,119,,,,,,,-0.15970627351244035,20,2.52,1.1,110.2,8.0,4.0,90.0,34.0,0.0,0.0,0.0,19.0,SP,19.0,451.0,88.0,23.7,7.32,2.77,7.16,1.06,23.643695380086083,-0.0035791041901490628,8,0.8888888888888888,-15.0,7,7,0,1,0.0,4.099384815258236,0.12612645986841337,0.20327102803738317,0.35892514395393477,0.15355086372360843,0.5615491009681881,0.3540726141078838,0.225531914893617,4.161,0.29021518311440037
672275,Patrick Bailey,L,CLE,8,Jack Perkins,R,678022.0,824381,ATH @ CLE,10:40 AM,20/09,Final,0.556538515063463,-108.0,117.0,52.0,False,0010111101,live,0,0,0.0,0,0,0.24256749499716576,0.3899659220181029,0.4937533176558692,0.45342083702010577,0.3234426181254148,20,2,0.017990074441687348,0.987,55.4,C,0.29132231404958675,2.235546226701329,0.3887179942731986,0.25041295841984795,20,5,0,0.1935483870967742,0.21153846153846154,0.5,0.313953488372093,0.18604651162790697,0.18292682926829268,0.21511627906976744,0.18734177215189873,0.19548081975827641,0.20279720279720279,157,0.21621621621621623,168,False,False,0.5537157667115176,0.0028227483519454033,3.0,3.350515463917526,97,,,,,,,0.15057490464458,20,6.14,1.48,110.0,3.0,11.0,127.0,48.0,3.0,2.0,5.0,15.0,RP,35.0,497.0,115.0,14.2,10.39,3.93,9.41,1.64,20.13074932122031,0.0029948182698704695,9,0.75,-7.0,7,6,1,1,0.0,3.679829918552988,0.07794043106731105,0.21487603305785125,0.2537313432835821,0.07711442786069651,0.3933588761174968,0.3204022988505747,0.2727272727272727,3.598,0.36577176730649064
676609,José Caballero,R,NYY,9,Corbin Burnes,R,669203,825028,NYY @ AZ,1:10 PM,20/09,Final,0.556538515063463,,,,False,0010001101,live,10,4,0.4,1,2024,0.2679689452101356,0.32747894905594205,0.3805299324028305,0.31885020154245464,0.19624355193577345,20,1,0.006740095347690295,1.0,52.2,C,0.25757575757575757,,,,2,6,0,0.23376623376623376,0.24050632911392406,0.5833333333333334,0.2878787878787879,0.12878787878787878,0.2230769230769231,0.18712029161603888,0.2251655629139073,0.21193335916311506,0.22110552763819097,220,0.2552083333333333,214,False,False,0.559918807572451,-0.003380292508988081,3.231404958677686,3.5867768595041323,121,,,,,,,-0.11460231422641905,20,7.84,1.55,10.1,0,0,8,4,0,0,0,3,SP,3,47,12,15.7,6.97,3.48,10.45,4.35,,-0.02013851506346298,7,1.0,35.0,7,6,0,1,0.0,3.5336040665701143,0.07692164481061854,0.2351421188630491,0.24186046511627907,0.06279069767441861,0.2538280329799764,0.31570141342756186,0.14285714285714285,3.443,0.3040566228203057
695657,Colson Montgomery,L,CWS,6,Troy Melton,R,675512.0,824546,DET @ CWS,11:10 AM,20/09,Final,0.5551457264417948,-104.0,113.0,51.0,True,0100000010,live,10,1,0.1,1,2025,0.1100794088316199,0.32169422444466256,0.35516093164831053,0.254508070357697,0.4784628199765532,20,1,-0.05504310497747189,0.968,59.0,C,0.26272189349112424,2.4000120956328033,0.37091907648896816,0.1960393112066131,19,6,0,0.24647887323943662,0.19143576826196473,0.6343195266272189,0.25029585798816567,0.11538461538461539,0.20368744512730466,0.18382352941176472,0.22924901185770752,0.20228344502357906,0.2347266881028939,348,0.16666666666666666,260,False,False,0.5470643858270078,0.008081340614787047,3.717241379310345,4.1931034482758625,145,,,,,,,-0.28328108337055596,20,2.52,1.1,110.2,8.0,4.0,90.0,34.0,0.0,0.0,0.0,19.0,SP,19.0,451.0,88.0,23.7,7.32,2.77,7.16,1.06,23.643695380086083,-0.010233226441794918,8,0.8888888888888888,-15.0,7,7,0,1,0.0,3.772027275319039,0.08682862123181191,0.1973392461197339,0.36363636363636365,0.08102766798418973,0.42621722846441945,0.34135205992509365,0.225531914893617,3.896,0.29021518311440037
694212,Samuel Basallo,L,BAL,5,Jacob Misiorowski,R,694819,824789,MIL @ BAL,4:20 PM,20/09,In Progress,0.5551299555611489,223.0,-178.0,31.0,False,0101000110,live,0,0,0.0,0,0,0.14850887400490215,0.2598334288427312,0.2947020332547723,0.21899280060194032,0.26266504944622987,20,1,-0.0066889632107023644,1.044,97.2,A,0.35298935298935297,5.783008352180059,0.33979642381109426,0.36596647684709377,20,5,0,0.23076923076923078,0.22408026755852842,0.7795985251945924,0.2101597705858255,0.010241704219582138,0.2168256721595837,0.20322180916976457,0.23094688221709006,0.21372141372141373,0.245,219,0.1986754966887417,170,False,False,0.5756588709984638,-0.020528915437314943,3.220183486238532,3.5688073394495414,109,,,,,,,-0.1426720318564755,20,1.89,0.81,166.1,15,5,243,42,0,0,0,28,SP,28,636,93,22.7,13.15,2.27,5.03,0.76,22.564218362665237,0.0382900444388512,5,0.625,27.0,7,6,0,1,0.0,3.397837635430073,0.044933171586978925,0.22279792746113988,0.27102803738317754,0.07242990654205607,0.4324074074074074,0.316162962962963,0.12140575079872204,4.027,0.33895744726512916
669236,Jeremiah Jackson,R,BAL,6,Jacob Misiorowski,R,694819,824789,MIL @ BAL,4:20 PM,20/09,In Progress,0.5551299555611489,257.0,-223.0,28.0,False,0001101101,live,0,0,0.0,0,0,0.11011908603556038,0.3198798634018515,0.4386431741865417,0.23011748379111763,0.4345580513163082,20,1,0.040506329113924044,1.044,97.2,A,0.35298935298935297,5.783008352180059,0.33979642381109426,0.36596647684709377,20,5,0,0.2,0.24050632911392406,0.7795985251945924,0.2101597705858255,0.010241704219582138,0.19397116644823068,0.16353383458646617,0.18877551020408162,0.18394648829431437,0.2125984251968504,131,0.2366412213740458,142,False,False,0.5727498397117442,-0.017619884150595344,3.0,3.1744186046511627,86,,,,,,,-0.09351242813833124,20,1.89,0.81,166.1,15,5,243,42,0,0,0,28,SP,28,636,93,22.7,13.15,2.27,5.03,0.76,22.564218362665237,0.04069004443885116,5,0.625,27.0,7,6,0,1,0.0,2.869229207196902,0.01502919353040553,0.23872679045092837,0.24444444444444444,0.03950617283950617,0.4148681055155875,0.3001810551558753,0.20948616600790515,3.896,0.33895744726512916
676391,Ernie Clement,R,TOR,9,Jacob Degrom,R,594798.0,822844,TOR @ TEX,11:35 AM,20/09,Final,0.553862290612654,-9900.0,9900.0,99.0,True,0110010000,live,0,0,0.0,0,0,0.10564857959756932,0.163425315775857,0.22325206768724984,0.11219354816907556,0.056468334908867435,20,1,0.02677086797472561,0.964,62.8,C,0.3090062111801242,5.080406393500117,0.4756888749060534,0.33584330821579556,20,5,0,0.24742268041237114,0.27419354838709675,0.44890795631825275,0.4173166926677067,0.13377535101404056,0.2579787234042553,0.2616387337057728,0.22661122661122662,0.25508425334108076,0.24307692307692308,341,0.2946058091286307,257,False,False,0.6012729046224238,-0.04741061400976976,3.748344370860927,3.9602649006622515,151,,,,,,,-0.21433828357010648,20,3.79,1.07,154.1,11.0,9.0,194.0,39.0,0.0,0.0,0.0,29.0,SP,29.0,622.0,126.0,21.4,11.31,2.27,7.35,1.17,20.846724967367056,0.02967770938734593,5,0.5555555555555556,19.0,7,6,1,1,0.0,3.513685427017043,0.04733062538270869,0.2545454545454545,0.10042735042735043,0.038461538461538464,0.186598812553011,0.26151484308736217,0.2391304347826087,3.443,0.2807012692273957
694374,Tim Tawa,R,AZ,9,Will Warren,R,701542.0,825028,NYY @ AZ,1:10 PM,20/09,Final,0.5800153237244816,144.0,-127.0,41.0,False,1111110000,live,0,0,0.0,0,0,0.17069673631978138,0.31396498893828506,0.4034648356098547,0.27211251257999014,0.3281256549960938,20,1,0.026913624647845108,1.0,35.7,D,0.28417696293343964,2.198824160153512,0.48291795651829816,0.2069694554817134,20,6,0,0.21686746987951808,0.24378109452736318,0.6115768463073852,0.25429141716566867,0.1341317365269461,0.18156424581005587,0.2383177570093458,0.2538860103626943,0.20785340314136125,0.2413793103448276,159,0.2302158273381295,160,False,False,0.5711812951668049,0.008834028557676676,3.191011235955056,3.5842696629213484,89,,,,,,,-0.10210531792374972,20,3.89,1.36,148.0,10.0,6.0,147.0,51.0,0.0,0.0,0.0,28.0,SP,30.0,641.0,150.0,21.4,8.94,3.1,9.12,1.28,20.700201849287403,-0.004901038010195813,7,0.875,-7.0,5,6,0,1,0.0,3.8365963213124776,0.07718595929776004,0.22641509433962265,0.2637889688249401,0.0815347721822542,0.45191570881226056,0.3054227330779055,0.24701195219123506,3.76,0.28423742089864523
683766,Christian Koss,R,SF,9,Jack Dreyer,R,676263,823896,SF @ LAD,1:10 PM,20/09,Final,0.5613781746975758,170.0,-150.0,37.0,False,1101101100,live,0,0,0.0,0,0,0.2460966252833315,0.3009209486870715,0.23052963643230903,0.29472068925910616,0.19417729161002237,20,1,0.020566239316239326,0.973,71.6,B,0.29743589743589743,3.1303652634955053,0.4252185139357112,0.26055760874654793,0,0,0,0.21875,0.23931623931623933,0.470404984423676,0.5295950155763239,0.0,0.17857142857142858,0.2733118971061093,0.15178571428571427,0.20414201183431951,0.21649484536082475,108,0.25,89,False,False,0.5800153237244816,-0.01863714902690583,3.0166666666666666,3.283333333333333,60,,,,,,,0.009054166481982935,20,3.28,1.14,60.1,5,2,69,23,2,3,5,2,RP,64,247,46,3.9,10.29,3.43,6.86,1.04,3.8408888924069666,-0.015978174697575787,6,0.75,0.0,6,6,1,1,0.0,3.7052711153723727,0.05662564680737662,0.2521246458923513,0.23116883116883116,0.046753246753246755,0.30902777777777773,0.31660984848484847,0.20168067226890757,3.443,0.3253659547684878
669016,Brandon Marsh,L,PHI,7,Jonah Tong,R,804636.0,823570,PHI @ NYM,10:10 AM,20/09,Final,0.5498952870189447,-127.0,133.0,56.0,True,1100000100,live,0,0,0.0,0,0,0.12003272582549668,0.2089528170731506,0.3351389427508884,0.1444646288766347,0.19220547578502287,20,1,-0.034458004307250545,0.949,70.4,B,0.2661064425770308,2.2295581946289653,0.2898033625704397,0.22117639497889652,5,6,0,0.2857142857142857,0.25125628140703515,0.6470588235294118,0.0700280112044818,0.28291316526610644,0.24947368421052632,0.23697916666666666,0.24377224199288255,0.2444076222038111,0.24548736462093862,297,0.2743362831858407,246,False,False,0.5663659955011204,-0.01647070848217569,3.4689655172413794,3.7448275862068967,145,,,,,,,-0.16315371893236463,20,3.43,1.19,21.0,2.0,1.0,20.0,9.0,0.0,0.0,0.0,2.0,RP,5.0,91.0,16.0,18.2,8.57,3.86,6.86,0.86,18.627236045040195,-0.008995287018944809,8,0.8,-22.0,7,6,0,1,0.0,2.476222674761968,0.012411103785350501,0.25181598062953997,0.25727069351230425,0.05145413870246085,0.41023489932885904,0.33798322147651005,0.23404255319148937,3.76,0.3413462281353985
669397,Nick Allen,R,HOU,8,Martín Pérez,L,527048.0,824139,ATL @ HOU,11:10 AM,20/09,Final,0.5461677600842901,,,,False,1010101111,live,11,3,0.2727272727272727,1,2022,0.39209615956109034,0.3234324204703345,0.36187339211175357,0.4580340188858744,0.1283678509537487,20,7,0.14439324116743468,0.998,52.4,C,0.27075645756457567,1.3800287398549973,0.34020936403254853,0.16091112195558896,20,5,0,0.38095238095238093,0.23655913978494625,0.6175519630484988,0.07344110854503465,0.3090069284064665,0.24584103512014788,0.1794871794871795,0.27419354838709675,0.2376237623762376,0.23376623376623376,85,0.3448275862068966,67,False,False,0.5261909343214183,0.019976825762871853,2.4107142857142856,2.7142857142857144,56,,,,,,,0.21449813965770032,20,3.07,1.26,137.2,9.0,9.0,100.0,60.0,0.0,0.0,0.0,25.0,SP,29.0,575.0,113.0,19.8,6.54,3.92,7.39,0.85,22.25192676359009,-0.01886776008429014,7,0.875,18.0,7,6,1,1,0.0,2.817351872175627,0.08125260556684538,0.23509933774834438,0.23809523809523808,0.06547619047619048,0.24624624624624625,0.2812207207207207,0.21428571428571427,3.598,0.3107017906391009
669394,Jake Burger,R,TEX,6,Spencer Miles,R,693686.0,822844,TOR @ TEX,11:35 AM,20/09,Final,0.5460753111873368,-127.0,138.0,56.0,True,1001001010,live,0,0,0.0,0,0,0.21068824428629165,0.3512121203373319,0.44638905554421004,0.3262146308816946,0.29095506181527947,20,1,-0.004584977648233957,0.964,83.4,A,0.2757660167130919,5.956560224939519,0.3478692746935475,0.2567319846343458,20,4,0,0.23121387283236994,0.22662889518413598,0.5938375350140056,0.40476190476190477,0.0014005602240896359,0.20374220374220375,0.2045769764216366,0.22857142857142856,0.20613026819923372,0.21069182389937108,352,0.2548076923076923,236,False,True,0.5763911362233974,-0.030315825036060673,3.578231292517007,4.0,147,,,,,,,-0.1145617540727191,20,2.65,1.09,91.2,6.0,2.0,87.0,24.0,2.0,0.0,2.0,7.0,RP,47.0,370.0,76.0,7.9,8.54,2.36,7.46,0.49,5.618985846000491,0.01045802214599667,9,0.9,21.0,7,6,1,1,0.0,4.240061431598672,0.17661933055269935,0.23389021479713604,0.2631578947368421,0.10526315789473684,0.46258503401360546,0.33011734693877554,0.1895424836601307,3.896,0.29564675112557454
703155,Lazaro Montes,L,SEA,8,Tomoyuki Sugano,R,608372.0,824300,SEA @ COL,12:10 PM,20/09,Final,0.527487481843331,733.0,-525.0,12.0,False,1101000110,live,0,0,0.0,0,0,0.23050792581355362,0.4474921932332566,0.34696291929922574,0.4689378838913718,0.42371317807459896,15,1,0.0,1.148,35.8,D,0.23519458544839256,2.857691421335605,0.4169453262333245,0.14209483570335282,20,6,0,,0.25,0.5063559322033898,0.2805084745762712,0.21313559322033898,0.2184873949579832,0.2028985507246377,0.4444444444444444,0.24186046511627907,0.2857142857142857,15,0.18181818181818182,24,True,False,0.4618051144606532,0.06568236738267785,2.4,2.6,15,,,,,,,-0.20321094176535576,15,5.49,1.36,142.2,12.0,10.0,86.0,34.0,0.0,0.0,0.0,27.0,SP,27.0,614.0,160.0,22.7,5.43,2.14,10.09,1.96,23.251050170324476,-0.013537481843331034,4,0.4444444444444444,-1.0,7,6,1,1,0.0,2.539471083275689,0.16594592798524616,0.2,0.44,0.1,0.34782608695652173,0.35873913043478256,0.27070063694267515,3.443,0.3719839816454906
571771,Enrique Hernández,R,LAD,8,Matt Wilkinson,L,683363,823896,SF @ LAD,1:10 PM,20/09,Final,0.5411836990747326,,,,True,0100101110,live,0,0,0.0,0,0,0.22860234508426955,0.37189044451462583,0.45754669876926224,0.3644401068869964,0.3265258504733016,20,2,-0.07629870129870128,0.973,60.0,C,0.24836601307189543,4.556539806901295,0.4688266132067089,0.15800738811291806,6,7,0,0.19642857142857142,0.2727272727272727,0.6437908496732027,0.13071895424836602,0.22549019607843138,0.1774193548387097,0.2,0.16129032258064516,0.18163672654690619,0.21739130434782608,50,0.21875,34,False,True,0.5158363695583043,0.025347329516428374,2.4375,2.625,32,,,,,,,0.09071894934515735,20,3.86,1.03,23.1,1,3,16,4,0,0,0,5,SP,7,94,20,13.4,6.17,1.54,7.71,1.54,13.334115349953619,-0.02456147685251031,9,0.8181818181818182,-2.0,6,7,1,1,0.0,2.934851947575332,0.07447025510583194,0.22699386503067484,0.28291316526610644,0.0700280112044818,0.3874074074074074,0.31080444444444444,0.2631578947368421,3.598,0.3150499754058648
620443,Luis Torrens,R,NYM,9,Cristopher Sánchez,L,650911.0,823570,PHI @ NYM,10:10 AM,20/09,Final,0.5395402024307314,-113.0,127.0,53.0,True,0110001101,live,10,1,0.1,1,2024,0.28411200345754295,0.3223886316833268,0.4967017071522271,0.3882695416598151,0.2583630884694242,20,2,0.02620732560852318,0.949,78.3,B,0.31883049077619213,4.231478553386039,0.38247921905560384,0.24422850484808487,20,5,0,0.2597402597402597,0.23353293413173654,0.43926209537069266,0.18656456665506438,0.37417333797424296,0.2399540757749713,0.18533604887983707,0.2631578947368421,0.2235371466140697,0.2248062015503876,134,0.2608695652173913,134,False,False,0.5461834304752496,-0.0066432280445182235,2.975609756097561,3.268292682926829,82,,,,,,,0.2173307356981263,20,2.93,1.22,193.2,17.0,6.0,215.0,44.0,0.0,0.0,0.0,31.0,SP,31.0,805.0,193.0,26.0,9.99,2.04,8.97,0.79,25.52998264626691,-0.0028179802085092076,9,0.9,4.0,7,7,0,1,0.0,3.4548679162792792,0.04242001217903087,0.2409972299168975,0.1989795918367347,0.05612244897959184,0.41431095406360424,0.30480477031802117,0.2892857142857143,3.443,0.33650007075026106
694197,Angel Genao,L,CLE,9,Jack Perkins,R,678022.0,824381,ATH @ CLE,10:40 AM,20/09,Final,0.5394239303028271,-150.0,156.0,60.0,False,1100100000,live,0,0,0.0,0,0,0.1272535082316576,0.29983362277566544,0.4550521546919116,0.15918971872761464,0.2450580336858495,20,1,0.009398496240601517,0.987,55.4,C,0.29132231404958675,2.235546226701329,0.3887179942731986,0.25041295841984795,20,5,0,0.21428571428571427,0.2236842105263158,0.5,0.313953488372093,0.18604651162790697,0.22115384615384615,0.19742489270386265,0.1958041958041958,0.20959595959595959,0.2727272727272727,59,0.1746031746031746,70,True,False,0.5459779029961519,-0.0065539726933248055,3.3714285714285714,3.6857142857142855,35,,,,,,,-0.1700615599117674,20,6.14,1.48,110.0,3.0,11.0,127.0,48.0,3.0,2.0,5.0,15.0,RP,35.0,497.0,115.0,14.2,10.39,3.93,9.41,1.64,20.13074932122031,0.006698291919394972,9,0.75,-7.0,7,6,1,1,0.0,3.411854207220575,0.12703222789855736,0.22033898305084745,0.14728682170542637,0.07751937984496124,0.5151515151515151,0.2918787878787879,0.2727272727272727,3.443,0.36577176730649064
687597,Jordan Beck,R,COL,8,Kade Anderson,L,807739.0,824300,SEA @ COL,12:10 PM,20/09,Final,0.5384667021119848,456.0,-400.0,18.0,False,0000110100,live,0,0,0.0,0,0,0.1512035390663897,0.2902869186420511,0.251856645246315,0.3546864371655952,0.45270469759781046,20,1,0.14948553678897303,1.148,42.5,D,0.24623115577889448,2.7488657855163927,0.3989964398258802,0.19752597857946147,5,6,0,0.24752475247524752,0.09803921568627451,0.41457286432160806,0.40703517587939697,0.17839195979899497,0.24742268041237114,0.25210084033613445,0.21739130434782608,0.24439918533604887,0.25925925925925924,85,0.1267605633802817,81,False,True,0.48538942983173694,0.053077272280247834,2.7142857142857144,2.9642857142857144,56,,,,,,,-0.17684325135903567,20,5.33,1.42,25.1,1.0,2.0,21.0,8.0,0.0,0.0,0.0,5.0,SP,5.0,107.0,28.0,21.4,7.46,2.84,9.95,1.42,21.412723826595432,-0.03511670211198481,6,0.6666666666666666,-18.0,6,7,1,1,0.0,2.5428178341613603,0.07302754754246082,0.21715817694369974,0.31386861313868614,0.0827250608272506,0.3377049180327869,0.2994672131147541,0.2597402597402597,3.598,0.35426261548443977
641680,Jonah Heim,L,ATH,8,Gavin Williams,R,668909.0,824381,ATH @ CLE,10:40 AM,20/09,Final,0.5370313779102527,108.0,104.0,48.0,True,1100011000,live,0,0,0.0,0,0,0.1355348026360937,0.24630058902082633,0.2415760182135828,0.16707616267274497,0.19956039915868162,20,2,-0.040972222222222215,0.987,71.2,B,0.3355728429985856,4.489465875079829,0.4345668920064269,0.37003974117818456,20,6,0,0.2222222222222222,0.18125,0.4930282445477297,0.5069717554522702,0.0,0.18120351588911426,0.1812191103789127,0.1978021978021978,0.18396226415094338,0.19900497512437812,217,0.20863309352517986,153,False,False,0.566512519402257,-0.029481141492004315,3.4343434343434343,3.7373737373737375,99,,,,,,,-0.17092324442645662,20,3.78,1.1,174.0,13.0,8.0,235.0,56.0,0.0,0.0,0.0,30.0,SP,30.0,705.0,136.0,23.5,12.16,2.9,7.03,1.4,22.540478886132473,0.01108112208974732,8,1.0,1.0,7,6,1,1,0.0,3.7538658054311926,0.02778053645517026,0.19799498746867167,0.182648401826484,0.07534246575342465,0.32711598746081505,0.2745862068965517,0.19072164948453607,3.598,0.3344836921436644
592663,J. T. Realmuto,R,PHI,8,Jonah Tong,R,804636.0,823570,PHI @ NYM,10:10 AM,20/09,Final,0.5370313779102527,-122.0,150.0,55.0,False,0010110000,live,0,0,0.0,0,0,0.1682181196358454,0.2691472156673912,0.3057267290444334,0.20499614364402374,0.24176584749724359,20,1,-0.007103688933200403,0.949,70.4,B,0.2661064425770308,2.2295581946289653,0.2898033625704397,0.22117639497889652,5,6,0,0.22033898305084745,0.21323529411764705,0.6470588235294118,0.0700280112044818,0.28291316526610644,0.2222222222222222,0.20424107142857142,0.22006472491909385,0.21869425615412058,0.2463768115942029,229,0.18032786885245902,210,False,False,0.5657811657811659,-0.0287497878709132,3.4210526315789473,3.8508771929824563,114,,,,,,,-0.19478549866833716,20,3.43,1.19,21.0,2.0,1.0,20.0,9.0,0.0,0.0,0.0,2.0,RP,5.0,91.0,16.0,18.2,8.57,3.86,6.86,0.86,18.627236045040195,-0.0004188779102526352,8,0.8,-22.0,7,6,0,1,0.0,3.9041021892972587,0.05601783690177923,0.21534653465346534,0.212253829321663,0.07658643326039387,0.40526601520086863,0.3230912052117264,0.15625,3.598,0.3413462281353985
691019,Kyle Teel,L,CWS,2,Troy Melton,R,675512.0,824546,DET @ CWS,11:10 AM,20/09,Final,0.5370313779102527,-133.0,163.0,57.0,True,0010010000,live,0,0,0.0,0,0,0.1418210121161045,0.310569029087129,0.5535247293229197,0.26705072164594745,0.3971173103226959,20,1,0.21176470588235294,0.968,59.0,C,0.26272189349112424,2.4000120956328033,0.37091907648896816,0.1960393112066131,19,6,0,0.0,0.21176470588235294,0.6343195266272189,0.25029585798816567,0.11538461538461539,0.16913946587537093,0.1630901287553648,0.15873015873015872,0.16587677725118483,0.1702127659574468,53,0.19230769230769232,63,False,False,0.5461834304752496,-0.00915205256499696,3.0,3.515151515151515,33,,,,,,,-0.2927623031149457,20,2.52,1.1,110.2,8.0,4.0,90.0,34.0,0.0,0.0,0.0,19.0,SP,19.0,451.0,88.0,23.7,7.32,2.77,7.16,1.06,23.643695380086083,0.002918622089747247,8,0.8888888888888888,-15.0,7,7,0,1,0.0,3.345441872516954,0.19066021476634315,0.24719101123595505,0.290167865707434,0.12470023980815348,0.39716312056737585,0.3420595744680851,0.225531914893617,4.352,0.29021518311440037
814430,Brett Callahan,L,DET,8,Davis Martin,R,663436.0,824546,DET @ CWS,11:10 AM,20/09,Final,0.5349314838632897,113.0,104.0,47.0,True,0011010001,live,0,0,0.0,0,0,0.17988405039490407,0.36691476331534656,0.5228765431684257,0.38251180565786125,0.3642954008857891,20,1,0.0,0.968,29.3,F,0.2670807453416149,1.6592974466745272,0.4579092085564566,0.1459759531704685,20,5,0,,0.22413793103448276,0.5855085508550855,0.2704770477047705,0.14401440144014402,0.18468468468468469,0.2631578947368421,0.1485148514851485,0.1890547263681592,0.1891891891891892,41,0.2727272727272727,25,True,False,0.49797184113882836,0.03695964272446134,2.36,2.64,25,,,,,,,-0.15092388304501136,20,3.96,1.3,141.0,9.0,7.0,115.0,43.0,0.0,0.0,0.0,26.0,SP,27.0,592.0,140.0,21.9,7.34,2.74,8.94,0.89,20.289324788705887,-0.030331483863289543,5,0.625,2.0,7,7,0,1,0.0,2.585756739312218,0.14164228440836865,0.22033898305084745,0.3484848484848485,0.07575757575757576,0.4444444444444444,0.37072222222222223,0.25961538461538464,3.598,0.3220588894180296
807727,Charles Mcadoo,R,TOR,6,Jacob Degrom,R,594798,822844,TOR @ TEX,11:35 AM,20/09,Final,0.5345404710302144,,,,True,1001011010,live,0,0,0.0,0,0,0.2565940357874194,0.28385184481282266,0.15950560726885984,0.3812028884855493,0.267519983865403,20,6,0.017142857142857126,0.964,62.8,C,0.3090062111801242,5.080406393500117,0.4756888749060534,0.33584330821579556,20,6,0,0.24,0.2571428571428571,0.44890795631825275,0.4173166926677067,0.13377535101404056,0.23192019950124687,0.1590909090909091,0.24742268041237114,0.22397476340694006,0.23636363636363636,61,0.26666666666666666,31,True,False,0.5636595845576343,-0.029119113527419915,2.8333333333333335,3.066666666666667,30,,,,,,,0.0407780180472247,20,3.86,1.1,158.2,11,10,196,43,0,0,0,30,SP,30,645,131,21.5,11.12,2.44,7.43,1.13,20.846724967367056,0.02079952896978554,5,0.5555555555555556,21.0,7,6,1,1,0.0,2.6957782564264656,0.05756186787114238,0.23595505617977527,0.23711340206185566,0.07216494845360824,0.25757575757575757,0.2928030303030303,0.2391304347826087,3.896,0.2807012692273957
663647,Ke'Bryan Hayes,R,CIN,9,David Peterson,L,656849.0,824462,CHC @ CIN,10:40 AM,20/09,Final,0.5343143809475049,-138.0,144.0,58.0,False,0010100001,live,10,4,0.4,1,2023,0.15217566722324766,0.2914776471822591,0.3913809246791387,0.22055070768431606,0.2488073719011485,20,1,0.013993316624895558,1.083,46.5,D,0.2715835140997831,1.6754055742423914,0.3472100572505905,0.2021560046167554,20,6,0,0.15873015873015872,0.14473684210526316,0.5408340573414422,0.32493483927019984,0.13423110338835795,0.1394700139470014,0.12796208530805686,0.224,0.1452249408050513,0.16129032258064516,132,0.13186813186813187,98,False,False,0.49976918163336365,0.034545199314141295,3.028169014084507,3.23943661971831,71,,,,,,,-0.06837465157199103,20,5.11,1.55,137.1,8.0,8.0,124.0,62.0,1.0,0.0,1.0,21.0,SP,30.0,622.0,151.0,20.7,8.13,4.06,9.9,0.92,21.22067109571048,-0.007531047614171671,6,0.8571428571428571,39.0,7,7,1,1,0.0,3.0765846062918176,0.060163815034212594,0.1850828729281768,0.1975,0.085,0.38987043580683156,0.294555359246172,0.28835978835978837,3.443,0.3176642596282665
691788,Joe Mack,L,MIA,8,Walker Buehler,R,621111.0,823247,MIA @ SD,1:10 PM,20/09,Final,0.5653888359813676,-9900.0,9900.0,99.0,True,0110011000,live,0,0,0.0,0,0,0.20114583925632065,0.24484038340080197,0.38825438479347407,0.2654229118285355,0.2766154357483935,20,1,0.00515873015873014,0.954,58.4,C,0.2613126783530371,2.235592359265681,0.3634326179626859,0.19749381285379378,20,5,0,0.225,0.23015873015873015,0.6395253682487725,0.2635024549918167,0.0969721767594108,0.23413566739606126,0.21322314049586777,0.18161925601750548,0.21543895055499496,0.20382165605095542,167,0.25925925925925924,152,True,False,0.5500913271347936,0.015297508846573993,2.979591836734694,3.2551020408163267,98,,,,,,,-0.05073549895567943,20,4.58,1.37,143.1,8.0,6.0,122.0,54.0,0.0,0.0,0.0,30.0,SP,30.0,609.0,142.0,20.3,7.66,3.39,8.92,1.26,20.068971571462296,-0.03821383598136763,4,0.5,25.0,7,6,0,1,0.0,2.996135535867588,0.02413803417962793,0.22789115646258504,0.2608695652173913,0.055900621118012424,0.3837301587301587,0.3056095238095238,0.28115015974440893,3.76,0.3260280911972315
695670,Harry Ford,R,WSH,7,Quinn Mathews,L,687273,823001,WSH @ STL,11:15 AM,20/09,Final,0.5325070537644961,,,,True,0100100010,live,0,0,0.0,0,0,0.1352841504256262,0.26989269920439335,0.37181519129615775,0.20062229796652095,0.22595972906959733,20,2,0.0928030303030303,1.031,68.7,B,0.2855072463768116,2.304199556271802,0.31604260396705897,0.23218357017209623,7,6,0,0.22916666666666666,0.13636363636363635,0.47681159420289854,0.36086956521739133,0.16231884057971013,0.1716101694915254,0.17592592592592593,0.2755102040816326,0.18639798488664988,0.19230769230769232,61,0.175,48,False,True,0.5111101422100741,0.021396911554422027,2.875,3.40625,32,,,,,,,-0.2076979445241098,20,3.65,1.38,44.1,2,3,39,18,0,0,0,8,SP,8,190,43,23.8,7.92,3.65,8.73,0.81,23.321435498316866,0.010181835124392635,9,1.0,30.0,7,5,1,1,0.0,3.260171136912195,0.14868658407026977,0.1834862385321101,0.2556390977443609,0.14285714285714285,0.3466666666666667,0.24178666666666668,0.2621359223300971,3.76,0.3385079731855247
669224,Austin Wells,L,NYY,8,Corbin Burnes,R,669203.0,825028,NYY @ AZ,1:10 PM,20/09,Final,0.5321826194452416,245.0,-163.0,29.0,True,0000011011,live,0,0,0.0,0,0,0.2118865493673213,0.2617739093287778,0.4645081050579292,0.3050672083535097,0.2410085194231115,20,1,0.053571428571428575,1.0,52.2,C,0.25757575757575757,,,,2,6,0,0.14285714285714285,0.19642857142857142,0.5833333333333334,0.2878787878787879,0.12878787878787878,0.16472868217054262,0.1539528432732316,0.1509433962264151,0.1599437148217636,0.15555555555555556,203,0.2112676056338028,169,False,False,0.5071233176852408,0.02505930176000082,2.7758620689655173,3.206896551724138,116,,,,,,,-0.15554681973529885,20,5.87,1.17,7.2,0.0,0.0,6.0,2.0,0.0,0.0,0.0,2.0,SP,2.0,32.0,7.0,16.0,7.04,2.35,8.22,2.35,,-0.038782619445241584,7,1.0,36.0,6,6,0,1,0.0,3.242759445944363,0.1348167122213144,0.18429003021148035,0.2682291666666667,0.109375,0.43640350877192985,0.2941023391812866,0.3333333333333333,3.598,0.3040566228203057
573262,Mike Yastrzemski,L,ATL,7,Hunter Brown,R,686613.0,824139,ATL @ HOU,11:10 AM,20/09,Final,0.5285991571049521,113.0,-104.0,47.0,True,0011010001,live,0,0,0.0,0,0,0.2949283317116057,0.35543767207467114,0.3200268876643569,0.38856847233826136,0.21599886767110432,20,1,0.10812883435582821,0.998,71.6,B,0.29791271347248577,2.527066817712411,0.37959085548261223,0.2804595508812673,17,5,0,0.125,0.2331288343558282,0.6122707147375079,0.2934851359898798,0.09424414927261227,0.22043386983904828,0.1853035143769968,0.23684210526315788,0.2144039735099338,0.22033898305084745,194,0.23636363636363636,192,False,False,0.5655008110300083,-0.03690165392505618,2.6106870229007635,2.946564885496183,131,,,,,,,-0.061758472389201444,20,3.43,1.29,97.0,6.0,3.0,110.0,49.0,0.0,0.0,0.0,18.0,SP,18.0,406.0,76.0,22.6,10.21,4.55,7.05,1.02,22.75597597864321,0.018967509561714557,3,0.42857142857142855,7.0,7,6,1,1,0.0,2.9984302587090745,0.10118179738889949,0.2280130293159609,0.24566473988439305,0.0953757225433526,0.4271771771771772,0.33128828828828827,0.20304568527918782,3.76,0.2911860411272642
702222,Justin Crawford,L,PHI,9,Jonah Tong,R,804636.0,823570,PHI @ NYM,10:10 AM,20/09,Final,0.5285991571049521,-127.0,144.0,56.0,True,0111111110,live,0,0,0.0,0,0,0.27602969520093196,0.2992833793321469,0.3291665719491386,0.3113151266817579,0.16489692791949087,20,1,0.06756756756756754,0.949,70.4,B,0.2661064425770308,2.2295581946289653,0.2898033625704397,0.22117639497889652,5,6,0,0.2,0.26756756756756755,0.6470588235294118,0.0700280112044818,0.28291316526610644,0.252,0.2734225621414914,0.24,0.2550537634408602,0.27941176470588236,221,0.24489795918367346,219,True,False,0.5590378522206928,-0.03043869511574071,2.9411764705882355,3.235294117647059,136,,,,,,,0.17274673788687114,20,3.43,1.19,21.0,2.0,1.0,20.0,9.0,0.0,0.0,0.0,2.0,RP,5.0,91.0,16.0,18.2,8.57,3.86,6.86,0.86,18.627236045040195,-0.0026241571049521184,8,0.8,-22.0,7,6,0,1,0.0,3.158194725801264,0.06634361364930437,0.2621082621082621,0.16580310880829016,0.05958549222797927,0.3641114982578397,0.31930313588850173,0.23404255319148937,3.443,0.3413462281353985
694376,Shay Whitcomb,R,SF,7,Jack Dreyer,R,676263,823896,SF @ LAD,1:10 PM,20/09,Final,0.5722029478954506,186.0,-156.0,35.0,False,1101110100,live,0,0,0.0,0,0,0.18426530112012546,0.24788616002696506,0.2532424168570716,0.24585443138734667,0.27983516290751426,20,1,0.03281312525010005,0.973,71.6,B,0.29743589743589743,3.1303652634955053,0.4252185139357112,0.26055760874654793,0,0,0,0.16326530612244897,0.19607843137254902,0.470404984423676,0.5295950155763239,0.0,0.1636904761904762,0.1222707423580786,0.22535211267605634,0.15698587127158556,0.16363636363636364,58,0.2,48,False,False,0.5683907675142326,0.003812180381218,2.6315789473684212,2.789473684210526,38,,,,,,,-0.1981600518828531,20,3.28,1.14,60.1,5,2,69,23,2,3,5,2,RP,64,247,46,3.9,10.29,3.43,6.86,1.04,3.8408888924069666,-0.024586281228783813,6,0.75,0.0,6,6,1,1,0.0,3.5453766537817613,0.038264858081402627,0.2,0.26146788990825687,0.045871559633027525,0.32263513513513514,0.2485675675675676,0.20168067226890757,3.896,0.3253659547684878
670231,John Rave,L,KC,7,Lake Bachar,R,669199.0,823329,KC @ PIT,10:35 AM,20/09,Final,0.5285991571049521,-122.0,127.0,55.0,True,1100001111,live,0,0,0.0,0,0,0.2560711800147857,0.3222360775098091,0.44049814409501054,0.41114541281681527,0.26647357668972266,20,1,0.12752525252525254,1.013,82.4,A,0.2939460247994165,2.732833872282166,0.19929477571447227,0.28722074451185503,20,1,0,0.125,0.25252525252525254,0.34842951059167276,0.5756026296566837,0.07596785975164354,0.2219730941704036,0.2246376811594203,0.2777777777777778,0.23113207547169812,0.20967741935483872,73,0.2459016393442623,69,False,False,0.5551381084011404,-0.02653895129618833,2.7954545454545454,3.227272727272727,44,,,,,,,0.16445201604123436,20,3.5,1.12,82.1,1.0,4.0,86.0,35.0,2.0,1.0,3.0,10.0,RP,50.0,339.0,57.0,6.8,9.4,3.83,6.23,1.42,7.48454860911767,0.03155084289504784,6,0.5454545454545454,-11.0,7,6,1,1,0.0,3.451860760695344,0.1907319605377975,0.21753246753246752,0.24293785310734464,0.1016949152542373,0.36936936936936937,0.2866666666666667,0.21686746987951808,3.76,0.32338604223336703
806956,Ethan Salas,L,SD,9,Sandy Alcántara,R,645261,823247,MIA @ SD,1:10 PM,20/09,Final,0.5283855232785445,257.0,-203.0,28.0,False,0000010101,live,0,0,0.0,0,0,0.22995842100059122,0.1587590005738227,0.23970182802667184,0.3264806263157272,0.31197970249598833,11,1,0.19047619047619047,0.954,46.7,D,0.2627599243856333,1.6736447430856178,0.4301625350209218,0.15089906837568318,20,4,0,0.0,0.19047619047619047,0.593887838689351,0.19974795211090107,0.20636420919974796,0.12987012987012986,0.11475409836065574,0.19230769230769232,0.13414634146341464,0.15384615384615385,13,0.15384615384615385,13,True,False,0.4988254793714273,0.029560043907117195,2.3636363636363638,2.3636363636363638,11,,,,,,,-0.21600039150126563,11,3.95,1.24,209.2,13,10,150,59,1,0,1,33,SP,34,880,202,25.9,6.44,2.53,8.67,1.03,24.46649648415659,-0.03624266613568733,7,0.7777777777777778,19.0,7,7,0,1,0.0,2.3554859871083043,0.0,,,,,,0.2521186440677966,3.443,0.36314361997130495
677943,Will Banfield,R,CIN,8,David Peterson,L,656849.0,824462,CHC @ CIN,10:40 AM,20/09,Final,0.5261909343214183,-100.0,113.0,50.0,True,001001,live,0,0,0.0,0,0,0.2514613640699577,0.23356976198938298,0.2873848321170986,0.322539413870651,0.2768705324002785,6,3,0.0,1.083,46.5,D,0.2715835140997831,1.6754055742423914,0.3472100572505905,0.2021560046167554,20,6,0,,0.2222222222222222,0.5408340573414422,0.32493483927019984,0.13423110338835795,0.07142857142857142,0.07142857142857142,0.0,0.05357142857142857,0.0,6,0.3333333333333333,6,False,False,0.4810327432732226,0.045158191048195684,2.0,2.0,6,,,,,,,-0.115235340603069,6,5.11,1.55,137.1,8.0,8.0,124.0,62.0,1.0,0.0,1.0,21.0,SP,30.0,622.0,151.0,20.7,8.13,4.06,9.9,0.92,21.22067109571048,-0.004757600988084865,6,0.8571428571428571,39.0,7,7,1,1,0.0,1.9715884525563867,0.0,0.15789473684210525,0.375,0.05,0.30434782608695654,0.15791304347826088,0.28835978835978837,3.598,0.3176642596282665
695391,Brett Harris,R,SF,5,Jack Dreyer,L,676263,823896,SF @ LAD,1:10 PM,20/09,Final,0.5258821601422043,,,,False,0000001111,live,0,0,0.0,0,0,0.15074943233695132,0.22485868087595146,0.376111344264832,0.3003321905300459,0.2996967682065071,11,1,0.0625,0.973,71.6,B,0.29743589743589743,3.1303652634955053,0.4252185139357112,0.26055760874654793,20,4,0,0.1875,0.125,0.470404984423676,0.5295950155763239,0.0,0.16417910447761194,0.18,0.08,0.1564625850340136,0.14285714285714285,18,0.2,12,False,False,0.5500913271347936,-0.024209166992589237,2.1818181818181817,2.727272727272727,11,,,,,,,-0.023132810745975018,11,3.28,1.14,60.1,5,2,69,23,2,3,5,2,RP,64,247,46,3.9,10.29,3.43,6.86,1.04,3.8408888924069666,0.008317839857795661,7,0.875,11.0,7,6,1,1,0.0,2.832330927806433,0.016561652436014537,0.19607843137254902,0.23140495867768596,0.10743801652892562,0.33614864864864863,0.26708783783783785,0.20168067226890757,4.027,0.3253659547684878
695731,Braden Montgomery,L,CWS,8,Troy Melton,R,675512.0,824546,DET @ CWS,11:10 AM,20/09,Final,0.5258821601422043,-117.0,144.0,54.0,True,1000000001,live,0,0,0.0,0,0,0.10430904800471658,0.30531386863925575,0.3276455659946013,0.14470586353142836,0.20965859446337604,20,1,0.06227064220183487,0.968,59.0,C,0.26272189349112424,2.4000120956328033,0.37091907648896816,0.1960393112066131,19,6,0,0.1625,0.22477064220183487,0.6343195266272189,0.25029585798816567,0.11538461538461539,0.23565573770491804,0.22286821705426357,0.169921875,0.21270310192023634,0.2389937106918239,184,0.17266187050359713,156,True,False,0.509995657369987,0.01588650277221737,3.5058823529411764,4.0,85,,,,,,,-0.24532580453236127,20,2.52,1.1,110.2,8.0,4.0,90.0,34.0,0.0,0.0,0.0,19.0,SP,19.0,451.0,88.0,23.7,7.32,2.77,7.16,1.06,23.643695380086083,-0.015069660142204344,8,0.8888888888888888,-15.0,7,7,0,1,0.0,3.2526920888529247,0.09526315976370855,0.2080536912751678,0.20294117647058824,0.11176470588235295,0.3955604075691412,0.3227059679767103,0.225531914893617,3.598,0.29021518311440037
680776,Jarren Duran,L,BOS,7,Griffin Jax,R,643377.0,822922,BOS @ TB,10:40 AM,20/09,Final,0.5247439976183653,-108.0,113.0,52.0,False,0111000001,live,8,2,0.25,1,2023,0.1719015691477607,0.2570701805643113,0.3020832192686113,0.21696696821868586,0.24343488949323747,20,1,-0.009517514871116989,0.96,72.5,B,0.30967336683417085,4.267628739543856,0.39829871008953355,0.26276160342690746,20,5,0,0.21176470588235294,0.20224719101123595,0.42992424242424243,0.3402777777777778,0.2297979797979798,0.17946257197696738,0.18026565464895636,0.19972451790633608,0.18334626325316783,0.1901639344262295,335,0.2222222222222222,253,False,False,0.5436827587947625,-0.018938761176397145,3.7062937062937062,4.111888111888112,143,,,,,,,-0.20518153301491476,20,3.8,1.2,104.1,7.0,10.0,110.0,33.0,0.0,2.0,2.0,21.0,SP,32.0,430.0,92.0,13.4,9.49,2.85,7.94,1.29,19.48549843182524,0.007868502381634612,8,0.8,2.0,7,6,0,1,0.0,3.217110012700683,0.024811204118108495,0.21136363636363636,0.28016359918200406,0.05521472392638037,0.3952145214521452,0.3448151815181518,0.24358974358974358,3.76,0.27797725821118546
801126,Brock Rodden,L,SEA,9,Tomoyuki Sugano,R,608372,824300,SEA @ COL,12:10 PM,20/09,Final,0.5247439976183653,,,,False,1111000000,live,0,0,0.0,0,0,0.15160116248807634,0.3185404469534876,0.41083529570501,0.35120710936920874,0.3994132882620277,20,2,0.06837606837606836,1.148,35.8,D,0.23519458544839256,2.857691421335605,0.4169453262333245,0.14209483570335282,20,6,0,0.15384615384615385,0.2222222222222222,0.5063559322033898,0.2805084745762712,0.21313559322033898,0.22842639593908629,0.10588235294117647,0.1956521739130435,0.1925133689839572,0.14285714285714285,40,0.30434782608695654,29,True,False,0.39845154845154845,0.12629244916681687,2.5217391304347827,3.0,23,,,,,,,-0.31253442513699725,20,5.36,1.33,147.2,12,10,91,36,0,0,0,28,SP,28,631,161,22.5,5.55,2.19,9.81,1.89,23.251050170324476,-0.026393997618365306,4,0.4444444444444444,3.0,7,6,1,1,0.0,2.4451076144353223,0.17311477586454005,0.22666666666666666,0.2967032967032967,0.14285714285714285,0.4305555555555556,0.17018750000000002,0.27070063694267515,3.443,0.3719839816454906
695681,Christian Moore,R,LAA,9,Dean Kremer,R,665152.0,823975,MIN @ LAA,1:07 PM,20/09,Final,0.5659119188016564,178.0,-156.0,36.0,False,1010000011,live,0,0,0.0,0,0,0.22615806837952315,0.2359997763311252,0.3810285615468532,0.29081783814209744,0.3125575991467901,20,1,0.08094733121244257,0.979,66.8,B,0.29760986892829605,2.631978790155973,0.3590954435909631,0.22452125794467384,15,6,0,0.12195121951219512,0.2028985507246377,0.5915057915057915,0.14594594594594595,0.2625482625482625,0.14225941422594143,0.1450980392156863,0.2054794520547945,0.1488833746898263,0.15254237288135594,66,0.19607843137254902,53,False,False,0.574745947359333,-0.008834028557676676,3.5483870967741935,3.838709677419355,31,,,,,,,-0.016574411747587656,20,5.35,1.24,77.1,3.0,5.0,74.0,26.0,0.0,0.0,0.0,15.0,SP,15.0,319.0,70.0,21.3,8.61,3.03,8.15,1.98,21.142660932495644,-0.009078585468322964,3,0.375,-1.0,5,7,1,1,0.0,3.6194021085937185,0.03127184638473087,0.18439716312056736,0.3343949044585987,0.08280254777070063,0.3747645951035781,0.29908851224105465,0.23684210526315788,3.896,0.31639827441177676
703492,Nick Morabito,R,NYM,8,Cristopher Sánchez,L,650911.0,823570,PHI @ NYM,10:10 AM,20/09,Final,0.5206224671324136,104.0,-100.0,49.0,False,0001001101,live,0,0,0.0,0,0,0.2011616724621968,0.42475725486723925,0.40226444138687917,0.24926046069920457,0.2439611093749396,12,3,-0.3157894736842105,0.949,78.3,B,0.31883049077619213,4.231478553386039,0.38247921905560384,0.24422850484808487,20,5,0,0.0,0.3157894736842105,0.43926209537069266,0.18656456665506438,0.37417333797424296,0.12903225806451613,0.2033898305084746,0.14814814814814814,0.1523809523809524,0.17647058823529413,20,0.2,18,True,False,0.5258821601422043,-0.005259693009790789,2.6666666666666665,3.1666666666666665,12,,,,,,,0.04164249358423731,12,2.93,1.22,193.2,17.0,6.0,215.0,44.0,0.0,0.0,0.0,31.0,SP,31.0,805.0,193.0,26.0,9.99,2.04,8.97,0.79,25.52998264626691,-0.005355800465746796,9,0.9,4.0,7,7,0,1,0.0,3.2088538110758758,0.06634167325651219,,,,,,0.2892857142857143,3.598,0.33650007075026106
643396,Isiah Kiner-Falefa,R,BOS,8,Griffin Jax,R,643377.0,822922,BOS @ TB,10:40 AM,20/09,Final,0.5177587135161178,-122.0,144.0,55.0,False,0111010000,live,0,0,0.0,0,0,0.1910228781987498,0.25523948979420774,0.24836399166981962,0.20782328783419754,0.13619402956098103,20,1,0.06661316211878013,0.96,72.5,B,0.30967336683417085,4.267628739543856,0.39829871008953355,0.26276160342690746,20,5,0,0.21428571428571427,0.2808988764044944,0.42992424242424243,0.3402777777777778,0.2297979797979798,0.22830188679245284,0.23673469387755103,0.23636363636363636,0.23423423423423423,0.2375,90,0.27692307692307694,75,False,False,0.5560109109129071,-0.03825219739678931,2.843137254901961,3.235294117647059,51,,,,,,,-0.11720971566357848,20,3.8,1.2,104.1,7.0,10.0,110.0,33.0,0.0,2.0,2.0,21.0,SP,32.0,430.0,92.0,13.4,9.49,2.85,7.94,1.29,19.48549843182524,0.013066286483882195,8,0.8,2.0,7,6,0,1,0.0,3.4405177590776312,0.15173484892156422,0.22946175637393768,0.15404699738903394,0.05483028720626632,0.28401360544217685,0.2649285714285714,0.22818791946308725,3.598,0.27797725821118546
691277,Deyvison De Los Santos,R,MIA,9,Walker Buehler,R,621111,823247,MIA @ SD,1:10 PM,20/09,Final,0.5153358525704281,178.0,-170.0,36.0,False,1011100100,live,0,0,0.0,0,0,0.1829076319374372,0.19798637749626133,0.1759982955343252,0.26323867340562285,0.3044750128596587,10,1,-0.008547008547008572,0.954,58.4,C,0.2613126783530371,2.235592359265681,0.3634326179626859,0.19749381285379378,20,5,0,0.23076923076923078,0.2222222222222222,0.6395253682487725,0.2635024549918167,0.0969721767594108,0.18840579710144928,0.14583333333333334,0.35294117647058826,0.2119205298013245,0.2857142857142857,14,0.125,8,True,False,0.4988254793714273,0.01651037319900084,2.2,2.2,10,,,,,,,-0.15942557379876943,10,4.46,1.34,147.1,8,6,127,55,0,0,0,31,SP,31,622,143,20.1,7.76,3.36,8.74,1.22,20.068971571462296,-0.023635852570428106,4,0.5,18.0,7,6,0,1,0.0,2.1977575801417077,0.0,,,,,,0.23076923076923078,3.443,0.3260280911972315
805346,Benjamin Ross,R,MIN,9,Ryan Johnson,R,696270,823975,MIN @ LAA,1:07 PM,20/09,Final,0.5150417165533699,,,,True,0001100,live,0,0,0.0,0,0,0.10868275074071183,0.17252787246885865,0.1919873876184385,0.1919873876184385,0.5048932614381759,7,1,0.0,0.979,59.7,C,0.2750809061488673,1.8251890606388024,0.3505477317974223,0.18562183195220636,20,5,0,,0.08333333333333333,0.5637540453074433,0.22459546925566343,0.21165048543689322,0.1206896551724138,0.075,0.16666666666666666,0.10909090909090909,0.14285714285714285,7,0.125,8,True,False,0.49674125571542366,0.018300460837946286,2.142857142857143,2.142857142857143,7,,,,,,,-0.15377257900277275,7,4.88,1.34,94.0,5,8,75,39,0,0,0,18,SP,21,405,87,19.3,7.18,3.73,8.33,1.72,20.700065172454604,-0.029361716553369943,5,0.5555555555555556,-4.0,7,7,1,1,0.0,2.2099754689048527,0.0,,,,,,0.23703703703703705,3.443,0.3384246512699708
686668,Brenton Doyle,R,CWS,9,Troy Melton,R,675512.0,824546,DET @ CWS,11:10 AM,20/09,Final,0.5124517484365635,108.0,-100.0,48.0,True,0001011111,live,0,0,0.0,0,0,0.21816326698540062,0.38838458695589556,0.3746110684504938,0.4424069022204816,0.5146851780048394,20,1,-0.05931468228150075,0.968,59.0,C,0.26272189349112424,2.4000120956328033,0.37091907648896816,0.1960393112066131,19,6,0,0.25471698113207547,0.19540229885057472,0.6343195266272189,0.25029585798816567,0.11538461538461539,0.22274143302180685,0.17765042979942694,0.2192513368983957,0.21061499578770007,0.24210526315789474,104,0.21428571428571427,102,False,False,0.509995657369987,0.0024560910665765157,2.838235294117647,3.0294117647058822,68,,,,,,,-0.014053631817482962,20,2.52,1.1,110.2,8.0,4.0,90.0,34.0,0.0,0.0,0.0,19.0,SP,19.0,451.0,88.0,23.7,7.32,2.77,7.16,1.06,23.643695380086083,0.0010482515634364642,8,0.8888888888888888,-15.0,7,7,0,1,0.0,2.7416900187503637,0.0,0.24396782841823056,0.28391959798994976,0.052763819095477386,0.37916666666666665,0.2879846153846154,0.2023121387283237,3.443,0.29021518311440037
683083,Nasim Nuñez,L,WSH,9,Quinn Mathews,L,687273,823001,WSH @ STL,11:15 AM,20/09,Final,0.5111101422100741,,,,False,1100001001,live,0,0,0.0,0,0,0.14761518861943018,0.2852351294696413,0.20491596540125204,0.16635310583116444,0.14991474811762645,20,1,0.033717563203029294,1.031,68.7,B,0.2855072463768116,2.304199556271802,0.31604260396705897,0.23218357017209623,7,6,0,0.23577235772357724,0.20205479452054795,0.47681159420289854,0.36086956521739133,0.16231884057971013,0.2055492638731597,0.18197278911564627,0.2576112412177986,0.208853980721171,0.20444444444444446,260,0.22105263157894736,213,False,True,0.49911236253289565,0.011997779677178466,3.2170542635658914,3.6666666666666665,129,,,,,,,-0.17383919947777512,20,3.65,1.38,44.1,2,3,39,18,0,0,0,8,SP,8,190,43,23.8,7.92,3.65,8.73,0.81,23.321435498316866,0.010889857789925905,9,1.0,30.0,7,5,1,1,0.0,3.1263384362860283,0.08360148259791769,0.21372031662269128,0.2,0.10344827586206896,0.2148972602739726,0.28555821917808216,0.23076923076923078,3.443,0.3385079731855247
694728,Brice Matthews,R,HOU,9,Martín Pérez,L,527048.0,824139,ATL @ HOU,11:10 AM,20/09,Final,0.5079114337139833,,,,True,0000001110,live,0,0,0.0,0,0,0.15732335689470187,0.2494406776692135,0.3784433246905359,0.25019292731720044,0.2907894392554025,20,72,-0.022113943028485766,0.998,52.4,C,0.27075645756457567,1.3800287398549973,0.34020936403254853,0.16091112195558896,20,5,0,0.18478260869565216,0.20689655172413793,0.6175519630484988,0.07344110854503465,0.3090069284064665,0.19358669833729217,0.16735537190082644,0.14925373134328357,0.1791530944625407,0.19491525423728814,125,0.2,102,False,False,0.4929899088789165,0.014921524835066757,2.8493150684931505,3.1095890410958904,73,,,,,,,-0.101211545536821,20,3.07,1.26,137.2,9.0,9.0,100.0,60.0,0.0,0.0,0.0,25.0,SP,29.0,575.0,113.0,19.8,6.54,3.92,7.39,0.85,22.25192676359009,-0.01451143371398328,7,0.875,18.0,7,6,1,1,0.0,3.056916300973116,0.06399371536813497,0.1969111969111969,0.3263888888888889,0.0763888888888889,0.3803030303030303,0.2849939393939394,0.21428571428571427,3.443,0.3107017906391009
681297,Colton Cowser,L,BAL,7,Jacob Misiorowski,R,694819,824789,MIL @ BAL,4:20 PM,20/09,In Progress,0.5071233176852408,-9900.0,9900.0,99.0,True,1001101011,live,0,0,0.0,0,0,0.3188849439835853,0.39787070031775595,0.44780641036828983,0.49158144448948654,0.37125042714978046,20,2,0.13578500707213578,1.044,97.2,A,0.35298935298935297,5.783008352180059,0.33979642381109426,0.36596647684709377,20,5,0,0.09523809523809523,0.23102310231023102,0.7795985251945924,0.2101597705858255,0.010241704219582138,0.22906155398587286,0.18493150684931506,0.21762589928057555,0.21202809482001755,0.22085889570552147,186,0.2236024844720497,186,False,False,0.5106902308213873,-0.0035669131361465434,2.5714285714285716,2.9523809523809526,126,,,,,,,0.02148043762095093,20,1.89,0.81,166.1,15,5,243,42,0,0,0,28,SP,28,636,93,22.7,13.15,2.27,5.03,0.76,22.564218362665237,0.047076682314759255,5,0.625,27.0,7,6,0,1,0.0,3.4598638952810497,0.09428917856665625,0.22006472491909385,0.31444759206798867,0.11331444759206799,0.4065656565656566,0.34315151515151515,0.12140575079872204,3.76,0.33895744726512916
814154,Scott Bandura,L,SF,6,Jack Dreyer,L,676263,823896,SF @ LAD,1:10 PM,20/09,Final,0.5068364345237724,257.0,-212.0,28.0,False,100110,live,0,0,0.0,0,0,0.18106714210245078,,,,0.6673121045954457,6,1,-0.11904761904761904,0.973,71.6,B,0.29743589743589743,3.1303652634955053,0.4252185139357112,0.26055760874654793,20,4,0,0.16666666666666666,0.2857142857142857,0.470404984423676,0.5295950155763239,0.0,0.12280701754385964,0.30434782608695654,,0.1686746987951807,0.25,8,0.2,6,True,False,0.5258821601422043,-0.019045725618431986,2.1666666666666665,2.3333333333333335,6,,,,,,,-0.07395910807093493,6,3.28,1.14,60.1,5,2,69,23,2,3,5,2,RP,64,247,46,3.9,10.29,3.43,6.86,1.04,3.8408888924069666,0.0022492797619418914,7,0.875,11.0,7,6,1,1,0.0,2.261118465776951,0.03448784110792886,,,,,,0.21875,3.896,0.3253659547684878
666139,Josh Lowe,L,LAA,7,Dean Kremer,R,665152.0,823975,MIN @ LAA,1:07 PM,20/09,Final,0.4923467582176367,426.0,-163.0,19.0,False,0001011101,live,17,3,0.17647058823529413,1,2022,0.18384116108234985,0.29093939793638474,0.3153543697315965,0.37913193735928735,0.4209046723157132,20,1,0.08974358974358976,0.979,66.8,B,0.29760986892829605,2.631978790155973,0.3590954435909631,0.22452125794467384,15,6,0,0.13333333333333333,0.2230769230769231,0.5915057915057915,0.14594594594594595,0.2625482625482625,0.15318146111547526,0.17490494296577946,0.1945945945945946,0.16612977450529223,0.20118343195266272,187,0.23140495867768596,134,False,False,0.4925725122360583,-0.00022575401842162002,2.871287128712871,3.1782178217821784,101,,,,,,,-0.21942711681633956,20,5.35,1.24,77.1,3.0,5.0,74.0,26.0,0.0,0.0,0.0,15.0,SP,15.0,319.0,70.0,21.3,8.61,3.03,8.15,1.98,21.142660932495644,0.00248657511569661,3,0.375,-1.0,5,7,1,1,0.0,3.101122461015396,0.07871827671696607,0.20168067226890757,0.30788804071246817,0.07124681933842239,0.3386299435028249,0.2929830508474576,0.24431818181818182,3.598,0.31639827441177676
642350,José Siri,R,LAA,8,Dean Kremer,R,665152.0,823975,MIN @ LAA,1:07 PM,20/09,Final,0.5002696986212397,194.0,-163.0,34.0,False,1010100011,live,0,0,0.0,0,0,0.21021347849628802,0.3147996686615263,0.37636283668911436,0.322728180093812,0.3969143994398841,20,1,0.05622032288698953,0.979,66.8,B,0.29760986892829605,2.631978790155973,0.3590954435909631,0.22452125794467384,15,6,0,0.2153846153846154,0.2716049382716049,0.5915057915057915,0.14594594594594595,0.2625482625482625,0.24406332453825857,0.24093816631130063,0.2175732217573222,0.2395128552097429,0.2782608695652174,121,0.1875,111,False,False,0.5002696986212397,0.0,2.4823529411764707,2.7294117647058824,85,,,,,,,-0.14173107182207786,20,5.35,1.24,77.1,3.0,5.0,74.0,26.0,0.0,0.0,0.0,15.0,SP,15.0,319.0,70.0,21.3,8.61,3.03,8.15,1.98,21.142660932495644,0.011296968045426903,3,0.375,-1.0,5,7,1,1,0.0,3.1114411412293896,0.025490316548313106,0.2113564668769716,0.36046511627906974,0.05232558139534884,0.41968911917098445,0.29761139896373057,0.23684210526315788,3.443,0.31639827441177676
670764,Taylor Walls,L,TB,9,Patrick Sandoval,L,663776.0,822922,BOS @ TB,10:40 AM,20/09,Final,0.5002696986212397,-104.0,113.0,51.0,False,1011100100,live,0,0,0.0,0,0,0.1758831018001032,0.24580453491423893,0.2741954609521496,0.217179958130889,0.17487457814194773,20,1,-0.011192562131235456,0.96,35.7,D,0.2798029556650246,2.0982014296804645,0.38060196266443563,0.24068668373673424,12,5,0,0.21008403361344538,0.22127659574468084,0.4147783251231527,0.32315270935960594,0.2620689655172414,0.20389805097451275,0.16064981949458484,0.17989417989417988,0.18933100131176214,0.2192513368983957,219,0.2155688622754491,199,False,False,0.509995657369987,-0.009725958748747265,3.1052631578947367,3.6666666666666665,114,,,,,,,-0.12430464834847126,20,4.99,1.79,57.2,1.0,6.0,62.0,29.0,0.0,0.0,0.0,12.0,SP,12.0,267.0,74.0,22.2,9.68,4.53,11.55,0.94,22.078543161944342,0.00368744423590317,7,0.7777777777777778,9.0,7,6,0,1,0.0,3.438769713449122,0.1257836505208488,0.21293800539083557,0.2460136674259681,0.10478359908883828,0.22179974651457543,0.25754562737642583,0.37681159420289856,3.443,0.3398950954843073
643376,Danny Jansen,R,TEX,8,Spencer Miles,R,693686.0,822844,TOR @ TEX,11:35 AM,20/09,Final,0.49932599635930336,567.0,-488.0,15.0,False,1011111111,live,0,0,0.0,0,0,0.3381544979489658,0.29643188507298035,0.3310319802781893,0.36590961070484307,0.1229204211127551,20,1,0.03487603305785125,0.964,83.4,A,0.2757660167130919,5.956560224939519,0.3478692746935475,0.2567319846343458,20,4,0,0.18,0.21487603305785125,0.5938375350140056,0.40476190476190477,0.0014005602240896359,0.18558282208588958,0.1846590909090909,0.19327731092436976,0.1861086375779163,0.19101123595505617,103,0.21951219512195122,95,False,True,0.5216098845052665,-0.022283888145963104,3.0,3.473684210526316,57,,,,,,,0.27334542901998976,20,2.65,1.09,91.2,6.0,2.0,87.0,24.0,2.0,0.0,2.0,7.0,RP,47.0,370.0,76.0,7.9,8.54,2.36,7.46,0.49,5.618985846000491,0.024340670307363255,9,0.9,21.0,7,6,1,1,0.0,3.3763055745969974,0.0409848784922731,0.21910112359550563,0.2669902912621359,0.09223300970873786,0.3655826558265583,0.2750650406504065,0.1895424836601307,3.598,0.29564675112557454
815873,Sean Keys,L,TOR,5,Jacob Degrom,R,594798.0,822844,TOR @ TEX,11:35 AM,20/09,Final,0.49911236253289565,-9900.0,9900.0,99.0,True,0000111000,live,0,0,0.0,0,0,0.22820574022923676,0.36626261902231494,0.615767628333267,0.34725339495131186,0.36895688568736257,18,2,0.0,0.964,62.8,C,0.3090062111801242,5.080406393500117,0.4756888749060534,0.33584330821579556,20,5,0,,0.1956521739130435,0.44890795631825275,0.4173166926677067,0.13377535101404056,0.1488095238095238,0.18840579710144928,0.22033898305084745,0.18206521739130435,0.21428571428571427,29,0.16666666666666666,19,True,False,0.5285991571049521,-0.02948679457205644,2.5555555555555554,2.6666666666666665,18,,,,,,,-0.13016783495135414,18,3.79,1.07,154.1,11.0,9.0,194.0,39.0,0.0,0.0,0.0,29.0,SP,29.0,622.0,126.0,21.4,11.31,2.27,7.35,1.17,20.846724967367056,0.040147637467104424,5,0.5555555555555556,19.0,7,6,1,1,0.0,2.3493014159891032,0.06808192589924295,0.1836734693877551,0.36538461538461536,0.057692307692307696,0.5666666666666667,0.3025,0.20402298850574713,4.027,0.2807012692273957
686475,Tyler Tolbert,R,KC,9,Lake Bachar,R,669199.0,823329,KC @ PIT,10:35 AM,20/09,Final,0.4972417727032998,-100.0,104.0,50.0,False,1111000100,live,0,0,0.0,0,0,0.24573128482928655,0.3316937157324147,0.16028530160483087,0.43470182830823423,0.4430044458175235,20,2,0.05931744312026005,1.013,82.4,A,0.2939460247994165,2.732833872282166,0.19929477571447227,0.28722074451185503,20,1,0,0.2676056338028169,0.3269230769230769,0.34842951059167276,0.5756026296566837,0.07596785975164354,0.2354368932038835,0.2857142857142857,0.2595419847328244,0.2560646900269542,0.23809523809523808,73,0.35,68,False,False,0.509995657369987,-0.012753884666687199,2.3207547169811322,2.660377358490566,53,,,,,,,-0.034176018783094356,20,3.5,1.12,82.1,1.0,4.0,86.0,35.0,2.0,1.0,3.0,10.0,RP,50.0,339.0,57.0,6.8,9.4,3.83,6.23,1.42,7.48454860911767,0.028574893963366932,6,0.5454545454545454,-11.0,7,6,1,1,0.0,2.108750519871614,0.0675536352935961,0.2850467289719626,0.2163265306122449,0.06938775510204082,0.260351966873706,0.26883850931677017,0.16279069767441862,3.443,0.32338604223336703
673490,Ha-Seong Kim,R,ATL,9,Hunter Brown,R,686613.0,824139,ATL @ HOU,11:10 AM,20/09,Final,0.49674125571542366,108.0,-100.0,48.0,False,1000110000,live,0,0,0.0,0,0,0.21583414764130182,0.24502255600200865,0.29286588512310335,0.24520393465618098,0.2472246229405272,20,4,0.101875,0.998,71.6,B,0.29791271347248577,2.527066817712411,0.37959085548261223,0.2804595508812673,17,5,0,0.078125,0.18,0.6122707147375079,0.2934851359898798,0.09424414927261227,0.08848080133555926,0.08139534883720931,0.12790697674418605,0.09090909090909091,0.09230769230769231,71,0.16326530612244897,57,False,False,0.5097820235435792,-0.013040767828155497,2.85,3.2,40,,,,,,,-0.17381332449938375,20,3.43,1.29,97.0,6.0,3.0,110.0,49.0,0.0,0.0,0.0,18.0,SP,18.0,406.0,76.0,22.6,10.21,4.55,7.05,1.02,22.75597597864321,0.009392077617909667,3,0.42857142857142855,7.0,7,6,1,1,0.0,2.8321511602735874,0.08693208906807277,0.2076923076923077,0.21739130434782608,0.09153318077803203,0.353954802259887,0.2904542372881356,0.23357664233576642,3.443,0.2911860411272642
678218,Brandon Valenzuela,L,TOR,8,Jacob Degrom,R,594798.0,822844,TOR @ TEX,11:35 AM,20/09,Final,0.4929899088789165,-9900.0,9900.0,99.0,True,1110000011,live,0,0,0.0,0,0,0.17151545489752568,0.3010911859878287,0.35670147057828333,0.21626682992066226,0.23825946058396927,20,4,0.059295430763864676,0.964,62.8,C,0.3090062111801242,5.080406393500117,0.4756888749060534,0.33584330821579556,20,5,0,0.1702127659574468,0.22950819672131148,0.44890795631825275,0.4173166926677067,0.13377535101404056,0.15376569037656904,0.1820580474934037,0.20350877192982456,0.17035670356703567,0.1865671641791045,149,0.2604166666666667,112,True,False,0.5395402024307314,-0.04655029355181489,3.066666666666667,3.48,75,,,,,,,-0.191910505672701,20,3.79,1.07,154.1,11.0,9.0,194.0,39.0,0.0,0.0,0.0,29.0,SP,29.0,622.0,126.0,21.4,11.31,2.27,7.35,1.17,20.846724967367056,0.03651009112108344,5,0.5555555555555556,19.0,7,6,1,1,0.0,3.595256606357728,0.10498701458826232,0.2222222222222222,0.26037735849056604,0.1018867924528302,0.37727272727272726,0.33258181818181815,0.20402298850574713,3.598,0.2807012692273957
571912,Luke Maile,R,KC,8,Lake Bachar,R,669199.0,823329,KC @ PIT,10:35 AM,20/09,Final,0.4920598750561684,108.0,-104.0,48.0,True,1100000001,live,0,0,0.0,0,0,0.1439420159618694,0.2583324827075397,0.3364846590799814,0.2280934521532439,0.2788425026126784,14,7,-0.1013986013986014,1.013,82.4,A,0.2939460247994165,2.732833872282166,0.19929477571447227,0.28722074451185503,20,1,0,0.19230769230769232,0.09090909090909091,0.34842951059167276,0.5756026296566837,0.07596785975164354,0.19631901840490798,0.18461538461538463,0.3076923076923077,0.1991701244813278,0.2608695652173913,24,0.0,17,False,False,0.49256039204404445,-0.0005005169878760651,2.642857142857143,2.9285714285714284,14,,,,,,,-0.11008852228817567,14,3.5,1.12,82.1,1.0,4.0,86.0,35.0,2.0,1.0,3.0,10.0,RP,50.0,339.0,57.0,6.8,9.4,3.83,6.23,1.42,7.48454860911767,0.014523458277164891,6,0.5454545454545454,-11.0,7,6,1,1,0.0,2.929512002896286,0.09614056633370821,0.20195439739413681,0.30113636363636365,0.08806818181818182,0.32338308457711445,0.29313432835820896,0.16279069767441862,3.598,0.32338604223336703
676439,Hunter Feduccia,L,LAD,9,Matt Wilkinson,L,683363,823896,SF @ LAD,1:10 PM,20/09,Final,0.49153498718701066,233.0,-203.0,30.0,False,0011000110,live,0,0,0.0,0,0,0.21857739218256506,0.2915971870725298,0.3531595083514266,0.29709716735821,0.18844354257412294,20,3,-0.047915771379458516,0.973,60.0,C,0.24836601307189543,4.556539806901295,0.4688266132067089,0.15800738811291806,6,7,0,0.19230769230769232,0.24022346368715083,0.6437908496732027,0.13071895424836602,0.22549019607843138,0.2217453505007153,0.20127118644067796,0.2875536480686695,0.22425952045133993,0.2543859649122807,135,0.2087912087912088,103,False,True,0.4950741325349201,-0.003539145347909445,2.4698795180722892,2.8674698795180724,83,,,,,,,-0.1617733339880189,20,3.86,1.03,23.1,1,3,16,4,0,0,0,5,SP,7,94,20,13.4,6.17,1.54,7.71,1.54,13.334115349953619,0.0025316794796559905,9,0.8181818181818182,-2.0,6,7,1,1,0.0,3.3058991714406645,0.23578851493137198,0.2053872053872054,0.25862068965517243,0.1206896551724138,0.3643317230273752,0.3154589371980676,0.15,3.443,0.3150499754058648
694497,Evan Carter,L,TEX,9,Spencer Miles,R,693686.0,822844,TOR @ TEX,11:35 AM,20/09,Final,0.48332316818122134,-9900.0,9900.0,99.0,True,1000100000,live,0,0,0.0,0,0,0.13371717964554025,0.25831151496674226,0.2732184462372573,0.16819653822298605,0.3360275556747491,20,1,-0.0823529411764706,0.964,83.4,A,0.2757660167130919,5.956560224939519,0.3478692746935475,0.2567319846343458,20,4,0,0.2647058823529412,0.18235294117647058,0.5938375350140056,0.40476190476190477,0.0014005602240896359,0.19666435024322446,0.164804469273743,0.17434210526315788,0.18467654499457897,0.21674876847290642,238,0.15789473684210525,198,False,True,0.48332316818122134,0.0,2.8333333333333335,3.303030303030303,132,,,,,,,-0.18677400706949823,20,2.65,1.09,91.2,6.0,2.0,87.0,24.0,2.0,0.0,2.0,7.0,RP,47.0,370.0,76.0,7.9,8.54,2.36,7.46,0.49,5.618985846000491,0.00015460959655644313,9,0.9,21.0,7,6,1,1,0.0,3.0507118825158206,0.03810265061564748,0.1834319526627219,0.2563451776649746,0.10152284263959391,0.34282700421940926,0.26826160337552746,0.24736842105263157,3.443,0.29564675112557454
665750,Leody Taveras,L,BAL,8,Jacob Misiorowski,R,694819,824789,MIL @ BAL,4:20 PM,20/09,In Progress,0.47572268913404175,335.0,-270.0,23.0,False,0011001011,live,0,0,0.0,0,0,0.16170343490015568,0.2930589816746002,0.2659569542507433,0.22745037372141133,0.40904433429449555,20,1,0.03912546213793652,1.044,97.2,A,0.35298935298935297,5.783008352180059,0.33979642381109426,0.36596647684709377,20,5,0,0.19083969465648856,0.22996515679442509,0.7795985251945924,0.2101597705858255,0.010241704219582138,0.19416157501697218,0.20838627700127066,0.18166666666666667,0.19538622859140162,0.2318181818181818,248,0.20202020202020202,222,False,False,0.4952877663613278,-0.019565077227286065,3.24031007751938,3.643410852713178,129,,,,,,,-0.12353903767107183,20,1.89,0.81,166.1,15,5,243,42,0,0,0,28,SP,28,636,93,22.7,13.15,2.27,5.03,0.76,22.564218362665237,0.04927731086595827,5,0.625,27.0,7,6,0,1,0.0,3.468664000687575,0.07041021846053197,0.20959595959595959,0.26410835214446954,0.0835214446952596,0.32646356033452806,0.29438709677419356,0.12140575079872204,3.598,0.33895744726512916
681987,Nate Eaton,R,BOS,9,Griffin Jax,R,643377.0,822922,BOS @ TB,10:40 AM,20/09,Final,0.4687624428465529,122.0,-108.0,45.0,False,0000010001,live,0,0,0.0,0,0,0.10161842059874338,0.23336835717709964,0.28997129238171987,0.15457165472447215,0.2977768550896964,18,2,0.0049261083743842304,0.96,72.5,B,0.30967336683417085,4.267628739543856,0.39829871008953355,0.26276160342690746,20,5,0,0.13793103448275862,0.14285714285714285,0.42992424242424243,0.3402777777777778,0.2297979797979798,0.16292134831460675,0.061946902654867256,0.06666666666666667,0.11607142857142858,0.125,29,0.15789473684210525,23,False,False,0.4927030257174481,-0.023940582870895233,2.388888888888889,2.888888888888889,18,,,,,,,-0.41890221017070645,18,3.8,1.2,104.1,7.0,10.0,110.0,33.0,0.0,2.0,2.0,21.0,SP,32.0,430.0,92.0,13.4,9.49,2.85,7.94,1.29,19.48549843182524,0.01258755715344706,8,0.8,2.0,7,6,0,1,0.0,2.864510707384396,0.13487221704619295,0.2140468227424749,0.27976190476190477,0.08333333333333333,0.29276422764227644,0.2769463414634146,0.22818791946308725,3.443,0.27797725821118546
672016,Denzel Clarke,R,ATH,9,Gavin Williams,R,668909.0,824381,ATH @ CLE,10:40 AM,20/09,Final,0.4568975468975469,156.0,-150.0,39.0,False,1000100010,live,0,0,0.0,0,0,0.13673065098532258,0.31348003956222376,0.3100061719484191,0.33836112283942116,0.2996587982091564,20,1,0.006666666666666654,0.987,71.2,B,0.3355728429985856,4.489465875079829,0.4345668920064269,0.37003974117818456,20,6,0,0.16,0.16666666666666666,0.4930282445477297,0.5069717554522702,0.0,0.20075757575757575,0.12389380530973451,0.0967741935483871,0.1662870159453303,0.13157894736842105,43,0.20689655172413793,35,False,False,0.4618051144606532,-0.004907567563106285,2.392857142857143,2.7857142857142856,28,,,,,,,-0.19285152654420137,20,3.78,1.1,174.0,13.0,8.0,235.0,56.0,0.0,0.0,0.0,30.0,SP,30.0,705.0,136.0,23.5,12.16,2.9,7.03,1.4,22.540478886132473,0.0054274531024530726,8,1.0,1.0,7,6,1,1,0.0,2.6246887367278133,0.23473816043765092,0.2033898305084746,0.36153846153846153,0.06153846153846154,0.42488262910798125,0.28770422535211265,0.24603174603174602,3.443,0.3344836921436644
665966,Carlos Narváez,R,BAL,9,Jacob Misiorowski,R,694819,824789,MIL @ BAL,4:20 PM,20/09,In Progress,0.4077391087817443,,,,True,0001000100,live,0,0,0.0,0,0,0.15116840389628788,0.24564484661821342,0.41378911652570216,0.21022624926052166,0.32282773964878364,20,6,0.08787878787878786,1.044,97.2,A,0.35298935298935297,5.783008352180059,0.33979642381109426,0.36596647684709377,20,5,0,0.1,0.18787878787878787,0.7795985251945924,0.2101597705858255,0.010241704219582138,0.12350597609561753,0.13566739606126915,0.13636363636363635,0.12797992471769135,0.1450381679389313,151,0.18269230769230768,119,False,False,0.47496430377621185,-0.06722519499446755,2.8313253012048194,3.253012048192771,83,,,,,,,-0.2715175191238133,20,1.89,0.81,166.1,15,5,243,42,0,0,0,28,SP,28,636,93,22.7,13.15,2.27,5.03,0.76,22.564218362665237,0.09474089121825574,5,0.625,27.0,7,6,0,1,0.0,2.872838203061816,0.05005425563854978,0.1742857142857143,0.3165829145728643,0.07035175879396985,0.4103422619047619,0.29314285714285715,0.20948616600790515,3.443,0.33895744726512916
687529,Grant Mccray,L,SF,8,Jack Dreyer,L,676263,823896,SF @ LAD,1:10 PM,20/09,Final,0.4061851072277427,,,,False,1010101100,live,0,0,0.0,0,0,0.15295066052308443,0.3215147280797238,0.43016084014579586,0.24452682559052874,0.36532056562210463,20,1,0.07159716758457907,0.973,71.6,B,0.29743589743589743,3.1303652634955053,0.4252185139357112,0.26055760874654793,20,4,0,0.1935483870967742,0.12195121951219512,0.470404984423676,0.5295950155763239,0.0,0.16333333333333333,0.16666666666666666,0.11666666666666667,0.15891472868217055,0.1951219512195122,47,0.0967741935483871,40,False,False,0.4618051144606532,-0.055620007232910496,2.4827586206896552,3.0,29,,,,,,,-0.0885095920991239,20,3.28,1.14,60.1,5,2,69,23,2,3,5,2,RP,64,247,46,3.9,10.29,3.43,6.86,1.04,3.8408888924069666,0.001914892772257315,7,0.875,11.0,7,6,1,1,0.0,2.982028428070728,0.17103154425268924,0.17573221757322174,0.3726937269372694,0.09225092250922509,0.36714975845410625,0.3071884057971015,0.21875,3.598,0.3253659547684878
676551,Brewer Hicklen,R,ATL,8,Hunter Brown,R,686613.0,824139,ATL @ HOU,11:10 AM,20/09,Final,0.40214470318733864,117.0,-100.0,46.0,False,1101001001,live,0,0,0.0,0,0,0.27107414886683345,0.5281126500306466,0.5589848420388024,0.6700213102441496,0.3278988808843526,11,5,0.0,0.998,71.6,B,0.29791271347248577,2.527066817712411,0.37959085548261223,0.2804595508812673,17,5,0,,0.3333333333333333,0.6122707147375079,0.2934851359898798,0.09424414927261227,0.3090909090909091,0.23809523809523808,0.2,0.28205128205128205,0.2857142857142857,17,0.38461538461538464,17,False,False,0.4618051144606532,-0.05966041127331456,2.4545454545454546,3.090909090909091,11,,,,,,,0.003966228283180848,11,3.43,1.29,97.0,6.0,3.0,110.0,49.0,0.0,0.0,0.0,18.0,SP,18.0,406.0,76.0,22.6,10.21,4.55,7.05,1.02,22.75597597864321,0.010755296812661352,3,0.42857142857142855,7.0,7,6,1,1,0.0,2.9478279059721237,0.31295180922451543,0.24489795918367346,0.4098360655737705,0.19672131147540983,0.375,0.31320833333333337,0.23357664233576642,3.598,0.2911860411272642
