batter_id,name,batter_hand,team,slot,pitcher,pitcher_hand,opp_pitcher_id,game_pk,matchup,start_time,game_date,game_state,p_hit,hit_odds,no_hit_odds,yes_cents,has_hit,last5,lineup_source,bvp_ab,bvp_h,bvp_avg,bvp_career,bvp_since,b_hit_rate,b_xba,b_hardhit,b_babip,b_k_rate,b_n_games,b_days_rest,split_diff,park_factor,p_rating,p_grade,p_csw,p_k_bb,p_hardhit_allowed,p_k_rate,p_n_games,p_days_rest,is_opener,b_hit_rate_vs_L,b_hit_rate_vs_R,p_use_fb,p_use_bb,p_use_os,b_hr_vs_fb,b_hr_vs_bb,b_hr_vs_os,b_hr_overall,b_hit_rate_vs_sp,b_pa_vs_sp,b_hit_rate_vs_rp,b_pa_vs_rp,b_is_rookie,p_is_rookie,base_p_hit,matchup_delta,b_avg_ab,b_avg_pa,b_games_played,p_multihit,base_p_multihit,p_multihit_matchup_delta,p_hrRbi,base_p_hrRbi,p_hrRbi_matchup_delta,b_quality_first3,b_n_games_first3,p_era,p_whip_official,p_ip,p_wins,p_losses,p_so,p_bb_official,p_saves,p_blown_saves,p_save_opps,p_games_started,p_role,p_games_pitched,p_bf_official,p_hits_allowed,p_bf_per_g,p_k9,p_bb9,p_h9,p_hr9,p_avg_bf,pen_delta,pen_available_n,pen_rested_frac,def_oaa_tonight,def_oaa_n,sched_games_7d,sched_day_after_night,sched_getaway,sched_tz_shift,b_pa,b_bb_rate,b_hit_rate_long,b_k_rate_long,b_bb_rate_long,b_hardhit_long,b_xba_long,p_hit_rate_vs_hand,slot_pa_exp,def_babip_allowed
670541,Yordan Álvarez,L,HOU,2,Grayson Rodriguez,R,680570.0,824002,HOU @ LAA,6:38 PM,29/07,Scheduled,0.7657353312752445,-270.0,285.0,73.0,False,1111110011,estimated,7,0,0.0,1,2023,0.34871752839341075,0.42068621594060157,0.5811255377299107,0.4213903865344993,0.184512156868309,20,1,0.07408534523568,0.979,14.9,F,0.24765729585006693,1.6636425282189424,0.5463636866293323,0.1504983781333481,9,5,0,0.27358490566037735,0.34767025089605735,0.5364864864864864,0.2418918918918919,0.22162162162162163,0.33126293995859213,0.29232505643340856,0.38548387096774195,0.3317932428530176,0.3543307086614173,299,0.2748091603053435,166,False,False,0.6986131013572443,0.06712222991800021,3.6320754716981134,4.386792452830188,106,,,,,,,0.12022192884218794,20,8.54,1.79,39.0,3.0,3.0,30.0,19.0,0.0,0.0,0.0,9.0,SP,9.0,186.0,51.0,20.7,6.92,4.38,11.77,1.62,20.628626261376958,-0.07353533127524459,2,0.25,-8.0,7,6,0,1,0.0,4.55,0.10919847659333662,0.31627906976744186,0.18323586744639375,0.10916179337231968,0.5344246031746032,0.41611607142857143,0.3888888888888889,4.348,0.31240762059585653
650333,Luis Arráez,L,SF,1,Shane Drohan,L,675660.0,823192,MIL @ SF,12:45 PM,29/07,Scheduled,0.7340870052399868,4900.0,-300.0,2.0,False,1110011111,estimated,0,0,0.0,0,0,0.3017159968450081,0.29685237513360757,0.06993113153877388,0.34921424180958444,0.09004915027814621,20,1,0.01552795031055898,0.994,84.2,A,0.2980392156862745,4.483457833640348,0.36639810752838825,0.27173133496902196,20,5,0,0.33695652173913043,0.32142857142857145,0.6109803921568627,0.3411764705882353,0.04784313725490196,0.3640416047548291,0.3389592123769339,0.31527093596059114,0.35096610706366804,0.37344398340248963,262,0.25157232704402516,180,False,True,0.7340870052399868,0.0,4.0,4.42,100,,,,,,,0.1674134154330692,20,3.51,1.2,82.0,5.0,4.0,82.0,23.0,1.0,0.0,1.0,11.0,SP,21.0,342.0,75.0,16.3,9.0,2.52,8.23,0.66,18.80821313233177,-0.011587005239986903,5,0.625,7.0,7,6,1,1,0.0,4.65,0.041385338896290765,0.32983193277310924,0.045714285714285714,0.047619047619047616,0.20737463126843658,0.3082245575221239,0.2376237623762376,4.44,0.3119194476353623
665161,Jeremy Peña,R,HOU,1,Grayson Rodriguez,R,680570.0,824002,HOU @ LAA,6:38 PM,29/07,Scheduled,0.7235568097984064,,,,False,1111111111,estimated,6,2,0.3333333333333333,1,2023,0.38689546325638285,0.4774221870251767,0.4829323809101243,0.5743098435914404,0.23859512364731206,20,1,0.10618729096989965,0.979,14.9,F,0.24765729585006693,1.6636425282189424,0.5463636866293323,0.1504983781333481,9,5,0,0.23076923076923078,0.33695652173913043,0.5364864864864864,0.2418918918918919,0.22162162162162163,0.3249243188698285,0.3,0.29457364341085274,0.31121399176954734,0.3181818181818182,168,0.3048780487804878,92,False,False,0.6857548271844749,0.03780198261393153,3.933333333333333,4.333333333333333,60,,,,,,,0.2197653065881858,20,8.54,1.79,39.0,3.0,3.0,30.0,19.0,0.0,0.0,0.0,9.0,SP,9.0,186.0,51.0,20.7,6.92,4.38,11.77,1.62,20.628626261376958,-0.04255680979840637,2,0.25,-8.0,7,6,0,1,0.0,4.65,0.042055453937169314,0.301255230125523,0.18666666666666668,0.06666666666666667,0.42407894736842106,0.3561921052631579,0.23529411764705882,4.44,0.31240762059585653
702284,Cole Young,L,SEA,1,Eric Lauer,L,641778.0,823924,SEA @ LAD,7:10 PM,29/07,Scheduled,0.7117097398609346,-9900.0,9900.0,99.0,False,1100010111,estimated,0,0,0.0,0,0,0.2534352113961637,0.30947504046214014,0.3739013969692106,0.2956851616663525,0.11281663082819811,20,1,0.03933747412008279,0.973,54.7,C,0.23787878787878788,1.8921080614692303,0.35965391461329266,0.14575317270465785,16,7,0,0.2857142857142857,0.2463768115942029,0.6322971948445792,0.20849128127369218,0.15921152388172857,0.229693741677763,0.2395693135935397,0.21897810218978103,0.2306245297215952,0.2544642857142857,246,0.2621951219512195,185,False,False,0.6795166249485156,0.03219311491241894,3.6261682242990654,4.02803738317757,107,,,,,,,0.15615109986506895,20,4.83,1.26,82.0,5.0,5.0,52.0,28.0,0.0,1.0,1.0,13.0,SP,16.0,346.0,75.0,21.6,5.71,3.07,8.23,2.2,22.204096407928276,-0.03883831128950588,7,0.875,11.0,6,6,0,0,0.0,4.65,0.05043392690853186,0.24764150943396226,0.17057569296375266,0.06183368869936034,0.39098837209302323,0.3234127906976744,0.25806451612903225,4.44,0.30464605687250107
663968,Jake Mangum,L,PIT,1,Eduardo Rodríguez,L,593958.0,823351,AZ @ PIT,9:35 AM,29/07,Scheduled,0.7074528088499439,,,,False,0110111111,estimated,5,0,0.0,1,2025,0.28213447242554435,0.31332457414725157,0.18568714366936254,0.3531859532883272,0.16919003308095873,20,1,-0.032743477137690546,1.013,45.7,D,0.2548618219037871,1.8877983566900163,0.3694687764155284,0.1681723852931559,20,5,0,0.27848101265822783,0.3112244897959184,0.6014344262295082,0.13063524590163936,0.26793032786885246,0.2884972170686456,0.3333333333333333,0.28313253012048195,0.2981333333333333,0.33783783783783783,155,0.25984251968503935,145,False,False,0.6857548271844749,0.02169798166546899,3.481012658227848,3.7974683544303796,79,,,,,,,0.13170661598285832,20,2.64,1.24,122.2,9.0,3.0,86.0,44.0,0.0,0.0,0.0,21.0,SP,21.0,505.0,108.0,24.0,6.31,3.23,7.92,0.95,23.989875777443824,0.008397191150056216,2,0.2222222222222222,24.0,7,7,1,1,0.0,4.65,0.019608909940130204,0.30900243309002434,0.17194570135746606,0.038461538461538464,0.27487562189054726,0.30872487562189055,0.2357142857142857,4.44,0.33063366610959416
686527,Dominic Canzone,L,SEA,3,Eric Lauer,L,641778.0,823924,SEA @ LAD,7:10 PM,29/07,Scheduled,0.7043279501957928,-9900.0,9900.0,99.0,False,0110110111,estimated,0,0,0.0,0,0,0.23792741638621276,0.33030845161808287,0.3682057644377968,0.30573968982319566,0.21192621025571212,20,1,-0.010683760683760701,0.973,54.7,C,0.23787878787878788,1.8921080614692303,0.35965391461329266,0.14575317270465785,16,7,0,0.25,0.2606837606837607,0.6322971948445792,0.20849128127369218,0.15921152388172857,0.2669902912621359,0.2487644151565074,0.22736842105263158,0.25078534031413613,0.2578616352201258,176,0.2621359223300971,117,False,False,0.6537676791072354,0.05056027108855732,2.847826086956522,3.1847826086956523,92,,,,,,,0.08077592434764345,20,4.83,1.26,82.0,5.0,5.0,52.0,28.0,0.0,1.0,1.0,13.0,SP,16.0,346.0,75.0,21.6,5.71,3.07,8.23,2.2,22.204096407928276,-0.05359937876722132,7,0.875,11.0,6,6,0,0,0.0,4.45,0.04836097048634126,0.26512968299711814,0.2193211488250653,0.07571801566579635,0.48447401774397975,0.3420437262357414,0.25806451612903225,4.248,0.30464605687250107
676391,Ernie Clement,R,TOR,1,Zack Littell,R,641793.0,822702,TOR @ WSH,10:05 AM,29/07,Scheduled,0.7005236472507471,,,,False,1110101111,estimated,7,1,0.14285714285714285,1,2024,0.29249262233374873,0.2799107342600047,0.16123747441732886,0.32918460565181673,0.09630111966780902,20,1,0.027586206896551724,1.04,34.7,F,0.23617153511497824,2.5739519668582056,0.44158985310733523,0.16884559460204374,20,5,0,0.27586206896551724,0.30344827586206896,0.418170504044804,0.37834474175482263,0.20348475420037337,0.2830056179775281,0.2863849765258216,0.24848484848484848,0.28035235541937953,0.2644628099173554,251,0.34146341463414637,175,False,False,0.6973987885965958,0.0031248586541513523,3.8666666666666667,4.057142857142857,105,,,,,,,0.1487777063860743,20,5.17,1.34,101.0,7.0,8.0,66.0,31.0,0.0,0.0,0.0,13.0,SP,21.0,434.0,104.0,20.7,5.88,2.76,9.27,2.23,20.60726345652533,0.013247781320681495,7,0.7777777777777778,4.0,7,7,1,1,0.0,4.65,0.019010259524542276,0.30128205128205127,0.09775967413441955,0.03054989816700611,0.24107142857142858,0.2906190476190476,0.25,4.44,0.3225987976012055
665489,Vladimir Guerrero,R,TOR,3,Zack Littell,R,641793.0,822702,TOR @ WSH,10:05 AM,29/07,Scheduled,0.6983762933166764,,,,False,0001111011,estimated,8,4,0.5,1,2023,0.29161784387027634,0.3400323668811769,0.3805403170491712,0.33451208382188297,0.17588080604066783,20,1,0.01659919028340079,1.04,34.7,F,0.23617153511497824,2.5739519668582056,0.44158985310733523,0.16884559460204374,20,5,0,0.25263157894736843,0.2692307692307692,0.418170504044804,0.37834474175482263,0.20348475420037337,0.2628504672897196,0.2590286425902864,0.23423423423423423,0.2594670406732118,0.24369747899159663,267,0.3006993006993007,169,False,False,0.6795166249485156,0.018859668368160776,3.6990291262135924,4.233009708737864,103,,,,,,,0.07181819554773056,20,5.17,1.34,101.0,7.0,8.0,66.0,31.0,0.0,0.0,0.0,13.0,SP,21.0,434.0,104.0,20.7,5.88,2.76,9.27,2.23,20.60726345652533,-0.0011762933166764578,7,0.7777777777777778,4.0,7,7,1,1,0.0,4.45,0.07533075281518795,0.28125,0.12548262548262548,0.0945945945945946,0.45778938207136644,0.3377650130548303,0.25,4.248,0.3225987976012055
664770,Nathan Lukes,L,TOR,2,Zack Littell,R,641793.0,822702,TOR @ WSH,10:05 AM,29/07,Scheduled,0.6936170299570938,,,,False,0111011001,estimated,0,0,0.0,0,0,0.25509024990351986,0.2404095261249686,0.2604595585912717,0.30475014060774863,0.13715468589171506,20,1,0.039855072463768126,1.04,34.7,F,0.23617153511497824,2.5739519668582056,0.44158985310733523,0.16884559460204374,20,5,0,0.25,0.2898550724637681,0.418170504044804,0.37834474175482263,0.20348475420037337,0.2530730296456978,0.26666666666666666,0.3333333333333333,0.2661560555289612,0.2483221476510067,161,0.3488372093023256,97,False,False,0.6795166249485156,0.014100405008578232,3.3098591549295775,3.6338028169014085,71,,,,,,,0.029272898704387443,20,5.17,1.34,101.0,7.0,8.0,66.0,31.0,0.0,0.0,0.0,13.0,SP,21.0,434.0,104.0,20.7,5.88,2.76,9.27,2.23,20.60726345652533,-0.004931315671379499,7,0.7777777777777778,4.0,7,7,1,1,0.0,4.55,0.057507359666943134,0.2803030303030303,0.1543778801843318,0.059907834101382486,0.33814589665653494,0.30451063829787234,0.2747747747747748,4.348,0.3225987976012055
678882,Ceddanne Rafaela,R,BOS,2,Jacob Lopez,L,682052.0,824973,BOS @ ATH,6:40 PM,29/07,Scheduled,0.6935530817209762,,,,False,1110110111,estimated,0,0,0.0,0,0,0.251983672612401,0.31231050453932185,0.355388973807937,0.3367803026379972,0.20721451530867957,20,1,-0.0020273531777956766,0.977,60.4,C,0.2595606183889341,1.565781318017404,0.3144642091072553,0.19210541481573926,16,5,0,0.2743362831858407,0.27636363636363637,0.5903908794788274,0.31840390879478825,0.09120521172638436,0.28154761904761905,0.2595338983050847,0.2442528735632184,0.27095908786049633,0.2672413793103448,247,0.28846153846153844,167,False,False,0.6721371888979003,0.021415892823075877,3.919191919191919,4.181818181818182,99,,,,,,,0.1006122833265261,20,6.12,1.67,64.2,5.0,4.0,53.0,40.0,0.0,0.0,0.0,13.0,SP,16.0,302.0,68.0,18.9,7.38,5.57,9.46,1.53,18.092189088737108,-0.014341970609865085,9,0.9,-17.0,7,7,0,0,0.0,4.55,0.011223854835172041,0.28665207877461707,0.19959266802443992,0.05295315682281059,0.3465645311049211,0.2998644382544104,0.2857142857142857,4.348,0.34820445519263393
677594,Julio Rodríguez,R,SEA,2,Eric Lauer,L,641778.0,823924,SEA @ LAD,7:10 PM,29/07,Scheduled,0.6916839397580475,,,,False,0111110111,estimated,5,2,0.4,1,2023,0.30528696237962677,0.3926953414694806,0.4116023952438942,0.3701026689583407,0.14743479551472924,20,1,0.029751184043759593,0.973,54.7,C,0.23787878787878788,1.8921080614692303,0.35965391461329266,0.14575317270465785,16,7,0,0.2807017543859649,0.2509505703422053,0.6322971948445792,0.20849128127369218,0.15921152388172857,0.23179611650485438,0.2490530303030303,0.2358974358974359,0.23814133591481124,0.24793388429752067,262,0.2814814814814815,154,False,False,0.6647793651226158,0.02690457463543172,3.9270833333333335,4.333333333333333,96,,,,,,,0.0816276353974803,20,4.83,1.26,82.0,5.0,5.0,52.0,28.0,0.0,1.0,1.0,13.0,SP,16.0,346.0,75.0,21.6,5.71,3.07,8.23,2.2,22.204096407928276,-0.03458393975804752,7,0.875,11.0,6,6,0,0,0.0,4.55,0.07691195668235513,0.25,0.21814671814671815,0.07722007722007722,0.44420702754036084,0.34759686609686613,0.23790322580645162,4.348,0.30464605687250107
800050,Chase Delauter,L,CLE,2,Brady Singer,R,663903.0,824487,CLE @ CIN,4:10 PM,29/07,Scheduled,0.6857548271844749,,,,False,1111101001,estimated,0,0,0.0,0,0,0.2668825881471689,0.3090781336247119,0.5384297101654407,0.3485905922452908,0.17463298309537134,20,1,-0.12592197636185906,1.083,59.2,C,0.29571106094808125,2.832792219227856,0.41126593034052206,0.20785561479951142,20,7,0,0.3655913978494624,0.2396694214876033,0.577313769751693,0.422686230248307,0.0,0.2657757980697847,0.23385939741750358,0.20766129032258066,0.24434918160561184,0.24456521739130435,210,0.31125827814569534,165,False,False,0.6751601674282418,0.010594659756233082,3.7222222222222223,4.166666666666667,90,,,,,,,-0.00661677702633609,20,4.53,1.38,103.1,5.0,9.0,88.0,32.0,0.0,0.0,0.0,20.0,SP,20.0,454.0,111.0,22.7,7.66,2.79,9.67,1.83,23.3235737573683,0.015195172815525071,4,0.4444444444444444,6.0,7,8,0,1,0.0,4.55,0.11299538362704457,0.3002754820936639,0.13902439024390245,0.10975609756097561,0.46132897603485834,0.309391339869281,0.29457364341085274,4.348,0.28216477811530455
663616,Trevor Larnach,L,MIN,1,Randy Dobnak,R,677976.0,823677,KC @ MIN,4:40 PM,29/07,Scheduled,0.6857548271844749,,,,False,1110111110,estimated,0,0,0.0,0,0,0.3119435373740613,0.3321378231191717,0.3345154831194288,0.3638622178451541,0.13849437508943407,20,1,-0.04375804375804376,1.022,51.9,C,0.256797583081571,,,,4,6,0,0.3333333333333333,0.28957528957528955,0.5015105740181269,0.27794561933534745,0.22054380664652568,0.281651376146789,0.30701754385964913,0.27533460803059273,0.28838625489343195,0.3081395348837209,197,0.26666666666666666,123,False,False,0.6751601674282418,0.010594659756233082,3.1839080459770117,3.67816091954023,87,,,,,,,0.04471802092229353,20,1.42,1.37,19.0,0.0,0.0,10.0,9.0,0.0,0.0,0.0,2.0,RP,4.0,80.0,17.0,20.0,4.74,4.26,8.05,0.95,,-0.003340541470189251,7,0.7777777777777778,0.0,7,6,0,0,0.0,4.65,0.09758174153493827,0.28717948717948716,0.18120805369127516,0.10514541387024609,0.3725997842502697,0.3202621359223301,0.25,4.44,0.3173100934196813
700250,Ben Rice,L,NYY,2,Davis Martin,R,663436.0,824567,NYY @ CWS,4:40 PM,29/07,Scheduled,0.6857548271844749,,,,False,1111000110,estimated,6,2,0.3333333333333333,1,2025,0.267099143240284,0.3977823354275289,0.5326417048382152,0.3543620939768343,0.3178904557779092,20,1,0.030377178324182408,0.968,40.9,D,0.27191011235955054,2.3589308548330945,0.4321238948230626,0.19094474611653514,20,5,0,0.2535211267605634,0.2838983050847458,0.5818077803203662,0.2768878718535469,0.14130434782608695,0.2439696760854583,0.2589118198874296,0.24329501915708812,0.25,0.24669603524229075,255,0.31125827814569534,179,False,False,0.6574587080189968,0.02829611916547814,3.742574257425743,4.297029702970297,101,,,,,,,-0.2319693011557237,20,3.49,1.27,111.0,9.0,5.0,100.0,33.0,0.0,0.0,0.0,20.0,SP,20.0,463.0,108.0,23.1,8.11,2.68,8.76,0.49,22.77000450181915,-0.05028816051780827,3,0.375,8.0,7,7,0,0,0.0,4.55,0.06822695663712815,0.2737556561085973,0.2396039603960396,0.100990099009901,0.4846832814122534,0.36333956386292837,0.24896265560165975,4.348,0.3091625376645602
676475,Alec Burleson,L,STL,4,Matt Boyd,L,571510.0,823022,CHC @ STL,4:45 PM,29/07,Scheduled,0.6854457375220883,,,,False,1010101100,estimated,9,3,0.3333333333333333,1,2023,0.28026941309880915,0.3843132454719752,0.5501780262441398,0.3608949341641161,0.19040907207479385,20,1,-0.018568232662192374,1.031,63.9,C,0.28139013452914796,2.921921063997426,0.3867216396230406,0.20501470673845512,10,5,0,0.26666666666666666,0.28523489932885904,0.4562780269058296,0.257847533632287,0.2858744394618834,0.29507133592736706,0.24698133918770582,0.3375,0.28793903247183567,0.27755102040816326,265,0.2848101265822785,179,False,False,0.6795166249485156,0.005929112573572648,3.8380952380952382,4.228571428571429,105,,,,,,,-0.06353459425913355,20,3.81,1.24,59.0,6.0,1.0,55.0,17.0,0.0,0.0,0.0,11.0,SP,11.0,246.0,56.0,22.4,8.39,2.59,8.54,0.92,23.376158925906616,-0.0036257375220882793,5,0.625,39.0,7,7,0,0,0.0,4.35,0.07074635889924641,0.29912663755458513,0.15643564356435644,0.07326732673267326,0.48592788038698326,0.3516543535620053,0.18181818181818182,4.159,0.3139515383267032
650490,Yandy Díaz,R,TB,1,Mackenzie Gore,L,669022.0,822947,TEX @ TB,3:40 PM,29/07,Scheduled,0.6854457375220883,,,,False,1011010100,estimated,0,0,0.0,0,0,0.1900779733854466,0.27534651992614534,0.40986269347662135,0.2321741144054912,0.2077792578108808,20,1,0.03631961259079902,0.96,51.4,C,0.2689969604863222,2.9258515995125247,0.4275040666129672,0.24888524083368518,20,5,0,0.3220338983050847,0.2857142857142857,0.5909782057780031,0.303091738469336,0.10593005575266093,0.26946386946386947,0.28201970443349755,0.2442528735632184,0.27034358047016277,0.252,282,0.375886524822695,161,False,False,0.6986131013572443,-0.013167363835156043,3.871287128712871,4.3861386138613865,101,,,,,,,-0.05076525139504741,20,4.82,1.31,115.2,6.0,8.0,127.0,44.0,0.0,0.0,0.0,22.0,SP,22.0,498.0,107.0,22.6,9.88,3.42,8.33,1.09,22.938920974394957,0.02408759581124509,3,0.3333333333333333,16.0,6,6,0,0,0.0,4.65,0.05658750076663535,0.3185840707964602,0.13733075435203096,0.09284332688588008,0.49015748031496065,0.328751968503937,0.2261904761904762,4.44,0.3411093866663393
672640,Otto Lopez,R,MIA,1,Jesús Luzardo,L,666200.0,823837,PHI @ MIA,9:10 AM,29/07,Pre-Game,0.6852314737870641,,,,False,0110111010,live,18,4,0.2222222222222222,1,2025,0.26535799445673586,0.26859407368445,0.32011222480677043,0.27853466176843644,0.13598539420106345,20,1,0.07813155843377106,1.0,98.3,A,0.3259478089611029,3.9454278983990747,0.32851197663491644,0.31057970788590855,20,5,0,0.3853211009174312,0.30718954248366015,0.43032988675529293,0.37813884785819796,0.1915312653865091,0.35566687539135877,0.30134529147982064,0.3444676409185804,0.3350047007207772,0.32936507936507936,274,0.32515337423312884,177,False,False,0.6973987885965958,-0.012167314809531704,3.9903846153846154,4.336538461538462,104,,,,,,,0.04923674720482205,20,3.31,1.17,122.1,9.0,5.0,152.0,38.0,0.0,0.0,0.0,21.0,SP,21.0,509.0,105.0,24.2,11.18,2.8,7.72,0.81,24.457950708570305,-0.0004481404537306499,6,0.6666666666666666,-7.0,7,6,1,1,0.0,4.65,0.07353538085028889,0.31524008350730687,0.13565891472868216,0.044573643410852716,0.4169519152404238,0.3240908720456398,0.25,4.44,0.3232737916584744
677587,Brayan Rocchio,L,CLE,3,Brady Singer,R,663903.0,824487,CLE @ CIN,4:10 PM,29/07,Scheduled,0.6852314737870641,,,,False,1111010001,estimated,0,0,0.0,0,0,0.23716367803970537,0.2571042228666548,0.3212448874911017,0.2833950991114571,0.16583612539896136,20,1,-0.017857142857142905,1.083,59.2,C,0.29571106094808125,2.832792219227856,0.41126593034052206,0.20785561479951142,20,7,0,0.275,0.2571428571428571,0.577313769751693,0.422686230248307,0.0,0.25,0.2556390977443609,0.23529411764705882,0.2505201831044528,0.2554347826086957,205,0.27071823204419887,202,False,False,0.6769900463027558,0.008241427484308228,3.4761904761904763,3.876190476190476,105,,,,,,,0.08091937352566235,20,4.53,1.38,103.1,5.0,9.0,88.0,32.0,0.0,0.0,0.0,20.0,SP,20.0,454.0,111.0,22.7,7.66,2.79,9.67,1.83,23.3235737573683,0.0026935262129359483,4,0.4444444444444444,6.0,7,8,0,1,0.0,4.45,0.021253364058635867,0.2682926829268293,0.14945054945054945,0.06593406593406594,0.34507797270955165,0.28954288499025344,0.29457364341085274,4.248,0.28216477811530455
680757,Steven Kwan,L,CLE,1,Brady Singer,R,663903.0,824487,CLE @ CIN,4:10 PM,29/07,Scheduled,0.6836914942360345,-178.0,186.0,64.0,False,1101111101,estimated,28,9,0.32142857142857145,1,2022,0.35683810679062666,0.3904800766036507,0.07037338402444454,0.3972454567408643,0.11419263048533175,20,1,0.13132561132561132,1.083,59.2,C,0.29571106094808125,2.832792219227856,0.41126593034052206,0.20785561479951142,20,7,0,0.14666666666666667,0.277992277992278,0.577313769751693,0.422686230248307,0.0,0.2504317789291883,0.23767605633802816,0.2344213649851632,0.24584592145015105,0.2512820512820513,216,0.2446043165467626,182,False,False,0.6490050034779508,0.03468649075808372,3.4081632653061225,4.061224489795919,98,,,,,,,0.320571355866013,20,4.53,1.38,103.1,5.0,9.0,88.0,32.0,0.0,0.0,0.0,20.0,SP,20.0,454.0,111.0,22.7,7.66,2.79,9.67,1.83,23.3235737573683,-0.0009664942360344542,4,0.4444444444444444,6.0,7,8,0,1,0.0,4.65,0.12900520602612217,0.24096385542168675,0.09572301425661914,0.12423625254582485,0.10054347826086957,0.2995942028985507,0.29457364341085274,4.44,0.28216477811530455
686948,Drake Baldwin,L,ATL,1,Sean Manaea,L,640455.0,823596,ATL @ NYM,10:10 AM,29/07,Scheduled,0.6824055064730379,,,,False,1100111111,estimated,0,0,0.0,0,0,0.35325545999311697,0.3656343247006161,0.5964488283311127,0.4409419111351366,0.15148989121949857,20,2,-0.022704918032786847,0.949,51.0,C,0.26398946675444374,3.3273083189377766,0.42536630852229573,0.23430977730728145,20,5,0,0.26229508196721313,0.285,0.6491112574061882,0.3127057274522712,0.03818301514154049,0.2676553672316384,0.24191461836998707,0.3026315789473684,0.265552099533437,0.27411167512690354,224,0.28,147,False,False,0.6857548271844749,-0.0033493207114370094,3.8795180722891565,4.469879518072289,83,,,,,,,0.08286326233772336,20,4.52,1.35,85.2,2.0,5.0,84.0,28.0,0.0,0.0,0.0,8.0,RP,22.0,377.0,88.0,17.1,8.82,2.94,9.25,1.26,19.51356588166452,-0.00996800647303786,8,1.0,-4.0,6,7,1,0,0.0,4.65,0.1448991669089567,0.27876106194690264,0.187984496124031,0.10465116279069768,0.5107981220657277,0.33498591549295775,0.23931623931623933,4.44,0.32722330092197793
660271,Shohei Ohtani,L,LAD,1,Emerson Hancock,R,676106.0,823924,SEA @ LAD,7:10 PM,29/07,Scheduled,0.6824055064730379,-212.0,223.0,68.0,False,0110101011,estimated,0,0,0.0,0,0,0.26975518862045555,0.4205301694993778,0.5485033034436855,0.35545645174925516,0.22635671635396773,20,1,-0.007129294593916813,0.973,44.4,D,0.25,3.1221541447734573,0.4543991664143705,0.2282549407257696,19,7,0,0.2912621359223301,0.28413284132841327,0.7412415488629379,0.2077443146896128,0.051014136447449294,0.30689056166763173,0.2677165354330709,0.28429752066115704,0.29184681902408893,0.3026315789473684,270,0.2602739726027397,178,False,False,0.6800130248330972,0.002392481639940658,3.8556701030927836,4.618556701030927,97,,,,,,,0.16469161141613792,20,3.16,1.01,105.1,6.0,4.0,97.0,26.0,0.0,0.0,0.0,19.0,SP,19.0,414.0,80.0,21.8,8.29,2.22,6.84,1.11,21.372264645854326,-0.005038839806371098,3,0.42857142857142855,-18.0,7,5,0,0,0.0,4.65,0.018726478660907847,0.28104575163398693,0.24094202898550723,0.1068840579710145,0.5618609406952965,0.39574539877300613,0.20276497695852536,4.44,0.3195810530581775
694192,Jackson Chourio,R,MIL,2,Logan Webb,R,657277.0,823192,MIL @ SF,12:45 PM,29/07,Scheduled,0.6819734179998304,-9900.0,9900.0,99.0,False,1101111111,estimated,6,1,0.16666666666666666,1,2024,0.24203562382820018,0.30155009066370625,0.3309454646960983,0.30963196670272913,0.20962428514739456,20,1,-0.038596491228070184,0.994,61.2,C,0.2700684505289359,2.920218133711366,0.37933691094412786,0.1825292352336872,17,5,0,0.30526315789473685,0.26666666666666666,0.551337896701929,0.19041692594897325,0.2582451773490977,0.2597054886211513,0.28445006321112515,0.2965779467680608,0.271484375,0.30113636363636365,192,0.24806201550387597,141,False,False,0.669529728575695,0.012443689424135318,4.178082191780822,4.561643835616438,73,,,,,,,0.1334207966201109,20,3.98,1.12,113.0,5.0,7.0,89.0,29.0,0.0,0.0,0.0,18.0,SP,18.0,463.0,98.0,25.7,7.09,2.31,7.81,0.72,25.76934326180802,-0.015756751333163677,6,0.8571428571428571,-15.0,6,6,1,1,0.0,4.55,0.041967230069478854,0.2822085889570552,0.23277467411545624,0.0633147113594041,0.49592490842490844,0.3344505494505494,0.19745222929936307,4.348,0.29172260558915547
694671,Wyatt Langford,R,TEX,2,Casey Legumina,R,668984.0,822947,TEX @ TB,3:40 PM,29/07,Scheduled,0.6803421735245975,,,,False,1111011101,estimated,0,0,0.0,0,0,0.2864885937958818,0.3304943358974731,0.41524810108678956,0.3787422774174344,0.22398969039829844,20,1,0.039515956307560496,0.96,52.0,C,0.25370919881305637,2.0637873665312463,0.37070279314128946,0.16513869019031174,20,6,0,0.25862068965517243,0.2981366459627329,0.6141975308641975,0.2716049382716049,0.11419753086419752,0.27463503649635035,0.2697495183044316,0.21973094170403587,0.26695604991861094,0.2765957446808511,151,0.3076923076923077,82,False,False,0.6463833596770078,0.0339588138475897,4.055555555555555,4.314814814814815,54,,,,,,,0.1809281840719901,20,3.95,1.32,43.1,2.0,2.0,31.0,13.0,0.0,0.0,0.0,3.0,RP,34.0,185.0,44.0,5.4,6.44,2.7,9.14,0.83,5.195569528283895,-0.05476717352459748,8,1.0,-11.0,7,6,0,0,0.0,4.55,0.038966215411852106,0.268018018018018,0.2318271119842829,0.11394891944990176,0.44683026584867075,0.32950920245398774,0.3563218390804598,4.348,0.28431600155713765
607043,Brandon Nimmo,L,TEX,3,Casey Legumina,R,668984.0,822947,TEX @ TB,3:40 PM,29/07,Scheduled,0.6800130248330972,,,,False,1001110110,estimated,0,0,0.0,0,0,0.27096345013549783,0.3606388804769824,0.47490891443472116,0.3698038807273126,0.28580175180179634,20,1,-0.056889797308806,0.96,52.0,C,0.25370919881305637,2.0637873665312463,0.37070279314128946,0.16513869019031174,20,6,0,0.3157894736842105,0.2588996763754045,0.6141975308641975,0.2716049382716049,0.11419753086419752,0.26896912611198326,0.25344644750795337,0.21649484536082475,0.25837173579109063,0.285140562248996,273,0.2426470588235294,152,False,False,0.6621719048004105,0.017841120032686675,3.85,4.25,100,,,,,,,0.11519776183633404,20,3.95,1.32,43.1,2.0,2.0,31.0,13.0,0.0,0.0,0.0,3.0,RP,34.0,185.0,44.0,5.4,6.44,2.7,9.14,0.83,5.195569528283895,-0.03262552483309711,8,1.0,-11.0,7,6,0,0,0.0,4.45,0.06574440526270643,0.2683982683982684,0.22396856581532418,0.07269155206286837,0.5100574712643678,0.3599741379310345,0.17142857142857143,4.248,0.28431600155713765
606466,Ketel Marte,L,AZ,1,Jared Jones,R,683003.0,823351,AZ @ PIT,9:35 AM,29/07,Scheduled,0.6800130248330972,-170.0,178.0,63.0,False,1110110111,estimated,0,0,0.0,0,0,0.19797773122424972,0.27961047643540704,0.33545595523864297,0.25285111055288084,0.18592113152176387,20,1,0.004157057895375682,1.013,88.6,A,0.29836512261580383,4.249535695441396,0.3565571963250597,0.3007624937171691,10,5,0,0.2523364485981308,0.2564935064935065,0.45231607629427795,0.4114441416893733,0.1362397820163488,0.23941882501579279,0.21160409556313994,0.2375296912114014,0.23200241984271022,0.25,279,0.2645161290322581,174,False,False,0.6800130248330972,0.0,4.068627450980392,4.4411764705882355,102,,,,,,,0.14802256024333088,20,3.72,1.02,46.0,2.0,1.0,53.0,13.0,0.0,0.0,0.0,10.0,SP,10.0,184.0,34.0,18.4,10.37,2.54,6.65,1.17,18.491177945866554,0.015120308500236046,3,0.375,6.0,7,7,1,1,0.0,4.65,0.03582899397866151,0.2551440329218107,0.1471698113207547,0.06037735849056604,0.4460375816993464,0.3336147875816994,0.24752475247524752,4.44,0.3520347592499012
802415,Chandler Simpson,L,TB,5,Mackenzie Gore,L,669022.0,822947,TEX @ TB,3:40 PM,29/07,Scheduled,0.6800130248330972,,,,False,1111101110,estimated,0,0,0.0,0,0,0.3726080835548483,0.2944206952823251,0.11289547061817212,0.4049440607887516,0.05159858929457212,20,1,-0.09005847953216378,0.96,51.4,C,0.2689969604863222,2.9258515995125247,0.4275040666129672,0.24888524083368518,20,5,0,0.2222222222222222,0.312280701754386,0.5909782057780031,0.303091738469336,0.10593005575266093,0.294921875,0.25989672977624784,0.265625,0.2832209440698136,0.30493273542600896,241,0.2727272727272727,156,False,False,0.6795166249485156,0.0004963998845816109,3.8125,4.135416666666667,96,,,,,,,0.18828633044173537,20,4.82,1.31,115.2,6.0,8.0,127.0,44.0,0.0,0.0,0.0,22.0,SP,22.0,498.0,107.0,22.6,9.88,3.42,8.33,1.09,22.938920974394957,0.0033203085002362354,3,0.3333333333333333,16.0,6,6,0,0,0.0,4.25,0.029649339614529535,0.3030973451327434,0.08847736625514403,0.04526748971193416,0.15558272208638957,0.2898638956805216,0.28703703703703703,4.023,0.3411093866663393
805779,Jacob Wilson,R,ATH,1,Patrick Sandoval,L,663776.0,824973,BOS @ ATH,6:40 PM,29/07,Scheduled,0.6800130248330972,-317.0,335.0,76.0,False,1111100001,estimated,0,0,0.0,0,0,0.21309694655644246,0.27423563272353774,0.26589451634604344,0.2404799583765053,0.0841312818308386,20,1,-0.02294932969779595,0.977,52.2,C,0.2577777777777778,,,,3,5,0,0.25925925925925924,0.2822085889570552,0.4088888888888889,0.3511111111111111,0.24,0.27516233766233766,0.2831215970961887,0.25943396226415094,0.2752752752752753,0.281437125748503,175,0.25961538461538464,111,False,False,0.6857548271844749,-0.005741802351377667,4.044776119402985,4.268656716417911,67,,,,,,,-0.024754312648622757,20,3.21,1.64,14.0,0.0,0.0,13.0,4.0,0.0,0.0,0.0,3.0,SP,3.0,64.0,19.0,21.3,8.36,2.57,12.21,0.64,,0.0026119751669028135,4,0.5714285714285714,17.0,7,6,0,0,0.0,4.65,0.01848869818463087,0.26394849785407726,0.09696969696969697,0.04040404040404041,0.2632775119617225,0.2754250398724083,0.23404255319148937,4.44,0.32051585065177823
693307,Dillon Dingler,R,DET,3,Trevor Rogers,L,669432.0,824242,BAL @ DET,10:10 AM,29/07,Scheduled,0.6795166249485156,,,,False,0111100110,estimated,0,0,0.0,0,0,0.3027407092262754,0.34504007885974614,0.30101694740460744,0.37790943351918915,0.23705613904624628,20,1,0.019580947155447337,1.004,53.9,C,0.2784019975031211,2.7017068186074686,0.4201564696391604,0.19605230336777282,18,5,0,0.2809917355371901,0.26141078838174275,0.6502186133666459,0.1292941911305434,0.22048719550281073,0.255688622754491,0.22013422818791947,0.2868632707774799,0.25,0.25742574257425743,223,0.28125,182,False,False,0.6588995089925823,0.020617115955933296,3.693877551020408,4.13265306122449,98,,,,,,,0.028542775867183526,20,4.17,1.27,103.2,6.0,7.0,83.0,32.0,0.0,0.0,0.0,19.0,SP,19.0,435.0,100.0,22.9,7.21,2.78,8.68,0.87,23.167226647331177,-0.0197566249485156,5,0.625,-3.0,7,7,1,1,0.0,4.45,0.04941496818906089,0.27522935779816515,0.2167689161554192,0.06952965235173825,0.46904040404040404,0.36431969696969696,0.28363636363636363,4.248,0.32932976634754835
670623,Isaac Paredes,R,HOU,3,Grayson Rodriguez,R,680570.0,824002,HOU @ LAA,6:38 PM,29/07,Scheduled,0.6795166249485156,9900.0,104.0,1.0,False,1111101000,estimated,8,2,0.25,1,2023,0.24560124823494084,0.32109391846343033,0.2644366711187469,0.2846555159794648,0.10747057149433414,20,1,0.0227732793522267,0.979,14.9,F,0.24765729585006693,1.6636425282189424,0.5463636866293323,0.1504983781333481,9,5,0,0.2403846153846154,0.2631578947368421,0.5364864864864864,0.2418918918918919,0.22162162162162163,0.2559585492227979,0.25022583559168926,0.3273809523809524,0.264033850493653,0.2689075630252101,265,0.23484848484848486,164,False,False,0.6577309194891828,0.021785705459332783,3.6633663366336635,4.247524752475248,101,,,,,,,-0.053161696345666275,20,8.54,1.79,39.0,3.0,3.0,30.0,19.0,0.0,0.0,0.0,9.0,SP,9.0,186.0,51.0,20.7,6.92,4.38,11.77,1.62,20.628626261376958,-0.03601662494851565,2,0.25,-8.0,7,6,0,1,0.0,4.45,0.08506117796454529,0.2523148148148148,0.15831663326653306,0.09418837675350701,0.3073654390934844,0.2866968838526912,0.23529411764705882,4.248,0.31240762059585653
647304,Josh Naylor,L,SEA,5,Eric Lauer,L,641778.0,823924,SEA @ LAD,7:10 PM,29/07,Scheduled,0.6795166249485156,-9900.0,9900.0,99.0,False,0111100111,estimated,0,0,0.0,0,0,0.2983090013012636,0.3618253847477464,0.34135888658759467,0.3538301572371133,0.12102668348248824,20,1,0.011427993527508062,0.973,54.7,C,0.23787878787878788,1.8921080614692303,0.35965391461329266,0.14575317270465785,16,7,0,0.27184466019417475,0.2604166666666667,0.6322971948445792,0.20849128127369218,0.15921152388172857,0.2556022408963585,0.2660332541567696,0.2282051282051282,0.2548872180451128,0.2594142259414226,264,0.26973684210526316,168,False,False,0.669040769755779,0.010475855192736638,3.91,4.32,100,,,,,,,0.06143231671535379,20,4.83,1.26,82.0,5.0,5.0,52.0,28.0,0.0,1.0,1.0,13.0,SP,16.0,346.0,75.0,21.6,5.71,3.07,8.23,2.2,22.204096407928276,-0.03474519637708706,7,0.875,11.0,6,6,0,0,0.0,4.25,0.07219055550463557,0.27370689655172414,0.12156862745098039,0.06862745098039216,0.3756218905472637,0.3111592039800995,0.25806451612903225,4.023,0.30464605687250107
665487,Fernando Tatís,R,SD,1,Gabriel Hughes,R,687312.0,823273,COL @ SD,1:10 PM,29/07,Scheduled,0.6795166249485156,-212.0,223.0,68.0,False,1101110001,estimated,0,0,0.0,0,0,0.3002863270982349,0.3603707793525435,0.5567612196004931,0.3443517205761376,0.17351131192785949,20,1,-0.07013986013986012,0.954,55.2,C,0.26813880126182965,,,,4,7,0,0.3409090909090909,0.27076923076923076,0.6182965299684543,0.29337539432176657,0.08832807570977919,0.2703862660944206,0.25793650793650796,0.2072072072072072,0.2582781456953642,0.25,286,0.3416149068322981,179,False,True,0.6800130248330972,-0.0004963998845816109,3.933333333333333,4.428571428571429,105,,,,,,,-0.08312102106305361,20,2.79,1.14,19.1,0.0,2.0,19.0,6.0,1.0,0.0,1.0,3.0,SP,4.0,77.0,16.0,19.2,8.84,2.79,7.45,0.0,,0.016233375051484256,6,0.75,6.0,7,6,1,1,0.0,4.65,0.0873973153158628,0.27608695652173915,0.20961538461538462,0.08653846153846154,0.5246438746438746,0.3666894586894587,0.16666666666666666,4.44,0.40124887217233945
663538,Nico Hoerner,R,CHC,6,Dustin May,R,669160.0,823022,CHC @ STL,4:45 PM,29/07,Scheduled,0.6786240972883935,,,,False,1111011111,estimated,6,2,0.3333333333333333,1,2023,0.3261047397260405,0.40938993668445833,0.2873202440743304,0.36807408109692774,0.12198196346272265,20,1,-0.02192982456140352,1.031,42.9,D,0.2877526753864447,2.769067114021897,0.4492794896556457,0.2399905734628162,20,5,0,0.2719298245614035,0.25,0.6714285714285714,0.26071428571428573,0.06785714285714285,0.2462819750148721,0.24944812362030905,0.2521246458923513,0.24855883350288233,0.2683982683982684,259,0.24064171122994651,207,False,False,0.6604816865493383,0.018142410739055204,4.019230769230769,4.480769230769231,104,,,,,,,0.30852651442591134,20,4.59,1.32,104.0,5.0,7.0,103.0,33.0,0.0,0.0,0.0,20.0,SP,20.0,441.0,104.0,22.1,8.91,2.86,9.0,0.61,21.930667155764294,0.005300902711606548,4,0.5,27.0,7,6,0,0,0.0,4.12,0.025977115319299127,0.27061310782241016,0.08206106870229007,0.07251908396946564,0.29403100775193797,0.31810852713178295,0.22560975609756098,3.895,0.3613703552007493
805808,Kevin Mcgonigle,L,DET,1,Trevor Rogers,L,669432.0,824242,BAL @ DET,10:10 AM,29/07,Scheduled,0.6782945094574141,,,,False,1111110111,estimated,0,0,0.0,0,0,0.3235561929500448,0.3289161568493979,0.3526733917772802,0.37863701005879835,0.15031781669668015,20,1,-0.07316060189770293,1.004,53.9,C,0.2784019975031211,2.7017068186074686,0.4201564696391604,0.19605230336777282,18,5,0,0.23008849557522124,0.30324909747292417,0.6502186133666459,0.1292941911305434,0.22048719550281073,0.28602620087336245,0.29538763493621195,0.28040540540540543,0.287579802669762,0.2946058091286307,281,0.26174496644295303,180,True,False,0.6824055064730379,-0.004110997015623785,3.7864077669902914,4.475728155339806,103,,,,,,,0.15810223687918745,20,4.17,1.27,103.2,6.0,7.0,83.0,32.0,0.0,0.0,0.0,19.0,SP,19.0,435.0,100.0,22.9,7.21,2.78,8.68,0.87,23.167226647331177,-0.00025450945741412045,5,0.625,-3.0,7,7,1,1,0.0,4.65,0.09282705671425584,0.2822384428223844,0.13814432989690723,0.13814432989690723,0.3691860465116279,0.3038575581395349,0.18627450980392157,4.44,0.32932976634754835
641680,Jonah Heim,L,ATH,3,Patrick Sandoval,L,663776.0,824973,BOS @ ATH,6:40 PM,29/07,Scheduled,0.6769900463027558,,,,False,1111110010,estimated,7,0,0.0,1,2022,0.19695920346674706,0.3468604792286152,0.4235588306037884,0.30218320852628777,0.23230221443664295,20,1,-0.023999999999999994,0.977,52.2,C,0.2577777777777778,,,,3,5,0,0.216,0.24,0.4088888888888889,0.3511111111111111,0.24,0.22327790973871733,0.19935691318327975,0.22580645161290322,0.2185754189944134,0.23275862068965517,125,0.21428571428571427,94,False,False,0.6490050034779508,0.027985042824805073,3.3333333333333335,3.65,60,,,,,,,0.03364151703665118,20,3.21,1.64,14.0,0.0,0.0,13.0,4.0,0.0,0.0,0.0,3.0,SP,3.0,64.0,19.0,21.3,8.36,2.57,12.21,0.64,,-0.0392900463027559,4,0.5714285714285714,17.0,7,6,0,0,0.0,4.45,0.029508183812978525,0.2153846153846154,0.1889400921658986,0.08294930875576037,0.3507034632034632,0.27220779220779223,0.6153846153846154,4.248,0.32051585065177823
671739,Michael Harris,L,ATL,4,Sean Manaea,L,640455.0,823596,ATL @ NYM,10:10 AM,29/07,Scheduled,0.6769900463027558,,,,False,1111011111,estimated,8,1,0.125,1,2023,0.29456717421499123,0.341263306091526,0.4861981434609841,0.3755648612174299,0.17237767595029746,20,2,-0.0010948572123719025,0.949,51.0,C,0.26398946675444374,3.3273083189377766,0.42536630852229573,0.23430977730728145,20,5,0,0.29770992366412213,0.29880478087649404,0.6491112574061882,0.3127057274522712,0.03818301514154049,0.2794007490636704,0.2582216808769793,0.31265508684863524,0.2793663060278207,0.2946859903381642,221,0.3028571428571429,185,False,False,0.6795166249485156,-0.0025265786457597805,3.82,4.06,100,,,,,,,0.2831599201687439,20,4.52,1.35,85.2,2.0,5.0,84.0,28.0,0.0,0.0,0.0,8.0,RP,22.0,377.0,88.0,17.1,8.82,2.94,9.25,1.26,19.51356588166452,-0.01015254630275586,8,1.0,-4.0,6,7,1,0,0.0,4.35,0.0,0.29933481152993346,0.18410041841004185,0.03556485355648536,0.4956841138659321,0.3606831955922865,0.23931623931623933,4.159,0.32722330092197793
664034,Ty France,R,SD,3,Gabriel Hughes,R,687312.0,823273,COL @ SD,1:10 PM,29/07,Scheduled,0.6769900463027558,-9900.0,9900.0,99.0,False,1111011111,estimated,0,0,0.0,0,0,0.36022198018095863,0.40432948086745224,0.5551163057280765,0.46535722824578746,0.2097881101881437,20,1,-0.03002424761089717,0.954,55.2,C,0.26813880126182965,,,,4,7,0,0.3048780487804878,0.27485380116959063,0.6182965299684543,0.29337539432176657,0.08832807570977919,0.2662013958125623,0.2904929577464789,0.37799043062200954,0.28907563025210087,0.3106060606060606,144,0.256198347107438,136,False,True,0.6761673042370787,0.0008227420656771178,3.3289473684210527,3.6842105263157894,76,,,,,,,0.07388488017535667,20,2.79,1.14,19.1,0.0,2.0,19.0,6.0,1.0,0.0,1.0,3.0,SP,4.0,77.0,16.0,19.2,8.84,2.79,7.45,0.0,,0.008976620363910892,6,0.75,6.0,7,6,1,1,0.0,4.45,0.022179248093821446,0.2809917355371901,0.21641791044776118,0.03731343283582089,0.49184782608695654,0.32090760869565216,0.16666666666666666,4.248,0.40124887217233945
691406,Junior Caminero,R,TB,3,Mackenzie Gore,L,669022.0,822947,TEX @ TB,3:40 PM,29/07,Scheduled,0.6769900463027558,-194.0,212.0,66.0,False,1111101101,estimated,0,0,0.0,0,0,0.2884473635615568,0.3717102465839097,0.41287536285004384,0.33727318653355587,0.17612431043850732,20,1,-0.025170713782649956,0.96,51.4,C,0.2689969604863222,2.9258515995125247,0.4275040666129672,0.24888524083368518,20,5,0,0.26548672566371684,0.2906574394463668,0.5909782057780031,0.303091738469336,0.10593005575266093,0.3088145896656535,0.2746294681778553,0.3203125,0.29910714285714285,0.308300395256917,279,0.24161073825503357,183,False,False,0.6800130248330972,-0.0030229785303413914,3.8285714285714287,4.4,105,,,,,,,0.1282924981605952,20,4.82,1.31,115.2,6.0,8.0,127.0,44.0,0.0,0.0,0.0,22.0,SP,22.0,498.0,107.0,22.6,9.88,3.42,8.33,1.09,22.938920974394957,0.013176620363910874,3,0.3333333333333333,16.0,6,6,0,0,0.0,4.45,0.0604092851486948,0.28475336322869954,0.17533718689788053,0.10982658959537572,0.5131455399061032,0.33102535211267603,0.2261904761904762,4.248,0.3411093866663393
543807,George Springer,R,TOR,4,Zack Littell,R,641793.0,822702,TOR @ WSH,10:05 AM,29/07,Scheduled,0.6766637041216602,,,,False,1110101111,estimated,13,2,0.15384615384615385,1,2023,0.2963629888591786,0.3099703441894256,0.4489473102108588,0.34519217311495204,0.12895374378460264,20,1,0.018506387160170307,1.04,34.7,F,0.23617153511497824,2.5739519668582056,0.44158985310733523,0.16884559460204374,20,5,0,0.22093023255813954,0.23943661971830985,0.418170504044804,0.37834474175482263,0.20348475420037337,0.24294156270518713,0.24069478908188585,0.17891373801916932,0.23467070401211204,0.23756906077348067,208,0.2288135593220339,131,False,False,0.6412440739465052,0.03541963017515504,3.883116883116883,4.402597402597403,77,,,,,,,0.1264927919759242,20,5.17,1.34,101.0,7.0,8.0,66.0,31.0,0.0,0.0,0.0,13.0,SP,21.0,434.0,104.0,20.7,5.88,2.76,9.27,2.23,20.60726345652533,-0.009106561264517365,7,0.7777777777777778,4.0,7,7,1,1,0.0,4.35,0.07765744966414698,0.26824034334763946,0.19507575757575757,0.0946969696969697,0.4256198347107438,0.3095289256198347,0.25,4.159,0.3225987976012055
691016,Tyler Soderstrom,L,ATH,2,Patrick Sandoval,L,663776.0,824973,BOS @ ATH,6:40 PM,29/07,Scheduled,0.6761673042370787,,,,False,1111111110,estimated,0,0,0.0,0,0,0.2644026222141408,0.36007786660047375,0.4325168858505407,0.37652089765846714,0.22477789869776166,20,1,0.022507768539514583,0.977,52.2,C,0.2577777777777778,,,,3,5,0,0.2653061224489796,0.24279835390946503,0.4088888888888889,0.3511111111111111,0.24,0.2610216934919524,0.26405228758169935,0.2857142857142857,0.26641651031894936,0.270935960591133,238,0.21739130434782608,156,False,False,0.6680788833607699,0.008088420876308788,3.5894736842105264,4.147368421052631,95,,,,,,,0.2303501953311402,20,3.21,1.64,14.0,0.0,0.0,13.0,4.0,0.0,0.0,0.0,3.0,SP,3.0,64.0,19.0,21.3,8.36,2.57,12.21,0.64,,-0.01996730423707871,4,0.5714285714285714,17.0,7,6,0,0,0.0,4.55,0.08121741121516156,0.26265060240963856,0.18526315789473685,0.1031578947368421,0.4612640163098879,0.3237818552497452,0.6153846153846154,4.348,0.32051585065177823
502671,Paul Goldschmidt,R,NYY,3,Davis Martin,R,663436.0,824567,NYY @ CWS,4:40 PM,29/07,Scheduled,0.6761673042370787,,,,False,0110011110,estimated,5,1,0.2,1,2025,0.15979760256693573,0.2942991142575565,0.3024513728622682,0.23958998726838548,0.29357380424579627,20,1,-0.06538357278395229,0.968,40.9,D,0.27191011235955054,2.3589308548330945,0.4321238948230626,0.19094474611653514,20,5,0,0.2838709677419355,0.2184873949579832,0.5818077803203662,0.2768878718535469,0.14130434782608695,0.2429184549356223,0.24713375796178344,0.21301775147928995,0.24010439321444105,0.2732919254658385,176,0.23008849557522124,125,False,False,0.6401642870215696,0.03600301721550914,3.5128205128205128,3.858974358974359,78,,,,,,,-0.07027895833285627,20,3.49,1.27,111.0,9.0,5.0,100.0,33.0,0.0,0.0,0.0,20.0,SP,20.0,463.0,108.0,23.1,8.11,2.68,8.76,0.49,22.77000450181915,-0.0654673042370787,3,0.375,8.0,7,7,0,0,0.0,4.45,0.09150109393304724,0.2582278481012658,0.22453703703703703,0.0625,0.4211409395973154,0.3176275167785235,0.26666666666666666,4.248,0.3091625376645602
681082,Bryson Stott,L,PHI,2,Ryan Gusto,R,687473.0,823837,PHI @ MIA,9:10 AM,29/07,Pre-Game,0.6749267133543154,,,,False,1111100110,live,0,0,0.0,0,0,0.2874542118468908,0.3594131726859743,0.3833163472469262,0.3851041465450198,0.29708868047222947,20,1,-0.024626452684006622,1.0,63.6,C,0.2756183745583039,4.270134642826094,0.43267399569632986,0.22885324115508235,12,5,0,0.2692307692307692,0.2446043165467626,0.5406360424028268,0.2791519434628975,0.18021201413427562,0.22073984232868404,0.24743777452415813,0.22077922077922077,0.22662266226622663,0.22279792746113988,212,0.2822085889570552,178,False,False,0.6614361318796816,0.013490581474633778,3.5247524752475248,3.8613861386138613,101,,,,,,,0.11969355347737543,20,4.5,1.32,34.0,0.0,2.0,31.0,11.0,0.0,0.0,0.0,7.0,SP,12.0,151.0,34.0,12.6,8.21,2.91,9.0,0.79,12.45469313191473,-0.0074067133543154196,5,0.5555555555555556,7.0,7,6,1,1,0.0,4.55,0.05441791585436877,0.2571428571428571,0.19213973799126638,0.06550218340611354,0.3842871485943775,0.31741114457831326,0.2682926829268293,4.348,0.3163261164252398
690993,Colt Keith,L,DET,2,Trevor Rogers,L,669432.0,824242,BAL @ DET,10:10 AM,29/07,Scheduled,0.6746637675436601,,,,False,0100011111,estimated,0,0,0.0,0,0,0.29969280644632884,0.34485257859126256,0.2880342429854137,0.36107694880648855,0.1926829762098026,20,1,0.0,1.004,53.9,C,0.2784019975031211,2.7017068186074686,0.4201564696391604,0.19605230336777282,18,5,0,,0.25806451612903225,0.6502186133666459,0.1292941911305434,0.22048719550281073,0.2641509433962264,0.22526315789473683,0.2551984877126654,0.25314183123877915,0.3028571428571429,192,0.18867924528301888,112,False,False,0.6649297727401552,0.009733994803504897,2.8969072164948453,3.134020618556701,97,,,,,,,0.002822550675497806,20,4.17,1.27,103.2,6.0,7.0,83.0,32.0,0.0,0.0,0.0,19.0,SP,19.0,435.0,100.0,22.9,7.21,2.78,8.68,0.87,23.167226647331177,-0.010523767543660134,5,0.625,-3.0,7,7,1,1,0.0,4.55,0.08479522115280873,0.25146198830409355,0.19571045576407506,0.06166219839142091,0.4177199504337051,0.32476208178438665,0.18627450980392157,4.348,0.32932976634754835
668804,Bryan Reynolds,L,PIT,3,Eduardo Rodríguez,L,593958.0,823351,AZ @ PIT,9:35 AM,29/07,Scheduled,0.6746637675436601,,,,False,1010000111,estimated,11,4,0.36363636363636365,1,2023,0.20544133423905592,0.33104422727466115,0.4346728080683776,0.3027967292887619,0.3038208603224296,20,1,-0.00527139707996549,1.013,45.7,D,0.2548618219037871,1.8877983566900163,0.3694687764155284,0.1681723852931559,20,5,0,0.26548672566371684,0.27075812274368233,0.6014344262295082,0.13063524590163936,0.26793032786885246,0.24178082191780823,0.2602040816326531,0.271875,0.2538910505836576,0.29310344827586204,272,0.23417721518987342,194,False,False,0.6371095698246685,0.0375541977189916,3.6448598130841123,4.355140186915888,107,,,,,,,-0.0896828028179974,20,2.64,1.24,122.2,9.0,3.0,86.0,44.0,0.0,0.0,0.0,21.0,SP,21.0,505.0,108.0,24.0,6.31,3.23,7.92,0.95,23.989875777443824,-0.00876376754366015,2,0.2222222222222222,24.0,7,7,1,1,0.0,4.45,0.07703030319503532,0.27102803738317754,0.23529411764705882,0.13137254901960785,0.47510822510822515,0.34414285714285714,0.2357142857142857,4.248,0.33063366610959416
592885,Christian Yelich,L,MIL,1,Logan Webb,R,657277.0,823192,MIL @ SF,12:45 PM,29/07,Scheduled,0.6725527071060364,-9900.0,9900.0,99.0,False,1110111101,estimated,14,2,0.14285714285714285,1,2022,0.2024053735125949,0.28594236963748726,0.4497301908316138,0.285787051500166,0.2204167664727765,20,1,-0.017543859649122806,0.994,61.2,C,0.2700684505289359,2.920218133711366,0.37933691094412786,0.1825292352336872,17,5,0,0.25,0.2324561403508772,0.551337896701929,0.19041692594897325,0.2582451773490977,0.22421823020625417,0.19386331938633194,0.2645739910313901,0.22040816326530613,0.22151898734177214,178,0.2542372881355932,137,False,False,0.6410872145102328,0.03146549259580367,3.942857142857143,4.5,70,,,,,,,0.06492007786563124,20,3.98,1.12,113.0,5.0,7.0,89.0,29.0,0.0,0.0,0.0,18.0,SP,18.0,463.0,98.0,25.7,7.09,2.31,7.81,0.72,25.76934326180802,-0.03220270710603634,6,0.8571428571428571,-15.0,6,6,1,1,0.0,4.65,0.09913296641988986,0.23043478260869565,0.26053639846743293,0.09386973180076628,0.42746913580246915,0.31769135802469134,0.23770491803278687,4.44,0.29172260558915547
802139,Jj Wetherholt,L,STL,1,Matt Boyd,L,571510.0,823022,CHC @ STL,4:45 PM,29/07,Scheduled,0.6725527071060364,,,,False,1001100011,estimated,0,0,0.0,0,0,0.1949534206359517,0.29024834679721484,0.4933037008193693,0.21281848659447147,0.18583408407758392,20,1,-0.07335640138408306,1.031,63.9,C,0.28139013452914796,2.921921063997426,0.3867216396230406,0.20501470673845512,10,5,0,0.2,0.27335640138408307,0.4562780269058296,0.257847533632287,0.2858744394618834,0.24449220849005912,0.257360959651036,0.26785714285714285,0.25385312783318226,0.26666666666666666,274,0.23376623376623376,182,True,False,0.6720563072214548,0.0004963998845816109,3.94,4.56,100,,,,,,,0.038572713997577876,20,3.81,1.24,59.0,6.0,1.0,55.0,17.0,0.0,0.0,0.0,11.0,SP,11.0,246.0,56.0,22.4,8.39,2.59,8.54,0.92,23.376158925906616,0.0007672928939636003,5,0.625,39.0,7,7,0,0,0.0,4.65,0.12060819899912036,0.24815724815724816,0.1613588110403397,0.09341825902335456,0.45317220543806647,0.3069274924471299,0.18181818181818182,4.44,0.3139515383267032
691718,Pete Crow-Armstrong,L,CHC,1,Dustin May,R,669160.0,823022,CHC @ STL,4:45 PM,29/07,Scheduled,0.672390090467216,-178.0,186.0,64.0,False,0101011100,estimated,0,0,0.0,0,0,0.27808420655705357,0.3032866145177934,0.39480512860432526,0.37851458379359937,0.3331429769856804,20,1,-0.008644067796610144,1.031,42.9,D,0.2877526753864447,2.769067114021897,0.4492794896556457,0.2399905734628162,20,5,0,0.29,0.28135593220338984,0.6714285714285714,0.26071428571428573,0.06785714285714285,0.26417525773195877,0.27455357142857145,0.3290203327171904,0.27920133111480866,0.27555555555555555,262,0.29411764705882354,203,False,False,0.6537676791072354,0.01862241135998055,3.7264150943396226,4.386792452830188,106,,,,,,,-0.06361236955442094,20,4.59,1.32,104.0,5.0,7.0,103.0,33.0,0.0,0.0,0.0,20.0,SP,20.0,441.0,104.0,22.1,8.91,2.86,9.0,0.61,21.930667155764294,-0.011090090467215985,4,0.5,27.0,7,6,0,0,0.0,4.65,0.13912357305484988,0.27954545454545454,0.2709551656920078,0.10331384015594541,0.47674418604651164,0.3638571428571429,0.28879310344827586,4.44,0.3613703552007493
691023,Jordan Walker,R,STL,3,Matt Boyd,L,571510.0,823022,CHC @ STL,4:45 PM,29/07,Scheduled,0.6721371888979003,,,,False,1110101000,estimated,0,0,0.0,0,0,0.20415523499843782,0.343820935142067,0.45901248080303114,0.2526032838272482,0.189776621420312,20,1,0.017483159828536432,1.031,63.9,C,0.28139013452914796,2.921921063997426,0.3867216396230406,0.20501470673845512,10,5,0,0.2956521739130435,0.27816901408450706,0.4562780269058296,0.257847533632287,0.2858744394618834,0.26172671651937457,0.2608695652173913,0.28059701492537314,0.26484975541579314,0.28205128205128205,259,0.28484848484848485,183,False,False,0.6609523488794702,0.01118484001843012,3.8365384615384617,4.25,104,,,,,,,-0.005134099190192981,20,3.81,1.24,59.0,6.0,1.0,55.0,17.0,0.0,0.0,0.0,11.0,SP,11.0,246.0,56.0,22.4,8.39,2.59,8.54,0.92,23.376158925906616,-0.013277188897900305,5,0.625,39.0,7,7,0,0,0.0,4.45,0.09253077519120775,0.2743362831858407,0.251984126984127,0.08531746031746032,0.5135897435897435,0.3763969230769231,0.2545454545454545,4.248,0.3139515383267032
642708,Amed Rosario,R,NYY,4,Davis Martin,R,663436.0,824567,NYY @ CWS,4:40 PM,29/07,Scheduled,0.6720563072214548,,,,False,0000000111,estimated,0,0,0.0,0,0,0.20794663356130455,0.37767798654414564,0.41194544009081335,0.3953411776060285,0.49577366362605196,20,1,0.04716336295283663,0.968,40.9,D,0.27191011235955054,2.3589308548330945,0.4321238948230626,0.19094474611653514,20,5,0,0.22556390977443608,0.2727272727272727,0.5818077803203662,0.2768878718535469,0.14130434782608695,0.2241112828438949,0.20110192837465565,0.19480519480519481,0.2176,0.2079207920792079,109,0.27692307692307694,71,False,False,0.6497937297359311,0.022262577485523738,2.6774193548387095,2.903225806451613,62,,,,,,,-0.18947240787356182,20,3.49,1.27,111.0,9.0,5.0,100.0,33.0,0.0,0.0,0.0,20.0,SP,20.0,463.0,108.0,23.1,8.11,2.68,8.76,0.49,22.77000450181915,-0.059389640554788126,3,0.375,8.0,7,7,0,0,0.0,4.35,0.0655024264226658,0.2619047619047619,0.2111111111111111,0.05,0.44358974358974357,0.33181794871794873,0.26666666666666666,4.159,0.3091625376645602
665019,Kody Clemens,L,MIN,3,Randy Dobnak,R,677976.0,823677,KC @ MIN,4:40 PM,29/07,Scheduled,0.6711041027042194,,,,False,0100111011,estimated,0,0,0.0,0,0,0.23773854854991794,0.2731645323200114,0.4882843305034111,0.2997939890589474,0.2452866320600257,20,1,-0.05326014838048135,1.022,51.9,C,0.256797583081571,,,,4,6,0,0.288135593220339,0.23487544483985764,0.5015105740181269,0.27794561933534745,0.22054380664652568,0.23975409836065573,0.2519582245430809,0.2222222222222222,0.2411650485436893,0.28717948717948716,216,0.18620689655172415,157,False,False,0.6463833596770078,0.02472074302721161,3.7362637362637363,4.0989010989010985,91,,,,,,,0.02479852884128411,20,1.42,1.37,19.0,0.0,0.0,10.0,9.0,0.0,0.0,0.0,2.0,RP,4.0,80.0,17.0,20.0,4.74,4.26,8.05,0.95,,0.005724468724352061,7,0.7777777777777778,0.0,7,6,0,0,0.0,4.45,0.04199501924190183,0.2398190045248869,0.23651452282157676,0.06016597510373444,0.47195121951219515,0.3205106707317073,0.25,4.248,0.3173100934196813
592626,Joc Pederson,L,TEX,1,Casey Legumina,R,668984.0,822947,TEX @ TB,3:40 PM,29/07,Scheduled,0.6699929742730144,,,,False,0111111111,estimated,0,0,0.0,0,0,0.28954280450381464,0.38671306532694977,0.5007323963544792,0.4454280546314736,0.27840716123100023,20,1,0.2589928057553957,0.96,52.0,C,0.25370919881305637,2.0637873665312463,0.37070279314128946,0.16513869019031174,20,6,0,0.0,0.2589928057553957,0.6141975308641975,0.2716049382716049,0.11419753086419752,0.2595846645367412,0.2374839537869063,0.29764453961456105,0.2600557546794106,0.25668449197860965,218,0.25,109,False,False,0.6452926424175359,0.024700331855478486,2.9789473684210526,3.442105263157895,95,,,,,,,0.29413661634880073,20,3.95,1.32,43.1,2.0,2.0,31.0,13.0,0.0,0.0,0.0,3.0,RP,34.0,185.0,44.0,5.4,6.44,2.7,9.14,0.83,5.195569528283895,-0.04026797427301432,8,1.0,-11.0,7,6,0,0,0.0,4.65,0.04766908249639126,0.24068767908309455,0.23267326732673269,0.10643564356435643,0.4843137254901961,0.333235294117647,0.17142857142857143,4.44,0.28431600155713765
803011,Sam Antonacci,L,CWS,1,Cam Schlittler,R,693645.0,824567,NYY @ CWS,4:40 PM,29/07,Scheduled,0.6696005660108009,,,,False,0010010100,estimated,0,0,0.0,0,0,0.23861451625348015,0.30711390065916744,0.3536530490900218,0.26497211309684987,0.164855261565793,20,1,0.035123966942148754,0.968,68.4,B,0.29356435643564355,6.589861905524429,0.40729913070771817,0.31191599175900314,20,5,0,0.25,0.28512396694214875,0.9092261904761905,0.09077380952380952,0.0,0.2834890965732087,0.24607329842931938,0.27403846153846156,0.27349768875192604,0.2864864864864865,209,0.26548672566371684,139,True,False,0.6819734179998304,-0.012372851989029487,3.5058823529411764,4.094117647058823,85,,,,,,,-0.034142392183218434,20,2.07,0.93,130.1,10.0,6.0,157.0,25.0,0.0,0.0,0.0,22.0,SP,22.0,515.0,96.0,23.4,10.84,1.73,6.63,0.83,24.01557121647761,0.008399433989199179,3,0.375,3.0,6,6,0,0,0.0,4.65,0.07082519414691316,0.2847682119205298,0.1452513966480447,0.08100558659217877,0.3703333333333333,0.3389413333333333,0.2062937062937063,4.44,0.3210757223117986
807799,Masataka Yoshida,L,BOS,5,Jacob Lopez,L,682052.0,824973,BOS @ ATH,6:40 PM,29/07,Scheduled,0.6696005660108009,,,,False,0011100011,estimated,0,0,0.0,0,0,0.30394335766469555,0.35828801838339364,0.36810258946852187,0.3200754312885521,0.04225922455548214,20,1,0.0,0.977,60.4,C,0.2595606183889341,1.565781318017404,0.3144642091072553,0.19210541481573926,16,5,0,,0.2619047619047619,0.5903908794788274,0.31840390879478825,0.09120521172638436,0.22344322344322345,0.2134502923976608,0.2647058823529412,0.2290958531611149,0.24,141,0.29411764705882354,96,False,False,0.6649297727401552,0.004670793270645679,2.9166666666666665,3.2916666666666665,72,,,,,,,0.025524451149772677,20,6.12,1.67,64.2,5.0,4.0,53.0,40.0,0.0,0.0,0.0,13.0,SP,16.0,302.0,68.0,18.9,7.38,5.57,9.46,1.53,18.092189088737108,-0.0032672326774675353,9,0.9,-17.0,7,7,0,0,0.0,4.25,0.09378204779898985,0.2707774798927614,0.10551558752997602,0.0815347721822542,0.41534954407294833,0.29670212765957443,0.22535211267605634,4.023,0.34820445519263393
671056,Iván Herrera,R,STL,2,Matt Boyd,L,571510.0,823022,CHC @ STL,4:45 PM,29/07,Scheduled,0.669529728575695,,,,False,0101001110,estimated,0,0,0.0,0,0,0.17167591795372955,0.25328962939670063,0.26333670625401606,0.20879015745999566,0.2653540013814782,20,1,-0.027788104089219307,1.031,63.9,C,0.28139013452914796,2.921921063997426,0.3867216396230406,0.20501470673845512,10,5,0,0.225,0.2527881040892193,0.4562780269058296,0.257847533632287,0.2858744394618834,0.214168039538715,0.20930232558139536,0.25396825396825395,0.2177858439201452,0.226890756302521,284,0.271523178807947,183,False,False,0.6559684281975403,0.013561300378154728,3.704761904761905,4.447619047619048,105,,,,,,,-0.16313534755437764,20,3.81,1.24,59.0,6.0,1.0,55.0,17.0,0.0,0.0,0.0,11.0,SP,11.0,246.0,56.0,22.4,8.39,2.59,8.54,0.92,23.376158925906616,-0.018689728575695064,5,0.625,39.0,7,7,0,0,0.0,4.55,0.017147291178700258,0.24545454545454545,0.17045454545454544,0.09848484848484848,0.4059047619047619,0.3036104761904762,0.2545454545454545,4.348,0.3139515383267032
661388,William Contreras,R,MIL,4,Logan Webb,R,657277.0,823192,MIL @ SF,12:45 PM,29/07,Scheduled,0.669529728575695,-9900.0,9900.0,99.0,False,1100011101,estimated,10,1,0.1,1,2024,0.1753992805540097,0.2596383138399451,0.41448957172259054,0.2389874464332523,0.22586418055716267,20,1,-0.008597948216902795,0.994,61.2,C,0.2700684505289359,2.920218133711366,0.37933691094412786,0.1825292352336872,17,5,0,0.2782608695652174,0.2696629213483146,0.551337896701929,0.19041692594897325,0.2582451773490977,0.29158512720156554,0.24441964285714285,0.3054662379421222,0.2781215871860211,0.2775330396475771,252,0.2645161290322581,172,False,False,0.6669931056885955,0.002536622887099549,3.8585858585858586,4.282828282828283,99,,,,,,,0.010396927253478447,20,3.98,1.12,113.0,5.0,7.0,89.0,29.0,0.0,0.0,0.0,18.0,SP,18.0,463.0,98.0,25.7,7.09,2.31,7.81,0.72,25.76934326180802,-0.019863061909028312,6,0.8571428571428571,-15.0,6,6,1,1,0.0,4.35,0.04133088508065951,0.2687224669603524,0.1482213438735178,0.07905138339920949,0.4544415127528584,0.31442480211081797,0.19745222929936307,4.159,0.29172260558915547
664040,Brandon Lowe,L,PIT,2,Eduardo Rodríguez,L,593958.0,823351,AZ @ PIT,9:35 AM,29/07,Scheduled,0.669529728575695,,,,False,1010100111,estimated,0,0,0.0,0,0,0.29921981548320276,0.3783266655817896,0.40232085487753394,0.4237269979429305,0.2801894708938129,20,1,-0.07549875056327066,1.013,45.7,D,0.2548618219037871,1.8877983566900163,0.3694687764155284,0.1681723852931559,20,5,0,0.189873417721519,0.26537216828478966,0.6014344262295082,0.13063524590163936,0.26793032786885246,0.24738219895287958,0.22554347826086957,0.2570888468809074,0.24250078939059047,0.24778761061946902,257,0.25308641975308643,182,False,False,0.6341206223471273,0.035409106228567744,3.9591836734693877,4.479591836734694,98,,,,,,,-0.01314076688404739,20,2.64,1.24,122.2,9.0,3.0,86.0,44.0,0.0,0.0,0.0,21.0,SP,21.0,505.0,108.0,24.0,6.31,3.23,7.92,0.95,23.989875777443824,-0.011729728575695098,2,0.2222222222222222,24.0,7,7,1,1,0.0,4.55,0.07400476655458339,0.24307036247334754,0.2838095238095238,0.08571428571428572,0.4526041666666667,0.342803125,0.2357142857142857,4.348,0.33063366610959416
664983,Jake Mccarthy,L,COL,1,,R,,823273,COL @ SD,1:10 PM,29/07,Scheduled,0.6680788833607699,-9900.0,9900.0,99.0,False,1111111101,estimated,0,0,0.0,0,0,0.258414563999327,0.30433382607205356,0.23250797432138148,0.3238629802676739,0.2292911728548285,20,1,-0.02019033597980968,0.954,,,,,,,0,0,0,0.3116883116883117,0.291497975708502,,,,0.2814029363784666,0.26718547341115434,0.25077399380804954,0.27319587628865977,0.30434782608695654,223,0.28205128205128205,130,False,False,0.6857548271844749,-0.017675943823704965,3.640449438202247,3.966292134831461,89,,,,,,,0.24008652901714791,20,,,,,,,,,,,,,,,,,,,,,,0.0027411166392300457,5,0.7142857142857143,7.0,6,5,1,1,0.0,4.65,0.027610037327109923,0.2894736842105263,0.17738359201773837,0.03991130820399113,0.2617357001972387,0.3069378698224852,,4.44,0.3150265183591125
691176,Jasson Domínguez,L,NYY,6,Davis Martin,R,663436.0,824567,NYY @ CWS,4:40 PM,29/07,Scheduled,0.6676469784268976,,,,False,1011111011,estimated,0,0,0.0,0,0,0.28593030140476694,0.31957908151831715,0.3859959071330476,0.342997519935483,0.16277932065033612,20,1,-0.06623931623931625,0.968,40.9,D,0.27191011235955054,2.3589308548330945,0.4321238948230626,0.19094474611653514,20,5,0,0.2777777777777778,0.21153846153846154,0.5818077803203662,0.2768878718535469,0.14130434782608695,0.20684523809523808,0.2047244094488189,0.2478134110787172,0.21749408983451538,0.2079207920792079,109,0.28,79,False,False,0.632858866611956,0.03478811181494157,3.8260869565217392,4.086956521739131,46,,,,,,,0.2826542973120991,20,3.49,1.27,111.0,9.0,5.0,100.0,33.0,0.0,0.0,0.0,20.0,SP,20.0,463.0,108.0,23.1,8.11,2.68,8.76,0.49,22.77000450181915,-0.06551364509356428,3,0.375,8.0,7,7,0,0,0.0,4.12,0.025102733878231052,0.2542372881355932,0.22595078299776286,0.05592841163310962,0.4508547008547008,0.3154935897435897,0.24896265560165975,3.895,0.3091625376645602
682829,Elly De La Cruz,L,CIN,1,Joey Cantillo,L,676282.0,824487,CLE @ CIN,4:10 PM,29/07,Scheduled,0.6674663956272546,-156.0,170.0,61.0,False,1101011101,estimated,0,0,0.0,0,0,0.271751803939584,0.4084258414324099,0.6057981002928123,0.3515631042383519,0.2678588747838517,20,1,0.06775028768699654,1.083,64.3,C,0.3126984126984127,2.2172558927055857,0.372665238033605,0.24720395897304792,20,5,0,0.3291139240506329,0.26136363636363635,0.4051906779661017,0.3294491525423729,0.2653601694915254,0.25,0.24972737186477645,0.25193199381761977,0.2508788750399489,0.273542600896861,244,0.2833333333333333,143,False,False,0.660731103826825,0.006735291800429644,3.988372093023256,4.5,86,,,,,,,0.10299008986190307,20,4.02,1.46,109.2,8.0,6.0,116.0,53.0,0.0,0.0,0.0,22.0,SP,22.0,475.0,107.0,21.6,9.52,4.35,8.78,1.07,22.178344125387344,-0.012452109912968856,7,0.7777777777777778,6.0,7,7,0,1,0.0,4.65,0.12482557295697937,0.2603036876355748,0.2706333973128599,0.10556621880998081,0.521875,0.3718458333333333,0.23300970873786409,4.44,0.34364293624900055
666182,Bo Bichette,R,NYM,3,Aj Smith-Shawver,R,700363.0,823596,ATL @ NYM,10:10 AM,29/07,Scheduled,0.6672617350712496,,,,False,0011110111,estimated,0,0,0.0,0,0,0.29718694479542496,0.2898811445942066,0.24058613240540438,0.36576702305955355,0.18010245986600779,20,2,-0.07394321766561515,0.949,,,,,,,0,0,0,0.32,0.24605678233438485,,,,0.27386541471048514,0.2395326192794547,0.30997304582210244,0.26756756756756755,0.2792452830188679,287,0.23684210526315788,167,False,False,0.6769900463027558,-0.009728311231506193,3.9714285714285715,4.3238095238095235,105,,,,,,,0.2104829346055112,20,,,,,,,,,,,,,,,,,,,,,,-0.009539512849027543,9,1.0,9.0,7,6,1,0,0.0,4.45,0.10323100081835465,0.2754880694143167,0.17519685039370078,0.07480314960629922,0.4258960573476703,0.34139964157706093,,4.248,0.3508574187002097
682928,Cj Abrams,L,WSH,3,Trey Yesavage,R,702056.0,822702,TOR @ WSH,10:05 AM,29/07,Scheduled,0.6669931056885955,-163.0,170.0,62.0,False,0111111101,estimated,0,0,0.0,0,0,0.38439019335903063,0.3912600860354846,0.4834305924023068,0.5265524338792965,0.21675642504105197,20,1,-0.024156821331925316,1.04,66.8,B,0.28982456140350876,1.8448165072696963,0.355337698120357,0.25526492884060714,16,5,0,0.3119266055045872,0.28776978417266186,0.4687719298245614,0.24,0.2912280701754386,0.2737388724035608,0.26300294406280667,0.2517321016166282,0.26609747420846674,0.3101851851851852,249,0.27485380116959063,193,False,False,0.66555230471501,0.0014408009735854543,3.7572815533980584,4.29126213592233,103,,,,,,,0.11126254895971319,20,3.92,1.18,85.0,4.0,5.0,87.0,42.0,0.0,0.0,0.0,16.0,SP,16.0,353.0,58.0,22.1,9.21,4.45,6.14,1.06,22.002097924122232,-0.0025597723552621687,3,0.375,18.0,7,6,1,1,0.0,4.45,0.08645347815893417,0.2866666666666667,0.22593320235756384,0.07662082514734773,0.42154228855721393,0.32929253731343283,0.2,4.248,0.33583479577050784
518692,Freddie Freeman,L,LAD,3,Emerson Hancock,R,676106.0,823924,SEA @ LAD,7:10 PM,29/07,Scheduled,0.6669931056885955,-233.0,257.0,70.0,False,0011111111,estimated,0,0,0.0,0,0,0.3515473000005762,0.405733752987408,0.29349020345928567,0.42487333623559287,0.17060915899696494,20,1,-0.031083142639206696,0.973,44.4,D,0.25,3.1221541447734573,0.4543991664143705,0.2282549407257696,19,7,0,0.32456140350877194,0.29347826086956524,0.7412415488629379,0.2077443146896128,0.051014136447449294,0.30726256983240224,0.28599801390268126,0.3185840707964602,0.30270591733571217,0.3114754098360656,273,0.2876712328767123,173,False,False,0.6746637675436601,-0.007670661855064598,3.7864077669902914,4.330097087378641,103,,,,,,,0.3543080075475421,20,3.16,1.01,105.1,6.0,4.0,97.0,26.0,0.0,0.0,0.0,19.0,SP,19.0,414.0,80.0,21.8,8.29,2.22,6.84,1.11,21.372264645854326,0.0025402276447379357,3,0.42857142857142855,-18.0,7,5,0,0,0.0,4.45,0.05051247290241918,0.29082774049217003,0.1669902912621359,0.11262135922330097,0.44321329639889195,0.34755955678670364,0.20276497695852536,4.248,0.3195810530581775
678011,Anthony Seigler,L,BOS,1,Jacob Lopez,L,682052.0,824973,BOS @ ATH,6:40 PM,29/07,Scheduled,0.6665701708476469,,,,False,0110011000,estimated,0,0,0.0,0,0,0.17528256874521353,0.32776170971113244,0.4422504045381631,0.1944784413299725,0.18084576218217477,20,1,-0.009740259740259716,0.977,60.4,C,0.2595606183889341,1.565781318017404,0.3144642091072553,0.19210541481573926,16,5,0,0.25,0.2597402597402597,0.5903908794788274,0.31840390879478825,0.09120521172638436,0.2748917748917749,0.19680851063829788,0.232,0.24871794871794872,0.2608695652173913,76,0.25,43,False,False,0.6463833596770078,0.02018681117063914,3.3870967741935485,3.838709677419355,31,,,,,,,-0.13267824655628155,20,6.12,1.67,64.2,5.0,4.0,53.0,40.0,0.0,0.0,0.0,13.0,SP,16.0,302.0,68.0,18.9,7.38,5.57,9.46,1.53,18.092189088737108,-0.00910350418098027,9,0.9,-17.0,7,7,0,0,0.0,4.65,0.11666823317009963,0.23493975903614459,0.19473684210526315,0.09473684210526316,0.389922480620155,0.32196124031007756,0.22535211267605634,4.44,0.34820445519263393
686797,Brooks Lee,L,MIN,6,Randy Dobnak,R,677976.0,823677,KC @ MIN,4:40 PM,29/07,Scheduled,0.6663598267196431,,,,False,1111100011,estimated,0,0,0.0,0,0,0.22339343073296924,0.24749086818060181,0.3190985371089839,0.26507788192412723,0.16222865744634157,20,1,0.03048495764125142,1.022,51.9,C,0.256797583081571,,,,4,6,0,0.22807017543859648,0.2585551330798479,0.5015105740181269,0.27794561933534745,0.22054380664652568,0.24605954465849386,0.23894862604540024,0.26480836236933797,0.2476525821596244,0.25943396226415094,224,0.23636363636363636,189,False,False,0.6390002352637844,0.027359591455858756,3.77,4.13,100,,,,,,,-0.10820169276883775,20,1.42,1.37,19.0,0.0,0.0,10.0,9.0,0.0,0.0,0.0,2.0,RP,4.0,80.0,17.0,20.0,4.74,4.26,8.05,0.95,,-0.006574112433928803,7,0.7777777777777778,0.0,7,6,0,0,0.0,4.12,0.09242944645756167,0.251685393258427,0.1652892561983471,0.06611570247933884,0.3287671232876712,0.25923287671232875,0.25,3.895,0.3173100934196813
656811,Ryan O'Hearn,L,PIT,5,Eduardo Rodríguez,L,593958.0,823351,AZ @ PIT,9:35 AM,29/07,Scheduled,0.6660155504123296,,,,False,0010011101,estimated,6,1,0.16666666666666666,1,2025,0.25363107519373285,0.3085008734997954,0.45735808190393396,0.3083007521144127,0.20129631159808714,20,1,-0.0909775946950668,1.013,45.7,D,0.2548618219037871,1.8877983566900163,0.3694687764155284,0.1681723852931559,20,5,0,0.20270270270270271,0.2936802973977695,0.6014344262295082,0.13063524590163936,0.26793032786885246,0.26714801444043323,0.24760765550239233,0.2598187311178248,0.26017214397496086,0.25,212,0.3032258064516129,170,False,False,0.6401642870215696,0.02585126339076005,3.7282608695652173,4.1521739130434785,92,,,,,,,-0.09847490437565536,20,2.64,1.24,122.2,9.0,3.0,86.0,44.0,0.0,0.0,0.0,21.0,SP,21.0,505.0,108.0,24.0,6.31,3.23,7.92,0.95,23.989875777443824,-0.003965550412329599,2,0.2222222222222222,24.0,7,7,1,1,0.0,4.25,0.08708077968641088,0.2672811059907834,0.2286902286902287,0.07484407484407485,0.43364197530864196,0.33400925925925923,0.2357142857142857,4.023,0.33063366610959416
693304,Nick Gonzales,R,PIT,6,Eduardo Rodríguez,L,593958.0,823351,AZ @ PIT,9:35 AM,29/07,Scheduled,0.6655471288953055,,,,False,1111111111,estimated,6,0,0.0,1,2023,0.35398119517382465,0.325167981012753,0.4030081324668516,0.429878274999522,0.16186094711657414,20,1,-0.047252539271970206,1.013,45.7,D,0.2548618219037871,1.8877983566900163,0.3694687764155284,0.1681723852931559,20,5,0,0.2809917355371901,0.3282442748091603,0.6014344262295082,0.13063524590163936,0.26793032786885246,0.2907573812580231,0.28465346534653463,0.2389937106918239,0.2836984775343483,0.2920353982300885,235,0.34394904458598724,183,False,False,0.6511460353062924,0.014401093589013092,3.792079207920792,4.138613861386139,101,,,,,,,0.34009265908715086,20,2.64,1.24,122.2,9.0,3.0,86.0,44.0,0.0,0.0,0.0,21.0,SP,21.0,505.0,108.0,24.0,6.31,3.23,7.92,0.95,23.989875777443824,-0.0037971288953054794,2,0.2222222222222222,24.0,7,7,1,1,0.0,4.12,0.05359565318071375,0.29398663697104677,0.18275154004106775,0.059548254620123205,0.37074074074074076,0.32718564814814816,0.2358490566037736,3.895,0.33063366610959416
643289,Mauricio Dubón,R,ATL,5,Sean Manaea,L,640455.0,823596,ATL @ NYM,10:10 AM,29/07,Scheduled,0.6649297727401552,,,,False,1000111100,estimated,8,3,0.375,1,2022,0.18983164823444953,0.2670139603107074,0.3161952686627932,0.2363524818023069,0.11182431878789315,20,2,0.018227862191796063,0.949,51.0,C,0.26398946675444374,3.3273083189377766,0.42536630852229573,0.23430977730728145,20,5,0,0.27044025157232704,0.252212389380531,0.6491112574061882,0.3127057274522712,0.03818301514154049,0.2657828282828283,0.2685069008782936,0.21739130434782608,0.26135105204872644,0.2557077625570776,235,0.26506024096385544,184,False,False,0.6649297727401552,0.0,3.7745098039215685,4.107843137254902,102,,,,,,,0.014724164897106708,20,4.52,1.35,85.2,2.0,5.0,84.0,28.0,0.0,0.0,0.0,8.0,RP,22.0,377.0,88.0,17.1,8.82,2.94,9.25,1.26,19.51356588166452,-0.02289227274015515,8,1.0,-4.0,6,7,1,0,0.0,4.25,0.03639320911525133,0.25396825396825395,0.13626834381551362,0.06079664570230608,0.31529255319148936,0.29725265957446806,0.2764976958525346,4.023,0.32722330092197793
605137,Josh Bell,L,MIN,2,Randy Dobnak,R,677976.0,823677,KC @ MIN,4:40 PM,29/07,Scheduled,0.6649297727401552,,,,False,1111110001,estimated,0,0,0.0,0,0,0.23330898815711573,0.2576169495346879,0.39689863309798634,0.3405535746088193,0.2791314240759615,20,1,0.009571259997377707,1.022,51.9,C,0.256797583081571,,,,4,6,0,0.2413793103448276,0.2509505703422053,0.5015105740181269,0.27794561933534745,0.22054380664652568,0.2595685455810717,0.24408468244084683,0.24623803009575923,0.25201612903225806,0.2838427947598253,247,0.19333333333333333,167,False,False,0.6422379252206348,0.02269184751952036,3.679611650485437,4.019417475728155,103,,,,,,,-0.005528684443675001,20,1.42,1.37,19.0,0.0,0.0,10.0,9.0,0.0,0.0,0.0,2.0,RP,4.0,80.0,17.0,20.0,4.74,4.26,8.05,0.95,,-0.00031548702586958743,7,0.7777777777777778,0.0,7,6,0,0,0.0,4.55,0.09004371573593818,0.24,0.22055674518201285,0.07708779443254818,0.42261904761904767,0.31780434782608696,0.25,4.348,0.3173100934196813
671277,Luis García,L,WSH,4,Trey Yesavage,R,702056.0,822702,TOR @ WSH,10:05 AM,29/07,Scheduled,0.6634889717665696,,,,False,0011100111,estimated,0,0,0.0,0,0,0.2529504451140512,0.32482716334161565,0.3435229240844192,0.29880372934536176,0.2103994646238991,20,1,0.08980891719745221,1.04,66.8,B,0.28982456140350876,1.8448165072696963,0.355337698120357,0.25526492884060714,16,5,0,0.2,0.2898089171974522,0.4687719298245614,0.24,0.2912280701754386,0.2266553480475382,0.24466750313676286,0.25853658536585367,0.23998459167950692,0.2602040816326531,206,0.3146853146853147,150,False,False,0.6649297727401552,-0.0014408009735855654,3.4242424242424243,3.595959595959596,99,,,,,,,0.016540960352595554,20,3.92,1.18,85.0,4.0,5.0,87.0,42.0,0.0,0.0,0.0,16.0,SP,16.0,353.0,58.0,22.1,9.21,4.45,6.14,1.06,22.002097924122232,0.0006776949000970589,3,0.375,18.0,7,6,1,1,0.0,4.35,0.04391126820973811,0.25735294117647056,0.17330210772833723,0.03981264637002342,0.4585828343313373,0.32849650698602795,0.2,4.159,0.33583479577050784
664761,Alec Bohm,R,PHI,4,Ryan Gusto,R,687473.0,823837,PHI @ MIA,9:10 AM,29/07,Pre-Game,0.6630156818279106,,,,False,1101100111,live,0,0,0.0,0,0,0.2462623921892716,0.38442802930525766,0.5032119318128072,0.3243969231435211,0.18380056242548623,20,1,-0.009885696632684599,1.0,63.6,C,0.2756183745583039,4.270134642826094,0.43267399569632986,0.22885324115508235,12,5,0,0.23076923076923078,0.22088353413654618,0.5406360424028268,0.2791519434628975,0.18021201413427562,0.20200235571260305,0.18823529411764706,0.24680851063829787,0.20214735283228433,0.22018348623853212,237,0.22981366459627328,182,False,False,0.6696005660108009,-0.0065848841828902716,3.715686274509804,4.107843137254902,102,,,,,,,0.059985878978577364,20,4.5,1.32,34.0,0.0,2.0,31.0,11.0,0.0,0.0,0.0,7.0,SP,12.0,151.0,34.0,12.6,8.21,2.91,9.0,0.79,12.45469313191473,0.0034443181720894556,5,0.5555555555555556,7.0,7,6,1,1,0.0,4.35,0.06534090806933718,0.24489795918367346,0.1425661914460285,0.06720977596741344,0.43912848158131174,0.30233243486073674,0.21428571428571427,4.159,0.3163261164252398
701398,Sal Stewart,R,CIN,2,Joey Cantillo,L,676282.0,824487,CLE @ CIN,4:10 PM,29/07,Scheduled,0.6630105060082061,,,,False,0100111101,estimated,0,0,0.0,0,0,0.30366814887123456,0.3319136626617659,0.3013796392487708,0.3647069722145285,0.23208163931714845,20,1,-0.05217659771534425,1.083,64.3,C,0.3126984126984127,2.2172558927055857,0.372665238033605,0.24720395897304792,20,5,0,0.2073170731707317,0.25949367088607594,0.4051906779661017,0.3294491525423729,0.2653601694915254,0.2535885167464115,0.26593233674272226,0.287292817679558,0.26115802171290714,0.264,279,0.22297297297297297,176,False,False,0.6463833596770078,0.016627146331198328,3.7904761904761903,4.333333333333333,105,,,,,,,-0.1048479773871689,20,4.02,1.46,109.2,8.0,6.0,116.0,53.0,0.0,0.0,0.0,22.0,SP,22.0,475.0,107.0,21.6,9.52,4.35,8.78,1.07,22.178344125387344,-0.017281934579634672,7,0.7777777777777778,6.0,7,7,0,1,0.0,4.55,0.05652043517853339,0.25517241379310346,0.2152917505030181,0.1006036217303823,0.43211382113821134,0.31634146341463415,0.26517571884984026,4.348,0.34364293624900055
672386,Alejandro Kirk,R,TOR,5,Zack Littell,R,641793.0,822702,TOR @ WSH,10:05 AM,29/07,Scheduled,0.6628891861772251,,,,False,0100111110,estimated,7,3,0.42857142857142855,1,2023,0.2630293918936685,0.32392354864197553,0.4306703088187611,0.31233285336698463,0.09990785504600078,20,2,-0.08724608724608723,1.04,34.7,F,0.23617153511497824,2.5739519668582056,0.44158985310733523,0.16884559460204374,20,5,0,0.28205128205128205,0.19480519480519481,0.418170504044804,0.37834474175482263,0.20348475420037337,0.22845691382765532,0.23195876288659795,0.23214285714285715,0.22933333333333333,0.24561403508771928,64,0.2033898305084746,67,False,False,0.625841421965414,0.03704776421181111,3.3142857142857145,3.742857142857143,35,,,,,,,0.09258792919219942,20,5.17,1.34,101.0,7.0,8.0,66.0,31.0,0.0,0.0,0.0,13.0,SP,21.0,434.0,104.0,20.7,5.88,2.76,9.27,2.23,20.60726345652533,-0.006960614748653726,7,0.7777777777777778,4.0,7,7,1,1,0.0,4.25,0.09510352092769421,0.23891625615763548,0.14346895074946467,0.10706638115631692,0.42763028515240903,0.2960884955752212,0.25,4.023,0.3225987976012055
668227,Randy Arozarena,R,SEA,4,Eric Lauer,L,641778.0,823924,SEA @ LAD,7:10 PM,29/07,Scheduled,0.6607896290857252,-186.0,203.0,65.0,False,0110111110,estimated,0,0,0.0,0,0,0.2576998611022838,0.33832345540540154,0.39277317984813565,0.30343224672226543,0.19620463836422444,20,1,-0.01893280931146546,0.973,54.7,C,0.23787878787878788,1.8921080614692303,0.35965391461329266,0.14575317270465785,16,7,0,0.26732673267326734,0.2862595419847328,0.6322971948445792,0.20849128127369218,0.15921152388172857,0.2492803684513529,0.23623623623623624,0.25,0.24535433070866142,0.2544642857142857,266,0.3237410071942446,158,False,False,0.6311427428568814,0.029646886228843816,3.6666666666666665,4.282828282828283,99,,,,,,,0.14381849851670822,20,4.83,1.26,82.0,5.0,5.0,52.0,28.0,0.0,1.0,1.0,13.0,SP,16.0,346.0,75.0,21.6,5.71,3.07,8.23,2.2,22.204096407928276,-0.041789629085725255,7,0.875,11.0,6,6,0,0,0.0,4.35,0.07770448107603305,0.273972602739726,0.22807017543859648,0.0935672514619883,0.42840083073727936,0.33129127725856694,0.23790322580645162,4.159,0.30464605687250107
663757,Trent Grisham,L,NYY,1,Davis Martin,R,663436.0,824567,NYY @ CWS,4:40 PM,29/07,Scheduled,0.6593272805246764,,,,False,0101000001,estimated,8,2,0.25,1,2022,0.11122584521937008,0.24034188218521907,0.40572786426948493,0.13483736470750807,0.11704451966535989,20,1,-0.09730848861283642,0.968,40.9,D,0.27191011235955054,2.3589308548330945,0.4321238948230626,0.19094474611653514,20,5,0,0.2857142857142857,0.18840579710144928,0.5818077803203662,0.2768878718535469,0.14130434782608695,0.2325418994413408,0.2175379426644182,0.20857142857142857,0.2249789739276703,0.23391812865497075,198,0.19166666666666668,142,False,False,0.6463833596770078,0.0129439208476686,3.4235294117647057,4.0,85,,,,,,,-0.1718437068115515,20,3.49,1.27,111.0,9.0,5.0,100.0,33.0,0.0,0.0,0.0,20.0,SP,20.0,463.0,108.0,23.1,8.11,2.68,8.76,0.49,22.77000450181915,-0.046427280524676484,3,0.375,8.0,7,7,0,0,0.0,4.65,0.0977794302133253,0.2009685230024213,0.20824742268041238,0.13814432989690723,0.46474358974358976,0.29827884615384614,0.24896265560165975,4.44,0.3091625376645602
677800,Wilyer Abreu,L,BOS,3,Jacob Lopez,L,682052.0,824973,BOS @ ATH,6:40 PM,29/07,Scheduled,0.658726296137285,,,,False,1010000101,estimated,0,0,0.0,0,0,0.16563266783017497,0.3019799811654362,0.4543649198270544,0.21790340538737668,0.21258370137357022,20,1,0.08427343540155788,0.977,60.4,C,0.2595606183889341,1.565781318017404,0.3144642091072553,0.19210541481573926,16,5,0,0.3137254901960784,0.22945205479452055,0.5903908794788274,0.31840390879478825,0.09120521172638436,0.22807906741003547,0.23622047244094488,0.2116788321167883,0.22772879294618426,0.25,276,0.2532467532467532,172,False,False,0.6371095698246685,0.021616726312616463,3.825242718446602,4.349514563106796,103,,,,,,,-0.2161735333719696,20,6.12,1.67,64.2,5.0,4.0,53.0,40.0,0.0,0.0,0.0,13.0,SP,16.0,302.0,68.0,18.9,7.38,5.57,9.46,1.53,18.092189088737108,-0.01801518502617394,9,0.9,-17.0,7,7,0,0,0.0,4.45,0.07687191107070554,0.2449438202247191,0.21912350597609562,0.08764940239043825,0.40975124378109457,0.3184671641791045,0.22535211267605634,4.248,0.34820445519263393
682985,Riley Greene,L,DET,4,Trevor Rogers,L,669432.0,824242,BAL @ DET,10:10 AM,29/07,Scheduled,0.6582530061986258,,,,False,1101101010,estimated,0,0,0.0,0,0,0.24281382800251597,0.4110300318455173,0.5649712821055379,0.3217749727650315,0.22215614539668818,20,1,0.009719626168224249,1.004,53.9,C,0.2784019975031211,2.7017068186074686,0.4201564696391604,0.19605230336777282,18,5,0,0.2897196261682243,0.28,0.6502186133666459,0.1292941911305434,0.22048719550281073,0.28227300802964794,0.311046511627907,0.2496607869742198,0.280880420499343,0.30414746543778803,248,0.2545454545454545,196,False,False,0.6450310541066463,0.013221952091979516,3.6037735849056602,4.188679245283019,106,,,,,,,-0.01820724389986841,20,4.17,1.27,103.2,6.0,7.0,83.0,32.0,0.0,0.0,0.0,19.0,SP,19.0,435.0,100.0,22.9,7.21,2.78,8.68,0.87,23.167226647331177,-0.012413006198625731,5,0.625,-3.0,7,7,1,1,0.0,4.35,0.11190611783197746,0.2798165137614679,0.26452905811623245,0.10420841683366733,0.4923245614035087,0.3593092105263158,0.18627450980392157,4.159,0.32932976634754835
645277,Ozzie Albies,L,ATL,2,Sean Manaea,L,640455.0,823596,ATL @ NYM,10:10 AM,29/07,Scheduled,0.6582530061986258,,,,False,0010111101,estimated,9,2,0.2222222222222222,1,2022,0.2352659898270117,0.2699624027175618,0.256399322232724,0.3231282039502181,0.25664335273603556,20,2,0.09845596645062907,0.949,51.0,C,0.26398946675444374,3.3273083189377766,0.42536630852229573,0.23430977730728145,20,5,0,0.31976744186046513,0.22131147540983606,0.6491112574061882,0.3127057274522712,0.03818301514154049,0.2529699510831586,0.2491186839012926,0.23529411764705882,0.24849296718017413,0.2682926829268293,273,0.2529411764705882,189,False,False,0.6761673042370787,-0.017914298038452903,3.9245283018867925,4.3584905660377355,106,,,,,,,-0.0978675823566899,20,4.52,1.35,85.2,2.0,5.0,84.0,28.0,0.0,0.0,0.0,8.0,RP,22.0,377.0,88.0,17.1,8.82,2.94,9.25,1.26,19.51356588166452,-0.008390506198625802,8,1.0,-4.0,6,7,1,0,0.0,4.55,0.041737968456118206,0.25757575757575757,0.13953488372093023,0.06782945736434108,0.2823076923076923,0.27143504273504276,0.23931623931623933,4.348,0.32722330092197793
702332,Caleb Durbin,R,BOS,6,Jacob Lopez,L,682052.0,824973,BOS @ ATH,6:40 PM,29/07,Scheduled,0.6577309194891828,,,,False,0110100111,estimated,0,0,0.0,0,0,0.26046614076688734,0.27010583715800596,0.12343830183334661,0.3078251735966495,0.16488272390316122,20,1,-0.028083028083028094,0.977,60.4,C,0.2595606183889341,1.565781318017404,0.3144642091072553,0.19210541481573926,16,5,0,0.21978021978021978,0.24786324786324787,0.5903908794788274,0.31840390879478825,0.09120521172638436,0.2353846153846154,0.2332761578044597,0.24369747899159663,0.23753527751646283,0.26842105263157895,214,0.2,148,False,False,0.6342375596344997,0.02349335985468315,3.3854166666666665,3.7708333333333335,96,,,,,,,0.08048072226196995,20,6.12,1.67,64.2,5.0,4.0,53.0,40.0,0.0,0.0,0.0,13.0,SP,16.0,302.0,68.0,18.9,7.38,5.57,9.46,1.53,18.092189088737108,-0.021675363933627234,9,0.9,-17.0,7,7,0,0,0.0,4.12,0.06314387701414609,0.23703703703703705,0.14855875831485588,0.06208425720620843,0.2964990138067061,0.2732721893491124,0.2857142857142857,3.895,0.34820445519263393
686948,Drake Baldwin,L,ATL,1,Christian Scott,R,681035.0,823598,ATL @ NYM,4:10 PM,29/07,Scheduled,0.6576355788778131,,,,False,1100111111,estimated,0,0,0.0,0,0,0.35325545999311697,0.3656343247006161,0.5964488283311127,0.4409419111351366,0.15148989121949857,20,2,0.022704918032786847,0.949,65.8,B,0.2808219178082192,2.5827629885782306,0.35023506273097754,0.2934026359330027,14,7,0,0.26229508196721313,0.285,0.6863753213367609,0.27849185946872324,0.03513281919451585,0.2676553672316384,0.24191461836998707,0.3026315789473684,0.265552099533437,0.27411167512690354,224,0.28,147,False,False,0.6857548271844749,-0.028119248306661793,3.8795180722891565,4.469879518072289,83,,,,,,,0.08286326233772336,20,3.13,1.26,63.1,3.0,2.0,78.0,29.0,0.0,0.0,0.0,14.0,SP,14.0,271.0,51.0,19.4,11.08,4.12,7.25,0.99,19.463990884192718,0.014801921122186923,8,1.0,-4.0,6,7,1,0,0.0,4.65,0.1448991669089567,0.27876106194690264,0.187984496124031,0.10465116279069768,0.5107981220657277,0.33498591549295775,0.2,4.44,0.32722330092197793
701678,Hao-Yu Lee,R,DET,6,Trevor Rogers,L,669432.0,824242,BAL @ DET,10:10 AM,29/07,Scheduled,0.656304301994335,,,,False,1111111111,estimated,0,0,0.0,0,0,0.35347300310400376,0.33053481414880753,0.5913716767938527,0.4608152668310229,0.18487984102078212,20,2,-0.029836264402668233,1.004,53.9,C,0.2784019975031211,2.7017068186074686,0.4201564696391604,0.19605230336777282,18,5,0,0.25882352941176473,0.28865979381443296,0.6502186133666459,0.1292941911305434,0.22048719550281073,0.2367601246105919,0.25308641975308643,0.26956521739130435,0.24514338575393155,0.29347826086956524,96,0.25555555555555554,97,True,False,0.620545276798639,0.03575902519569596,2.888888888888889,3.0634920634920637,63,,,,,,,0.14682813193581962,20,4.17,1.27,103.2,6.0,7.0,83.0,32.0,0.0,0.0,0.0,19.0,SP,19.0,435.0,100.0,22.9,7.21,2.78,8.68,0.87,23.167226647331177,-0.04108430199433488,5,0.625,-3.0,7,7,1,1,0.0,4.12,0.07436080005119022,0.26842105263157895,0.24752475247524752,0.04950495049504951,0.3880952380952381,0.3069928571428571,0.28363636363636363,3.895,0.32932976634754835
545121,Ildemaro Vargas,L,AZ,8,Jared Jones,R,683003.0,823351,AZ @ PIT,9:35 AM,29/07,Scheduled,0.656304301994335,,,,False,1111111111,estimated,0,0,0.0,0,0,0.36384395984763335,0.3883520320397975,0.48392080226062684,0.3847640975996279,0.0499510533564769,20,1,-0.07197422917625401,1.013,88.6,A,0.29836512261580383,4.249535695441396,0.3565571963250597,0.3007624937171691,10,5,0,0.32075471698113206,0.24878048780487805,0.45231607629427795,0.4114441416893733,0.1362397820163488,0.28209934395501407,0.27899159663865547,0.26098191214470284,0.27688564476885646,0.2727272727272727,175,0.273972602739726,160,False,False,0.6537676791072354,0.002536622887099549,3.534090909090909,3.8068181818181817,88,,,,,,,0.08957855599549856,20,3.72,1.02,46.0,2.0,1.0,53.0,13.0,0.0,0.0,0.0,10.0,SP,10.0,184.0,34.0,18.4,10.37,2.54,6.65,1.17,18.491177945866554,-0.00020430199433496554,3,0.375,6.0,7,7,1,1,0.0,3.88,0.08066996017586728,0.2751842751842752,0.08924485125858124,0.04576659038901602,0.36322463768115937,0.29994021739130433,0.24752475247524752,3.599,0.3520347592499012
677649,Ezequiel Duran,R,TEX,4,Casey Legumina,R,668984.0,822947,TEX @ TB,3:40 PM,29/07,Scheduled,0.6541075717422529,,,,False,1011111111,estimated,0,0,0.0,0,0,0.30676529273524183,0.3489881804291757,0.27423201849622786,0.40953887321949106,0.2229987031195223,20,1,-0.08401742719559735,0.96,52.0,C,0.25370919881305637,2.0637873665312463,0.37070279314128946,0.16513869019031174,20,6,0,0.33707865168539325,0.2530612244897959,0.6141975308641975,0.2716049382716049,0.11419753086419752,0.2508638562543193,0.25331724969843183,0.2277992277992278,0.24862529457973293,0.25870646766169153,223,0.3007518796992481,146,False,False,0.6300921251781265,0.024015446564126353,3.5157894736842104,3.8842105263157896,95,,,,,,,0.1488834239283422,20,3.95,1.32,43.1,2.0,2.0,31.0,13.0,0.0,0.0,0.0,3.0,RP,34.0,185.0,44.0,5.4,6.44,2.7,9.14,0.83,5.195569528283895,-0.051182571742252825,8,1.0,-11.0,7,6,0,0,0.0,4.35,0.04849787732300845,0.26535626535626533,0.23529411764705882,0.06334841628959276,0.3485148514851485,0.3268910891089109,0.3563218390804598,4.159,0.28431600155713765
575929,Willson Contreras,R,BOS,4,Jacob Lopez,L,682052.0,824973,BOS @ ATH,6:40 PM,29/07,Scheduled,0.6540682050108101,-9900.0,9900.0,99.0,False,0111110000,estimated,0,0,0.0,0,0,0.23031141438105832,0.33356861802813154,0.42766006154392167,0.3658595281567756,0.2550450333777564,20,1,-0.007713884992987419,0.977,60.4,C,0.2595606183889341,1.565781318017404,0.3144642091072553,0.19210541481573926,16,5,0,0.2826086956521739,0.2903225806451613,0.5903908794788274,0.31840390879478825,0.09120521172638436,0.27539936102236423,0.30486202365308807,0.26576576576576577,0.2826867816091954,0.3033175355450237,254,0.26356589147286824,150,False,False,0.6287134321555828,0.025354772855227248,3.5051546391752577,4.164948453608248,97,,,,,,,0.03854809311576018,20,6.12,1.67,64.2,5.0,4.0,53.0,40.0,0.0,0.0,0.0,13.0,SP,16.0,302.0,68.0,18.9,7.38,5.57,9.46,1.53,18.092189088737108,-0.021523760566365513,9,0.9,-17.0,7,7,0,0,0.0,4.35,0.16256647222010148,0.2772511848341232,0.24949698189134809,0.09054325955734406,0.46761744966442953,0.3511593959731544,0.2857142857142857,4.159,0.34820445519263393
666018,Jonathan Aranda,L,TB,2,Mackenzie Gore,L,669022.0,822947,TEX @ TB,3:40 PM,29/07,Scheduled,0.6537676791072354,-156.0,178.0,61.0,False,0011100111,estimated,0,0,0.0,0,0,0.24512879931250606,0.3542296284874472,0.4944154433642002,0.3669350697924899,0.31133995572803363,20,1,-0.028329041054385717,0.96,51.4,C,0.2689969604863222,2.9258515995125247,0.4275040666129672,0.24888524083368518,20,5,0,0.2608695652173913,0.289198606271777,0.5909782057780031,0.303091738469336,0.10593005575266093,0.26472043542800594,0.2625,0.2798165137614679,0.2654398003742982,0.2851063829787234,272,0.2777777777777778,175,False,False,0.6574587080189968,-0.003691028911761318,3.679611650485437,4.339805825242719,103,,,,,,,0.20382460073698858,20,4.82,1.31,115.2,6.0,8.0,127.0,44.0,0.0,0.0,0.0,22.0,SP,22.0,498.0,107.0,22.6,9.88,3.42,8.33,1.09,22.938920974394957,0.013832320892764649,3,0.3333333333333333,16.0,6,6,0,0,0.0,4.55,0.05248115426095116,0.2831050228310502,0.24124513618677043,0.10894941634241245,0.44771762208067944,0.34977707006369424,0.28703703703703703,4.348,0.3411093866663393
683737,Michael Busch,L,CHC,3,Dustin May,R,669160.0,823022,CHC @ STL,4:45 PM,29/07,Scheduled,0.6537676791072354,,,,False,1111101101,estimated,0,0,0.0,0,0,0.27400661509483837,0.33240758624220273,0.40407415358208176,0.38499665504671815,0.23829814723363726,20,1,-0.05551020408163268,1.031,42.9,D,0.2877526753864447,2.769067114021897,0.4492794896556457,0.2399905734628162,20,5,0,0.28,0.22448979591836735,0.6714285714285714,0.26071428571428573,0.06785714285714285,0.22263681592039802,0.24485798237022527,0.2096069868995633,0.2295556986477785,0.25339366515837103,267,0.21965317919075145,207,False,False,0.6188686664368176,0.03489901267041784,3.7523809523809524,4.514285714285714,105,,,,,,,0.19033677876012237,20,4.59,1.32,104.0,5.0,7.0,103.0,33.0,0.0,0.0,0.0,20.0,SP,20.0,441.0,104.0,22.1,8.91,2.86,9.0,0.61,21.930667155764294,-0.01616767910723549,4,0.5,27.0,7,6,0,0,0.0,4.45,0.05393283681613012,0.2437357630979499,0.22476190476190477,0.1295238095238095,0.41557632398753896,0.30562616822429906,0.28879310344827586,4.248,0.3613703552007493
672695,Geraldo Perdomo,L,AZ,2,Jared Jones,R,683003.0,823351,AZ @ PIT,9:35 AM,29/07,Scheduled,0.6535393289894533,,,,False,1110000111,estimated,0,0,0.0,0,0,0.16989027966303205,0.21430520001607306,0.19770057825209683,0.1824346002308196,0.11299536147187512,20,1,-0.036800630417651664,1.013,88.6,A,0.29836512261580383,4.249535695441396,0.3565571963250597,0.3007624937171691,10,5,0,0.2553191489361702,0.21851851851851853,0.45231607629427795,0.4114441416893733,0.1362397820163488,0.22340994120791022,0.24613402061855671,0.22791519434628976,0.2295744019881951,0.2681818181818182,268,0.16666666666666666,178,False,False,0.6478292653046354,0.0057100636848179676,3.533980582524272,4.330097087378641,103,,,,,,,-0.04302543309769176,20,3.72,1.02,46.0,2.0,1.0,53.0,13.0,0.0,0.0,0.0,10.0,SP,10.0,184.0,34.0,18.4,10.37,2.54,6.65,1.17,18.491177945866554,0.009527337677213366,3,0.375,6.0,7,7,1,1,0.0,4.55,0.1872537341327713,0.2458233890214797,0.12085769980506822,0.15009746588693956,0.31395891690009337,0.28745751633986927,0.24752475247524752,4.348,0.3520347592499012
689414,Liam Hicks,L,MIA,3,Jesús Luzardo,L,666200.0,823837,PHI @ MIA,9:10 AM,29/07,Pre-Game,0.6530766557222587,,,,False,1010100011,live,0,0,0.0,0,0,0.2441054514492257,0.29242333357175154,0.29510648329798006,0.27717334038206165,0.12406128655213708,20,1,-0.08896990381632017,1.0,98.3,A,0.3259478089611029,3.9454278983990747,0.32851197663491644,0.31057970788590855,20,5,0,0.20454545454545456,0.2935153583617747,0.43032988675529293,0.37813884785819796,0.1915312653865091,0.2917910447761194,0.2901907356948229,0.28,0.289957014458773,0.3020833333333333,222,0.25517241379310346,167,False,False,0.6696322225274715,-0.01655556680521275,3.5104166666666665,4.052083333333333,96,,,,,,,0.08011061673903229,20,3.31,1.17,122.1,9.0,5.0,152.0,38.0,0.0,0.0,0.0,21.0,SP,21.0,509.0,105.0,24.2,11.18,2.8,7.72,0.81,24.457950708570305,0.027406677611074737,6,0.6666666666666666,-7.0,7,6,1,1,0.0,4.45,0.07797710129513638,0.2593516209476309,0.09247311827956989,0.09462365591397849,0.3032588454376164,0.26354189944134077,0.16806722689075632,4.248,0.3232737916584744
514888,José Altuve,R,HOU,4,Grayson Rodriguez,R,680570.0,824002,HOU @ LAA,6:38 PM,29/07,Scheduled,0.6526960323897121,-9900.0,9900.0,99.0,False,0111010001,estimated,8,2,0.25,1,2023,0.2255508045149581,0.23346906137250853,0.3525598081028517,0.2920600615944018,0.2209966200721489,20,1,-0.05222222222222225,0.979,14.9,F,0.24765729585006693,1.6636425282189424,0.5463636866293323,0.1504983781333481,9,5,0,0.27,0.21777777777777776,0.5364864864864864,0.2418918918918919,0.22162162162162163,0.222052067381317,0.22035928143712574,0.18213058419243985,0.2164271047227926,0.23414634146341465,220,0.23333333333333334,137,False,False,0.621695987509041,0.031000044880671096,3.9156626506024095,4.301204819277109,83,,,,,,,0.016243286111476928,20,8.54,1.79,39.0,3.0,3.0,30.0,19.0,0.0,0.0,0.0,9.0,SP,9.0,186.0,51.0,20.7,6.92,4.38,11.77,1.62,20.628626261376958,-0.052546032389712116,2,0.25,-8.0,7,6,0,1,0.0,4.35,0.022408992372349282,0.22417582417582418,0.21157684630738524,0.07385229540918163,0.3504297994269341,0.287560888252149,0.23529411764705882,4.159,0.31240762059585653
668930,Brice Turang,L,MIL,3,Logan Webb,R,657277.0,823192,MIL @ SF,12:45 PM,29/07,Scheduled,0.6515416263650502,-9900.0,9900.0,99.0,False,0010111101,estimated,12,5,0.4166666666666667,1,2023,0.2973345048887693,0.33253717480735856,0.3347285734540517,0.3541653300140254,0.19885567606977528,20,1,0.08887894955432732,0.994,61.2,C,0.2700684505289359,2.920218133711366,0.37933691094412786,0.1825292352336872,17,5,0,0.20353982300884957,0.2924187725631769,0.551337896701929,0.19041692594897325,0.2582451773490977,0.24869234427009035,0.25940212150433944,0.29015544041450775,0.2566158781074579,0.2490118577075099,283,0.29927007299270075,174,False,False,0.6262904813078496,0.025251145057200608,3.9,4.57,100,,,,,,,0.11054389313937069,20,3.98,1.12,113.0,5.0,7.0,89.0,29.0,0.0,0.0,0.0,18.0,SP,18.0,463.0,98.0,25.7,7.09,2.31,7.81,0.72,25.76934326180802,-0.02504162636505014,6,0.8571428571428571,-15.0,6,6,1,1,0.0,4.45,0.1040498554945121,0.25217391304347825,0.2542056074766355,0.11775700934579439,0.45267489711934156,0.34752469135802466,0.23770491803278687,4.248,0.29172260558915547
596019,Francisco Lindor,L,NYM,2,Aj Smith-Shawver,R,700363.0,823596,ATL @ NYM,10:10 AM,29/07,Scheduled,0.6504509091055783,-163.0,170.0,62.0,False,0011110011,estimated,0,0,0.0,0,0,0.28010589390752855,0.33121231381567545,0.49544603757257094,0.3233596369376772,0.19024651033278203,20,2,-0.013398960896910034,0.949,,,,,,,0,0,0,0.24528301886792453,0.2318840579710145,,,,0.23492723492723494,0.23433874709976799,0.20884520884520885,0.22850804215196893,0.22580645161290322,132,0.2537313432835821,80,False,False,0.6599852866647568,-0.009534377559178409,3.9791666666666665,4.416666666666667,48,,,,,,,0.10529182949138856,20,,,,,,,,,,,,,,,,,,,,,,-0.0037953535500228064,9,1.0,9.0,7,6,1,0,0.0,4.55,0.10996656589048562,0.2520833333333333,0.1801470588235294,0.10110294117647059,0.4694589877835951,0.3180157068062827,,4.348,0.3508574187002097
699013,Esmerlyn Valdez,R,PIT,4,Eduardo Rodríguez,L,593958.0,823351,AZ @ PIT,9:35 AM,29/07,Scheduled,0.6503558439503953,,,,False,1110001101,estimated,0,0,0.0,0,0,0.23649207972255906,0.42516760754026445,0.6087741312952524,0.4918028399760227,0.3668744110263331,20,1,0.04242424242424242,1.013,45.7,D,0.2548618219037871,1.8877983566900163,0.3694687764155284,0.1681723852931559,20,5,0,0.3090909090909091,0.26666666666666666,0.6014344262295082,0.13063524590163936,0.26793032786885246,0.2808219178082192,0.26755852842809363,0.22818791946308725,0.2693798449612403,0.2702702702702703,86,0.30357142857142855,65,True,False,0.6146646255323335,0.035691218418061776,3.3333333333333335,3.871794871794872,39,,,,,,,-0.015478449856839384,20,2.64,1.24,122.2,9.0,3.0,86.0,44.0,0.0,0.0,0.0,21.0,SP,21.0,505.0,108.0,24.0,6.31,3.23,7.92,0.95,23.989875777443824,-0.011005843950395278,2,0.2222222222222222,24.0,7,7,1,1,0.0,4.35,0.15818158745809063,0.29365079365079366,0.36486486486486486,0.13513513513513514,0.5347222222222222,0.39540277777777777,0.2358490566037736,4.159,0.33063366610959416
607208,Trea Turner,R,PHI,1,Ryan Gusto,R,687473.0,823837,PHI @ MIA,9:10 AM,29/07,Pre-Game,0.6501594095026125,-223.0,233.0,69.0,False,1111001110,live,0,0,0.0,0,0,0.23333233032871997,0.3505136877960561,0.5237751783313087,0.3415082595435931,0.258455608044602,20,1,-0.013271476711443464,1.0,63.6,C,0.2756183745583039,4.270134642826094,0.43267399569632986,0.22885324115508235,12,5,0,0.2469879518072289,0.23371647509578544,0.5406360424028268,0.2791519434628975,0.18021201413427562,0.217896865520728,0.21729150726855395,0.23130841121495327,0.2186996238581408,0.23048327137546468,288,0.25316455696202533,172,False,False,0.6501594095026125,0.0,4.105769230769231,4.423076923076923,104,,,,,,,-0.00696229569986251,20,4.5,1.32,34.0,0.0,2.0,31.0,11.0,0.0,0.0,0.0,7.0,SP,12.0,151.0,34.0,12.6,8.21,2.91,9.0,0.79,12.45469313191473,0.012580590497387467,5,0.5555555555555556,7.0,7,6,1,1,0.0,4.65,0.0610904969541394,0.24539877300613497,0.22433460076045628,0.060836501901140684,0.4155435759209344,0.3129865229110512,0.21428571428571427,4.44,0.3163261164252398
662139,Daulton Varsho,L,TOR,7,Zack Littell,R,641793.0,822702,TOR @ WSH,10:05 AM,29/07,Scheduled,0.6499951037710111,,,,False,1111011101,estimated,9,3,0.3333333333333333,1,2022,0.22553574092673087,0.24959263022459996,0.2587554647008138,0.24451084880945242,0.13900420211366746,20,1,0.04755704365079366,1.04,34.7,F,0.23617153511497824,2.5739519668582056,0.44158985310733523,0.16884559460204374,20,5,0,0.20634920634920634,0.25390625,0.418170504044804,0.37834474175482263,0.20348475420037337,0.26143790849673204,0.23878627968337732,0.21428571428571427,0.24958402662229617,0.24598930481283424,206,0.24242424242424243,144,False,False,0.5993906431303627,0.050604460640648385,3.5842696629213484,3.932584269662921,89,,,,,,,-0.016663422826123837,20,5.17,1.34,101.0,7.0,8.0,66.0,31.0,0.0,0.0,0.0,13.0,SP,21.0,434.0,104.0,20.7,5.88,2.76,9.27,2.23,20.60726345652533,-0.023409389485296805,7,0.7777777777777778,4.0,7,7,1,1,0.0,4.0,0.03595089824580304,0.2420091324200913,0.200836820083682,0.06694560669456066,0.3925438596491228,0.29512134502923976,0.2747747747747748,3.761,0.3225987976012055
686469,Vinnie Pasquantino,L,KC,5,Joe Ryan,R,657746.0,823677,KC @ MIN,4:40 PM,29/07,Scheduled,0.6490686922431407,,,,False,1110111010,estimated,22,6,0.2727272727272727,1,2022,0.28277200135599956,0.34021060493035415,0.5253235745888061,0.3697825323835276,0.20043989804980936,20,1,0.06933389191453707,1.022,73.6,B,0.3059536934950386,4.244402599026738,0.4213344230783274,0.2802182886981462,20,9,0,0.1774193548387097,0.24675324675324675,0.5584988962472406,0.3217439293598234,0.11975717439293598,0.2273391812865497,0.20901639344262296,0.2782152230971129,0.22962665596146126,0.2342857142857143,205,0.2288135593220339,132,False,False,0.6549220851318973,-0.005853392888756637,3.7088607594936707,4.265822784810126,79,,,,,,,0.2126868042244927,20,3.38,1.1,114.1,6.0,6.0,131.0,25.0,0.0,0.0,0.0,21.0,SP,21.0,472.0,101.0,22.5,10.31,1.97,7.95,1.26,23.26473412567696,0.005914641090192685,6,0.75,-6.0,7,6,0,0,0.0,4.25,0.07090280051548106,0.24888888888888888,0.16306483300589392,0.08840864440078586,0.43551316984559496,0.3041439600363306,0.242914979757085,4.023,0.29610857931088197
808982,Jung Hoo Lee,L,SF,6,Shane Drohan,L,675660.0,823192,MIL @ SF,12:45 PM,29/07,Scheduled,0.6490050034779508,4900.0,-376.0,2.0,False,0101111011,estimated,0,0,0.0,0,0,0.26024476666376267,0.331741938646317,0.2733556385531706,0.32695869106924985,0.16299652922552924,20,1,-0.020595788392398562,0.994,84.2,A,0.2980392156862745,4.483457833640348,0.36639810752838825,0.27173133496902196,20,5,0,0.2878787878787879,0.30847457627118646,0.6109803921568627,0.3411764705882353,0.04784313725490196,0.28938237335183903,0.289002557544757,0.29180327868852457,0.2895981087470449,0.2835820895522388,213,0.33125,171,False,True,0.6614361318796816,-0.012431128401730884,3.7604166666666665,4.0,96,,,,,,,-0.011007855160882223,20,3.51,1.2,82.0,5.0,4.0,82.0,23.0,1.0,0.0,1.0,11.0,SP,21.0,342.0,75.0,16.3,9.0,2.52,8.23,0.66,18.80821313233177,0.008954996522049119,5,0.625,7.0,7,6,1,1,0.0,4.12,0.024789943767057863,0.30855855855855857,0.09894736842105263,0.04631578947368421,0.3037363560033585,0.32169521410579344,0.2376237623762376,3.895,0.3119194476353623
641343,Jake Bauers,L,MIL,5,Logan Webb,R,657277.0,823192,MIL @ SF,12:45 PM,29/07,Scheduled,0.6489199825641072,,,,False,0000101111,estimated,6,0,0.0,1,2024,0.31668555989088376,0.38579417374188646,0.5347436971245205,0.43092472365972173,0.26990901159816577,20,2,-0.043492762324061074,0.994,61.2,C,0.2700684505289359,2.920218133711366,0.37933691094412786,0.1825292352336872,17,5,0,0.2982456140350877,0.25475285171102663,0.551337896701929,0.19041692594897325,0.2582451773490977,0.2527047913446677,0.2674846625766871,0.2431818181818182,0.2542901716068643,0.2777777777777778,213,0.24285714285714285,163,False,False,0.6317681493524839,0.01715183321162328,3.3333333333333335,3.9166666666666665,96,,,,,,,-0.05826104878358815,20,3.98,1.12,113.0,5.0,7.0,89.0,29.0,0.0,0.0,0.0,18.0,SP,18.0,463.0,98.0,25.7,7.09,2.31,7.81,0.72,25.76934326180802,-0.02116998256410718,6,0.8571428571428571,-15.0,6,6,1,1,0.0,4.25,0.1450158062533969,0.27586206896551724,0.251131221719457,0.12895927601809956,0.5394736842105263,0.34322932330827066,0.23770491803278687,4.023,0.29172260558915547
666160,Mickey Moniak,L,COL,2,,R,,823273,COL @ SD,1:10 PM,29/07,Scheduled,0.6472178172858026,-9900.0,9900.0,99.0,False,1001111011,estimated,0,0,0.0,0,0,0.26568314086637324,0.3451588906094372,0.4753812797972919,0.4427703068386694,0.2935039858413005,20,1,0.01428571428571429,0.954,,,,,,,0,0,0,0.26666666666666666,0.28095238095238095,,,,0.25240384615384615,0.2802197802197802,0.27877237851662406,0.2672268907563025,0.2746478873239437,153,0.2857142857142857,107,False,False,0.6490686922431407,-0.0018508749573380445,3.4285714285714284,3.7142857142857144,70,,,,,,,0.015821655925578087,20,,,,,,,,,,,,,,,,,,,,,,-0.015237817285802646,5,0.7142857142857143,7.0,6,5,1,1,0.0,4.55,0.06472743027451314,0.27163461538461536,0.25170068027210885,0.04081632653061224,0.42950819672131146,0.3245360655737705,,4.348,0.3150265183591125
694384,Nolan Schanuel,L,LAA,3,Hayden Wesneski,R,669713.0,824002,HOU @ LAA,6:38 PM,29/07,Scheduled,0.6463833596770078,-9900.0,9900.0,99.0,False,1111011011,estimated,5,1,0.2,1,2024,0.3087563789845955,0.3324215572235196,0.2939382667040283,0.3747972591283274,0.09261150404762286,20,1,0.028698752228163982,0.979,,,,,,,0,0,0,0.25757575757575757,0.28627450980392155,,,,0.28856088560885607,0.28263988522238165,0.34065934065934067,0.296546248511314,0.29591836734693877,217,0.256,145,False,False,0.653682658193392,-0.007299298516384223,3.7325581395348837,4.209302325581396,86,,,,,,,0.2474808606559154,20,,,,,,,,,,,,,,,,,,,,,,-0.01112621681986492,7,0.7777777777777778,0.0,7,6,0,1,0.0,4.45,0.126941062222405,0.2597701149425287,0.1437125748502994,0.10379241516966067,0.3108815426997245,0.3220275482093664,,4.248,0.31773216838383395
681624,Andy Pages,R,LAD,2,Emerson Hancock,R,676106.0,823924,SEA @ LAD,7:10 PM,29/07,Scheduled,0.6463833596770078,-9900.0,9900.0,99.0,False,1011111101,estimated,0,0,0.0,0,0,0.2098307590592216,0.33272215548618883,0.43711007227131676,0.29408875046551886,0.24980538376697717,20,1,-0.01594168543321084,0.973,44.4,D,0.25,3.1221541447734573,0.4543991664143705,0.2282549407257696,19,7,0,0.2711864406779661,0.25524475524475526,0.7412415488629379,0.2077443146896128,0.051014136447449294,0.2545271629778672,0.22306855277475518,0.25146198830409355,0.24639016897081414,0.22510822510822512,257,0.3063583815028902,197,False,False,0.6602817258550199,-0.0138983661780121,3.8846153846153846,4.365384615384615,104,,,,,,,0.14527494430381518,20,3.16,1.01,105.1,6.0,4.0,97.0,26.0,0.0,0.0,0.0,19.0,SP,19.0,414.0,80.0,21.8,8.29,2.22,6.84,1.11,21.372264645854326,-0.002483359677007857,3,0.42857142857142855,-18.0,7,5,0,0,0.0,4.55,0.11447656204590756,0.2544642857142857,0.19483101391650098,0.0775347912524851,0.43261904761904757,0.32209714285714286,0.21818181818181817,4.348,0.3195810530581775
701538,Jackson Merrill,L,SD,5,Gabriel Hughes,R,687312.0,823273,COL @ SD,1:10 PM,29/07,Scheduled,0.6463833596770078,-170.0,186.0,63.0,False,0101100111,estimated,0,0,0.0,0,0,0.325494873874335,0.39789982314112843,0.529079105386117,0.38343784624389027,0.18287510935299442,20,1,-0.06320093457943923,0.954,55.2,C,0.26813880126182965,,,,4,7,0,0.2875,0.22429906542056074,0.6182965299684543,0.29337539432176657,0.08832807570977919,0.23761854583772393,0.23732718894009217,0.16498316498316498,0.2253562945368171,0.21810699588477367,263,0.26582278481012656,173,False,True,0.6401642870215696,0.006219072655438196,3.9313725490196076,4.2745098039215685,102,,,,,,,0.07494402760791476,20,2.79,1.14,19.1,0.0,2.0,19.0,6.0,1.0,0.0,1.0,3.0,SP,4.0,77.0,16.0,19.2,8.84,2.79,7.45,0.0,,0.00038330698965893806,6,0.75,6.0,7,6,1,1,0.0,4.25,0.03425178138297524,0.23160173160173161,0.2400793650793651,0.06349206349206349,0.47873900293255134,0.32872287390029326,0.2608695652173913,4.023,0.40124887217233945
605170,Víctor Caratini,L,MIN,5,Randy Dobnak,R,677976.0,823677,KC @ MIN,4:40 PM,29/07,Scheduled,0.6460176799103263,,,,False,0111100011,estimated,0,0,0.0,0,0,0.25601876140419594,0.26799199326001677,0.4594935578407555,0.2847754582008079,0.19966128275371298,20,1,0.09610757254069355,1.022,51.9,C,0.256797583081571,,,,4,6,0,0.17777777777777778,0.27388535031847133,0.5015105740181269,0.27794561933534745,0.22054380664652568,0.22428884026258206,0.2655086848635236,0.25412541254125415,0.24012345679012345,0.23255813953488372,155,0.2457627118644068,134,False,False,0.621695987509041,0.024321692401285344,3.207792207792208,3.7532467532467533,77,,,,,,,-0.05955183641528934,20,1.42,1.37,19.0,0.0,0.0,10.0,9.0,0.0,0.0,0.0,2.0,RP,4.0,80.0,17.0,20.0,4.74,4.26,8.05,0.95,,-0.0044176799103262665,7,0.7777777777777778,0.0,7,6,0,0,0.0,4.25,0.03963676114862473,0.23595505617977527,0.19424460431654678,0.08633093525179857,0.39890909090909094,0.30700363636363637,0.25,4.023,0.3173100934196813
695506,Jac Caglianone,L,KC,3,Joe Ryan,R,657746.0,823677,KC @ MIN,4:40 PM,29/07,Scheduled,0.6460139750462396,,,,False,1111000000,estimated,0,0,1.0,0,0,0.15157576330865433,0.2925339314811994,0.5678320584603634,0.1823986117700832,0.19803043962035358,20,1,-0.016152908394287707,1.022,73.6,B,0.3059536934950386,4.244402599026738,0.4213344230783274,0.2802182886981462,20,9,0,0.26136363636363635,0.24521072796934865,0.5584988962472406,0.3217439293598234,0.11975717439293598,0.23503902862098872,0.23024830699774265,0.21728395061728395,0.2299225438238891,0.25773195876288657,217,0.23870967741935484,164,False,False,0.6460139750462396,0.0,3.525252525252525,3.8484848484848486,99,,,,,,,-0.09912572673758568,20,3.38,1.1,114.1,6.0,6.0,131.0,25.0,0.0,0.0,0.0,21.0,SP,21.0,472.0,101.0,22.5,10.31,1.97,7.95,1.26,23.26473412567696,0.006086024953760427,6,0.75,-6.0,7,6,0,0,0.0,4.45,0.04570615926588358,0.23891625615763548,0.2825112107623318,0.07623318385650224,0.5285714285714286,0.3641464285714286,0.242914979757085,4.248,0.29610857931088197
671218,Heliot Ramos,R,SF,3,Shane Drohan,L,675660.0,823192,MIL @ SF,12:45 PM,29/07,Scheduled,0.645940609916577,-9900.0,9900.0,99.0,False,1110001101,estimated,0,0,0.0,0,0,0.19898376952090702,0.3245634124037529,0.4375895133539198,0.3157402340206997,0.2949384611013829,20,1,0.027663551401869213,0.994,84.2,A,0.2980392156862745,4.483457833640348,0.36639810752838825,0.27173133496902196,20,5,0,0.28,0.2523364485981308,0.6109803921568627,0.3411764705882353,0.04784313725490196,0.23596419853539463,0.2418831168831169,0.27611940298507465,0.24471582902771255,0.2331288343558282,170,0.297029702970297,109,False,True,0.6479142862184789,-0.0019736763019019277,3.8823529411764706,4.102941176470588,68,,,,,,,-0.011763864845599154,20,3.51,1.2,82.0,5.0,4.0,82.0,23.0,1.0,0.0,1.0,11.0,SP,21.0,342.0,75.0,16.3,9.0,2.52,8.23,0.66,18.80821313233177,-0.002340609916576919,5,0.625,7.0,7,6,1,1,0.0,4.45,0.020763900369572416,0.2468354430379747,0.24803149606299213,0.051181102362204724,0.48180076628352486,0.34462476053639846,0.24285714285714285,4.248,0.3119194476353623
666182,Bo Bichette,R,NYM,3,Chris Sale,L,519242.0,823598,ATL @ NYM,4:10 PM,29/07,Scheduled,0.6455993029254122,,,,False,0011110111,estimated,6,1,0.16666666666666666,1,2023,0.29718694479542496,0.2898811445942066,0.24058613240540438,0.36576702305955355,0.18010245986600779,20,2,0.07394321766561515,0.949,87.0,A,0.32656514382402707,5.573508290835782,0.3361974099439555,0.30864296994419,19,6,0,0.32,0.24605678233438485,0.4915349887133183,0.39334085778781036,0.11512415349887133,0.27386541471048514,0.2395326192794547,0.30997304582210244,0.26756756756756755,0.2792452830188679,287,0.23684210526315788,167,False,False,0.6769900463027558,-0.0313907433773436,3.9714285714285715,4.3238095238095235,105,,,,,,,0.2104829346055112,20,2.19,1.05,111.0,11.0,6.0,134.0,26.0,0.0,0.0,0.0,19.0,SP,19.0,451.0,91.0,23.7,10.86,2.11,7.38,0.65,23.570052082310124,0.012122919296809864,9,1.0,9.0,7,6,1,0,0.0,4.45,0.10323100081835465,0.2754880694143167,0.17519685039370078,0.07480314960629922,0.4258960573476703,0.34139964157706093,0.22258064516129034,4.248,0.3508574187002097
695578,James Wood,L,WSH,1,Trey Yesavage,R,702056.0,822702,TOR @ WSH,10:05 AM,29/07,Scheduled,0.6452926424175359,-163.0,186.0,62.0,False,0011011110,estimated,0,0,0.0,0,0,0.26209891005119357,0.41567935534033973,0.5384074742281728,0.39895093845785407,0.2649358667916286,20,1,0.026782473424941666,1.04,66.8,B,0.28982456140350876,1.8448165072696963,0.355337698120357,0.25526492884060714,16,5,0,0.25517241379310346,0.2819548872180451,0.4687719298245614,0.24,0.2912280701754386,0.2698324022346369,0.25725190839694656,0.2641509433962264,0.2649364693160314,0.2821576763485477,299,0.25882352941176473,206,False,False,0.6489199825641072,-0.0036273401465712896,3.8411214953271027,4.719626168224299,107,,,,,,,-0.04975902729597632,20,3.92,1.18,85.0,4.0,5.0,87.0,42.0,0.0,0.0,0.0,16.0,SP,16.0,353.0,58.0,22.1,9.21,4.45,6.14,1.06,22.002097924122232,0.008240690915797377,3,0.375,18.0,7,6,1,1,0.0,4.65,0.1574485919513855,0.2678185745140389,0.29642857142857143,0.14107142857142857,0.5828282828282828,0.41599326599326597,0.2,4.44,0.33583479577050784
669477,Casey Schmitt,R,SF,5,Shane Drohan,L,675660.0,823192,MIL @ SF,12:45 PM,29/07,Scheduled,0.6438766480819845,,,,False,1010011101,estimated,0,0,0.0,0,0,0.2734716616715538,0.3180080265169126,0.533789973867584,0.35743506256443486,0.22020855824569927,20,2,0.052083333333333315,0.994,84.2,A,0.2980392156862745,4.483457833640348,0.36639810752838825,0.27173133496902196,20,5,0,0.3125,0.2604166666666667,0.6109803921568627,0.3411764705882353,0.04784313725490196,0.2541334966319657,0.22770199370409233,0.2533783783783784,0.2454136379370024,0.25877192982456143,235,0.2948717948717949,170,False,True,0.6526167475719541,-0.008740099489969566,4.0,4.21875,96,,,,,,,0.08970593791917505,20,3.51,1.2,82.0,5.0,4.0,82.0,23.0,1.0,0.0,1.0,11.0,SP,21.0,342.0,75.0,16.3,9.0,2.52,8.23,0.66,18.80821313233177,-0.005636648081984497,5,0.625,7.0,7,6,1,1,0.0,4.25,0.030668856922745742,0.26490066225165565,0.20164609053497942,0.03497942386831276,0.44239436619718314,0.35108638497652583,0.24285714285714285,4.023,0.3119194476353623
694249,Cole Carrigg,L,COL,3,,R,,823273,COL @ SD,1:10 PM,29/07,Scheduled,0.6427859308225126,-9900.0,9900.0,99.0,False,0111101111,estimated,0,0,0.0,0,0,0.32793495285420293,0.3264885817152054,0.3279792343428328,0.40105949491240783,0.22477674558120447,20,1,-0.08570782451379466,0.954,,,,,,,0,0,0,0.34328358208955223,0.25757575757575757,,,,0.28628230616302186,0.2605042016806723,0.21839080459770116,0.26608505997818976,0.2875,88,0.32075471698113206,67,True,False,0.6490050034779508,-0.006219072655438196,3.41025641025641,3.9743589743589745,39,,,,,,,0.21088158796325793,20,,,,,,,,,,,,,,,,,,,,,,-0.015205930822512537,5,0.7142857142857143,7.0,6,5,1,1,0.0,4.45,0.03999347643647263,0.2805755395683453,0.2147239263803681,0.09202453987730061,0.3541666666666667,0.3061153846153846,,4.248,0.3150265183591125
669394,Jake Burger,R,TEX,5,Casey Legumina,R,668984.0,822947,TEX @ TB,3:40 PM,29/07,Scheduled,0.6422379252206348,,,,False,0111101011,estimated,0,0,0.0,0,0,0.18141373940709646,0.27321867727177046,0.4000071806559668,0.2650751178607153,0.3277152269009609,20,1,0.009068993226954425,0.96,52.0,C,0.25370919881305637,2.0637873665312463,0.37070279314128946,0.16513869019031174,20,6,0,0.22580645161290322,0.23487544483985764,0.6141975308641975,0.2716049382716049,0.11419753086419752,0.19085631349782292,0.20515179392824287,0.2098360655737705,0.1969914040114613,0.2052401746724891,251,0.27586206896551724,159,False,False,0.6128646535051496,0.029373271715485205,3.702970297029703,4.0594059405940595,101,,,,,,,0.04937870567202845,20,3.95,1.32,43.1,2.0,2.0,31.0,13.0,0.0,0.0,0.0,3.0,RP,34.0,185.0,44.0,5.4,6.44,2.7,9.14,0.83,5.195569528283895,-0.0520254252206348,8,1.0,-11.0,7,6,0,0,0.0,4.25,0.052872804445494144,0.23448275862068965,0.26834381551362685,0.07337526205450734,0.4653637350705755,0.3130765472312704,0.3563218390804598,4.023,0.28431600155713765
521692,Salvador Pérez,R,KC,4,Joe Ryan,R,657746.0,823677,KC @ MIN,4:40 PM,29/07,Scheduled,0.6422379252206348,,,,False,1110101101,estimated,24,5,0.20833333333333334,1,2022,0.2320156196623738,0.33776823279372997,0.49387374021350794,0.30621438760473446,0.2084851405607932,20,1,-0.026452131938857593,1.022,73.6,B,0.3059536934950386,4.244402599026738,0.4213344230783274,0.2802182886981462,20,9,0,0.23008849557522124,0.20363636363636364,0.5584988962472406,0.3217439293598234,0.11975717439293598,0.20386266094420602,0.16986301369863013,0.26625386996904027,0.19723796033994334,0.20689655172413793,254,0.21794871794871795,169,False,False,0.6412550042810415,0.0009829209395932903,3.88,4.23,100,,,,,,,0.0340061622389079,20,3.38,1.1,114.1,6.0,6.0,131.0,25.0,0.0,0.0,0.0,21.0,SP,21.0,472.0,101.0,22.5,10.31,1.97,7.95,1.26,23.26473412567696,0.0033954081126985614,6,0.75,-6.0,7,6,0,0,0.0,4.35,0.048237776627645605,0.21739130434782608,0.20278330019880716,0.03777335984095427,0.4337057728119181,0.29084916201117317,0.22857142857142856,4.159,0.29610857931088197
608324,Alex Bregman,R,CHC,4,Dustin May,R,669160.0,823022,CHC @ STL,4:45 PM,29/07,Scheduled,0.6412550042810415,-163.0,178.0,62.0,False,0011100011,estimated,0,0,0.0,0,0,0.2585927441515853,0.2290050091559041,0.2679162398880973,0.29046136666106126,0.19435646944060553,20,1,-0.016078058359669856,1.031,42.9,D,0.2877526753864447,2.769067114021897,0.4492794896556457,0.2399905734628162,20,5,0,0.25688073394495414,0.2408026755852843,0.6714285714285714,0.26071428571428573,0.06785714285714285,0.23581757508342602,0.23425499231950844,0.25,0.2367358708189158,0.25833333333333336,275,0.2261904761904762,199,False,False,0.626952033095099,0.014302971185942592,3.9611650485436893,4.601941747572815,103,,,,,,,-0.04759594434003096,20,4.59,1.32,104.0,5.0,7.0,103.0,33.0,0.0,0.0,0.0,20.0,SP,20.0,441.0,104.0,22.1,8.91,2.86,9.0,0.61,21.930667155764294,0.0019949957189585588,4,0.5,27.0,7,6,0,0,0.0,4.35,0.08207070903314202,0.2478448275862069,0.15837937384898712,0.1141804788213628,0.38112874779541445,0.28150661375661373,0.22560975609756098,4.159,0.3613703552007493
694378,Jacob Gonzalez,L,PIT,7,Eduardo Rodríguez,L,593958.0,823351,AZ @ PIT,9:35 AM,29/07,Scheduled,0.6412550042810415,,,,False,0111100011,estimated,0,0,0.0,0,0,0.18911428149731743,0.3318339235844364,0.2556039101165998,0.239409535289298,0.19448015189305512,20,1,-0.09615384615384615,1.013,45.7,D,0.2548618219037871,1.8877983566900163,0.3694687764155284,0.1681723852931559,20,5,0,0.15384615384615385,0.25,0.6014344262295082,0.13063524590163936,0.26793032786885246,0.2261640798226164,0.23255813953488372,0.23529411764705882,0.22541966426858512,0.19402985074626866,72,0.3,56,True,False,0.5988246465005546,0.04243035778048698,2.8536585365853657,3.1219512195121952,41,,,,,,,0.07192098988533352,20,2.64,1.24,122.2,9.0,3.0,86.0,44.0,0.0,0.0,0.0,21.0,SP,21.0,505.0,108.0,24.0,6.31,3.23,7.92,0.95,23.989875777443824,-0.014005004281041455,2,0.2222222222222222,24.0,7,7,1,1,0.0,4.0,0.01529736760536643,0.24166666666666667,0.19696969696969696,0.06060606060606061,0.39007092198581556,0.3135531914893617,0.2357142857142857,3.761,0.33063366610959416
671739,Michael Harris,L,ATL,4,Christian Scott,R,681035.0,823598,ATL @ NYM,4:10 PM,29/07,Scheduled,0.6398984387513043,,,,False,1111011111,estimated,5,4,0.8,1,2024,0.29456717421499123,0.341263306091526,0.4861981434609841,0.3755648612174299,0.17237767595029746,20,2,0.0010948572123719025,0.949,65.8,B,0.2808219178082192,2.5827629885782306,0.35023506273097754,0.2934026359330027,14,7,0,0.29770992366412213,0.29880478087649404,0.6863753213367609,0.27849185946872324,0.03513281919451585,0.2794007490636704,0.2582216808769793,0.31265508684863524,0.2793663060278207,0.2946859903381642,221,0.3028571428571429,185,False,False,0.6795166249485156,-0.03961818619721136,3.82,4.06,100,,,,,,,0.2831599201687439,20,3.13,1.26,63.1,3.0,2.0,78.0,29.0,0.0,0.0,0.0,14.0,SP,14.0,271.0,51.0,19.4,11.08,4.12,7.25,0.99,19.463990884192718,0.026939061248695717,8,1.0,-4.0,6,7,1,0,0.0,4.35,0.0,0.29933481152993346,0.18410041841004185,0.03556485355648536,0.4956841138659321,0.3606831955922865,0.2,4.159,0.32722330092197793
683953,Travis Bazzana,L,CLE,4,Brady Singer,R,663903.0,824487,CLE @ CIN,4:10 PM,29/07,Scheduled,0.6390002352637844,,,,False,0110001011,estimated,0,0,0.0,0,0,0.22817287307688913,0.3038773503917267,0.2874405043962503,0.30694005461312696,0.22995224933967662,20,1,-0.025098658247829503,1.083,59.2,C,0.29571106094808125,2.832792219227856,0.41126593034052206,0.20785561479951142,20,7,0,0.2571428571428571,0.23204419889502761,0.577313769751693,0.422686230248307,0.0,0.2202852614896989,0.26812585499316005,0.22448979591836735,0.23504809703053117,0.25,186,0.23015873015873015,147,True,False,0.608782978592881,0.03021725667090336,3.7142857142857144,4.324675324675325,77,,,,,,,-0.0888929234458909,20,4.53,1.38,103.1,5.0,9.0,88.0,32.0,0.0,0.0,0.0,20.0,SP,20.0,454.0,111.0,22.7,7.66,2.79,9.67,1.83,23.3235737573683,-0.004175235263784383,4,0.4444444444444444,6.0,7,8,0,1,0.0,4.35,0.13139354032651065,0.25170068027210885,0.21114369501466276,0.11436950146627566,0.3652402402402402,0.2824504504504505,0.29457364341085274,4.159,0.28216477811530455
645277,Ozzie Albies,L,ATL,2,Christian Scott,R,681035.0,823598,ATL @ NYM,4:10 PM,29/07,Scheduled,0.63846266880254,,,,False,0010111101,estimated,5,1,0.2,1,2024,0.2352659898270117,0.2699624027175618,0.256399322232724,0.3231282039502181,0.25664335273603556,20,2,-0.09845596645062907,0.949,65.8,B,0.2808219178082192,2.5827629885782306,0.35023506273097754,0.2934026359330027,14,7,0,0.31976744186046513,0.22131147540983606,0.6863753213367609,0.27849185946872324,0.03513281919451585,0.2529699510831586,0.2491186839012926,0.23529411764705882,0.24849296718017413,0.2682926829268293,273,0.2529411764705882,189,False,False,0.6761673042370787,-0.037704635434538725,3.9245283018867925,4.3584905660377355,106,,,,,,,-0.0978675823566899,20,3.13,1.26,63.1,3.0,2.0,78.0,29.0,0.0,0.0,0.0,14.0,SP,14.0,271.0,51.0,19.4,11.08,4.12,7.25,0.99,19.463990884192718,0.01139983119746002,8,1.0,-4.0,6,7,1,0,0.0,4.55,0.041737968456118206,0.25757575757575757,0.13953488372093023,0.06782945736434108,0.2823076923076923,0.27143504273504276,0.2,4.348,0.32722330092197793
805999,A. J. Ewing,L,NYM,1,Aj Smith-Shawver,R,700363.0,823596,ATL @ NYM,10:10 AM,29/07,Scheduled,0.6374754879035711,,,,False,1110110011,estimated,0,0,0.0,0,0,0.2659729804735449,0.30590167118621703,0.3742209267876366,0.40465398524724866,0.2868728051571427,20,2,0.006945186451543961,0.949,,,,,,,0,0,0,0.2653061224489796,0.27225130890052357,,,,0.22708333333333333,0.25432525951557095,0.2555205047318612,0.24043126684636118,0.2647058823529412,148,0.27884615384615385,123,True,False,0.6448595690215777,-0.007384081118006591,3.582089552238806,4.044776119402985,67,,,,,,,0.09238317822821027,20,,,,,,,,,,,,,,,,,,,,,,-0.008364376792460049,9,1.0,9.0,7,6,1,0,0.0,4.65,0.0704333964941383,0.2697095435684647,0.26838235294117646,0.09558823529411764,0.41964285714285715,0.36273214285714284,,4.44,0.3508574187002097
683734,Andrew Vaughn,R,MIL,7,Logan Webb,R,657277.0,823192,MIL @ SF,12:45 PM,29/07,Scheduled,0.6371095698246685,-9900.0,9900.0,99.0,False,0011011111,estimated,10,1,0.1,1,2022,0.22061071999127363,0.3333358707414748,0.4502087919418852,0.30284869615755833,0.13193659724057244,20,1,-0.06658395368072789,0.994,61.2,C,0.2700684505289359,2.920218133711366,0.37933691094412786,0.1825292352336872,17,5,0,0.34615384615384615,0.27956989247311825,0.551337896701929,0.19041692594897325,0.2582451773490977,0.3235294117647059,0.2995391705069124,0.32748538011695905,0.31930879038317056,0.2903225806451613,111,0.3333333333333333,88,False,False,0.6300921251781265,0.00701744464654197,2.7142857142857144,3.1587301587301586,63,,,,,,,-0.00548926135890908,20,3.98,1.12,113.0,5.0,7.0,89.0,29.0,0.0,0.0,0.0,18.0,SP,18.0,463.0,98.0,25.7,7.09,2.31,7.81,0.72,25.76934326180802,-0.0236762364913351,6,0.8571428571428571,-15.0,6,6,1,1,0.0,4.0,0.06399993597466705,0.2833333333333333,0.13317191283292978,0.09685230024213075,0.42103825136612016,0.3072032786885246,0.19745222929936307,3.761,0.29172260558915547
641355,Cody Bellinger,L,NYY,5,Davis Martin,R,663436.0,824567,NYY @ CWS,4:40 PM,29/07,Scheduled,0.6368965047484503,,,,False,1111011111,estimated,6,4,0.6666666666666666,1,2025,0.3091216657714424,0.38065294286109375,0.40116900846789727,0.43049278698308946,0.2579743296424954,20,4,-0.04529914529914528,0.968,40.9,D,0.27191011235955054,2.3589308548330945,0.4321238948230626,0.19094474611653514,20,5,0,0.28888888888888886,0.24358974358974358,0.5818077803203662,0.2768878718535469,0.14130434782608695,0.22767857142857142,0.2656875834445928,0.25957446808510637,0.24346580737558182,0.24537037037037038,249,0.28104575163398693,181,False,False,0.632858866611956,0.00403763813649427,3.6534653465346536,4.257425742574258,101,,,,,,,0.1786553785287248,20,3.49,1.27,111.0,9.0,5.0,100.0,33.0,0.0,0.0,0.0,20.0,SP,20.0,463.0,108.0,23.1,8.11,2.68,8.76,0.49,22.77000450181915,-0.039529838081783564,3,0.375,8.0,7,7,0,0,0.0,4.25,0.09654215317234485,0.2552204176334107,0.1550695825049702,0.12127236580516898,0.3564211520302172,0.321005193578848,0.24896265560165975,4.023,0.3091625376645602
687093,Vaughn Grissom,R,LAA,5,Hayden Wesneski,R,669713.0,824002,HOU @ LAA,6:38 PM,29/07,Scheduled,0.6368592034354427,-9900.0,9900.0,99.0,False,1111011011,estimated,0,0,0.0,0,0,0.33701743680631147,0.3640516465823812,0.43065342573871074,0.4493354665674709,0.21910636783498919,20,1,-0.005421970768505424,0.979,,,,,,,0,0,0,0.26732673267326734,0.2619047619047619,,,,0.2346193952033368,0.23353293413173654,0.25,0.23621103117505995,0.2578125,145,0.2727272727272727,112,False,False,0.6438766480819845,-0.007017444646541859,3.4393939393939394,3.893939393939394,66,,,,,,,0.19855804793216622,20,,,,,,,,,,,,,,,,,,,,,,-0.015544917721156848,7,0.7777777777777778,0.0,7,6,0,1,0.0,4.25,0.07935983320091639,0.2419753086419753,0.17777777777777778,0.06888888888888889,0.3747179487179487,0.32222153846153845,,4.023,0.31773216838383395
672515,Gabriel Moreno,R,AZ,4,Jared Jones,R,683003.0,823351,AZ @ PIT,9:35 AM,29/07,Scheduled,0.6367422661480703,,,,False,0111111101,estimated,0,0,0.0,0,0,0.36160020465367027,0.4015313869575471,0.40720035770994933,0.4131598566171069,0.11933779508689338,20,1,0.04589371980676327,1.013,88.6,A,0.29836512261580383,4.249535695441396,0.3565571963250597,0.3007624937171691,10,5,0,0.2777777777777778,0.32367149758454106,0.45231607629427795,0.4114441416893733,0.1362397820163488,0.32097791798107256,0.3125845737483085,0.31560283687943264,0.31471861471861473,0.30246913580246915,183,0.3247863247863248,146,False,False,0.67007385594946,-0.03333158980138973,3.4875,4.1125,80,,,,,,,0.2722083590369619,20,3.72,1.02,46.0,2.0,1.0,53.0,13.0,0.0,0.0,0.0,10.0,SP,10.0,184.0,34.0,18.4,10.37,2.54,6.65,1.17,18.491177945866554,0.033657733851929605,3,0.375,6.0,7,7,1,1,0.0,4.35,0.12172793909765334,0.3076923076923077,0.15778688524590165,0.11475409836065574,0.4146509341199607,0.360259587020649,0.13043478260869565,4.159,0.3520347592499012
668715,Spencer Steer,R,CIN,5,Joey Cantillo,L,676282.0,824487,CLE @ CIN,4:10 PM,29/07,Scheduled,0.6364388880236564,,,,False,1011100000,estimated,0,0,0.0,0,0,0.17263156032029578,0.2743863659169219,0.4155321727415198,0.22927124683644734,0.23986623606884855,20,3,0.10798983625070585,1.083,64.3,C,0.3126984126984127,2.2172558927055857,0.372665238033605,0.24720395897304792,20,5,0,0.32142857142857145,0.2134387351778656,0.4051906779661017,0.3294491525423729,0.2653601694915254,0.2232876712328767,0.2151238591916558,0.26223776223776224,0.2248708780294001,0.2358974358974359,225,0.24647887323943662,155,False,False,0.6118373044601101,0.02460158356354636,3.5104166666666665,3.9583333333333335,96,,,,,,,-0.24483066297695324,20,4.02,1.46,109.2,8.0,6.0,116.0,53.0,0.0,0.0,0.0,22.0,SP,22.0,475.0,107.0,21.6,9.52,4.35,8.78,1.07,22.178344125387344,-0.029867459452227796,7,0.7777777777777778,6.0,7,7,0,1,0.0,4.25,0.06489410818562646,0.24154589371980675,0.2281449893390192,0.09381663113006397,0.4440825190010858,0.3172475570032573,0.26517571884984026,4.023,0.34364293624900055
672960,Kazuma Okamoto,R,TOR,6,Zack Littell,R,641793.0,822702,TOR @ WSH,10:05 AM,29/07,Scheduled,0.6353481707641846,,,,False,0000011011,estimated,0,0,0.0,0,0,0.17025064996380182,0.20853708514297295,0.4151770025968019,0.24504374086684244,0.33805984899119396,20,1,0.00775800711743771,1.04,34.7,F,0.23617153511497824,2.5739519668582056,0.44158985310733523,0.16884559460204374,20,5,0,0.22,0.2277580071174377,0.418170504044804,0.37834474175482263,0.20348475420037337,0.19989017023613398,0.2471315092674316,0.23380281690140844,0.2195048309178744,0.24,254,0.20512820512820512,173,True,False,0.5871920685918053,0.04815610217237931,3.6634615384615383,4.105769230769231,104,,,,,,,-0.14096896540894782,20,5.17,1.34,101.0,7.0,8.0,66.0,31.0,0.0,0.0,0.0,13.0,SP,21.0,434.0,104.0,20.7,5.88,2.76,9.27,2.23,20.60726345652533,-0.005862456478470279,7,0.7777777777777778,4.0,7,7,1,1,0.0,4.12,0.04597446645749972,0.2262210796915167,0.3082191780821918,0.09360730593607305,0.4612860892388452,0.31084251968503934,0.25,3.895,0.3225987976012055
668709,Jj Bleday,L,CIN,3,Joey Cantillo,L,676282.0,824487,CLE @ CIN,4:10 PM,29/07,Scheduled,0.6346866189769352,,,,False,1100111010,estimated,0,0,0.0,0,0,0.214398281920939,0.36069947635242716,0.3841819991077714,0.3026695314017678,0.2401243051310922,20,1,0.09670152855993563,1.083,64.3,C,0.3126984126984127,2.2172558927055857,0.372665238033605,0.24720395897304792,20,5,0,0.3090909090909091,0.21238938053097345,0.4051906779661017,0.3294491525423729,0.2653601694915254,0.2127659574468085,0.2375776397515528,0.24356775300171526,0.22821397756686798,0.2222222222222222,204,0.24545454545454545,126,False,False,0.6187070400314997,0.015979578945435557,3.6025641025641026,4.230769230769231,78,,,,,,,0.02888791065924006,20,4.02,1.46,109.2,8.0,6.0,116.0,53.0,0.0,0.0,0.0,22.0,SP,22.0,475.0,107.0,21.6,9.52,4.35,8.78,1.07,22.178344125387344,-0.015243761834078051,7,0.7777777777777778,6.0,7,7,0,1,0.0,4.45,0.11131356881778293,0.2379746835443038,0.23788546255506607,0.1145374449339207,0.41144018583042974,0.32498315911730546,0.23300970873786409,4.248,0.34364293624900055
572233,Christian Walker,R,HOU,6,Grayson Rodriguez,R,680570.0,824002,HOU @ LAA,6:38 PM,29/07,Scheduled,0.6342822487524451,-156.0,178.0,61.0,False,0000111011,estimated,0,0,0.0,0,0,0.20139961864437825,0.31560151145365656,0.34021985895956486,0.42864260041635205,0.3849423595370422,20,1,-0.03461538461538463,0.979,14.9,F,0.24765729585006693,1.6636425282189424,0.5463636866293323,0.1504983781333481,9,5,0,0.25961538461538464,0.225,0.5364864864864864,0.2418918918918919,0.22162162162162163,0.20514319111630624,0.21722846441947566,0.2517482517482518,0.21356374307140527,0.22784810126582278,262,0.24489795918367346,166,False,False,0.5928301641031638,0.041452084649281296,3.6923076923076925,4.115384615384615,104,,,,,,,-0.03836860787050556,20,8.54,1.79,39.0,3.0,3.0,30.0,19.0,0.0,0.0,0.0,9.0,SP,9.0,186.0,51.0,20.7,6.92,4.38,11.77,1.62,20.628626261376958,-0.05543224875244501,2,0.25,-8.0,7,6,0,1,0.0,4.12,0.07244035594306002,0.22954545454545455,0.24948453608247423,0.06804123711340206,0.4231974921630094,0.30252978056426333,0.23529411764705882,3.895,0.31240762059585653
681198,Tj Rumfield,L,COL,5,,R,,823273,COL @ SD,1:10 PM,29/07,Scheduled,0.6342375596344997,9900.0,-426.0,1.0,False,1100111010,estimated,0,0,0.0,0,0,0.31264580466377073,0.32059752405386904,0.19461454008860923,0.35981907528053386,0.15264916683440763,20,1,0.04503787878787879,0.954,,,,,,,0,0,0,0.2604166666666667,0.3054545454545455,,,,0.3020758768790265,0.24141749723145073,0.2346723044397463,0.2726946537495515,0.25892857142857145,255,0.3469387755102041,170,True,False,0.632858866611956,0.0013786930225436755,3.533333333333333,4.0476190476190474,105,,,,,,,0.028356647058806257,20,,,,,,,,,,,,,,,,,,,,,,-0.02269755963449971,5,0.7142857142857143,7.0,6,5,1,1,0.0,4.25,0.13037165875826973,0.286783042394015,0.14596949891067537,0.10239651416122005,0.2849301397205589,0.27752924151696606,,4.023,0.3150265183591125
691594,Javier Sanoja,R,MIA,5,Jesús Luzardo,L,666200.0,823837,PHI @ MIA,9:10 AM,29/07,Pre-Game,0.6340167918118517,,,,False,1011100100,live,14,4,0.2857142857142857,1,2025,0.20701251420473527,0.23111690107302163,0.30361986496122667,0.23285800256486655,0.10330531445316855,20,1,0.007189297324331045,1.0,98.3,A,0.3259478089611029,3.9454278983990747,0.32851197663491644,0.31057970788590855,20,5,0,0.26881720430107525,0.2616279069767442,0.43032988675529293,0.37813884785819796,0.1915312653865091,0.24869791666666666,0.26153846153846155,0.2754491017964072,0.2560054907343857,0.2824427480916031,138,0.2462686567164179,144,False,False,0.6510613178542193,-0.017044526042367614,3.231707317073171,3.4390243902439024,82,,,,,,,-0.0067328009056686075,20,3.31,1.17,122.1,9.0,5.0,152.0,38.0,0.0,0.0,0.0,21.0,SP,21.0,509.0,105.0,24.2,11.18,2.8,7.72,0.81,24.457950708570305,0.016449874854814972,6,0.6666666666666666,-7.0,7,6,1,1,0.0,4.25,0.04601035160837251,0.256,0.0825,0.0525,0.3211500974658869,0.26545492202729043,0.25,4.023,0.3232737916584744
665953,Andrés Chaparro,R,WSH,2,Trey Yesavage,R,702056.0,822702,TOR @ WSH,10:05 AM,29/07,Scheduled,0.6338417875515492,,,,False,1010101101,estimated,0,0,0.0,0,0,0.22641328993493146,0.3952012029508627,0.562665068460627,0.34801892888339286,0.28521445405353335,20,2,0.0,1.04,66.8,B,0.28982456140350876,1.8448165072696963,0.355337698120357,0.25526492884060714,16,5,0,0.2054794520547945,,0.4687719298245614,0.24,0.2912280701754386,0.16901408450704225,0.1437125748502994,0.13872832369942195,0.15384615384615385,0.1568627450980392,58,0.3181818181818182,28,False,False,0.6338417875515492,0.0,2.0277777777777777,2.388888888888889,36,,,,,,,-0.06902340615376958,20,3.92,1.18,85.0,4.0,5.0,87.0,42.0,0.0,0.0,0.0,16.0,SP,16.0,353.0,58.0,22.1,9.21,4.45,6.14,1.06,22.002097924122232,0.003024879115117507,3,0.375,18.0,7,6,1,1,0.0,4.55,0.03421239894215602,0.20344827586206896,0.22085889570552147,0.08282208588957055,0.40061162079510704,0.27007339449541284,0.18181818181818182,4.348,0.33583479577050784
673548,Seiya Suzuki,R,CHC,2,Dustin May,R,669160.0,823022,CHC @ STL,4:45 PM,29/07,Scheduled,0.6338417875515492,,,,False,1110101111,estimated,5,1,0.2,1,2023,0.2642316782947956,0.36897255421531844,0.34604413244233245,0.44034501594482006,0.29569903850348084,20,1,0.012357723577235746,1.031,42.9,D,0.2877526753864447,2.769067114021897,0.4492794896556457,0.2399905734628162,20,5,0,0.26,0.27235772357723576,0.6714285714285714,0.26071428571428573,0.06785714285714285,0.27364864864864863,0.20285969615728328,0.3247863247863248,0.2506116742397763,0.27319587628865977,220,0.2631578947368421,177,False,False,0.630852840074008,0.002988947477541193,3.802197802197802,4.362637362637362,91,,,,,,,0.10820459781007973,20,4.59,1.32,104.0,5.0,7.0,103.0,33.0,0.0,0.0,0.0,20.0,SP,20.0,441.0,104.0,22.1,8.91,2.86,9.0,0.61,21.930667155764294,0.0055082124484509,4,0.5,27.0,7,6,0,0,0.0,4.55,0.11380843390089752,0.2583518930957684,0.2587548638132296,0.10311284046692606,0.42141350210970463,0.3436487341772152,0.22560975609756098,4.348,0.3613703552007493
592518,Manny Machado,R,SD,2,Gabriel Hughes,R,687312.0,823273,COL @ SD,1:10 PM,29/07,Scheduled,0.632858866611956,-170.0,178.0,63.0,False,0011011111,estimated,0,0,0.0,0,0,0.33197218746759444,0.36139885229941954,0.4957969051113393,0.39361263650078815,0.17728670063504812,20,1,-0.03723577235772357,0.954,55.2,C,0.26813880126182965,,,,4,7,0,0.24390243902439024,0.20666666666666667,0.6182965299684543,0.29337539432176657,0.08832807570977919,0.19925013390465987,0.1844946025515211,0.24611398963730569,0.2,0.21487603305785125,268,0.21428571428571427,171,False,True,0.6463833596770078,-0.013524493065051768,3.70873786407767,4.262135922330097,103,,,,,,,0.17487891695056068,20,2.79,1.14,19.1,0.0,2.0,19.0,6.0,1.0,0.0,1.0,3.0,SP,4.0,77.0,16.0,19.2,8.84,2.79,7.45,0.0,,0.020824466721377277,6,0.75,6.0,7,6,1,1,0.0,4.55,0.0963026321141285,0.20681818181818182,0.22310756972111553,0.099601593625498,0.4463922764227642,0.31153658536585366,0.16666666666666666,4.348,0.40124887217233945
547180,Bryce Harper,L,PHI,3,Ryan Gusto,R,687473.0,823837,PHI @ MIA,9:10 AM,29/07,Pre-Game,0.6328232766521773,-194.0,203.0,66.0,False,1011000111,live,0,0,0.0,0,0,0.16383427693257646,0.27688999221973565,0.3042167011169912,0.22366488215081481,0.273248187533846,20,1,0.13612643064697857,1.0,63.6,C,0.2756183745583039,4.270134642826094,0.43267399569632986,0.22885324115508235,12,5,0,0.17123287671232876,0.30735930735930733,0.5406360424028268,0.2791519434628975,0.18021201413427562,0.24075366364270762,0.22609472743521,0.27061310782241016,0.24023629799803084,0.2697095435684647,280,0.22794117647058823,171,False,False,0.6317681493524839,0.0010551272996933703,3.556603773584906,4.254716981132075,106,,,,,,,-0.046446875961140034,20,4.5,1.32,34.0,0.0,2.0,31.0,11.0,0.0,0.0,0.0,7.0,SP,12.0,151.0,34.0,12.6,8.21,2.91,9.0,0.79,12.45469313191473,0.0024767233478226736,5,0.5555555555555556,7.0,7,6,1,1,0.0,4.45,0.12255512757267051,0.24882629107981222,0.20710059171597633,0.13806706114398423,0.44055036344755966,0.34770716510903427,0.2682926829268293,4.248,0.3163261164252398
643446,Jeff Mcneil,L,ATH,7,Patrick Sandoval,L,663776.0,824973,BOS @ ATH,6:40 PM,29/07,Scheduled,0.6327137689790695,,,,False,0101010111,estimated,6,4,0.6666666666666666,1,2022,0.32656148947543845,0.35899534885441287,0.3430993685740324,0.3470682236554586,0.03252058126833224,20,2,-0.02253005333970226,0.977,52.2,C,0.2577777777777778,,,,3,5,0,0.22641509433962265,0.2489451476793249,0.4088888888888889,0.3511111111111111,0.24,0.22857142857142856,0.22596153846153846,0.2577903682719547,0.2335886214442013,0.2608695652173913,178,0.2248062015503876,143,False,False,0.6201518804471298,0.012561888531939736,3.0851063829787235,3.4148936170212765,94,,,,,,,0.12144705216838983,20,3.21,1.64,14.0,0.0,0.0,13.0,4.0,0.0,0.0,0.0,3.0,SP,3.0,64.0,19.0,21.3,8.36,2.57,12.21,0.64,,-0.023888768979069552,4,0.5714285714285714,17.0,7,6,0,0,0.0,4.0,0.07951225107723972,0.22010869565217392,0.12469437652811736,0.07579462102689487,0.3107255520504732,0.2982018927444795,0.6153846153846154,3.761,0.32051585065177823
695734,Daylen Lile,L,WSH,6,Trey Yesavage,R,702056.0,822702,TOR @ WSH,10:05 AM,29/07,Scheduled,0.6327137689790695,,,,False,1011001111,estimated,0,0,0.0,0,0,0.21223674264647419,0.33795122542499073,0.43786914774196206,0.30858379202461655,0.2445730657137874,20,1,-0.03074374079528719,1.04,66.8,B,0.28982456140350876,1.8448165072696963,0.355337698120357,0.25526492884060714,16,5,0,0.26785714285714285,0.23711340206185566,0.4687719298245614,0.24,0.2912280701754386,0.20575842696629212,0.22055137844611528,0.2413793103448276,0.2153163152053274,0.2318181818181818,238,0.26229508196721313,202,False,False,0.6438766480819845,-0.011162879102915024,3.8380952380952382,4.190476190476191,105,,,,,,,-0.11388561073841842,20,3.92,1.18,85.0,4.0,5.0,87.0,42.0,0.0,0.0,0.0,16.0,SP,16.0,353.0,58.0,22.1,9.21,4.45,6.14,1.06,22.002097924122232,0.01401956435426377,3,0.375,18.0,7,6,1,1,0.0,4.12,0.047464972917002635,0.25327510917030566,0.1814516129032258,0.05443548387096774,0.35561594202898555,0.30682608695652175,0.2,3.895,0.33583479577050784
682998,Corbin Carroll,L,AZ,3,Jared Jones,R,683003.0,823351,AZ @ PIT,9:35 AM,29/07,Scheduled,0.6323359638608473,-163.0,178.0,62.0,False,0111110111,estimated,0,0,0.0,0,0,0.19714264168276674,0.30142212874501384,0.5686967361794365,0.2725651173446129,0.25435655241027244,20,1,-0.18328811720021704,1.013,88.6,A,0.29836512261580383,4.249535695441396,0.3565571963250597,0.3007624937171691,10,5,0,0.3894736842105263,0.20618556701030927,0.45231607629427795,0.4114441416893733,0.1362397820163488,0.24145415084102007,0.28306264501160094,0.20267686424474188,0.24613003095975233,0.2644628099173554,270,0.22916666666666666,177,False,False,0.6412550042810415,-0.008919040420194202,3.7475728155339807,4.339805825242719,103,,,,,,,0.055510346103481864,20,3.72,1.02,46.0,2.0,1.0,53.0,13.0,0.0,0.0,0.0,10.0,SP,10.0,184.0,34.0,18.4,10.37,2.54,6.65,1.17,18.491177945866554,0.029397369472486057,3,0.375,6.0,7,7,1,1,0.0,4.45,0.11671899776132026,0.248868778280543,0.23106796116504855,0.1145631067961165,0.4969040247678019,0.34281940144478845,0.24752475247524752,4.248,0.3520347592499012
545361,Mike Trout,R,LAA,2,Hayden Wesneski,R,669713.0,824002,HOU @ LAA,6:38 PM,29/07,Scheduled,0.6317681493524839,-163.0,178.0,62.0,False,1001101101,estimated,0,0,0.0,0,0,0.3119292053555709,0.35473789134097544,0.3473317833944101,0.3917838307877725,0.21312516707601328,20,1,-0.08503017516314215,0.979,,,,,,,0,0,0,0.30337078651685395,0.2183406113537118,,,,0.26622296173044924,0.24305555555555555,0.3050847457627119,0.26398901476141434,0.2731707317073171,244,0.18584070796460178,154,False,False,0.6287134321555828,0.003054717196901091,3.6136363636363638,4.5227272727272725,88,,,,,,,0.15782738284581238,20,,,,,,,,,,,,,,,,,,,,,,-0.01153957792391247,7,0.7777777777777778,0.0,7,6,0,1,0.0,4.55,0.11051444866574567,0.24641148325358853,0.2695984703632887,0.16061185468451242,0.5036101083032491,0.3763309265944645,,4.348,0.31773216838383395
687263,Zach Neto,R,LAA,1,Hayden Wesneski,R,669713.0,824002,HOU @ LAA,6:38 PM,29/07,Scheduled,0.6308792275261902,-9900.0,9900.0,99.0,False,0111110011,estimated,0,0,0.0,0,0,0.23923877194948615,0.3350707597248095,0.4322422346672989,0.3626615153802377,0.303865645642774,20,1,-0.009214720370906981,0.979,,,,,,,0,0,0,0.24369747899159663,0.23448275862068965,,,,0.2501427755568247,0.21846153846153846,0.25076452599388377,0.23969835712361973,0.24242424242424243,297,0.22758620689655173,169,False,False,0.6128646535051496,0.018014574021040564,3.9326923076923075,4.480769230769231,104,,,,,,,0.1633058537428658,20,,,,,,,,,,,,,,,,,,,,,,-0.024564941811904495,7,0.7777777777777778,0.0,7,6,0,1,0.0,4.65,0.08058381099793045,0.22637362637362637,0.3180952380952381,0.09523809523809523,0.4050925925925926,0.3171041666666667,,4.44,0.31773216838383395
665926,Andrés Giménez,L,TOR,8,Zack Littell,R,641793.0,822702,TOR @ WSH,10:05 AM,29/07,Scheduled,0.6306040975946988,,,,False,1100000110,estimated,10,3,0.3,1,2023,0.20124053293398572,0.35982794380534233,0.1823348199524426,0.25883684660222966,0.18182416533451637,20,1,-0.11304746617748221,1.04,34.7,F,0.23617153511497824,2.5739519668582056,0.44158985310733523,0.16884559460204374,20,5,0,0.32653061224489793,0.21348314606741572,0.418170504044804,0.37834474175482263,0.20348475420037337,0.2520938023450586,0.22388059701492538,0.18243243243243243,0.2336448598130841,0.26380368098159507,177,0.19607843137254902,165,False,False,0.5799309021753369,0.05067319541936188,3.2577319587628866,3.5257731958762886,97,,,,,,,-0.09145979246434706,20,5.17,1.34,101.0,7.0,8.0,66.0,31.0,0.0,0.0,0.0,13.0,SP,21.0,434.0,104.0,20.7,5.88,2.76,9.27,2.23,20.60726345652533,-0.01357552616612745,7,0.7777777777777778,4.0,7,7,1,1,0.0,3.88,0.02310300679623074,0.2372448979591837,0.19212962962962962,0.03935185185185185,0.25501618122977343,0.29341747572815535,0.2747747747747748,3.599,0.3225987976012055
605141,Mookie Betts,R,LAD,5,Emerson Hancock,R,676106.0,823924,SEA @ LAD,7:10 PM,29/07,Scheduled,0.6300921251781265,-178.0,186.0,64.0,False,0001001101,estimated,0,0,0.0,0,0,0.17294970671257512,0.2420075581479644,0.3310868355650701,0.18546930257336966,0.122943141090117,20,1,-0.070415133998949,0.973,44.4,D,0.25,3.1221541447734573,0.4543991664143705,0.2282549407257696,19,7,0,0.2727272727272727,0.2023121387283237,0.7412415488629379,0.2077443146896128,0.051014136447449294,0.21684737281067556,0.22641509433962265,0.2398190045248869,0.22216674987518722,0.22699386503067484,177,0.22935779816513763,119,False,False,0.6412550042810415,-0.011162879102915024,3.9420289855072466,4.2898550724637685,69,,,,,,,0.030107709024518016,20,3.16,1.01,105.1,6.0,4.0,97.0,26.0,0.0,0.0,0.0,19.0,SP,19.0,414.0,80.0,21.8,8.29,2.22,6.84,1.11,21.372264645854326,-0.010725458511459895,3,0.42857142857142855,-18.0,7,5,0,0,0.0,4.25,0.06323519770138628,0.24838012958963282,0.1138996138996139,0.0888030888030888,0.39603960396039606,0.30773267326732673,0.21818181818181817,4.023,0.3195810530581775
695600,Carter Jensen,L,KC,1,Joe Ryan,R,657746.0,823677,KC @ MIN,4:40 PM,29/07,Scheduled,0.629347016383306,,,,False,1101010100,estimated,6,1,0.16666666666666666,1,2025,0.1740468336353005,0.2840908352996326,0.4962369693846568,0.2796017477755335,0.41380785900910816,20,1,0.03627098321342925,1.022,73.6,B,0.3059536934950386,4.244402599026738,0.4213344230783274,0.2802182886981462,20,9,0,0.20833333333333334,0.2446043165467626,0.5584988962472406,0.3217439293598234,0.11975717439293598,0.2072936660268714,0.21481481481481482,0.23893805309734514,0.21606182795698925,0.23113207547169812,229,0.2463768115942029,164,False,False,0.6346866189769352,-0.0053396025936292,3.5353535353535355,3.9696969696969697,99,,,,,,,-0.11150315456110159,20,3.38,1.1,114.1,6.0,6.0,131.0,25.0,0.0,0.0,0.0,21.0,SP,21.0,472.0,101.0,22.5,10.31,1.97,7.95,1.26,23.26473412567696,0.0014696502833606573,6,0.75,-6.0,7,6,0,0,0.0,4.65,0.11286988899159954,0.24396135265700483,0.2698072805139186,0.09635974304068523,0.45428240740740744,0.31011458333333336,0.242914979757085,4.44,0.29610857931088197
669016,Brandon Marsh,L,PHI,6,Ryan Gusto,R,687473.0,823837,PHI @ MIA,9:10 AM,29/07,Pre-Game,0.6287134321555828,,,,False,0110100100,live,0,0,0.0,0,0,0.15628151698884293,0.25970193313402434,0.41071746208629695,0.20551516578503806,0.2712974493825303,20,1,-0.012403438146012358,1.0,63.6,C,0.2756183745583039,4.270134642826094,0.43267399569632986,0.22885324115508235,12,5,0,0.2871287128712871,0.27472527472527475,0.5406360424028268,0.2791519434628975,0.18021201413427562,0.2557510148849797,0.2391304347826087,0.2755905511811024,0.25269203158650394,0.2631578947368421,223,0.296969696969697,178,False,False,0.6192730366613078,0.009440395494275,3.702970297029703,3.9702970297029703,101,,,,,,,-0.21948550849811188,20,4.5,1.32,34.0,0.0,2.0,31.0,11.0,0.0,0.0,0.0,7.0,SP,12.0,151.0,34.0,12.6,8.21,2.91,9.0,0.79,12.45469313191473,-0.001993432155582786,5,0.5555555555555556,7.0,7,6,1,1,0.0,4.12,0.046773656207485005,0.271889400921659,0.2740899357601713,0.04925053533190578,0.45751633986928103,0.35456781045751634,0.2682926829268293,3.895,0.3163261164252398
807712,Luke Keaschall,R,MIN,7,Randy Dobnak,R,677976.0,823677,KC @ MIN,4:40 PM,29/07,Scheduled,0.6276691743303934,,,,False,1111011001,estimated,0,0,0.0,0,0,0.2718966237878886,0.2944614136453876,0.31991091502093477,0.3804242450893791,0.18005580198463214,20,1,0.056656322113471796,1.022,51.9,C,0.256797583081571,,,,4,6,0,0.22033898305084745,0.27699530516431925,0.5015105740181269,0.27794561933534745,0.22054380664652568,0.2630272952853598,0.24114441416893734,0.2251655629139073,0.2521083000443853,0.26737967914438504,212,0.24305555555555555,177,False,False,0.5929822599742045,0.03468691435618887,3.3434343434343434,3.9292929292929295,99,,,,,,,-0.007409420713890111,20,1.42,1.37,19.0,0.0,0.0,10.0,9.0,0.0,0.0,0.0,2.0,RP,4.0,80.0,17.0,20.0,4.74,4.26,8.05,0.95,,-0.0038977457589647324,7,0.7777777777777778,0.0,7,6,0,0,0.0,4.0,0.11591077846703218,0.2623762376237624,0.15106382978723404,0.08936170212765958,0.30380380380380384,0.2680292792792793,0.21739130434782608,3.761,0.3173100934196813
592663,J. T. Realmuto,R,PHI,5,Ryan Gusto,R,687473.0,823837,PHI @ MIA,9:10 AM,29/07,Pre-Game,0.627562721445181,,,,False,1111111101,live,0,0,0.0,0,0,0.38694181141331474,0.4047736620281752,0.6034187112184335,0.4667408326087694,0.21376916346323138,20,2,-0.007223942208462342,1.0,63.6,C,0.2756183745583039,4.270134642826094,0.43267399569632986,0.22885324115508235,12,5,0,0.23529411764705882,0.22807017543859648,0.5406360424028268,0.2791519434628975,0.18021201413427562,0.23782771535580524,0.18458781362007168,0.20103092783505155,0.22137404580152673,0.2446043165467626,153,0.21367521367521367,135,False,False,0.6371095698246685,-0.009546848379487494,3.3684210526315788,3.789473684210526,76,,,,,,,0.20333340522838744,20,4.5,1.32,34.0,0.0,2.0,31.0,11.0,0.0,0.0,0.0,7.0,SP,12.0,151.0,34.0,12.6,8.21,2.91,9.0,0.79,12.45469313191473,0.011097278554819012,5,0.5555555555555556,7.0,7,6,1,1,0.0,4.25,0.048105479915915045,0.23284313725490197,0.2159827213822894,0.06911447084233262,0.43641774891774887,0.3235909090909091,0.21428571428571427,4.023,0.3163261164252398
663993,Nathaniel Lowe,L,CIN,6,Joey Cantillo,L,676282.0,824487,CLE @ CIN,4:10 PM,29/07,Scheduled,0.6272648041059031,,,,False,0111101101,estimated,0,0,0.0,0,0,0.24874025598946628,0.3784995261979769,0.3298168914465197,0.3369655301515529,0.2693834300520493,20,1,0.19557566616390143,1.083,64.3,C,0.3126984126984127,2.2172558927055857,0.372665238033605,0.24720395897304792,20,5,0,0.4444444444444444,0.248868778280543,0.4051906779661017,0.3294491525423729,0.2653601694915254,0.2410575427682737,0.2607655502392344,0.2696629213483146,0.24835941443715295,0.2777777777777778,160,0.22093023255813954,98,False,False,0.6116756780547923,0.015589126051110846,3.026315789473684,3.3947368421052633,76,,,,,,,-0.025585123676306106,20,4.02,1.46,109.2,8.0,6.0,116.0,53.0,0.0,0.0,0.0,22.0,SP,22.0,475.0,107.0,21.6,9.52,4.35,8.78,1.07,22.178344125387344,-0.020507661248760245,7,0.7777777777777778,6.0,7,7,0,1,0.0,4.12,0.043228492570994384,0.26,0.24189526184538654,0.10473815461346633,0.41752305665349143,0.3397707509881423,0.23300970873786409,3.895,0.34364293624900055
691026,Masyn Winn,R,STL,6,Matt Boyd,L,571510.0,823022,CHC @ STL,4:45 PM,29/07,Scheduled,0.6272648041059031,,,,False,0001001111,estimated,11,4,0.36363636363636365,1,2023,0.25516649266903896,0.3501879774254736,0.449205075468358,0.3353554671456289,0.20613462758177253,20,1,0.0535792709705753,1.031,63.9,C,0.28139013452914796,2.921921063997426,0.3867216396230406,0.20501470673845512,10,5,0,0.2828282828282828,0.22924901185770752,0.4562780269058296,0.257847533632287,0.2858744394618834,0.23653088042049936,0.24643320363164722,0.2876712328767123,0.24267616785431512,0.24479166666666666,216,0.24375,184,False,False,0.6045627543960189,0.02270204970988421,3.6288659793814433,4.123711340206185,97,,,,,,,0.017148741786007317,20,3.81,1.24,59.0,6.0,1.0,55.0,17.0,0.0,0.0,0.0,11.0,SP,11.0,246.0,56.0,22.4,8.39,2.59,8.54,0.92,23.376158925906616,-0.019184804105903175,5,0.625,39.0,7,7,0,0,0.0,4.12,0.0958945844410333,0.22632794457274827,0.20528455284552846,0.08536585365853659,0.3423694779116466,0.3049759036144578,0.2545454545454545,3.895,0.3139515383267032
681715,Heriberto Hernandez,R,MIA,2,Jesús Luzardo,L,666200.0,823837,PHI @ MIA,9:10 AM,29/07,Pre-Game,0.6271031777005853,,,,False,0111110010,live,11,0,0.0,1,2025,0.2626631145182071,0.4036205956541257,0.526150062972753,0.47258622117048615,0.3828670922307189,20,1,-0.04081098757357751,1.0,98.3,A,0.3259478089611029,3.9454278983990747,0.32851197663491644,0.31057970788590855,20,5,0,0.21818181818181817,0.2589928057553957,0.43032988675529293,0.37813884785819796,0.1915312653865091,0.22158438576349024,0.2,0.22661870503597123,0.21632196757965344,0.1875,143,0.2975206611570248,132,False,False,0.6460139750462396,-0.018910797345654262,3.1923076923076925,3.5256410256410255,78,,,,,,,0.08826876415901187,20,3.31,1.17,122.1,9.0,5.0,152.0,38.0,0.0,0.0,0.0,21.0,SP,21.0,509.0,105.0,24.2,11.18,2.8,7.72,0.81,24.457950708570305,-0.0003365110339187405,6,0.6666666666666666,-7.0,7,6,1,1,0.0,4.55,0.04350002507459131,0.24396782841823056,0.2523364485981308,0.10514018691588785,0.4962264150943396,0.35173962264150943,0.25,4.348,0.3232737916584744
596019,Francisco Lindor,L,NYM,2,Chris Sale,L,519242.0,823598,ATL @ NYM,4:10 PM,29/07,Scheduled,0.6257244846780416,-163.0,170.0,62.0,False,0011110011,estimated,10,3,0.3,1,2024,0.28010589390752855,0.33121231381567545,0.49544603757257094,0.3233596369376772,0.19024651033278203,20,2,0.013398960896910034,0.949,87.0,A,0.32656514382402707,5.573508290835782,0.3361974099439555,0.30864296994419,19,6,0,0.24528301886792453,0.2318840579710145,0.4915349887133183,0.39334085778781036,0.11512415349887133,0.23492723492723494,0.23433874709976799,0.20884520884520885,0.22850804215196893,0.22580645161290322,132,0.2537313432835821,80,False,False,0.663257682472585,-0.03753319779454334,3.9791666666666665,4.416666666666667,48,,,,,,,0.10529182949138856,20,2.19,1.05,111.0,11.0,6.0,134.0,26.0,0.0,0.0,0.0,19.0,SP,19.0,451.0,91.0,23.7,10.86,2.11,7.38,0.65,23.570052082310124,0.02093107087751389,9,1.0,9.0,7,6,1,0,0.0,4.55,0.10996656589048562,0.2520833333333333,0.1801470588235294,0.10110294117647059,0.4694589877835951,0.3180157068062827,0.21568627450980393,4.348,0.3508574187002097
643289,Mauricio Dubón,R,ATL,5,Christian Scott,R,681035.0,823598,ATL @ NYM,4:10 PM,29/07,Scheduled,0.62503684099984,,,,False,1000111100,estimated,0,0,0.0,0,0,0.18983164823444953,0.2670139603107074,0.3161952686627932,0.2363524818023069,0.11182431878789315,20,2,-0.018227862191796063,0.949,65.8,B,0.2808219178082192,2.5827629885782306,0.35023506273097754,0.2934026359330027,14,7,0,0.27044025157232704,0.252212389380531,0.6863753213367609,0.27849185946872324,0.03513281919451585,0.2657828282828283,0.2685069008782936,0.21739130434782608,0.26135105204872644,0.2557077625570776,235,0.26506024096385544,184,False,False,0.6649297727401552,-0.03989293174031516,3.7745098039215685,4.107843137254902,102,,,,,,,0.014724164897106708,20,3.13,1.26,63.1,3.0,2.0,78.0,29.0,0.0,0.0,0.0,14.0,SP,14.0,271.0,51.0,19.4,11.08,4.12,7.25,0.99,19.463990884192718,0.017000659000160012,8,1.0,-4.0,6,7,1,0,0.0,4.25,0.03639320911525133,0.25396825396825395,0.13626834381551362,0.06079664570230608,0.31529255319148936,0.29725265957446806,0.2413793103448276,4.023,0.32722330092197793
683002,Gunnar Henderson,L,BAL,3,Tarik Skubal,L,669373.0,824242,BAL @ DET,10:10 AM,29/07,Scheduled,0.6247507047059422,-150.0,163.0,60.0,False,0111101010,estimated,6,2,0.3333333333333333,1,2025,0.17629542464078157,0.3409662790755354,0.4459111416231215,0.3121022572182474,0.2857594586003401,20,1,0.010397738744195445,1.004,93.2,A,0.32622432859399686,8.563515629333603,0.29974006902265654,0.33239731739033657,14,5,0,0.2283464566929134,0.21794871794871795,0.5636363636363636,0.18181818181818182,0.2545454545454545,0.20231504781077,0.20460829493087557,0.16951566951566951,0.1965088600899233,0.21611721611721613,293,0.2289156626506024,194,False,False,0.6452926424175359,-0.02054193771159374,4.1415094339622645,4.59433962264151,106,,,,,,,-0.01594371927852132,20,2.7,0.92,90.0,7.0,5.0,110.0,13.0,0.0,0.0,0.0,15.0,SP,15.0,349.0,70.0,23.3,11.0,1.3,7.0,1.0,23.430216850879788,0.03411596196072442,6,0.75,-3.0,7,7,1,1,0.0,4.45,0.04034326500480953,0.22587268993839835,0.2265193370165746,0.07734806629834254,0.4478021978021978,0.30265384615384616,0.2911392405063291,4.248,0.28206957602602795
669003,Garrett Mitchell,L,MIL,6,Logan Webb,R,657277.0,823192,MIL @ SF,12:45 PM,29/07,Scheduled,0.6240879773819311,-9900.0,9900.0,99.0,False,1101000001,estimated,5,1,0.2,1,2025,0.2171746554535928,0.37832806224306265,0.46093237578053503,0.3206398448237736,0.23293301665926788,20,1,0.013833110218652411,0.994,61.2,C,0.2700684505289359,2.920218133711366,0.37933691094412786,0.1825292352336872,17,5,0,0.25925925925925924,0.27309236947791166,0.551337896701929,0.19041692594897325,0.2582451773490977,0.25816733067729086,0.2824302134646962,0.24786324786324787,0.2629679747406405,0.2694610778443114,189,0.27205882352941174,159,False,False,0.6109269061637836,0.013161071218147469,3.223404255319149,3.702127659574468,94,,,,,,,-0.09712009030289849,20,3.98,1.12,113.0,5.0,7.0,89.0,29.0,0.0,0.0,0.0,18.0,SP,18.0,463.0,98.0,25.7,7.09,2.31,7.81,0.72,25.76934326180802,-0.018571310715264522,6,0.8571428571428571,-15.0,6,6,1,1,0.0,4.12,0.09693409481449679,0.2473404255319149,0.3294663573085847,0.10904872389791183,0.49430199430199434,0.3896538461538462,0.23770491803278687,3.895,0.29172260558915547
670042,Luke Raley,L,SEA,7,Eric Lauer,L,641778.0,823924,SEA @ LAD,7:10 PM,29/07,Scheduled,0.6229792015193532,,,,False,1011010100,estimated,0,0,0.0,0,0,0.1763121681314119,0.4073640217937506,0.5249589786001361,0.33763845691845384,0.4401052698973588,20,2,-0.23293172690763053,0.973,54.7,C,0.23787878787878788,1.8921080614692303,0.35965391461329266,0.14575317270465785,16,7,0,0.0,0.23293172690763053,0.6322971948445792,0.20849128127369218,0.15921152388172857,0.22363847045191193,0.2278719397363465,0.22755741127348644,0.22572038420490928,0.2361111111111111,161,0.21621621621621623,119,False,False,0.5879555139960347,0.035023687523318414,2.865168539325843,3.146067415730337,89,,,,,,,0.0018876650511334915,20,4.83,1.26,82.0,5.0,5.0,52.0,28.0,0.0,1.0,1.0,13.0,SP,16.0,346.0,75.0,21.6,5.71,3.07,8.23,2.2,22.204096407928276,-0.04916491580506743,7,0.875,11.0,6,6,0,0,0.0,4.0,0.05146215887119736,0.2236024844720497,0.32590529247910865,0.05013927576601671,0.4666666666666667,0.3513414634146342,0.25806451612903225,3.761,0.30464605687250107
691458,Blaze Jordan,R,STL,9,Matt Boyd,L,571510.0,823022,CHC @ STL,4:45 PM,29/07,Scheduled,0.622611897842755,,,,False,1011011000,estimated,0,0,0.0,0,0,0.16286839088512278,0.3277488950844014,0.45254683469108636,0.24801768089835205,0.12804302818318267,20,1,0.14856557377049182,1.031,63.9,C,0.28139013452914796,2.921921063997426,0.3867216396230406,0.20501470673845512,10,5,0,0.3125,0.16393442622950818,0.4562780269058296,0.257847533632287,0.2858744394618834,0.225,0.2264957264957265,0.15492957746478872,0.21843971631205675,0.20634920634920634,65,0.2608695652173913,53,True,False,0.5957356478637509,0.026876249979004063,3.303030303030303,3.5757575757575757,33,,,,,,,-0.06575836193775025,20,3.81,1.24,59.0,6.0,1.0,55.0,17.0,0.0,0.0,0.0,11.0,SP,11.0,246.0,56.0,22.4,8.39,2.59,8.54,0.92,23.376158925906616,-0.01489189784275502,5,0.625,39.0,7,7,0,0,0.0,3.76,0.05056036063321989,0.24107142857142858,0.1322314049586777,0.04132231404958678,0.44097222222222227,0.29219791666666667,0.2545454545454545,3.443,0.3139515383267032
650859,Luis Rengifo,L,SD,6,Gabriel Hughes,R,687312.0,823273,COL @ SD,1:10 PM,29/07,Scheduled,0.621695987509041,4900.0,-335.0,2.0,False,0111111110,estimated,0,0,0.0,0,0,0.38493552684734994,0.34062626039905325,0.4832812863226966,0.4495846635320651,0.12806571119710172,20,1,0.012500000000000011,0.954,55.2,C,0.26813880126182965,,,,4,7,0,0.22916666666666666,0.24166666666666667,0.6182965299684543,0.29337539432176657,0.08832807570977919,0.23414634146341465,0.2073490813648294,0.18992248062015504,0.22418478260869565,0.21551724137931033,126,0.26,119,False,True,0.6300921251781265,-0.008396137669085535,3.3230769230769233,3.769230769230769,65,,,,,,,0.1336815355613647,20,2.79,1.14,19.1,0.0,2.0,19.0,6.0,1.0,0.0,1.0,3.0,SP,4.0,77.0,16.0,19.2,8.84,2.79,7.45,0.0,,-0.00394598750904096,6,0.75,6.0,7,6,1,1,0.0,4.12,0.09792348833463048,0.2351421188630491,0.1597222222222222,0.08333333333333333,0.3474842767295597,0.2870125786163522,0.2608695652173913,3.895,0.40124887217233945
621566,Matt Olson,L,ATL,3,Sean Manaea,L,640455.0,823596,ATL @ NYM,10:10 AM,29/07,Scheduled,0.6216820701788754,-156.0,186.0,61.0,False,0101101010,estimated,11,4,0.36363636363636365,1,2022,0.21485431921746995,0.3341747834302898,0.4117583346540053,0.3332232490437836,0.30961071218452213,20,2,-0.01909296397826188,0.949,51.0,C,0.26398946675444374,3.3273083189377766,0.42536630852229573,0.23430977730728145,20,5,0,0.25287356321839083,0.2719665271966527,0.6491112574061882,0.3127057274522712,0.03818301514154049,0.27413876758854927,0.2571428571428571,0.2717391304347826,0.2688756110809343,0.25833333333333336,273,0.27167630057803466,194,False,False,0.6463833596770078,-0.02470128949813233,3.8962264150943398,4.40566037735849,106,,,,,,,-0.05009738867047028,20,4.52,1.35,85.2,2.0,5.0,84.0,28.0,0.0,0.0,0.0,8.0,RP,22.0,377.0,88.0,17.1,8.82,2.94,9.25,1.26,19.51356588166452,-0.0003070701788755459,8,1.0,-4.0,6,7,1,0,0.0,4.45,0.13521940921131329,0.25862068965517243,0.248565965583174,0.09751434034416825,0.49820359281437127,0.3264341317365269,0.23931623931623933,4.248,0.32722330092197793
665877,José Fermín,R,STL,8,Matt Boyd,L,571510.0,823022,CHC @ STL,4:45 PM,29/07,Scheduled,0.6188686664368176,,,,False,1010010010,estimated,0,0,0.0,0,0,0.16027237390084123,0.245783720744294,0.33931485088281077,0.16463785603877812,0.10092900364309876,20,1,0.056451612903225784,1.031,63.9,C,0.28139013452914796,2.921921063997426,0.3867216396230406,0.20501470673845512,10,5,0,0.2661290322580645,0.20967741935483872,0.4562780269058296,0.257847533632287,0.2858744394618834,0.2645962732919255,0.2603092783505155,0.3137254901960784,0.2689450222882615,0.26666666666666666,99,0.22916666666666666,110,False,False,0.6141478675154618,0.0047207989213557955,2.6956521739130435,3.028985507246377,69,,,,,,,-0.04147514465719427,20,3.81,1.24,59.0,6.0,1.0,55.0,17.0,0.0,0.0,0.0,11.0,SP,11.0,246.0,56.0,22.4,8.39,2.59,8.54,0.92,23.376158925906616,-0.014188666436817599,5,0.625,39.0,7,7,0,0,0.0,3.88,0.08391843002947383,0.24919093851132687,0.12427745664739884,0.08092485549132948,0.29699248120300753,0.2527406015037594,0.2545454545454545,3.599,0.3139515383267032
646240,Rafael Devers,L,SF,4,Shane Drohan,L,675660.0,823192,MIL @ SF,12:45 PM,29/07,Scheduled,0.6188686664368176,-150.0,163.0,60.0,False,1010111001,estimated,0,0,0.0,0,0,0.23618539373885739,0.3321549980885587,0.4833079819192856,0.2907564314047619,0.2094390513060989,20,1,-0.060726072607260706,0.994,84.2,A,0.2980392156862745,4.483457833640348,0.36639810752838825,0.27173133496902196,20,5,0,0.2,0.2607260726072607,0.6109803921568627,0.3411764705882353,0.04784313725490196,0.2291861552853134,0.21693121693121692,0.27954545454545454,0.23620178041543027,0.23236514522821577,266,0.2654320987654321,184,False,True,0.6238973158981979,-0.0050286494613802635,3.80188679245283,4.245283018867925,106,,,,,,,0.027608694633965414,20,3.51,1.2,82.0,5.0,4.0,82.0,23.0,1.0,0.0,1.0,11.0,SP,21.0,342.0,75.0,16.3,9.0,2.52,8.23,0.66,18.80821313233177,0.0013113335631824707,5,0.625,7.0,7,6,1,1,0.0,4.35,0.12274951374865868,0.24507658643326038,0.275390625,0.087890625,0.5123945147679324,0.32441772151898735,0.2376237623762376,4.159,0.3119194476353623
668904,Royce Lewis,R,MIN,4,Randy Dobnak,R,677976.0,823677,KC @ MIN,4:40 PM,29/07,Scheduled,0.6187070400314997,,,,False,0110100111,estimated,0,0,0.0,0,0,0.25004197657862026,0.2998144978906825,0.47609181486108976,0.304337055404623,0.15645737975802565,20,1,0.023463687150837964,1.022,51.9,C,0.256797583081571,,,,4,6,0,0.2,0.22346368715083798,0.5015105740181269,0.27794561933534745,0.22054380664652568,0.193,0.24914675767918087,0.21875,0.21420704845814978,0.21739130434782608,155,0.21487603305785125,139,False,False,0.5987203678696688,0.01998667216183092,3.5972222222222223,4.083333333333333,72,,,,,,,-0.0809019743609345,20,1.42,1.37,19.0,0.0,0.0,10.0,9.0,0.0,0.0,0.0,2.0,RP,4.0,80.0,17.0,20.0,4.74,4.26,8.05,0.95,,0.011607245682786038,7,0.7777777777777778,0.0,7,6,0,0,0.0,4.35,0.16407354042378552,0.21839080459770116,0.25103734439834025,0.07883817427385892,0.37738853503184716,0.2835732484076433,0.21739130434782608,4.159,0.3173100934196813
676724,Jared Young,L,NYM,5,Aj Smith-Shawver,R,700363.0,823596,ATL @ NYM,10:10 AM,29/07,Scheduled,0.6187070400314997,,,,False,1100110101,estimated,0,0,0.0,0,0,0.2708350545761494,0.3228284620916152,0.43806151816980105,0.30769446356569374,0.1751571736867778,20,2,0.08991228070175442,0.949,,,,,,,0,0,0,0.16666666666666666,0.2565789473684211,,,,0.24924924924924924,0.24050632911392406,0.248868778280543,0.24708624708624707,0.29,107,0.1875,76,False,False,0.6187070400314997,0.0,2.8275862068965516,3.1551724137931036,58,,,,,,,0.043512892742693134,20,,,,,,,,,,,,,,,,,,,,,,-0.013095928920388578,9,1.0,9.0,7,6,1,0,0.0,4.25,0.03778768799483048,0.22377622377622378,0.24375,0.078125,0.42788461538461536,0.29302884615384617,,4.023,0.3508574187002097
663457,Lars Nootbaar,L,STL,5,Matt Boyd,L,571510.0,823022,CHC @ STL,4:45 PM,29/07,Scheduled,0.6187070400314997,,,,False,1010100011,estimated,0,0,0.0,0,0,0.15081374764679228,0.25157729479813806,0.49310349424703775,0.19920412616944377,0.1741662392077187,20,1,-0.003478260869565236,1.031,63.9,C,0.28139013452914796,2.921921063997426,0.3867216396230406,0.20501470673845512,10,5,0,0.24,0.24347826086956523,0.4562780269058296,0.257847533632287,0.2858744394618834,0.2391681109185442,0.23652694610778444,0.21,0.23450134770889489,0.2465753424657534,84,0.23880597014925373,80,False,False,0.6118373044601101,0.00686973557138959,3.255813953488372,3.813953488372093,43,,,,,,,-0.09880452982301831,20,3.81,1.24,59.0,6.0,1.0,55.0,17.0,0.0,0.0,0.0,11.0,SP,11.0,246.0,56.0,22.4,8.39,2.59,8.54,0.92,23.376158925906616,0.000952959968500311,5,0.625,39.0,7,7,0,0,0.0,4.25,0.16829933575685058,0.22685185185185186,0.21951219512195122,0.10365853658536585,0.48919753086419754,0.2960679012345679,0.18181818181818182,4.023,0.3139515383267032
660688,Keibert Ruiz,L,WSH,8,Trey Yesavage,R,702056.0,822702,TOR @ WSH,10:05 AM,29/07,Scheduled,0.6172410936238889,,,,False,1101010101,estimated,0,0,0.0,0,0,0.21184808600484395,0.23731760304715158,0.29470393800739225,0.22885826951026197,0.06932522443113089,20,1,-0.016238868517548466,1.04,66.8,B,0.28982456140350876,1.8448165072696963,0.355337698120357,0.25526492884060714,16,5,0,0.27710843373493976,0.2608695652173913,0.4687719298245614,0.24,0.2912280701754386,0.289048473967684,0.2198952879581152,0.26570048309178745,0.2617801047120419,0.29914529914529914,123,0.23076923076923078,113,False,False,0.6201518804471298,-0.002910786823240863,3.298507462686567,3.5223880597014925,67,,,,,,,-0.12401358017529265,20,3.92,1.18,85.0,4.0,5.0,87.0,42.0,0.0,0.0,0.0,16.0,SP,16.0,353.0,58.0,22.1,9.21,4.45,6.14,1.06,22.002097924122232,0.0019589063761111802,3,0.375,18.0,7,6,1,1,0.0,3.88,0.05696156341398372,0.23902439024390243,0.10416666666666667,0.03009259259259259,0.35205479452054794,0.2593643835616439,0.2,3.599,0.33583479577050784
622268,Donovan Walton,L,ATH,5,Patrick Sandoval,L,663776.0,824973,BOS @ ATH,6:40 PM,29/07,Scheduled,0.6169084642150543,,,,False,1000011001,estimated,0,0,0.0,0,0,0.3295757464667851,0.32448442445132725,0.3647116232182387,0.40385574283906606,0.22217177028886181,20,3,-0.10612244897959183,0.977,52.2,C,0.2577777777777778,,,,3,5,0,0.2,0.30612244897959184,0.4088888888888889,0.3511111111111111,0.24,0.26011560693641617,0.2535211267605634,0.22564102564102564,0.2503311258278146,0.2786885245901639,66,0.3191489361702128,57,False,False,0.6109269061637836,0.005981558051270652,3.0,3.4166666666666665,36,,,,,,,-0.07699417447050279,20,3.21,1.64,14.0,0.0,0.0,13.0,4.0,0.0,0.0,0.0,3.0,SP,3.0,64.0,19.0,21.3,8.36,2.57,12.21,0.64,,-0.027508464215054262,4,0.5714285714285714,17.0,7,6,0,0,0.0,4.25,0.20863349305675594,0.21338912133891214,0.1814814814814815,0.08888888888888889,0.33289473684210524,0.2535578947368421,0.6153846153846154,4.023,0.32051585065177823
810938,Ben Williamson,R,TB,6,Mackenzie Gore,L,669022.0,822947,TEX @ TB,3:40 PM,29/07,Scheduled,0.6158143405695884,,,,False,0101001011,estimated,0,0,0.0,0,0,0.29207358176907616,0.29393158267183767,0.27426330686923656,0.324772965913955,0.13670182875029663,20,1,-0.09689098780007871,0.96,51.4,C,0.2689969604863222,2.9258515995125247,0.4275040666129672,0.24888524083368518,20,5,0,0.19834710743801653,0.29523809523809524,0.5909782057780031,0.303091738469336,0.10593005575266093,0.24739884393063583,0.24349881796690306,0.2138364779874214,0.2415691672401927,0.24369747899159663,126,0.24299065420560748,123,False,False,0.6269945433886629,-0.011180202819074503,3.054054054054054,3.364864864864865,74,,,,,,,0.01213288576249119,20,4.82,1.31,115.2,6.0,8.0,127.0,44.0,0.0,0.0,0.0,22.0,SP,22.0,498.0,107.0,22.6,9.88,3.42,8.33,1.09,22.938920974394957,0.030452326097078264,3,0.3333333333333333,16.0,6,6,0,0,0.0,4.12,0.048201409700021194,0.256,0.18491484184914841,0.07542579075425791,0.3656633221850613,0.3049448160535117,0.2261904761904762,3.895,0.3411093866663393
686681,Michael Massey,L,KC,7,Joe Ryan,R,657746.0,823677,KC @ MIN,4:40 PM,29/07,Scheduled,0.6158143405695884,,,,False,1011111010,estimated,11,2,0.18181818181818182,1,2022,0.304733252617842,0.262822158648896,0.42877119041735257,0.4402470828178576,0.20437680796373,20,1,0.1512605042016807,1.022,73.6,B,0.3059536934950386,4.244402599026738,0.4213344230783274,0.2802182886981462,20,9,0,0.14285714285714285,0.29411764705882354,0.5584988962472406,0.3217439293598234,0.11975717439293598,0.24812734082397003,0.27416173570019725,0.23484848484848486,0.25501899077590884,0.24358974358974358,167,0.308411214953271,118,False,False,0.6145830638502675,0.001231276719320884,3.0941176470588236,3.3529411764705883,85,,,,,,,0.16514694880286654,20,3.38,1.1,114.1,6.0,6.0,131.0,25.0,0.0,0.0,0.0,21.0,SP,21.0,472.0,101.0,22.5,10.31,1.97,7.95,1.26,23.26473412567696,0.011268992763744934,6,0.75,-6.0,7,6,0,0,0.0,4.0,0.06987054234175297,0.27631578947368424,0.16461916461916462,0.051597051597051594,0.3968583599574015,0.2954888178913738,0.242914979757085,3.761,0.29610857931088197
669707,Jared Triolo,R,PIT,8,Eduardo Rodríguez,L,593958.0,823351,AZ @ PIT,9:35 AM,29/07,Scheduled,0.6146646255323335,,,,False,1111111000,estimated,0,0,0.0,0,0,0.23003099893662676,0.27379249972968417,0.4427930562509782,0.3071938166294693,0.1859575347049632,20,1,0.12497711041933712,1.013,45.7,D,0.2548618219037871,1.8877983566900163,0.3694687764155284,0.1681723852931559,20,5,0,0.313953488372093,0.1889763779527559,0.6014344262295082,0.13063524590163936,0.26793032786885246,0.21508034610630408,0.21220159151193635,0.25146198830409355,0.21895664952240998,0.27586206896551724,130,0.1958762886597938,108,False,False,0.578208154577219,0.036456470955114506,3.1791044776119404,3.5522388059701493,67,,,,,,,0.001527034813067616,20,2.64,1.24,122.2,9.0,3.0,86.0,44.0,0.0,0.0,0.0,21.0,SP,21.0,505.0,108.0,24.0,6.31,3.23,7.92,0.95,23.989875777443824,-0.016614625532333505,2,0.2222222222222222,24.0,7,7,1,1,0.0,3.88,0.08220701487546427,0.254278728606357,0.2236842105263158,0.08114035087719298,0.3811074918566775,0.309071661237785,0.2358490566037736,3.599,0.33063366610959416
666176,Jo Adell,R,LAA,6,Hayden Wesneski,R,669713.0,824002,HOU @ LAA,6:38 PM,29/07,Scheduled,0.6145830638502675,-144.0,150.0,59.0,False,0011011110,estimated,0,0,0.0,0,0,0.23441713173023332,0.3797614480497473,0.34884700295062215,0.3527522346850524,0.276336781435264,20,1,-0.01163590507852802,0.979,,,,,,,0,0,0,0.2459016393442623,0.23426573426573427,,,,0.2347616173808087,0.25146198830409355,0.1845841784989858,0.2317111459968603,0.23293172690763053,264,0.24528301886792453,174,False,False,0.620545276798639,-0.005962212948371515,3.849056603773585,4.132075471698113,106,,,,,,,0.04387840825634026,20,,,,,,,,,,,,,,,,,,,,,,-0.0188830638502675,7,0.7777777777777778,0.0,7,6,0,1,0.0,4.12,0.07947990889797528,0.24342105263157895,0.24130879345603273,0.032719836400818,0.4442800788954635,0.33562771203155817,,3.895,0.31773216838383395
642086,Dominic Smith,L,ATL,6,Sean Manaea,L,640455.0,823596,ATL @ NYM,10:10 AM,29/07,Scheduled,0.6145830638502675,,,,False,0010011001,estimated,0,0,0.0,0,0,0.2610117294172641,0.22909019765857283,0.31330942399148176,0.3339941846984796,0.16487127773880147,20,3,-0.21370716510903426,0.949,51.0,C,0.26398946675444374,3.3273083189377766,0.42536630852229573,0.23430977730728145,20,5,0,0.06666666666666667,0.2803738317757009,0.6491112574061882,0.3127057274522712,0.03818301514154049,0.28804347826086957,0.26139088729016785,0.20333333333333334,0.2623626373626374,0.3125,122,0.2222222222222222,134,False,False,0.6390002352637844,-0.024417171413516847,2.632183908045977,2.942528735632184,87,,,,,,,-0.09710380779394268,20,4.52,1.35,85.2,2.0,5.0,84.0,28.0,0.0,0.0,0.0,8.0,RP,22.0,377.0,88.0,17.1,8.82,2.94,9.25,1.26,19.51356588166452,-0.004633063850267405,8,1.0,-4.0,6,7,1,0,0.0,4.12,0.10181683731907858,0.27113702623906705,0.14814814814814814,0.06349206349206349,0.35772357723577236,0.28998780487804876,0.23931623931623933,3.895,0.32722330092197793
678246,Miguel Vargas,R,CWS,3,Cam Schlittler,R,693645.0,824567,NYY @ CWS,4:40 PM,29/07,Scheduled,0.6128646535051496,,,,False,1011001111,estimated,0,0,0.0,0,0,0.22833070832158778,0.2988091394594634,0.5072234352346648,0.2951065065210704,0.1926057768185999,20,1,0.04815987091168619,0.968,68.4,B,0.29356435643564355,6.589861905524429,0.40729913070771817,0.31191599175900314,20,5,0,0.21138211382113822,0.2595419847328244,0.9092261904761905,0.09077380952380952,0.0,0.24476650563607086,0.2867420349434738,0.2979591836734694,0.26302167583306374,0.2672413793103448,268,0.20915032679738563,186,False,False,0.6490050034779508,-0.036140349972801133,3.701923076923077,4.365384615384615,104,,,,,,,-0.13172311250898538,20,2.07,0.93,130.1,10.0,6.0,157.0,25.0,0.0,0.0,0.0,22.0,SP,22.0,515.0,96.0,23.4,10.84,1.73,6.63,0.83,24.01557121647761,0.03133534649485037,3,0.375,3.0,6,6,0,0,0.0,4.45,0.07871713688288064,0.2425629290617849,0.17148362235067438,0.12909441233140656,0.46551724137931033,0.331683908045977,0.19170984455958548,4.248,0.3210757223117986
624413,Pete Alonso,R,BAL,1,Tarik Skubal,L,669373.0,824242,BAL @ DET,10:10 AM,29/07,Scheduled,0.6128646535051496,-144.0,150.0,59.0,False,0011110110,estimated,0,0,0.0,0,0,0.23495446550257565,0.38734062505003114,0.6070811500017012,0.33567536295798683,0.19663943743938442,20,1,0.017623188405797102,1.004,93.2,A,0.32622432859399686,8.563515629333603,0.29974006902265654,0.33239731739033657,14,5,0,0.264,0.2463768115942029,0.5636363636363636,0.18181818181818182,0.2545454545454545,0.24487651077246453,0.2182741116751269,0.27440633245382584,0.23896103896103896,0.2571428571428571,278,0.24358974358974358,189,False,False,0.6630156818279106,-0.05015102832276097,3.7476635514018692,4.364485981308412,107,,,,,,,-0.03891774225658683,20,2.7,0.92,90.0,7.0,5.0,110.0,13.0,0.0,0.0,0.0,15.0,SP,15.0,349.0,70.0,23.3,11.0,1.3,7.0,1.0,23.430216850879788,0.05236867982818372,6,0.75,-3.0,7,7,1,1,0.0,4.65,0.1061375990521279,0.2505592841163311,0.25,0.1065891472868217,0.5618448637316562,0.36689622641509434,0.19298245614035087,4.44,0.28206957602602795
696285,Jacob Young,R,WSH,7,Trey Yesavage,R,702056.0,822702,TOR @ WSH,10:05 AM,29/07,Scheduled,0.6122714380004557,,,,False,0111100110,estimated,0,0,0.0,0,0,0.26790924824026635,0.3614671884777973,0.3055771269212032,0.2851158093136032,0.13619391884858356,20,1,-0.10066808381415124,1.04,66.8,B,0.28982456140350876,1.8448165072696963,0.355337698120357,0.25526492884060714,16,5,0,0.2972972972972973,0.19662921348314608,0.4687719298245614,0.24,0.2912280701754386,0.24085106382978724,0.1901840490797546,0.2186046511627907,0.22233104799216455,0.24550898203592814,183,0.22131147540983606,135,False,False,0.6060176348825799,0.0062538031178758224,3.36046511627907,3.697674418604651,86,,,,,,,-0.09295491310449341,20,3.92,1.18,85.0,4.0,5.0,87.0,42.0,0.0,0.0,0.0,16.0,SP,16.0,353.0,58.0,22.1,9.21,4.45,6.14,1.06,22.002097924122232,0.0038285619995442888,3,0.375,18.0,7,6,1,1,0.0,4.0,0.11920886081817293,0.23056994818652848,0.1990521327014218,0.061611374407582936,0.37941501103752756,0.32958333333333334,0.18181818181818182,3.761,0.33583479577050784
703607,Henry Bolte,R,ATH,6,Patrick Sandoval,L,663776.0,824973,BOS @ ATH,6:40 PM,29/07,Scheduled,0.6118373044601101,,,,False,1100010001,estimated,0,0,0.0,0,0,0.1493581227491276,0.2574757589612731,0.4331511383591642,0.16471931615900284,0.27377181186384325,20,1,-0.051674641148325345,0.977,52.2,C,0.2577777777777778,,,,3,5,0,0.22105263157894736,0.2727272727272727,0.4088888888888889,0.3511111111111111,0.24,0.24235560588901472,0.24249422632794457,0.32286995515695066,0.2553191489361702,0.27049180327868855,137,0.21686746987951808,98,True,False,0.6116756780547923,0.00016162640531780514,3.253968253968254,3.7301587301587302,63,,,,,,,-0.11402947477043796,20,3.21,1.64,14.0,0.0,0.0,13.0,4.0,0.0,0.0,0.0,3.0,SP,3.0,64.0,19.0,21.3,8.36,2.57,12.21,0.64,,-0.01856230446011009,4,0.5714285714285714,17.0,7,6,0,0,0.0,4.12,0.053551705952794834,0.25806451612903225,0.2862903225806452,0.06854838709677419,0.44977168949771695,0.3043013698630137,0.23404255319148937,3.895,0.32051585065177823
701807,Carson Benge,L,NYM,4,Aj Smith-Shawver,R,700363.0,823596,ATL @ NYM,10:10 AM,29/07,Scheduled,0.6115941163727263,,,,False,0010111010,estimated,0,0,0.0,0,0,0.23700341717642676,0.3009310534020835,0.29197759847276494,0.29722441889556267,0.26390676970877824,20,3,-0.005148005148005175,0.949,,,,,,,0,0,0,0.2619047619047619,0.25675675675675674,,,,0.23089343379978472,0.26004728132387706,0.25902335456475584,0.24283464566929133,0.24,248,0.2838709677419355,168,True,False,0.6158143405695884,-0.004220224196862077,3.8,4.16,100,,,,,,,0.08886881586762595,20,,,,,,,,,,,,,,,,,,,,,,-0.010271894150504002,9,1.0,9.0,7,6,1,0,0.0,4.35,0.11102410159991796,0.2614213197969543,0.22298850574712645,0.08045977011494253,0.39730639730639733,0.36006004489337823,,4.159,0.3508574187002097
516782,Starling Marte,R,KC,6,Joe Ryan,R,657746.0,823677,KC @ MIN,4:40 PM,29/07,Scheduled,0.608782978592881,,,,False,1101110010,estimated,0,0,0.0,0,0,0.17668234743554267,0.28619419833563026,0.4609442834652184,0.26750678979322184,0.17202914217096335,20,1,-0.008620689655172431,1.022,73.6,B,0.3059536934950386,4.244402599026738,0.4213344230783274,0.2802182886981462,20,9,0,0.25862068965517243,0.25,0.5584988962472406,0.3217439293598234,0.11975717439293598,0.26406926406926406,0.22972972972972974,0.21428571428571427,0.24473067915690866,0.2857142857142857,77,0.22413793103448276,65,False,False,0.6177193427292348,-0.008936364136353792,2.723404255319149,3.021276595744681,47,,,,,,,0.054076303539570415,20,3.38,1.1,114.1,6.0,6.0,131.0,25.0,0.0,0.0,0.0,21.0,SP,21.0,472.0,101.0,22.5,10.31,1.97,7.95,1.26,23.26473412567696,0.019733688073785727,6,0.75,-6.0,7,6,0,0,0.0,4.12,0.03985667617758897,0.281767955801105,0.22942643391521197,0.06483790523690773,0.4067901234567901,0.32249320987654323,0.22857142857142856,3.895,0.29610857931088197
695720,Thomas White,R,ATH,4,Patrick Sandoval,L,663776.0,824973,BOS @ ATH,6:40 PM,29/07,Scheduled,0.606983006565697,,,,False,1011010101,estimated,0,0,0.0,0,0,0.33774147755520706,0.3671000355660563,0.382243182181326,0.3572960396184617,0.08815007340417823,10,1,0.24675324675324672,0.977,52.2,C,0.2577777777777778,,,,3,5,0,0.42857142857142855,0.18181818181818182,0.4088888888888889,0.3511111111111111,0.24,0.3357664233576642,0.3404255319148936,0.2916666666666667,0.3317307692307692,0.3333333333333333,22,0.3888888888888889,19,True,False,0.6187070400314997,-0.011724033465802641,3.9,4.1,10,,,,,,,0.026712744910205363,10,3.21,1.64,14.0,0.0,0.0,13.0,4.0,0.0,0.0,0.0,3.0,SP,3.0,64.0,19.0,21.3,8.36,2.57,12.21,0.64,,-0.012183006565697041,4,0.5714285714285714,17.0,7,6,0,0,0.0,4.35,0.04889649270941004,,,,,,0.23404255319148937,4.159,0.32051585065177823
805811,Bryce Eldridge,L,SF,2,Shane Drohan,L,675660.0,823192,MIL @ SF,12:45 PM,29/07,Scheduled,0.6061659090102075,4900.0,-270.0,2.0,False,1101010001,estimated,0,0,0.0,0,0,0.1816719940160788,0.3833043887002407,0.5358066962997591,0.3304294454214603,0.363345020631048,20,1,0.06301145662847793,0.994,84.2,A,0.2980392156862745,4.483457833640348,0.36639810752838825,0.27173133496902196,20,5,0,0.3076923076923077,0.24468085106382978,0.6109803921568627,0.3411764705882353,0.04784313725490196,0.2853982300884956,0.288135593220339,0.2326283987915408,0.27845420857596614,0.2698412698412698,145,0.2376237623762376,119,False,True,0.6192591193311422,-0.01309321032093469,3.4923076923076923,4.061538461538461,65,,,,,,,-0.12703049234031194,20,3.51,1.2,82.0,5.0,4.0,82.0,23.0,1.0,0.0,1.0,11.0,SP,21.0,342.0,75.0,16.3,9.0,2.52,8.23,0.66,18.80821313233177,0.009434090989792532,5,0.625,7.0,7,6,1,1,0.0,4.55,0.15963764992464521,0.23735408560311283,0.2786885245901639,0.14426229508196722,0.5494186046511628,0.3592558139534884,0.2376237623762376,4.348,0.3119194476353623
669242,Tommy Edman,L,LAD,7,Emerson Hancock,R,676106.0,823924,SEA @ LAD,7:10 PM,29/07,Scheduled,0.6058560084772621,-9900.0,9900.0,99.0,False,1111010011,estimated,0,0,0.0,0,0,0.3203630440051431,0.40922585836160075,0.434331451592686,0.41084155472394684,0.18203501686903706,20,1,0.08436625349860055,0.973,44.4,D,0.25,3.1221541447734573,0.4543991664143705,0.2282549407257696,19,7,0,0.2926829268292683,0.3770491803278688,0.7412415488629379,0.2077443146896128,0.051014136447449294,0.3308270676691729,0.24539877300613497,0.26143790849673204,0.2965034965034965,0.35185185185185186,61,0.3333333333333333,56,False,False,0.6121601130025343,-0.006304104525272192,3.2903225806451615,3.774193548387097,31,,,,,,,0.056053927588375775,20,3.16,1.01,105.1,6.0,4.0,97.0,26.0,0.0,0.0,0.0,19.0,SP,19.0,414.0,80.0,21.8,8.29,2.22,6.84,1.11,21.372264645854326,0.0021106581894045906,3,0.42857142857142855,-18.0,7,5,0,0,0.0,4.0,0.03892800175433831,0.24113475177304963,0.1841541755888651,0.057815845824411134,0.3857072205736894,0.34334322453016813,0.20276497695852536,3.761,0.3195810530581775
669364,Xavier Edwards,L,MIA,4,Jesús Luzardo,L,666200.0,823837,PHI @ MIA,9:10 AM,29/07,Pre-Game,0.6047301568810503,,,,False,0100010111,live,16,2,0.125,1,2025,0.24750218738379096,0.33505167573196404,0.26490663684917365,0.3161742329552506,0.22630306699075717,20,1,0.014457915273132671,1.0,98.3,A,0.3259478089611029,3.9454278983990747,0.32851197663491644,0.31057970788590855,20,5,0,0.3020833333333333,0.28762541806020064,0.43032988675529293,0.37813884785819796,0.1915312653865091,0.28705882352941176,0.321826280623608,0.27363896848137537,0.29376135675348275,0.3004115226337449,278,0.27631578947368424,177,False,False,0.6501594095026125,-0.04542925262156228,3.691588785046729,4.252336448598131,107,,,,,,,0.0461716185694667,20,3.31,1.17,122.1,9.0,5.0,152.0,38.0,0.0,0.0,0.0,21.0,SP,21.0,509.0,105.0,24.2,11.18,2.8,7.72,0.81,24.457950708570305,0.025003176452283116,6,0.6666666666666666,-7.0,7,6,1,1,0.0,4.35,0.10231222970317862,0.29024943310657597,0.1388888888888889,0.10119047619047619,0.2896675651392633,0.30898921832884096,0.16806722689075632,4.159,0.3232737916584744
621493,Taylor Ward,R,BAL,2,Tarik Skubal,L,669373.0,824242,BAL @ DET,10:10 AM,29/07,Scheduled,0.6045627543960189,,,,False,0011111100,estimated,0,0,0.0,0,0,0.20321724055411122,0.2939069417533146,0.37321746794401683,0.298263301348856,0.17009998192720588,20,1,-0.0018248175182482007,1.004,93.2,A,0.32622432859399686,8.563515629333603,0.29974006902265654,0.33239731739033657,14,5,0,0.25,0.2518248175182482,0.5636363636363636,0.18181818181818182,0.2545454545454545,0.2608695652173913,0.22887323943661972,0.22157434402332363,0.24692049272116462,0.25206611570247933,296,0.25,191,False,False,0.6379872220079221,-0.03342446761190321,3.7169811320754715,4.59433962264151,106,,,,,,,-0.04247063403385476,20,2.7,0.92,90.0,7.0,5.0,110.0,13.0,0.0,0.0,0.0,15.0,SP,15.0,349.0,70.0,23.3,11.0,1.3,7.0,1.0,23.430216850879788,0.03645391227064776,6,0.75,-3.0,7,7,1,1,0.0,4.55,0.17556065496123824,0.25227272727272726,0.21189591078066913,0.15985130111524162,0.3911042944785276,0.32920245398773,0.19298245614035087,4.348,0.28206957602602795
663886,Tyler Stephenson,R,CIN,7,Joey Cantillo,L,676282.0,824487,CLE @ CIN,4:10 PM,29/07,Scheduled,0.6045627543960189,,,,False,1011011001,estimated,0,0,0.0,0,0,0.33586848503186323,0.4615867149145969,0.4828842833828733,0.49774172561758495,0.28206571694203414,20,1,-0.03841607565011823,1.083,64.3,C,0.3126984126984127,2.2172558927055857,0.372665238033605,0.24720395897304792,20,5,0,0.2222222222222222,0.26063829787234044,0.4051906779661017,0.3294491525423729,0.2653601694915254,0.23986856516976998,0.2507987220447284,0.1630901287553648,0.23310810810810811,0.23776223776223776,162,0.26851851851851855,120,False,False,0.5807259250288875,0.023836829367131385,3.217948717948718,3.6153846153846154,78,,,,,,,0.12933453694205616,20,4.02,1.46,109.2,8.0,6.0,116.0,53.0,0.0,0.0,0.0,22.0,SP,22.0,475.0,107.0,21.6,9.52,4.35,8.78,1.07,22.178344125387344,-0.025334182967447494,7,0.7777777777777778,6.0,7,7,0,1,0.0,4.0,0.030278255399524733,0.23421052631578948,0.2837209302325581,0.09534883720930233,0.4599483204134367,0.34195542635658915,0.26517571884984026,3.761,0.34364293624900055
664702,Myles Straw,R,TOR,9,Zack Littell,R,641793.0,822702,TOR @ WSH,10:05 AM,29/07,Scheduled,0.6045627543960189,,,,False,0001000010,estimated,0,0,0.0,0,0,0.11357212982601679,0.27352852857876675,0.22371231696585211,0.12172370494731896,0.14023151883458856,20,1,0.0067049808429118785,1.04,34.7,F,0.23617153511497824,2.5739519668582056,0.44158985310733523,0.16884559460204374,20,5,0,0.21551724137931033,0.2222222222222222,0.418170504044804,0.37834474175482263,0.20348475420037337,0.21189024390243902,0.20270270270270271,0.14782608695652175,0.20243673851921273,0.2375,87,0.2,102,False,False,0.567563044691812,0.03699970970420696,2.125,2.3625,80,,,,,,,-0.3731906217339439,20,5.17,1.34,101.0,7.0,8.0,66.0,31.0,0.0,0.0,0.0,13.0,SP,21.0,434.0,104.0,20.7,5.88,2.76,9.27,2.23,20.60726345652533,-0.008905611538876035,7,0.7777777777777778,4.0,7,7,1,1,0.0,3.76,0.022793722872149563,0.2261904761904762,0.16725978647686832,0.07473309608540925,0.2573170731707317,0.2896829268292683,0.25,3.443,0.3225987976012055
663656,Kyle Tucker,L,LAD,6,Emerson Hancock,R,676106.0,823924,SEA @ LAD,7:10 PM,29/07,Scheduled,0.6045627543960189,-9900.0,9900.0,99.0,False,0101001101,estimated,0,0,0.0,0,0,0.22204624966668626,0.35515062837620737,0.3811559226150373,0.2823891222417732,0.11415610171005972,20,1,-0.00713295834352326,0.973,44.4,D,0.25,3.1221541447734573,0.4543991664143705,0.2282549407257696,19,7,0,0.24468085106382978,0.23754789272030652,0.7412415488629379,0.2077443146896128,0.051014136447449294,0.22416302765647744,0.24254215304798962,0.1793103448275862,0.21933357744415966,0.225,238,0.25806451612903225,175,False,False,0.620545276798639,-0.015982522402620103,3.585858585858586,4.171717171717172,99,,,,,,,-0.045668334988905934,20,3.16,1.01,105.1,6.0,4.0,97.0,26.0,0.0,0.0,0.0,19.0,SP,19.0,414.0,80.0,21.8,8.29,2.22,6.84,1.11,21.372264645854326,-0.0029294210626855666,3,0.42857142857142855,-18.0,7,5,0,0,0.0,4.12,0.09851750671304238,0.24528301886792453,0.1862348178137652,0.1194331983805668,0.3830321285140562,0.32440361445783134,0.20276497695852536,3.895,0.3195810530581775
668952,Ryan Kreidler,R,MIN,8,Randy Dobnak,R,677976.0,823677,KC @ MIN,4:40 PM,29/07,Scheduled,0.6034270123667335,,,,False,0100000111,estimated,0,0,0.0,0,0,0.18359818982237008,0.32555004138718774,0.44229488098852704,0.2130120777486224,0.27352664048102665,20,1,-0.05473746839208685,1.022,51.9,C,0.256797583081571,,,,4,6,0,0.2716049382716049,0.21686746987951808,0.5015105740181269,0.27794561933534745,0.22054380664652568,0.21579961464354527,0.21236559139784947,0.19130434782608696,0.211519364448858,0.24691358024691357,88,0.24096385542168675,89,False,False,0.5648426657749323,0.03858434659180121,2.7333333333333334,2.95,60,,,,,,,-0.07512722413992999,20,1.42,1.37,19.0,0.0,0.0,10.0,9.0,0.0,0.0,0.0,2.0,RP,4.0,80.0,17.0,20.0,4.74,4.26,8.05,0.95,,-0.005127012366733408,7,0.7777777777777778,0.0,7,6,0,0,0.0,3.88,0.014029818543965053,0.20666666666666667,0.2326283987915408,0.0755287009063444,0.34417040358744394,0.24588340807174888,0.21739130434782608,3.599,0.3173100934196813
641857,Ryan Mcmahon,L,NYY,8,Davis Martin,R,663436.0,824567,NYY @ CWS,4:40 PM,29/07,Scheduled,0.6034018392566091,,,,False,0110110000,estimated,6,1,0.16666666666666666,1,2025,0.21887069458121355,0.4024624573174051,0.5832970849149313,0.32690368976361295,0.38144444597515864,20,3,-0.11646727656579875,0.968,40.9,D,0.27191011235955054,2.3589308548330945,0.4321238948230626,0.19094474611653514,20,5,0,0.3103448275862069,0.19387755102040816,0.5818077803203662,0.2768878718535469,0.14130434782608695,0.18352941176470589,0.2074235807860262,0.19230769230769232,0.19035029742233972,0.15517241379310345,125,0.26605504587155965,119,False,False,0.5751670574857647,0.028234781770844375,2.8125,3.05,80,,,,,,,-0.027907315781758518,20,3.49,1.27,111.0,9.0,5.0,100.0,33.0,0.0,0.0,0.0,20.0,SP,20.0,463.0,108.0,23.1,8.11,2.68,8.76,0.49,22.77000450181915,-0.06206850592327573,3,0.375,8.0,7,7,0,0,0.0,3.88,0.028296505819901643,0.21637426900584794,0.31648936170212766,0.07712765957446809,0.5257847533632287,0.3425545590433483,0.24896265560165975,3.599,0.3091625376645602
679529,Spencer Torkelson,R,DET,5,Trevor Rogers,L,669432.0,824242,BAL @ DET,10:10 AM,29/07,Scheduled,0.6030078739394292,,,,False,0101000110,estimated,0,0,0.0,0,0,0.19864652100892075,0.25658839024387564,0.246331677429309,0.2672398521900629,0.2623837695157417,20,1,0.02330097087378641,1.004,53.9,C,0.2784019975031211,2.7017068186074686,0.4201564696391604,0.19605230336777282,18,5,0,0.22330097087378642,0.2,0.6502186133666459,0.1292941911305434,0.22048719550281073,0.2,0.19686800894854586,0.1752873563218391,0.1955953714072415,0.1837837837837838,215,0.23121387283236994,197,False,False,0.5820523320445549,0.020955541894874363,3.3773584905660377,3.8867924528301887,106,,,,,,,-0.24818791660433054,20,4.17,1.27,103.2,6.0,7.0,83.0,32.0,0.0,0.0,0.0,19.0,SP,19.0,435.0,100.0,22.9,7.21,2.78,8.68,0.87,23.167226647331177,-0.021647873939429352,5,0.625,-3.0,7,7,1,1,0.0,4.25,0.08017511675434637,0.20681265206812652,0.3078556263269639,0.10191082802547771,0.42199248120300753,0.31529135338345865,0.28363636363636363,4.023,0.32932976634754835
700932,Kyle Manzardo,L,CLE,6,Brady Singer,R,663903.0,824487,CLE @ CIN,4:10 PM,29/07,Scheduled,0.602705032478536,,,,False,0010100001,estimated,11,7,0.6363636363636364,1,2024,0.15492387062618806,0.29125278141735783,0.4876880178180842,0.23267359471907822,0.3438066856730322,20,1,0.016347826086956507,1.083,59.2,C,0.29571106094808125,2.832792219227856,0.41126593034052206,0.20785561479951142,20,7,0,0.1956521739130435,0.212,0.577313769751693,0.422686230248307,0.0,0.206656346749226,0.19015047879616964,0.20105820105820105,0.20132560066280034,0.2215568862275449,190,0.1937984496124031,147,False,False,0.5799821351078576,0.022722897370678452,3.051546391752577,3.4742268041237114,97,,,,,,,-0.1635164051891547,20,4.53,1.38,103.1,5.0,9.0,88.0,32.0,0.0,0.0,0.0,20.0,SP,20.0,454.0,111.0,22.7,7.66,2.79,9.67,1.83,23.3235737573683,-0.001155032478535989,4,0.4444444444444444,6.0,7,8,0,1,0.0,4.12,0.046011004489565854,0.20580474934036938,0.3191489361702128,0.0851063829787234,0.4057377049180328,0.3068811475409836,0.29457364341085274,3.895,0.28216477811530455
657041,Lane Thomas,R,KC,2,Joe Ryan,R,657746.0,823677,KC @ MIN,4:40 PM,29/07,Scheduled,0.6015553174412811,,,,False,1010100011,estimated,0,0,0.0,0,0,0.2334640438115546,0.33072950364001447,0.550698198157587,0.40786522940642433,0.33176949098520325,20,1,-0.020743347731029677,1.022,73.6,B,0.3059536934950386,4.244402599026738,0.4213344230783274,0.2802182886981462,20,9,0,0.24060150375939848,0.2198581560283688,0.5584988962472406,0.3217439293598234,0.11975717439293598,0.22168284789644013,0.17647058823529413,0.23333333333333334,0.2090032154340836,0.24342105263157895,171,0.21311475409836064,145,False,False,0.6257244846780416,-0.024169167236760547,3.0444444444444443,3.511111111111111,90,,,,,,,0.007771992858851237,20,3.38,1.1,114.1,6.0,6.0,131.0,25.0,0.0,0.0,0.0,21.0,SP,21.0,472.0,101.0,22.5,10.31,1.97,7.95,1.26,23.26473412567696,0.019994682558718835,6,0.75,-6.0,7,6,0,0,0.0,4.55,0.07470120066066546,0.21153846153846154,0.25176470588235295,0.12941176470588237,0.39948119325551235,0.30698054474708175,0.22857142857142856,4.348,0.29610857931088197
695490,Edwin Arroyo,L,CIN,9,Joey Cantillo,L,676282.0,824487,CLE @ CIN,4:10 PM,29/07,Scheduled,0.601473755759215,,,,False,1011111001,estimated,0,0,0.0,0,0,0.23211690461364654,0.3633828705361753,0.30265858050684635,0.3129672341826654,0.19407332433455166,20,1,-0.0549019607843137,1.083,64.3,C,0.3126984126984127,2.2172558927055857,0.372665238033605,0.24720395897304792,20,5,0,0.2,0.2549019607843137,0.4051906779661017,0.3294491525423729,0.2653601694915254,0.20161290322580644,0.20253164556962025,0.2708333333333333,0.2151394422310757,0.2702702702702703,78,0.20754716981132076,60,True,False,0.5719464450065612,0.0295273107526538,3.2564102564102564,3.5384615384615383,39,,,,,,,0.06072347692385803,20,4.02,1.46,109.2,8.0,6.0,116.0,53.0,0.0,0.0,0.0,22.0,SP,22.0,475.0,107.0,21.6,9.52,4.35,8.78,1.07,22.178344125387344,-0.013530898616357923,7,0.7777777777777778,6.0,7,7,0,1,0.0,3.76,0.03680958306623433,0.22388059701492538,0.21379310344827587,0.034482758620689655,0.255663430420712,0.36566990291262136,0.23300970873786409,3.443,0.34364293624900055
805999,A. J. Ewing,L,NYM,1,Chris Sale,L,519242.0,823598,ATL @ NYM,4:10 PM,29/07,Scheduled,0.601473755759215,,,,False,1110110011,estimated,0,0,0.0,0,0,0.2659729804735449,0.30590167118621703,0.3742209267876366,0.40465398524724866,0.2868728051571427,20,2,-0.006945186451543961,0.949,87.0,A,0.32656514382402707,5.573508290835782,0.3361974099439555,0.30864296994419,19,6,0,0.2653061224489796,0.27225130890052357,0.4915349887133183,0.39334085778781036,0.11512415349887133,0.22708333333333333,0.25432525951557095,0.2555205047318612,0.24043126684636118,0.2647058823529412,148,0.27884615384615385,123,True,False,0.6460139750462396,-0.04454021928702456,3.582089552238806,4.044776119402985,67,,,,,,,0.09238317822821027,20,2.19,1.05,111.0,11.0,6.0,134.0,26.0,0.0,0.0,0.0,19.0,SP,19.0,451.0,91.0,23.7,10.86,2.11,7.38,0.65,23.570052082310124,0.027637355351896042,9,1.0,9.0,7,6,1,0,0.0,4.65,0.0704333964941383,0.2697095435684647,0.26838235294117646,0.09558823529411764,0.41964285714285715,0.36273214285714284,0.21568627450980393,4.44,0.3508574187002097
553993,Eugenio Suárez,R,CIN,4,Joey Cantillo,L,676282.0,824487,CLE @ CIN,4:10 PM,29/07,Scheduled,0.601473755759215,,,,False,1101011000,estimated,0,0,0.0,0,0,0.17756399981203308,0.3316492964768677,0.5189999426614259,0.37861123961307436,0.4341091003292927,20,1,0.027135595999344148,1.083,64.3,C,0.3126984126984127,2.2172558927055857,0.372665238033605,0.24720395897304792,20,5,0,0.22807017543859648,0.20093457943925233,0.4051906779661017,0.3294491525423729,0.2653601694915254,0.2172096908939014,0.21766561514195584,0.18859649122807018,0.21387002909796315,0.22699386503067484,179,0.17592592592592593,121,False,False,0.5839515194780698,0.017522236281145243,3.6133333333333333,4.0,75,,,,,,,-0.08810215604019833,20,4.02,1.46,109.2,8.0,6.0,116.0,53.0,0.0,0.0,0.0,22.0,SP,22.0,475.0,107.0,21.6,9.52,4.35,8.78,1.07,22.178344125387344,-0.014059470044929245,7,0.7777777777777778,6.0,7,7,0,1,0.0,4.35,0.06431562916375781,0.20588235294117646,0.36475409836065575,0.08196721311475409,0.35542929292929293,0.3133415404040404,0.26517571884984026,4.159,0.34364293624900055
664774,Lamonte Wade,L,HOU,5,Grayson Rodriguez,R,680570.0,824002,HOU @ LAA,6:38 PM,29/07,Scheduled,0.6013224368971207,,,,False,0000011000,estimated,0,0,0.0,0,0,0.11800438842063529,0.202397152356299,0.20892559360574398,0.1690152174907875,0.2612578607951002,20,1,0.026954177897574122,0.979,14.9,F,0.24765729585006693,1.6636425282189424,0.5463636866293323,0.1504983781333481,9,5,0,0.14285714285714285,0.16981132075471697,0.5364864864864864,0.2418918918918919,0.22162162162162163,0.19471947194719472,0.1793103448275862,0.09090909090909091,0.17222222222222222,0.1794871794871795,46,0.14285714285714285,27,False,False,0.5674230859038941,0.03389935099322661,2.857142857142857,3.4761904761904763,21,,,,,,,-0.19048802076793772,20,8.54,1.79,39.0,3.0,3.0,30.0,19.0,0.0,0.0,0.0,9.0,SP,9.0,186.0,51.0,20.7,6.92,4.38,11.77,1.62,20.628626261376958,-0.042872436897120725,2,0.25,-8.0,7,6,0,1,0.0,4.25,0.18668773538871172,0.19420289855072465,0.22962962962962963,0.1259259259259259,0.35773809523809524,0.2647857142857143,0.3888888888888889,4.023,0.31240762059585653
656775,Cedric Mullins,L,TB,4,Mackenzie Gore,L,669022.0,822947,TEX @ TB,3:40 PM,29/07,Scheduled,0.6008065455502725,,,,False,0101101010,estimated,7,2,0.2857142857142857,1,2023,0.15154481424998592,0.21986329437332885,0.2112885915214621,0.24838857989783542,0.2535600559847718,20,1,0.0662015503875969,0.96,51.4,C,0.2689969604863222,2.9258515995125247,0.4275040666129672,0.24888524083368518,20,5,0,0.26,0.1937984496124031,0.5909782057780031,0.303091738469336,0.10593005575266093,0.19111111111111112,0.218018018018018,0.2015810276679842,0.19990829894543788,0.20348837209302326,195,0.20588235294117646,159,False,False,0.5987203678696688,0.002086177680603707,3.460674157303371,3.9775280898876404,89,,,,,,,-0.06449837356069853,20,4.82,1.31,115.2,6.0,8.0,127.0,44.0,0.0,0.0,0.0,22.0,SP,22.0,498.0,107.0,22.6,9.88,3.42,8.33,1.09,22.938920974394957,0.007860121116394225,3,0.3333333333333333,16.0,6,6,0,0,0.0,4.35,0.06398039882672753,0.19896640826873385,0.21017699115044247,0.09955752212389381,0.3146118721461187,0.24210787671232875,0.28703703703703703,4.159,0.3411093866663393
679845,Nick Loftin,R,KC,8,Joe Ryan,R,657746.0,823677,KC @ MIN,4:40 PM,29/07,Scheduled,0.6000136219509119,,,,False,0011111111,estimated,0,0,0.0,0,0,0.3308392322527646,0.3400620630609466,0.26568825288835474,0.42582959993516944,0.17318251126782336,20,1,-0.1308108108108108,1.022,73.6,B,0.3059536934950386,4.244402599026738,0.4213344230783274,0.2802182886981462,20,9,0,0.32,0.1891891891891892,0.5584988962472406,0.3217439293598234,0.11975717439293598,0.21815519765739386,0.19548872180451127,0.3160919540229885,0.22486144101346,0.21153846153846154,120,0.2897196261682243,128,False,False,0.5899346152555855,0.010079006695326354,3.0142857142857142,3.5428571428571427,70,,,,,,,0.004505349983127208,20,3.38,1.1,114.1,6.0,6.0,131.0,25.0,0.0,0.0,0.0,21.0,SP,21.0,472.0,101.0,22.5,10.31,1.97,7.95,1.26,23.26473412567696,0.006586378049088126,6,0.75,-6.0,7,6,0,0,0.0,3.88,0.08288869638418914,0.24624624624624625,0.14136125654450263,0.08638743455497382,0.3022700119474313,0.2702096774193548,0.22857142857142856,3.599,0.29610857931088197
655316,Andruw Monasterio,R,BOS,8,Jacob Lopez,L,682052.0,824973,BOS @ ATH,6:40 PM,29/07,Scheduled,0.5991506659724558,,,,False,1111111110,estimated,0,0,0.0,0,0,0.3082520061218963,0.3401802677149738,0.42554207150285395,0.3699005811176679,0.17855885181919198,20,1,-0.04692082111436949,0.977,60.4,C,0.2595606183889341,1.565781318017404,0.3144642091072553,0.19210541481573926,16,5,0,0.22580645161290322,0.2727272727272727,0.5903908794788274,0.31840390879478825,0.09120521172638436,0.23687943262411348,0.251131221719457,0.23030303030303031,0.2403041825095057,0.3023255813953488,97,0.2,102,False,False,0.5799198238947383,0.019230842077717525,2.873015873015873,3.1587301587301586,63,,,,,,,0.17631071219871466,20,6.12,1.67,64.2,5.0,4.0,53.0,40.0,0.0,0.0,0.0,13.0,SP,16.0,302.0,68.0,18.9,7.38,5.57,9.46,1.53,18.092189088737108,-0.016272888194678092,9,0.9,-17.0,7,7,0,0,0.0,3.88,0.13139381489784183,0.25688073394495414,0.22033898305084745,0.06497175141242938,0.35542168674698793,0.2890200803212851,0.2857142857142857,3.599,0.34820445519263393
701675,Nathan Church,L,STL,7,Matt Boyd,L,571510.0,823022,CHC @ STL,4:45 PM,29/07,Scheduled,0.5988246465005546,,,,False,0001001001,estimated,0,0,0.0,0,0,0.11130211879105913,0.2829481697975983,0.3585623940966001,0.1219502315513016,0.1402811149137836,20,1,-0.016652702136573105,1.031,63.9,C,0.28139013452914796,2.921921063997426,0.3867216396230406,0.20501470673845512,10,5,0,0.20454545454545456,0.22119815668202766,0.4562780269058296,0.257847533632287,0.2858744394618834,0.24382716049382716,0.20794392523364486,0.25925925925925924,0.2375722543352601,0.2857142857142857,145,0.1484375,137,False,False,0.5915054524157423,0.007319194084812297,3.182926829268293,3.4390243902439024,82,,,,,,,-0.23844264525696893,20,3.81,1.24,59.0,6.0,1.0,55.0,17.0,0.0,0.0,0.0,11.0,SP,11.0,246.0,56.0,22.4,8.39,2.59,8.54,0.92,23.376158925906616,-0.0012246465005544271,5,0.625,39.0,7,7,0,0,0.0,4.0,0.05190975092393104,0.21965317919075145,0.2073490813648294,0.06036745406824147,0.333083645443196,0.26937827715355805,0.18181818181818182,3.761,0.3139515383267032
670032,Nicky Lopez,L,TEX,7,Casey Legumina,R,668984.0,822947,TEX @ TB,3:40 PM,29/07,Scheduled,0.5988246465005546,,,,False,0101011110,estimated,0,0,0.0,0,0,0.2993138386044222,0.289111490952334,0.2730999561339452,0.33404809808686464,0.16167744567554926,20,1,-0.14757969303423846,0.96,52.0,C,0.25370919881305637,2.0637873665312463,0.37070279314128946,0.16513869019031174,20,6,0,0.42857142857142855,0.2809917355371901,0.6141975308641975,0.2716049382716049,0.11419753086419752,0.3425742574257426,0.25609756097560976,0.26490066225165565,0.3075221238938053,0.35365853658536583,89,0.2537313432835821,78,False,False,0.5929822599742045,0.005842386526350052,2.811320754716981,3.150943396226415,53,,,,,,,0.11262307538334017,20,3.95,1.32,43.1,2.0,2.0,31.0,13.0,0.0,0.0,0.0,3.0,RP,34.0,185.0,44.0,5.4,6.44,2.7,9.14,0.83,5.195569528283895,-0.02281214650055441,8,1.0,-11.0,7,6,0,0,0.0,4.0,0.08028163727374404,0.2535612535612536,0.14357682619647355,0.08564231738035265,0.20634920634920634,0.26728571428571424,0.17142857142857143,3.761,0.28431600155713765
621020,Dansby Swanson,R,CHC,8,Dustin May,R,669160.0,823022,CHC @ STL,4:45 PM,29/07,Scheduled,0.5987203678696688,,,,False,0101101111,estimated,0,0,0.0,0,0,0.28537459366335816,0.3740143217657615,0.4725746984685646,0.3565707459413975,0.2055015967618661,20,2,-0.01355611601513243,1.031,42.9,D,0.2877526753864447,2.769067114021897,0.4492794896556457,0.2399905734628162,20,5,0,0.23076923076923078,0.21721311475409835,0.6714285714285714,0.26071428571428573,0.06785714285714285,0.20414201183431951,0.1791044776119403,0.20689655172413793,0.19643672910004567,0.23497267759562843,205,0.20606060606060606,189,False,False,0.5673978922639755,0.031322475605693234,3.48,3.94,100,,,,,,,0.07187398967106812,20,4.59,1.32,104.0,5.0,7.0,103.0,33.0,0.0,0.0,0.0,20.0,SP,20.0,441.0,104.0,22.1,8.91,2.86,9.0,0.61,21.930667155764294,0.0011296321303312373,4,0.5,27.0,7,6,0,0,0.0,3.88,0.04353969911022271,0.21375921375921375,0.2472885032537961,0.09978308026030369,0.4254835039817975,0.29654778156996586,0.22560975609756098,3.599,0.3613703552007493
686611,Dylan Crews,R,WSH,5,Trey Yesavage,R,702056.0,822702,TOR @ WSH,10:05 AM,29/07,Scheduled,0.5987203678696688,,,,False,1010110111,estimated,0,0,0.0,0,0,0.23642193237112238,0.29862700303870476,0.46955164296970475,0.4055738078253977,0.2834536050233428,20,1,-0.14459864966241562,1.04,66.8,B,0.28982456140350876,1.8448165072696963,0.355337698120357,0.25526492884060714,16,5,0,0.313953488372093,0.1693548387096774,0.4687719298245614,0.24,0.2912280701754386,0.23501762632197415,0.2113022113022113,0.3465909090909091,0.2416434540389972,0.24786324786324787,129,0.20430107526881722,106,False,False,0.5999516445889896,-0.001231276719320884,3.75,4.196428571428571,56,,,,,,,-0.18011175863402396,20,3.92,1.18,85.0,4.0,5.0,87.0,42.0,0.0,0.0,0.0,16.0,SP,16.0,353.0,58.0,22.1,9.21,4.45,6.14,1.06,22.002097924122232,0.006312965463664666,3,0.375,18.0,7,6,1,1,0.0,4.25,0.15982080928414874,0.21627906976744185,0.23492723492723494,0.08108108108108109,0.4148264984227129,0.3081892744479495,0.18181818181818182,4.023,0.33583479577050784
630105,Jake Cronenworth,L,SD,4,Gabriel Hughes,R,687312.0,823273,COL @ SD,1:10 PM,29/07,Scheduled,0.5985437059246375,4900.0,-233.0,2.0,False,0101110110,estimated,0,0,0.0,0,0,0.26647728935360765,0.39736357128703265,0.4501712490583508,0.43863638227478824,0.2606454070235289,20,1,-0.017435897435897435,0.954,55.2,C,0.26813880126182965,,,,4,7,0,0.23076923076923078,0.21333333333333335,0.6182965299684543,0.29337539432176657,0.08832807570977919,0.18872549019607843,0.21611721611721613,0.2026431718061674,0.19680851063829788,0.18,114,0.2631578947368421,90,False,True,0.606400991163158,-0.007857285238520584,3.259259259259259,3.7777777777777777,54,,,,,,,-0.05328775884603308,20,2.79,1.14,19.1,0.0,2.0,19.0,6.0,1.0,0.0,1.0,3.0,SP,4.0,77.0,16.0,19.2,8.84,2.79,7.45,0.0,,0.0009062940753624682,6,0.75,6.0,7,6,1,1,0.0,4.35,0.10515503739746453,0.23369565217391305,0.20982142857142858,0.125,0.3905109489051095,0.3068211678832117,0.2608695652173913,4.159,0.40124887217233945
663837,Matt Vierling,R,DET,8,Trevor Rogers,L,669432.0,824242,BAL @ DET,10:10 AM,29/07,Scheduled,0.598333397731392,,,,False,0100010000,estimated,14,6,0.42857142857142855,1,2022,0.163334901476725,0.33243819094476285,0.4231315637150594,0.18767525925327116,0.23633080454192182,20,2,0.06547997457088367,1.004,53.9,C,0.2784019975031211,2.7017068186074686,0.4201564696391604,0.19605230336777282,18,5,0,0.23076923076923078,0.1652892561983471,0.6502186133666459,0.1292941911305434,0.22048719550281073,0.1994704324801412,0.2299349240780911,0.17870722433460076,0.20354457572502685,0.2246376811594203,147,0.1746031746031746,143,False,False,0.5756529280881758,0.02268046964321624,3.180722891566265,3.4939759036144578,83,,,,,,,-0.2133008937805898,20,4.17,1.27,103.2,6.0,7.0,83.0,32.0,0.0,0.0,0.0,19.0,SP,19.0,435.0,100.0,22.9,7.21,2.78,8.68,0.87,23.167226647331177,-0.021013397731392103,5,0.625,-3.0,7,7,1,1,0.0,3.88,0.03163299055174341,0.2086720867208672,0.18581907090464547,0.06601466992665037,0.3858930602957907,0.30305375426621156,0.28363636363636363,3.599,0.32932976634754835
664023,Ian Happ,L,CHC,5,Dustin May,R,669160.0,823022,CHC @ STL,4:45 PM,29/07,Scheduled,0.5979715959786601,,,,False,0011110101,estimated,0,0,0.0,0,0,0.22427119766440223,0.27494323569117946,0.28260084695673426,0.3394405674816851,0.2931895025247753,20,1,-0.002712735579668779,1.031,42.9,D,0.2877526753864447,2.769067114021897,0.4492794896556457,0.2399905734628162,20,5,0,0.22330097087378642,0.22058823529411764,0.6714285714285714,0.26071428571428573,0.06785714285714285,0.20200125078173858,0.22388059701492538,0.18867924528301888,0.20580645161290323,0.215962441314554,252,0.22839506172839505,191,False,False,0.5674230859038941,0.030548510074766,3.712871287128713,4.3861386138613865,101,,,,,,,-0.05575030420176007,20,4.59,1.32,104.0,5.0,7.0,103.0,33.0,0.0,0.0,0.0,20.0,SP,20.0,441.0,104.0,22.1,8.91,2.86,9.0,0.61,21.930667155764294,-0.011771595978660065,4,0.5,27.0,7,6,0,0,0.0,4.25,0.15505222703473304,0.21379310344827587,0.3131115459882583,0.1232876712328767,0.43272727272727274,0.30656727272727274,0.28879310344827586,4.023,0.3613703552007493
621566,Matt Olson,L,ATL,3,Christian Scott,R,681035.0,823598,ATL @ NYM,4:10 PM,29/07,Scheduled,0.5979715959786601,-156.0,186.0,61.0,False,0101101010,estimated,0,0,0.0,0,0,0.21485431921746995,0.3341747834302898,0.4117583346540053,0.3332232490437836,0.30961071218452213,20,2,0.01909296397826188,0.949,65.8,B,0.2808219178082192,2.5827629885782306,0.35023506273097754,0.2934026359330027,14,7,0,0.25287356321839083,0.2719665271966527,0.6863753213367609,0.27849185946872324,0.03513281919451585,0.27413876758854927,0.2571428571428571,0.2717391304347826,0.2688756110809343,0.25833333333333336,273,0.27167630057803466,194,False,False,0.6463833596770078,-0.048411763698347654,3.8962264150943398,4.40566037735849,106,,,,,,,-0.05009738867047028,20,3.13,1.26,63.1,3.0,2.0,78.0,29.0,0.0,0.0,0.0,14.0,SP,14.0,271.0,51.0,19.4,11.08,4.12,7.25,0.99,19.463990884192718,0.02340340402133978,8,1.0,-4.0,6,7,1,0,0.0,4.45,0.13521940921131329,0.25862068965517243,0.248565965583174,0.09751434034416825,0.49820359281437127,0.3264341317365269,0.2,4.248,0.32722330092197793
656716,Zach Mckinstry,L,DET,7,Trevor Rogers,L,669432.0,824242,BAL @ DET,10:10 AM,29/07,Scheduled,0.5975846258403833,,,,False,0001111011,estimated,0,0,0.0,0,0,0.24958372454855235,0.33827912877889565,0.33326090210304193,0.27395143945607875,0.10569962246138134,20,1,-0.06755304861670694,1.004,53.9,C,0.2784019975031211,2.7017068186074686,0.4201564696391604,0.19605230336777282,18,5,0,0.14705882352941177,0.2146118721461187,0.6502186133666459,0.1292941911305434,0.22048719550281073,0.2149122807017544,0.1889168765743073,0.2,0.20735573874445148,0.22900763358778625,146,0.18032786885245902,142,False,False,0.5929822599742045,0.0046023658661787925,3.123456790123457,3.5555555555555554,81,,,,,,,-0.24749560061196688,20,4.17,1.27,103.2,6.0,7.0,83.0,32.0,0.0,0.0,0.0,19.0,SP,19.0,435.0,100.0,22.9,7.21,2.78,8.68,0.87,23.167226647331177,-0.008604625840383351,5,0.625,-3.0,7,7,1,1,0.0,4.0,0.1323435207437803,0.20491803278688525,0.18072289156626506,0.08674698795180723,0.22651775486827036,0.28305383734249717,0.18627450980392157,3.761,0.32932976634754835
800325,Luis Lara,L,MIL,8,Logan Webb,R,657277.0,823192,MIL @ SF,12:45 PM,29/07,Scheduled,0.5961515140659067,,,,False,0110001101,estimated,0,0,0.0,0,0,0.2723100947700332,0.34002092282328983,0.4236665545990161,0.3118443318636135,0.12048602282669497,14,1,0.04999999999999999,0.994,61.2,C,0.2700684505289359,2.920218133711366,0.37933691094412786,0.1825292352336872,17,5,0,0.25,0.3,0.551337896701929,0.19041692594897325,0.2582451773490977,0.2603550295857988,0.2535211267605634,0.2222222222222222,0.25,0.21052631578947367,23,0.3684210526315789,24,True,False,0.5857319347835023,0.010419579282404445,2.7142857142857144,3.357142857142857,14,,,,,,,-0.03660177251074493,14,3.98,1.12,113.0,5.0,7.0,89.0,29.0,0.0,0.0,0.0,18.0,SP,18.0,463.0,98.0,25.7,7.09,2.31,7.81,0.72,25.76934326180802,-0.01698484739924011,6,0.8571428571428571,-15.0,6,6,1,1,0.0,3.88,0.148482736213609,0.29508196721311475,0.18571428571428572,0.1,0.3958333333333333,0.23304166666666667,0.23770491803278687,3.599,0.29172260558915547
571970,Max Muncy,L,LAD,4,Emerson Hancock,R,676106.0,823924,SEA @ LAD,7:10 PM,29/07,Scheduled,0.5959847487746025,,,,False,0101111001,estimated,0,0,0.0,0,0,0.2001701122796916,0.3005013487606839,0.38815953546982424,0.29350647365077226,0.28434931314328216,20,1,0.016721945826423473,0.973,44.4,D,0.25,3.1221541447734573,0.4543991664143705,0.2282549407257696,19,7,0,0.24074074074074073,0.2574626865671642,0.7412415488629379,0.2077443146896128,0.051014136447449294,0.27579162410623087,0.2409502262443439,0.2630597014925373,0.2598917117867555,0.292817679558011,204,0.20567375886524822,164,False,False,0.6045627543960189,-0.008578005621416418,3.3541666666666665,3.8333333333333335,96,,,,,,,0.09624768835210962,20,3.16,1.01,105.1,6.0,4.0,97.0,26.0,0.0,0.0,0.0,19.0,SP,19.0,414.0,80.0,21.8,8.29,2.22,6.84,1.11,21.372264645854326,0.004081917892064246,3,0.42857142857142855,-18.0,7,5,0,0,0.0,4.35,0.11578646658561846,0.2512690355329949,0.24780701754385964,0.1206140350877193,0.44483985765124556,0.3274697508896797,0.20276497695852536,4.159,0.3195810530581775
696100,Hunter Goodman,R,COL,4,,R,,823273,COL @ SD,1:10 PM,29/07,Scheduled,0.5956736705018285,9900.0,-376.0,1.0,False,1010111110,estimated,0,0,0.0,0,0,0.2991804839127156,0.39508741233277545,0.29488850411184503,0.4948486978176224,0.4064022801510328,20,1,-0.030455022292158407,0.954,,,,,,,0,0,0,0.2764227642276423,0.24596774193548387,,,,0.2240365774003919,0.2342857142857143,0.25787965616045844,0.23256601218686526,0.21363636363636362,247,0.31788079470198677,166,False,False,0.6128646535051496,-0.017190983003321114,3.7474747474747474,4.171717171717172,99,,,,,,,0.11816610301410434,20,,,,,,,,,,,,,,,,,,,,,,-0.00587367050182841,5,0.7142857142857143,7.0,6,5,1,1,0.0,4.35,0.11449722877556803,0.26741573033707866,0.3048780487804878,0.07723577235772358,0.46485875706214685,0.34938847457627115,,4.159,0.3150265183591125
624585,Jorge Soler,R,LAA,4,Hayden Wesneski,R,669713.0,824002,HOU @ LAA,6:38 PM,29/07,Scheduled,0.5944423937825075,-9900.0,9900.0,99.0,False,0100110101,estimated,8,1,0.125,1,2023,0.17458684837258484,0.3364467755916181,0.5939983036208866,0.3405960543870407,0.3458662519508964,20,1,-0.0159090909090909,0.979,,,,,,,0,0,0,0.2159090909090909,0.2,,,,0.22179289026275115,0.23809523809523808,0.141643059490085,0.2157492969063881,0.24338624338624337,211,0.14035087719298245,138,False,False,0.5944423937825075,0.0,3.6506024096385543,4.204819277108434,83,,,,,,,-0.16171596985589884,20,,,,,,,,,,,,,,,,,,,,,,-0.0141138223539361,7,0.7777777777777778,0.0,7,6,0,1,0.0,4.35,0.09812148712938594,0.20722891566265061,0.3270440251572327,0.09853249475890985,0.44684684684684683,0.3166216216216216,,4.159,0.31773216838383395
596146,Max Kepler,L,AZ,5,Jared Jones,R,683003.0,823351,AZ @ PIT,9:35 AM,29/07,Scheduled,0.5944423937825075,,,,False,0110010011,estimated,0,0,0.0,0,0,0.21822568044045967,0.2618614821958764,0.4323318434878318,0.30556157841191395,0.19321361286694289,20,1,0.0,1.013,88.6,A,0.29836512261580383,4.249535695441396,0.3565571963250597,0.3007624937171691,10,5,0,,0.23529411764705882,0.45231607629427795,0.4114441416893733,0.1362397820163488,0.2151394422310757,0.21348314606741572,0.2222222222222222,0.21694214876033058,0.3783783783783784,42,0.08571428571428572,39,False,False,0.6063600277451479,-0.01191763396264034,3.130434782608696,3.5217391304347827,23,,,,,,,0.01558475624198753,20,3.72,1.02,46.0,2.0,1.0,53.0,13.0,0.0,0.0,0.0,10.0,SP,10.0,184.0,34.0,18.4,10.37,2.54,6.65,1.17,18.491177945866554,0.039157606217492535,3,0.375,6.0,7,7,1,1,0.0,4.25,0.07839606624125293,0.20671834625322996,0.1958997722095672,0.09339407744874716,0.4371539313399779,0.2934119601328904,0.24752475247524752,4.023,0.3520347592499012
665862,Jazz Chisholm,L,NYY,7,Davis Martin,R,663436.0,824567,NYY @ CWS,4:40 PM,29/07,Scheduled,0.5936936218914989,,,,False,1111101010,estimated,5,1,0.2,1,2025,0.2228688172020751,0.36230797714146684,0.48542702772605484,0.4300418811122756,0.42275927745257774,20,1,-0.0005252100840336116,0.968,40.9,D,0.27191011235955054,2.3589308548330945,0.4321238948230626,0.19094474611653514,20,5,0,0.22321428571428573,0.22268907563025211,0.5818077803203662,0.2768878718535469,0.14130434782608695,0.20400593471810088,0.20506329113924052,0.19534883720930232,0.20333075135553835,0.2122905027932961,201,0.23391812865497075,191,False,False,0.572138623441586,0.021554998449912932,3.5353535353535355,3.95959595959596,99,,,,,,,0.045819834431209266,20,3.49,1.27,111.0,9.0,5.0,100.0,33.0,0.0,0.0,0.0,20.0,SP,20.0,463.0,108.0,23.1,8.11,2.68,8.76,0.49,22.77000450181915,-0.05402695522483225,3,0.375,8.0,7,7,0,0,0.0,4.0,0.018187784584907874,0.22439024390243903,0.2950108459869848,0.09327548806941431,0.416970802919708,0.29871167883211674,0.24896265560165975,3.761,0.3091625376645602
672275,Patrick Bailey,L,CLE,8,Brady Singer,R,663903.0,824487,CLE @ CIN,4:10 PM,29/07,Scheduled,0.5929822599742045,,,,False,1010111000,estimated,0,0,0.0,0,0,0.18667024309314587,0.3318701022591284,0.4834556644578145,0.27590843744254995,0.31446978855912994,20,1,-0.040699523052464215,1.083,59.2,C,0.29571106094808125,2.832792219227856,0.41126593034052206,0.20785561479951142,20,7,0,0.23529411764705882,0.1945945945945946,0.577313769751693,0.422686230248307,0.0,0.18373071528751753,0.19623655913978494,0.13857677902621723,0.18054532056005895,0.16981132075471697,113,0.22916666666666666,107,False,False,0.5622957646615457,0.030686495312658768,2.9705882352941178,3.235294117647059,68,,,,,,,-0.09864177278942948,20,4.53,1.38,103.1,5.0,9.0,88.0,32.0,0.0,0.0,0.0,20.0,SP,20.0,454.0,111.0,22.7,7.66,2.79,9.67,1.83,23.3235737573683,-0.0004072599742044325,4,0.4444444444444444,6.0,7,8,0,1,0.0,3.88,0.046691971670234575,0.22133333333333333,0.2591687041564792,0.06356968215158924,0.37515489467162333,0.30442936802973974,0.29457364341085274,3.599,0.28216477811530455
667472,Dane Myers,R,CIN,8,Joey Cantillo,L,676282.0,824487,CLE @ CIN,4:10 PM,29/07,Scheduled,0.5922334880831959,,,,False,0011010111,estimated,0,0,0.0,0,0,0.30185135635271354,0.29666127228438055,0.4126901182967704,0.4477299683800847,0.2989180846021638,20,1,-0.04736842105263156,1.083,64.3,C,0.3126984126984127,2.2172558927055857,0.372665238033605,0.24720395897304792,20,5,0,0.25263157894736843,0.3,0.4051906779661017,0.3294491525423729,0.2653601694915254,0.25396825396825395,0.2682926829268293,0.2348993288590604,0.2554671968190855,0.3,72,0.24705882352941178,97,False,False,0.5563848817659695,0.03584860631722642,2.3015873015873014,2.6825396825396823,63,,,,,,,0.1206672815198501,20,4.02,1.46,109.2,8.0,6.0,116.0,53.0,0.0,0.0,0.0,22.0,SP,22.0,475.0,107.0,21.6,9.52,4.35,8.78,1.07,22.178344125387344,-0.024847773797481598,7,0.7777777777777778,6.0,7,7,0,1,0.0,3.88,0.09969891992955855,0.21241830065359477,0.24566473988439305,0.09826589595375723,0.3834087481146305,0.2959570135746606,0.26517571884984026,3.599,0.34364293624900055
701358,Cam Smith,R,HOU,8,Grayson Rodriguez,R,680570.0,824002,HOU @ LAA,6:38 PM,29/07,Scheduled,0.5904714957933245,9900.0,-138.0,1.0,False,0100001000,estimated,0,0,0.0,0,0,0.11420945631404637,0.23837462306407392,0.42458963383219284,0.12584288367255775,0.18065147753245864,20,1,0.0006514408338442745,0.979,14.9,F,0.24765729585006693,1.6636425282189424,0.5463636866293323,0.1504983781333481,9,5,0,0.20535714285714285,0.20600858369098712,0.5364864864864864,0.2418918918918919,0.22162162162162163,0.21492537313432836,0.20268872802481902,0.18155619596541786,0.2064030131826742,0.19796954314720813,220,0.21621621621621623,168,False,False,0.5651326480866121,0.025338847706712353,3.4158415841584158,3.8415841584158414,101,,,,,,,-0.23100844578441718,20,8.54,1.79,39.0,3.0,3.0,30.0,19.0,0.0,0.0,0.0,9.0,SP,9.0,186.0,51.0,20.7,6.92,4.38,11.77,1.62,20.628626261376958,-0.04497149579332449,2,0.25,-8.0,7,6,0,1,0.0,3.88,0.1072893190123872,0.20157068062827224,0.23963133640552994,0.08525345622119816,0.44832134292565945,0.32028776978417267,0.23529411764705882,3.599,0.31240762059585653
702222,Justin Crawford,L,PHI,8,Ryan Gusto,R,687473.0,823837,PHI @ MIA,9:10 AM,29/07,Pre-Game,0.5900401845082496,,,,False,1000100110,live,0,0,0.0,0,0,0.21270807393443283,0.30851382659847243,0.1970967926492023,0.2534191811312318,0.14769382841928005,20,1,0.04700969827586207,1.0,63.6,C,0.2756183745583039,4.270134642826094,0.43267399569632986,0.22885324115508235,12,5,0,0.20689655172413793,0.25390625,0.5406360424028268,0.2791519434628975,0.18021201413427562,0.24493392070484582,0.2842377260981912,0.23853211009174313,0.2525832376578645,0.2777777777777778,156,0.2198581560283688,152,True,False,0.5850038991160487,0.005036285392200912,3.0319148936170213,3.276595744680851,94,,,,,,,-0.007060182519078883,20,4.5,1.32,34.0,0.0,2.0,31.0,11.0,0.0,0.0,0.0,7.0,SP,12.0,151.0,34.0,12.6,8.21,2.91,9.0,0.79,12.45469313191473,0.001899815491750334,5,0.5555555555555556,7.0,7,6,1,1,0.0,3.88,0.01106048620690329,0.2565789473684211,0.20426829268292682,0.054878048780487805,0.33544303797468356,0.30319831223628696,0.2682926829268293,3.599,0.3163261164252398
642086,Dominic Smith,L,ATL,6,Christian Scott,R,681035.0,823598,ATL @ NYM,4:10 PM,29/07,Scheduled,0.5899346152555855,,,,False,0010011001,estimated,0,0,0.0,0,0,0.2610117294172641,0.22909019765857283,0.31330942399148176,0.3339941846984796,0.16487127773880147,20,3,0.21370716510903426,0.949,65.8,B,0.2808219178082192,2.5827629885782306,0.35023506273097754,0.2934026359330027,14,7,0,0.06666666666666667,0.2803738317757009,0.6863753213367609,0.27849185946872324,0.03513281919451585,0.28804347826086957,0.26139088729016785,0.20333333333333334,0.2623626373626374,0.3125,122,0.2222222222222222,134,False,False,0.6390002352637844,-0.04906562000819881,2.632183908045977,2.942528735632184,87,,,,,,,-0.09710380779394268,20,3.13,1.26,63.1,3.0,2.0,78.0,29.0,0.0,0.0,0.0,14.0,SP,14.0,271.0,51.0,19.4,11.08,4.12,7.25,0.99,19.463990884192718,0.020015384744414555,8,1.0,-4.0,6,7,1,0,0.0,4.12,0.10181683731907858,0.27113702623906705,0.14814814814814814,0.06349206349206349,0.35772357723577236,0.28998780487804876,0.2,3.895,0.32722330092197793
666211,Taylor Trammell,L,HOU,7,Grayson Rodriguez,R,680570.0,824002,HOU @ LAA,6:38 PM,29/07,Scheduled,0.5895522258416052,,,,False,0001100110,estimated,0,0,0.0,0,0,0.16450449902676412,0.3107849159702234,0.34329738680107924,0.282865657212918,0.3107977061550952,20,1,0.07703081232492998,0.979,14.9,F,0.24765729585006693,1.6636425282189424,0.5463636866293323,0.1504983781333481,9,5,0,0.16666666666666666,0.24369747899159663,0.5364864864864864,0.2418918918918919,0.22162162162162163,0.24458874458874458,0.24820143884892087,0.23809523809523808,0.24480369515011546,0.323943661971831,78,0.13333333333333333,68,False,False,0.5434802878473081,0.046071937994297096,2.62,2.92,50,,,,,,,-0.0828313161207776,20,8.54,1.79,39.0,3.0,3.0,30.0,19.0,0.0,0.0,0.0,9.0,SP,9.0,186.0,51.0,20.7,6.92,4.38,11.77,1.62,20.628626261376958,-0.052102225841605176,2,0.25,-8.0,7,6,0,1,0.0,4.0,0.06546634318106803,0.2103448275862069,0.3263473053892216,0.11077844311377245,0.37384898710865566,0.28787292817679555,0.3888888888888889,3.761,0.31240762059585653
687637,Dylan Beavers,L,BAL,4,Tarik Skubal,L,669373.0,824242,BAL @ DET,10:10 AM,29/07,Scheduled,0.5887042858870434,,,,False,1101011010,estimated,0,0,0.0,0,0,0.22823595465745392,0.33094964585934017,0.4049963759354926,0.30300551885423765,0.21627498428907027,20,1,-0.022939068100358423,1.004,93.2,A,0.32622432859399686,8.563515629333603,0.29974006902265654,0.33239731739033657,14,5,0,0.2222222222222222,0.24516129032258063,0.5636363636363636,0.18181818181818182,0.2545454545454545,0.21691678035470668,0.19194312796208532,0.16289592760180996,0.2005813953488372,0.20588235294117646,115,0.3064516129032258,72,False,False,0.6045627543960189,-0.015858468508975543,3.0943396226415096,3.5283018867924527,53,,,,,,,-0.03327949246295585,20,2.7,0.92,90.0,7.0,5.0,110.0,13.0,0.0,0.0,0.0,15.0,SP,15.0,349.0,70.0,23.3,11.0,1.3,7.0,1.0,23.430216850879788,0.03171238077962324,6,0.75,-3.0,7,7,1,1,0.0,4.35,0.08264763683456729,0.24647887323943662,0.24702380952380953,0.13690476190476192,0.3316749585406302,0.30406301824212273,0.2911392405063291,4.159,0.28206957602602795
608348,Carson Kelly,R,CHC,7,Dustin May,R,669160.0,823022,CHC @ STL,4:45 PM,29/07,Scheduled,0.5887042858870434,,,,False,0010100011,estimated,0,0,0.0,0,0,0.17718066403874608,0.22763401029002261,0.3191761137825182,0.22869832301992066,0.17213500363614564,20,1,-0.046850672328379306,1.031,42.9,D,0.2877526753864447,2.769067114021897,0.4492794896556457,0.2399905734628162,20,5,0,0.28888888888888886,0.24203821656050956,0.6714285714285714,0.26071428571428573,0.06785714285714285,0.23968784838350055,0.21314387211367672,0.2978723404255319,0.23696969696969697,0.25190839694656486,143,0.2672413793103448,138,False,False,0.5648426657749323,0.023861620112111126,3.25,3.6973684210526314,76,,,,,,,-0.19018997701422508,20,4.59,1.32,104.0,5.0,7.0,103.0,33.0,0.0,0.0,0.0,20.0,SP,20.0,441.0,104.0,22.1,8.91,2.86,9.0,0.61,21.930667155764294,0.0072707141129566555,4,0.5,27.0,7,6,0,0,0.0,4.0,0.11009965775400686,0.24371859296482412,0.21651785714285715,0.09151785714285714,0.3803986710963455,0.28025581395348836,0.22560975609756098,3.761,0.3613703552007493
680776,Jarren Duran,L,BOS,7,Jacob Lopez,L,682052.0,824973,BOS @ ATH,6:40 PM,29/07,Scheduled,0.5879555139960347,,,,False,0010110101,estimated,0,0,0.0,0,0,0.23019243663451297,0.32790385349277934,0.33035673654862874,0.3512686226954365,0.2750397428909574,20,1,0.03992863817857445,0.977,60.4,C,0.2595606183889341,1.565781318017404,0.3144642091072553,0.19210541481573926,16,5,0,0.22784810126582278,0.18791946308724833,0.5903908794788274,0.31840390879478825,0.09120521172638436,0.17868745938921377,0.173053152039555,0.20363636363636364,0.18178682304242844,0.18584070796460178,250,0.2119205298013245,171,False,False,0.5676795491999986,0.020275964796036106,3.8469387755102042,4.295918367346939,98,,,,,,,-0.022716607761695873,20,6.12,1.67,64.2,5.0,4.0,53.0,40.0,0.0,0.0,0.0,13.0,SP,16.0,302.0,68.0,18.9,7.38,5.57,9.46,1.53,18.092189088737108,-0.017144402884923582,9,0.9,-17.0,7,7,0,0,0.0,4.0,0.057351398290208945,0.2021978021978022,0.2837573385518591,0.07240704500978473,0.39301075268817204,0.32044193548387095,0.22535211267605634,3.761,0.34820445519263393
543760,Marcus Semien,R,NYM,7,Aj Smith-Shawver,R,700363.0,823596,ATL @ NYM,10:10 AM,29/07,Scheduled,0.5879555139960347,,,,False,1000110011,estimated,0,0,0.0,0,0,0.2617571174837743,0.26725991102868457,0.437390809688866,0.300980531946787,0.22792178839365282,20,2,0.017821452365089946,0.949,,,,,,,0,0,0,0.19736842105263158,0.21518987341772153,,,,0.21994408201304752,0.17295980511571254,0.21487603305785125,0.20055970149253732,0.19337016574585636,197,0.23484848484848486,148,False,False,0.5929822599742045,-0.0050267459781697665,3.5977011494252875,3.9655172413793105,87,,,,,,,0.05627309551271699,20,,,,,,,,,,,,,,,,,,,,,,-0.014344402884923668,9,1.0,9.0,7,6,1,0,0.0,4.0,0.07985322132402305,0.22119815668202766,0.18969072164948453,0.07216494845360824,0.3516081871345029,0.3155921052631579,,3.761,0.3508574187002097
687551,Drew Gilbert,L,SF,8,Shane Drohan,L,675660.0,823192,MIL @ SF,12:45 PM,29/07,Scheduled,0.5864324554750305,,,,False,1010101101,estimated,0,0,0.0,0,0,0.25304825940063647,0.3992508613829552,0.4006771247682312,0.3006436751839606,0.14141459929150807,20,2,-0.012777777777777777,0.994,84.2,A,0.2980392156862745,4.483457833640348,0.36639810752838825,0.27173133496902196,20,5,0,0.2222222222222222,0.235,0.6109803921568627,0.3411764705882353,0.04784313725490196,0.23896103896103896,0.2297979797979798,0.2645739910313901,0.23942652329749103,0.24770642201834864,121,0.22018348623853212,127,False,True,0.5914481231726018,-0.0050156676975712244,2.691358024691358,3.0617283950617282,81,,,,,,,0.04244135678677929,20,3.51,1.2,82.0,5.0,4.0,82.0,23.0,1.0,0.0,1.0,11.0,SP,21.0,342.0,75.0,16.3,9.0,2.52,8.23,0.66,18.80821313233177,-0.0032324554750305934,5,0.625,7.0,7,6,1,1,0.0,3.88,0.06851560778705337,0.22255192878338279,0.1662269129287599,0.07387862796833773,0.3424574209245742,0.2759367396593674,0.2376237623762376,3.599,0.3119194476353623
624424,Michael Conforto,L,CHC,9,Dustin May,R,669160.0,823022,CHC @ STL,4:45 PM,29/07,Scheduled,0.5864213771944319,,,,False,0100100011,estimated,0,0,0.0,0,0,0.2149691252181701,0.263594686311651,0.42334996762711447,0.3251750866715398,0.2625300421182175,20,1,0.0,1.031,42.9,D,0.2877526753864447,2.769067114021897,0.4492794896556457,0.2399905734628162,20,5,0,,0.24528301886792453,0.6714285714285714,0.26071428571428573,0.06785714285714285,0.22580645161290322,0.1838006230529595,0.1598173515981735,0.19851576994434136,0.22077922077922077,87,0.2682926829268293,95,False,False,0.5334379335264519,0.052983443667980024,2.2714285714285714,2.6,70,,,,,,,0.018333812395680313,20,4.59,1.32,104.0,5.0,7.0,103.0,33.0,0.0,0.0,0.0,20.0,SP,20.0,441.0,104.0,22.1,8.91,2.86,9.0,0.61,21.930667155764294,-0.014021377194431861,4,0.5,27.0,7,6,0,0,0.0,3.76,0.06566015783374007,0.23255813953488372,0.282798833819242,0.10495626822157435,0.47467320261437906,0.317,0.28879310344827586,3.443,0.3613703552007493
691720,Kyle Karros,R,COL,6,,R,,823273,COL @ SD,1:10 PM,29/07,Scheduled,0.5854125467746966,,,,False,1001101110,estimated,0,0,0.0,0,0,0.2658789416072062,0.30338940147643234,0.32400298865491584,0.3498445179302278,0.19673052395228377,20,3,-0.06130162241887907,0.954,,,,,,,0,0,0,0.3008849557522124,0.23958333333333334,,,,0.25721153846153844,0.24169986719787517,0.25259515570934254,0.25152571926765477,0.25862068965517243,200,0.26717557251908397,158,False,False,0.5973124292053166,-0.011899882430620012,3.080808080808081,3.6161616161616164,99,,,,,,,-0.012327076243664716,20,,,,,,,,,,,,,,,,,,,,,,-0.013932546774696575,5,0.7142857142857143,7.0,6,5,1,1,0.0,4.12,0.12767778118435325,0.2561307901907357,0.21445221445221446,0.11655011655011654,0.42363636363636364,0.3132618181818182,,3.895,0.3150265183591125
663728,Cal Raleigh,L,SEA,6,Eric Lauer,L,641778.0,823924,SEA @ LAD,7:10 PM,29/07,Scheduled,0.5845849965739507,-133.0,150.0,57.0,False,0001011011,estimated,0,0,0.0,0,0,0.16691152390468644,0.34377856779696314,0.40971158340171315,0.3823422338069569,0.3644739721741106,20,1,-0.0017006802721088454,0.973,54.7,C,0.23787878787878788,1.8921080614692303,0.35965391461329266,0.14575317270465785,16,7,0,0.16666666666666666,0.1683673469387755,0.6322971948445792,0.20849128127369218,0.15921152388172857,0.15485756026296568,0.17083946980854198,0.1493212669683258,0.15823293172690764,0.18128654970760233,195,0.14563106796116504,122,False,False,0.5604384040384832,0.02414659253546747,3.7027027027027026,4.283783783783784,74,,,,,,,0.03522085000628661,20,4.83,1.26,82.0,5.0,5.0,52.0,28.0,0.0,1.0,1.0,13.0,SP,16.0,346.0,75.0,21.6,5.71,3.07,8.23,2.2,22.204096407928276,-0.03154213943109352,7,0.875,11.0,6,6,0,0,0.0,4.12,0.08968237828275726,0.20224719101123595,0.3015267175572519,0.11450381679389313,0.3861788617886179,0.3006898954703833,0.25806451612903225,3.895,0.30464605687250107
702176,Alan Roden,L,MIN,9,Randy Dobnak,R,677976.0,823677,KC @ MIN,4:40 PM,29/07,Scheduled,0.583202747587061,,,,False,0010011100,estimated,0,0,0.0,0,0,0.19123406244216826,0.302423053731325,0.44670367627039276,0.2373678182136433,0.20726609112165295,14,1,0.006896551724137917,1.022,51.9,C,0.256797583081571,,,,4,6,0,0.2,0.20689655172413793,0.5015105740181269,0.27794561933534745,0.22054380664652568,0.1792452830188679,0.14754098360655737,0.08695652173913043,0.15789473684210525,0.058823529411764705,21,0.35294117647058826,18,False,False,0.5513002544429277,0.03190249314413329,2.4285714285714284,2.7857142857142856,14,,,,,,,-0.20376116994714097,14,1.42,1.37,19.0,0.0,0.0,10.0,9.0,0.0,0.0,0.0,2.0,RP,4.0,80.0,17.0,20.0,4.74,4.26,8.05,0.95,,-0.0017313190156323932,7,0.7777777777777778,0.0,7,6,0,0,0.0,3.76,0.06851168070496451,0.20918367346938777,0.21875,0.07142857142857142,0.35034013605442177,0.21980272108843538,0.25,3.443,0.3173100934196813
672356,Gabriel Arias,R,CLE,7,Brady Singer,R,663903.0,824487,CLE @ CIN,4:10 PM,29/07,Scheduled,0.5829032532788782,,,,False,1100110111,estimated,6,2,0.3333333333333333,1,2022,0.25955106211718737,0.410649778845844,0.33667236657008287,0.5594310267947931,0.4521372697062536,20,1,-0.08173734610123118,1.083,59.2,C,0.29571106094808125,2.832792219227856,0.41126593034052206,0.20785561479951142,20,7,0,0.3023255813953488,0.22058823529411764,0.577313769751693,0.422686230248307,0.0,0.25,0.25660377358490566,0.24096385542168675,0.25066666666666665,0.23333333333333334,63,0.27450980392156865,54,False,False,0.5651326480866121,0.01777060519226603,3.0833333333333335,3.25,36,,,,,,,0.0848371129320826,20,4.53,1.38,103.1,5.0,9.0,88.0,32.0,0.0,0.0,0.0,20.0,SP,20.0,454.0,111.0,22.7,7.66,2.79,9.67,1.83,23.3235737573683,0.017746746721121864,4,0.4444444444444444,6.0,7,8,0,1,0.0,4.0,0.06968274125159561,0.22538860103626943,0.3946731234866828,0.04600484261501211,0.4585201793721973,0.3556771300448431,0.22875816993464052,3.761,0.28216477811530455
690984,Petey Halpin,L,CLE,9,Brady Singer,R,663903.0,824487,CLE @ CIN,4:10 PM,29/07,Scheduled,0.5824173826764669,,,,False,1101000001,estimated,0,0,0.0,0,0,0.19367647494307977,0.27353684593164557,0.25830615435051646,0.24099861697022187,0.10921168117037527,20,1,0.16285714285714287,1.083,59.2,C,0.29571106094808125,2.832792219227856,0.41126593034052206,0.20785561479951142,20,7,0,0.08,0.24285714285714285,0.577313769751693,0.422686230248307,0.0,0.2032258064516129,0.13071895424836602,0.23529411764705882,0.1853932584269663,0.2558139534883721,47,0.15384615384615385,57,False,False,0.5516968689239177,0.03072051375254925,2.5675675675675675,2.810810810810811,37,,,,,,,-0.06563386015375262,20,4.53,1.38,103.1,5.0,9.0,88.0,32.0,0.0,0.0,0.0,20.0,SP,20.0,454.0,111.0,22.7,7.66,2.79,9.67,1.83,23.3235737573683,-0.0054923826764669,4,0.4444444444444444,6.0,7,8,0,1,0.0,3.76,0.03153961623105593,0.19230769230769232,0.24561403508771928,0.043859649122807015,0.24561403508771926,0.26930263157894735,0.29457364341085274,3.443,0.28216477811530455
673357,Luis Robert,R,NYM,6,Aj Smith-Shawver,R,700363.0,823596,ATL @ NYM,10:10 AM,29/07,Scheduled,0.5814539606963411,,,,False,0100101001,estimated,0,0,0.0,0,0,0.13539654373374974,0.28743308706968057,0.4247364000070259,0.1926643563989509,0.24922445968213391,20,2,0.09631985461154022,0.949,,,,,,,0,0,0,0.12903225806451613,0.22535211267605634,,,,0.18872017353579176,0.15789473684210525,0.15126050420168066,0.17458279845956354,0.18032786885245902,70,0.21951219512195122,47,False,False,0.5871920685918053,-0.00573810789546414,3.4,3.9,30,,,,,,,-0.09213320543412175,20,,,,,,,,,,,,,,,,,,,,,,-0.01124284958523003,9,1.0,9.0,7,6,1,0,0.0,4.12,0.14937551424415457,0.23820754716981132,0.24,0.08842105263157894,0.41451612903225804,0.3299881720430108,,3.895,0.3508574187002097
650559,Bryan De La Cruz,R,PHI,7,Ryan Gusto,R,687473.0,823837,PHI @ MIA,9:10 AM,29/07,Pre-Game,0.5814539606963411,,,,False,11111,live,0,0,0.0,0,0,0.7756132963887623,0.35661818929836475,0.24874821201940125,0.9233242144585133,0.11903218032343185,5,1,0.0,1.0,63.6,C,0.2756183745583039,4.270134642826094,0.43267399569632986,0.22885324115508235,12,5,0,0.75,,0.5406360424028268,0.2791519434628975,0.18021201413427562,0.7096774193548387,0.6451612903225806,0.7727272727272727,0.7023809523809523,0.7142857142857143,8,,4,False,False,0.5864213771944319,-0.004967416498090738,2.2,2.4,5,,,,,,,0.4586028503285598,5,4.5,1.32,34.0,0.0,2.0,31.0,11.0,0.0,0.0,0.0,7.0,SP,12.0,151.0,34.0,12.6,8.21,2.91,9.0,0.79,12.45469313191473,0.007606039303658885,5,0.5555555555555556,7.0,7,6,1,1,0.0,4.0,0.05735747549263815,0.23404255319148937,0.29082774049217003,0.03803131991051454,0.4109783845278726,0.29300000000000004,0.21428571428571427,3.761,0.3163261164252398
687859,Troy Johnston,L,COL,8,,R,,823273,COL @ SD,1:10 PM,29/07,Scheduled,0.5814539606963411,-9900.0,9900.0,99.0,False,0010101001,estimated,0,0,0.0,0,0,0.14791259154028283,0.2617394391990797,0.42275223400259576,0.17708329050002747,0.13845590818613365,20,1,0.026721763085399475,0.954,,,,,,,0,0,0,0.26666666666666666,0.29338842975206614,,,,0.24186822351959966,0.307426597582038,0.23835616438356164,0.262987012987013,0.2681564245810056,199,0.3170731707317073,144,False,False,0.5879555139960347,-0.0065015532996935965,3.1789473684210527,3.610526315789474,95,,,,,,,-0.4212965939982045,20,,,,,,,,,,,,,,,,,,,,,,-0.02049396069634113,5,0.7142857142857143,7.0,6,5,1,1,0.0,3.88,0.14748126502257286,0.29476584022038566,0.18004866180048662,0.08759124087591241,0.40455594002306805,0.3352341407151096,,3.599,0.3150265183591125
805347,Jim Jarvis,L,ATL,8,Sean Manaea,L,640455.0,823596,ATL @ NYM,10:10 AM,29/07,Scheduled,0.5799309021753369,,,,False,1001100000,estimated,0,0,0.0,0,0,0.18485984905515315,0.2992476431827443,0.4649177562842668,0.2259346937995268,0.15495149398329647,20,2,-0.1616161616161616,0.949,51.0,C,0.26398946675444374,3.3273083189377766,0.42536630852229573,0.23430977730728145,20,5,0,0.1111111111111111,0.2727272727272727,0.6491112574061882,0.3127057274522712,0.03818301514154049,0.21568627450980393,0.21176470588235294,0.2,0.2111111111111111,0.24242424242424243,35,0.25806451612903225,36,True,False,0.5965417378079433,-0.016610835632606347,3.0476190476190474,3.380952380952381,21,,,,,,,-0.0611229478028807,20,4.52,1.35,85.2,2.0,5.0,84.0,28.0,0.0,0.0,0.0,8.0,RP,22.0,377.0,88.0,17.1,8.82,2.94,9.25,1.26,19.51356588166452,-0.007230902175336951,8,1.0,-4.0,6,7,1,0,0.0,3.88,0.03751323023103192,0.23880597014925373,0.17333333333333334,0.05333333333333334,0.37345679012345684,0.3006666666666667,0.23931623931623933,3.599,0.32722330092197793
680700,Richie Palacios,L,TB,7,Mackenzie Gore,L,669022.0,822947,TEX @ TB,3:40 PM,29/07,Scheduled,0.579368212408733,,,,False,0110001100,estimated,0,0,0.0,0,0,0.18962503293749408,0.2682338143443624,0.3116574461803634,0.26343223465710464,0.21227742493897572,20,1,0.003767024050999712,0.96,51.4,C,0.2689969604863222,2.9258515995125247,0.4275040666129672,0.24888524083368518,20,5,0,0.23529411764705882,0.2315270935960591,0.5909782057780031,0.303091738469336,0.10593005575266093,0.25524044389642414,0.19467213114754098,0.2209737827715356,0.23076923076923078,0.23076923076923078,148,0.23333333333333334,105,False,False,0.583202747587061,-0.0038345351783279913,2.933333333333333,3.3733333333333335,75,,,,,,,-0.0912408948277114,20,4.82,1.31,115.2,6.0,8.0,127.0,44.0,0.0,0.0,0.0,22.0,SP,22.0,498.0,107.0,22.6,9.88,3.42,8.33,1.09,22.938920974394957,0.01146512092460028,3,0.3333333333333333,16.0,6,6,0,0,0.0,4.0,0.07581532678599177,0.22023809523809523,0.17,0.1375,0.28700248756218905,0.29326212686567166,0.28703703703703703,3.761,0.3411093866663393
701807,Carson Benge,L,NYM,4,Chris Sale,L,519242.0,823598,ATL @ NYM,4:10 PM,29/07,Scheduled,0.5791967701972635,,,,False,0010111010,estimated,0,0,0.0,0,0,0.23700341717642676,0.3009310534020835,0.29197759847276494,0.29722441889556267,0.26390676970877824,20,3,0.005148005148005175,0.949,87.0,A,0.32656514382402707,5.573508290835782,0.3361974099439555,0.30864296994419,19,6,0,0.2619047619047619,0.25675675675675674,0.4915349887133183,0.39334085778781036,0.11512415349887133,0.23089343379978472,0.26004728132387706,0.25902335456475584,0.24283464566929133,0.24,248,0.2838709677419355,168,True,False,0.6158143405695884,-0.03661757037232494,3.8,4.16,100,,,,,,,0.08886881586762595,20,2.19,1.05,111.0,11.0,6.0,134.0,26.0,0.0,0.0,0.0,19.0,SP,19.0,451.0,91.0,23.7,10.86,2.11,7.38,0.65,23.570052082310124,0.022125452024958858,9,1.0,9.0,7,6,1,0,0.0,4.35,0.11102410159991796,0.2614213197969543,0.22298850574712645,0.08045977011494253,0.39730639730639733,0.36006004489337823,0.21568627450980393,4.159,0.3508574187002097
682626,Francisco Álvarez,R,NYM,8,Aj Smith-Shawver,R,700363.0,823596,ATL @ NYM,10:10 AM,29/07,Scheduled,0.5775292504261568,,,,False,1011011111,estimated,0,0,0.0,0,0,0.3194060563567782,0.3991525407474345,0.5180959441955241,0.5267568967915922,0.3002821840071337,20,2,0.016346153846153844,0.949,,,,,,,0,0,0,0.24615384615384617,0.2625,,,,0.2630979498861048,0.25476603119584057,0.22162162162162163,0.2548661800486618,0.288,140,0.22,115,False,False,0.5796744388792324,-0.0021451884530756526,3.260869565217391,3.6956521739130435,69,,,,,,,0.19308609811368674,20,,,,,,,,,,,,,,,,,,,,,,-0.013118139315045574,9,1.0,9.0,7,6,1,0,0.0,3.88,0.14869159133733278,0.2617801047120419,0.2557603686635945,0.0967741935483871,0.49507995079950795,0.3330184501845019,,3.599,0.3508574187002097
643217,Andrew Benintendi,L,CWS,5,Cam Schlittler,R,693645.0,824567,NYY @ CWS,4:40 PM,29/07,Scheduled,0.5767011942873674,,,,False,0110100101,estimated,0,0,0.0,0,0,0.2051644067403807,0.2792744179268448,0.2507476497623404,0.30584408160810556,0.3129832560998742,20,1,0.022052586938083124,0.968,68.4,B,0.29356435643564355,6.589861905524429,0.40729913070771817,0.31191599175900314,20,5,0,0.2222222222222222,0.24427480916030533,0.9092261904761905,0.09077380952380952,0.0,0.23187108325872874,0.2124031007751938,0.21923937360178972,0.22406825325550067,0.2254335260115607,191,0.2672413793103448,131,False,False,0.621695987509041,-0.044994793221673546,3.10752688172043,3.4623655913978495,93,,,,,,,0.07367500384366685,20,2.07,0.93,130.1,10.0,6.0,157.0,25.0,0.0,0.0,0.0,22.0,SP,22.0,515.0,96.0,23.4,10.84,1.73,6.63,0.83,24.01557121647761,0.04296547237929926,3,0.375,3.0,6,6,0,0,0.0,4.25,0.07567768559803893,0.25263157894736843,0.2376470588235294,0.08235294117647059,0.44922341696535245,0.3321182795698925,0.2062937062937063,4.023,0.3210757223117986
663586,Austin Riley,R,ATL,7,Sean Manaea,L,640455.0,823596,ATL @ NYM,10:10 AM,29/07,Scheduled,0.5767011942873674,,,,False,1100111010,estimated,8,3,0.375,1,2022,0.2322750477936689,0.36761872586964145,0.46572484437625744,0.3699006322823219,0.36540271554376436,20,2,-0.031068473860235868,0.949,51.0,C,0.26398946675444374,3.3273083189377766,0.42536630852229573,0.23430977730728145,20,5,0,0.1956521739130435,0.22672064777327935,0.6491112574061882,0.3127057274522712,0.03818301514154049,0.20891875381795968,0.18,0.22045454545454546,0.20217678100263853,0.20754716981132076,237,0.2254335260115607,193,False,False,0.5751670574857647,0.001534136801602748,3.6320754716981134,4.056603773584905,106,,,,,,,0.04565367192665436,20,4.52,1.35,85.2,2.0,5.0,84.0,28.0,0.0,0.0,0.0,8.0,RP,22.0,377.0,88.0,17.1,8.82,2.94,9.25,1.26,19.51356588166452,-0.019251194287367435,8,1.0,-4.0,6,7,1,0,0.0,4.0,0.06075217288238255,0.2119815668202765,0.3002070393374741,0.07867494824016563,0.4388696655132641,0.29686159169550175,0.2764976958525346,3.761,0.32722330092197793
571448,Nolan Arenado,R,AZ,6,Jared Jones,R,683003.0,823351,AZ @ PIT,9:35 AM,29/07,Scheduled,0.5767011942873674,,,,False,1111100001,estimated,0,0,0.0,0,0,0.2921677580164008,0.3593824307874083,0.41980364733355846,0.4150975556559269,0.25232938675744615,20,1,0.02722813435317592,1.013,88.6,A,0.29836512261580383,4.249535695441396,0.3565571963250597,0.3007624937171691,10,5,0,0.2268041237113402,0.2540322580645161,0.45231607629427795,0.4114441416893733,0.1362397820163488,0.23608017817371937,0.22943722943722944,0.2292358803986711,0.23279195668986852,0.23469387755102042,220,0.26174496644295303,170,False,False,0.6059556575206576,-0.029254463233290173,3.4158415841584158,3.8613861386138613,101,,,,,,,-0.08655524053497653,20,3.72,1.02,46.0,2.0,1.0,53.0,13.0,0.0,0.0,0.0,10.0,SP,10.0,184.0,34.0,18.4,10.37,2.54,6.65,1.17,18.491177945866554,0.05316547237929925,3,0.375,6.0,7,7,1,1,0.0,4.12,0.12579040176550943,0.24205378973105135,0.2047930283224401,0.0784313725490196,0.3249206349206349,0.3011333333333333,0.13043478260869565,3.895,0.3520347592499012
677870,Leo Jimenez,R,MIA,6,Jesús Luzardo,L,666200.0,823837,PHI @ MIA,9:10 AM,29/07,Pre-Game,0.5763818062785618,,,,False,1100101000,live,5,1,0.2,1,2026,0.20833822504724223,0.30664376645961106,0.5418169864944972,0.22527583441590882,0.08484714398003283,20,3,-0.09748427672955975,1.0,98.3,A,0.3259478089611029,3.9454278983990747,0.32851197663491644,0.31057970788590855,20,5,0,0.16666666666666666,0.2641509433962264,0.43032988675529293,0.37813884785819796,0.1915312653865091,0.23516483516483516,0.22992700729927007,0.21666666666666667,0.23302107728337237,0.27692307692307694,74,0.12962962962962962,66,False,False,0.6050452592243311,-0.02866345294576922,2.5869565217391304,3.0434782608695654,46,,,,,,,-0.21179461338841127,20,3.31,1.17,122.1,9.0,5.0,152.0,38.0,0.0,0.0,0.0,21.0,SP,21.0,509.0,105.0,24.2,11.18,2.8,7.72,0.81,24.457950708570305,0.006751527054771556,6,0.6666666666666666,-7.0,7,6,1,1,0.0,4.12,0.15275443011677084,0.19936708860759494,0.24390243902439024,0.07046070460704607,0.415929203539823,0.3042278761061947,0.25,3.895,0.3232737916584744
694497,Evan Carter,L,TEX,6,Casey Legumina,R,668984.0,822947,TEX @ TB,3:40 PM,29/07,Scheduled,0.5753964647920713,,,,False,0101001111,estimated,0,0,0.0,0,0,0.293625791442648,0.376271410716775,0.3846611057111317,0.46664777741314084,0.20222175692677857,20,1,-0.20252100840336137,0.96,52.0,C,0.25370919881305637,2.0637873665312463,0.37070279314128946,0.16513869019031174,20,6,0,0.4,0.19747899159663865,0.6141975308641975,0.2716049382716049,0.11419753086419752,0.21791044776119403,0.17714285714285713,0.17607223476297967,0.1995957554320364,0.2323943661971831,170,0.16981132075471697,127,False,False,0.5844564494967391,-0.009059984704667845,2.8505747126436782,3.413793103448276,87,,,,,,,0.08423512699550098,20,3.95,1.32,43.1,2.0,2.0,31.0,13.0,0.0,0.0,0.0,3.0,RP,34.0,185.0,44.0,5.4,6.44,2.7,9.14,0.83,5.195569528283895,-0.017096464792071275,8,1.0,-11.0,7,6,0,0,0.0,4.12,0.14881141256109265,0.19540229885057472,0.23658536585365852,0.11707317073170732,0.3745019920318725,0.29123904382470117,0.17142857142857143,3.895,0.28431600155713765
553869,Elías Díaz,R,TEX,8,Casey Legumina,R,668984.0,822947,TEX @ TB,3:40 PM,29/07,Scheduled,0.5753964647920713,,,,False,0101010100,estimated,0,0,0.0,0,0,0.16559848990881013,0.2543654926179352,0.26715966751672887,0.17759888025460646,0.24932057819893702,20,2,-0.03453689167974883,0.96,52.0,C,0.25370919881305637,2.0637873665312463,0.37070279314128946,0.16513869019031174,20,6,0,0.2653061224489796,0.23076923076923078,0.6141975308641975,0.2716049382716049,0.11419753086419752,0.21339950372208435,0.2358974358974359,0.24742268041237114,0.22779369627507162,0.25,65,0.24,54,False,False,0.5615055487875421,0.013890916004529186,3.081081081081081,3.2162162162162162,37,,,,,,,-0.06291752490459394,20,3.95,1.32,43.1,2.0,2.0,31.0,13.0,0.0,0.0,0.0,3.0,RP,34.0,185.0,44.0,5.4,6.44,2.7,9.14,0.83,5.195569528283895,-0.03825896479207136,8,1.0,-11.0,7,6,0,0,0.0,3.88,0.006619055150921026,0.21987951807228914,0.25210084033613445,0.04481792717086835,0.38636363636363635,0.29669628099173556,0.3563218390804598,3.599,0.28431600155713765
650489,Willi Castro,L,COL,7,,R,,823273,COL @ SD,1:10 PM,29/07,Scheduled,0.5751670574857647,-9900.0,9900.0,99.0,False,1111101011,estimated,0,0,0.0,0,0,0.25022517557644197,0.38190318731344486,0.42629336310198596,0.41527408156328666,0.3010071003335489,20,1,0.006557633006752772,0.954,,,,,,,0,0,0,0.25547445255474455,0.2620320855614973,,,,0.2478932584269663,0.25,0.22302158273381295,0.2422360248447205,0.28191489361702127,207,0.22794117647058823,158,False,False,0.5872274783285811,-0.012060420842816444,3.5604395604395602,4.010989010989011,91,,,,,,,0.05796148491810197,20,,,,,,,,,,,,,,,,,,,,,,-0.01916705748576475,5,0.7142857142857143,7.0,6,5,1,1,0.0,4.0,0.07224070034286002,0.24938271604938272,0.2719298245614035,0.08114035087719298,0.38018979833926453,0.3071432384341637,,3.761,0.3150265183591125
624641,Edmundo Sosa,R,PHI,9,Ryan Gusto,R,687473.0,823837,PHI @ MIA,9:10 AM,29/07,Pre-Game,0.5751670574857647,,,,False,1101000100,live,0,0,0.0,0,0,0.1907410796472095,0.36296969279488445,0.4585132935833208,0.21641268403120384,0.1902858206391115,20,1,-0.0011979634621144264,1.0,63.6,C,0.2756183745583039,4.270134642826094,0.43267399569632986,0.22885324115508235,12,5,0,0.20754716981132076,0.20634920634920634,0.5406360424028268,0.2791519434628975,0.18021201413427562,0.19312602291325695,0.21487603305785125,0.1890547263681592,0.1988105352591334,0.16666666666666666,105,0.2602739726027397,79,False,False,0.5734553881682454,0.0017116693175193154,2.864406779661017,3.1186440677966103,59,,,,,,,-0.09822449950441521,20,4.5,1.32,34.0,0.0,2.0,31.0,11.0,0.0,0.0,0.0,7.0,SP,12.0,151.0,34.0,12.6,8.21,2.91,9.0,0.79,12.45469313191473,0.009372942514235372,5,0.5555555555555556,7.0,7,6,1,1,0.0,3.76,0.02259910687672784,0.2411764705882353,0.20821917808219179,0.0273972602739726,0.4053030303030303,0.31461174242424245,0.21428571428571427,3.443,0.3163261164252398
642350,José Siri,R,LAA,7,Hayden Wesneski,R,669713.0,824002,HOU @ LAA,6:38 PM,29/07,Scheduled,0.5740645979915056,,,,False,0101001100,estimated,0,0,0.0,0,0,0.22260788557380612,0.26338758729211925,0.2906092339717703,0.3632684256688211,0.42551752068367626,20,1,0.06575682382133996,0.979,,,,,,,0,0,0,0.24193548387096775,0.3076923076923077,,,,0.24146981627296588,0.2422680412371134,0.2777777777777778,0.24665676077265974,0.25925925925925924,57,0.2765957446808511,56,False,False,0.5488931463053989,0.025171451686106683,2.2954545454545454,2.5681818181818183,44,,,,,,,-0.07198177386454553,20,,,,,,,,,,,,,,,,,,,,,,-0.027964597991505524,7,0.7777777777777778,0.0,7,6,0,1,0.0,4.0,0.029306996574584018,0.18950437317784258,0.3689839572192513,0.05614973262032086,0.41016260162601625,0.2898536585365854,,3.761,0.31773216838383395
593428,Xander Bogaerts,R,SD,7,Gabriel Hughes,R,687312.0,823273,COL @ SD,1:10 PM,29/07,Scheduled,0.5737842351127275,-9900.0,9900.0,99.0,False,1010110011,estimated,0,0,0.0,0,0,0.17804502457363974,0.3118028579255672,0.3796386310317726,0.22106366188598858,0.16968893627868462,20,1,-0.06820814399002048,0.954,55.2,C,0.26813880126182965,,,,4,7,0,0.26744186046511625,0.19923371647509577,0.6182965299684543,0.29337539432176657,0.08832807570977919,0.21202327084680025,0.21149674620390455,0.2005420054200542,0.21041520056298382,0.21962616822429906,244,0.21052631578947367,159,False,True,0.5783075942153946,-0.004523359102667102,3.47,4.03,100,,,,,,,0.06574923508583258,20,2.79,1.14,19.1,0.0,2.0,19.0,6.0,1.0,0.0,1.0,3.0,SP,4.0,77.0,16.0,19.2,8.84,2.79,7.45,0.0,,0.004599098220605891,6,0.75,6.0,7,6,1,1,0.0,4.0,0.15704817621682832,0.22627737226277372,0.19616204690831557,0.1023454157782516,0.4215778474399164,0.3034973876698015,0.16666666666666666,3.761,0.40124887217233945
683083,Nasim Nuñez,L,WSH,9,Trey Yesavage,R,702056.0,822702,TOR @ WSH,10:05 AM,29/07,Scheduled,0.5735048107987465,,,,False,0111100010,estimated,0,0,0.0,0,0,0.21166631383818352,0.26183380534574735,0.18773738147090582,0.2523055160086517,0.054417639253095215,20,1,-0.0012195121951219523,1.04,66.8,B,0.28982456140350876,1.8448165072696963,0.355337698120357,0.25526492884060714,16,5,0,0.25,0.24878048780487805,0.4687719298245614,0.24,0.2912280701754386,0.24183514774494558,0.22195121951219512,0.27323943661971833,0.2443044110518662,0.25157232704402516,184,0.24647887323943662,161,False,False,0.5590298786108757,0.01447493218787077,3.236559139784946,3.7096774193548385,93,,,,,,,-0.11631414603957507,20,3.92,1.18,85.0,4.0,5.0,87.0,42.0,0.0,0.0,0.0,16.0,SP,16.0,353.0,58.0,22.1,9.21,4.45,6.14,1.06,22.002097924122232,0.005161855867920284,3,0.375,18.0,7,6,1,1,0.0,3.76,0.11588666880694065,0.2493150684931507,0.2099056603773585,0.11084905660377359,0.2478864734299517,0.29128985507246374,0.2,3.443,0.33583479577050784
642215,Weston Wilson,R,SEA,8,Eric Lauer,L,641778.0,823924,SEA @ LAD,7:10 PM,29/07,Scheduled,0.573480581808164,9900.0,-117.0,1.0,False,0111101000,estimated,0,0,0.0,0,0,0.144672088877622,0.2357405900188989,0.2767333735151004,0.30768303597959407,0.340769608897903,20,1,0.044596912521440824,0.973,54.7,C,0.23787878787878788,1.8921080614692303,0.35965391461329266,0.14575317270465785,16,7,0,0.22641509433962265,0.18181818181818182,0.6322971948445792,0.20849128127369218,0.15921152388172857,0.1984732824427481,0.17391304347826086,0.2641509433962264,0.2033898305084746,0.18181818181818182,49,0.25806451612903225,35,False,False,0.5445778732337978,0.028902708574366165,2.272727272727273,2.5454545454545454,33,,,,,,,-0.053051448140408825,20,4.83,1.26,82.0,5.0,5.0,52.0,28.0,0.0,1.0,1.0,13.0,SP,16.0,346.0,75.0,21.6,5.71,3.07,8.23,2.2,22.204096407928276,-0.04096629609387825,7,0.875,11.0,6,6,0,0,0.0,3.88,0.022793722872149563,0.2290909090909091,0.2857142857142857,0.08441558441558442,0.4175579322638146,0.318777183600713,0.23790322580645162,3.599,0.30464605687250107
694203,Denzer Guzman,R,LAA,8,Hayden Wesneski,R,669713.0,824002,HOU @ LAA,6:38 PM,29/07,Scheduled,0.5734553881682454,,,,False,0110101010,estimated,0,0,0.0,0,0,0.1937930675804702,0.25559768129102356,0.2579192527092649,0.2904443181441525,0.3017479042953212,20,2,0.014130434782608697,0.979,,,,,,,0,0,0,0.225,0.2391304347826087,,,,0.2425828970331588,0.14596273291925466,0.2396694214876033,0.21547502448579825,0.23170731707317074,87,0.24,56,False,False,0.5563848817659695,0.01707050640227592,3.8823529411764706,4.205882352941177,34,,,,,,,0.07736263925793975,20,,,,,,,,,,,,,,,,,,,,,,-0.03428395959681685,7,0.7777777777777778,0.0,7,6,0,1,0.0,3.88,0.02603500619059469,0.22282608695652173,0.3112244897959184,0.04591836734693878,0.36585365853658536,0.30511382113821134,,3.599,0.31773216838383395
687401,Joey Ortiz,R,MIL,9,Logan Webb,R,657277.0,823192,MIL @ SF,12:45 PM,29/07,Scheduled,0.5734553881682454,,,,False,1100111010,estimated,0,0,0.0,0,0,0.3012703808722593,0.35782367699071066,0.4478757218174826,0.3524253994092117,0.16746969586529487,20,2,-0.002107404985102812,0.994,61.2,C,0.2700684505289359,2.920218133711366,0.37933691094412786,0.1825292352336872,17,5,0,0.23232323232323232,0.2302158273381295,0.551337896701929,0.19041692594897325,0.2582451773490977,0.20813397129186603,0.19574468085106383,0.24,0.2084487534626039,0.21008403361344538,132,0.25210084033613445,138,False,False,0.5585445807021913,0.01491080746605411,2.9382716049382718,3.3333333333333335,81,,,,,,,0.042734271542497,20,3.98,1.12,113.0,5.0,7.0,89.0,29.0,0.0,0.0,0.0,18.0,SP,18.0,463.0,98.0,25.7,7.09,2.31,7.81,0.72,25.76934326180802,-0.014905388168245381,6,0.8571428571428571,-15.0,6,6,1,1,0.0,3.76,0.07516397582919739,0.2289855072463768,0.17525773195876287,0.08247422680412371,0.33844765342960287,0.2878718411552346,0.19745222929936307,3.443,0.29172260558915547
657136,Connor Wong,R,BOS,9,Jacob Lopez,L,682052.0,824973,BOS @ ATH,6:40 PM,29/07,Scheduled,0.5734553881682454,,,,False,0100101011,estimated,0,0,0.0,0,0,0.31379827700755825,0.37146331668814736,0.49431836140348095,0.41760536387951136,0.27841979637909137,20,1,0.02920227920227919,0.977,60.4,C,0.2595606183889341,1.565781318017404,0.3144642091072553,0.19210541481573926,16,5,0,0.28846153846153844,0.25925925925925924,0.5903908794788274,0.31840390879478825,0.09120521172638436,0.2240325865580448,0.13953488372093023,0.12048192771084337,0.18430034129692832,0.24050632911392406,93,0.3148148148148148,64,False,False,0.5357565477022405,0.03769884046600491,2.8297872340425534,3.3404255319148937,47,,,,,,,0.047588743855463946,20,6.12,1.67,64.2,5.0,4.0,53.0,40.0,0.0,0.0,0.0,13.0,SP,16.0,302.0,68.0,18.9,7.38,5.57,9.46,1.53,18.092189088737108,-0.028777610390467556,9,0.9,-17.0,7,7,0,0,0.0,3.76,0.07380270600808563,0.22063037249283668,0.22942643391521197,0.09226932668329177,0.3312581063553826,0.28029961089494165,0.2857142857142857,3.443,0.34820445519263393
656555,Rhys Hoskins,R,CLE,5,Brady Singer,R,663903.0,824487,CLE @ CIN,4:10 PM,29/07,Scheduled,0.5734553881682454,,,,False,1001100000,estimated,5,0,0.0,1,2025,0.108781608098863,0.2583309484956039,0.3750857929400891,0.23008059868113875,0.390054605705441,20,1,0.11413956887102668,1.083,59.2,C,0.29571106094808125,2.832792219227856,0.41126593034052206,0.20785561479951142,20,7,0,0.10434782608695652,0.2184873949579832,0.577313769751693,0.422686230248307,0.0,0.15196998123827393,0.1732418524871355,0.0995260663507109,0.15335120643431635,0.171875,150,0.1509433962264151,135,False,False,0.5571925979193612,0.016262790248884218,2.819277108433735,3.433734939759036,83,,,,,,,-0.19840913202842572,20,4.53,1.38,103.1,5.0,9.0,88.0,32.0,0.0,0.0,0.0,20.0,SP,20.0,454.0,111.0,22.7,7.66,2.79,9.67,1.83,23.3235737573683,0.006369611831754551,4,0.4444444444444444,6.0,7,8,0,1,0.0,4.25,0.11656643184480751,0.18072289156626506,0.314214463840399,0.1371571072319202,0.4300161812297734,0.2643495145631068,0.22875816993464052,4.023,0.28216477811530455
663743,Nick Fortes,R,TB,9,Mackenzie Gore,L,669022.0,822947,TEX @ TB,3:40 PM,29/07,Scheduled,0.5734553881682454,,,,False,1001111110,estimated,7,3,0.42857142857142855,1,2024,0.3469496634127142,0.3210369681626471,0.3485340429944802,0.41358047230896555,0.14926821760075648,20,1,0.029513343799058067,0.96,51.4,C,0.2689969604863222,2.9258515995125247,0.4275040666129672,0.24888524083368518,20,5,0,0.2846153846153846,0.25510204081632654,0.5909782057780031,0.303091738469336,0.10593005575266093,0.28083989501312334,0.26649746192893403,0.2848101265822785,0.2785768357305072,0.25862068965517243,123,0.2857142857142857,122,False,False,0.578208154577219,-0.004752766408973597,3.0,3.223684210526316,76,,,,,,,0.19882243785369055,20,4.82,1.31,115.2,6.0,8.0,127.0,44.0,0.0,0.0,0.0,22.0,SP,22.0,498.0,107.0,22.6,9.88,3.42,8.33,1.09,22.938920974394957,0.019977945165087996,3,0.3333333333333333,16.0,6,6,0,0,0.0,3.76,0.01106048620690329,0.25501432664756446,0.1631578947368421,0.039473684210526314,0.37688734030197446,0.2768095238095238,0.2261904761904762,3.443,0.3411093866663393
665750,Leody Taveras,L,BAL,5,Tarik Skubal,L,669373.0,824242,BAL @ DET,10:10 AM,29/07,Scheduled,0.5713325223074367,,,,False,0111000010,estimated,6,2,0.3333333333333333,1,2022,0.13993781529381538,0.2609665798752862,0.29591677439760017,0.20526145650056013,0.20981457509007292,20,1,-0.050322660709853556,1.004,93.2,A,0.32622432859399686,8.563515629333603,0.29974006902265654,0.33239731739033657,14,5,0,0.189873417721519,0.24019607843137256,0.5636363636363636,0.18181818181818182,0.2545454545454545,0.2076923076923077,0.22426470588235295,0.1784841075794621,0.20611835506519557,0.24503311258278146,174,0.20454545454545456,153,False,False,0.5916692489637541,-0.02033672665631736,3.1797752808988764,3.6741573033707864,89,,,,,,,-0.15401947702247734,20,2.7,0.92,90.0,7.0,5.0,110.0,13.0,0.0,0.0,0.0,15.0,SP,15.0,349.0,70.0,23.3,11.0,1.3,7.0,1.0,23.430216850879788,0.02326747769256332,6,0.75,-3.0,7,7,1,1,0.0,4.25,0.1257134027432545,0.21243523316062177,0.2591743119266055,0.08486238532110092,0.3427960927960928,0.2954652014652015,0.2911392405063291,4.023,0.28206957602602795
657757,Gavin Sheets,L,SD,8,Gabriel Hughes,R,687312.0,823273,COL @ SD,1:10 PM,29/07,Scheduled,0.5705362892836768,-9900.0,9900.0,99.0,False,0100110011,estimated,0,0,0.0,0,0,0.23199205661124966,0.1823610984575221,0.30493197941799094,0.2508306431457204,0.12021498962409799,20,1,0.043650793650793634,0.954,55.2,C,0.26813880126182965,,,,4,7,0,0.17857142857142858,0.2222222222222222,0.6182965299684543,0.29337539432176657,0.08832807570977919,0.19366450683945285,0.1956521739130435,0.21560574948665298,0.19923518164435947,0.20108695652173914,212,0.24390243902439024,144,False,True,0.5593335319154392,0.011202757368237615,3.101010101010101,3.595959595959596,99,,,,,,,-0.008014646548293978,20,2.79,1.14,19.1,0.0,2.0,19.0,6.0,1.0,0.0,1.0,3.0,SP,4.0,77.0,16.0,19.2,8.84,2.79,7.45,0.0,,-0.01623628928367693,6,0.75,6.0,7,6,1,1,0.0,3.88,0.15277202696329714,0.21066666666666667,0.20093457943925233,0.10514018691588785,0.42560553633217996,0.28496539792387543,0.2608695652173913,3.599,0.40124887217233945
671732,Lawrence Butler,L,ATH,8,Patrick Sandoval,L,663776.0,824973,BOS @ ATH,6:40 PM,29/07,Scheduled,0.5671399467813385,,,,False,0011100001,estimated,0,0,0.0,0,0,0.23125792585502472,0.29080816201550985,0.4811877590984605,0.2951959446080962,0.23776961036548686,20,1,-0.02853982300884958,0.977,52.2,C,0.2577777777777778,,,,3,5,0,0.175,0.20353982300884957,0.4088888888888889,0.3511111111111111,0.24,0.15996503496503497,0.14096916299559473,0.20869565217391303,0.1653061224489796,0.1865671641791045,151,0.21212121212121213,158,False,False,0.5404160511442561,0.02672389563708244,2.8297872340425534,3.2872340425531914,94,,,,,,,-0.31506430859151824,20,3.21,1.64,14.0,0.0,0.0,13.0,4.0,0.0,0.0,0.0,3.0,SP,3.0,64.0,19.0,21.3,8.36,2.57,12.21,0.64,,-0.04548994678133855,4,0.5714285714285714,17.0,7,6,0,0,0.0,3.88,0.1647156284513708,0.21388888888888888,0.26811594202898553,0.11352657004830918,0.43373493975903615,0.3250562248995984,0.6153846153846154,3.599,0.32051585065177823
676724,Jared Young,L,NYM,5,Chris Sale,L,519242.0,823598,ATL @ NYM,4:10 PM,29/07,Scheduled,0.5668925144237431,,,,False,1100110101,estimated,0,0,0.0,0,0,0.2708350545761494,0.3228284620916152,0.43806151816980105,0.30769446356569374,0.1751571736867778,20,2,-0.08991228070175442,0.949,87.0,A,0.32656514382402707,5.573508290835782,0.3361974099439555,0.30864296994419,19,6,0,0.16666666666666666,0.2565789473684211,0.4915349887133183,0.39334085778781036,0.11512415349887133,0.24924924924924924,0.24050632911392406,0.248868778280543,0.24708624708624707,0.29,107,0.1875,76,False,False,0.6187070400314997,-0.05181452560775657,2.8275862068965516,3.1551724137931036,58,,,,,,,0.043512892742693134,20,2.19,1.05,111.0,11.0,6.0,134.0,26.0,0.0,0.0,0.0,19.0,SP,19.0,451.0,91.0,23.7,10.86,2.11,7.38,0.65,23.570052082310124,0.03871859668736799,9,1.0,9.0,7,6,1,0,0.0,4.25,0.03778768799483048,0.22377622377622378,0.24375,0.078125,0.42788461538461536,0.29302884615384617,0.21568627450980393,4.023,0.3508574187002097
675961,Alika Williams,R,ATH,9,Patrick Sandoval,L,663776.0,824973,BOS @ ATH,6:40 PM,29/07,Scheduled,0.5658889491022914,,,,False,0010101010,estimated,0,0,0.0,0,0,0.20262628967919413,0.3268198295379899,0.31954911821788784,0.30747693717572533,0.27594275716813577,20,1,-0.021031746031746068,0.977,52.2,C,0.2577777777777778,,,,3,5,0,0.25396825396825395,0.275,0.4088888888888889,0.3511111111111111,0.24,0.35978835978835977,0.27884615384615385,0.29914529914529914,0.32722143864598024,0.375,58,0.1276595744680851,52,False,False,0.541465715784963,0.02442323331732832,2.7837837837837838,2.972972972972973,37,,,,,,,-0.07655363763367923,20,3.21,1.64,14.0,0.0,0.0,13.0,4.0,0.0,0.0,0.0,3.0,SP,3.0,64.0,19.0,21.3,8.36,2.57,12.21,0.64,,-0.03756394910229144,4,0.5714285714285714,17.0,7,6,0,0,0.0,3.76,0.008273818938651282,0.22077922077922077,0.2727272727272727,0.05571847507331378,0.3042635658914729,0.27962790697674417,0.23404255319148937,3.443,0.32051585065177823
695657,Colson Montgomery,L,CWS,4,Cam Schlittler,R,693645.0,824567,NYY @ CWS,4:40 PM,29/07,Scheduled,0.5658885414912354,,,,False,1101000110,estimated,0,0,0.0,0,0,0.21248304988596417,0.3042432726739335,0.3195550717571694,0.3097629077929646,0.2993163346155628,20,1,-0.07352401906857356,0.968,68.4,B,0.29356435643564355,6.589861905524429,0.40729913070771817,0.31191599175900314,20,5,0,0.27722772277227725,0.2037037037037037,0.9092261904761905,0.09077380952380952,0.0,0.22692793931731986,0.20742637644046094,0.23733333333333334,0.22520886305848165,0.25925925925925924,244,0.17419354838709677,173,False,False,0.601473755759215,-0.03558521426797967,3.7474747474747474,4.212121212121212,99,,,,,,,-0.05586533835605692,20,2.07,0.93,130.1,10.0,6.0,157.0,25.0,0.0,0.0,0.0,22.0,SP,22.0,515.0,96.0,23.4,10.84,1.73,6.63,0.83,24.01557121647761,0.03594479184209798,3,0.375,3.0,6,6,0,0,0.0,4.35,0.06913972164506604,0.2247191011235955,0.318,0.082,0.43356643356643354,0.3351853146853147,0.2062937062937063,4.159,0.3210757223117986
808959,Munetaka Murakami,L,CWS,2,Cam Schlittler,R,693645.0,824567,NYY @ CWS,4:40 PM,29/07,Scheduled,0.5656037975591947,,,,False,1011011111,estimated,0,0,0.0,0,0,0.24740407830816694,0.38854056401344583,0.6514074804342188,0.3920930120503078,0.3090790916190988,20,1,0.06793478260869568,0.968,68.4,B,0.29356435643564355,6.589861905524429,0.40729913070771817,0.31191599175900314,20,5,0,0.1875,0.2554347826086957,0.9092261904761905,0.09077380952380952,0.0,0.2459016393442623,0.2066115702479339,0.22608695652173913,0.2263544536271809,0.2302158273381295,175,0.24770642201834864,129,True,False,0.6045869792694079,-0.0389831817102132,3.5428571428571427,4.3428571428571425,70,,,,,,,0.013334614234366996,20,2.07,0.93,130.1,10.0,6.0,157.0,25.0,0.0,0.0,0.0,22.0,SP,22.0,515.0,96.0,23.4,10.84,1.73,6.63,0.83,24.01557121647761,0.027662869107472066,3,0.375,3.0,6,6,0,0,0.0,4.55,0.1684674733807768,0.2366412213740458,0.3136645962732919,0.16459627329192547,0.5952380952380952,0.34458695652173915,0.2062937062937063,4.348,0.3210757223117986
695731,Braden Montgomery,L,CWS,6,Cam Schlittler,R,693645.0,824567,NYY @ CWS,4:40 PM,29/07,Scheduled,0.5649617631411503,,,,False,1110111011,estimated,0,0,0.0,0,0,0.290403636629268,0.3522066764110972,0.39285245503558663,0.40566634999987805,0.18031043598035096,20,1,0.06305858987090368,0.968,68.4,B,0.29356435643564355,6.589861905524429,0.40729913070771817,0.31191599175900314,20,5,0,0.21052631578947367,0.27358490566037735,0.9092261904761905,0.09077380952380952,0.0,0.24675324675324675,0.27601809954751133,0.21428571428571427,0.23839662447257384,0.2597402597402597,87,0.2537313432835821,75,True,False,0.607632267882479,-0.04267050474132872,3.6,4.05,40,,,,,,,0.18786450560079002,20,2.07,0.93,130.1,10.0,6.0,157.0,25.0,0.0,0.0,0.0,22.0,SP,22.0,515.0,96.0,23.4,10.84,1.73,6.63,0.83,24.01557121647761,0.04287157019218302,3,0.375,3.0,6,6,0,0,0.0,4.12,0.10225208870374286,0.24822695035460993,0.1962025316455696,0.08860759493670886,0.4022727272727273,0.31320909090909094,0.2062937062937063,3.895,0.3210757223117986
682997,Tyler Callihan,L,PIT,9,Eduardo Rodríguez,L,593958.0,823351,AZ @ PIT,9:35 AM,29/07,Scheduled,0.5616220532957288,,,,False,0010000000,estimated,0,0,0.0,0,0,0.09425046078041406,0.27412656876137304,0.20178451392223204,0.2811133511701836,0.5548258487905934,20,1,0.0,1.013,45.7,D,0.2548618219037871,1.8877983566900163,0.3694687764155284,0.1681723852931559,20,5,0,,0.2087912087912088,0.6014344262295082,0.13063524590163936,0.26793032786885246,0.19230769230769232,0.22727272727272727,0.06611570247933884,0.184375,0.22,54,0.2,53,False,False,0.5264519507190566,0.03517010257667219,2.638888888888889,2.9722222222222223,36,,,,,,,-0.301912954849098,20,2.64,1.24,122.2,9.0,3.0,86.0,44.0,0.0,0.0,0.0,21.0,SP,21.0,505.0,108.0,24.0,6.31,3.23,7.92,0.95,23.989875777443824,-0.0010220532957287976,2,0.2222222222222222,24.0,7,7,1,1,0.0,3.76,0.014621400303957706,0.20909090909090908,0.34959349593495936,0.08943089430894309,0.3084577114427861,0.28040298507462685,0.2357142857142857,3.443,0.33063366610959416
828599,Lucas Spence,L,HOU,9,Grayson Rodriguez,R,680570.0,824002,HOU @ LAA,6:38 PM,29/07,Scheduled,0.5600867819956397,,,,False,1100101000,estimated,0,0,0.0,0,0,0.1202231349585972,0.31534943281283256,0.3371641251438611,0.2666056255023957,0.42893987515984583,10,1,-0.29285714285714287,0.979,14.9,F,0.24765729585006693,1.6636425282189424,0.5463636866293323,0.1504983781333481,9,5,0,0.4,0.10714285714285714,0.5364864864864864,0.2418918918918919,0.22162162162162163,0.21296296296296297,0.11428571428571428,0.09230769230769231,0.1522633744855967,0.2222222222222222,22,0.06666666666666667,15,True,False,0.5268450956834713,0.033241686312168395,3.3,3.7,10,,,,,,,-0.177564526865893,10,8.54,1.79,39.0,3.0,3.0,30.0,19.0,0.0,0.0,0.0,9.0,SP,9.0,186.0,51.0,20.7,6.92,4.38,11.77,1.62,20.628626261376958,-0.02553678199563969,2,0.25,-8.0,7,6,0,1,0.0,3.76,0.03959073971084628,,,,,,0.3888888888888889,3.443,0.31240762059585653
606192,Teoscar Hernández,R,LAD,8,Emerson Hancock,R,676106.0,823924,SEA @ LAD,7:10 PM,29/07,Scheduled,0.5555733834524158,,,,False,0101111110,estimated,0,0,0.0,0,0,0.1916602727477454,0.2997050979556878,0.3457262864149506,0.3035483929593036,0.27261953506598435,20,1,-0.01836094939543212,0.973,44.4,D,0.25,3.1221541447734573,0.4543991664143705,0.2282549407257696,19,7,0,0.2597402597402597,0.2413793103448276,0.7412415488629379,0.2077443146896128,0.051014136447449294,0.26071103008204194,0.2597938144329897,0.18902439024390244,0.24739039665970772,0.24822695035460993,158,0.24545454545454545,124,False,False,0.5654363013911756,-0.009862917938759819,3.535211267605634,3.971830985915493,71,,,,,,,0.02795299150824076,20,3.16,1.01,105.1,6.0,4.0,97.0,26.0,0.0,0.0,0.0,19.0,SP,19.0,414.0,80.0,21.8,8.29,2.22,6.84,1.11,21.372264645854326,-0.007006716785749045,3,0.42857142857142855,-18.0,7,5,0,0,0.0,3.88,0.1015910834728934,0.2557603686635945,0.26141078838174275,0.08091286307053942,0.4569805194805195,0.33073051948051946,0.21818181818181817,3.599,0.3195810530581775
676609,José Caballero,R,NYY,9,Davis Martin,R,663436.0,824567,NYY @ CWS,4:40 PM,29/07,Scheduled,0.5550339859113079,,,,False,0100100100,estimated,0,0,0.0,0,0,0.1542542968809404,0.245790713475724,0.15329885945672903,0.21243377201895172,0.3234213355877008,20,2,0.019241417497231433,0.968,40.9,D,0.27191011235955054,2.3589308548330945,0.4321238948230626,0.19094474611653514,20,5,0,0.2248062015503876,0.24404761904761904,0.5818077803203662,0.2768878718535469,0.14130434782608695,0.22797456857402362,0.20422535211267606,0.19213973799126638,0.21673596673596673,0.22972972972972974,165,0.24161073825503357,160,False,False,0.5346023336703101,0.020431652240997855,3.337078651685393,3.651685393258427,89,,,,,,,-0.10469987646761239,20,3.49,1.27,111.0,9.0,5.0,100.0,33.0,0.0,0.0,0.0,20.0,SP,20.0,463.0,108.0,23.1,8.11,2.68,8.76,0.49,22.77000450181915,-0.034367319244641314,3,0.375,8.0,7,7,0,0,0.0,3.76,0.037638797817033415,0.23433242506811988,0.23645320197044334,0.06896551724137931,0.27060270602706027,0.2849889298892989,0.26666666666666666,3.443,0.3091625376645602
681351,Logan O'Hoppe,R,LAA,9,Hayden Wesneski,R,669713.0,824002,HOU @ LAA,6:38 PM,29/07,Scheduled,0.5540300129788002,,,,False,0000100100,estimated,0,0,0.0,0,0,0.16316504314355815,0.22513842595578068,0.19589587788693774,0.19270173331053156,0.26252803031819977,20,1,-0.1074846206425154,0.979,,,,,,,0,0,0,0.27631578947368424,0.16883116883116883,,,,0.18442622950819673,0.21237113402061855,0.17679558011049723,0.19271948608137046,0.2196969696969697,144,0.1836734693877551,108,False,False,0.5308485826617866,0.023181430317013585,3.2857142857142856,3.6,70,,,,,,,-0.1431461344144378,20,,,,,,,,,,,,,,,,,,,,,,-0.025244298693085865,7,0.7777777777777778,0.0,7,6,0,1,0.0,3.76,0.04684187610370569,0.19796954314720813,0.2494279176201373,0.07780320366132723,0.3576023391812866,0.27917543859649124,,3.443,0.31773216838383395
673357,Luis Robert,R,NYM,6,Chris Sale,L,519242.0,823598,ATL @ NYM,4:10 PM,29/07,Scheduled,0.5540300129788002,,,,False,0100101001,estimated,5,2,0.4,1,2023,0.13539654373374974,0.28743308706968057,0.4247364000070259,0.1926643563989509,0.24922445968213391,20,2,-0.09631985461154022,0.949,87.0,A,0.32656514382402707,5.573508290835782,0.3361974099439555,0.30864296994419,19,6,0,0.12903225806451613,0.22535211267605634,0.4915349887133183,0.39334085778781036,0.11512415349887133,0.18872017353579176,0.15789473684210525,0.15126050420168066,0.17458279845956354,0.18032786885245902,70,0.21951219512195122,47,False,False,0.5871920685918053,-0.033162055613005115,3.4,3.9,30,,,,,,,-0.09213320543412175,20,2.19,1.05,111.0,11.0,6.0,134.0,26.0,0.0,0.0,0.0,19.0,SP,19.0,451.0,91.0,23.7,10.86,2.11,7.38,0.65,23.570052082310124,0.016181098132310945,9,1.0,9.0,7,6,1,0,0.0,4.12,0.14937551424415457,0.23820754716981132,0.24,0.08842105263157894,0.41451612903225804,0.3299881720430108,0.22258064516129034,3.895,0.3508574187002097
621438,Tyrone Taylor,R,NYM,9,Aj Smith-Shawver,R,700363.0,823596,ATL @ NYM,10:10 AM,29/07,Scheduled,0.5537160228293533,,,,False,0010110111,estimated,0,0,0.0,0,0,0.37627211089841384,0.39206625436682313,0.5918073293096037,0.4897616486998531,0.21940447968312002,20,2,-0.046070460704607075,0.949,,,,,,,0,0,0,0.2682926829268293,0.2222222222222222,,,,0.25910064239828695,0.23220973782771537,0.2653061224489796,0.25059665871121717,0.2698412698412698,69,0.2328767123287671,79,False,False,0.5658889491022914,-0.01217292627293809,2.4727272727272727,2.690909090909091,55,,,,,,,0.21628304849661154,20,,,,,,,,,,,,,,,,,,,,,,-0.00516046727379782,9,1.0,9.0,7,6,1,0,0.0,3.76,0.0895298286323705,0.22388059701492538,0.2086720867208672,0.051490514905149054,0.3530361757105943,0.3098953488372093,,3.443,0.3508574187002097
806068,Colt Emerson,L,SEA,9,Eric Lauer,L,641778.0,823924,SEA @ LAD,7:10 PM,29/07,Scheduled,0.5528729588988769,,,,False,0011001111,estimated,0,0,0.0,0,0,0.20061642959720521,0.39859525401579615,0.28645660999812805,0.3096475259945423,0.2975800646884948,20,2,0.08581093110201177,0.973,54.7,C,0.23787878787878788,1.8921080614692303,0.35965391461329266,0.14575317270465785,16,7,0,0.2682926829268293,0.18248175182481752,0.6322971948445792,0.20849128127369218,0.15921152388172857,0.20500782472613457,0.18137254901960784,0.16145833333333334,0.19047619047619047,0.21649484536082475,109,0.18518518518518517,89,True,False,0.5308485826617866,0.022024376237090304,3.2363636363636363,3.6,55,,,,,,,-0.03174414759669982,20,4.83,1.26,82.0,5.0,5.0,52.0,28.0,0.0,1.0,1.0,13.0,SP,16.0,346.0,75.0,21.6,5.71,3.07,8.23,2.2,22.204096407928276,-0.038458673184591174,7,0.875,11.0,6,6,0,0,0.0,3.76,0.037564866250660335,0.20967741935483872,0.3173076923076923,0.07692307692307693,0.2972222222222222,0.29039166666666666,0.25806451612903225,3.443,0.30464605687250107
543760,Marcus Semien,R,NYM,7,Chris Sale,L,519242.0,823598,ATL @ NYM,4:10 PM,29/07,Scheduled,0.5513002544429277,,,,False,1000110011,estimated,0,0,0.0,0,0,0.2617571174837743,0.26725991102868457,0.437390809688866,0.300980531946787,0.22792178839365282,20,2,-0.017821452365089946,0.949,87.0,A,0.32656514382402707,5.573508290835782,0.3361974099439555,0.30864296994419,19,6,0,0.19736842105263158,0.21518987341772153,0.4915349887133183,0.39334085778781036,0.11512415349887133,0.21994408201304752,0.17295980511571254,0.21487603305785125,0.20055970149253732,0.19337016574585636,197,0.23484848484848486,148,False,False,0.5929822599742045,-0.04168200553127677,3.5977011494252875,3.9655172413793105,87,,,,,,,0.05627309551271699,20,2.19,1.05,111.0,11.0,6.0,134.0,26.0,0.0,0.0,0.0,19.0,SP,19.0,451.0,91.0,23.7,10.86,2.11,7.38,0.65,23.570052082310124,0.022310856668183332,9,1.0,9.0,7,6,1,0,0.0,4.0,0.07985322132402305,0.22119815668202766,0.18969072164948453,0.07216494845360824,0.3516081871345029,0.3155921052631579,0.22258064516129034,3.761,0.3508574187002097
642715,Willy Adames,R,SF,7,Shane Drohan,L,675660.0,823192,MIL @ SF,12:45 PM,29/07,Scheduled,0.5513002544429277,-9900.0,9900.0,99.0,False,1010101111,estimated,0,0,0.0,0,0,0.23213190087011934,0.33929293039626957,0.2861632697815461,0.31314080526797367,0.3107775399694987,20,1,-0.05490866749144896,0.994,84.2,A,0.2980392156862745,4.483457833640348,0.36639810752838825,0.27173133496902196,20,5,0,0.18681318681318682,0.24172185430463577,0.6109803921568627,0.3411764705882353,0.04784313725490196,0.2296969696969697,0.2072072072072072,0.22699386503067484,0.2219626168224299,0.2545454545454545,239,0.19653179190751446,184,False,True,0.5590751521823423,-0.0077748977394145324,3.891089108910891,4.188118811881188,101,,,,,,,0.0410740665259174,20,3.51,1.2,82.0,5.0,4.0,82.0,23.0,1.0,0.0,1.0,11.0,SP,21.0,342.0,75.0,16.3,9.0,2.52,8.23,0.66,18.80821313233177,0.004119745557072285,5,0.625,7.0,7,6,1,1,0.0,4.0,0.10256735331470805,0.2205240174672489,0.2874251497005988,0.07784431137724551,0.39171974522292996,0.3077261146496815,0.24285714285714285,3.761,0.3119194476353623
669065,Kyle Stowers,L,MIA,7,Jesús Luzardo,L,666200.0,823837,PHI @ MIA,9:10 AM,29/07,Pre-Game,0.5506928959914099,,,,False,0011011111,live,7,3,0.42857142857142855,1,2025,0.23535421554690744,0.31308670529938415,0.5541940030469938,0.35258748859335093,0.34920691095306705,20,1,-0.09026610644257702,1.0,98.3,A,0.3259478089611029,3.9454278983990747,0.32851197663491644,0.31057970788590855,20,5,0,0.16071428571428573,0.25098039215686274,0.43032988675529293,0.37813884785819796,0.1915312653865091,0.1931196247068022,0.22720478325859492,0.24427480916030533,0.2135058633238981,0.21311475409836064,210,0.265625,143,False,False,0.5857319347835023,-0.03503903879209236,3.746987951807229,4.253012048192771,83,,,,,,,-0.04894843973303734,20,3.31,1.17,122.1,9.0,5.0,152.0,38.0,0.0,0.0,0.0,21.0,SP,21.0,509.0,105.0,24.2,11.18,2.8,7.72,0.81,24.457950708570305,0.01959043734192345,6,0.6666666666666666,-7.0,7,6,1,1,0.0,4.0,0.08451895374227203,0.2545871559633027,0.2965931863727455,0.09018036072144289,0.525462962962963,0.3625173611111111,0.16806722689075632,3.761,0.3232737916584744
694374,Tim Tawa,R,AZ,7,Jared Jones,R,683003.0,823351,AZ @ PIT,9:35 AM,29/07,Scheduled,0.5505762898755178,,,,False,0011111000,estimated,0,0,0.0,0,0,0.22999457905456747,0.30367387706601984,0.4964451074055472,0.30015865020063665,0.25507607847414776,20,1,0.06890243902439025,1.013,88.6,A,0.29836512261580383,4.249535695441396,0.3565571963250597,0.3007624937171691,10,5,0,0.175,0.24390243902439024,0.45231607629427795,0.4114441416893733,0.1362397820163488,0.1721132897603486,0.24210526315789474,0.13541666666666666,0.19143876337693222,0.23214285714285715,63,0.21212121212121213,76,False,False,0.5767011942873674,-0.02612490441184967,2.772727272727273,3.159090909090909,44,,,,,,,-0.04569521915330384,20,3.72,1.02,46.0,2.0,1.0,53.0,13.0,0.0,0.0,0.0,10.0,SP,10.0,184.0,34.0,18.4,10.37,2.54,6.65,1.17,18.491177945866554,0.04422371012448234,3,0.375,6.0,7,7,1,1,0.0,4.0,0.028127252545944507,0.22023809523809523,0.25654450261780104,0.08638743455497382,0.4254201680672269,0.28863865546218487,0.13043478260869565,3.761,0.3520347592499012
702616,Jackson Holliday,L,BAL,7,Tarik Skubal,L,669373.0,824242,BAL @ DET,10:10 AM,29/07,Scheduled,0.5468930048898469,,,,False,0001111011,estimated,5,0,0.0,1,2025,0.33537944128382574,0.3575929180609443,0.32128524252230917,0.4348895898866977,0.15035883882804274,20,1,-0.045876887340302014,1.004,93.2,A,0.32622432859399686,8.563515629333603,0.29974006902265654,0.33239731739033657,14,5,0,0.21428571428571427,0.2601626016260163,0.5636363636363636,0.18181818181818182,0.2545454545454545,0.22872340425531915,0.24896265560165975,0.24561403508771928,0.2358695652173913,0.2857142857142857,95,0.21621621621621623,87,False,False,0.5651488983219594,-0.018255893432112424,2.6964285714285716,3.25,56,,,,,,,0.03792461371223397,20,2.7,0.92,90.0,7.0,5.0,110.0,13.0,0.0,0.0,0.0,15.0,SP,15.0,349.0,70.0,23.3,11.0,1.3,7.0,1.0,23.430216850879788,0.025273661776819778,6,0.75,-3.0,7,7,1,1,0.0,4.0,0.18304739445891496,0.22524752475247525,0.20464135021097046,0.12869198312236288,0.35884907709011943,0.297814332247557,0.2911392405063291,3.761,0.28206957602602795
671976,Tristan Peters,L,CWS,7,Cam Schlittler,R,693645.0,824567,NYY @ CWS,4:40 PM,29/07,Scheduled,0.546384315322185,,,,False,0010011000,estimated,0,0,0.0,0,0,0.18152859348905534,0.24986047897584301,0.31262105070351787,0.23227709976560545,0.19339045714139871,20,1,0.15371269951422623,0.968,68.4,B,0.29356435643564355,6.589861905524429,0.40729913070771817,0.31191599175900314,20,5,0,0.13636363636363635,0.2900763358778626,0.9092261904761905,0.09077380952380952,0.0,0.2394655704008222,0.2769857433808554,0.21724137931034482,0.24745186862967158,0.22435897435897437,169,0.34375,146,False,False,0.5980966108331011,-0.05171229551091605,2.9278350515463916,3.247422680412371,97,,,,,,,-0.10103124289937421,20,2.07,0.93,130.1,10.0,6.0,157.0,25.0,0.0,0.0,0.0,22.0,SP,22.0,515.0,96.0,23.4,10.84,1.73,6.63,0.83,24.01557121647761,0.04464901801114829,3,0.375,3.0,6,6,0,0,0.0,4.0,0.06027006268803629,0.26959247648902823,0.18873239436619718,0.0647887323943662,0.3236111111111111,0.29046428571428573,0.2062937062937063,3.761,0.3210757223117986
678662,Ezequiel Tovar,R,COL,9,,R,,823273,COL @ SD,1:10 PM,29/07,Scheduled,0.5437395666198755,-9900.0,9900.0,99.0,False,1000100111,estimated,0,0,0.0,0,0,0.1688848033126935,0.24338592475607282,0.337641569345047,0.2164035659798402,0.1603697848441638,20,1,-0.038256153525239894,0.954,,,,,,,0,0,0,0.22549019607843138,0.18723404255319148,,,,0.18265541059094398,0.1606425702811245,0.23684210526315788,0.18505647263249347,0.19689119170984457,209,0.2013888888888889,160,False,False,0.5434802878473081,0.0002592787725674839,3.4742268041237114,3.804123711340206,97,,,,,,,-0.15879659354983652,20,,,,,,,,,,,,,,,,,,,,,,-0.025759566619875662,5,0.7142857142857143,7.0,6,5,1,1,0.0,3.76,0.08417321920793734,0.19424460431654678,0.2647702407002188,0.05470459518599562,0.3385698198198198,0.29573310810810816,,3.443,0.3150265183591125
642201,Eli White,R,ATL,9,Sean Manaea,L,640455.0,823596,ATL @ NYM,10:10 AM,29/07,Scheduled,0.5413124615975643,,,,False,0111000010,estimated,2,2,1.0,0,0,0.21076048303092895,0.20595809451125321,0.15554918022242917,0.33462954596164896,0.24556005057542835,20,3,0.017521902377972465,0.949,51.0,C,0.26398946675444374,3.3273083189377766,0.42536630852229573,0.23430977730728145,20,5,0,0.22340425531914893,0.20588235294117646,0.6491112574061882,0.3127057274522712,0.03818301514154049,0.2167689161554192,0.21666666666666667,0.21428571428571427,0.21777777777777776,0.2054794520547945,78,0.23636363636363636,61,False,False,0.5516968689239177,-0.010384407326353373,2.2857142857142856,2.482142857142857,56,,,,,,,-0.051225545477357096,20,4.52,1.35,85.2,2.0,5.0,84.0,28.0,0.0,0.0,0.0,8.0,RP,22.0,377.0,88.0,17.1,8.82,2.94,9.25,1.26,19.51356588166452,-0.0023374615975643165,8,1.0,-4.0,6,7,1,0,0.0,3.76,0.07067000486853972,0.2255892255892256,0.24605678233438485,0.04416403785488959,0.36453576864535764,0.31112100456621,0.2764976958525346,3.443,0.32722330092197793
663586,Austin Riley,R,ATL,7,Christian Scott,R,681035.0,823598,ATL @ NYM,4:10 PM,29/07,Scheduled,0.5409837104469472,,,,False,1100111010,estimated,0,0,0.0,0,0,0.2322750477936689,0.36761872586964145,0.46572484437625744,0.3699006322823219,0.36540271554376436,20,2,0.031068473860235868,0.949,65.8,B,0.2808219178082192,2.5827629885782306,0.35023506273097754,0.2934026359330027,14,7,0,0.1956521739130435,0.22672064777327935,0.6863753213367609,0.27849185946872324,0.03513281919451585,0.20891875381795968,0.18,0.22045454545454546,0.20217678100263853,0.20754716981132076,237,0.2254335260115607,193,False,False,0.5751670574857647,-0.034183347038817535,3.6320754716981134,4.056603773584905,106,,,,,,,0.04565367192665436,20,3.13,1.26,63.1,3.0,2.0,78.0,29.0,0.0,0.0,0.0,14.0,SP,14.0,271.0,51.0,19.4,11.08,4.12,7.25,0.99,19.463990884192718,0.01646628955305285,8,1.0,-4.0,6,7,1,0,0.0,4.0,0.06075217288238255,0.2119815668202765,0.3002070393374741,0.07867494824016563,0.4388696655132641,0.29686159169550175,0.2413793103448276,3.761,0.32722330092197793
805347,Jim Jarvis,L,ATL,8,Christian Scott,R,681035.0,823598,ATL @ NYM,4:10 PM,29/07,Scheduled,0.5409837104469472,,,,False,1001100000,estimated,0,0,0.0,0,0,0.18485984905515315,0.2992476431827443,0.4649177562842668,0.2259346937995268,0.15495149398329647,20,2,0.1616161616161616,0.949,65.8,B,0.2808219178082192,2.5827629885782306,0.35023506273097754,0.2934026359330027,14,7,0,0.1111111111111111,0.2727272727272727,0.6863753213367609,0.27849185946872324,0.03513281919451585,0.21568627450980393,0.21176470588235294,0.2,0.2111111111111111,0.24242424242424243,35,0.25806451612903225,36,True,False,0.5965417378079433,-0.05555802736099613,3.0476190476190474,3.380952380952381,21,,,,,,,-0.0611229478028807,20,3.13,1.26,63.1,3.0,2.0,78.0,29.0,0.0,0.0,0.0,14.0,SP,14.0,271.0,51.0,19.4,11.08,4.12,7.25,0.99,19.463990884192718,0.031716289553052834,8,1.0,-4.0,6,7,1,0,0.0,3.88,0.03751323023103192,0.23880597014925373,0.17333333333333334,0.05333333333333334,0.37345679012345684,0.3006666666666667,0.2,3.599,0.32722330092197793
679822,Justin Foscue,R,TEX,9,Casey Legumina,R,668984.0,822947,TEX @ TB,3:40 PM,29/07,Scheduled,0.5401056117024273,,,,False,0110001100,estimated,0,0,0.0,0,0,0.17325823210437719,0.29013797446037887,0.4053238928789944,0.3349209667960603,0.4944325907572775,20,3,-0.21234939759036142,0.96,52.0,C,0.25370919881305637,2.0637873665312463,0.37070279314128946,0.16513869019031174,20,6,0,0.3373493975903614,0.125,0.6141975308641975,0.2716049382716049,0.11419753086419752,0.22727272727272727,0.3296296296296296,0.3111111111111111,0.270032930845225,0.2857142857142857,68,0.25,69,False,False,0.5268450956834713,0.013260516018956059,2.3207547169811322,2.5849056603773586,53,,,,,,,-0.11683104441877745,20,3.95,1.32,43.1,2.0,2.0,31.0,13.0,0.0,0.0,0.0,3.0,RP,34.0,185.0,44.0,5.4,6.44,2.7,9.14,0.83,5.195569528283895,-0.028318111702427373,8,1.0,-11.0,7,6,0,0,0.0,3.76,0.05409414876779192,0.19158878504672897,0.2966101694915254,0.0635593220338983,0.3159722222222222,0.2544722222222222,0.3563218390804598,3.443,0.28431600155713765
682626,Francisco Álvarez,R,NYM,8,Chris Sale,L,519242.0,823598,ATL @ NYM,4:10 PM,29/07,Scheduled,0.5361611362635194,,,,False,1011011111,estimated,0,0,0.0,0,0,0.3194060563567782,0.3991525407474345,0.5180959441955241,0.5267568967915922,0.3002821840071337,20,2,-0.016346153846153844,0.949,87.0,A,0.32656514382402707,5.573508290835782,0.3361974099439555,0.30864296994419,19,6,0,0.24615384615384617,0.2625,0.4915349887133183,0.39334085778781036,0.11512415349887133,0.2630979498861048,0.25476603119584057,0.22162162162162163,0.2548661800486618,0.288,140,0.22,115,False,False,0.5796744388792324,-0.04351330261571307,3.260869565217391,3.6956521739130435,69,,,,,,,0.19308609811368674,20,2.19,1.05,111.0,11.0,6.0,134.0,26.0,0.0,0.0,0.0,19.0,SP,19.0,451.0,91.0,23.7,10.86,2.11,7.38,0.65,23.570052082310124,0.02824997484759184,9,1.0,9.0,7,6,1,0,0.0,3.88,0.14869159133733278,0.2617801047120419,0.2557603686635945,0.0967741935483871,0.49507995079950795,0.3330184501845019,0.22258064516129034,3.599,0.3508574187002097
670764,Taylor Walls,L,TB,8,Mackenzie Gore,L,669022.0,822947,TEX @ TB,3:40 PM,29/07,Scheduled,0.5361611362635194,,,,False,0011110100,estimated,0,0,0.0,0,0,0.1993868267644399,0.23969545019818808,0.2500008759706554,0.3500005333189342,0.4052009351585521,20,1,0.04819277108433734,0.96,51.4,C,0.2689969604863222,2.9258515995125247,0.4275040666129672,0.24888524083368518,20,5,0,0.25301204819277107,0.20481927710843373,0.5909782057780031,0.303091738469336,0.10593005575266093,0.2209178228388474,0.18401937046004843,0.17228464419475656,0.2034208918753818,0.23880597014925373,154,0.2,139,False,False,0.5314559411133044,0.004705195150214947,3.151898734177215,3.7088607594936707,79,,,,,,,-0.11354268275896522,20,4.82,1.31,115.2,6.0,8.0,127.0,44.0,0.0,0.0,0.0,22.0,SP,22.0,498.0,107.0,22.6,9.88,3.42,8.33,1.09,22.938920974394957,0.021772197069813926,3,0.3333333333333333,16.0,6,6,0,0,0.0,3.88,0.05329150077073958,0.225130890052356,0.2437357630979499,0.09111617312072894,0.25793939393939397,0.2747890909090909,0.28703703703703703,3.599,0.3411093866663393
686555,Isaac Collins,L,KC,9,Joe Ryan,R,657746.0,823677,KC @ MIN,4:40 PM,29/07,Scheduled,0.5356063066028178,,,,False,1111011010,estimated,0,0,1.0,0,0,0.30331781828300136,0.2771271911638845,0.35099633395187846,0.4246943230514866,0.2602304744851747,20,1,0.0485743880499373,1.022,73.6,B,0.3059536934950386,4.244402599026738,0.4213344230783274,0.2802182886981462,20,9,0,0.20481927710843373,0.25339366515837103,0.5584988962472406,0.3217439293598234,0.11975717439293598,0.2254601226993865,0.2422062350119904,0.22408963585434175,0.22910662824207492,0.23809523809523808,189,0.2426470588235294,167,False,False,0.5302057017275801,0.005400604875237747,3.2,3.7473684210526317,95,,,,,,,0.04955477383630963,20,3.38,1.1,114.1,6.0,6.0,131.0,25.0,0.0,0.0,0.0,21.0,SP,21.0,472.0,101.0,22.5,10.31,1.97,7.95,1.26,23.26473412567696,0.01742702673051555,6,0.75,-6.0,7,6,0,0,0.0,3.76,0.09326390316587865,0.22527472527472528,0.2331002331002331,0.12354312354312354,0.3974116161616162,0.3062310606060606,0.242914979757085,3.443,0.29610857931088197
621438,Tyrone Taylor,R,NYM,9,Chris Sale,L,519242.0,823598,ATL @ NYM,4:10 PM,29/07,Scheduled,0.5347540981261557,,,,False,0010110111,estimated,6,2,0.3333333333333333,1,2024,0.37627211089841384,0.39206625436682313,0.5918073293096037,0.4897616486998531,0.21940447968312002,20,2,0.046070460704607075,0.949,87.0,A,0.32656514382402707,5.573508290835782,0.3361974099439555,0.30864296994419,19,6,0,0.2682926829268293,0.2222222222222222,0.4915349887133183,0.39334085778781036,0.11512415349887133,0.25910064239828695,0.23220973782771537,0.2653061224489796,0.25059665871121717,0.2698412698412698,69,0.2328767123287671,79,False,False,0.5658889491022914,-0.031134850976135664,2.4727272727272727,2.690909090909091,55,,,,,,,0.21628304849661154,20,2.19,1.05,111.0,11.0,6.0,134.0,26.0,0.0,0.0,0.0,19.0,SP,19.0,451.0,91.0,23.7,10.86,2.11,7.38,0.65,23.570052082310124,0.013801457429399755,9,1.0,9.0,7,6,1,0,0.0,3.76,0.0895298286323705,0.22388059701492538,0.2086720867208672,0.051490514905149054,0.3530361757105943,0.3098953488372093,0.22258064516129034,3.443,0.3508574187002097
545341,Randal Grichuk,R,CWS,9,Cam Schlittler,R,693645.0,824567,NYY @ CWS,4:40 PM,29/07,Scheduled,0.5334379335264519,,,,False,1011000110,estimated,0,0,0.0,0,0,0.21286005602820904,0.24348319637226057,0.3815743753225412,0.29640924655442763,0.2643310969574188,20,1,-0.10162601626016263,0.968,68.4,B,0.29356435643564355,6.589861905524429,0.40729913070771817,0.31191599175900314,20,5,0,0.2682926829268293,0.16666666666666666,0.9092261904761905,0.09077380952380952,0.0,0.21382636655948553,0.259927797833935,0.2619047619047619,0.23336457357075913,0.24691358024691357,85,0.25,76,False,False,0.569915662715644,-0.03647772918919212,2.283582089552239,2.4029850746268657,67,,,,,,,-0.06581703987563192,20,2.07,0.93,130.1,10.0,6.0,157.0,25.0,0.0,0.0,0.0,22.0,SP,22.0,515.0,96.0,23.4,10.84,1.73,6.63,0.83,24.01557121647761,0.04936206647354824,3,0.375,3.0,6,6,0,0,0.0,3.76,0.0,0.22695035460992907,0.21926910299003322,0.046511627906976744,0.4548611111111111,0.3317731481481481,0.19170984455958548,3.443,0.3210757223117986
687221,Dalton Rushing,L,LAD,9,Emerson Hancock,R,676106.0,823924,SEA @ LAD,7:10 PM,29/07,Scheduled,0.5327650077367218,-9900.0,9900.0,99.0,False,0000010111,estimated,0,0,0.0,0,0,0.2933677625577251,0.37677892806369107,0.42661873678709866,0.42225430752263376,0.2910225081835265,20,1,0.002033492822966554,0.973,44.4,D,0.25,3.1221541447734573,0.4543991664143705,0.2282549407257696,19,7,0,0.2545454545454545,0.2565789473684211,0.7412415488629379,0.2077443146896128,0.051014136447449294,0.23638968481375358,0.2658959537572254,0.23104693140794225,0.24135338345864663,0.2403846153846154,115,0.27184466019417475,120,False,False,0.5327650077367218,0.0,3.0,3.4057971014492754,69,,,,,,,-0.05425430246405355,20,3.16,1.01,105.1,6.0,4.0,97.0,26.0,0.0,0.0,0.0,19.0,SP,19.0,414.0,80.0,21.8,8.29,2.22,6.84,1.11,21.372264645854326,-0.0014316744033884277,3,0.42857142857142855,-18.0,7,5,0,0,0.0,3.76,0.15788632897652452,0.22551928783382788,0.30809399477806787,0.09921671018276762,0.4463470319634703,0.3422465753424657,0.20276497695852536,3.443,0.3195810530581775
681297,Colton Cowser,L,BAL,6,Tarik Skubal,L,669373.0,824242,BAL @ DET,10:10 AM,29/07,Scheduled,0.5316631585648001,,,,False,0000000100,estimated,0,0,0.0,0,0,0.067412511547121,0.2763936129834722,0.5619092734335324,0.14233497543456236,0.2877015967003931,20,1,-0.06567366283006093,1.004,93.2,A,0.32622432859399686,8.563515629333603,0.29974006902265654,0.33239731739033657,14,5,0,0.14285714285714285,0.20853080568720378,0.5636363636363636,0.18181818181818182,0.2545454545454545,0.21779141104294478,0.1657250470809793,0.19035532994923857,0.1932826362484157,0.20909090909090908,129,0.2037037037037037,126,False,False,0.5321576492852039,-0.0004944907204038618,2.449438202247191,2.865168539325843,89,,,,,,,-0.3461455727230816,20,2.7,0.92,90.0,7.0,5.0,110.0,13.0,0.0,0.0,0.0,15.0,SP,15.0,349.0,70.0,23.3,11.0,1.3,7.0,1.0,23.430216850879788,0.014236841435199987,6,0.75,-3.0,7,7,1,1,0.0,4.12,0.2673759212117842,0.1786833855799373,0.3351206434316354,0.1260053619302949,0.3926116838487973,0.30496391752577323,0.2911392405063291,3.895,0.28206957602602795
814439,Ryan Waldschmidt,R,AZ,9,Jared Jones,R,683003.0,823351,AZ @ PIT,9:35 AM,29/07,Scheduled,0.5308485826617866,,,,False,0111101111,estimated,0,0,0.0,0,0,0.31316621241352205,0.37410046637286765,0.3469839602270831,0.48160108864691403,0.3286742040646885,20,1,-0.23597811217510262,1.013,88.6,A,0.29836512261580383,4.249535695441396,0.3565571963250597,0.3007624937171691,10,5,0,0.4418604651162791,0.20588235294117646,0.45231607629427795,0.4114441416893733,0.1362397820163488,0.24151696606786427,0.2520107238605898,0.2235294117647059,0.2440041710114703,0.2077922077922078,81,0.35294117647058826,77,True,False,0.5509729043565077,-0.020124321694721115,3.372093023255814,3.6744186046511627,43,,,,,,,0.15216340603478193,20,3.72,1.02,46.0,2.0,1.0,53.0,13.0,0.0,0.0,0.0,10.0,SP,10.0,184.0,34.0,18.4,10.37,2.54,6.65,1.17,18.491177945866554,0.04808475067154683,3,0.375,6.0,7,7,1,1,0.0,3.76,0.02145921044175204,0.2721518987341772,0.3179190751445087,0.05202312138728324,0.3640776699029126,0.3274077669902912,0.13043478260869565,3.443,0.3520347592499012
669134,Luis Campusano,R,SD,9,Gabriel Hughes,R,687312.0,823273,COL @ SD,1:10 PM,29/07,Scheduled,0.529441544524423,-9900.0,9900.0,99.0,False,1001010011,estimated,0,0,0.0,0,0,0.2240754910960182,0.3002860735254235,0.32447827919209005,0.28537756360454264,0.21178414973186968,20,1,0.01477272727272727,0.954,55.2,C,0.26813880126182965,,,,4,7,0,0.2727272727272727,0.2875,0.6182965299684543,0.29337539432176657,0.08832807570977919,0.2857142857142857,0.19090909090909092,0.3333333333333333,0.2587646076794658,0.27450980392156865,62,0.3,45,False,True,0.5308485826617866,-0.0014070381373635366,2.676470588235294,3.1470588235294117,34,,,,,,,-0.1592797524990487,20,2.79,1.14,19.1,0.0,2.0,19.0,6.0,1.0,0.0,1.0,3.0,SP,4.0,77.0,16.0,19.2,8.84,2.79,7.45,0.0,,0.0040584554755770386,6,0.75,6.0,7,6,1,1,0.0,3.76,0.22424349425690354,0.21921921921921922,0.20212765957446807,0.10638297872340426,0.4072632944228275,0.27724513618677044,0.16666666666666666,3.443,0.40124887217233945
805367,Chase Meidroth,R,CWS,8,Cam Schlittler,R,693645.0,824567,NYY @ CWS,4:40 PM,29/07,Scheduled,0.5287986635902165,,,,False,1110110111,estimated,0,0,0.0,0,0,0.30420497168121197,0.3175937151198481,0.41550101537234896,0.3813773855884728,0.1892057984901662,20,1,-0.0038307074451652823,0.968,68.4,B,0.29356435643564355,6.589861905524429,0.40729913070771817,0.31191599175900314,20,5,0,0.27692307692307694,0.27309236947791166,0.9092261904761905,0.09077380952380952,0.0,0.2669608383894098,0.24685714285714286,0.26541554959785524,0.26147834581569523,0.27358490566037735,244,0.2754491017964072,184,False,False,0.5765959248978753,-0.04779726130765871,3.715686274509804,4.196078431372549,102,,,,,,,0.062530093086264,20,2.07,0.93,130.1,10.0,6.0,157.0,25.0,0.0,0.0,0.0,22.0,SP,22.0,515.0,96.0,23.4,10.84,1.73,6.63,0.83,24.01557121647761,0.04456800307645015,3,0.375,3.0,6,6,0,0,0.0,3.88,0.0649165752189284,0.26681614349775784,0.22111553784860558,0.08565737051792828,0.35696517412935325,0.3001567164179104,0.19170984455958548,3.599,0.3210757223117986
640459,Brian Navarreto,R,MIA,9,Jesús Luzardo,L,666200.0,823837,PHI @ MIA,9:10 AM,29/07,Pre-Game,0.5244572264728838,,,,False,0000100,live,0,0,0.0,0,0,0.07600192359490338,0.09882457044616667,0.04610353377424767,0.1069627208303741,0.2720290470609029,7,9,0.0,1.0,98.3,A,0.3259478089611029,3.9454278983990747,0.32851197663491644,0.31057970788590855,20,5,0,0.2222222222222222,,0.43032988675529293,0.37813884785819796,0.1915312653865091,0.45454545454545453,0.1,0.3333333333333333,0.28125,0.25,10,,5,False,False,0.5497968143815485,-0.02533958790866464,1.7142857142857142,2.142857142857143,7,,,,,,,-0.40352906509512904,7,3.31,1.17,122.1,9.0,5.0,152.0,38.0,0.0,0.0,0.0,21.0,SP,21.0,509.0,105.0,24.2,11.18,2.8,7.72,0.81,24.457950708570305,0.020426106860449544,6,0.6666666666666666,-7.0,7,6,1,1,0.0,3.76,0.037902261139355936,0.24390243902439024,0.19148936170212766,0.0425531914893617,0.29166666666666663,0.13796875,0.25,3.443,0.3232737916584744
701852,Drew Cavanaugh,L,SF,9,Shane Drohan,L,675660.0,823192,MIL @ SF,12:45 PM,29/07,Scheduled,0.5228303486710125,,,,False,1101000010,estimated,0,0,0.0,0,0,0.2521514813402083,0.3072459159111729,0.2059930080771839,0.3417236685426682,0.2724538648945524,19,1,0.0,0.994,84.2,A,0.2980392156862745,4.483457833640348,0.36639810752838825,0.27173133496902196,20,5,0,,0.24444444444444444,0.6109803921568627,0.3411764705882353,0.04784313725490196,0.2695035460992908,0.2077922077922078,0.28,0.24897959183673468,0.21739130434782608,29,0.2727272727272727,28,True,True,0.5236208464271949,-0.0007904977561823401,2.3684210526315788,3.0,19,,,,,,,-0.17063729298025518,19,3.51,1.2,82.0,5.0,4.0,82.0,23.0,1.0,0.0,1.0,11.0,SP,21.0,342.0,75.0,16.3,9.0,2.52,8.23,0.66,18.80821313233177,0.003929651328987482,5,0.625,7.0,7,6,1,1,0.0,3.76,0.15691592235564986,,,,,,0.2376237623762376,3.443,0.3119194476353623
681546,James Outman,L,DET,9,Trevor Rogers,L,669432.0,824242,BAL @ DET,10:10 AM,29/07,Scheduled,0.5174306501922894,,,,False,0110011101,estimated,0,0,0.0,0,0,0.22659952787725493,0.2983980918124919,0.5808573336159462,0.2980464058414835,0.3752108472267854,20,1,0.1582089552238806,1.004,53.9,C,0.2784019975031211,2.7017068186074686,0.4201564696391604,0.19605230336777282,18,5,0,0.3,0.1417910447761194,0.6502186133666459,0.1292941911305434,0.22048719550281073,0.12946428571428573,0.17142857142857143,0.1,0.13394683026584867,0.15789473684210525,84,0.16666666666666666,85,False,False,0.5224484637407412,-0.005017813548451766,2.6551724137931036,2.913793103448276,58,,,,,,,0.02363979081008511,20,4.17,1.27,103.2,6.0,7.0,83.0,32.0,0.0,0.0,0.0,19.0,SP,19.0,435.0,100.0,22.9,7.21,2.78,8.68,0.87,23.167226647331177,0.012009349807710512,5,0.625,-3.0,7,7,1,1,0.0,3.76,0.0066551041800367305,0.1509433962264151,0.4096045197740113,0.07344632768361582,0.3815028901734104,0.2610115606936416,0.18627450980392157,3.443,0.32932976634754835
691723,Coby Mayo,R,BAL,8,Tarik Skubal,L,669373.0,824242,BAL @ DET,10:10 AM,29/07,Scheduled,0.5160236120549259,,,,False,1101010010,estimated,0,0,0.0,0,0,0.1980870351484613,0.349689018497679,0.4650748816948142,0.3778158438680974,0.47076702767452827,20,1,0.08852755194218606,1.004,93.2,A,0.32622432859399686,8.563515629333603,0.29974006902265654,0.33239731739033657,14,5,0,0.25925925925925924,0.17073170731707318,0.5636363636363636,0.18181818181818182,0.2545454545454545,0.21099887766554434,0.18472222222222223,0.25806451612903225,0.2062363238512035,0.19708029197080293,151,0.2037037037037037,116,False,False,0.5524870847979214,-0.03646347274299555,3.141025641025641,3.423076923076923,78,,,,,,,-0.04072033143778642,20,2.7,0.92,90.0,7.0,5.0,110.0,13.0,0.0,0.0,0.0,15.0,SP,15.0,349.0,70.0,23.3,11.0,1.3,7.0,1.0,23.430216850879788,0.05174305461174078,6,0.75,-3.0,7,7,1,1,0.0,3.88,0.029990972306799226,0.20418848167539266,0.3270588235294118,0.08470588235294117,0.43209876543209874,0.31111522633744854,0.19298245614035087,3.599,0.28206957602602795
642201,Eli White,R,ATL,9,Christian Scott,R,681035.0,823598,ATL @ NYM,4:10 PM,29/07,Scheduled,0.5160236120549259,,,,False,0111000010,estimated,0,0,0.0,0,0,0.21076048303092895,0.20595809451125321,0.15554918022242917,0.33462954596164896,0.24556005057542835,20,3,-0.017521902377972465,0.949,65.8,B,0.2808219178082192,2.5827629885782306,0.35023506273097754,0.2934026359330027,14,7,0,0.22340425531914893,0.20588235294117646,0.6863753213367609,0.27849185946872324,0.03513281919451585,0.2167689161554192,0.21666666666666667,0.21428571428571427,0.21777777777777776,0.2054794520547945,78,0.23636363636363636,61,False,False,0.5516968689239177,-0.03567325686899181,2.2857142857142856,2.482142857142857,56,,,,,,,-0.051225545477357096,20,3.13,1.26,63.1,3.0,2.0,78.0,29.0,0.0,0.0,0.0,14.0,SP,14.0,271.0,51.0,19.4,11.08,4.12,7.25,0.99,19.463990884192718,0.02295138794507412,8,1.0,-4.0,6,7,1,0,0.0,3.76,0.07067000486853972,0.2255892255892256,0.24605678233438485,0.04416403785488959,0.36453576864535764,0.31112100456621,0.2413793103448276,3.443,0.32722330092197793
665923,Esteury Ruiz,R,MIA,8,Jesús Luzardo,L,666200.0,823837,PHI @ MIA,9:10 AM,29/07,Pre-Game,0.5097945147862295,,,,False,0110010100,live,6,3,0.5,1,2026,0.19175301396927555,0.28002563520850876,0.19244847736813178,0.33300808225847794,0.385188810522839,20,1,-0.16666666666666666,1.0,98.3,A,0.3259478089611029,3.9454278983990747,0.32851197663491644,0.31057970788590855,20,5,0,0.16666666666666666,0.3333333333333333,0.43032988675529293,0.37813884785819796,0.1915312653865091,0.16458852867830423,0.18907563025210083,0.1487603305785124,0.16973684210526316,0.19298245614035087,70,0.2982456140350877,68,False,False,0.5314559411133044,-0.021661426327074906,2.0727272727272728,2.5090909090909093,55,,,,,,,-0.22597788927047358,20,3.31,1.17,122.1,9.0,5.0,152.0,38.0,0.0,0.0,0.0,21.0,SP,21.0,509.0,105.0,24.2,11.18,2.8,7.72,0.81,24.457950708570305,0.01523881854710385,6,0.6666666666666666,-7.0,7,6,1,1,0.0,3.88,0.09538006611747044,0.23048327137546468,0.28205128205128205,0.08333333333333333,0.2670349907918969,0.26791160220994475,0.25,3.599,0.3232737916584744
641933,Tyler O'Neill,R,BAL,9,Tarik Skubal,L,669373.0,824242,BAL @ DET,10:10 AM,29/07,Scheduled,0.4860534450788136,,,,False,0111111001,estimated,5,1,0.2,1,2024,0.37031557060030573,0.3854242539047525,0.5337525673380762,0.5033443186415318,0.2768249949343027,20,2,-0.022475027746947818,1.004,93.2,A,0.32622432859399686,8.563515629333603,0.29974006902265654,0.33239731739033657,14,5,0,0.19811320754716982,0.22058823529411764,0.5636363636363636,0.18181818181818182,0.2545454545454545,0.18989280245022971,0.17307692307692307,0.13903743315508021,0.17691029900332225,0.16853932584269662,101,0.24705882352941178,93,False,False,0.5395407030021883,-0.053487257923374665,2.71875,3.03125,64,,,,,,,0.052281652282722,20,2.7,0.92,90.0,7.0,5.0,110.0,13.0,0.0,0.0,0.0,15.0,SP,15.0,349.0,70.0,23.3,11.0,1.3,7.0,1.0,23.430216850879788,0.06557988825451971,6,0.75,-3.0,7,7,1,1,0.0,3.76,0.041344453984082645,0.19887955182072828,0.2679900744416873,0.09429280397022333,0.41432396251673365,0.3114016064257028,0.19298245614035087,3.443,0.28206957602602795
