batter_id,name,batter_hand,team,slot,pitcher,pitcher_hand,opp_pitcher_id,game_pk,matchup,start_time,game_date,game_state,p_hit,hit_odds,no_hit_odds,yes_cents,has_hit,last5,lineup_source,bvp_ab,bvp_h,bvp_avg,b_hit_rate,b_xba,b_hardhit,b_babip,b_k_rate,b_n_games,b_days_rest,split_diff,park_factor,p_rating,p_grade,p_csw,p_k_bb,p_hardhit_allowed,p_k_rate,p_n_games,p_days_rest,is_opener,b_hit_rate_vs_L,b_hit_rate_vs_R,p_use_fb,p_use_bb,p_use_os,b_hr_vs_fb,b_hr_vs_bb,b_hr_vs_os,b_hr_overall,b_hit_rate_vs_sp,b_pa_vs_sp,b_hit_rate_vs_rp,b_pa_vs_rp,b_is_rookie,p_is_rookie,base_p_hit,matchup_delta,b_avg_ab,b_avg_pa,b_games_played,p_multihit,base_p_multihit,p_multihit_matchup_delta,p_hrRbi,base_p_hrRbi,p_hrRbi_matchup_delta,b_quality_first3,b_n_games_first3,p_era,p_whip_official,p_ip,p_wins,p_losses,p_so,p_bb_official,p_saves,p_blown_saves,p_save_opps,p_games_started,p_role,p_games_pitched,p_bf_official,p_hits_allowed,p_bf_per_g,p_k9,p_bb9,p_h9,p_hr9,p_avg_bf
663968,Jake Mangum,L,PIT,1,Merrill Kelly,R,518876.0,823353,AZ @ PIT,3:40 PM,27/07,Scheduled,0.7712069194885824,,,,False,1111010111,estimated,0,0,0.0,0.2830288853237727,0.2942970655861241,0.19632903547739827,0.3384487252893597,0.14227894237187022,20,1,0.036436114413595344,1.013,21.5,F,0.2456246228123114,1.7513758344826067,0.46776978516241063,0.14761454737618726,18,4,0,0.27848101265822783,0.3149171270718232,0.5130224106602059,0.22652937613567534,0.2604482132041187,0.2973790322580645,0.3433179723502304,0.2964169381107492,0.30817972350230416,0.34782608695652173,145,0.2540983606557377,140,False,False,0.6783396127876898,0.0928673067008926,3.4210526315789473,3.75,76,,,,,,,0.13278342941992188,20,5.12,1.48,103.2,8.0,8.0,65.0,41.0,0.0,0.0,0.0,18.0,SP,18.0,451.0,112.0,25.1,5.64,3.56,9.72,1.91,24.721412713805172
693304,Nick Gonzales,R,PIT,2,Merrill Kelly,R,518876.0,823353,AZ @ PIT,3:40 PM,27/07,Scheduled,0.7302827513499995,,,,False,1111111111,estimated,0,0,0.0,0.34050154214244066,0.30343927432098267,0.4059362953665405,0.41158603415614364,0.16162235824454618,20,1,0.04158890962410022,1.013,21.5,F,0.2456246228123114,1.7513758344826067,0.46776978516241063,0.14761454737618726,18,4,0,0.2809917355371901,0.3225806451612903,0.5130224106602059,0.22652937613567534,0.2604482132041187,0.28900592495062544,0.2820838627700127,0.23961661341853036,0.2819634703196347,0.2922374429223744,228,0.3333333333333333,176,False,False,0.6780147298187339,0.05226802153126564,3.7653061224489797,4.122448979591836,98,,,,,,,0.31973961722423966,20,5.12,1.48,103.2,8.0,8.0,65.0,41.0,0.0,0.0,0.0,18.0,SP,18.0,451.0,112.0,25.1,5.64,3.56,9.72,1.91,24.721412713805172
682829,Elly De La Cruz,L,CIN,1,Slade Cecconi,R,677944.0,824490,CLE @ CIN,4:10 PM,27/07,Scheduled,0.7260072210788943,-245.0,270.0,71.0,False,1111101011,estimated,0,0,0.0,0.2822886103811055,0.39352155230921204,0.5268140172064678,0.34254204839143876,0.19242440840838526,20,1,-0.06911392405063288,1.083,44.6,D,0.26365237815619497,2.6200953619964724,0.4156959126477068,0.18304633631094253,20,4,0,0.3291139240506329,0.26,0.7271655863288156,0.2498526812021214,0.022981732469063054,0.250332005312085,0.25259515570934254,0.253125,0.2521537442014579,0.2744186046511628,236,0.2807017543859649,137,False,False,0.6783396127876898,0.04766760829120442,3.963855421686747,4.493975903614458,83,,,,,,,0.11215362806883994,20,4.6,1.45,103.2,4.0,7.0,82.0,34.0,0.0,0.0,0.0,20.0,SP,20.0,455.0,116.0,22.8,7.12,2.95,10.07,1.3,22.793051610783674
695578,James Wood,L,WSH,1,Max Scherzer,R,453286.0,822705,TOR @ WSH,3:45 PM,27/07,Scheduled,0.7168836574812453,-203.0,245.0,67.0,False,1110011011,estimated,0,0,0.0,0.27539257535947853,0.422858338904467,0.5369441411334954,0.4254399424898568,0.28675000917503957,20,1,0.03748733535967577,1.04,20.5,F,0.215962441314554,1.1872488435731807,0.43520204290428843,0.14180650498440375,6,46,0,0.24822695035460993,0.2857142857142857,0.4823529411764706,0.3623529411764706,0.15529411764705883,0.26966932725199544,0.25765907305577374,0.26252158894645944,0.26477084483710656,0.27848101265822783,293,0.26380368098159507,197,False,False,0.6533573545492335,0.06352630293201178,3.8461538461538463,4.711538461538462,104,,,,,,,0.015911835840995266,20,10.23,1.73,22.0,1.0,4.0,14.0,11.0,0.0,0.0,0.0,6.0,SP,6.0,102.0,27.0,17.0,5.73,4.5,11.05,3.68,17.055485209579633
701398,Sal Stewart,R,CIN,2,Slade Cecconi,R,677944.0,824490,CLE @ CIN,4:10 PM,27/07,Scheduled,0.7164356809276103,,,,False,1110100111,estimated,0,0,0.0,0.22782830226616382,0.26817239320533187,0.31101043495071184,0.2780618266538527,0.19924360584894918,20,1,0.04834635724998029,1.083,44.6,D,0.26365237815619497,2.6200953619964724,0.4156959126477068,0.18304633631094253,20,4,0,0.2073170731707317,0.255663430420712,0.7271655863288156,0.2498526812021214,0.022981732469063054,0.24816625916870416,0.26704545454545453,0.287292817679558,0.25887071891391544,0.26422764227642276,274,0.21379310344827587,172,False,False,0.6654773160957228,0.05095836483188754,3.8333333333333335,4.372549019607843,102,,,,,,,-0.11391366485091398,20,4.6,1.45,103.2,4.0,7.0,82.0,34.0,0.0,0.0,0.0,20.0,SP,20.0,455.0,116.0,22.8,7.12,2.95,10.07,1.3,22.793051610783674
676391,Ernie Clement,R,TOR,1,Andrew Alvarez,L,674841.0,822705,TOR @ WSH,3:45 PM,27/07,Scheduled,0.7122295333675739,,,,False,1101110101,estimated,0,0,0.0,0.3018907661605961,0.2870460984193713,0.21695977272159564,0.33397186525134087,0.07292878102505694,20,1,-0.029264107778342652,1.04,33.4,F,0.28632938643702904,2.164470748007196,0.4566940366803683,0.2295281675538486,14,6,0,0.2767857142857143,0.30604982206405695,0.4241119483315393,0.5468245425188375,0.02906350914962325,0.2833333333333333,0.2893772893772894,0.2515527950310559,0.28186856690419637,0.2627118644067797,245,0.3503184713375796,168,False,False,0.6861535790728054,0.0260759542947685,3.8529411764705883,4.049019607843137,102,,,,,,,0.16027133357217715,20,4.22,1.5,53.1,2.0,3.0,55.0,25.0,1.0,0.0,1.0,7.0,RP,14.0,233.0,55.0,16.6,9.28,4.22,9.28,0.34,17.351151777486397
606466,Ketel Marte,L,AZ,1,Mitch Keller,R,656605.0,823353,AZ @ PIT,3:40 PM,27/07,Scheduled,0.7043277520289061,-186.0,212.0,65.0,False,0011110110,estimated,3,1,0.3333333333333333,0.2133454910360156,0.3055711328441101,0.32585952620901687,0.27196959488534717,0.19653499810888195,20,1,0.007049216930879398,1.013,33.7,F,0.2609447004608295,2.200349348875063,0.43439162128259434,0.18209725038448973,20,4,0,0.2523364485981308,0.2593856655290102,0.570028818443804,0.34178674351585014,0.08818443804034583,0.23994811932555124,0.21208530805687204,0.23902439024390243,0.23285536159600997,0.2490118577075099,272,0.272108843537415,165,False,False,0.6691503683706674,0.03517738365823864,4.040404040404041,4.414141414141414,99,,,,,,,0.07289573902597365,20,4.9,1.31,108.1,6.0,7.0,83.0,37.0,0.0,0.0,0.0,20.0,SP,20.0,464.0,105.0,23.2,6.9,3.07,8.72,1.08,22.983764128158732
676475,Alec Burleson,L,STL,3,David Peterson,L,656849.0,823025,CHC @ STL,4:45 PM,27/07,Scheduled,0.7016248094687404,,,,False,1111010101,estimated,2,0,0.0,0.32436169216198707,0.37757174905294444,0.46519734918540545,0.400099106276344,0.2097834599224168,20,1,-0.026745495495495486,1.031,31.6,F,0.2653061224489796,1.7778510682481206,0.4323198647791432,0.1672820176792998,20,5,0,0.2604166666666667,0.28716216216216217,0.5299727520435967,0.3480926430517711,0.12193460490463215,0.29791526563550774,0.24169530355097366,0.34115523465703973,0.28879753340184994,0.28270042194092826,256,0.27741935483870966,176,False,False,0.6715968953314819,0.03002791413725847,3.843137254901961,4.235294117647059,102,,,,,,,0.04236631326457925,20,5.97,1.56,89.0,5.0,7.0,74.0,38.0,1.0,0.0,1.0,12.0,SP,20.0,406.0,101.0,20.3,7.48,3.84,10.21,0.91,20.36313801953377
664040,Brandon Lowe,L,PIT,3,Merrill Kelly,R,518876.0,823353,AZ @ PIT,3:40 PM,27/07,Scheduled,0.7016095217539481,,,,False,0111010100,estimated,0,0,0.0,0.195161858702923,0.3432242323524324,0.42733691632335324,0.30959499327387535,0.34149445596844064,20,2,0.06097403990559963,1.013,21.5,F,0.2456246228123114,1.7513758344826067,0.46776978516241063,0.14761454737618726,18,4,0,0.189873417721519,0.25084745762711863,0.5130224106602059,0.22652937613567534,0.2604482132041187,0.24172856178257934,0.21783088235294118,0.2291220556745182,0.2324128862590401,0.2374429223744292,249,0.23870967741935484,175,False,False,0.6442160491495114,0.057393472604436724,3.9368421052631577,4.463157894736842,95,,,,,,,-0.19654561673858717,20,5.12,1.48,103.2,8.0,8.0,65.0,41.0,0.0,0.0,0.0,18.0,SP,18.0,451.0,112.0,25.1,5.64,3.56,9.72,1.91,24.721412713805172
668715,Spencer Steer,R,CIN,4,Slade Cecconi,R,677944.0,824490,CLE @ CIN,4:10 PM,27/07,Scheduled,0.7005014598404093,,,,False,0101110000,estimated,0,0,0.0,0.1971373328883649,0.2726280858830717,0.41767262342240885,0.23550450522187333,0.1596278683194424,20,2,-0.10628912919749575,1.083,44.6,D,0.26365237815619497,2.6200953619964724,0.4156959126477068,0.18304633631094253,20,4,0,0.32142857142857145,0.2151394422310757,0.7271655863288156,0.2498526812021214,0.022981732469063054,0.22513812154696133,0.21912350597609562,0.26223776223776224,0.22721798474508229,0.23834196891191708,223,0.24647887323943662,155,False,False,0.672734920696127,0.0277665391442824,3.526315789473684,3.9789473684210526,95,,,,,,,-0.19990038356673392,20,4.6,1.45,103.2,4.0,7.0,82.0,34.0,0.0,0.0,0.0,20.0,SP,20.0,455.0,116.0,22.8,7.12,2.95,10.07,1.3,22.793051610783674
671277,Luis García,L,WSH,2,Max Scherzer,R,453286.0,822705,TOR @ WSH,3:45 PM,27/07,Scheduled,0.6965309810971814,,,,False,0100011100,estimated,0,0,0.0,0.20853407739694738,0.3130176638893507,0.32821259057401037,0.24804318406223913,0.22658067149440603,20,1,0.14332706766917291,1.04,20.5,F,0.215962441314554,1.1872488435731807,0.43520204290428843,0.14180650498440375,6,46,0,0.14285714285714285,0.28618421052631576,0.4823529411764706,0.3623529411764706,0.15529411764705883,0.2186411149825784,0.23722149410222804,0.2529118136439268,0.23272438443208895,0.25654450261780104,201,0.30597014925373134,141,False,False,0.649184463557906,0.047346517539275323,3.3854166666666665,3.5625,96,,,,,,,-0.05336218258526687,20,10.23,1.73,22.0,1.0,4.0,14.0,11.0,0.0,0.0,0.0,6.0,SP,6.0,102.0,27.0,17.0,5.73,4.5,11.05,3.68,17.055485209579633
691023,Jordan Walker,R,STL,4,David Peterson,L,656849.0,823025,CHC @ STL,4:45 PM,27/07,Scheduled,0.6935466157961261,,,,False,1111110101,estimated,2,1,0.5,0.2811302588075949,0.34386565281161025,0.4222138633734633,0.35124444538863503,0.20371836136615382,20,1,0.033676024779227653,1.031,31.6,F,0.2653061224489796,1.7778510682481206,0.4323198647791432,0.1672820176792998,20,5,0,0.3148148148148148,0.28113879003558717,0.5299727520435967,0.3480926430517711,0.12193460490463215,0.2686671318911375,0.26865671641791045,0.29012345679012347,0.27236794825727634,0.2907488986784141,250,0.29012345679012347,180,False,False,0.6650364005135146,0.02851021528261144,3.8514851485148514,4.257425742574258,101,,,,,,,0.18813609383651134,20,5.97,1.56,89.0,5.0,7.0,74.0,38.0,1.0,0.0,1.0,12.0,SP,20.0,406.0,101.0,20.3,7.48,3.84,10.21,0.91,20.36313801953377
802139,Jj Wetherholt,L,STL,1,David Peterson,L,656849.0,823025,CHC @ STL,4:45 PM,27/07,Scheduled,0.6925406278972636,,,,False,0111001100,estimated,2,1,0.5,0.19325204253387054,0.29980057630467605,0.46177381342923074,0.2145477653497058,0.17474465613959375,20,1,-0.0634436701509872,1.031,31.6,F,0.2653061224489796,1.7778510682481206,0.4323198647791432,0.1672820176792998,20,5,0,0.20833333333333334,0.27177700348432055,0.5299727520435967,0.3480926430517711,0.12193460490463215,0.24529346622369877,0.25681818181818183,0.26078028747433263,0.253125,0.2672413793103448,265,0.23841059602649006,179,True,False,0.6746665605127452,0.017874067384518355,3.948453608247423,4.577319587628866,97,,,,,,,0.027417804170686923,20,5.97,1.56,89.0,5.0,7.0,74.0,38.0,1.0,0.0,1.0,12.0,SP,20.0,406.0,101.0,20.3,7.48,3.84,10.21,0.91,20.36313801953377
665953,Andrés Chaparro,R,WSH,4,Max Scherzer,R,453286.0,822705,TOR @ WSH,3:45 PM,27/07,Scheduled,0.6914287534656269,,,,False,0010101011,estimated,0,0,0.0,0.22652821083037533,0.32253931196013086,0.46105896985587735,0.31454736892477125,0.27692021596444644,20,1,0.0,1.04,20.5,F,0.215962441314554,1.1872488435731807,0.43520204290428843,0.14180650498440375,6,46,0,0.2028985507246377,,0.4823529411764706,0.3623529411764706,0.15529411764705883,0.16845878136200718,0.15,0.14035087719298245,0.1557377049180328,0.16326530612244897,56,0.3,26,False,False,0.6523473033723953,0.03908145009323161,2.0294117647058822,2.411764705882353,34,,,,,,,-0.10914405373316659,20,10.23,1.73,22.0,1.0,4.0,14.0,11.0,0.0,0.0,0.0,6.0,SP,6.0,102.0,27.0,17.0,5.73,4.5,11.05,3.68,17.055485209579633
668804,Bryan Reynolds,L,PIT,4,Merrill Kelly,R,518876.0,823353,AZ @ PIT,3:40 PM,27/07,Scheduled,0.6901612172825646,,,,False,0111010000,estimated,0,0,0.0,0.18760952270297562,0.32901630295878653,0.3330806533975956,0.2962575742492929,0.34479620314089,20,1,0.006211387543830327,1.013,21.5,F,0.2456246228123114,1.7513758344826067,0.46776978516241063,0.14761454737618726,18,4,0,0.26548672566371684,0.27169811320754716,0.5130224106602059,0.22652937613567534,0.2604482132041187,0.24838940586972083,0.26078028747433263,0.2730263157894737,0.2574589339591016,0.29910714285714285,264,0.22727272727272727,188,False,False,0.621392778440808,0.06876843884175665,3.6346153846153846,4.346153846153846,104,,,,,,,-0.02140379133480474,20,5.12,1.48,103.2,8.0,8.0,65.0,41.0,0.0,0.0,0.0,18.0,SP,18.0,451.0,112.0,25.1,5.64,3.56,9.72,1.91,24.721412713805172
682928,Cj Abrams,L,WSH,5,Max Scherzer,R,453286.0,822705,TOR @ WSH,3:45 PM,27/07,Scheduled,0.6901612172825646,-223.0,245.0,69.0,False,1110111111,estimated,0,0,0.0,0.4076934108098658,0.3974637687930822,0.4748590120804139,0.5158940282927553,0.2030270942657448,20,1,-0.006564007947771788,1.04,20.5,F,0.215962441314554,1.1872488435731807,0.43520204290428843,0.14180650498440375,6,46,0,0.2980769230769231,0.2915129151291513,0.4823529411764706,0.3623529411764706,0.15529411764705883,0.27436281859070466,0.2659251769464105,0.2517482517482518,0.26746290264205574,0.3051643192488263,244,0.2777777777777778,184,False,False,0.6443413096830587,0.04581990759950594,3.75,4.28,100,,,,,,,0.1260958795913695,20,10.23,1.73,22.0,1.0,4.0,14.0,11.0,0.0,0.0,0.0,6.0,SP,6.0,102.0,27.0,17.0,5.73,4.5,11.05,3.68,17.055485209579633
671056,Iván Herrera,R,STL,2,David Peterson,L,656849.0,823025,CHC @ STL,4:45 PM,27/07,Scheduled,0.6901612172825646,,,,False,1000101001,estimated,1,1,1.0,0.1808897770975718,0.2647194719818559,0.23527666274712555,0.21674068400100382,0.26666273473450514,20,1,-0.04038755736868943,1.031,31.6,F,0.2653061224489796,1.7778510682481206,0.4323198647791432,0.1672820176792998,20,5,0,0.21621621621621623,0.25660377358490566,0.5299727520435967,0.3480926430517711,0.12193460490463215,0.22029988465974626,0.20783132530120482,0.2511737089201878,0.22053712480252766,0.2314410480349345,275,0.2653061224489796,179,False,False,0.6571904572472427,0.032970760035321955,3.6862745098039214,4.450980392156863,102,,,,,,,-0.09978038216144872,20,5.97,1.56,89.0,5.0,7.0,74.0,38.0,1.0,0.0,1.0,12.0,SP,20.0,406.0,101.0,20.3,7.48,3.84,10.21,0.91,20.36313801953377
664770,Nathan Lukes,L,TOR,2,Andrew Alvarez,L,674841.0,822705,TOR @ WSH,3:45 PM,27/07,Scheduled,0.6887123350782399,,,,False,0110111011,estimated,0,0,0.0,0.27182438617019433,0.20502795090635834,0.21989379329190398,0.33740033866465013,0.13377938769740985,20,1,0.0016666666666667052,1.04,33.4,F,0.28632938643702904,2.164470748007196,0.4566940366803683,0.2295281675538486,14,6,0,0.2916666666666667,0.29,0.4241119483315393,0.5468245425188375,0.02906350914962325,0.2515151515151515,0.27722772277227725,0.33458646616541354,0.2678034102306921,0.2517482517482518,155,0.35802469135802467,91,False,False,0.6686209528389743,0.020091382239265654,3.2941176470588234,3.6176470588235294,68,,,,,,,0.02183460698786659,20,4.22,1.5,53.1,2.0,3.0,55.0,25.0,1.0,0.0,1.0,7.0,RP,14.0,233.0,55.0,16.6,9.28,4.22,9.28,0.34,17.351151777486397
672695,Geraldo Perdomo,L,AZ,2,Mitch Keller,R,656605.0,823353,AZ @ PIT,3:40 PM,27/07,Scheduled,0.686688410817812,,,,False,0001110000,estimated,3,0,0.0,0.13088192516295777,0.17765545187570467,0.1441008420939067,0.1343009835937802,0.10242166220023707,20,1,-0.03656914893617019,1.013,33.7,F,0.2609447004608295,2.200349348875063,0.43439162128259434,0.18209725038448973,20,4,0,0.2553191489361702,0.21875,0.570028818443804,0.34178674351585014,0.08818443804034583,0.22142857142857142,0.24592391304347827,0.22467771639042358,0.22769726247987118,0.26291079812206575,260,0.17518248175182483,169,False,False,0.6572905849664092,0.029397825851402715,3.5,4.29,100,,,,,,,-0.2142718615069452,20,4.9,1.31,108.1,6.0,7.0,83.0,37.0,0.0,0.0,0.0,20.0,SP,20.0,464.0,105.0,23.2,6.9,3.07,8.72,1.08,22.983764128158732
694671,Wyatt Langford,R,TEX,1,George Kirby,R,669923.0,822868,SEA @ TEX,11:35 AM,27/07,Scheduled,0.6856387114409394,,,,False,1101111011,estimated,3,1,0.3333333333333333,0.34837155327426456,0.3818567869593679,0.4594037554982853,0.43753297934470453,0.1954663241576225,20,1,0.05219012115563837,0.964,54.7,C,0.26914285714285713,4.672665151271259,0.4261689288488572,0.2281184499072948,19,6,0,0.25862068965517243,0.3108108108108108,0.5337528604118993,0.39530892448512583,0.07093821510297482,0.2808022922636103,0.26844262295081966,0.2193877551020408,0.2707373271889401,0.2803030303030303,142,0.32432432432432434,78,False,False,0.6780147298187339,0.007623981622205456,4.03921568627451,4.313725490196078,51,,,,,,,0.20567405306106937,20,3.57,1.28,116.0,8.0,8.0,104.0,25.0,0.0,0.0,0.0,19.0,SP,19.0,477.0,124.0,25.1,8.07,1.94,9.62,0.85,25.049744849054388
678554,Curtis Mead,R,WSH,3,Max Scherzer,R,453286.0,822705,TOR @ WSH,3:45 PM,27/07,Scheduled,0.682862118629315,,,,False,1111011000,estimated,0,0,0.0,0.2771301939377865,0.3208987368536394,0.3553175208005659,0.3587897334382569,0.22538499173098359,20,1,-0.013461924854329926,1.04,20.5,F,0.215962441314554,1.1872488435731807,0.43520204290428843,0.14180650498440375,6,46,0,0.25949367088607594,0.24603174603174602,0.4823529411764706,0.3623529411764706,0.15529411764705883,0.26671565025716387,0.2551928783382789,0.2647058823529412,0.2631122670134374,0.2827586206896552,164,0.22302158273381295,165,False,False,0.6304988418961815,0.05236327673313346,3.264367816091954,3.781609195402299,87,,,,,,,-0.026321380717546104,20,10.23,1.73,22.0,1.0,4.0,14.0,11.0,0.0,0.0,0.0,6.0,SP,6.0,102.0,27.0,17.0,5.73,4.5,11.05,3.68,17.055485209579633
668709,Jj Bleday,L,CIN,3,Slade Cecconi,R,677944.0,824490,CLE @ CIN,4:10 PM,27/07,Scheduled,0.682862118629315,,,,False,1111100111,estimated,0,0,0.0,0.23797087960822488,0.3692502464666551,0.2890015000643461,0.3446882688580983,0.2678284152640917,20,1,-0.08946474086661002,1.083,44.6,D,0.26365237815619497,2.6200953619964724,0.4156959126477068,0.18304633631094253,20,4,0,0.3090909090909091,0.21962616822429906,0.7271655863288156,0.2498526812021214,0.022981732469063054,0.21435406698564594,0.2413223140495868,0.2513274336283186,0.23191011235955056,0.22560975609756098,196,0.2571428571428571,121,False,False,0.6321218100138096,0.05074030861550538,3.5866666666666664,4.226666666666667,75,,,,,,,0.07359047658242528,20,4.6,1.45,103.2,4.0,7.0,82.0,34.0,0.0,0.0,0.0,20.0,SP,20.0,455.0,116.0,22.8,7.12,2.95,10.07,1.3,22.793051610783674
664761,Alec Bohm,R,PHI,4,Tyler Phillips,R,663969.0,823839,PHI @ MIA,3:40 PM,27/07,Scheduled,0.6804425573338492,,,,False,0101101100,estimated,2,0,0.0,0.20945995984327248,0.32108183584219707,0.5183682852560552,0.25387721551658193,0.15091256138930545,20,1,-0.016483516483516508,1.0,52.5,C,0.2935206869633099,1.643924946916217,0.3854938045255338,0.1553452833406549,20,5,0,0.23076923076923078,0.21428571428571427,0.3442622950819672,0.41842310694769713,0.2373145979703357,0.19378427787934185,0.17598908594815826,0.2446351931330472,0.19348659003831417,0.21226415094339623,230,0.23076923076923078,176,False,False,0.6734922239771085,0.006950333356740668,3.717171717171717,4.101010101010101,99,,,,,,,-0.05568377970994603,20,3.52,1.39,79.1,2.0,5.0,58.0,36.0,2.0,1.0,3.0,10.0,RP,26.0,342.0,74.0,13.2,6.58,4.08,8.39,1.02,16.195174479707354
805779,Jacob Wilson,R,ATH,1,Payton Tolle,L,801139.0,824977,BOS @ ATH,6:40 PM,27/07,Scheduled,0.6803635370481178,-270.0,285.0,73.0,False,1111111100,estimated,0,0,0.0,0.26074926989255803,0.3154829522929081,0.27809799326194434,0.29948669285420876,0.08977815653006466,20,1,-0.0009585889570551953,0.977,81.3,A,0.2823529411764706,3.7763850161003463,0.35463099800389886,0.27427431419242576,16,6,0,0.28125,0.2822085889570552,0.8889705882352941,0.07941176470588235,0.03161764705882353,0.28778821520068315,0.28888888888888886,0.2760416666666667,0.2864637985309549,0.29559748427672955,167,0.26,106,False,False,0.6861535790728054,-0.0057900420246875806,4.046875,4.265625,64,,,,,,,0.16738468787868194,20,3.31,1.1,89.2,5.0,6.0,96.0,26.0,0.0,0.0,0.0,16.0,SP,16.0,367.0,73.0,22.9,9.64,2.61,7.33,0.9,22.819356670943762
650333,Luis Arráez,L,SF,1,Brandon Sproat,R,687075.0,823195,MIL @ SF,6:45 PM,27/07,Scheduled,0.6803635370481178,,,,False,1101110011,estimated,0,0,0.0,0.3110302971928517,0.3153963621780561,0.12277615466549754,0.36127389584166597,0.0855289208889962,20,1,-0.014922623434045712,0.994,44.2,D,0.2724358974358974,2.1779292455416823,0.41893980581394963,0.2498702450542896,19,5,0,0.33695652173913043,0.3220338983050847,0.7156862745098039,0.20392156862745098,0.0803921568627451,0.369778236204229,0.3389830508474576,0.32124352331606215,0.3552717747216765,0.3793103448275862,253,0.24516129032258063,176,False,False,0.6848860428897431,-0.0045225058416252795,3.9896907216494846,4.422680412371134,97,,,,,,,0.1526781710959625,20,5.09,1.38,86.2,3.0,5.0,91.0,43.0,0.0,0.0,0.0,17.0,SP,19.0,373.0,77.0,19.6,9.45,4.47,8.0,1.66,19.813999792104983
678882,Ceddanne Rafaela,R,BOS,2,Jack Perkins,R,678022.0,824977,BOS @ ATH,6:40 PM,27/07,Scheduled,0.679607148970752,,,,False,1111110110,estimated,0,0,0.0,0.2568924692347684,0.29959059947969213,0.36638321587750194,0.3324996296872515,0.198006158422926,20,1,0.0019242002542693148,0.977,62.3,C,0.30213903743315507,2.690956760074783,0.36870758558877686,0.24740596555202818,20,5,0,0.27522935779816515,0.27715355805243447,0.48574057037718493,0.32290708371665133,0.19135234590616376,0.28298397040690504,0.2597402597402597,0.24188790560471976,0.27150259067357513,0.27111111111111114,240,0.2847682119205298,162,False,False,0.672734920696127,0.006872228274625081,3.9166666666666665,4.1875,96,,,,,,,-0.0309225747751303,20,6.75,1.42,62.2,2.0,5.0,76.0,24.0,3.0,2.0,5.0,7.0,RP,25.0,285.0,65.0,11.4,10.91,3.45,9.34,1.58,14.592087345877761
680757,Steven Kwan,L,CLE,1,Chase Burns,R,695505.0,824490,CLE @ CIN,4:10 PM,27/07,Scheduled,0.6788959939847315,-138.0,150.0,58.0,False,1111101111,estimated,0,0,0.0,0.42969237953496475,0.4164892802067953,0.06291703242454928,0.46477511122334286,0.07008621670973089,20,1,0.12722222222222224,1.083,76.2,B,0.29411764705882354,2.9283063432285985,0.35780466081087686,0.28333176116064657,19,5,0,0.1527777777777778,0.28,0.5707013574660633,0.375,0.05429864253393665,0.25045045045045045,0.23774954627949182,0.23404255319148937,0.2457859662877303,0.25,209,0.2537313432835821,176,False,False,0.6783396127876898,0.000556381197041711,3.389473684210526,4.052631578947368,95,,,,,,,0.39545731887456936,20,2.42,1.11,107.2,12.0,1.0,124.0,39.0,0.0,0.0,0.0,19.0,SP,19.0,433.0,80.0,22.8,10.37,3.26,6.69,1.0,22.76766630807763
663886,Tyler Stephenson,R,CIN,7,Slade Cecconi,R,677944.0,824490,CLE @ CIN,4:10 PM,27/07,Scheduled,0.6783396127876898,,,,False,1110110110,estimated,0,0,0.0,0.3494948888139722,0.4553805301980383,0.4697637658747232,0.4713633559121378,0.20140962085159994,20,1,0.03460837887067397,1.083,44.6,D,0.26365237815619497,2.6200953619964724,0.4156959126477068,0.18304633631094253,20,4,0,0.2222222222222222,0.2568306010928962,0.7271655863288156,0.2498526812021214,0.022981732469063054,0.22757847533632286,0.249185667752443,0.16521739130434782,0.2264367816091954,0.22695035460992907,160,0.2761904761904762,117,False,False,0.6089465207936511,0.06939309199403876,3.236842105263158,3.6447368421052633,76,,,,,,,0.17798670253258925,20,4.6,1.45,103.2,4.0,7.0,82.0,34.0,0.0,0.0,0.0,20.0,SP,20.0,455.0,116.0,22.8,7.12,2.95,10.07,1.3,22.793051610783674
693307,Dillon Dingler,R,DET,3,Kyle Bradish,R,680694.0,824245,BAL @ DET,3:40 PM,27/07,Scheduled,0.6783396127876898,,,,False,0110111100,estimated,0,0,0.0,0.3065466783844642,0.3520371937148247,0.37432468915523276,0.401053022747203,0.2198965658702787,20,1,-0.017833840800348,1.004,60.4,C,0.27867095391211144,2.094391614786482,0.3801828856395922,0.2206827990377907,20,4,0,0.2809917355371901,0.2631578947368421,0.5126005361930295,0.4873994638069705,0.0,0.2573208722741433,0.21297602256699577,0.301994301994302,0.2510303484451105,0.2564102564102564,215,0.2857142857142857,176,False,False,0.6734922239771085,0.004847388810581332,3.6736842105263157,4.11578947368421,95,,,,,,,0.016013257419255383,20,3.49,1.32,113.1,7.0,9.0,110.0,51.0,0.0,0.0,0.0,20.0,SP,20.0,477.0,99.0,23.9,8.74,4.05,7.86,0.95,24.236551203988842
543807,George Springer,R,TOR,4,Andrew Alvarez,L,674841.0,822705,TOR @ WSH,3:45 PM,27/07,Scheduled,0.6783396127876898,,,,False,1011110101,estimated,0,0,0.0,0.2773030998559195,0.2833126336503079,0.4162042186424408,0.3539368435509216,0.17909530940740134,20,1,-0.03054700449917122,1.04,33.4,F,0.28632938643702904,2.164470748007196,0.4566940366803683,0.2295281675538486,14,6,0,0.2073170731707317,0.23786407766990292,0.4241119483315393,0.5468245425188375,0.02906350914962325,0.23832092078537576,0.24025974025974026,0.18006430868167203,0.23182173573103987,0.23295454545454544,202,0.22321428571428573,125,False,False,0.6691503683706674,0.009189244417022402,3.891891891891892,4.418918918918919,74,,,,,,,0.12931356681847972,20,4.22,1.5,53.1,2.0,3.0,55.0,25.0,1.0,0.0,1.0,7.0,RP,14.0,233.0,55.0,16.6,9.28,4.22,9.28,0.34,17.351151777486397
669477,Casey Schmitt,R,SF,4,Brandon Sproat,R,687075.0,823195,MIL @ SF,6:45 PM,27/07,Scheduled,0.6783396127876898,,,,False,1110100111,estimated,0,0,0.0,0.21049756404183906,0.33931886186506444,0.5361447679603979,0.3075763025004829,0.2153621893179956,20,1,-0.051015901060070645,0.994,44.2,D,0.2724358974358974,2.1779292455416823,0.41893980581394963,0.2498702450542896,19,5,0,0.3125,0.26148409893992935,0.7156862745098039,0.20392156862745098,0.0803921568627451,0.2530940594059406,0.22866174920969443,0.2542372881355932,0.245204046041158,0.2577777777777778,232,0.2987012987012987,168,False,False,0.672734920696127,0.005604692091562891,4.031914893617022,4.25531914893617,94,,,,,,,0.05735598897505326,20,5.09,1.38,86.2,3.0,5.0,91.0,43.0,0.0,0.0,0.0,17.0,SP,19.0,373.0,77.0,19.6,9.45,4.47,8.0,1.66,19.813999792104983
805808,Kevin Mcgonigle,L,DET,1,Kyle Bradish,R,680694.0,824245,BAL @ DET,3:40 PM,27/07,Scheduled,0.6783396127876898,,,,False,1001111110,estimated,0,0,0.0,0.24170189428832695,0.2937278208320482,0.40571696539587315,0.2960765165024104,0.16408807889453947,20,1,0.05888488845519699,1.004,60.4,C,0.27867095391211144,2.094391614786482,0.3801828856395922,0.2206827990377907,20,4,0,0.23008849557522124,0.2889733840304182,0.5126005361930295,0.4873994638069705,0.0,0.2724703222159412,0.28830645161290325,0.2708333333333333,0.27664670658682633,0.27896995708154504,272,0.25874125874125875,173,True,False,0.682862118629315,-0.0045225058416251684,3.76,4.45,100,,,,,,,0.04425779253260293,20,3.49,1.32,113.1,7.0,9.0,110.0,51.0,0.0,0.0,0.0,20.0,SP,20.0,477.0,99.0,23.9,8.74,4.05,7.86,0.95,24.236551203988842
672515,Gabriel Moreno,R,AZ,4,Mitch Keller,R,656605.0,823353,AZ @ PIT,3:40 PM,27/07,Scheduled,0.6780147298187339,,,,False,1110111111,estimated,0,0,0.0,0.3915331983228927,0.45064498367375316,0.3510192832409113,0.463907725348934,0.12071720725771813,20,1,0.05211912943871705,1.013,33.7,F,0.2609447004608295,2.200349348875063,0.43439162128259434,0.18209725038448973,20,4,0,0.2777777777777778,0.32989690721649484,0.570028818443804,0.34178674351585014,0.08818443804034583,0.32865400495458297,0.3180473372781065,0.3188405797101449,0.320970695970696,0.3032258064516129,175,0.3333333333333333,138,False,False,0.6649479005640299,0.013066829254704038,3.4545454545454546,4.064935064935065,77,,,,,,,0.3143646259253717,20,4.9,1.31,108.1,6.0,7.0,83.0,37.0,0.0,0.0,0.0,20.0,SP,20.0,464.0,105.0,23.2,6.9,3.07,8.72,1.08,22.983764128158732
682998,Corbin Carroll,L,AZ,3,Mitch Keller,R,656605.0,823353,AZ @ PIT,3:40 PM,27/07,Scheduled,0.6780147298187339,-186.0,212.0,65.0,False,0010111110,estimated,1,0,0.0,0.1605785417191143,0.2789309110317506,0.47513862638032256,0.23110751851471323,0.2846239478390007,20,1,-0.18730761922857686,1.013,33.7,F,0.2609447004608295,2.200349348875063,0.43439162128259434,0.18209725038448973,20,4,0,0.3894736842105263,0.20216606498194944,0.570028818443804,0.34178674351585014,0.08818443804034583,0.2406057206954571,0.28136419001218027,0.20194174757281552,0.24479333546940082,0.26495726495726496,262,0.2246376811594203,168,False,False,0.6387193719775501,0.039295357841183765,3.72,4.3,100,,,,,,,-0.08989605010437642,20,4.9,1.31,108.1,6.0,7.0,83.0,37.0,0.0,0.0,0.0,20.0,SP,20.0,464.0,105.0,23.2,6.9,3.07,8.72,1.08,22.983764128158732
656811,Ryan O'Hearn,L,PIT,6,Merrill Kelly,R,518876.0,823353,AZ @ PIT,3:40 PM,27/07,Scheduled,0.6772574265377523,,,,False,0100010011,estimated,0,0,0.0,0.24419069291740222,0.33174642404303306,0.5127889876406057,0.32119701468770034,0.27080838670467394,20,1,0.09301714165527394,1.013,21.5,F,0.2456246228123114,1.7513758344826067,0.46776978516241063,0.14761454737618726,18,4,0,0.20270270270270271,0.29571984435797666,0.5130224106602059,0.22652937613567534,0.2604482132041187,0.2665684830633284,0.2496969696969697,0.26666666666666666,0.26139088729016785,0.25274725274725274,205,0.30201342281879195,163,False,False,0.6053683410528167,0.07188908548493567,3.7191011235955056,4.134831460674158,89,,,,,,,-0.03268320292839279,20,5.12,1.48,103.2,8.0,8.0,65.0,41.0,0.0,0.0,0.0,18.0,SP,18.0,451.0,112.0,25.1,5.64,3.56,9.72,1.91,24.721412713805172
665489,Vladimir Guerrero,R,TOR,3,Andrew Alvarez,L,674841.0,822705,TOR @ WSH,3:45 PM,27/07,Scheduled,0.6761194011731074,-212.0,270.0,68.0,False,0110001111,estimated,0,0,0.0,0.30012047223995464,0.3412079860642273,0.3742078581271725,0.3640738210210767,0.18607162120596243,20,1,-0.004120879120879106,1.04,33.4,F,0.28632938643702904,2.164470748007196,0.4566940366803683,0.2295281675538486,14,6,0,0.26373626373626374,0.26785714285714285,0.4241119483315393,0.5468245425188375,0.02906350914962325,0.26551312649164677,0.2582278481012658,0.23564954682779457,0.26097822206354876,0.2446351931330472,262,0.30434782608695654,164,False,False,0.6607750095727024,0.015344391600405016,3.71,4.26,100,,,,,,,0.10279490666220893,20,4.22,1.5,53.1,2.0,3.0,55.0,25.0,1.0,0.0,1.0,7.0,RP,14.0,233.0,55.0,16.6,9.28,4.22,9.28,0.34,17.351151777486397
663757,Trent Grisham,L,NYY,1,Noah Schultz,L,702273.0,824570,NYY @ CWS,4:40 PM,27/07,Scheduled,0.6761194011731074,,,,False,1000101000,estimated,0,0,0.0,0.1358452435974629,0.25368934682787714,0.40247676029242196,0.17407324310356162,0.12759504886980574,20,1,0.11422578184591914,0.968,34.0,F,0.2649746192893401,1.770586448082129,0.40274601049068587,0.1878690209324914,12,5,0,0.3026315789473684,0.18840579710144928,0.683248730964467,0.21421319796954313,0.10253807106598985,0.2334047109207709,0.22202486678507993,0.21037463976945245,0.22687986171132238,0.23636363636363636,192,0.19491525423728814,139,False,True,0.6783396127876898,-0.0022202116145824125,3.451219512195122,4.036585365853658,82,,,,,,,-0.14502501958412908,20,6.04,1.46,56.2,3.0,7.0,49.0,29.0,0.0,0.0,0.0,12.0,SP,12.0,253.0,54.0,21.1,7.78,4.61,8.58,1.43,21.257056210477344
592885,Christian Yelich,L,MIL,1,Tyler Mahle,R,641816.0,823195,MIL @ SF,6:45 PM,27/07,Scheduled,0.6746665605127452,,,,False,1111101111,estimated,0,0,0.0,0.20759890609278886,0.3023561850802388,0.4819289321456642,0.3021542538636117,0.21092807710195796,20,1,-0.013636363636363641,0.994,52.6,C,0.2663316582914573,2.3989442552295586,0.36774204016818657,0.20783670954548228,16,5,0,0.25,0.23636363636363636,0.6534867002156722,0.09489575844716032,0.2516175413371675,0.2297111416781293,0.19432624113475178,0.27722772277227725,0.22466216216216217,0.22875816993464052,173,0.25217391304347825,133,False,False,0.6690618684211825,0.0056046920915626686,3.9411764705882355,4.5,68,,,,,,,0.15078384750650803,20,5.31,1.45,83.0,2.0,9.0,77.0,33.0,0.0,0.0,0.0,16.0,SP,16.0,359.0,87.0,22.4,8.35,3.58,9.43,1.41,22.536309837061587
665161,Jeremy Peña,R,HOU,1,Walbert Ureña,R,700712.0,824001,HOU @ LAA,6:38 PM,27/07,Scheduled,0.67362081959191,,,,False,1101111111,estimated,3,2,0.6666666666666666,0.4084552498031035,0.4266884051427116,0.46214424374222185,0.5421169013260851,0.19119931362609327,20,1,0.10310030395136777,0.979,72.3,B,0.2858094603597602,1.7830329336483772,0.3212127798988726,0.2198147295098093,17,5,0,0.23404255319148937,0.33714285714285713,0.5233957219251337,0.15307486631016043,0.3235294117647059,0.32946145723336856,0.3,0.3093220338983051,0.31564551422319476,0.3219178082191781,160,0.3026315789473684,86,False,True,0.6848860428897431,-0.011265223297833082,3.8947368421052633,4.315789473684211,57,,,,,,,0.32816662987636935,20,2.78,1.31,87.1,6.0,7.0,83.0,47.0,0.0,0.0,0.0,16.0,SP,18.0,378.0,67.0,21.0,8.55,4.84,6.9,0.52,22.339291289977027
700250,Ben Rice,L,NYY,2,Noah Schultz,L,702273.0,824570,NYY @ CWS,4:40 PM,27/07,Scheduled,0.6731434586805998,,,,False,1111111000,estimated,0,0,0.0,0.2627844927485313,0.4005936678193768,0.5537595799568408,0.3537100119909437,0.3140540217856788,20,1,-0.03583628958086982,0.968,34.0,F,0.2649746192893401,1.770586448082129,0.40274601049068587,0.1878690209324914,12,5,0,0.24806201550387597,0.2838983050847458,0.683248730964467,0.21421319796954313,0.10253807106598985,0.24731182795698925,0.2619279454722493,0.24171539961013644,0.25237127371273715,0.2545454545454545,247,0.296551724137931,173,False,True,0.648084094935441,0.025059363745158825,3.7244897959183674,4.285714285714286,98,,,,,,,-0.07631491408892926,20,6.04,1.46,56.2,3.0,7.0,49.0,29.0,0.0,0.0,0.0,12.0,SP,12.0,253.0,54.0,21.1,7.78,4.61,8.58,1.43,21.257056210477344
670541,Yordan Álvarez,L,HOU,2,Walbert Ureña,R,700712.0,824001,HOU @ LAA,6:38 PM,27/07,Scheduled,0.672734920696127,-186.0,233.0,65.0,False,1111111110,estimated,2,1,0.5,0.38001519407105605,0.3990382493464085,0.5139215908672119,0.4399971752129361,0.17289538845771557,20,1,0.08565908115070847,0.979,72.3,B,0.2858094603597602,1.7830329336483772,0.3212127798988726,0.2198147295098093,17,5,0,0.2647058823529412,0.35036496350364965,0.5233957219251337,0.15307486631016043,0.3235294117647059,0.3340391741662255,0.29350348027842227,0.3943894389438944,0.33530455351862803,0.3603238866396761,291,0.26356589147286824,160,False,True,0.6803635370481178,-0.007628616351990858,3.650485436893204,4.378640776699029,103,,,,,,,0.1921117397621569,20,2.78,1.31,87.1,6.0,7.0,83.0,47.0,0.0,0.0,0.0,16.0,SP,18.0,378.0,67.0,21.0,8.55,4.84,6.9,0.52,22.339291289977027
694384,Nolan Schanuel,L,LAA,3,Tatsuya Imai,R,837227.0,824001,HOU @ LAA,6:38 PM,27/07,Scheduled,0.672446348898163,,,,False,1101111011,estimated,3,0,0.0,0.3428844042935689,0.35163635832536033,0.2473119211167609,0.42498834588136125,0.12179241764610073,20,1,0.0218243927125506,0.979,31.6,F,0.291331546023235,1.5730726814313394,0.43269900301644565,0.2550579355578189,14,5,0,0.265625,0.2874493927125506,0.47942754919499103,0.4606440071556351,0.05992844364937388,0.29112964366944655,0.2859237536656892,0.34174311926605505,0.2988975091874234,0.296875,211,0.2605042016806723,138,False,True,0.6644403552088263,0.008005993689336743,3.746987951807229,4.204819277108434,83,,,,,,,0.26805479483606715,20,5.59,1.47,58.0,6.0,4.0,71.0,36.0,0.0,0.0,0.0,14.0,SP,14.0,258.0,49.0,18.4,11.02,5.59,7.6,1.4,18.76162935724282
695734,Daylen Lile,L,WSH,7,Max Scherzer,R,453286.0,822705,TOR @ WSH,3:45 PM,27/07,Scheduled,0.6715968953314819,,,,False,0011011001,estimated,0,0,0.0,0.1844922417966558,0.337335443099188,0.45632016243167534,0.2587991321868617,0.2281272142468174,20,1,-0.032981698017285205,1.04,20.5,F,0.215962441314554,1.1872488435731807,0.43520204290428843,0.14180650498440375,6,46,0,0.26785714285714285,0.23487544483985764,0.4823529411764706,0.3623529411764706,0.15529411764705883,0.20457796852646637,0.21935483870967742,0.23863636363636365,0.21368821292775667,0.23394495412844038,235,0.2571428571428571,194,False,False,0.5993711661909612,0.07222572914052072,3.8529411764705883,4.205882352941177,102,,,,,,,-0.22743260503297233,20,10.23,1.73,22.0,1.0,4.0,14.0,11.0,0.0,0.0,0.0,6.0,SP,6.0,102.0,27.0,17.0,5.73,4.5,11.05,3.68,17.055485209579633
678011,Anthony Seigler,L,BOS,1,Jack Perkins,R,678022.0,824977,BOS @ ATH,6:40 PM,27/07,Scheduled,0.669819171702164,,,,False,1001100110,estimated,0,0,0.0,0.22242656535214977,0.2801769835785922,0.3303712406132455,0.2446208913837823,0.1599480102496277,20,1,0.020270270270270285,0.977,62.3,C,0.30213903743315507,2.690956760074783,0.36870758558877686,0.24740596555202818,20,5,0,0.25,0.2702702702702703,0.48574057037718493,0.32290708371665133,0.19135234590616376,0.27850877192982454,0.19786096256684493,0.23770491803278687,0.2519480519480519,0.2647058823529412,75,0.2647058823529412,40,False,False,0.6746665605127452,-0.004847388810581221,3.5172413793103448,3.9655172413793105,29,,,,,,,-0.044329421361920945,20,6.75,1.42,62.2,2.0,5.0,76.0,24.0,3.0,2.0,5.0,7.0,RP,25.0,285.0,65.0,11.4,10.91,3.45,9.34,1.58,14.592087345877761
677587,Brayan Rocchio,L,CLE,4,Chase Burns,R,695505.0,824490,CLE @ CIN,4:10 PM,27/07,Scheduled,0.6691503683706674,,,,False,1101111010,estimated,0,0,0.0,0.27778534573521363,0.2758000256159284,0.3649761717207061,0.3436800770192521,0.17438838439185647,20,1,-0.02154708037060976,1.083,76.2,B,0.29411764705882354,2.9283063432285985,0.35780466081087686,0.28333176116064657,19,5,0,0.28205128205128205,0.2605042016806723,0.5707013574660633,0.375,0.05429864253393665,0.2553191489361702,0.26160990712074306,0.234375,0.2546928327645051,0.2640449438202247,199,0.2711864406779661,196,False,False,0.6783396127876898,-0.009189244417022402,3.480392156862745,3.872549019607843,102,,,,,,,0.1692913983633905,20,2.42,1.11,107.2,12.0,1.0,124.0,39.0,0.0,0.0,0.0,19.0,SP,19.0,433.0,80.0,22.8,10.37,3.26,6.69,1.0,22.76766630807763
596146,Max Kepler,L,AZ,5,Mitch Keller,R,656605.0,823353,AZ @ PIT,3:40 PM,27/07,Scheduled,0.6690618684211825,,,,False,1110110010,estimated,0,0,0.0,0.17947817581843856,0.23634220693425037,0.4740910896508309,0.25361172184272845,0.18446979011570935,20,1,0.0,1.013,33.7,F,0.2609447004608295,2.200349348875063,0.43439162128259434,0.18209725038448973,20,4,0,,0.21428571428571427,0.570028818443804,0.34178674351585014,0.08818443804034583,0.19718309859154928,0.16417910447761194,0.1746031746031746,0.18472906403940886,0.3225806451612903,35,0.10344827586206896,32,False,False,0.6438052349347781,0.02525663348640439,3.0,3.35,20,,,,,,,-0.07076824393249737,20,4.9,1.31,108.1,6.0,7.0,83.0,37.0,0.0,0.0,0.0,20.0,SP,20.0,464.0,105.0,23.2,6.9,3.07,8.72,1.08,22.983764128158732
607208,Trea Turner,R,PHI,1,Tyler Phillips,R,663969.0,823839,PHI @ MIA,3:40 PM,27/07,Scheduled,0.6689705676892723,-212.0,245.0,68.0,False,0111111001,estimated,3,0,0.0,0.2593907294750161,0.3599184602087862,0.5816283588159628,0.3812342204994236,0.25045794806377025,20,1,-0.012170138042046724,1.0,52.5,C,0.2935206869633099,1.643924946916217,0.3854938045255338,0.1553452833406549,20,5,0,0.2469879518072289,0.23481781376518218,0.3442622950819672,0.41842310694769713,0.2373145979703357,0.21876620010368067,0.2179386309992132,0.23095823095823095,0.21930309734513273,0.22988505747126436,280,0.2565789473684211,166,False,False,0.6613633482385701,0.007607219450702196,4.089108910891089,4.415841584158416,101,,,,,,,-0.024590650555799266,20,3.52,1.39,79.1,2.0,5.0,58.0,36.0,2.0,1.0,3.0,10.0,RP,26.0,342.0,74.0,13.2,6.58,4.08,8.39,1.02,16.195174479707354
624641,Edmundo Sosa,R,PHI,5,Tyler Phillips,R,663969.0,823839,PHI @ MIA,3:40 PM,27/07,Scheduled,0.6689705676892723,,,,False,0110100010,estimated,0,0,0.0,0.20509793510452634,0.3569842704288467,0.4669026374722629,0.2327018107862407,0.15546200147658915,20,1,0.01279181323952669,1.0,52.5,C,0.2935206869633099,1.643924946916217,0.3854938045255338,0.1553452833406549,20,5,0,0.20754716981132076,0.22033898305084745,0.3442622950819672,0.41842310694769713,0.2373145979703357,0.20170940170940171,0.21910112359550563,0.1890547263681592,0.20454545454545456,0.17204301075268819,102,0.2638888888888889,78,False,False,0.6690618684211825,-9.130073191021548e-05,2.8448275862068964,3.103448275862069,58,,,,,,,-0.06452105300227869,20,3.52,1.39,79.1,2.0,5.0,58.0,36.0,2.0,1.0,3.0,10.0,RP,26.0,342.0,74.0,13.2,6.58,4.08,8.39,1.02,16.195174479707354
691176,Jasson Domínguez,L,NYY,5,Noah Schultz,L,702273.0,824570,NYY @ CWS,4:40 PM,27/07,Scheduled,0.6686209528389743,,,,False,1011011111,estimated,0,0,0.0,0.25560318366733836,0.3384756949088653,0.3599645087796841,0.3220373895003991,0.17398628314451847,20,1,0.059647979139504564,0.968,34.0,F,0.2649746192893401,1.770586448082129,0.40274601049068587,0.1878690209324914,12,5,0,0.2711864406779661,0.21153846153846154,0.683248730964467,0.21421319796954313,0.10253807106598985,0.19936204146730463,0.18518518518518517,0.2375,0.20672268907563024,0.19148936170212766,101,0.2898550724637681,73,False,True,0.6514625505323987,0.017158402306575615,3.7906976744186047,4.046511627906977,43,,,,,,,0.3117256385690103,20,6.04,1.46,56.2,3.0,7.0,49.0,29.0,0.0,0.0,0.0,12.0,SP,12.0,253.0,54.0,21.1,7.78,4.61,8.58,1.43,21.257056210477344
800050,Chase Delauter,L,CLE,3,Chase Burns,R,695505.0,824490,CLE @ CIN,4:10 PM,27/07,Scheduled,0.6686209528389743,,,,False,0111111101,estimated,0,0,0.0,0.31984831526903784,0.32415737776902687,0.5712708807479412,0.3844657475058337,0.141539592354729,20,2,-0.1415161427961883,1.083,76.2,B,0.29411764705882354,2.9283063432285985,0.35780466081087686,0.28333176116064657,19,5,0,0.38202247191011235,0.24050632911392406,0.5707013574660633,0.375,0.05429864253393665,0.271889400921659,0.23922734026745915,0.2128099173553719,0.2498993963782696,0.25139664804469275,203,0.3129251700680272,160,False,False,0.6734922239771085,-0.004871271138134237,3.7471264367816093,4.172413793103448,87,,,,,,,0.20063459137079073,20,2.42,1.11,107.2,12.0,1.0,124.0,39.0,0.0,0.0,0.0,19.0,SP,19.0,433.0,80.0,22.8,10.37,3.26,6.69,1.0,22.76766630807763
545121,Ildemaro Vargas,L,AZ,7,Mitch Keller,R,656605.0,823353,AZ @ PIT,3:40 PM,27/07,Scheduled,0.6686209528389743,,,,False,0101111111,estimated,1,1,1.0,0.2774576486037049,0.3305444629943486,0.47319955083627663,0.3034661718738381,0.06210060129578892,20,1,-0.06192339274501277,1.013,33.7,F,0.2609447004608295,2.200349348875063,0.43439162128259434,0.18209725038448973,20,4,0,0.3106796116504854,0.24875621890547264,0.570028818443804,0.34178674351585014,0.08818443804034583,0.28110161443494774,0.27796610169491526,0.2623376623376623,0.27630285152409045,0.27607361963190186,173,0.2624113475177305,154,False,False,0.6402849657613031,0.028335987077671154,3.5764705882352943,3.847058823529412,85,,,,,,,0.06642543657022366,20,4.9,1.31,108.1,6.0,7.0,83.0,37.0,0.0,0.0,0.0,20.0,SP,20.0,464.0,105.0,23.2,6.9,3.07,8.72,1.08,22.983764128158732
668930,Brice Turang,L,MIL,3,Tyler Mahle,R,641816.0,823195,MIL @ SF,6:45 PM,27/07,Scheduled,0.6679238430565375,,,,False,1010010111,estimated,0,0,0.0,0.2943429742594151,0.3583977708561338,0.4152579681200442,0.3576747107290626,0.17655287373499573,20,1,0.08812796289348929,0.994,52.6,C,0.2663316582914573,2.3989442552295586,0.36774204016818657,0.20783670954548228,16,5,0,0.2018348623853211,0.2899628252788104,0.6534867002156722,0.09489575844716032,0.2516175413371675,0.2476840565577767,0.25691699604743085,0.29159212880143115,0.25569898379566053,0.24796747967479674,276,0.29545454545454547,168,False,False,0.6649479005640299,0.002975942492507655,3.8969072164948453,4.577319587628866,97,,,,,,,0.11808105131385868,20,5.31,1.45,83.0,2.0,9.0,77.0,33.0,0.0,0.0,0.0,16.0,SP,16.0,359.0,87.0,22.4,8.35,3.58,9.43,1.41,22.536309837061587
547180,Bryce Harper,L,PHI,3,Tyler Phillips,R,663969.0,823839,PHI @ MIA,3:40 PM,27/07,Scheduled,0.6654861430829792,-186.0,212.0,65.0,False,1111011000,estimated,1,0,0.0,0.1340686688203926,0.25688420618475605,0.3025020482471215,0.2074425127719931,0.321902258808295,20,1,0.13785803237858033,1.0,52.5,C,0.2935206869633099,1.643924946916217,0.3854938045255338,0.1553452833406549,20,5,0,0.17123287671232876,0.3090909090909091,0.3442622950819672,0.41842310694769713,0.2373145979703357,0.24040550325850832,0.22598353156450138,0.26695842450765866,0.23941754148323738,0.26495726495726496,273,0.23484848484848486,164,False,False,0.6334551160519002,0.03203102703107896,3.5533980582524274,4.242718446601942,103,,,,,,,-0.18627108485343244,20,3.52,1.39,79.1,2.0,5.0,58.0,36.0,2.0,1.0,3.0,10.0,RP,26.0,342.0,74.0,13.2,6.58,4.08,8.39,1.02,16.195174479707354
662139,Daulton Varsho,L,TOR,6,Andrew Alvarez,L,674841.0,822705,TOR @ WSH,3:45 PM,27/07,Scheduled,0.6654773160957228,,,,False,0101111011,estimated,0,0,0.0,0.23781705402848444,0.27834722331677947,0.2833896981567638,0.26388216852976704,0.14187014433693534,20,1,-0.05806451612903224,1.04,33.4,F,0.28632938643702904,2.164470748007196,0.4566940366803683,0.2295281675538486,14,6,0,0.2,0.25806451612903225,0.4241119483315393,0.5468245425188375,0.02906350914962325,0.26410835214446954,0.24055944055944056,0.2153846153846154,0.2518422193324664,0.24861878453038674,200,0.2440944881889764,138,False,False,0.6485597852601301,0.016917530835592665,3.5813953488372094,3.9302325581395348,86,,,,,,,-0.0007258015033313113,20,4.22,1.5,53.1,2.0,3.0,55.0,25.0,1.0,0.0,1.0,7.0,RP,14.0,233.0,55.0,16.6,9.28,4.22,9.28,0.34,17.351151777486397
670623,Isaac Paredes,R,HOU,3,Walbert Ureña,R,700712.0,824001,HOU @ LAA,6:38 PM,27/07,Scheduled,0.6650364005135146,,,,False,1111111101,estimated,1,0,0.0,0.3119937140696017,0.299152534354747,0.2733238769933969,0.36276548285158683,0.0978213740645493,20,1,0.021317829457364323,0.979,72.3,B,0.2858094603597602,1.7830329336483772,0.3212127798988726,0.2198147295098093,17,5,0,0.25,0.2713178294573643,0.5233957219251337,0.15307486631016043,0.3235294117647059,0.2630457933972311,0.2569573283858998,0.3360488798370672,0.2712257316719791,0.27705627705627706,258,0.2440944881889764,157,False,True,0.6783396127876898,-0.013303212274175191,3.6530612244897958,4.23469387755102,98,,,,,,,0.06563311958474767,20,2.78,1.31,87.1,6.0,7.0,83.0,47.0,0.0,0.0,0.0,16.0,SP,18.0,378.0,67.0,21.0,8.55,4.84,6.9,0.52,22.339291289977027
683737,Michael Busch,L,CHC,3,,R,,823025,CHC @ STL,4:45 PM,27/07,Scheduled,0.6650364005135146,,,,False,1111111101,estimated,0,0,0.0,0.2838400086138954,0.34306348359020333,0.4028914809871832,0.42832587048043763,0.2981554116685458,20,1,-0.07368421052631577,1.031,,,,,,,0,0,0,0.29473684210526313,0.22105263157894736,,,,0.22492012779552717,0.243680485338726,0.20750551876379691,0.23000660938532716,0.25116279069767444,260,0.22424242424242424,199,False,False,0.6523473033723953,0.012689097141119321,3.7254901960784315,4.5,102,,,,,,,0.17203847578763468,20,,,,,,,,,,,,,,,,,,,,,
671218,Heliot Ramos,R,SF,3,Brandon Sproat,R,687075.0,823195,MIL @ SF,6:45 PM,27/07,Scheduled,0.6649479005640299,,,,False,1111110001,estimated,0,0,0.0,0.21343118672883732,0.3701385893028975,0.4947630723412793,0.3362313809248331,0.3075912448781307,20,1,-0.022574257425742594,0.994,44.2,D,0.2724358974358974,2.1779292455416823,0.41893980581394963,0.2498702450542896,19,5,0,0.28,0.25742574257425743,0.7156862745098039,0.20392156862745098,0.0803921568627451,0.24379811804961504,0.24161073825503357,0.28125,0.2498772704958272,0.23870967741935484,161,0.29896907216494845,105,False,False,0.6571904572472427,0.007757443316787183,3.876923076923077,4.092307692307692,65,,,,,,,-0.0046324839506200885,20,5.09,1.38,86.2,3.0,5.0,91.0,43.0,0.0,0.0,0.0,17.0,SP,19.0,373.0,77.0,19.6,9.45,4.47,8.0,1.66,19.813999792104983
668227,Randy Arozarena,R,SEA,1,Kumar Rocker,R,677958.0,822868,SEA @ TEX,11:35 AM,27/07,Scheduled,0.6643392907310778,-150.0,170.0,60.0,False,1100110111,estimated,0,0,0.0,0.2606701698971079,0.36244181215131305,0.3892588340247123,0.3034816947282681,0.17504859003064885,20,1,0.0022818956032761295,0.964,47.0,D,0.26046221111805123,2.7256256694020125,0.4067941937530658,0.22148878806965888,19,5,0,0.27835051546391754,0.28063241106719367,0.565081351689612,0.37734668335419275,0.057571964956195244,0.2503008423586041,0.23210412147505424,0.2535211267605634,0.24527676499834272,0.2558139534883721,257,0.31851851851851853,154,False,False,0.6746665605127452,-0.010327269781667425,3.6458333333333335,4.28125,96,,,,,,,0.1123589135509108,20,4.13,1.31,96.0,3.0,8.0,86.0,36.0,0.0,0.0,0.0,17.0,SP,19.0,411.0,90.0,21.6,8.06,3.38,8.44,1.13,21.692769088610845
514888,José Altuve,R,HOU,4,Walbert Ureña,R,700712.0,824001,HOU @ LAA,6:38 PM,27/07,Scheduled,0.6636776712449605,,,,False,1110111010,estimated,1,1,1.0,0.22819288961083153,0.2419231399224469,0.3135969846052069,0.29193805582121135,0.18270826470855292,20,1,-0.033564814814814825,0.979,72.3,B,0.2858094603597602,1.7830329336483772,0.3212127798988726,0.2198147295098093,17,5,0,0.2604166666666667,0.22685185185185186,0.5233957219251337,0.15307486631016043,0.3235294117647059,0.22695035460992907,0.22441430332922319,0.17832167832167833,0.21992401857323765,0.23232323232323232,213,0.24561403508771928,131,False,True,0.6697232789187314,-0.006045607673770936,3.9,4.3,80,,,,,,,0.00516815106944684,20,2.78,1.31,87.1,6.0,7.0,83.0,47.0,0.0,0.0,0.0,16.0,SP,18.0,378.0,67.0,21.0,8.55,4.84,6.9,0.52,22.339291289977027
671739,Michael Harris,L,ATL,4,Zach Thornton,L,804267.0,823597,ATL @ NYM,4:10 PM,27/07,Scheduled,0.6636776712449605,,,,False,0111110111,estimated,0,0,0.0,0.30382498953483594,0.3136865024442248,0.42933086796087955,0.3859043918032876,0.17601843773609982,20,1,-0.0039380081300813274,0.949,58.7,C,0.2803738317757009,,,,4,5,0,0.296875,0.3008130081300813,0.8068535825545171,0.16199376947040497,0.03115264797507788,0.27837423312883436,0.2568922305764411,0.315,0.27894112998814696,0.29207920792079206,216,0.3081395348837209,182,False,True,0.6783396127876898,-0.014661941542729373,3.816326530612245,4.061224489795919,98,,,,,,,0.25385558375253775,20,1.93,0.86,23.1,1.0,1.0,17.0,6.0,0.0,0.0,0.0,4.0,SP,4.0,87.0,14.0,21.8,6.56,2.31,5.4,0.39,
663538,Nico Hoerner,R,CHC,6,,R,,823025,CHC @ STL,4:45 PM,27/07,Scheduled,0.6613633482385701,,,,False,0011111011,estimated,0,0,0.0,0.2559379736062697,0.39388109028086693,0.30298125793099184,0.29864494098506633,0.1422324403495622,20,1,-0.0010848003967270092,1.031,,,,,,,0,0,0,0.24770642201834864,0.24662162162162163,,,,0.23748473748473747,0.23590333716915995,0.25071225071225073,0.23909249563699825,0.26339285714285715,252,0.2265193370165746,200,False,False,0.6522196283649125,0.009143719873657585,4.00990099009901,4.475247524752476,101,,,,,,,0.239939430209443,20,,,,,,,,,,,,,,,,,,,,,
661388,William Contreras,R,MIL,4,Tyler Mahle,R,641816.0,823195,MIL @ SF,6:45 PM,27/07,Scheduled,0.6613633482385701,,,,False,0101100011,estimated,0,0,0.0,0.16578869080924935,0.2554218675130689,0.36924851504775463,0.23957055564324745,0.22591195072920323,20,1,-0.011547911547911516,0.994,52.6,C,0.2663316582914573,2.3989442552295586,0.36774204016818657,0.20783670954548228,16,5,0,0.2818181818181818,0.2702702702702703,0.6534867002156722,0.09489575844716032,0.2516175413371675,0.2908232118758435,0.24277456647398843,0.30434782608695654,0.27746319365798416,0.2818181818181818,245,0.26174496644295303,166,False,False,0.6537060326409495,0.0076573155976206175,3.84375,4.28125,96,,,,,,,-0.01083918884713411,20,5.31,1.45,83.0,2.0,9.0,77.0,33.0,0.0,0.0,0.0,16.0,SP,16.0,359.0,87.0,22.4,8.35,3.58,9.43,1.41,22.536309837061587
678246,Miguel Vargas,R,CWS,3,Max Fried,L,608331.0,824570,NYY @ CWS,4:40 PM,27/07,Scheduled,0.6613633482385701,,,,False,0111011001,estimated,0,0,0.0,0.21051250262941082,0.256513827148063,0.39824003754078735,0.26988163590318814,0.1731124598628026,20,1,-0.047978112905378345,0.968,80.2,A,0.28378378378378377,2.814206954490969,0.2963911641494039,0.23853035743515605,10,4,0,0.211864406779661,0.25984251968503935,0.6148648648648649,0.24549549549549549,0.13963963963963963,0.24792932081722804,0.2952586206896552,0.3093220338983051,0.26834170854271355,0.27111111111111114,260,0.20408163265306123,180,False,False,0.6734922239771085,-0.01212887573853838,3.6831683168316833,4.356435643564357,101,,,,,,,-0.15953019264868218,20,2.97,0.96,66.2,4.0,3.0,57.0,20.0,0.0,0.0,0.0,11.0,SP,11.0,256.0,44.0,23.3,7.7,2.7,5.94,0.13,22.541644390291673
621493,Taylor Ward,R,BAL,1,Keider Montero,R,672456.0,824245,BAL @ DET,3:40 PM,27/07,Scheduled,0.6610558747318458,,,,False,1010011111,estimated,0,0,0.0,0.2222019256940017,0.32459078108685807,0.3941103729471672,0.334973405422812,0.17049042695024422,20,1,0.004752851711026629,1.004,81.7,A,0.26973684210526316,5.353868820699747,0.34339310712372406,0.2195239331606047,20,4,0,0.25,0.25475285171102663,0.5369881109643329,0.32562747688243066,0.13738441215323646,0.26271604938271603,0.2309090909090909,0.2235294117647059,0.24877344877344879,0.25213675213675213,287,0.2550335570469799,187,False,False,0.6666605668234086,-0.00560469209156278,3.7184466019417477,4.601941747572815,103,,,,,,,-0.059796954889441804,20,3.14,0.96,106.0,7.0,5.0,78.0,22.0,1.0,0.0,1.0,16.0,SP,22.0,419.0,80.0,19.0,6.62,1.87,6.79,0.85,17.52265613822885
502671,Paul Goldschmidt,R,NYY,3,Noah Schultz,L,702273.0,824570,NYY @ CWS,4:40 PM,27/07,Scheduled,0.6609636372413538,,,,False,1100110011,estimated,0,0,0.0,0.14766902001694332,0.25856479175174724,0.3077021031647387,0.2205151188700258,0.308689068901898,20,1,0.07317927170868349,0.968,34.0,F,0.2649746192893401,1.770586448082129,0.40274601049068587,0.1878690209324914,12,5,0,0.2916666666666667,0.2184873949579832,0.683248730964467,0.21421319796954313,0.10253807106598985,0.24299909665763325,0.25165562913907286,0.20552147239263804,0.2405638926784902,0.2709677419354839,167,0.24074074074074073,119,False,True,0.6443413096830587,0.01662232755829507,3.506666666666667,3.8133333333333335,75,,,,,,,-0.17394330835842367,20,6.04,1.46,56.2,3.0,7.0,49.0,29.0,0.0,0.0,0.0,12.0,SP,12.0,253.0,54.0,21.1,7.78,4.61,8.58,1.43,21.257056210477344
641355,Cody Bellinger,L,NYY,4,Noah Schultz,L,702273.0,824570,NYY @ CWS,4:40 PM,27/07,Scheduled,0.6609636372413538,,,,False,1111011111,estimated,0,0,0.0,0.3091216657714424,0.38065294286109375,0.40116900846789727,0.43049278698308946,0.2579743296424954,20,1,0.04529914529914528,0.968,34.0,F,0.2649746192893401,1.770586448082129,0.40274601049068587,0.1878690209324914,12,5,0,0.28888888888888886,0.24358974358974358,0.683248730964467,0.21421319796954313,0.10253807106598985,0.22782386726228462,0.2653333333333333,0.25957446808510637,0.24346580737558182,0.24537037037037038,249,0.28104575163398693,181,False,True,0.6496611723409138,0.011302464900439957,3.6534653465346536,4.257425742574258,101,,,,,,,0.17808765531315784,20,6.04,1.46,56.2,3.0,7.0,49.0,29.0,0.0,0.0,0.0,12.0,SP,12.0,253.0,54.0,21.1,7.78,4.61,8.58,1.43,21.257056210477344
686948,Drake Baldwin,L,ATL,1,Zach Thornton,L,804267.0,823597,ATL @ NYM,4:10 PM,27/07,Scheduled,0.6609636372413538,,,,False,1111001111,estimated,0,0,0.0,0.32223968889942806,0.36091752417874656,0.5424530008404689,0.38396982402765467,0.14314218186378003,20,1,-0.01647595285210357,0.949,58.7,C,0.2803738317757009,,,,4,5,0,0.2627118644067797,0.27918781725888325,0.8068535825545171,0.16199376947040497,0.03115264797507788,0.25780682643427744,0.23381770145310435,0.2967914438502674,0.25686977299880526,0.265625,218,0.2845528455284553,143,False,True,0.682862118629315,-0.021898481387961244,3.888888888888889,4.45679012345679,81,,,,,,,0.04203312667207538,20,1.93,0.86,23.1,1.0,1.0,17.0,6.0,0.0,0.0,0.0,4.0,SP,4.0,87.0,14.0,21.8,6.56,2.31,5.4,0.39,
673548,Seiya Suzuki,R,CHC,2,,R,,823025,CHC @ STL,4:45 PM,27/07,Scheduled,0.6607750095727024,,,,False,1111110101,estimated,0,0,0.0,0.2569028725194683,0.38124450464200477,0.386830996825913,0.41983363876956176,0.2707492279417408,20,1,0.003791257805530801,1.031,,,,,,,0,0,0,0.2631578947368421,0.2669491525423729,,,,0.2727272727272727,0.20207743153918792,0.3318777292576419,0.25091041514930806,0.26737967914438504,213,0.2638888888888889,169,False,False,0.6373231618378298,0.023451847734872633,3.7613636363636362,4.340909090909091,88,,,,,,,0.12317721572227555,20,,,,,,,,,,,,,,,,,,,,,
694192,Jackson Chourio,R,MIL,2,Tyler Mahle,R,641816.0,823195,MIL @ SF,6:45 PM,27/07,Scheduled,0.6600046189700159,,,,False,0101101111,estimated,0,0,0.0,0.2128995879322816,0.3130194051849473,0.3786318074113043,0.29417455715480095,0.25232269723588135,20,1,-0.03631840796019897,0.994,52.6,C,0.2663316582914573,2.3989442552295586,0.36774204016818657,0.20783670954548228,16,5,0,0.3,0.263681592039801,0.6534867002156722,0.09489575844716032,0.2516175413371675,0.25104895104895103,0.2838196286472148,0.29615384615384616,0.2656886715566422,0.2916666666666667,184,0.25203252032520324,135,False,False,0.6523473033723953,0.0076573155976206175,4.1571428571428575,4.557142857142857,70,,,,,,,0.04512117606394643,20,5.31,1.45,83.0,2.0,9.0,77.0,33.0,0.0,0.0,0.0,16.0,SP,16.0,359.0,87.0,22.4,8.35,3.58,9.43,1.41,22.536309837061587
669707,Jared Triolo,R,PIT,8,Merrill Kelly,R,518876.0,823353,AZ @ PIT,3:40 PM,27/07,Scheduled,0.6600046189700159,,,,False,0011111110,estimated,0,0,0.0,0.28941978349575237,0.30123598256916495,0.44253646013209613,0.38482491394526597,0.17453755891428277,20,1,-0.130952380952381,1.013,21.5,F,0.2456246228123114,1.7513758344826067,0.46776978516241063,0.14761454737618726,18,4,0,0.32142857142857145,0.19047619047619047,0.5130224106602059,0.22652937613567534,0.2604482132041187,0.2188679245283019,0.21220159151193635,0.25443786982248523,0.22156133828996283,0.27586206896551724,129,0.20212765957446807,105,False,False,0.5992071717686835,0.0607974472013324,3.230769230769231,3.6,65,,,,,,,0.1579447129492438,20,5.12,1.48,103.2,8.0,8.0,65.0,41.0,0.0,0.0,0.0,18.0,SP,18.0,451.0,112.0,25.1,5.64,3.56,9.72,1.91,24.721412713805172
607043,Brandon Nimmo,L,TEX,2,George Kirby,R,669923.0,822868,SEA @ TEX,11:35 AM,27/07,Scheduled,0.6600046189700159,,,,False,0111001110,estimated,4,0,0.0,0.271057334396972,0.3874673716957513,0.5194524724148122,0.33688135213934195,0.24205789297390565,20,1,-0.056530214424951264,0.964,54.7,C,0.26914285714285713,4.672665151271259,0.4261689288488572,0.2281184499072948,19,6,0,0.3157894736842105,0.25925925925925924,0.5337528604118993,0.39530892448512583,0.07093821510297482,0.2703284868066774,0.25055432372505543,0.22615803814713897,0.2596368270149729,0.2863070539419087,265,0.24242424242424243,148,False,False,0.6607750095727024,-0.000770390602686466,3.845360824742268,4.257731958762887,97,,,,,,,0.10429758901996505,20,3.57,1.28,116.0,8.0,8.0,104.0,25.0,0.0,0.0,0.0,19.0,SP,19.0,477.0,124.0,25.1,8.07,1.94,9.62,0.85,25.049744849054388
641680,Jonah Heim,L,ATH,4,Payton Tolle,L,801139.0,824977,BOS @ ATH,6:40 PM,27/07,Scheduled,0.6600046189700159,,,,False,1001111110,estimated,0,0,0.0,0.23245093500459418,0.32036630680719386,0.3394131249434995,0.28812624118836205,0.22238081592167783,20,1,-0.011929824561403513,0.977,81.3,A,0.2823529411764706,3.7763850161003463,0.35463099800389886,0.27427431419242576,16,6,0,0.22807017543859648,0.24,0.8889705882352941,0.07941176470588235,0.03161764705882353,0.23216601815823606,0.2059800664451827,0.2450592885375494,0.22867924528301886,0.23853211009174313,117,0.225,90,False,False,0.6629805614625236,-0.002975942492507655,3.3157894736842106,3.6315789473684212,57,,,,,,,0.07833492333550589,20,3.31,1.1,89.2,5.0,6.0,96.0,26.0,0.0,0.0,0.0,16.0,SP,16.0,367.0,73.0,22.9,9.64,2.61,7.33,0.9,22.819356670943762
683002,Gunnar Henderson,L,BAL,2,Keider Montero,R,672456.0,824245,BAL @ DET,3:40 PM,27/07,Scheduled,0.659504780253633,-178.0,233.0,64.0,False,1100111101,estimated,0,0,0.0,0.22466002729425105,0.35782206830188645,0.48560273876267457,0.3670762287058506,0.2649178084034276,20,1,-0.004266189134384979,1.004,81.7,A,0.26973684210526316,5.353868820699747,0.34339310712372406,0.2195239331606047,20,4,0,0.2283464566929134,0.22408026755852842,0.5369881109643329,0.32562747688243066,0.13738441215323646,0.20580611715914982,0.20981713185755535,0.17210682492581603,0.20032885722115648,0.2196969696969697,284,0.2345679012345679,189,False,False,0.6608635095221872,-0.0013587292685541819,4.135922330097087,4.592233009708738,103,,,,,,,0.05575209668091492,20,3.14,0.96,106.0,7.0,5.0,78.0,22.0,1.0,0.0,1.0,16.0,SP,22.0,419.0,80.0,19.0,6.62,1.87,6.79,0.85,17.52265613822885
807799,Masataka Yoshida,L,BOS,5,Jack Perkins,R,678022.0,824977,BOS @ ATH,6:40 PM,27/07,Scheduled,0.6579359163437711,,,,False,1001011100,estimated,0,0,0.0,0.23475036453044093,0.3596559125633638,0.422405437789034,0.25672489385266195,0.058293895782610836,20,1,0.0,0.977,62.3,C,0.30213903743315507,2.690956760074783,0.36870758558877686,0.24740596555202818,20,5,0,,0.26108374384236455,0.48574057037718493,0.32290708371665133,0.19135234590616376,0.22292191435768263,0.21238938053097345,0.273972602739726,0.23023093072078377,0.25,135,0.27710843373493976,94,False,False,0.6666536137374682,-0.0087176973936971,2.9420289855072466,3.318840579710145,69,,,,,,,0.08287856510090888,20,6.75,1.42,62.2,2.0,5.0,76.0,24.0,3.0,2.0,5.0,7.0,RP,25.0,285.0,65.0,11.4,10.91,3.45,9.34,1.58,14.592087345877761
663457,Lars Nootbaar,L,STL,5,David Peterson,L,656849.0,823025,CHC @ STL,4:45 PM,27/07,Scheduled,0.6572905849664092,,,,False,1011010100,estimated,1,0,0.0,0.14535124988780312,0.2603923977245467,0.5228837736656932,0.18558814971405754,0.19126767201755868,20,1,-0.005148005148005175,1.031,31.6,F,0.2653061224489796,1.7778510682481206,0.4323198647791432,0.1672820176792998,20,5,0,0.23809523809523808,0.24324324324324326,0.5299727520435967,0.3480926430517711,0.12193460490463215,0.24304267161410018,0.24025974025974026,0.19889502762430938,0.23592233009708738,0.25,79,0.234375,75,False,False,0.6321218100138096,0.025168774952599615,3.3,3.85,40,,,,,,,-0.06256758805652025,20,5.97,1.56,89.0,5.0,7.0,74.0,38.0,1.0,0.0,1.0,12.0,SP,20.0,406.0,101.0,20.3,7.48,3.84,10.21,0.91,20.36313801953377
677588,José Tena,L,WSH,8,Max Scherzer,R,453286.0,822705,TOR @ WSH,3:45 PM,27/07,Scheduled,0.6571904572472427,,,,False,1001100110,estimated,0,0,0.0,0.3582556868737592,0.3349982595861237,0.4826006358314784,0.48408389328798485,0.22357087925382124,20,2,-0.2627118644067796,1.04,20.5,F,0.215962441314554,1.1872488435731807,0.43520204290428843,0.14180650498440375,6,46,0,0.5,0.23728813559322035,0.4823529411764706,0.3623529411764706,0.15529411764705883,0.2347417840375587,0.21495327102803738,0.21122112211221122,0.22391304347826088,0.2037037037037037,116,0.30666666666666664,84,False,False,0.5876627380031013,0.06952771924414136,2.44,2.6666666666666665,75,,,,,,,-0.03909684372565264,20,10.23,1.73,22.0,1.0,4.0,14.0,11.0,0.0,0.0,0.0,6.0,SP,6.0,102.0,27.0,17.0,5.73,4.5,11.05,3.68,17.055485209579633
803011,Sam Antonacci,L,CWS,1,Max Fried,L,608331.0,824570,NYY @ CWS,4:40 PM,27/07,Scheduled,0.6571904572472427,,,,False,1110010010,estimated,0,0,0.0,0.2236151408571139,0.286597708806132,0.3112639719787792,0.25830233783749307,0.1716755017753257,20,1,-0.023441162681669014,0.968,80.2,A,0.28378378378378377,2.814206954490969,0.2963911641494039,0.23853035743515605,10,4,0,0.25925925925925924,0.28270042194092826,0.6148648648648649,0.24549549549549549,0.13963963963963963,0.28471337579617834,0.24368231046931407,0.2544529262086514,0.27074235807860264,0.2833333333333333,203,0.2702702702702703,137,True,False,0.6746665605127452,-0.01747610326550253,3.548780487804878,4.146341463414634,82,,,,,,,0.05888426239642613,20,2.97,0.96,66.2,4.0,3.0,57.0,20.0,0.0,0.0,0.0,11.0,SP,11.0,256.0,44.0,23.3,7.7,2.7,5.94,0.13,22.541644390291673
691718,Pete Crow-Armstrong,L,CHC,1,,R,,823025,CHC @ STL,4:45 PM,27/07,Scheduled,0.6564058321264126,,,,False,0100101011,estimated,0,0,0.0,0.3609125921541864,0.38598513577622645,0.32093264392735366,0.47916466567995775,0.2759980562528865,20,1,-0.012255785451661727,1.031,,,,,,,0,0,0,0.29896907216494845,0.2867132867132867,,,,0.2682602921646746,0.2777129521586931,0.33584905660377357,0.28360261258164315,0.2772727272727273,254,0.3067484662576687,196,False,False,0.6402530642366937,0.016152767889718866,3.7184466019417477,4.368932038834951,103,,,,,,,0.034200612915248375,20,,,,,,,,,,,,,,,,,,,,,
656941,Kyle Schwarber,L,PHI,2,Tyler Phillips,R,663969.0,823839,PHI @ MIA,3:40 PM,27/07,Scheduled,0.6553416995358451,-150.0,178.0,60.0,False,1111000111,estimated,1,1,1.0,0.2208675279648964,0.33837077267935073,0.4080652029102106,0.3947190207197311,0.3692430507511307,20,1,-0.007346326836581707,1.0,52.5,C,0.2935206869633099,1.643924946916217,0.3854938045255338,0.1553452833406549,20,5,0,0.25517241379310346,0.24782608695652175,0.3442622950819672,0.41842310694769713,0.2373145979703357,0.25372208436724564,0.22140762463343108,0.19624217118997914,0.23246492985971945,0.25957446808510637,272,0.2357142857142857,172,False,False,0.6362100554601747,0.019131644075670362,3.75,4.44,100,,,,,,,0.03261387740000905,20,3.52,1.39,79.1,2.0,5.0,58.0,36.0,2.0,1.0,3.0,10.0,RP,26.0,342.0,74.0,13.2,6.58,4.08,8.39,1.02,16.195174479707354
647304,Josh Naylor,L,SEA,5,Kumar Rocker,R,677958.0,822868,SEA @ TEX,11:35 AM,27/07,Scheduled,0.6549411533870363,,,,False,1110111100,estimated,0,0,0.0,0.2606817624198779,0.309621003710092,0.26625716787344517,0.2962554849961567,0.08757741626061065,20,1,-0.004561746497230401,0.964,47.0,D,0.26046221111805123,2.7256256694020125,0.4067941937530658,0.22148878806965888,19,5,0,0.26262626262626265,0.25806451612903225,0.565081351689612,0.37734668335419275,0.057571964956195244,0.2501802451333814,0.25569620253164554,0.2245430809399478,0.248046875,0.2510822510822511,256,0.272108843537415,163,False,False,0.6514625505323987,0.0034786028546376357,3.8969072164948453,4.319587628865979,97,,,,,,,0.0017912881070241738,20,4.13,1.31,96.0,3.0,8.0,86.0,36.0,0.0,0.0,0.0,17.0,SP,19.0,411.0,90.0,21.6,8.06,3.38,8.44,1.13,21.692769088610845
665742,Juan Soto,L,NYM,2,Martín Pérez,L,527048.0,823597,ATL @ NYM,4:10 PM,27/07,Scheduled,0.6546044539349276,,,,False,1100101000,estimated,2,1,0.5,0.24480264157926432,0.3303969978133592,0.5080273417105741,0.29131042022549314,0.1688543713996156,20,2,0.05656457739791071,0.949,67.2,B,0.2803532008830022,2.0697091159224486,0.34361095893745225,0.21603260473232394,19,4,0,0.32098765432098764,0.2644230769230769,0.6160648489314665,0.08106116433308769,0.30287398673544585,0.2717065868263473,0.23680823680823682,0.27635327635327633,0.2633064516129032,0.2677595628415301,220,0.3018867924528302,134,False,False,0.6686209528389743,-0.01401649890404666,3.4819277108433737,4.265060240963855,83,,,,,,,-0.20117627631281956,20,3.38,1.2,85.1,6.0,6.0,65.0,36.0,0.0,0.0,0.0,15.0,SP,19.0,349.0,66.0,18.4,6.86,3.8,6.96,1.05,18.834921875015244
663993,Nathaniel Lowe,L,CIN,6,Slade Cecconi,R,677944.0,824490,CLE @ CIN,4:10 PM,27/07,Scheduled,0.6537060326409495,,,,False,1100111101,estimated,0,0,0.0,0.2255044163283378,0.3517749794714648,0.381932953889631,0.3387556293574522,0.29797156095761174,20,2,-0.20520999468367887,1.083,44.6,D,0.26365237815619497,2.6200953619964724,0.4156959126477068,0.18304633631094253,20,4,0,0.4444444444444444,0.23923444976076555,0.7271655863288156,0.2498526812021214,0.022981732469063054,0.23634881825590873,0.2506527415143603,0.25769230769230766,0.24148936170212765,0.27205882352941174,152,0.2073170731707317,94,False,False,0.6053683410528167,0.048337691588132836,2.9863013698630136,3.3698630136986303,73,,,,,,,-0.02729608720249103,20,4.6,1.45,103.2,4.0,7.0,82.0,34.0,0.0,0.0,0.0,20.0,SP,20.0,455.0,116.0,22.8,7.12,2.95,10.07,1.3,22.793051610783674
699013,Esmerlyn Valdez,R,PIT,5,Merrill Kelly,R,518876.0,823353,AZ @ PIT,3:40 PM,27/07,Scheduled,0.6528323830184697,,,,False,1111110001,estimated,0,0,0.0,0.24315514605254906,0.4303037724816668,0.5632928818202585,0.5249711742483104,0.4039290570743357,20,1,-0.04755244755244753,1.013,21.5,F,0.2456246228123114,1.7513758344826067,0.46776978516241063,0.14761454737618726,18,4,0,0.3090909090909091,0.26153846153846155,0.5130224106602059,0.22652937613567534,0.2604482132041187,0.2788104089219331,0.26595744680851063,0.2302158273381295,0.26798748696558916,0.2608695652173913,79,0.3137254901960784,60,True,False,0.5769791567335009,0.07585322628496882,3.3333333333333335,3.861111111111111,36,,,,,,,-0.018592774601115376,20,5.12,1.48,103.2,8.0,8.0,65.0,41.0,0.0,0.0,0.0,18.0,SP,18.0,451.0,112.0,25.1,5.64,3.56,9.72,1.91,24.721412713805172
695490,Edwin Arroyo,L,CIN,8,Slade Cecconi,R,677944.0,824490,CLE @ CIN,4:10 PM,27/07,Scheduled,0.6523473033723953,,,,False,1010111110,estimated,0,0,0.0,0.27735396055166134,0.3724878536812681,0.3171423277277074,0.3567890503909037,0.18392105946878448,20,1,0.060416666666666674,1.083,44.6,D,0.26365237815619497,2.6200953619964724,0.4156959126477068,0.18304633631094253,20,4,0,0.2,0.2604166666666667,0.7271655863288156,0.2498526812021214,0.022981732469063054,0.19436619718309858,0.19911504424778761,0.2773722627737226,0.2116991643454039,0.2676056338028169,75,0.22,56,True,False,0.5876627380031013,0.06468456536929401,3.27027027027027,3.5405405405405403,37,,,,,,,0.10688849488918878,20,4.6,1.45,103.2,4.0,7.0,82.0,34.0,0.0,0.0,0.0,20.0,SP,20.0,455.0,116.0,22.8,7.12,2.95,10.07,1.3,22.793051610783674
691016,Tyler Soderstrom,L,ATH,2,Payton Tolle,L,801139.0,824977,BOS @ ATH,6:40 PM,27/07,Scheduled,0.6523473033723953,,,,False,1011111111,estimated,0,0,0.0,0.27623368744095556,0.39330901705604,0.3916468419942548,0.400074885189657,0.21043248081960927,20,1,0.021569462182489008,0.977,81.3,A,0.2823529411764706,3.7763850161003463,0.35463099800389886,0.27427431419242576,16,6,0,0.26436781609195403,0.24279835390946503,0.8889705882352941,0.07941176470588235,0.03161764705882353,0.25892857142857145,0.2636484687083888,0.28820960698689957,0.26575342465753427,0.27040816326530615,230,0.21641791044776118,152,False,False,0.6649479005640299,-0.012600597191634533,3.5869565217391304,4.1521739130434785,92,,,,,,,0.2531447110229202,20,3.31,1.1,89.2,5.0,6.0,96.0,26.0,0.0,0.0,0.0,16.0,SP,16.0,367.0,73.0,22.9,9.64,2.61,7.33,0.9,22.819356670943762
690993,Colt Keith,L,DET,2,Kyle Bradish,R,680694.0,824245,BAL @ DET,3:40 PM,27/07,Scheduled,0.6523473033723953,,,,False,0010100011,estimated,0,0,0.0,0.22260722146759876,0.3522370700099064,0.31229726724006085,0.3041449524662538,0.25461179523399124,20,1,0.0,1.004,60.4,C,0.27867095391211144,2.094391614786482,0.3801828856395922,0.2206827990377907,20,4,0,,0.24907063197026022,0.5126005361930295,0.4873994638069705,0.0,0.2512998266897747,0.22483940042826553,0.24903474903474904,0.24440298507462688,0.2976190476190476,183,0.17475728155339806,108,False,False,0.6523473033723953,0.0,2.882978723404255,3.095744680851064,94,,,,,,,-0.03494581137333194,20,3.49,1.32,113.1,7.0,9.0,110.0,51.0,0.0,0.0,0.0,20.0,SP,20.0,477.0,99.0,23.9,8.74,4.05,7.86,0.95,24.236551203988842
575929,Willson Contreras,R,BOS,4,Jack Perkins,R,678022.0,824977,BOS @ ATH,6:40 PM,27/07,Scheduled,0.6523473033723953,,,,False,1010111110,estimated,0,0,0.0,0.31170797466963435,0.4184669269733649,0.5398715578137373,0.49186119352025254,0.24961702794258592,20,1,0.007407407407407418,0.977,62.3,C,0.30213903743315507,2.690956760074783,0.36870758558877686,0.24740596555202818,20,5,0,0.28888888888888886,0.2962962962962963,0.48574057037718493,0.32290708371665133,0.19135234590616376,0.2829940906106369,0.31351351351351353,0.2757009345794392,0.2909426987060998,0.3121951219512195,245,0.265625,147,False,False,0.6537060326409495,-0.0013587292685541819,3.5425531914893615,4.170212765957447,94,,,,,,,0.2351942226042757,20,6.75,1.42,62.2,2.0,5.0,76.0,24.0,3.0,2.0,5.0,7.0,RP,25.0,285.0,65.0,11.4,10.91,3.45,9.34,1.58,14.592087345877761
608324,Alex Bregman,R,CHC,4,,R,,823025,CHC @ STL,4:45 PM,27/07,Scheduled,0.6514625505323987,,,,False,1100111000,estimated,0,0,0.0,0.17670107026563886,0.19412720100037054,0.23837540765828932,0.19769398820957557,0.20357729880246508,20,1,0.003924646781789637,1.031,,,,,,,0,0,0,0.23076923076923078,0.23469387755102042,,,,0.22639362912400454,0.21673306772908366,0.25,0.225377107364685,0.2457627118644068,271,0.21604938271604937,193,False,False,0.6409024696625095,0.010560080869889132,3.9405940594059405,4.594059405940594,101,,,,,,,-0.13995552856756757,20,,,,,,,,,,,,,,,,,,,,,
808982,Jung Hoo Lee,L,SF,6,Brandon Sproat,R,687075.0,823195,MIL @ SF,6:45 PM,27/07,Scheduled,0.6492436858724048,,,,False,0010111101,estimated,0,0,0.0,0.2552598785277644,0.33528265633040505,0.2939307941431941,0.3024220772079207,0.12611867737596308,20,1,0.02139956263667603,0.994,44.2,D,0.2724358974358974,2.1779292455416823,0.41893980581394963,0.2498702450542896,19,5,0,0.2878787878787879,0.30927835051546393,0.7156862745098039,0.20392156862745098,0.0803921568627451,0.2918424753867792,0.289002557544757,0.2976588628762542,0.291683247115002,0.2864321608040201,211,0.3291139240506329,169,False,False,0.6492436858724048,0.0,3.7578947368421054,4.0,95,,,,,,,0.018668559717724627,20,5.09,1.38,86.2,3.0,5.0,91.0,43.0,0.0,0.0,0.0,17.0,SP,19.0,373.0,77.0,19.6,9.45,4.47,8.0,1.66,19.813999792104983
702284,Cole Young,L,SEA,6,Kumar Rocker,R,677958.0,822868,SEA @ TEX,11:35 AM,27/07,Scheduled,0.6485597852601301,,,,False,1101100010,estimated,0,0,0.0,0.22749658756581512,0.32238643287533125,0.3699552076941388,0.2788495777059383,0.1641931056831881,20,1,-0.03524046434494196,0.964,47.0,D,0.26046221111805123,2.7256256694020125,0.4067941937530658,0.22148878806965888,19,5,0,0.2777777777777778,0.24253731343283583,0.565081351689612,0.37734668335419275,0.057571964956195244,0.22284122562674094,0.22377622377622378,0.21975308641975308,0.22243940578577012,0.24537037037037038,237,0.2625,180,False,False,0.6443868942688027,0.004172890991327449,3.6153846153846154,4.009615384615385,104,,,,,,,0.03670687629827284,20,4.13,1.31,96.0,3.0,8.0,86.0,36.0,0.0,0.0,0.0,17.0,SP,19.0,411.0,90.0,21.6,8.06,3.38,8.44,1.13,21.692769088610845
670032,Nicky Lopez,L,TEX,6,George Kirby,R,669923.0,822868,SEA @ TEX,11:35 AM,27/07,Scheduled,0.6482941881465778,,,,False,0110101011,estimated,0,0,0.0,0.34242172026891426,0.3174727337459899,0.26842891526475676,0.3515282372941761,0.10943238268875888,20,1,-0.14285714285714285,0.964,54.7,C,0.26914285714285713,4.672665151271259,0.4261689288488572,0.2281184499072948,19,6,0,0.42857142857142855,0.2857142857142857,0.5337528604118993,0.39530892448512583,0.07093821510297482,0.34541577825159914,0.2599118942731278,0.2517985611510791,0.30824372759856633,0.35064935064935066,83,0.2698412698412698,72,False,False,0.6522196283649125,-0.0039254402183347414,2.8,3.1,50,,,,,,,0.13031988836360775,20,3.57,1.28,116.0,8.0,8.0,104.0,25.0,0.0,0.0,0.0,19.0,SP,19.0,477.0,124.0,25.1,8.07,1.94,9.62,0.85,25.049744849054388
672386,Alejandro Kirk,R,TOR,7,Andrew Alvarez,L,674841.0,822705,TOR @ WSH,3:45 PM,27/07,Scheduled,0.6479925175857268,,,,False,1101001111,estimated,0,0,0.0,0.26014586472119083,0.3176174703692173,0.4592759421093306,0.325885591740129,0.11384795230064307,20,2,0.054440154440154404,1.04,33.4,F,0.28632938643702904,2.164470748007196,0.4566940366803683,0.2295281675538486,14,6,0,0.2571428571428571,0.20270270270270271,0.4241119483315393,0.5468245425188375,0.02906350914962325,0.22362869198312235,0.23626373626373626,0.2222222222222222,0.22644163150492264,0.24074074074074073,61,0.2,62,False,False,0.6225427798773429,0.02544973770838399,3.303030303030303,3.727272727272727,33,,,,,,,0.04914398379772711,20,4.22,1.5,53.1,2.0,3.0,55.0,25.0,1.0,0.0,1.0,7.0,RP,14.0,233.0,55.0,16.6,9.28,4.22,9.28,0.34,17.351151777486397
553993,Eugenio Suárez,R,CIN,5,Slade Cecconi,R,677944.0,824490,CLE @ CIN,4:10 PM,27/07,Scheduled,0.6478891014244559,,,,False,1111010110,estimated,0,0,0.0,0.20530003446876294,0.3822005710145001,0.5445719895969675,0.43775146214946736,0.4298086906929392,20,1,-0.019332311360926585,1.083,44.6,D,0.26365237815619497,2.6200953619964724,0.4156959126477068,0.18304633631094253,20,4,0,0.22807017543859648,0.2087378640776699,0.7271655863288156,0.2498526812021214,0.022981732469063054,0.22491349480968859,0.2247557003257329,0.1963470319634703,0.2213855421686747,0.23417721518987342,174,0.18095238095238095,117,False,False,0.6053683410528167,0.04252076037163921,3.6027397260273974,3.9863013698630136,73,,,,,,,-0.009293983331738673,20,4.6,1.45,103.2,4.0,7.0,82.0,34.0,0.0,0.0,0.0,20.0,SP,20.0,455.0,116.0,22.8,7.12,2.95,10.07,1.3,22.793051610783674
687263,Zach Neto,R,LAA,1,Tatsuya Imai,R,837227.0,824001,HOU @ LAA,6:38 PM,27/07,Scheduled,0.6467253656668868,,,,False,1010111110,estimated,3,0,0.0,0.261007483520797,0.30693501696336545,0.4487974869710731,0.40903511355584743,0.2951148603346172,20,1,-0.018131359851988882,0.979,31.6,F,0.291331546023235,1.5730726814313394,0.43269900301644565,0.2550579355578189,14,5,0,0.25217391304347825,0.23404255319148937,0.47942754919499103,0.4606440071556351,0.05992844364937388,0.25116279069767444,0.2199528672427337,0.2553542009884679,0.24140798226164079,0.2441860465116279,290,0.2302158273381295,162,False,True,0.6523473033723953,-0.005621937705508562,3.9306930693069306,4.475247524752476,101,,,,,,,0.15724985548976117,20,5.59,1.47,58.0,6.0,4.0,71.0,36.0,0.0,0.0,0.0,14.0,SP,14.0,258.0,49.0,18.4,11.02,5.59,7.6,1.4,18.76162935724282
672640,Otto Lopez,R,MIA,1,Zack Wheeler,R,554430.0,823839,PHI @ MIA,3:40 PM,27/07,Scheduled,0.6467253656668868,,,,False,1000110111,estimated,5,2,0.4,0.2863438172950156,0.273577151260015,0.3092054440302449,0.3027254330597824,0.13229308027315295,20,1,-0.0747408961392742,1.0,90.2,A,0.29560155239327296,5.884330445262086,0.3141702044418559,0.3307255491885142,16,5,0,0.3853211009174312,0.310580204778157,0.6216041397153945,0.22315653298835705,0.15523932729624837,0.3628719275549806,0.3025830258302583,0.3464052287581699,0.33926837164130785,0.3319672131147541,266,0.3291139240506329,172,False,False,0.6746665605127452,-0.02794119484585844,3.98019801980198,4.336633663366337,101,,,,,,,0.11191320391742297,20,2.16,0.88,100.0,10.0,2.0,117.0,22.0,0.0,0.0,0.0,16.0,SP,16.0,380.0,66.0,23.8,10.53,1.98,5.94,0.99,23.835293846340768
669016,Brandon Marsh,L,PHI,6,Tyler Phillips,R,663969.0,823839,PHI @ MIA,3:40 PM,27/07,Scheduled,0.6464295241496315,,,,False,0000110100,estimated,1,0,0.0,0.18404925989488277,0.3023081724368045,0.4670100210624014,0.24712696222607486,0.27597949564085617,20,1,-0.003603808656727714,1.0,52.5,C,0.2935206869633099,1.643924946916217,0.3854938045255338,0.1553452833406549,20,5,0,0.2871287128712871,0.2835249042145594,0.3442622950819672,0.41842310694769713,0.2373145979703357,0.26129256428075054,0.24608501118568232,0.28688524590163933,0.25961538461538464,0.270935960591133,216,0.3018867924528302,171,False,False,0.6053683410528167,0.041061183096814835,3.693877551020408,3.9489795918367347,98,,,,,,,-0.18311232409871522,20,3.52,1.39,79.1,2.0,5.0,58.0,36.0,2.0,1.0,3.0,10.0,RP,26.0,342.0,74.0,13.2,6.58,4.08,8.39,1.02,16.195174479707354
624413,Pete Alonso,R,BAL,3,Keider Montero,R,672456.0,824245,BAL @ DET,3:40 PM,27/07,Scheduled,0.6457000389516129,-186.0,245.0,65.0,False,1100011110,estimated,0,0,0.0,0.2089316616931827,0.39693296951469437,0.5446840273104775,0.3205996308674641,0.2615767546349107,20,1,-0.02249056603773586,1.004,81.7,A,0.26973684210526316,5.353868820699747,0.34339310712372406,0.2195239331606047,20,4,0,0.264,0.24150943396226415,0.5369881109643329,0.32562747688243066,0.13738441215323646,0.24278715296679368,0.21175453759723423,0.2712765957446808,0.23524176802135865,0.25316455696202533,269,0.24183006535947713,185,False,False,0.6457000389516129,0.0,3.75,4.365384615384615,104,,,,,,,-0.1363141086193553,20,3.14,0.96,106.0,7.0,5.0,78.0,22.0,1.0,0.0,1.0,16.0,SP,22.0,419.0,80.0,19.0,6.62,1.87,6.79,0.85,17.52265613822885
677594,Julio Rodríguez,R,SEA,2,Kumar Rocker,R,677958.0,822868,SEA @ TEX,11:35 AM,27/07,Scheduled,0.6443413096830587,,,,False,1100111110,estimated,0,0,0.0,0.27542504852511773,0.3869642494360743,0.4363913418844965,0.3797113780353659,0.21102304884201661,20,1,-0.022727272727272707,0.964,47.0,D,0.26046221111805123,2.7256256694020125,0.4067941937530658,0.22148878806965888,19,5,0,0.2727272727272727,0.25,0.565081351689612,0.37734668335419275,0.057571964956195244,0.2303370786516854,0.24582104228121926,0.2351421188630491,0.2361341746927931,0.24786324786324787,253,0.2727272727272727,150,False,False,0.6686209528389743,-0.024279643155915576,3.935483870967742,4.333333333333333,93,,,,,,,0.026215410128823686,20,4.13,1.31,96.0,3.0,8.0,86.0,36.0,0.0,0.0,0.0,17.0,SP,19.0,411.0,90.0,21.6,8.06,3.38,8.44,1.13,21.692769088610845
682985,Riley Greene,L,DET,4,Kyle Bradish,R,680694.0,824245,BAL @ DET,3:40 PM,27/07,Scheduled,0.6443413096830587,,,,False,1101101101,estimated,0,0,0.0,0.2922864906991501,0.40674615878484666,0.6303484246785097,0.39346913889166657,0.25678926076223324,20,1,-0.001840838289436375,1.004,60.4,C,0.27867095391211144,2.094391614786482,0.3801828856395922,0.2206827990377907,20,4,0,0.2897196261682243,0.2878787878787879,0.5126005361930295,0.4873994638069705,0.0,0.2871927554980595,0.32,0.2537931034482759,0.28620335501540567,0.30952380952380953,240,0.2608695652173913,192,False,False,0.6400781012461043,0.00426320843695438,3.6019417475728157,4.194174757281553,103,,,,,,,0.042276539765622935,20,3.49,1.32,113.1,7.0,9.0,110.0,51.0,0.0,0.0,0.0,20.0,SP,20.0,477.0,99.0,23.9,8.74,4.05,7.86,0.95,24.236551203988842
621020,Dansby Swanson,R,CHC,7,,R,,823025,CHC @ STL,4:45 PM,27/07,Scheduled,0.6442160491495114,,,,False,0101011011,estimated,0,0,0.0,0.2844615018259241,0.3999805224911633,0.5014051479022548,0.34419324193174144,0.19051196849880725,20,1,-0.017500000000000016,1.031,,,,,,,0,0,0,0.23,0.2125,,,,0.1998001998001998,0.1770956316410862,0.2062937062937063,0.19366852886405958,0.22905027932960895,201,0.20496894409937888,185,False,False,0.6207088778285333,0.023507171320978015,3.4693877551020407,3.938775510204082,98,,,,,,,0.004851248419919517,20,,,,,,,,,,,,,,,,,,,,,
691594,Javier Sanoja,R,MIA,7,Zack Wheeler,R,554430.0,823839,PHI @ MIA,3:40 PM,27/07,Scheduled,0.6438435208373164,,,,False,0111011100,estimated,1,0,0.0,0.25326160808948783,0.25370389557050566,0.26671370655168397,0.2583063304982944,0.01478571818409162,20,1,-0.00039447731755420934,1.0,90.2,A,0.29560155239327296,5.884330445262086,0.3141702044418559,0.3307255491885142,16,5,0,0.26666666666666666,0.26627218934911245,0.6216041397153945,0.22315653298835705,0.15523932729624837,0.25166444740346205,0.26614481409001955,0.2710843373493976,0.25874125874125875,0.2846153846153846,136,0.24806201550387597,139,False,False,0.6555765183895513,-0.011732997552234892,3.278481012658228,3.481012658227848,79,,,,,,,0.06680148726498555,20,2.16,0.88,100.0,10.0,2.0,117.0,22.0,0.0,0.0,0.0,16.0,SP,16.0,380.0,66.0,23.8,10.53,1.98,5.94,0.99,23.835293846340768
669394,Jake Burger,R,TEX,3,George Kirby,R,669923.0,822868,SEA @ TEX,11:35 AM,27/07,Scheduled,0.6438052349347781,,,,False,1000111101,estimated,3,0,0.0,0.19117392392598792,0.2919183555141499,0.41136974390270875,0.24220261590638423,0.2719477256388304,20,2,0.011230585424133827,0.964,54.7,C,0.26914285714285713,4.672665151271259,0.4261689288488572,0.2281184499072948,19,6,0,0.22580645161290322,0.23703703703703705,0.5337528604118993,0.39530892448512583,0.07093821510297482,0.19222139117427076,0.20534861509073543,0.21666666666666667,0.1984478935698448,0.20270270270270271,243,0.28368794326241137,155,False,False,0.6537060326409495,-0.00990079770617136,3.704081632653061,4.061224489795919,98,,,,,,,0.025184379112813876,20,3.57,1.28,116.0,8.0,8.0,104.0,25.0,0.0,0.0,0.0,19.0,SP,19.0,477.0,124.0,25.1,8.07,1.94,9.62,0.85,25.049744849054388
691026,Masyn Winn,R,STL,6,David Peterson,L,656849.0,823025,CHC @ STL,4:45 PM,27/07,Scheduled,0.6429450995433384,,,,False,1110001001,estimated,1,1,1.0,0.1880616591609034,0.31908589592954945,0.4025187763254781,0.256557876276809,0.22770183937446323,20,1,0.03883666534268945,1.031,31.6,F,0.2653061224489796,1.7778510682481206,0.4323198647791432,0.1672820176792998,20,5,0,0.26373626373626374,0.2248995983935743,0.5299727520435967,0.3480926430517711,0.12193460490463215,0.22745901639344263,0.2389853137516689,0.2850467289719626,0.2347398607128226,0.23783783783783785,208,0.23225806451612904,179,False,False,0.6053683410528167,0.03757675849052178,3.617021276595745,4.117021276595745,94,,,,,,,-0.13943935491640772,20,5.97,1.56,89.0,5.0,7.0,74.0,38.0,1.0,0.0,1.0,12.0,SP,20.0,406.0,101.0,20.3,7.48,3.84,10.21,0.91,20.36313801953377
596019,Francisco Lindor,L,NYM,4,Martín Pérez,L,527048.0,823597,ATL @ NYM,4:10 PM,27/07,Scheduled,0.6415863702747843,-186.0,194.0,65.0,False,0100111100,estimated,3,2,0.6666666666666666,0.2465419997689854,0.3067838470655889,0.4933565384787982,0.29163746770565024,0.21268352220112957,20,1,-0.024749373433583938,0.949,67.2,B,0.2803532008830022,2.0697091159224486,0.34361095893745225,0.21603260473232394,19,4,0,0.20833333333333334,0.23308270676691728,0.6160648489314665,0.08106116433308769,0.30287398673544585,0.21729490022172948,0.23132530120481928,0.19109947643979058,0.2144535840188014,0.211864406779661,126,0.25396825396825395,75,False,False,0.6571904572472427,-0.015604086972458409,3.9347826086956523,4.369565217391305,46,,,,,,,0.003566802275420471,20,3.38,1.2,85.1,6.0,6.0,65.0,36.0,0.0,0.0,0.0,15.0,SP,19.0,349.0,66.0,18.4,6.86,3.8,6.96,1.05,18.834921875015244
686527,Dominic Canzone,L,SEA,3,Kumar Rocker,R,677958.0,822868,SEA @ TEX,11:35 AM,27/07,Scheduled,0.6415863702747843,,,,False,1010110110,estimated,0,0,0.0,0.16422473092858633,0.2370375098063733,0.3177440294270605,0.2464093631318328,0.2662646003823727,20,1,0.04500000000000001,0.964,47.0,D,0.26046221111805123,2.7256256694020125,0.4067941937530658,0.22148878806965888,19,5,0,0.20833333333333334,0.25333333333333335,0.565081351689612,0.37734668335419275,0.057571964956195244,0.26136363636363635,0.24113475177304963,0.22008547008547008,0.2439824945295405,0.25333333333333335,167,0.24242424242424243,113,False,False,0.6395420264978237,0.002044343776960611,2.797752808988764,3.146067415730337,89,,,,,,,-0.08578278732491727,20,4.13,1.31,96.0,3.0,8.0,86.0,36.0,0.0,0.0,0.0,17.0,SP,19.0,411.0,90.0,21.6,8.06,3.38,8.44,1.13,21.692769088610845
701675,Nathan Church,L,STL,7,David Peterson,L,656849.0,823025,CHC @ STL,4:45 PM,27/07,Scheduled,0.6411191039032965,,,,False,0000100100,estimated,3,0,0.0,0.09152022543386043,0.2548358448965929,0.3456141529499177,0.10296980904702438,0.15083990850944473,20,1,-0.015080713678844504,1.031,31.6,F,0.2653061224489796,1.7778510682481206,0.4323198647791432,0.1672820176792998,20,5,0,0.20454545454545456,0.21962616822429906,0.5299727520435967,0.3480926430517711,0.12193460490463215,0.24324324324324326,0.20567375886524822,0.2577639751552795,0.23642732049036777,0.2803030303030303,143,0.15079365079365079,135,False,False,0.6053683410528167,0.035750762850479845,3.185185185185185,3.432098765432099,81,,,,,,,-0.309917790219646,20,5.97,1.56,89.0,5.0,7.0,74.0,38.0,1.0,0.0,1.0,12.0,SP,20.0,406.0,101.0,20.3,7.48,3.84,10.21,0.91,20.36313801953377
677800,Wilyer Abreu,L,BOS,3,Jack Perkins,R,678022.0,824977,BOS @ ATH,6:40 PM,27/07,Scheduled,0.6362100554601747,,,,False,0111010000,estimated,0,0,0.0,0.18739232329461777,0.3318652982016752,0.40294484557371824,0.2648522494799282,0.25791418624010803,20,1,-0.08123881131399929,0.977,62.3,C,0.30213903743315507,2.690956760074783,0.36870758558877686,0.24740596555202818,20,5,0,0.3163265306122449,0.23508771929824562,0.48574057037718493,0.32290708371665133,0.19135234590616376,0.2352016762702986,0.24420190995907232,0.2260536398467433,0.2362776025236593,0.2629310344827586,268,0.24503311258278146,168,False,False,0.6523473033723953,-0.016137247912220598,3.83,4.36,100,,,,,,,-0.07239620456722512,20,6.75,1.42,62.2,2.0,5.0,76.0,24.0,3.0,2.0,5.0,7.0,RP,25.0,285.0,65.0,11.4,10.91,3.45,9.34,1.58,14.592087345877761
683953,Travis Bazzana,L,CLE,2,Chase Burns,R,695505.0,824490,CLE @ CIN,4:10 PM,27/07,Scheduled,0.6359644325692756,,,,False,0110110001,estimated,0,0,0.0,0.2275779469250248,0.2936288712746872,0.29074994742620575,0.3099951672334532,0.21630492843039836,20,1,-0.02447119711971199,1.083,76.2,B,0.29411764705882354,2.9283063432285985,0.35780466081087686,0.28333176116064657,19,5,0,0.25742574257425743,0.23295454545454544,0.5707013574660633,0.375,0.05429864253393665,0.22231337161607875,0.2696629213483146,0.23404255319148937,0.2382187635105923,0.25161290322580643,179,0.22950819672131148,143,True,False,0.6415863702747843,-0.005621937705508673,3.7432432432432434,4.351351351351352,74,,,,,,,-0.03185511441921673,20,2.42,1.11,107.2,12.0,1.0,124.0,39.0,0.0,0.0,0.0,19.0,SP,19.0,433.0,80.0,22.8,10.37,3.26,6.69,1.0,22.76766630807763
545361,Mike Trout,R,LAA,2,Tatsuya Imai,R,837227.0,824001,HOU @ LAA,6:38 PM,27/07,Scheduled,0.6348138453204544,-127.0,150.0,56.0,False,1111001101,estimated,3,0,0.0,0.2839768265266193,0.37434642142529756,0.3635763375724368,0.3842654473841696,0.23153167911857198,20,1,-0.04886877828054298,0.979,31.6,F,0.291331546023235,1.5730726814313394,0.43269900301644565,0.2550579355578189,14,5,0,0.27058823529411763,0.22171945701357465,0.47942754919499103,0.4606440071556351,0.05992844364937388,0.2601626016260163,0.22955523672883787,0.2740963855421687,0.2529601722282024,0.2613065326633166,237,0.18691588785046728,148,False,True,0.6377024062271114,-0.0028885609066570117,3.6,4.529411764705882,85,,,,,,,0.20539999016792035,20,5.59,1.47,58.0,6.0,4.0,71.0,36.0,0.0,0.0,0.0,14.0,SP,14.0,258.0,49.0,18.4,11.02,5.59,7.6,1.4,18.76162935724282
641857,Ryan Mcmahon,L,NYY,7,Noah Schultz,L,702273.0,824570,NYY @ CWS,4:40 PM,27/07,Scheduled,0.6346311265311851,,,,False,1011011000,estimated,0,0,0.0,0.2353448328830253,0.41208876741383516,0.5975957468349641,0.3156863808100939,0.3118625026273026,20,1,0.11547303271441203,0.968,34.0,F,0.2649746192893401,1.770586448082129,0.40274601049068587,0.1878690209324914,12,5,0,0.3103448275862069,0.19487179487179487,0.683248730964467,0.21421319796954313,0.10253807106598985,0.18417945690672963,0.20833333333333334,0.19230769230769232,0.1909814323607427,0.15517241379310345,125,0.26851851851851855,118,False,True,0.59524187890429,0.03938924762689511,2.8354430379746836,3.0759493670886076,79,,,,,,,0.016203099802390198,20,6.04,1.46,56.2,3.0,7.0,49.0,29.0,0.0,0.0,0.0,12.0,SP,12.0,253.0,54.0,21.1,7.78,4.61,8.58,1.43,21.257056210477344
571448,Nolan Arenado,R,AZ,6,Mitch Keller,R,656605.0,823353,AZ @ PIT,3:40 PM,27/07,Scheduled,0.6334551160519002,,,,False,1011111100,estimated,0,0,0.0,0.3123129073742893,0.36261459467695584,0.4500256477301837,0.38867073251957873,0.1855787766181532,20,1,0.021879358437935842,1.013,33.7,F,0.2609447004608295,2.200349348875063,0.43439162128259434,0.18209725038448973,20,4,0,0.22916666666666666,0.2510460251046025,0.570028818443804,0.34178674351585014,0.08818443804034583,0.23199393479909022,0.22605790645879734,0.23076923076923078,0.22964426877470356,0.22916666666666666,216,0.26573426573426573,163,False,False,0.6089465207936511,0.02450859525824911,3.4183673469387754,3.86734693877551,98,,,,,,,-0.014758864103286659,20,4.9,1.31,108.1,6.0,7.0,83.0,37.0,0.0,0.0,0.0,20.0,SP,20.0,464.0,105.0,23.2,6.9,3.07,8.72,1.08,22.983764128158732
805811,Bryce Eldridge,L,SF,2,Brandon Sproat,R,687075.0,823195,MIL @ SF,6:45 PM,27/07,Scheduled,0.6334551160519002,,,,False,1111101010,estimated,0,0,0.0,0.21127315997826185,0.40501905110813263,0.5861605409782005,0.38091035748315893,0.3465939528165542,20,1,-0.05488331892826276,0.994,44.2,D,0.2724358974358974,2.1779292455416823,0.41893980581394963,0.2498702450542896,19,5,0,0.3076923076923077,0.25280898876404495,0.7156862745098039,0.20392156862745098,0.0803921568627451,0.3029585798816568,0.2955271565495208,0.25249169435215946,0.293190770962296,0.2857142857142857,137,0.23469387755102042,115,False,False,0.6370327099804483,-0.003577593928548062,3.5,4.064516129032258,62,,,,,,,-0.029559686814327104,20,5.09,1.38,86.2,3.0,5.0,91.0,43.0,0.0,0.0,0.0,17.0,SP,19.0,373.0,77.0,19.6,9.45,4.47,8.0,1.66,19.813999792104983
808959,Munetaka Murakami,L,CWS,2,Max Fried,L,608331.0,824570,NYY @ CWS,4:40 PM,27/07,Scheduled,0.6334551160519002,,,,False,0011011011,estimated,0,0,0.0,0.20242416714916392,0.34728795880515545,0.6175843013143869,0.3547605184523456,0.33411244724125305,20,1,-0.0653864168618267,0.968,80.2,A,0.28378378378378377,2.814206954490969,0.2963911641494039,0.23853035743515605,10,4,0,0.18032786885245902,0.24571428571428572,0.6148648648648649,0.24549549549549549,0.13963963963963963,0.23870967741935484,0.19751552795031055,0.22321428571428573,0.21912542047092745,0.2196969696969697,167,0.2403846153846154,123,True,False,0.6356739807118941,-0.00221886465999388,3.5223880597014925,4.3283582089552235,67,,,,,,,-0.10936401820096622,20,2.97,0.96,66.2,4.0,3.0,57.0,20.0,0.0,0.0,0.0,11.0,SP,11.0,256.0,44.0,23.3,7.7,2.7,5.94,0.13,22.541644390291673
691458,Blaze Jordan,R,STL,9,David Peterson,L,656849.0,823025,CHC @ STL,4:45 PM,27/07,Scheduled,0.6334551160519002,,,,False,1111011011,estimated,1,0,0.0,0.21898737547484315,0.357804879544714,0.4856367127746738,0.3248474475737113,0.16806028628304562,20,1,0.1904761904761905,1.031,31.6,F,0.2653061224489796,1.7778510682481206,0.4323198647791432,0.1672820176792998,20,5,0,0.35714285714285715,0.16666666666666666,0.5299727520435967,0.3480926430517711,0.12193460490463215,0.23255813953488372,0.23555555555555555,0.16417910447761194,0.2268041237113402,0.21666666666666667,61,0.2857142857142857,48,True,False,0.5845074022159151,0.04894771383598506,3.4,3.6333333333333333,30,,,,,,,0.07000680699222987,20,5.97,1.56,89.0,5.0,7.0,74.0,38.0,1.0,0.0,1.0,12.0,SP,20.0,406.0,101.0,20.3,7.48,3.84,10.21,0.91,20.36313801953377
702332,Caleb Durbin,R,BOS,6,Jack Perkins,R,678022.0,824977,BOS @ ATH,6:40 PM,27/07,Scheduled,0.6331716935122755,,,,False,0110110100,estimated,0,0,0.0,0.22691585658925564,0.22773344883305968,0.1712090288945391,0.2570125038126301,0.14092871014048386,20,1,0.027453740949316158,0.977,62.3,C,0.30213903743315507,2.690956760074783,0.36870758558877686,0.24740596555202818,20,5,0,0.2159090909090909,0.24336283185840707,0.48574057037718493,0.32290708371665133,0.19135234590616376,0.2306451612903226,0.2291296625222025,0.2171945701357466,0.2306554953178906,0.2677595628415301,207,0.19083969465648856,143,False,False,0.6349040156146731,-0.0017323221023975988,3.3763440860215055,3.763440860215054,93,,,,,,,-0.030610291122822764,20,6.75,1.42,62.2,2.0,5.0,76.0,24.0,3.0,2.0,5.0,7.0,RP,25.0,285.0,65.0,11.4,10.91,3.45,9.34,1.58,14.592087345877761
686611,Dylan Crews,R,WSH,6,Max Scherzer,R,453286.0,822705,TOR @ WSH,3:45 PM,27/07,Scheduled,0.6327712154396256,,,,False,0001010110,estimated,0,0,0.0,0.1984393483814834,0.27879476734482234,0.3680905094339598,0.3540215991340743,0.26603882620096736,20,1,-0.13250319284802042,1.04,20.5,F,0.215962441314554,1.1872488435731807,0.43520204290428843,0.14180650498440375,6,46,0,0.2962962962962963,0.16379310344827586,0.4823529411764706,0.3623529411764706,0.15529411764705883,0.23200992555831265,0.20580474934036938,0.3575757575757576,0.23964497041420119,0.24778761061946902,124,0.17857142857142858,97,False,False,0.5675648339276406,0.06520638151198499,3.7169811320754715,4.169811320754717,53,,,,,,,-0.19909261351414673,20,10.23,1.73,22.0,1.0,4.0,14.0,11.0,0.0,0.0,0.0,6.0,SP,6.0,102.0,27.0,17.0,5.73,4.5,11.05,3.68,17.055485209579633
666182,Bo Bichette,R,NYM,3,Martín Pérez,L,527048.0,823597,ATL @ NYM,4:10 PM,27/07,Scheduled,0.6321218100138096,,,,False,0000111101,estimated,3,2,0.6666666666666666,0.2352065780017739,0.27769269908234745,0.2729411469060518,0.30000151256859425,0.18985105265384866,20,1,0.06245165629729277,0.949,67.2,B,0.2803532008830022,2.0697091159224486,0.34361095893745225,0.21603260473232394,19,4,0,0.30526315789473685,0.24281150159744408,0.6160648489314665,0.08106116433308769,0.30287398673544585,0.2712765957446808,0.2358771060455897,0.30726256983240224,0.26365868631062,0.277992277992278,281,0.2214765100671141,163,False,False,0.6465296518687981,-0.014407841854988446,3.9611650485436893,4.310679611650485,103,,,,,,,0.12709266225079388,20,3.38,1.2,85.1,6.0,6.0,65.0,36.0,0.0,0.0,0.0,15.0,SP,19.0,349.0,66.0,18.4,6.86,3.8,6.96,1.05,18.834921875015244
694374,Tim Tawa,R,AZ,8,Mitch Keller,R,656605.0,823353,AZ @ PIT,3:40 PM,27/07,Scheduled,0.6306153839472549,,,,False,1110011111,estimated,0,0,0.0,0.3018629405004541,0.35867596094784815,0.5381187913825799,0.38600865074275276,0.23117417771273518,20,1,0.0907830907830908,1.013,33.7,F,0.2609447004608295,2.200349348875063,0.43439162128259434,0.18209725038448973,20,4,0,0.1794871794871795,0.2702702702702703,0.570028818443804,0.34178674351585014,0.08818443804034583,0.18160919540229886,0.26744186046511625,0.13541666666666666,0.20379746835443038,0.25,59,0.22950819672131148,71,False,False,0.5883547264215446,0.04226065752571029,2.7560975609756095,3.1707317073170733,41,,,,,,,0.11740297956238889,20,4.9,1.31,108.1,6.0,7.0,83.0,37.0,0.0,0.0,0.0,20.0,SP,20.0,464.0,105.0,23.2,6.9,3.07,8.72,1.08,22.983764128158732
805999,A. J. Ewing,L,NYM,1,Martín Pérez,L,527048.0,823597,ATL @ NYM,4:10 PM,27/07,Scheduled,0.6306105151289144,,,,False,0111101100,estimated,1,0,0.0,0.2170957736943839,0.313704871908136,0.37508215506457965,0.34091869127980745,0.3141540525649599,20,1,-0.04400386847195356,0.949,67.2,B,0.2803532008830022,2.0697091159224486,0.34361095893745225,0.21603260473232394,19,4,0,0.22727272727272727,0.2712765957446808,0.6160648489314665,0.08106116433308769,0.30287398673544585,0.21281216069489686,0.2459605026929982,0.2459016393442623,0.22882781828379137,0.25384615384615383,142,0.27450980392156865,118,True,False,0.6523473033723953,-0.02173678824348091,3.5692307692307694,4.0,65,,,,,,,-0.036773946502354785,20,3.38,1.2,85.1,6.0,6.0,65.0,36.0,0.0,0.0,0.0,15.0,SP,19.0,349.0,66.0,18.4,6.86,3.8,6.96,1.05,18.834921875015244
542303,Marcell Ozuna,R,PIT,7,Merrill Kelly,R,518876.0,823353,AZ @ PIT,3:40 PM,27/07,Scheduled,0.6295240326636921,,,,False,1101110000,estimated,0,0,0.0,0.18862471016670296,0.3077128708200098,0.3108261342640152,0.30160880681525315,0.27464886773497577,20,1,0.02323529411764705,1.013,21.5,F,0.2456246228123114,1.7513758344826067,0.46776978516241063,0.14761454737618726,18,4,0,0.19,0.21323529411764705,0.5130224106602059,0.22652937613567534,0.2604482132041187,0.20743301642178047,0.19686411149825783,0.17721518987341772,0.20155793573515093,0.22857142857142856,153,0.16666666666666666,113,False,False,0.5511954623036188,0.07832857036007324,3.6307692307692307,4.092307692307692,65,,,,,,,-0.16054981457509646,20,5.12,1.48,103.2,8.0,8.0,65.0,41.0,0.0,0.0,0.0,18.0,SP,18.0,451.0,112.0,25.1,5.64,3.56,9.72,1.91,24.721412713805172
672960,Kazuma Okamoto,R,TOR,5,Andrew Alvarez,L,674841.0,822705,TOR @ WSH,3:45 PM,27/07,Scheduled,0.6277326985086437,,,,False,1000000011,estimated,0,0,0.0,0.15157429320801563,0.19739566344298454,0.39536440696564373,0.23591233321501004,0.3562286210383673,20,1,0.0037121212121211944,1.04,33.4,F,0.28632938643702904,2.164470748007196,0.4566940366803683,0.2295281675538486,14,6,0,0.22916666666666666,0.22545454545454546,0.4241119483315393,0.5468245425188375,0.02906350914962325,0.2020033388981636,0.24458483754512636,0.23054755043227665,0.21935483870967742,0.2398190045248869,250,0.20666666666666667,167,True,False,0.598596752296462,0.02913594621218163,3.6732673267326734,4.128712871287129,101,,,,,,,-0.13635232703242278,20,4.22,1.5,53.1,2.0,3.0,55.0,25.0,1.0,0.0,1.0,7.0,RP,14.0,233.0,55.0,16.6,9.28,4.22,9.28,0.34,17.351151777486397
665750,Leody Taveras,L,BAL,4,Keider Montero,R,672456.0,824245,BAL @ DET,3:40 PM,27/07,Scheduled,0.6277265703208731,,,,False,0010111000,estimated,0,0,0.0,0.1605111853065432,0.2808153661626516,0.23585460643845457,0.24556076767245658,0.26712528662764,20,1,0.05883124549091623,1.004,81.7,A,0.26973684210526316,5.353868820699747,0.34339310712372406,0.2195239331606047,20,4,0,0.189873417721519,0.24870466321243523,0.5369881109643329,0.32562747688243066,0.13738441215323646,0.21239837398373984,0.22813688212927757,0.18204488778054864,0.2102510460251046,0.25,166,0.2109375,148,False,False,0.6210088584047433,0.006717711916129798,3.1627906976744184,3.6511627906976742,86,,,,,,,-0.18304394818262462,20,3.14,0.96,106.0,7.0,5.0,78.0,22.0,1.0,0.0,1.0,16.0,SP,22.0,419.0,80.0,19.0,6.62,1.87,6.79,0.85,17.52265613822885
624585,Jorge Soler,R,LAA,4,Tatsuya Imai,R,837227.0,824001,HOU @ LAA,6:38 PM,27/07,Scheduled,0.6241477178490825,,,,False,1100100110,estimated,3,0,0.0,0.131776658473083,0.365709941104967,0.5908973644427147,0.34412690592246264,0.40584899012364173,20,1,-0.018113465481886526,0.979,31.6,F,0.291331546023235,1.5730726814313394,0.43269900301644565,0.2550579355578189,14,5,0,0.21428571428571427,0.19617224880382775,0.47942754919499103,0.4606440071556351,0.05992844364937388,0.21912350597609562,0.23386114494518878,0.1391304347826087,0.21254643004539828,0.23243243243243245,205,0.14814814814814814,131,False,True,0.6362100554601747,-0.012062337611092211,3.6625,4.2,80,,,,,,,-0.18460944382698916,20,5.59,1.47,58.0,6.0,4.0,71.0,36.0,0.0,0.0,0.0,14.0,SP,14.0,258.0,49.0,18.4,11.02,5.59,7.6,1.4,18.76162935724282
677649,Ezequiel Duran,R,TEX,4,George Kirby,R,669923.0,822868,SEA @ TEX,11:35 AM,27/07,Scheduled,0.6239020949581833,,,,False,1001011111,estimated,3,1,0.3333333333333333,0.2611079273221645,0.33925439761433135,0.2549134580154753,0.39094211185771416,0.29493971498628213,20,1,-0.09131593982098646,0.964,54.7,C,0.26914285714285713,4.672665151271259,0.4261689288488572,0.2281184499072948,19,6,0,0.33707865168539325,0.2457627118644068,0.5337528604118993,0.39530892448512583,0.07093821510297482,0.24788732394366197,0.2496954933008526,0.22868217054263565,0.24581673306772908,0.2564102564102564,215,0.2923076923076923,142,False,False,0.6359644325692756,-0.012062337611092322,3.532608695652174,3.880434782608696,92,,,,,,,0.13434391359363115,20,3.57,1.28,116.0,8.0,8.0,104.0,25.0,0.0,0.0,0.0,19.0,SP,19.0,477.0,124.0,25.1,8.07,1.94,9.62,0.85,25.049744849054388
665877,José Fermín,R,STL,8,David Peterson,L,656849.0,823025,CHC @ STL,4:45 PM,27/07,Scheduled,0.6236116431008019,,,,False,0011010010,estimated,3,2,0.6666666666666666,0.18614268180433433,0.2558784147443595,0.3670116716721966,0.19156997607533205,0.12547787070057045,20,1,0.04704850964348334,1.031,31.6,F,0.2653061224489796,1.7778510682481206,0.4323198647791432,0.1672820176792998,20,5,0,0.2711864406779661,0.22413793103448276,0.5299727520435967,0.3480926430517711,0.12193460490463215,0.2706185567010309,0.27197802197802196,0.3219178082191781,0.27682737169517885,0.27058823529411763,92,0.24175824175824176,104,False,False,0.5958142013008062,0.02779744179999566,2.6666666666666665,2.9696969696969697,66,,,,,,,-0.011564143149473282,20,5.97,1.56,89.0,5.0,7.0,74.0,38.0,1.0,0.0,1.0,12.0,SP,20.0,406.0,101.0,20.3,7.48,3.84,10.21,0.91,20.36313801953377
592663,J. T. Realmuto,R,PHI,7,Tyler Phillips,R,663969.0,823839,PHI @ MIA,3:40 PM,27/07,Scheduled,0.6235181749221187,,,,False,1111111111,estimated,3,0,0.0,0.4064829411943678,0.4178181516295755,0.5667274273933979,0.5049360581193263,0.2103926403189308,20,1,-0.004991087344028505,1.0,52.5,C,0.2935206869633099,1.643924946916217,0.3854938045255338,0.1553452833406549,20,5,0,0.23529411764705882,0.23030303030303031,0.3442622950819672,0.41842310694769713,0.2373145979703357,0.23804971319311663,0.18566176470588236,0.20526315789473684,0.22240802675585283,0.25,149,0.21052631578947367,131,False,False,0.6089465207936511,0.014571654128467615,3.3783783783783785,3.7837837837837838,74,,,,,,,0.23571927712976448,20,3.52,1.39,79.1,2.0,5.0,58.0,36.0,2.0,1.0,3.0,10.0,RP,26.0,342.0,74.0,13.2,6.58,4.08,8.39,1.02,16.195174479707354
643289,Mauricio Dubón,R,ATL,5,Zach Thornton,L,804267.0,823597,ATL @ NYM,4:10 PM,27/07,Scheduled,0.6230788546256235,,,,False,0110001111,estimated,0,0,0.0,0.2348332590173953,0.2973407950531678,0.34186752680788823,0.29629545385229555,0.1412368626193442,20,1,0.018884268884268918,0.949,58.7,C,0.2803738317757009,,,,4,5,0,0.27564102564102566,0.25675675675675674,0.8068535825545171,0.16199376947040497,0.03115264797507788,0.27004490057729313,0.2719186785260483,0.21875,0.26497005988023953,0.26046511627906976,231,0.26993865030674846,180,False,True,0.6514625505323987,-0.02838369590677514,3.78,4.11,100,,,,,,,0.07123116104027986,20,1.93,0.86,23.1,1.0,1.0,17.0,6.0,0.0,0.0,0.0,4.0,SP,4.0,87.0,14.0,21.8,6.56,2.31,5.4,0.39,
665862,Jazz Chisholm,L,NYY,6,Noah Schultz,L,702273.0,824570,NYY @ CWS,4:40 PM,27/07,Scheduled,0.6225687889200927,,,,False,1011111010,estimated,0,0,0.0,0.20853519376205729,0.3538893820080156,0.5243714784475237,0.4035001722940309,0.42633220641131236,20,1,-0.003641456582633068,0.968,34.0,F,0.2649746192893401,1.770586448082129,0.40274601049068587,0.1878690209324914,12,5,0,0.21904761904761905,0.22268907563025211,0.683248730964467,0.21421319796954313,0.10253807106598985,0.2065052950075643,0.20595854922279794,0.19672131147540983,0.20512820512820512,0.2159090909090909,198,0.2275449101796407,186,False,True,0.6053683410528167,0.017200447867276036,3.536082474226804,3.9587628865979383,97,,,,,,,0.022196449111580124,20,6.04,1.46,56.2,3.0,7.0,49.0,29.0,0.0,0.0,0.0,12.0,SP,12.0,253.0,54.0,21.1,7.78,4.61,8.58,1.43,21.257056210477344
645277,Ozzie Albies,L,ATL,2,Zach Thornton,L,804267.0,823597,ATL @ NYM,4:10 PM,27/07,Scheduled,0.6200334633599675,,,,False,1100101111,estimated,0,0,0.0,0.22535889720669433,0.26740752135653234,0.23368593173208085,0.32900853762853915,0.29114373250487,20,1,0.08858543417366946,0.949,58.7,C,0.2803738317757009,,,,4,5,0,0.31547619047619047,0.226890756302521,0.8068535825545171,0.16199376947040497,0.03115264797507788,0.2507204610951009,0.2496969696969697,0.23580786026200873,0.2476780185758514,0.26556016597510373,268,0.2606060606060606,184,False,True,0.6381832972292695,-0.018149833869302023,3.9038461538461537,4.346153846153846,104,,,,,,,-0.04486001604775096,20,1.93,0.86,23.1,1.0,1.0,17.0,6.0,0.0,0.0,0.0,4.0,SP,4.0,87.0,14.0,21.8,6.56,2.31,5.4,0.39,
687093,Vaughn Grissom,R,LAA,5,Tatsuya Imai,R,837227.0,824001,HOU @ LAA,6:38 PM,27/07,Scheduled,0.6197587272071653,,,,False,1011111011,estimated,0,0,0.0,0.29799215683786434,0.34930122654727225,0.374803866323232,0.39257501274586537,0.23436155103293863,20,1,-0.03822206848841228,0.979,31.6,F,0.291331546023235,1.5730726814313394,0.43269900301644565,0.2550579355578189,14,5,0,0.2755102040816326,0.23728813559322035,0.47942754919499103,0.4606440071556351,0.05992844364937388,0.23076923076923078,0.22810590631364563,0.24479166666666666,0.23163138231631383,0.2459016393442623,138,0.26595744680851063,106,False,True,0.6239020949581833,-0.004143367751017979,3.4285714285714284,3.873015873015873,63,,,,,,,0.12342795603923425,20,5.59,1.47,58.0,6.0,4.0,71.0,36.0,0.0,0.0,0.0,14.0,SP,14.0,258.0,49.0,18.4,11.02,5.59,7.6,1.4,18.76162935724282
680779,Henry Davis,R,PIT,9,Merrill Kelly,R,518876.0,823353,AZ @ PIT,3:40 PM,27/07,Scheduled,0.6189906091792584,,,,False,0011101011,estimated,0,0,0.0,0.30093163415263074,0.2891964344911396,0.484189595836254,0.3735729618801863,0.2176565875025807,20,1,0.04096638655462187,1.013,21.5,F,0.2456246228123114,1.7513758344826067,0.46776978516241063,0.14761454737618726,18,4,0,0.14285714285714285,0.18382352941176472,0.5130224106602059,0.22652937613567534,0.2604482132041187,0.19055374592833876,0.1407185628742515,0.23846153846153847,0.17840805123513268,0.16161616161616163,111,0.189873417721519,94,False,False,0.5590048448002393,0.059985764379019146,3.016949152542373,3.4745762711864407,59,,,,,,,0.0871715969381678,20,5.12,1.48,103.2,8.0,8.0,65.0,41.0,0.0,0.0,0.0,18.0,SP,18.0,451.0,112.0,25.1,5.64,3.56,9.72,1.91,24.721412713805172
665926,Andrés Giménez,L,TOR,8,Andrew Alvarez,L,674841.0,822705,TOR @ WSH,3:45 PM,27/07,Scheduled,0.6187064495540585,,,,False,1011000001,estimated,0,0,0.0,0.17084186644303634,0.3639049311179018,0.15926479657818646,0.24197619366632228,0.1899920977390639,20,1,0.07215885086607518,1.04,33.4,F,0.28632938643702904,2.164470748007196,0.4566940366803683,0.2295281675538486,14,6,0,0.28888888888888886,0.21673003802281368,0.4241119483315393,0.5468245425188375,0.02906350914962325,0.25084745762711863,0.22648752399232247,0.18243243243243243,0.23353293413173654,0.2625,174,0.1891891891891892,160,False,False,0.5968883322492317,0.021818117304826856,3.2421052631578946,3.5157894736842104,95,,,,,,,-0.09156264622389514,20,4.22,1.5,53.1,2.0,3.0,55.0,25.0,1.0,0.0,1.0,7.0,RP,14.0,233.0,55.0,16.6,9.28,4.22,9.28,0.34,17.351151777486397
669127,Shea Langeliers,R,ATH,3,Payton Tolle,L,801139.0,824977,BOS @ ATH,6:40 PM,27/07,Scheduled,0.6178145986999736,,,,False,0011111111,estimated,0,0,0.0,0.283745650760295,0.4742131907852971,0.6919615418951367,0.5757015359739833,0.4017660033583519,20,2,0.009841269841269817,0.977,81.3,A,0.2823529411764706,3.7763850161003463,0.35463099800389886,0.27427431419242576,16,6,0,0.2698412698412698,0.26,0.8889705882352941,0.07941176470588235,0.03161764705882353,0.21895620875824834,0.21734892787524365,0.2537313432835821,0.22425997425997427,0.2320675105485232,261,0.31654676258992803,156,False,False,0.6356739807118941,-0.0178593820119205,4.043010752688172,4.483870967741935,93,,,,,,,-0.05146328792833683,20,3.31,1.1,89.2,5.0,6.0,96.0,26.0,0.0,0.0,0.0,16.0,SP,16.0,367.0,73.0,22.9,9.64,2.61,7.33,0.9,22.819356670943762
667472,Dane Myers,R,CIN,9,Slade Cecconi,R,677944.0,824490,CLE @ CIN,4:10 PM,27/07,Scheduled,0.6171306980876988,,,,False,0110011010,estimated,0,0,0.0,0.29108544962513955,0.27497920166194256,0.36371906570285045,0.3740856761067638,0.25787942065039265,20,2,0.02941970310391362,1.083,44.6,D,0.26365237815619497,2.6200953619964724,0.4156959126477068,0.18304633631094253,20,4,0,0.25263157894736843,0.28205128205128205,0.7271655863288156,0.2498526812021214,0.022981732469063054,0.23668639053254437,0.256,0.23076923076923078,0.24141749723145073,0.2830188679245283,64,0.24691358024691357,93,False,False,0.5573227113257833,0.059807986761915566,2.2333333333333334,2.6166666666666667,60,,,,,,,0.028594825487840123,20,4.6,1.45,103.2,4.0,7.0,82.0,34.0,0.0,0.0,0.0,20.0,SP,20.0,455.0,116.0,22.8,7.12,2.95,10.07,1.3,22.793051610783674
646240,Rafael Devers,L,SF,5,Brandon Sproat,R,687075.0,823195,MIL @ SF,6:45 PM,27/07,Scheduled,0.6119007761319386,-138.0,150.0,58.0,False,0001010111,estimated,0,0,0.0,0.298295469879307,0.34579190239523405,0.48045106231470125,0.3566692323441378,0.20739589895857902,20,1,0.06621160409556315,0.994,44.2,D,0.2724358974358974,2.1779292455416823,0.41893980581394963,0.2498702450542896,19,5,0,0.2,0.26621160409556316,0.7156862745098039,0.20392156862745098,0.0803921568627451,0.23073217726396916,0.22162162162162163,0.2757009345794392,0.23780487804878048,0.23404255319148937,259,0.2721518987341772,179,False,False,0.635280531957001,-0.023379755825062354,3.8155339805825244,4.252427184466019,103,,,,,,,0.0717079591407606,20,5.09,1.38,86.2,3.0,5.0,91.0,43.0,0.0,0.0,0.0,17.0,SP,19.0,373.0,77.0,19.6,9.45,4.47,8.0,1.66,19.813999792104983
689414,Liam Hicks,L,MIA,5,Zack Wheeler,R,554430.0,823839,PHI @ MIA,3:40 PM,27/07,Scheduled,0.6118174238381181,,,,False,1111010100,estimated,0,0,0.0,0.22443244633851012,0.2665937485571742,0.2961201815823851,0.254974286975667,0.10852515329722626,20,1,0.08623468729851705,1.0,90.2,A,0.29560155239327296,5.884330445262086,0.3141702044418559,0.3307255491885142,16,5,0,0.20454545454545456,0.2907801418439716,0.6216041397153945,0.22315653298835705,0.15523932729624837,0.28888888888888886,0.28730822873082285,0.2775330396475771,0.28720836685438456,0.3010752688172043,215,0.25,161,False,False,0.6600046189700159,-0.04818719513189784,3.5053763440860215,4.043010752688172,93,,,,,,,0.02638858737459737,20,2.16,0.88,100.0,10.0,2.0,117.0,22.0,0.0,0.0,0.0,16.0,SP,16.0,380.0,66.0,23.8,10.53,1.98,5.94,0.99,23.835293846340768
695657,Colson Montgomery,L,CWS,4,Max Fried,L,608331.0,824570,NYY @ CWS,4:40 PM,27/07,Scheduled,0.6104841178000275,,,,False,1011010001,estimated,0,0,0.0,0.1769053317336223,0.3225333212092003,0.2908799671464424,0.2907501962931976,0.3410624471182791,20,1,0.0509650414696535,0.968,80.2,A,0.28378378378378377,2.814206954490969,0.2963911641494039,0.23853035743515605,10,4,0,0.25773195876288657,0.20676691729323307,0.6148648648648649,0.24549549549549549,0.13963963963963963,0.2255346727154893,0.20963541666666666,0.2386058981233244,0.22526861800666914,0.25943396226415094,239,0.16556291390728478,169,False,False,0.621392778440808,-0.010908660640780443,3.7422680412371134,4.206185567010309,97,,,,,,,-0.10009859864038216,20,2.97,0.96,66.2,4.0,3.0,57.0,20.0,0.0,0.0,0.0,11.0,SP,11.0,256.0,44.0,23.3,7.7,2.7,5.94,0.13,22.541644390291673
641343,Jake Bauers,L,MIL,5,Tyler Mahle,R,641816.0,823195,MIL @ SF,6:45 PM,27/07,Scheduled,0.6089465207936511,,,,False,1100001011,estimated,0,0,0.0,0.26015715389199684,0.3956901967634347,0.5359391275642681,0.39528667277964596,0.3260779456207547,20,1,-0.02490421455938696,0.994,52.6,C,0.2663316582914573,2.3989442552295586,0.36774204016818657,0.20783670954548228,16,5,0,0.2777777777777778,0.25287356321839083,0.6534867002156722,0.09489575844716032,0.2516175413371675,0.2454328832406672,0.265179677819083,0.23665893271461716,0.24880573248407642,0.2727272727272727,208,0.23741007194244604,162,False,False,0.6105774144305519,-0.001630893636900832,3.351063829787234,3.9361702127659575,94,,,,,,,-0.17208927582393357,20,5.31,1.45,83.0,2.0,9.0,77.0,33.0,0.0,0.0,0.0,16.0,SP,16.0,359.0,87.0,22.4,8.35,3.58,9.43,1.41,22.536309837061587
621566,Matt Olson,L,ATL,3,Zach Thornton,L,804267.0,823597,ATL @ NYM,4:10 PM,27/07,Scheduled,0.6089465207936511,-170.0,178.0,63.0,False,1101011010,estimated,0,0,0.0,0.2452613099684812,0.33229478965816767,0.4429793437864778,0.37726644563614625,0.2785522185301566,20,1,-0.01619433198380571,0.949,58.7,C,0.2803738317757009,,,,4,5,0,0.2573099415204678,0.27350427350427353,0.8068535825545171,0.16199376947040497,0.03115264797507788,0.27794263105835804,0.2565905096660808,0.27292576419213976,0.27112092766427387,0.2584745762711864,268,0.2781065088757396,189,False,True,0.6327712154396256,-0.023824694645974476,3.894230769230769,4.394230769230769,104,,,,,,,-0.09540509027293576,20,1.93,0.86,23.1,1.0,1.0,17.0,6.0,0.0,0.0,0.0,4.0,SP,4.0,87.0,14.0,21.8,6.56,2.31,5.4,0.39,
683083,Nasim Nuñez,L,WSH,9,Max Scherzer,R,453286.0,822705,TOR @ WSH,3:45 PM,27/07,Scheduled,0.6088178530514434,,,,False,0010111100,estimated,0,0,0.0,0.21525551088362563,0.24744851808436022,0.17421349721524332,0.2732064444129307,0.10289325467854835,20,1,-0.010589768654284765,1.04,20.5,F,0.215962441314554,1.1872488435731807,0.43520204290428843,0.14180650498440375,6,46,0,0.25806451612903225,0.2474747474747475,0.4823529411764706,0.3623529411764706,0.15529411764705883,0.24345757335448057,0.22194513715710723,0.2740112994350282,0.2455621301775148,0.2484076433121019,180,0.2537313432835821,153,False,False,0.5557893044994852,0.053028548551958266,3.2333333333333334,3.7,90,,,,,,,-0.1217748847318368,20,10.23,1.73,22.0,1.0,4.0,14.0,11.0,0.0,0.0,0.0,6.0,SP,6.0,102.0,27.0,17.0,5.73,4.5,11.05,3.68,17.055485209579633
669003,Garrett Mitchell,L,MIL,6,Tyler Mahle,R,641816.0,823195,MIL @ SF,6:45 PM,27/07,Scheduled,0.6078776575701921,,,,False,1111010000,estimated,0,0,0.0,0.22973150767425138,0.4066575071832847,0.48098625516933285,0.351421355341991,0.2415049851089993,20,1,0.016460905349794275,0.994,52.6,C,0.2663316582914573,2.3989442552295586,0.36774204016818657,0.20783670954548228,16,5,0,0.25925925925925924,0.2757201646090535,0.6534867002156722,0.09489575844716032,0.2516175413371675,0.2613268608414239,0.28429752066115704,0.24776119402985075,0.26538108356290174,0.27439024390243905,185,0.2706766917293233,154,False,False,0.6053683410528167,0.002509316517375404,3.2282608695652173,3.6847826086956523,92,,,,,,,0.010198096098033382,20,5.31,1.45,83.0,2.0,9.0,77.0,33.0,0.0,0.0,0.0,16.0,SP,16.0,359.0,87.0,22.4,8.35,3.58,9.43,1.41,22.536309837061587
553869,Elías Díaz,R,TEX,7,George Kirby,R,669923.0,822868,SEA @ TEX,11:35 AM,27/07,Scheduled,0.6062601919069016,,,,False,1001010101,estimated,0,0,0.0,0.20547380446067184,0.2950409745804437,0.31508006376421627,0.22126735866579184,0.1756470638247123,20,2,-0.0110688343133864,0.964,54.7,C,0.26914285714285713,4.672665151271259,0.4261689288488572,0.2281184499072948,19,6,0,0.2653061224489796,0.2542372881355932,0.5337528604118993,0.39530892448512583,0.07093821510297482,0.2245430809399478,0.25,0.25806451612903225,0.2398190045248869,0.26229508196721313,61,0.2553191489361702,51,False,False,0.6053683410528167,0.0008918508540849412,3.085714285714286,3.2,35,,,,,,,0.05605601124525908,20,3.57,1.28,116.0,8.0,8.0,104.0,25.0,0.0,0.0,0.0,19.0,SP,19.0,477.0,124.0,25.1,8.07,1.94,9.62,0.85,25.049744849054388
676724,Jared Young,L,NYM,7,Martín Pérez,L,527048.0,823597,ATL @ NYM,4:10 PM,27/07,Scheduled,0.6062601919069016,,,,False,0111001101,estimated,0,0,0.0,0.2920020706090831,0.34467923063883593,0.45239706362385596,0.3287117755173196,0.1481596024032715,20,2,-0.11714285714285716,0.949,67.2,B,0.2803532008830022,2.0697091159224486,0.34361095893745225,0.21603260473232394,19,4,0,0.14285714285714285,0.26,0.6160648489314665,0.08106116433308769,0.30287398673544585,0.2617124394184168,0.2442159383033419,0.2534562211981567,0.2552845528455285,0.30526315789473685,102,0.1774193548387097,74,False,False,0.6334551160519002,-0.027194924144998578,2.8035714285714284,3.142857142857143,56,,,,,,,0.11369609661010456,20,3.38,1.2,85.1,6.0,6.0,65.0,36.0,0.0,0.0,0.0,15.0,SP,19.0,349.0,66.0,18.4,6.86,3.8,6.96,1.05,18.834921875015244
687637,Dylan Beavers,L,BAL,5,Keider Montero,R,672456.0,824245,BAL @ DET,3:40 PM,27/07,Scheduled,0.6053683410528167,,,,False,1101101011,estimated,0,0,0.0,0.2714208398745606,0.3340037321778022,0.3547657755911741,0.4081675481354137,0.28462327529298853,20,1,0.03472222222222221,1.004,81.7,A,0.26973684210526316,5.353868820699747,0.34339310712372406,0.2195239331606047,20,4,0,0.2222222222222222,0.2569444444444444,0.5369881109643329,0.32562747688243066,0.13738441215323646,0.24191063174114022,0.2,0.16990291262135923,0.21686746987951808,0.21505376344086022,106,0.31666666666666665,69,False,False,0.6053683410528167,0.0,3.06,3.5,50,,,,,,,-0.027269594388203557,20,3.14,0.96,106.0,7.0,5.0,78.0,22.0,1.0,0.0,1.0,16.0,SP,22.0,419.0,80.0,19.0,6.62,1.87,6.79,0.85,17.52265613822885
664023,Ian Happ,L,CHC,5,,R,,823025,CHC @ STL,4:45 PM,27/07,Scheduled,0.6053683410528167,,,,False,1010011110,estimated,0,0,0.0,0.21740140150221665,0.25997164872308964,0.24280901370433894,0.3483465521376042,0.2841964198641623,20,1,-0.015593194300418639,1.031,,,,,,,0,0,0,0.23232323232323232,0.21673003802281368,,,,0.19896640826873385,0.22416302765647744,0.18533886583679116,0.20335570469798658,0.21739130434782608,245,0.22580645161290322,183,False,False,0.5858681358116478,0.01950020524116891,3.693877551020408,4.36734693877551,98,,,,,,,-0.003256681747733824,20,,,,,,,,,,,,,,,,,,,,,
656716,Zach Mckinstry,L,DET,8,Kyle Bradish,R,680694.0,824245,BAL @ DET,3:40 PM,27/07,Scheduled,0.6053683410528167,,,,False,1010001111,estimated,0,0,0.0,0.21352025782114387,0.3415162034235172,0.28143483733197494,0.2409431391801831,0.12028605412133965,20,1,0.06147198215779201,1.004,60.4,C,0.27867095391211144,2.094391614786482,0.3801828856395922,0.2206827990377907,20,4,0,0.14705882352941177,0.20853080568720378,0.5126005361930295,0.4873994638069705,0.0,0.20535714285714285,0.16971279373368145,0.2054263565891473,0.19805194805194806,0.2204724409448819,141,0.17796610169491525,137,False,False,0.6053683410528167,0.0,3.141025641025641,3.5641025641025643,78,,,,,,,-0.26812183473521894,20,3.49,1.32,113.1,7.0,9.0,110.0,51.0,0.0,0.0,0.0,20.0,SP,20.0,477.0,99.0,23.9,8.74,4.05,7.86,0.95,24.236551203988842
701678,Hao-Yu Lee,R,DET,7,Kyle Bradish,R,680694.0,824245,BAL @ DET,3:40 PM,27/07,Scheduled,0.6053683410528167,,,,False,1111111111,estimated,0,0,0.0,0.36074504512193895,0.3473352713818917,0.5764039264314922,0.48587675640674494,0.2026851646173384,20,1,0.02689075630252097,1.004,60.4,C,0.27867095391211144,2.094391614786482,0.3801828856395922,0.2206827990377907,20,4,0,0.25882352941176473,0.2857142857142857,0.5126005361930295,0.4873994638069705,0.0,0.23248407643312102,0.2467948717948718,0.26956521739130435,0.24075829383886255,0.2808988764044944,92,0.26436781609195403,93,True,False,0.6053683410528167,0.0,2.8852459016393444,3.0327868852459017,61,,,,,,,0.08460694893037334,20,3.49,1.32,113.1,7.0,9.0,110.0,51.0,0.0,0.0,0.0,20.0,SP,20.0,477.0,99.0,23.9,8.74,4.05,7.86,0.95,24.236551203988842
681481,Kerry Carpenter,L,DET,6,Kyle Bradish,R,680694.0,824245,BAL @ DET,3:40 PM,27/07,Scheduled,0.6053683410528167,,,,False,0000000111,estimated,0,0,0.0,0.13486348722916636,0.28765232898734283,0.2765556757895877,0.2298971820036628,0.266290419990336,20,1,-0.037037037037037035,1.004,60.4,C,0.27867095391211144,2.094391614786482,0.3801828856395922,0.2206827990377907,20,4,0,0.25,0.21296296296296297,0.5126005361930295,0.4873994638069705,0.0,0.21506682867557717,0.22165820642978004,0.20588235294117646,0.21569767441860466,0.24812030075187969,145,0.16483516483516483,107,False,False,0.6053683410528167,0.0,2.8354430379746836,3.189873417721519,79,,,,,,,-0.18277679441840955,20,3.49,1.32,113.1,7.0,9.0,110.0,51.0,0.0,0.0,0.0,20.0,SP,20.0,477.0,99.0,23.9,8.74,4.05,7.86,0.95,24.236551203988842
663728,Cal Raleigh,L,SEA,4,Kumar Rocker,R,677958.0,822868,SEA @ TEX,11:35 AM,27/07,Scheduled,0.6053683410528167,-113.0,127.0,53.0,False,1100010110,estimated,0,0,0.0,0.13955253738644086,0.26889597858282765,0.2649185498131748,0.24594423763588824,0.31688159618588146,20,1,0.0036409466461279905,0.964,47.0,D,0.26046221111805123,2.7256256694020125,0.4067941937530658,0.22148878806965888,19,5,0,0.16216216216216217,0.16580310880829016,0.565081351689612,0.37734668335419275,0.057571964956195244,0.15078769692423105,0.16591251885369532,0.14840182648401826,0.15447822514379622,0.1746987951807229,190,0.1485148514851485,119,False,False,0.6156598097827226,-0.01029146872990594,3.7083333333333335,4.291666666666667,72,,,,,,,-0.0728669054493745,20,4.13,1.31,96.0,3.0,8.0,86.0,36.0,0.0,0.0,0.0,17.0,SP,19.0,411.0,90.0,21.6,8.06,3.38,8.44,1.13,21.692769088610845
687401,Joey Ortiz,R,MIL,8,Tyler Mahle,R,641816.0,823195,MIL @ SF,6:45 PM,27/07,Scheduled,0.6053683410528167,,,,False,0111001110,estimated,0,0,0.0,0.2991833191756129,0.34835598627751196,0.467656054824237,0.340402485935619,0.1748117653662792,20,2,0.014241486068111459,0.994,52.6,C,0.2663316582914573,2.3989442552295586,0.36774204016818657,0.20783670954548228,16,5,0,0.22105263157894736,0.23529411764705882,0.6534867002156722,0.09489575844716032,0.2516175413371675,0.2076167076167076,0.19130434782608696,0.24,0.20679886685552407,0.20869565217391303,128,0.25,135,False,False,0.5930454458232255,0.01232289522959118,2.9240506329113924,3.329113924050633,79,,,,,,,0.04518945059147598,20,5.31,1.45,83.0,2.0,9.0,77.0,33.0,0.0,0.0,0.0,16.0,SP,16.0,359.0,87.0,22.4,8.35,3.58,9.43,1.41,22.536309837061587
681715,Heriberto Hernandez,R,MIA,3,Zack Wheeler,R,554430.0,823839,PHI @ MIA,3:40 PM,27/07,Scheduled,0.6053683410528167,,,,False,1110111110,estimated,1,1,1.0,0.30020093341880033,0.4431471330256256,0.5454844454155062,0.4977687209951538,0.3027687345502507,20,1,0.051659451659451655,1.0,90.2,A,0.29560155239327296,5.884330445262086,0.3141702044418559,0.3307255491885142,16,5,0,0.21818181818181817,0.2698412698412698,0.6216041397153945,0.22315653298835705,0.15523932729624837,0.23029556650246305,0.20783645655877342,0.23622047244094488,0.2249698431845597,0.19166666666666668,135,0.3017241379310345,127,False,False,0.6572905849664092,-0.05192224391359257,3.1466666666666665,3.493333333333333,75,,,,,,,0.15008930672271498,20,2.16,0.88,100.0,10.0,2.0,117.0,22.0,0.0,0.0,0.0,16.0,SP,16.0,380.0,66.0,23.8,10.53,1.98,5.94,0.99,23.835293846340768
695731,Braden Montgomery,L,CWS,6,Max Fried,L,608331.0,824570,NYY @ CWS,4:40 PM,27/07,Scheduled,0.6053683410528167,,,,False,0111110111,estimated,0,0,0.0,0.26437331093311267,0.3151219881490927,0.37103362366381454,0.3582296169617358,0.18669526310227322,20,1,-0.06732673267326733,0.968,80.2,A,0.28378378378378377,2.814206954490969,0.2963911641494039,0.23853035743515605,10,4,0,0.2,0.26732673267326734,0.6148648648648649,0.24549549549549549,0.13963963963963963,0.23917995444191345,0.26288659793814434,0.2,0.22742857142857142,0.2535211267605634,79,0.24615384615384617,71,True,False,0.6225687889200927,-0.017200447867276036,3.675675675675676,4.054054054054054,37,,,,,,,0.09274633645048266,20,2.97,0.96,66.2,4.0,3.0,57.0,20.0,0.0,0.0,0.0,11.0,SP,11.0,256.0,44.0,23.3,7.7,2.7,5.94,0.13,22.541644390291673
694497,Evan Carter,L,TEX,5,George Kirby,R,669923.0,822868,SEA @ TEX,11:35 AM,27/07,Scheduled,0.6053683410528167,,,,False,0110101001,estimated,3,1,0.3333333333333333,0.22141688979644755,0.25824756214600314,0.356028914876206,0.3440191864650315,0.2159075412946155,20,1,-0.21578947368421056,0.964,54.7,C,0.26914285714285713,4.672665151271259,0.4261689288488572,0.2281184499072948,19,6,0,0.4,0.18421052631578946,0.5337528604118993,0.39530892448512583,0.07093821510297482,0.21224489795918366,0.1566265060240964,0.1595238095238095,0.18769716088328076,0.22058823529411764,162,0.1568627450980392,123,False,False,0.6074842207762451,-0.0021158797234284155,2.8333333333333335,3.392857142857143,84,,,,,,,-0.06616714498043562,20,3.57,1.28,116.0,8.0,8.0,104.0,25.0,0.0,0.0,0.0,19.0,SP,19.0,477.0,124.0,25.1,8.07,1.94,9.62,0.85,25.049744849054388
641933,Tyler O'Neill,R,BAL,6,Keider Montero,R,672456.0,824245,BAL @ DET,3:40 PM,27/07,Scheduled,0.6039060410354106,,,,False,1001111110,estimated,0,0,0.0,0.3286580317972949,0.35918253329965755,0.5541281740969977,0.48099373356787317,0.30500287193856906,20,1,0.024509803921568624,1.004,81.7,A,0.26973684210526316,5.353868820699747,0.34339310712372406,0.2195239331606047,20,4,0,0.19607843137254902,0.22058823529411764,0.5369881109643329,0.32562747688243066,0.13738441215323646,0.1901081916537867,0.17270194986072424,0.1358695652173913,0.17647058823529413,0.16853932584269662,101,0.24691358024691357,89,False,False,0.6089465207936511,-0.0050404797582405125,2.7419354838709675,3.064516129032258,62,,,,,,,0.046425840805736696,20,3.14,0.96,106.0,7.0,5.0,78.0,22.0,1.0,0.0,1.0,16.0,SP,22.0,419.0,80.0,19.0,6.62,1.87,6.79,0.85,17.52265613822885
666176,Jo Adell,R,LAA,6,Tatsuya Imai,R,837227.0,824001,HOU @ LAA,6:38 PM,27/07,Scheduled,0.6012830811832115,-113.0,133.0,53.0,False,0000011011,estimated,0,0,0.0,0.23738658703210821,0.37681076297086136,0.31165522839536086,0.2894702226448922,0.19360815709148432,20,1,-0.009203572079460542,0.979,31.6,F,0.291331546023235,1.5730726814313394,0.43269900301644565,0.2550579355578189,14,5,0,0.2457627118644068,0.23655913978494625,0.47942754919499103,0.4606440071556351,0.05992844364937388,0.24047470331043097,0.2522255192878338,0.18087318087318088,0.23436492585428756,0.23265306122448978,259,0.25,167,False,True,0.6119007761319386,-0.010617694948727108,3.854368932038835,4.135922330097087,103,,,,,,,0.006721075159654763,20,5.59,1.47,58.0,6.0,4.0,71.0,36.0,0.0,0.0,0.0,14.0,SP,14.0,258.0,49.0,18.4,11.02,5.59,7.6,1.4,18.76162935724282
643217,Andrew Benintendi,L,CWS,5,Max Fried,L,608331.0,824570,NYY @ CWS,4:40 PM,27/07,Scheduled,0.5993711661909612,,,,False,1010110100,estimated,0,0,0.0,0.22850096917135043,0.28761307532382463,0.3407235612667621,0.3083608280134486,0.23618986374506465,20,1,-0.022837066315327198,0.968,80.2,A,0.28378378378378377,2.814206954490969,0.2963911641494039,0.23853035743515605,10,4,0,0.2222222222222222,0.2450592885375494,0.6148648648648649,0.24549549549549549,0.13963963963963963,0.2329136690647482,0.21212121212121213,0.2222222222222222,0.22508038585209003,0.2261904761904762,186,0.26785714285714285,127,False,False,0.6053683410528167,-0.00599717486185547,3.111111111111111,3.477777777777778,90,,,,,,,0.1219710667015823,20,2.97,0.96,66.2,4.0,3.0,57.0,20.0,0.0,0.0,0.0,11.0,SP,11.0,256.0,44.0,23.3,7.7,2.7,5.94,0.13,22.541644390291673
681082,Bryson Stott,L,PHI,8,Tyler Phillips,R,663969.0,823839,PHI @ MIA,3:40 PM,27/07,Scheduled,0.5988007170276402,,,,False,1101111100,estimated,3,1,0.3333333333333333,0.2450982506844314,0.390503703741377,0.40851761297964934,0.3133509879785578,0.2748402610272083,20,1,-0.033275713050993944,1.0,52.5,C,0.2935206869633099,1.643924946916217,0.3854938045255338,0.1553452833406549,20,5,0,0.2692307692307692,0.23595505617977527,0.3442622950819672,0.41842310694769713,0.2373145979703357,0.2161149281698938,0.23823975720789076,0.22015915119363394,0.2213826973932754,0.2192513368983957,205,0.2721518987341772,173,False,False,0.5763139960596373,0.02248672096800286,3.520408163265306,3.857142857142857,98,,,,,,,0.15694997528330787,20,3.52,1.39,79.1,2.0,5.0,58.0,36.0,2.0,1.0,3.0,10.0,RP,26.0,342.0,74.0,13.2,6.58,4.08,8.39,1.02,16.195174479707354
701807,Carson Benge,L,NYM,5,Martín Pérez,L,527048.0,823597,ATL @ NYM,4:10 PM,27/07,Scheduled,0.5981498402632893,,,,False,1001011101,estimated,2,0,0.0,0.2605983836659877,0.33665767097488203,0.32546640617058975,0.33110814856069487,0.27070951542120436,20,1,0.003401360544217691,0.949,67.2,B,0.2803532008830022,2.0697091159224486,0.34361095893745225,0.21603260473232394,19,4,0,0.2619047619047619,0.2585034013605442,0.6160648489314665,0.08106116433308769,0.30287398673544585,0.23176661264181522,0.26252983293556087,0.2606837606837607,0.24421919543870763,0.24107142857142858,246,0.2857142857142857,166,True,False,0.6200594724027174,-0.021909632139428092,3.8181818181818183,4.161616161616162,99,,,,,,,0.15999471952314065,20,3.38,1.2,85.1,6.0,6.0,65.0,36.0,0.0,0.0,0.0,15.0,SP,19.0,349.0,66.0,18.4,6.86,3.8,6.96,1.05,18.834921875015244
666126,Carlos Cortes,L,ATH,5,Payton Tolle,L,801139.0,824977,BOS @ ATH,6:40 PM,27/07,Scheduled,0.5981498402632893,,,,False,1001110000,estimated,0,0,0.0,0.150500403776141,0.2374568783999457,0.3538093732240196,0.24655640341718166,0.23819896066239077,20,2,0.015946843853820558,0.977,81.3,A,0.2823529411764706,3.7763850161003463,0.35463099800389886,0.27427431419242576,16,6,0,0.2857142857142857,0.26976744186046514,0.8889705882352941,0.07941176470588235,0.03161764705882353,0.287109375,0.25,0.2681564245810056,0.274468085106383,0.2781954887218045,152,0.25842696629213485,98,False,False,0.6156598097827226,-0.01750996951943329,2.8461538461538463,3.2051282051282053,78,,,,,,,-0.06710046528568422,20,3.31,1.1,89.2,5.0,6.0,96.0,26.0,0.0,0.0,0.0,16.0,SP,16.0,367.0,73.0,22.9,9.64,2.61,7.33,0.9,22.819356670943762
655316,Andruw Monasterio,R,BOS,8,Jack Perkins,R,678022.0,824977,BOS @ ATH,6:40 PM,27/07,Scheduled,0.5977049014423771,,,,False,1001111111,estimated,0,0,0.0,0.3152331812172206,0.3454793014859703,0.37174043576024923,0.3830813457553665,0.16350051622502945,20,1,0.03495934959349595,0.977,62.3,C,0.30213903743315507,2.690956760074783,0.36870758558877686,0.24740596555202818,20,5,0,0.23333333333333334,0.2682926829268293,0.48574057037718493,0.32290708371665133,0.19135234590616376,0.24041297935103245,0.2559241706161137,0.22839506172839505,0.24347826086956523,0.3048780487804878,91,0.2,96,False,False,0.5993711661909612,-0.001666264748584112,2.8666666666666667,3.1166666666666667,60,,,,,,,0.14801933791691688,20,6.75,1.42,62.2,2.0,5.0,76.0,24.0,3.0,2.0,5.0,7.0,RP,25.0,285.0,65.0,11.4,10.91,3.45,9.34,1.58,14.592087345877761
608348,Carson Kelly,R,CHC,8,,R,,823025,CHC @ STL,4:45 PM,27/07,Scheduled,0.5977049014423771,,,,False,0010010100,estimated,0,0,0.0,0.16605145514735162,0.23834997217862428,0.32841718813751214,0.21953058612740187,0.11914538776394419,20,2,-0.03403079352546387,1.031,,,,,,,0,0,0,0.2823529411764706,0.2483221476510067,,,,0.2437574316290131,0.2202020202020202,0.2967032967032967,0.24210526315789474,0.25396825396825395,137,0.26851851851851855,130,False,False,0.5722092064532771,0.025495694989099982,3.2054794520547945,3.6575342465753424,73,,,,,,,-0.17600737784986983,20,,,,,,,,,,,,,,,,,,,,,
624424,Michael Conforto,L,CHC,9,,R,,823025,CHC @ STL,4:45 PM,27/07,Scheduled,0.5977049014423771,,,,False,1001001000,estimated,0,0,0.0,0.18107257547919783,0.26082918499837887,0.4293729464997644,0.2907732460077137,0.2828712296726923,20,1,0.0,1.031,,,,,,,0,0,0,,0.23684210526315788,,,,0.2178988326848249,0.17218543046357615,0.15668202764976957,0.19061302681992337,0.20270270270270271,83,0.2692307692307692,91,False,False,0.5456136474514549,0.05209125399092218,2.235294117647059,2.5588235294117645,68,,,,,,,-0.04108446931096342,20,,,,,,,,,,,,,,,,,,,,,
687551,Drew Gilbert,L,SF,8,Brandon Sproat,R,687075.0,823195,MIL @ SF,6:45 PM,27/07,Scheduled,0.5958142013008062,,,,False,1110101011,estimated,0,0,0.0,0.257344764200155,0.3702977294713258,0.308698721373942,0.3115444675179503,0.11435758026851234,20,1,0.013675213675213682,0.994,44.2,D,0.2724358974358974,2.1779292455416823,0.41893980581394963,0.2498702450542896,19,5,0,0.2222222222222222,0.2358974358974359,0.7156862745098039,0.20392156862745098,0.0803921568627451,0.23651452282157676,0.23333333333333334,0.2694063926940639,0.2399103139013453,0.25,116,0.22018348623853212,127,False,False,0.6053683410528167,-0.009554139752010471,2.6962025316455698,3.0759493670886076,79,,,,,,,0.009151509108424962,20,5.09,1.38,86.2,3.0,5.0,91.0,43.0,0.0,0.0,0.0,17.0,SP,19.0,373.0,77.0,19.6,9.45,4.47,8.0,1.66,19.813999792104983
679529,Spencer Torkelson,R,DET,5,Kyle Bradish,R,680694.0,824245,BAL @ DET,3:40 PM,27/07,Scheduled,0.5912088795344768,,,,False,0010101000,estimated,0,0,0.0,0.14552302416982377,0.23295356925061056,0.23817986105656958,0.2445306143416655,0.34932162900882935,20,1,-0.028179019654274218,1.004,60.4,C,0.27867095391211144,2.094391614786482,0.3801828856395922,0.2206827990377907,20,4,0,0.22330097087378642,0.1951219512195122,0.5126005361930295,0.4873994638069705,0.0,0.19985775248933144,0.1904218928164196,0.17630057803468208,0.19346256176358798,0.18232044198895028,208,0.2261904761904762,191,False,False,0.5977049014423771,-0.006496021907900329,3.3883495145631066,3.8737864077669903,103,,,,,,,-0.24364211663254612,20,3.49,1.32,113.1,7.0,9.0,110.0,51.0,0.0,0.0,0.0,20.0,SP,20.0,477.0,99.0,23.9,8.74,4.05,7.86,0.95,24.236551203988842
669065,Kyle Stowers,L,MIA,2,Zack Wheeler,R,554430.0,823839,PHI @ MIA,3:40 PM,27/07,Scheduled,0.5912088795344768,,,,False,1000011011,estimated,1,0,0.0,0.19920100284483963,0.3285282357887816,0.5738555387409323,0.31151433019699404,0.40011693860812636,20,1,0.08518735362997656,1.0,90.2,A,0.29560155239327296,5.884330445262086,0.3141702044418559,0.3307255491885142,16,5,0,0.16071428571428573,0.2459016393442623,0.6216041397153945,0.22315653298835705,0.15523932729624837,0.17986798679867988,0.22306525037936267,0.2331288343558282,0.20330368487928843,0.20454545454545456,202,0.2661290322580645,138,False,False,0.6356739807118941,-0.04446510117741731,3.75,4.25,80,,,,,,,-0.24744257649823068,20,2.16,0.88,100.0,10.0,2.0,117.0,22.0,0.0,0.0,0.0,16.0,SP,16.0,380.0,66.0,23.8,10.53,1.98,5.94,0.99,23.835293846340768
669364,Xavier Edwards,L,MIA,4,Zack Wheeler,R,554430.0,823839,PHI @ MIA,3:40 PM,27/07,Scheduled,0.5898170264389507,,,,False,1110100010,estimated,1,1,1.0,0.19937833563327675,0.3097688700438022,0.21967080471235814,0.26599323062372027,0.23563510626415515,20,1,-0.017361111111111105,1.0,90.2,A,0.29560155239327296,5.884330445262086,0.3141702044418559,0.3307255491885142,16,5,0,0.3020833333333333,0.2847222222222222,0.6216041397153945,0.22315653298835705,0.15523932729624837,0.2857142857142857,0.3236282194848824,0.27031019202363366,0.2930607187112763,0.3008474576271186,270,0.2702702702702703,172,False,False,0.6385625416185511,-0.04874551517960035,3.6923076923076925,4.25,104,,,,,,,-0.14366237353092462,20,2.16,0.88,100.0,10.0,2.0,117.0,22.0,0.0,0.0,0.0,16.0,SP,16.0,380.0,66.0,23.8,10.53,1.98,5.94,0.99,23.835293846340768
643446,Jeff Mcneil,L,ATH,9,Payton Tolle,L,801139.0,824977,BOS @ ATH,6:40 PM,27/07,Scheduled,0.5881507616903666,,,,False,1001010101,estimated,0,0,0.0,0.3116419285667985,0.37482766356215935,0.4088696625777647,0.3353518767458021,0.037600394575479514,20,1,-0.05329297376628142,0.977,81.3,A,0.2823529411764706,3.7763850161003463,0.35463099800389886,0.27427431419242576,16,6,0,0.1956521739130435,0.2489451476793249,0.8889705882352941,0.07941176470588235,0.03161764705882353,0.22427184466019418,0.22705314009661837,0.2556818181818182,0.23102493074792244,0.25477707006369427,174,0.2222222222222222,140,False,False,0.6171306980876988,-0.028979936397332207,3.0760869565217392,3.4130434782608696,92,,,,,,,0.029881762103331617,20,3.31,1.1,89.2,5.0,6.0,96.0,26.0,0.0,0.0,0.0,16.0,SP,16.0,367.0,73.0,22.9,9.64,2.61,7.33,0.9,22.819356670943762
670042,Luke Raley,L,SEA,7,Kumar Rocker,R,677958.0,822868,SEA @ TEX,11:35 AM,27/07,Scheduled,0.5881507616903666,,,,False,0010110101,estimated,0,0,0.0,0.24012164964787935,0.4226697722591729,0.4734227151371423,0.3969410662898843,0.38413543072016826,20,1,0.23673469387755103,0.964,47.0,D,0.26046221111805123,2.7256256694020125,0.4067941937530658,0.22148878806965888,19,5,0,0.0,0.23673469387755103,0.565081351689612,0.37734668335419275,0.057571964956195244,0.2294887039239001,0.23135755258126195,0.22755741127348644,0.22939262472885033,0.24113475177304963,156,0.21818181818181817,118,False,False,0.5898170264389507,-0.001666264748584112,2.8850574712643677,3.1494252873563218,87,,,,,,,0.1295324529521021,20,4.13,1.31,96.0,3.0,8.0,86.0,36.0,0.0,0.0,0.0,17.0,SP,19.0,411.0,90.0,21.6,8.06,3.38,8.44,1.13,21.692769088610845
671976,Tristan Peters,L,CWS,7,Max Fried,L,608331.0,824570,NYY @ CWS,4:40 PM,27/07,Scheduled,0.5866884616729605,,,,False,0110010011,estimated,0,0,0.0,0.24979865605209522,0.3080993671565289,0.3636460571568916,0.31785111294021745,0.16363700715056728,20,1,-0.16522366522366522,0.968,80.2,A,0.28378378378378377,2.814206954490969,0.2963911641494039,0.23853035743515605,10,4,0,0.13636363636363635,0.30158730158730157,0.6148648648648649,0.24549549549549549,0.13963963963963963,0.24423480083857443,0.2863157894736842,0.22743682310469315,0.2543655413271246,0.23026315789473684,165,0.36065573770491804,140,False,False,0.6053683410528167,-0.018679879379856157,2.9148936170212765,3.24468085106383,94,,,,,,,0.01307458668404223,20,2.97,0.96,66.2,4.0,3.0,57.0,20.0,0.0,0.0,0.0,11.0,SP,11.0,256.0,44.0,23.3,7.7,2.7,5.94,0.13,22.541644390291673
676609,José Caballero,R,NYY,8,Noah Schultz,L,702273.0,824570,NYY @ CWS,4:40 PM,27/07,Scheduled,0.5858681358116478,,,,False,1101001001,estimated,0,0,0.0,0.18453853221630495,0.2520605584464405,0.18632719545737203,0.25469916049636226,0.31991009938735665,20,1,-0.006342701014832169,0.968,34.0,F,0.2649746192893401,1.770586448082129,0.40274601049068587,0.1878690209324914,12,5,0,0.23770491803278687,0.24404761904761904,0.683248730964467,0.21421319796954313,0.10253807106598985,0.2330547818012999,0.21052631578947367,0.2,0.2225186766275347,0.2361111111111111,161,0.2465753424657534,156,False,True,0.5573227113257833,0.0285454244858645,3.3333333333333335,3.6436781609195403,87,,,,,,,-0.009618122199910597,20,6.04,1.46,56.2,3.0,7.0,49.0,29.0,0.0,0.0,0.0,12.0,SP,12.0,253.0,54.0,21.1,7.78,4.61,8.58,1.43,21.257056210477344
593871,Jorge Polanco,L,NYM,6,Martín Pérez,L,527048.0,823597,ATL @ NYM,4:10 PM,27/07,Scheduled,0.5856877391522796,,,,False,1101001000,estimated,0,0,0.0,0.11413853766821314,0.23540544011507025,0.2859069563302607,0.16313309741147627,0.3665255313585135,20,1,0.06764705882352942,0.949,67.2,B,0.2803532008830022,2.0697091159224486,0.34361095893745225,0.21603260473232394,19,4,0,0.2,0.1323529411764706,0.6160648489314665,0.08106116433308769,0.30287398673544585,0.09333333333333334,0.1165644171779141,0.1319796954314721,0.10884353741496598,0.09090909090909091,56,0.24242424242424243,36,False,False,0.5972168777551118,-0.011529138602832223,3.8260869565217392,4.0,23,,,,,,,-0.42735432833446635,20,3.38,1.2,85.1,6.0,6.0,65.0,36.0,0.0,0.0,0.0,15.0,SP,19.0,349.0,66.0,18.4,6.86,3.8,6.96,1.05,18.834921875015244
663586,Austin Riley,R,ATL,6,Zach Thornton,L,804267.0,823597,ATL @ NYM,4:10 PM,27/07,Scheduled,0.5840459720840064,,,,False,0111001110,estimated,0,0,0.0,0.24973990957760303,0.380930672478105,0.5133828701309486,0.40259062583226013,0.3463686925404507,20,1,-0.026337448559670767,0.949,58.7,C,0.2803738317757009,,,,4,5,0,0.2,0.22633744855967078,0.8068535825545171,0.16199376947040497,0.03115264797507788,0.21153846153846154,0.18162393162393162,0.22247706422018348,0.20441619270659084,0.21052631578947367,233,0.22485207100591717,189,False,True,0.5993711661909612,-0.015325194106954765,3.6346153846153846,4.0576923076923075,104,,,,,,,0.10364593540799602,20,1.93,0.86,23.1,1.0,1.0,17.0,6.0,0.0,0.0,0.0,4.0,SP,4.0,87.0,14.0,21.8,6.56,2.31,5.4,0.39,
664702,Myles Straw,R,TOR,9,Andrew Alvarez,L,674841.0,822705,TOR @ WSH,3:45 PM,27/07,Scheduled,0.5825836720666003,,,,False,1000010000,estimated,0,0,0.0,0.09454452650552511,0.23525295358821058,0.2066613265245342,0.10405657971583525,0.16213610687315128,20,1,0.019298245614035064,1.04,33.4,F,0.28632938643702904,2.164470748007196,0.4566940366803683,0.2295281675538486,14,6,0,0.21929824561403508,0.2,0.4241119483315393,0.5468245425188375,0.02906350914962325,0.2078125,0.1916376306620209,0.13392857142857142,0.19538017324350337,0.22784810126582278,86,0.2,97,False,False,0.5509591823043617,0.03162448976223864,2.1025641025641026,2.3461538461538463,78,,,,,,,-0.33550139199788115,20,4.22,1.5,53.1,2.0,3.0,55.0,25.0,1.0,0.0,1.0,7.0,RP,14.0,233.0,55.0,16.6,9.28,4.22,9.28,0.34,17.351151777486397
656555,Rhys Hoskins,R,CLE,5,Chase Burns,R,695505.0,824490,CLE @ CIN,4:10 PM,27/07,Scheduled,0.581891683648157,,,,False,0110011000,estimated,0,0,0.0,0.13152962441611615,0.2780262845097992,0.3243935354017118,0.2787557556005332,0.4555871163745516,20,2,0.11229270469249647,1.083,76.2,B,0.29411764705882354,2.9283063432285985,0.35780466081087686,0.28333176116064657,19,5,0,0.10619469026548672,0.2184873949579832,0.5707013574660633,0.375,0.05429864253393665,0.1523988711194732,0.17474048442906576,0.0995260663507109,0.15401184706515886,0.171875,149,0.15384615384615385,133,False,False,0.5788159602935532,0.003075723354603821,2.8641975308641974,3.4814814814814814,81,,,,,,,-0.13361676483269913,20,2.42,1.11,107.2,12.0,1.0,124.0,39.0,0.0,0.0,0.0,19.0,SP,19.0,433.0,80.0,22.8,10.37,3.26,6.69,1.0,22.76766630807763
805347,Jim Jarvis,L,ATL,8,Zach Thornton,L,804267.0,823597,ATL @ NYM,4:10 PM,27/07,Scheduled,0.5817633462052876,,,,False,1110011000,estimated,0,0,0.0,0.2187725359878214,0.3068275672521791,0.4887104785009509,0.2680180692924754,0.19604768202694814,19,1,-0.11635220125786164,0.949,58.7,C,0.2803738317757009,,,,4,5,0,0.16666666666666666,0.2830188679245283,0.8068535825545171,0.16199376947040497,0.03115264797507788,0.22916666666666666,0.2222222222222222,0.208955223880597,0.22287390029325513,0.27586206896551724,31,0.26666666666666666,32,True,True,0.5968883322492317,-0.015124986043944078,3.1052631578947367,3.3157894736842106,19,,,,,,,-0.02250314984318381,19,1.93,0.86,23.1,1.0,1.0,17.0,6.0,0.0,0.0,0.0,4.0,SP,4.0,87.0,14.0,21.8,6.56,2.31,5.4,0.39,
800325,Luis Lara,L,MIL,7,Tyler Mahle,R,641816.0,823195,MIL @ SF,6:45 PM,27/07,Scheduled,0.5812789828316403,,,,False,1110110001,estimated,0,0,0.0,0.2855709039792381,0.30974864239680683,0.2082236197847501,0.3296858094634522,0.14212736191329034,11,1,0.0,0.994,52.6,C,0.2663316582914573,2.3989442552295586,0.36774204016818657,0.20783670954548228,16,5,0,,0.3076923076923077,0.6534867002156722,0.09489575844716032,0.2516175413371675,0.25165562913907286,0.2631578947368421,0.23076923076923078,0.24899598393574296,0.25,19,0.3076923076923077,18,True,False,0.5812789828316403,0.0,2.6363636363636362,3.3636363636363638,11,,,,,,,0.06354892579356788,11,5.31,1.45,83.0,2.0,9.0,77.0,33.0,0.0,0.0,0.0,16.0,SP,16.0,359.0,87.0,22.4,8.35,3.58,9.43,1.41,22.536309837061587
669224,Austin Wells,L,NYY,9,Noah Schultz,L,702273.0,824570,NYY @ CWS,4:40 PM,27/07,Scheduled,0.5763139960596373,,,,False,0110100111,estimated,0,0,0.0,0.2499766706617429,0.412076433060041,0.49692474479522736,0.3195737885660791,0.23373027255949833,20,1,-0.028329197684036383,0.968,34.0,F,0.2649746192893401,1.770586448082129,0.40274601049068587,0.1878690209324914,12,5,0,0.14102564102564102,0.1693548387096774,0.683248730964467,0.21421319796954313,0.10253807106598985,0.13517665130568357,0.1023454157782516,0.12962962962962962,0.12518628912071536,0.12173913043478261,126,0.20689655172413793,107,False,True,0.5652909843941489,0.011023011665488358,2.8857142857142857,3.3285714285714287,70,,,,,,,-0.04082880167378909,20,6.04,1.46,56.2,3.0,7.0,49.0,29.0,0.0,0.0,0.0,12.0,SP,12.0,253.0,54.0,21.1,7.78,4.61,8.58,1.43,21.257056210477344
672275,Patrick Bailey,L,CLE,8,Chase Burns,R,695505.0,824490,CLE @ CIN,4:10 PM,27/07,Scheduled,0.5763139960596373,,,,False,1111001110,estimated,2,0,0.0,0.24058568808522723,0.3395150718548916,0.4817075162023679,0.3184422360595959,0.2652981065147259,20,1,-0.03529411764705881,1.083,76.2,B,0.29411764705882354,2.9283063432285985,0.35780466081087686,0.28333176116064657,19,5,0,0.23529411764705882,0.2,0.5707013574660633,0.375,0.05429864253393665,0.18581560283687942,0.20054945054945056,0.13962264150943396,0.18297236743838685,0.17307692307692307,111,0.23655913978494625,104,False,False,0.5812789828316403,-0.004964986772002966,2.984848484848485,3.257575757575758,66,,,,,,,0.0012266983741481153,20,2.42,1.11,107.2,12.0,1.0,124.0,39.0,0.0,0.0,0.0,19.0,SP,19.0,433.0,80.0,22.8,10.37,3.26,6.69,1.0,22.76766630807763
683734,Andrew Vaughn,R,MIL,9,Tyler Mahle,R,641816.0,823195,MIL @ SF,6:45 PM,27/07,Scheduled,0.5738509735215502,,,,False,0000011011,estimated,0,0,0.0,0.1923754337269928,0.3185757096511126,0.3163189711941129,0.28642500786895664,0.1443688491316012,20,2,-0.07548928238583413,0.994,52.6,C,0.2663316582914573,2.3989442552295586,0.36774204016818657,0.20783670954548228,16,5,0,0.35135135135135137,0.27586206896551724,0.6534867002156722,0.09489575844716032,0.2516175413371675,0.32298136645962733,0.29219143576826195,0.3235294117647059,0.31643499591169255,0.28735632183908044,104,0.33783783783783783,82,False,False,0.5675648339276406,0.006286139593909668,2.683333333333333,3.1,60,,,,,,,-0.01793106623228202,20,5.31,1.45,83.0,2.0,9.0,77.0,33.0,0.0,0.0,0.0,16.0,SP,16.0,359.0,87.0,22.4,8.35,3.58,9.43,1.41,22.536309837061587
642215,Weston Wilson,R,SEA,8,Kumar Rocker,R,677958.0,822868,SEA @ TEX,11:35 AM,27/07,Scheduled,0.5731991862473045,,,,False,1001111010,estimated,0,0,0.0,0.18540480078869406,0.25212638417590283,0.3036462847553855,0.344528990931705,0.24861643826582464,20,1,-0.06818181818181818,0.964,47.0,D,0.26046221111805123,2.7256256694020125,0.4067941937530658,0.22148878806965888,19,5,0,0.25,0.18181818181818182,0.565081351689612,0.37734668335419275,0.057571964956195244,0.20553359683794467,0.19444444444444445,0.27184466019417475,0.2151394422310757,0.19047619047619047,47,0.2857142857142857,32,False,False,0.5700278564657276,0.0031713297815768593,2.2580645161290325,2.5483870967741935,31,,,,,,,0.06688205026701133,20,4.13,1.31,96.0,3.0,8.0,86.0,36.0,0.0,0.0,0.0,17.0,SP,19.0,411.0,90.0,21.6,8.06,3.38,8.44,1.13,21.692769088610845
700932,Kyle Manzardo,L,CLE,6,Chase Burns,R,695505.0,824490,CLE @ CIN,4:10 PM,27/07,Scheduled,0.5722092064532771,,,,False,1100010100,estimated,0,0,0.0,0.1685876212597268,0.2731890217775347,0.4368464060395147,0.22986269843880133,0.314589948534431,20,1,0.017462580185317156,1.083,76.2,B,0.29411764705882354,2.9283063432285985,0.35780466081087686,0.28333176116064657,19,5,0,0.1956521739130435,0.21311475409836064,0.5707013574660633,0.375,0.05429864253393665,0.20646178092986603,0.18497913769123783,0.2005420054200542,0.19957805907172996,0.22085889570552147,186,0.1968503937007874,143,False,False,0.5977049014423771,-0.025495694989099982,3.0851063829787235,3.5,94,,,,,,,-0.13470225615095957,20,2.42,1.11,107.2,12.0,1.0,124.0,39.0,0.0,0.0,0.0,19.0,SP,19.0,433.0,80.0,22.8,10.37,3.26,6.69,1.0,22.76766630807763
663837,Matt Vierling,R,DET,9,Kyle Bradish,R,680694.0,824245,BAL @ DET,3:40 PM,27/07,Scheduled,0.5722092064532771,,,,False,1010001000,estimated,0,0,0.0,0.17562892631905913,0.34689757857915665,0.42144376181438065,0.20180135403577548,0.2295459407623441,20,1,-0.061277705345501976,1.004,60.4,C,0.27867095391211144,2.094391614786482,0.3801828856395922,0.2206827990377907,20,4,0,0.23076923076923078,0.1694915254237288,0.5126005361930295,0.4873994638069705,0.0,0.2008888888888889,0.23296703296703297,0.18007662835249041,0.20530877573131096,0.22627737226277372,145,0.1774193548387097,141,False,False,0.5722092064532771,0.0,3.182926829268293,3.4878048780487805,82,,,,,,,-0.19685686522633136,20,3.49,1.32,113.1,7.0,9.0,110.0,51.0,0.0,0.0,0.0,20.0,SP,20.0,477.0,99.0,23.9,8.74,4.05,7.86,0.95,24.236551203988842
814439,Ryan Waldschmidt,R,AZ,9,Mitch Keller,R,656605.0,823353,AZ @ PIT,3:40 PM,27/07,Scheduled,0.5722092064532771,,,,False,0100111101,estimated,0,0,0.0,0.21731372879216632,0.34266900424502944,0.32041269211989293,0.39869309359462113,0.3756766369281127,20,1,-0.22516046213093707,1.013,33.7,F,0.2609447004608295,2.200349348875063,0.43439162128259434,0.18209725038448973,20,4,0,0.4146341463414634,0.18947368421052632,0.570028818443804,0.34178674351585014,0.08818443804034583,0.2375,0.23579545454545456,0.2345679012345679,0.23658269441401972,0.2191780821917808,77,0.30158730158730157,72,True,False,0.5316674085828405,0.04054179787043666,3.4,3.725,40,,,,,,,0.06767369584746506,20,4.9,1.31,108.1,6.0,7.0,83.0,37.0,0.0,0.0,0.0,20.0,SP,20.0,464.0,105.0,23.2,6.9,3.07,8.72,1.08,22.983764128158732
805367,Chase Meidroth,R,CWS,8,Max Fried,L,608331.0,824570,NYY @ CWS,4:40 PM,27/07,Scheduled,0.5715574191790315,,,,False,1101110110,estimated,0,0,0.0,0.30210977676080214,0.3324325768642403,0.40806099799604056,0.3728630287430621,0.20333957362989805,20,1,0.005050505050505083,0.968,80.2,A,0.28378378378378377,2.814206954490969,0.2963911641494039,0.23853035743515605,10,4,0,0.2777777777777778,0.2727272727272727,0.6148648648648649,0.24549549549549549,0.13963963963963963,0.26733780760626397,0.24708624708624707,0.2659279778393352,0.26184951939012263,0.28019323671497587,238,0.2670807453416149,177,False,False,0.5876627380031013,-0.016105318824069847,3.717171717171717,4.191919191919192,99,,,,,,,0.1372786539195563,20,2.97,0.96,66.2,4.0,3.0,57.0,20.0,0.0,0.0,0.0,11.0,SP,11.0,256.0,44.0,23.3,7.7,2.7,5.94,0.13,22.541644390291673
690984,Petey Halpin,L,CLE,9,Chase Burns,R,695505.0,824490,CLE @ CIN,4:10 PM,27/07,Scheduled,0.566932751462422,,,,False,1111101000,estimated,0,0,0.0,0.19283446925654313,0.29837200044735235,0.22033836527555573,0.2561034677018064,0.15010490644828794,20,1,0.15809523809523807,1.083,76.2,B,0.29411764705882354,2.9283063432285985,0.35780466081087686,0.28333176116064657,19,5,0,0.08,0.23809523809523808,0.5707013574660633,0.375,0.05429864253393665,0.2054794520547945,0.12413793103448276,0.23809523809523808,0.1848906560636183,0.25,43,0.14583333333333334,51,False,False,0.5675648339276406,-0.0006320824652186197,2.588235294117647,2.764705882352941,34,,,,,,,-0.03325335915241625,20,2.42,1.11,107.2,12.0,1.0,124.0,39.0,0.0,0.0,0.0,19.0,SP,19.0,433.0,80.0,22.8,10.37,3.26,6.69,1.0,22.76766630807763
701358,Cam Smith,R,HOU,7,Walbert Ureña,R,700712.0,824001,HOU @ LAA,6:38 PM,27/07,Scheduled,0.5660819574311128,,,,False,0001000010,estimated,1,0,0.0,0.14136804972439793,0.27915966441102597,0.4827158320680861,0.15947801885933155,0.17195118108684465,20,1,-0.004267310789049933,0.979,72.3,B,0.2858094603597602,1.7830329336483772,0.3212127798988726,0.2198147295098093,17,5,0,0.21296296296296297,0.20869565217391303,0.5233957219251337,0.15307486631016043,0.3235294117647059,0.2188449848024316,0.20828905419766205,0.1826086956521739,0.21052631578947367,0.20207253886010362,216,0.2206896551724138,164,False,True,0.59524187890429,-0.029159921473177253,3.414141414141414,3.8383838383838382,99,,,,,,,-0.172471744982271,20,2.78,1.31,87.1,6.0,7.0,83.0,47.0,0.0,0.0,0.0,16.0,SP,18.0,378.0,67.0,21.0,8.55,4.84,6.9,0.52,22.339291289977027
695508,Cameron Cauley,R,TEX,9,George Kirby,R,669923.0,822868,SEA @ TEX,11:35 AM,27/07,Scheduled,0.5652909843941489,,,,False,1101011100,estimated,0,0,0.0,0.27311492855093067,0.2733157324172677,0.20108682811667522,0.33864280971461774,0.14259836522512825,16,1,-0.0981818181818182,0.964,54.7,C,0.26914285714285713,4.672665151271259,0.4261689288488572,0.2281184499072948,19,6,0,0.28,0.18181818181818182,0.5337528604118993,0.39530892448512583,0.07093821510297482,0.21641791044776118,0.15517241379310345,0.2,0.19724770642201836,0.22727272727272727,24,0.2857142857142857,17,True,False,0.5756622087853916,-0.010371224391242717,2.25,2.5625,16,,,,,,,0.08592343888649957,16,3.57,1.28,116.0,8.0,8.0,104.0,25.0,0.0,0.0,0.0,19.0,SP,19.0,477.0,124.0,25.1,8.07,1.94,9.62,0.85,25.049744849054388
680776,Jarren Duran,L,BOS,7,Jack Perkins,R,678022.0,824977,BOS @ ATH,6:40 PM,27/07,Scheduled,0.5618263415365222,,,,False,1010010110,estimated,0,0,0.0,0.15563909016150201,0.2940533207895371,0.361463416842388,0.23993953739096466,0.28511080912242986,20,1,-0.03057471264367817,0.977,62.3,C,0.30213903743315507,2.690956760074783,0.36870758558877686,0.24740596555202818,20,5,0,0.21333333333333335,0.18275862068965518,0.48574057037718493,0.32290708371665133,0.19135234590616376,0.17608409986859397,0.16329113924050634,0.2003780718336484,0.17698803659394793,0.18181818181818182,244,0.2,165,False,False,0.5765224059510344,-0.014696064414512211,3.8421052631578947,4.3052631578947365,95,,,,,,,-0.10953977047461487,20,6.75,1.42,62.2,2.0,5.0,76.0,24.0,3.0,2.0,5.0,7.0,RP,25.0,285.0,65.0,11.4,10.91,3.45,9.34,1.58,14.592087345877761
694203,Denzer Guzman,R,LAA,7,Tatsuya Imai,R,837227.0,824001,HOU @ LAA,6:38 PM,27/07,Scheduled,0.5577425397866104,,,,False,1101101010,estimated,0,0,0.0,0.1994909278781759,0.26928603279663554,0.3212310197061029,0.3030483285920969,0.31849602934609755,20,1,0.02496878901373284,0.979,31.6,F,0.291331546023235,1.5730726814313394,0.43269900301644565,0.2550579355578189,14,5,0,0.2222222222222222,0.24719101123595505,0.47942754919499103,0.4606440071556351,0.05992844364937388,0.23933209647495363,0.14873417721518986,0.25892857142857145,0.21604938271604937,0.2375,85,0.24444444444444444,50,False,True,0.5722092064532771,-0.014466666666666739,3.90625,4.21875,32,,,,,,,0.10387754349564397,20,5.59,1.47,58.0,6.0,4.0,71.0,36.0,0.0,0.0,0.0,14.0,SP,14.0,258.0,49.0,18.4,11.02,5.59,7.6,1.4,18.76162935724282
664774,Lamonte Wade,L,HOU,5,Walbert Ureña,R,700712.0,824001,HOU @ LAA,6:38 PM,27/07,Scheduled,0.5577425397866104,,,,False,1100000011,estimated,0,0,0.0,0.154068006591597,0.24388070308993903,0.2618188909662013,0.20049657496658255,0.1913327084636791,18,1,0.05279503105590064,0.979,72.3,B,0.2858094603597602,1.7830329336483772,0.3212127798988726,0.2198147295098093,17,5,0,0.14285714285714285,0.1956521739130435,0.5233957219251337,0.15307486631016043,0.3235294117647059,0.21691176470588236,0.19402985074626866,0.11267605633802817,0.19334719334719336,0.2,41,0.16666666666666666,22,False,True,0.5834051132735607,-0.025662573486950335,2.9444444444444446,3.5,18,,,,,,,-0.09245733811054363,18,2.78,1.31,87.1,6.0,7.0,83.0,47.0,0.0,0.0,0.0,16.0,SP,18.0,378.0,67.0,21.0,8.55,4.84,6.9,0.52,22.339291289977027
572233,Christian Walker,R,HOU,6,Walbert Ureña,R,700712.0,824001,HOU @ LAA,6:38 PM,27/07,Scheduled,0.5568613547645193,-117.0,144.0,54.0,False,0100001110,estimated,2,0,0.0,0.1530049770982573,0.24260297484056143,0.36320444710229527,0.3386224413498527,0.3846360119381605,20,1,-0.026173285198555968,0.979,72.3,B,0.2858094603597602,1.7830329336483772,0.3212127798988726,0.2198147295098093,17,5,0,0.25,0.22382671480144403,0.5233957219251337,0.15307486631016043,0.3235294117647059,0.20497630331753555,0.21047619047619048,0.25263157894736843,0.2112396694214876,0.2264957264957265,258,0.23776223776223776,162,False,True,0.5835334507164301,-0.02667209595191089,3.696078431372549,4.117647058823529,102,,,,,,,-0.0978792252275231,20,2.78,1.31,87.1,6.0,7.0,83.0,47.0,0.0,0.0,0.0,16.0,SP,18.0,378.0,67.0,21.0,8.55,4.84,6.9,0.52,22.339291289977027
642086,Dominic Smith,L,ATL,7,Zach Thornton,L,804267.0,823597,ATL @ NYM,4:10 PM,27/07,Scheduled,0.5568416499554921,,,,False,0001001100,estimated,0,0,0.0,0.21872276858758463,0.22970865654448458,0.3156530973621826,0.2954172627575527,0.1849556099455812,20,1,-0.20606060606060606,0.949,58.7,C,0.2803738317757009,,,,4,5,0,0.06666666666666667,0.2727272727272727,0.8068535825545171,0.16199376947040497,0.03115264797507788,0.2803867403314917,0.24754901960784315,0.2053872053872054,0.25488826815642457,0.3,120,0.21929824561403508,131,False,True,0.5779802608082214,-0.021138610852729278,2.604651162790698,2.9186046511627906,86,,,,,,,-0.1584105703003573,20,1.93,0.86,23.1,1.0,1.0,17.0,6.0,0.0,0.0,0.0,4.0,SP,4.0,87.0,14.0,21.8,6.56,2.31,5.4,0.39,
681351,Logan O'Hoppe,R,LAA,8,Tatsuya Imai,R,837227.0,824001,HOU @ LAA,6:38 PM,27/07,Scheduled,0.5558113037552818,,,,False,1000001001,estimated,0,0,0.0,0.19440791675591862,0.23940570245667184,0.22737369636719706,0.21040228096217867,0.21925121708044995,20,1,-0.11433789954337897,0.979,31.6,F,0.291331546023235,1.5730726814313394,0.43269900301644565,0.2550579355578189,14,5,0,0.2876712328767123,0.17333333333333334,0.47942754919499103,0.4606440071556351,0.05992844364937388,0.18934081346423562,0.21822033898305085,0.19393939393939394,0.19955654101995565,0.2265625,140,0.18947368421052632,105,False,True,0.5693957740005091,-0.013584470245227354,3.2794117647058822,3.6029411764705883,68,,,,,,,-0.11250100788318147,20,5.59,1.47,58.0,6.0,4.0,71.0,36.0,0.0,0.0,0.0,14.0,SP,14.0,258.0,49.0,18.4,11.02,5.59,7.6,1.4,18.76162935724282
642715,Willy Adames,R,SF,7,Brandon Sproat,R,687075.0,823195,MIL @ SF,6:45 PM,27/07,Scheduled,0.5545385511520877,,,,False,0111010101,estimated,0,0,0.0,0.19662662230417438,0.35781187779455215,0.2652864855583707,0.30208271483641874,0.3773722046203611,20,1,0.052912840584073445,0.994,44.2,D,0.2724358974358974,2.1779292455416823,0.41893980581394963,0.2498702450542896,19,5,0,0.18681318681318682,0.23972602739726026,0.7156862745098039,0.20392156862745098,0.0803921568627451,0.2264504054897068,0.20447609359104782,0.22006472491909385,0.21844993141289437,0.2523364485981308,232,0.1952662721893491,180,False,False,0.5591637353719845,-0.004625184219896772,3.9081632653061225,4.204081632653061,98,,,,,,,-0.1162177061194549,20,5.09,1.38,86.2,3.0,5.0,91.0,43.0,0.0,0.0,0.0,17.0,SP,19.0,373.0,77.0,19.6,9.45,4.47,8.0,1.66,19.813999792104983
672356,Gabriel Arias,R,CLE,7,Chase Burns,R,695505.0,824490,CLE @ CIN,4:10 PM,27/07,Scheduled,0.554371511466906,,,,False,1110011011,estimated,0,0,0.0,0.2666050656322058,0.4270973369834803,0.3597995606107052,0.5821680999938293,0.46159590330463635,20,1,-0.08710407239819007,1.083,76.2,B,0.29411764705882354,2.9283063432285985,0.35780466081087686,0.28333176116064657,19,5,0,0.3076923076923077,0.22058823529411764,0.5707013574660633,0.375,0.05429864253393665,0.2558746736292428,0.25757575757575757,0.24096385542168675,0.2540983606557377,0.23728813559322035,62,0.2708333333333333,51,False,False,0.5505752151706096,0.0037962962962964086,3.057142857142857,3.2285714285714286,35,,,,,,,0.1695922303292289,20,2.42,1.11,107.2,12.0,1.0,124.0,39.0,0.0,0.0,0.0,19.0,SP,19.0,433.0,80.0,22.8,10.37,3.26,6.69,1.0,22.76766630807763
622268,Donovan Walton,L,ATH,6,Payton Tolle,L,801139.0,824977,BOS @ ATH,6:40 PM,27/07,Scheduled,0.5514564001927008,,,,False,1100001100,estimated,0,0,0.0,0.2637643735974269,0.25567666304516634,0.4006098442070868,0.34209105274232476,0.23889437665469013,20,1,-0.09896907216494844,0.977,81.3,A,0.2823529411764706,3.7763850161003463,0.35463099800389886,0.27427431419242576,16,6,0,0.2,0.29896907216494845,0.8889705882352941,0.07941176470588235,0.03161764705882353,0.26011560693641617,0.25,0.22164948453608246,0.24833997343957503,0.2786885245901639,66,0.30434782608695654,55,False,False,0.5738509735215502,-0.02239457332884942,3.057142857142857,3.4571428571428573,35,,,,,,,-0.11723538385114878,20,3.31,1.1,89.2,5.0,6.0,96.0,26.0,0.0,0.0,0.0,16.0,SP,16.0,367.0,73.0,22.9,9.64,2.61,7.33,0.9,22.819356670943762
685133,Wade Meckler,L,LAA,9,Tatsuya Imai,R,837227.0,824001,HOU @ LAA,6:38 PM,27/07,Scheduled,0.5491224794439991,,,,False,1111000100,estimated,0,0,0.0,0.2727809711811186,0.36800369198211597,0.3910085054626136,0.3767383427964013,0.24486149497729767,20,1,0.16248636859323884,0.979,31.6,F,0.291331546023235,1.5730726814313394,0.43269900301644565,0.2550579355578189,14,5,0,0.14285714285714285,0.3053435114503817,0.47942754919499103,0.4606440071556351,0.05992844364937388,0.31905781584582443,0.2986111111111111,0.3153526970954357,0.31224899598393574,0.3516483516483517,100,0.19148936170212766,53,False,True,0.5590048448002393,-0.009882365356240208,3.0,3.3260869565217392,46,,,,,,,0.03689623328722341,20,5.59,1.47,58.0,6.0,4.0,71.0,36.0,0.0,0.0,0.0,14.0,SP,14.0,258.0,49.0,18.4,11.02,5.59,7.6,1.4,18.76162935724282
681297,Colton Cowser,L,BAL,7,Keider Montero,R,672456.0,824245,BAL @ DET,3:40 PM,27/07,Scheduled,0.546570278083722,,,,False,0010000000,estimated,0,0,0.0,0.051530388835240394,0.30152840718667734,0.7140330531562414,0.09383714740870046,0.24428027730541077,20,1,0.06588072122052704,1.004,81.7,A,0.26973684210526316,5.353868820699747,0.34339310712372406,0.2195239331606047,20,4,0,0.14285714285714285,0.2087378640776699,0.5369881109643329,0.32562747688243066,0.13738441215323646,0.21651090342679127,0.16046966731898238,0.19261213720316622,0.1917808219178082,0.20754716981132076,125,0.205607476635514,124,False,False,0.5488930816961536,-0.0023228036124315343,2.4767441860465116,2.895348837209302,86,,,,,,,-0.377904859007653,20,3.14,0.96,106.0,7.0,5.0,78.0,22.0,1.0,0.0,1.0,16.0,SP,22.0,419.0,80.0,19.0,6.62,1.87,6.79,0.85,17.52265613822885
656537,Derek Hill,R,PHI,9,Tyler Phillips,R,663969.0,823839,PHI @ MIA,3:40 PM,27/07,Scheduled,0.5455348759340645,,,,False,1011001000,estimated,0,0,0.0,0.28935741587978275,0.4044703805542168,0.30292912381045267,0.49398115453747415,0.35918391084004386,20,1,0.006521739130434773,1.0,52.5,C,0.2935206869633099,1.643924946916217,0.3854938045255338,0.1553452833406549,20,5,0,0.24347826086956523,0.25,0.3442622950819672,0.41842310694769713,0.2373145979703357,0.2380038387715931,0.20481927710843373,0.2459016393442623,0.22752497225305215,0.2727272727272727,73,0.22077922077922077,85,False,False,0.5314870374299088,0.014047838504155696,2.2,2.4307692307692306,65,,,,,,,-0.0872039565180647,20,3.52,1.39,79.1,2.0,5.0,58.0,36.0,2.0,1.0,3.0,10.0,RP,26.0,342.0,74.0,13.2,6.58,4.08,8.39,1.02,16.195174479707354
621438,Tyrone Taylor,R,NYM,9,Martín Pérez,L,527048.0,823597,ATL @ NYM,4:10 PM,27/07,Scheduled,0.5445381781335726,,,,False,1100101101,estimated,2,1,0.5,0.3388679628101581,0.3446262895180299,0.5252862831082054,0.4411700318005322,0.24039633390535986,20,1,0.03106697224344282,0.949,67.2,B,0.2803532008830022,2.0697091159224486,0.34361095893745225,0.21603260473232394,19,4,0,0.24675324675324675,0.21568627450980393,0.6160648489314665,0.08106116433308769,0.30287398673544585,0.23653395784543327,0.2265625,0.24210526315789474,0.23341836734693877,0.2833333333333333,65,0.19117647058823528,74,False,False,0.5652909843941489,-0.020752806260576295,2.4150943396226414,2.6226415094339623,53,,,,,,,0.09864435337436242,20,3.38,1.2,85.1,6.0,6.0,65.0,36.0,0.0,0.0,0.0,15.0,SP,19.0,349.0,66.0,18.4,6.86,3.8,6.96,1.05,18.834921875015244
691723,Coby Mayo,R,BAL,8,Keider Montero,R,672456.0,824245,BAL @ DET,3:40 PM,27/07,Scheduled,0.5445381781335726,,,,False,0101101010,estimated,0,0,0.0,0.20007706362241062,0.36943526433207313,0.4957047168120974,0.37812856039923426,0.43352803343521407,20,2,-0.09259259259259259,1.004,81.7,A,0.26973684210526316,5.353868820699747,0.34339310712372406,0.2195239331606047,20,4,0,0.25925925925925924,0.16666666666666666,0.5369881109643329,0.32562747688243066,0.13738441215323646,0.20701754385964913,0.18361581920903955,0.25806451612903225,0.20393258426966293,0.19548872180451127,147,0.20192307692307693,112,False,False,0.5445381781335726,0.0,3.16,3.453333333333333,75,,,,,,,-0.030086152376624455,20,3.14,0.96,106.0,7.0,5.0,78.0,22.0,1.0,0.0,1.0,16.0,SP,22.0,419.0,80.0,19.0,6.62,1.87,6.79,0.85,17.52265613822885
682626,Francisco Álvarez,R,NYM,8,Martín Pérez,L,527048.0,823597,ATL @ NYM,4:10 PM,27/07,Scheduled,0.5445381781335726,,,,False,1101101111,estimated,2,0,0.0,0.29430096461386523,0.4060259965789937,0.5067877917784904,0.516100644032327,0.3274888685091259,20,1,-0.02440476190476193,0.949,67.2,B,0.2803532008830022,2.0697091159224486,0.34361095893745225,0.21603260473232394,19,4,0,0.23809523809523808,0.2625,0.6160648489314665,0.08106116433308769,0.30287398673544585,0.25870069605568446,0.25476603119584057,0.2057142857142857,0.25092707045735474,0.2845528455284553,137,0.22,113,False,False,0.5722092064532771,-0.02767102831970447,3.2794117647058822,3.676470588235294,68,,,,,,,0.14852136466886515,20,3.38,1.2,85.1,6.0,6.0,65.0,36.0,0.0,0.0,0.0,15.0,SP,19.0,349.0,66.0,18.4,6.86,3.8,6.96,1.05,18.834921875015244
671732,Lawrence Butler,L,ATH,7,Payton Tolle,L,801139.0,824977,BOS @ ATH,6:40 PM,27/07,Scheduled,0.543145088057775,,,,False,0010011100,estimated,0,0,0.0,0.17118186349092335,0.2614422780860872,0.42126639989139414,0.2547694952305891,0.26230938167729984,20,1,-0.011703667953667951,0.977,81.3,A,0.2823529411764706,3.7763850161003463,0.35463099800389886,0.27427431419242576,16,6,0,0.1891891891891892,0.20089285714285715,0.8889705882352941,0.07941176470588235,0.03161764705882353,0.16010733452593917,0.1415929203539823,0.21052631578947367,0.16588906168999482,0.1893939393939394,149,0.20930232558139536,154,False,False,0.5591440305629575,-0.015998942505182523,2.868131868131868,3.32967032967033,91,,,,,,,-0.39388504362675847,20,3.31,1.1,89.2,5.0,6.0,96.0,26.0,0.0,0.0,0.0,16.0,SP,16.0,367.0,73.0,22.9,9.64,2.61,7.33,0.9,22.819356670943762
665052,Griffin Conine,L,MIA,6,Zack Wheeler,R,554430.0,823839,PHI @ MIA,3:40 PM,27/07,Scheduled,0.543145088057775,,,,False,1111111010,estimated,0,0,0.0,0.25427832941483985,0.4397193576050584,0.650098766811152,0.43570606547623075,0.3188920313652703,20,1,0.1486842105263158,1.0,90.2,A,0.29560155239327296,5.884330445262086,0.3141702044418559,0.3307255491885142,16,5,0,0.125,0.2736842105263158,0.6216041397153945,0.22315653298835705,0.15523932729624837,0.28753993610223644,0.26104417670682734,0.2155688622754491,0.26164383561643834,0.30357142857142855,63,0.2127659574468085,53,False,False,0.6027761074715869,-0.05963101941381199,2.7837837837837838,3.135135135135135,37,,,,,,,0.09079614753562616,20,2.16,0.88,100.0,10.0,2.0,117.0,22.0,0.0,0.0,0.0,16.0,SP,16.0,380.0,66.0,23.8,10.53,1.98,5.94,0.99,23.835293846340768
703607,Henry Bolte,R,ATH,8,Payton Tolle,L,801139.0,824977,BOS @ ATH,6:40 PM,27/07,Scheduled,0.5428560446591165,,,,False,0001100010,estimated,0,0,0.0,0.1148734558264446,0.2712460335023297,0.42374591239958925,0.13397093792689907,0.2640903778681177,20,1,-0.05179704016913317,0.977,81.3,A,0.2823529411764706,3.7763850161003463,0.35463099800389886,0.27427431419242576,16,6,0,0.22093023255813954,0.2727272727272727,0.8889705882352941,0.07941176470588235,0.03161764705882353,0.23459715639810427,0.24349881796690306,0.3173076923076923,0.25016812373907193,0.2672413793103448,130,0.225,95,True,False,0.5652712795851218,-0.02241523492600528,3.2666666666666666,3.75,60,,,,,,,-0.14601548862408598,20,3.31,1.1,89.2,5.0,6.0,96.0,26.0,0.0,0.0,0.0,16.0,SP,16.0,367.0,73.0,22.9,9.64,2.61,7.33,0.9,22.819356670943762
642201,Eli White,R,ATL,9,Zach Thornton,L,804267.0,823597,ATL @ NYM,4:10 PM,27/07,Scheduled,0.5428560446591165,,,,False,1011100001,estimated,0,0,0.0,0.22662417530207413,0.22094727920550858,0.16725718303487006,0.3598167160877946,0.26404306513486914,20,1,0.011283043197936798,0.949,58.7,C,0.2803738317757009,,,,4,5,0,0.22340425531914893,0.21212121212121213,0.8068535825545171,0.16199376947040497,0.03115264797507788,0.2190082644628099,0.21666666666666667,0.21428571428571427,0.21899441340782122,0.2054794520547945,78,0.24074074074074073,60,False,True,0.5412195451502088,0.0016364995089077627,2.309090909090909,2.5090909090909093,55,,,,,,,-0.010154846091379033,20,1.93,0.86,23.1,1.0,1.0,17.0,6.0,0.0,0.0,0.0,4.0,SP,4.0,87.0,14.0,21.8,6.56,2.31,5.4,0.39,
657136,Connor Wong,R,BOS,9,Jack Perkins,R,678022.0,824977,BOS @ ATH,6:40 PM,27/07,Scheduled,0.5381835203386202,,,,False,1101001010,estimated,0,0,0.0,0.25557411336767105,0.3273966402719719,0.44145176700914485,0.37559618166684217,0.33841447034370387,20,1,-0.014769544181308936,0.977,62.3,C,0.30213903743315507,2.690956760074783,0.36870758558877686,0.24740596555202818,20,5,0,0.27450980392156865,0.2597402597402597,0.48574057037718493,0.32290708371665133,0.19135234590616376,0.21920668058455114,0.1326530612244898,0.12048192771084337,0.17906976744186046,0.23376623376623376,91,0.3137254901960784,61,False,False,0.5405332410466851,-0.0023497207080649396,2.8444444444444446,3.3777777777777778,45,,,,,,,-0.04385499359282649,20,6.75,1.42,62.2,2.0,5.0,76.0,24.0,3.0,2.0,5.0,7.0,RP,25.0,285.0,65.0,11.4,10.91,3.45,9.34,1.58,14.592087345877761
806068,Colt Emerson,L,SEA,9,Kumar Rocker,R,677958.0,822868,SEA @ TEX,11:35 AM,27/07,Scheduled,0.5343084525249334,,,,False,1000110011,estimated,0,0,0.0,0.18590871732221181,0.3628565916796221,0.26608073644635566,0.3036143787620655,0.3341035690590568,20,1,-0.08999810928341842,0.964,47.0,D,0.26046221111805123,2.7256256694020125,0.4067941937530658,0.22148878806965888,19,5,0,0.2682926829268293,0.17829457364341086,0.565081351689612,0.37734668335419275,0.057571964956195244,0.20128824476650564,0.17258883248730963,0.164021164021164,0.18604651162790697,0.21505376344086022,105,0.18181818181818182,85,True,False,0.5307376950462067,0.003570757478726705,3.207547169811321,3.5849056603773586,53,,,,,,,-0.17355911119383655,20,4.13,1.31,96.0,3.0,8.0,86.0,36.0,0.0,0.0,0.0,17.0,SP,19.0,411.0,90.0,21.6,8.06,3.38,8.44,1.13,21.692769088610845
679822,Justin Foscue,R,TEX,8,George Kirby,R,669923.0,822868,SEA @ TEX,11:35 AM,27/07,Scheduled,0.5321453485914563,,,,False,0011000110,estimated,0,0,0.0,0.18629917430578188,0.27581770457108745,0.38801027582106173,0.32061464667613904,0.43335513142528,20,2,-0.21646341463414637,0.964,54.7,C,0.26914285714285713,4.672665151271259,0.4261689288488572,0.2281184499072948,19,6,0,0.34146341463414637,0.125,0.5337528604118993,0.39530892448512583,0.07093821510297482,0.22954091816367264,0.3296296296296296,0.3111111111111111,0.271523178807947,0.2857142857142857,68,0.2542372881355932,68,False,False,0.5317558166440836,0.00038953194737278984,2.3461538461538463,2.6153846153846154,52,,,,,,,-0.0979699152083296,20,3.57,1.28,116.0,8.0,8.0,104.0,25.0,0.0,0.0,0.0,19.0,SP,19.0,477.0,124.0,25.1,8.07,1.94,9.62,0.85,25.049744849054388
545341,Randal Grichuk,R,CWS,9,Max Fried,L,608331.0,824570,NYY @ CWS,4:40 PM,27/07,Scheduled,0.5225607349550198,,,,False,0001011000,estimated,0,0,0.0,0.15236255868115348,0.27940761705388684,0.3052780220303151,0.24236234814207125,0.3164177007357385,20,1,0.09604519774011303,0.968,80.2,A,0.28378378378378377,2.814206954490969,0.2963911641494039,0.23853035743515605,10,4,0,0.2627118644067797,0.16666666666666666,0.6148648648648649,0.24549549549549549,0.13963963963963963,0.20627062706270627,0.2574626865671642,0.2621951219512195,0.22832369942196531,0.24050632911392406,83,0.2463768115942029,73,False,False,0.5297668361857676,-0.00720610123074783,2.3125,2.4375,64,,,,,,,-0.06090073079659426,20,2.97,0.96,66.2,4.0,3.0,57.0,20.0,0.0,0.0,0.0,11.0,SP,11.0,256.0,44.0,23.3,7.7,2.7,5.94,0.13,22.541644390291673
691788,Joe Mack,L,MIA,9,Zack Wheeler,R,554430.0,823839,PHI @ MIA,3:40 PM,27/07,Scheduled,0.5197097818251638,,,,False,0011011111,estimated,2,2,1.0,0.2600661677040067,0.42484308763628725,0.5217906967018081,0.4044701902744682,0.2848179227088119,20,2,0.011564625850340127,1.0,90.2,A,0.29560155239327296,5.884330445262086,0.3141702044418559,0.3307255491885142,16,5,0,0.23333333333333334,0.24489795918367346,0.6216041397153945,0.22315653298835705,0.15523932729624837,0.24504504504504504,0.23466666666666666,0.1956521739130435,0.23013245033112584,0.21739130434782608,99,0.27058823529411763,96,True,False,0.5642409333849114,-0.04453115155974763,3.0517241379310347,3.3620689655172415,58,,,,,,,0.06202722785400249,20,2.16,0.88,100.0,10.0,2.0,117.0,22.0,0.0,0.0,0.0,16.0,SP,16.0,380.0,66.0,23.8,10.53,1.98,5.94,0.99,23.835293846340768
828599,Lucas Spence,L,HOU,8,Walbert Ureña,R,700712.0,824001,HOU @ LAA,6:38 PM,27/07,Scheduled,0.5195402054686219,,,,False,11001010,estimated,0,0,0.0,0.16286264958085825,0.31014013097923765,0.2808511319240078,0.3121693431960635,0.35457939414318385,8,1,0.0,0.979,72.3,B,0.2858094603597602,1.7830329336483772,0.3212127798988726,0.2198147295098093,17,5,0,,0.125,0.5233957219251337,0.15307486631016043,0.3235294117647059,0.23469387755102042,0.11940298507462686,0.11538461538461539,0.17050691244239632,0.25,20,0.08333333333333333,12,True,True,0.5317558166440836,-0.01221561117546166,3.5,4.0,8,,,,,,,-0.09014465124451311,8,2.78,1.31,87.1,6.0,7.0,83.0,47.0,0.0,0.0,0.0,16.0,SP,18.0,378.0,67.0,21.0,8.55,4.84,6.9,0.52,22.339291289977027
666211,Taylor Trammell,L,HOU,9,Walbert Ureña,R,700712.0,824001,HOU @ LAA,6:38 PM,27/07,Scheduled,0.5183127353007452,,,,False,0100001100,estimated,0,0,0.0,0.10988738784564249,0.2539271271621099,0.2838696758680635,0.1908509613810645,0.3505801329787666,20,1,0.007866273352999026,0.979,72.3,B,0.2858094603597602,1.7830329336483772,0.3212127798988726,0.2198147295098093,17,5,0,0.2222222222222222,0.23008849557522124,0.5233957219251337,0.15307486631016043,0.3235294117647059,0.2296983758700696,0.24904214559386972,0.22764227642276422,0.23558282208588957,0.30303030303030304,72,0.14285714285714285,62,False,True,0.5200596982465323,-0.0017469629457871338,2.595744680851064,2.851063829787234,47,,,,,,,-0.20146419485926495,20,2.78,1.31,87.1,6.0,7.0,83.0,47.0,0.0,0.0,0.0,16.0,SP,18.0,378.0,67.0,21.0,8.55,4.84,6.9,0.52,22.339291289977027
701852,Drew Cavanaugh,L,SF,9,Brandon Sproat,R,687075.0,823195,MIL @ SF,6:45 PM,27/07,Scheduled,0.5167412737767588,,,,False,0011010000,estimated,0,0,0.0,0.20152700529453516,0.2801924752854313,0.19743806666630828,0.30741010636475896,0.3324974231775722,17,1,0.0,0.994,44.2,D,0.2724358974358974,2.1779292455416823,0.41893980581394963,0.2498702450542896,19,5,0,,0.225,0.7156862745098039,0.20392156862745098,0.0803921568627451,0.256,0.16666666666666666,0.23809523809523808,0.22272727272727272,0.19047619047619047,25,0.2631578947368421,24,True,False,0.5199772277516291,-0.0032359539748703092,2.3529411764705883,2.8823529411764706,17,,,,,,,-0.2135069023259805,17,5.09,1.38,86.2,3.0,5.0,91.0,43.0,0.0,0.0,0.0,17.0,SP,19.0,373.0,77.0,19.6,9.45,4.47,8.0,1.66,19.813999792104983
702616,Jackson Holliday,L,BAL,9,Keider Montero,R,672456.0,824245,BAL @ DET,3:40 PM,27/07,Scheduled,0.5094941161750552,,,,False,0010001111,estimated,0,0,0.0,0.2579104482168742,0.33151408155429773,0.2982825111571806,0.3555269991950742,0.18012200881795565,20,1,0.017857142857142877,1.004,81.7,A,0.26973684210526316,5.353868820699747,0.34339310712372406,0.2195239331606047,20,4,0,0.21428571428571427,0.23214285714285715,0.5369881109643329,0.32562747688243066,0.13738441215323646,0.2122905027932961,0.21266968325791855,0.21904761904761905,0.21296296296296297,0.24285714285714285,87,0.21428571428571427,82,False,False,0.521877800148702,-0.012383683973646753,2.641509433962264,3.188679245283019,53,,,,,,,-0.059009746782914874,20,3.14,0.96,106.0,7.0,5.0,78.0,22.0,1.0,0.0,1.0,16.0,SP,22.0,419.0,80.0,19.0,6.62,1.87,6.79,0.85,17.52265613822885
665923,Esteury Ruiz,R,MIA,8,Zack Wheeler,R,554430.0,823839,PHI @ MIA,3:40 PM,27/07,Scheduled,0.5039525073951914,,,,False,1001100101,estimated,0,0,0.0,0.2310241459843461,0.2822817592011979,0.2416133181579089,0.3634958904798655,0.3346569921518182,20,1,0.17374005305039786,1.0,90.2,A,0.29560155239327296,5.884330445262086,0.3141702044418559,0.3307255491885142,16,5,0,0.1724137931034483,0.34615384615384615,0.6216041397153945,0.22315653298835705,0.15523932729624837,0.17010309278350516,0.19230769230769232,0.15254237288135594,0.17432432432432432,0.19642857142857142,68,0.3148148148148148,65,False,False,0.5259944046614958,-0.022041897266304455,2.0754716981132075,2.509433962264151,53,,,,,,,-0.1441836411682953,20,2.16,0.88,100.0,10.0,2.0,117.0,22.0,0.0,0.0,0.0,16.0,SP,16.0,380.0,66.0,23.8,10.53,1.98,5.94,0.99,23.835293846340768
