batter_id,name,batter_hand,team,slot,pitcher,pitcher_hand,opp_pitcher_id,game_pk,matchup,start_time,game_date,game_state,p_hit,hit_odds,no_hit_odds,yes_cents,has_hit,last5,lineup_source,bvp_ab,bvp_h,bvp_avg,bvp_career,bvp_since,b_hit_rate,b_xba,b_hardhit,b_babip,b_k_rate,b_n_games,b_days_rest,split_diff,park_factor,p_rating,p_grade,p_csw,p_k_bb,p_hardhit_allowed,p_k_rate,p_n_games,p_days_rest,is_opener,b_hit_rate_vs_L,b_hit_rate_vs_R,p_use_fb,p_use_bb,p_use_os,b_hr_vs_fb,b_hr_vs_bb,b_hr_vs_os,b_hr_overall,b_hit_rate_vs_sp,b_pa_vs_sp,b_hit_rate_vs_rp,b_pa_vs_rp,b_is_rookie,p_is_rookie,base_p_hit,matchup_delta,b_avg_ab,b_avg_pa,b_games_played,p_multihit,base_p_multihit,p_multihit_matchup_delta,p_hrRbi,base_p_hrRbi,p_hrRbi_matchup_delta,b_quality_first3,b_n_games_first3,p_era,p_whip_official,p_ip,p_wins,p_losses,p_so,p_bb_official,p_saves,p_blown_saves,p_save_opps,p_games_started,p_role,p_games_pitched,p_bf_official,p_hits_allowed,p_bf_per_g,p_k9,p_bb9,p_h9,p_hr9,p_avg_bf,pen_delta,pen_available_n,pen_rested_frac,def_oaa_tonight,def_oaa_n,sched_games_7d,sched_day_after_night,sched_getaway,sched_tz_shift,b_pa,b_bb_rate,b_hit_rate_long,b_k_rate_long,b_bb_rate_long,b_hardhit_long,b_xba_long,p_hit_rate_vs_hand,slot_pa_exp,def_babip_allowed
803011,Sam Antonacci,L,CWS,1,Michael Mcgreevy,R,700241,823008,CWS @ STL,11:15 AM,13/09,Pre-Game,0.7152611055972399,-212.0,245.0,68.0,False,0110111011,live,0,0,0.0,0,0,0.3150134189622045,0.34608451100505444,0.2143797492515773,0.3474788176355404,0.13680744507534504,20,1,0.009400705052878988,1.031,36.9,D,0.2551916932907348,2.2449544727348423,0.4285873022709423,0.16548726120828416,20,6,0,0.2608695652173913,0.2702702702702703,0.5259584664536742,0.27675718849840253,0.19728434504792333,0.261968085106383,0.23292273236282196,0.24273504273504273,0.25187366167023556,0.2593984962406015,305,0.2832369942196532,209,True,False,0.6714508317466304,0.04381027385060943,3.456692913385827,4.047244094488189,127,,,,,,,0.006443620464999959,20,3.92,1.25,154.0,6,9,106,42,0,0,0,28,SP,28,635,151,22.7,6.19,2.45,8.82,1.17,23.473172244394124,-0.03146110559723991,5,0.5555555555555556,12.0,7,6,1,1,0.0,4.019616437287636,0.08735260463348175,0.27163461538461536,0.16255144032921812,0.0823045267489712,0.32270029673590506,0.33316913946587534,0.260989010989011,4.443,0.3636834754200932
665487,Fernando Tatís,R,SD,1,Logan Webb,R,657277,823171,SD @ SF,4:20 PM,13/09,Scheduled,0.7096226350967184,-223.0,257.0,69.0,False,1100110111,estimated,29,9,0.3103448275862069,1,2023,0.32298176419072916,0.3759477941290587,0.5864610506671479,0.40561911026627384,0.16048103311036122,20,1,-0.07561521252796422,0.994,57.9,C,0.27909995672868887,3.0656359055073503,0.37744576172590527,0.1963445800602229,20,6,0,0.3422818791946309,0.26666666666666666,0.5562770562770563,0.20216450216450216,0.24155844155844156,0.2778631821675634,0.2700841622035195,0.24174174174174173,0.2704649639816634,0.2621082621082621,400,0.3256880733944954,241,False,False,0.7028775178864849,0.00674511721023352,3.924137931034483,4.4206896551724135,145,,,,,,,-0.02339687029037793,20,4.1,1.15,155.2,8,8,127,40,0,0,0,26,SP,26,644,139,24.8,7.34,2.31,8.04,0.69,23.72669030400984,0.004987364903281444,10,1.0,-2.0,7,6,0,1,0.0,4.556980902460865,0.08064121684923688,0.29350104821802936,0.16729323308270677,0.08082706766917293,0.5149914089347079,0.37128350515463915,0.21777777777777776,4.443,0.3090467211342602
650333,Luis Arráez,L,PHI,4,Grant Holmes,R,656550,824869,PHI @ ATL,10:35 AM,13/09,Pre-Game,0.7033481118660644,,,,False,0111011110,live,11,2,0.18181818181818182,1,2025,0.2765052186973674,0.2523066748021286,0.13259815921360824,0.2765052186973674,0.03309115819250048,20,1,-0.07071740316421166,1.018,42.6,D,0.27565577542567876,2.09472488255972,0.4791530575525021,0.17782633049982763,20,6,0,0.36879432624113473,0.2980769230769231,0.4894009216589862,0.44377880184331797,0.06682027649769585,0.3489788606234325,0.32309217046580774,0.3094812164579606,0.33721461187214613,0.3644578313253012,356,0.24444444444444444,253,False,False,0.6867085538183216,0.016639558047742753,3.9785714285714286,4.35,140,,,,,,,0.1918113509437447,20,3.46,1.29,137.2,9,5,110,57,0,0,0,27,SP,28,583,120,20.8,7.19,3.73,7.85,1.24,20.088688781786328,0.0009185548006023225,6,0.6666666666666666,16.0,7,7,1,1,0.0,3.860599322527767,0.023554016624973965,0.3179916317991632,0.04206500956022945,0.03824091778202677,0.19364035087719297,0.30142763157894736,0.22149837133550487,4.16,0.29481191244129473
807712,Luke Keaschall,R,MIN,1,Tanner Bibee,R,676440,823658,CLE @ MIN,11:10 AM,13/09,Pre-Game,0.6975170592942576,-186.0,223.0,65.0,False,1101011001,live,0,0,0.0,0,0,0.2556421283664646,0.2839270330503205,0.27498627698269207,0.27675659049849644,0.11483655834968143,20,1,0.05524101596288433,1.022,63.7,C,0.2786948176583493,2.362806692083122,0.356112407691476,0.17622693497909078,20,5,0,0.2345679012345679,0.2898089171974522,0.6871401151631478,0.1654510556621881,0.1474088291746641,0.2730748225013654,0.24539282250242483,0.25874125874125875,0.2634766807995155,0.2862453531598513,313,0.25120772946859904,245,False,False,0.6737619144011391,0.023755144893118474,3.449275362318841,4.043478260869565,138,,,,,,,0.008608131821068106,20,4.22,1.2,170.2,5,15,133,52,0,0,0,30,SP,30,704,152,23.5,7.01,2.74,8.02,1.42,24.06758895916474,-0.0330599164371147,7,0.875,16.0,7,6,0,1,0.0,4.419496540449672,0.07477589201316269,0.2800982800982801,0.14730290456431536,0.0954356846473029,0.2976190476190476,0.2975357142857143,0.24621212121212122,4.443,0.33813762959331867
664983,Jake Mccarthy,L,COL,1,Jackson Jobe,R,695549,824225,COL @ DET,9:10 AM,13/09,In Progress,0.697343141190092,-138.0,156.0,58.0,False,1101111111,live,0,0,0.0,0,0,0.3284582552287114,0.31699957009727536,0.365738976230121,0.36901724141827524,0.1110534318806103,20,1,-0.013291945240369307,1.004,48.4,D,0.22709163346613545,2.190183403343664,0.35737836074951496,0.21497546039351856,6,7,0,0.3055555555555556,0.2922636103151863,0.547808764940239,0.3426294820717131,0.10956175298804781,0.2793719545208446,0.26324642556770395,0.25773195876288657,0.2714650042504959,0.2948717948717949,336,0.2983425414364641,202,False,False,0.7003985478038284,-0.003055406613736378,3.8217054263565893,4.170542635658915,129,,,,,,,0.1363831624188379,20,4.6,1.4,29.1,1,2,28,12,0,0,0,7,SP,7,129,29,18.4,8.59,3.68,8.9,1.84,20.976644678225803,0.004190192143241345,9,0.8181818181818182,-13.0,7,6,0,1,0.0,4.742544281705475,0.04084697031094492,0.3055555555555556,0.15717092337917485,0.04911591355599214,0.28595360824742266,0.3338015463917525,0.2222222222222222,4.443,0.3064349163661517
676475,Alec Burleson,L,STL,3,David Sandlin,R,689818,823008,CWS @ STL,11:15 AM,13/09,Pre-Game,0.6965813056144933,-212.0,223.0,68.0,False,0011111010,live,0,0,0.0,0,0,0.26630245719611234,0.3166112808422514,0.49277053382308356,0.30938705494399027,0.18973763286483625,20,1,0.021158019333201827,1.031,60.7,C,0.2665036674816626,2.034789487931383,0.3059458463130273,0.23674250500996058,5,37,0,0.2635135135135135,0.2846715328467153,0.6234718826405868,0.3105134474327628,0.06601466992665037,0.2978424015009381,0.24587706146926536,0.33785450061652283,0.2888836992059785,0.2958579881656805,372,0.25339366515837103,251,False,True,0.6867085538183216,0.009872751796171642,3.802721088435374,4.238095238095238,147,,,,,,,0.09350433674853083,20,6.93,1.38,24.2,2,1,24,12,0,0,0,3,SP,5,106,22,21.2,8.76,4.38,8.03,2.19,21.395212297089508,-0.002514638947826664,6,0.6666666666666666,3.0,7,6,1,1,0.0,4.350689502975293,0.13075504083664535,0.2869757174392936,0.17892644135188868,0.073558648111332,0.5052800734618916,0.37145730027548207,0.3103448275862069,4.251,0.3292228179720912
686797,Brooks Lee,L,MIN,2,Tanner Bibee,R,676440,823658,CLE @ MIN,11:10 AM,13/09,Pre-Game,0.6952306712828863,-186.0,194.0,65.0,False,0101111001,live,14,3,0.21428571428571427,1,2024,0.27196717522802716,0.27435937239551655,0.4336511707718096,0.330436420113331,0.17977241571452868,20,1,0.04125286478227655,1.022,63.7,C,0.2786948176583493,2.362806692083122,0.356112407691476,0.17622693497909078,20,5,0,0.22077922077922077,0.2620320855614973,0.6871401151631478,0.1654510556621881,0.1474088291746641,0.2465506898620276,0.24440465532676814,0.25,0.24635332252836303,0.25412541254125415,317,0.24444444444444444,254,False,False,0.6676429167500695,0.02758775453281681,3.7985611510791366,4.107913669064748,139,,,,,,,0.1293499673791528,20,4.22,1.2,170.2,5,15,133,52,0,0,0,30,SP,30,704,152,23.5,7.01,2.74,8.02,1.42,24.06758895916474,-0.02343067128288623,7,0.875,16.0,7,6,0,1,0.0,4.165899974764591,0.013676233723289742,0.2548596112311015,0.154,0.058,0.33592400690846286,0.276979274611399,0.23184357541899442,4.352,0.33813762959331867
665019,Kody Clemens,L,MIN,3,Tanner Bibee,R,676440,823658,CLE @ MIN,11:10 AM,13/09,Pre-Game,0.6925886241244795,-163.0,186.0,62.0,False,1110011111,live,7,1,0.14285714285714285,1,2025,0.2790764487193913,0.3675530777378318,0.4908956816067579,0.3713961497487548,0.21643554630348377,20,1,-0.024406367338304535,1.022,63.7,C,0.2786948176583493,2.362806692083122,0.356112407691476,0.17622693497909078,20,5,0,0.26262626262626265,0.23821989528795812,0.6871401151631478,0.1654510556621881,0.1474088291746641,0.2430622009569378,0.2362052274927396,0.23929961089494164,0.24065934065934066,0.27956989247311825,310,0.19306930693069307,219,False,False,0.6592940191942532,0.03329460493022629,3.7286821705426356,4.10077519379845,129,,,,,,,0.24589510229186326,20,4.22,1.2,170.2,5,15,133,52,0,0,0,30,SP,30,704,152,23.5,7.01,2.74,8.02,1.42,24.06758895916474,-0.03360290983876524,7,0.875,16.0,7,6,0,1,0.0,4.086071711921274,0.09616294717394937,0.24833702882483372,0.2150101419878296,0.060851926977687626,0.48057971014492756,0.3389927536231884,0.23184357541899442,4.251,0.33813762959331867
671739,Michael Harris,L,ATL,1,Andrew Painter,R,691725,824869,PHI @ ATL,10:35 AM,13/09,Pre-Game,0.692069012410549,,,,False,0001100001,live,2,2,1.0,0,0,0.22354765291482667,0.3128996552796529,0.3770839908523817,0.2953384797824818,0.18395467667530693,20,1,-0.01208576998050681,1.018,61.5,C,0.2740462117141322,2.5084747515153043,0.3560766898093929,0.21023373358833525,20,5,0,0.2962962962962963,0.28421052631578947,0.41375604513702313,0.4121440085975282,0.1740999462654487,0.2536487166582788,0.24326672458731538,0.30823117338003503,0.25989304812834224,0.262987012987013,327,0.32051282051282054,248,False,True,0.6707051595802458,0.021363852830303176,3.7902097902097904,4.020979020979021,143,,,,,,,-0.12707895222084584,20,5.71,1.41,110.1,3,9,97,39,0,0,0,20,SP,22,483,117,22.0,7.91,3.18,9.54,1.55,22.499192487458462,-0.01840901241054893,5,0.5555555555555556,4.0,7,7,1,1,0.0,3.9540659174936326,0.02410685537434576,0.28633405639913234,0.1983640081799591,0.03067484662576687,0.4576923076923077,0.34971703296703294,0.2924901185770751,4.443,0.30525725804611714
650490,Yandy Díaz,R,TB,1,Hayden Wesneski,R,669713,822928,HOU @ TB,10:40 AM,13/09,Pre-Game,0.6918764303392636,,,,False,1110111100,live,0,0,0.0,0,0,0.2501457181975044,0.30885016117765246,0.48545206523456597,0.29206194394043705,0.16719065139579303,20,1,-0.023107384113673413,0.96,63.4,C,0.27958579881656803,2.6559568419947075,0.4034772798440535,0.20612151537725784,8,5,0,0.31446540880503143,0.291358024691358,0.5703703703703704,0.30074074074074075,0.1288888888888889,0.27347340774786605,0.29073756432247,0.2631578947368421,0.27684812539716164,0.26685393258426965,395,0.35096153846153844,236,False,False,0.6990602756971498,-0.007183845357886187,3.971830985915493,4.443661971830986,142,,,,,,,0.1842953036458792,20,3.35,1.03,45.2,5,1,36,14,0,0,0,8,SP,8,180,33,22.5,7.09,2.76,6.5,0.59,22.3619382373893,0.0005235696607364115,4,0.5714285714285714,2.0,7,6,1,1,0.0,4.526041040602893,0.0332214942309929,0.2964509394572025,0.14821763602251406,0.07129455909943715,0.49375,0.344453125,0.2,4.443,0.2956332527545216
670541,Yordan Álvarez,L,HOU,2,Freddy Peralta,R,642547,822928,HOU @ TB,10:40 AM,13/09,Pre-Game,0.6898702126906588,,,,False,1010101010,live,0,0,0.0,0,0,0.2318787146681959,0.352428120395806,0.44576809739997303,0.29217488524534135,0.22635053348605572,20,3,0.06953513681592044,0.96,57.8,C,0.2576804915514593,2.7567842091588703,0.39754562721632103,0.19425111682887675,20,5,0,0.26119402985074625,0.3307291666666667,0.5293891663465232,0.23703419131771034,0.23357664233576642,0.3096546310832025,0.2934027777777778,0.36835748792270534,0.3164446385673728,0.34310850439882695,405,0.2542372881355932,227,False,False,0.6829204940952248,0.006949718595434029,3.5972222222222223,4.388888888888889,144,,,,,,,-0.0029079930988522578,20,4.82,1.36,153.0,8,11,142,55,0,0,0,29,SP,29,667,153,23.0,8.35,3.24,9.0,1.35,22.599958975710265,-0.0086368793573256,6,0.6666666666666666,1.0,6,6,1,1,0.0,4.399168253899122,0.06989699728946028,0.30697674418604654,0.19348659003831417,0.10344827586206896,0.5457953394123607,0.4108206686930091,0.2546419098143236,4.352,0.2665971017974277
665489,Vladimir Guerrero,R,TOR,3,Trevor Rogers,L,669432,822764,BAL @ TOR,10:37 AM,13/09,Pre-Game,0.6898702126906588,-223.0,245.0,69.0,False,1011011011,live,7,4,0.5714285714285714,1,2024,0.2335890093502697,0.33205806757167494,0.5441514103545886,0.2986057171129125,0.15227918595013615,20,1,-0.004044282093335294,0.995,80.2,A,0.2881427964300892,5.621571149880096,0.35919174262717996,0.2504919765237395,20,6,0,0.2565789473684211,0.26062322946175637,0.6530612244897959,0.14243197278911565,0.20450680272108843,0.26019080659150046,0.2517985611510791,0.25225225225225223,0.2575640031031808,0.25,354,0.2756756756756757,215,False,False,0.6737619144011391,0.016108298289519762,3.7686567164179103,4.246268656716418,134,,,,,,,0.06811657152818065,20,4.15,1.21,151.2,10,9,138,37,0,0,0,27,SP,27,629,147,23.3,8.19,2.2,8.72,0.95,24.066298166245506,-0.009060212690658709,10,1.0,6.0,7,6,0,1,0.0,4.329599315950522,0.06483888740637866,0.25274725274725274,0.13555992141453832,0.07858546168958742,0.4421416234887737,0.3263523316062176,0.2764423076923077,4.251,0.34609215141385274
678246,Miguel Vargas,R,CWS,3,Michael Mcgreevy,R,700241,823008,CWS @ STL,11:15 AM,13/09,Pre-Game,0.6885611230502188,-203.0,223.0,67.0,False,0111100011,live,0,0,0.0,0,0,0.24006390194643193,0.329260053472327,0.30769659351076806,0.3113843762808353,0.2569894283918532,20,1,0.0683583470230785,1.031,36.9,D,0.2551916932907348,2.2449544727348423,0.4285873022709423,0.16548726120828416,20,6,0,0.20118343195266272,0.2695417789757412,0.5259584664536742,0.27675718849840253,0.19728434504792333,0.2605166051660517,0.28429282160625446,0.26548672566371684,0.2691877377489371,0.28134556574923547,380,0.19718309859154928,260,False,False,0.6194664107311237,0.06909471231909503,3.7241379310344827,4.413793103448276,145,,,,,,,0.15731299501189983,20,3.92,1.25,154.0,6,9,106,42,0,0,0,28,SP,28,635,151,22.7,6.19,2.45,8.82,1.17,23.473172244394124,-0.03148112305021877,5,0.5555555555555556,12.0,7,6,1,1,0.0,4.430995548240743,0.10610182696324984,0.25389755011135856,0.1893939393939394,0.12121212121212122,0.4509073543457498,0.3486446991404012,0.25112107623318386,4.251,0.3636834754200932
643446,Jeff Mcneil,L,ATH,2,Bryce Miller,R,682243,824952,SEA @ ATH,1:05 PM,13/09,Scheduled,0.6874541625341392,,,,False,1111101110,estimated,0,0,0.0,0,0,0.2733204593008804,0.31271234911722773,0.25904179156448376,0.29644868303283695,0.0946956887166714,20,1,-0.004559483726150393,0.977,65.0,B,0.2683982683982684,2.7804788191958822,0.33866549889309544,0.23604895135750978,19,5,0,0.2716049382716049,0.26704545454545453,0.5372208436724566,0.21898263027295287,0.24379652605459057,0.25,0.22477064220183487,0.2466281310211946,0.24380466472303208,0.26720647773279355,266,0.26881720430107525,206,False,False,0.6867085538183216,0.0007456087158175251,3.3053435114503817,3.6030534351145036,131,,,,,,,0.0415344979977232,20,4.22,1.14,102.1,4,9,101,29,0,0,0,18,SP,19,415,88,21.8,8.88,2.55,7.74,1.58,21.913854946974226,0.0023569485769719956,9,1.0,-18.0,6,6,1,1,0.0,4.407073827115646,0.03565623719215339,0.26865671641791045,0.09839816933638444,0.05263157894736842,0.30167130919220053,0.31549303621169916,0.25925925925925924,4.352,0.3300781594825775
606466,Ketel Marte,L,AZ,2,Cal Quantrill,R,615698,825033,TEX @ AZ,1:10 PM,13/09,Scheduled,0.6861958845590851,-186.0,212.0,65.0,False,1111111110,estimated,10,4,0.4,1,2022,0.24618994491288881,0.2737149392138548,0.3652016585393984,0.2730461099354425,0.08733616601048964,20,1,-0.0023799919322307628,1.0,69.0,B,0.251414204902577,4.2908367010424255,0.37380330490279096,0.19241252923655672,20,5,0,0.2537313432835821,0.25135135135135134,0.6925015752993069,0.07876496534341525,0.22873345935727787,0.23942153186930906,0.21677662582469368,0.23624288425047438,0.2327564584900928,0.24522292993630573,345,0.2631578947368421,216,False,False,0.6676429167500695,0.018552967809015608,3.968503937007874,4.417322834645669,127,,,,,,,0.022973193227944926,20,2.89,1.06,102.2,8,5,77,25,0,0,0,13,RP,30,417,84,13.9,6.75,2.19,7.36,1.05,18.600080660546006,-0.006324455987656519,7,0.7777777777777778,7.0,7,6,0,1,0.0,4.415205500247122,0.09415841119198716,0.25523012552301255,0.14500941619585686,0.07156308851224105,0.41641729010806317,0.3287826267664173,0.23333333333333334,4.352,0.33058762229759503
691594,Javier Sanoja,R,MIA,7,Emmet Sheehan,R,686218,823815,LAD @ MIA,10:40 AM,13/09,Pre-Game,0.6861035282025322,,,,False,1111111110,estimated,0,0,0.0,0,0,0.33934350366684946,0.3377434238480209,0.3674648646110958,0.3540378512778029,0.04318746663181753,20,1,-0.01791629027401387,1.0,72.0,B,0.29955207166853304,3.7887714165515654,0.404395060493802,0.27761730753234765,20,6,0,0.30246913580246915,0.2845528455284553,0.42696629213483145,0.4117977528089888,0.16123595505617977,0.2877247849882721,0.2742782152230971,0.30855018587360594,0.2857760484219628,0.28217821782178215,216,0.30097087378640774,221,False,False,0.6861035282025322,0.0,3.317073170731707,3.5528455284552845,123,,,,,,,0.10108297185498286,20,5.08,1.26,101.0,5,8,118,31,0,0,0,21,SP,21,433,96,20.6,10.51,2.76,8.55,1.87,20.482361274884852,0.0018714717974678274,8,1.0,3.0,5,6,0,1,0.0,4.322930990815449,0.0523779415981398,0.285,0.07692307692307693,0.055944055944055944,0.31834695731153495,0.29123864668483196,0.2254335260115607,3.76,0.34190294853066916
607208,Trea Turner,R,PHI,2,Grant Holmes,R,656550,824869,PHI @ ATL,10:35 AM,13/09,Pre-Game,0.6853680275641496,-212.0,233.0,68.0,False,0111111001,live,10,3,0.3,1,2025,0.209951310091161,0.23710045337895624,0.3280316691057891,0.25254543992215794,0.20648985309805576,20,1,-0.017443312356407975,1.018,42.6,D,0.27565577542567876,2.09472488255972,0.4791530575525021,0.17782633049982763,20,6,0,0.24882629107981222,0.23138297872340424,0.4894009216589862,0.44377880184331797,0.06682027649769585,0.2259047619047619,0.22148394241417496,0.2508532423208191,0.22682053322721846,0.23783783783783785,396,0.2374429223744292,240,False,False,0.6449552351831344,0.04041279238101525,4.118881118881119,4.4475524475524475,143,,,,,,,0.08386735392931084,20,3.46,1.29,137.2,9,5,110,57,0,0,0,27,SP,28,583,120,20.8,7.19,3.73,7.85,1.24,20.088688781786328,-0.028634694230816216,6,0.6666666666666666,16.0,7,7,1,1,0.0,4.327123149197217,0.03605706172080564,0.2404040404040404,0.21910112359550563,0.05805243445692884,0.4052028218694885,0.3144259259259259,0.24880382775119617,4.352,0.29481191244129473
805808,Kevin Mcgonigle,L,DET,1,Gabriel Hughes,R,687312,824225,COL @ DET,9:10 AM,13/09,In Progress,0.6853680275641496,-245.0,300.0,71.0,False,1011011101,live,0,0,0.0,0,0,0.217853550464162,0.30469990277703923,0.3820696606537647,0.2625031960868255,0.1332959302290012,20,1,0.056860301635991845,1.004,63.4,C,0.25510204081632654,2.4379521993102133,0.3006100214032711,0.18888850532837112,12,5,0,0.22699386503067484,0.2838541666666667,0.6120777891504606,0.27533265097236437,0.11258955987717502,0.2760127084988086,0.2658321060382916,0.25741399762752076,0.26913319238900635,0.2865853658536585,383,0.2374429223744292,260,True,True,0.653680998518024,0.03168702904612564,3.852112676056338,4.528169014084507,142,,,,,,,0.16995182041592027,20,5.81,1.38,57.1,0,7,48,21,1,0,1,11,SP,12,250,58,20.8,7.53,3.3,9.1,0.78,21.03489032161465,-0.009093027564149647,8,0.8,4.0,6,6,0,1,0.0,4.5698281971690955,0.10721605787201874,0.2623655913978495,0.14076782449725778,0.13345521023765997,0.3603092783505155,0.2996778350515464,0.2534246575342466,4.443,0.35798123110450797
664761,Alec Bohm,R,PHI,5,Grant Holmes,R,656550,824869,PHI @ ATL,10:35 AM,13/09,Pre-Game,0.6828890574814931,,,,False,0110101101,live,8,0,0.0,1,2024,0.24343909589884447,0.36786965992076587,0.5738535524470396,0.3285538901416902,0.19296320734707903,20,1,-0.030640005441066487,1.018,42.6,D,0.27565577542567876,2.09472488255972,0.4791530575525021,0.17782633049982763,20,6,0,0.26627218934911245,0.23563218390804597,0.4894009216589862,0.44377880184331797,0.06682027649769585,0.22455220620358235,0.22313296903460839,0.2553846153846154,0.2269179004037685,0.24666666666666667,325,0.24423963133640553,248,False,False,0.6540218610442129,0.028867196437280196,3.7194244604316546,4.122302158273381,139,,,,,,,0.1236365912836236,20,3.46,1.29,137.2,9,5,110,57,0,0,0,27,SP,28,583,120,20.8,7.19,3.73,7.85,1.24,20.088688781786328,-0.020905724148159832,6,0.6666666666666666,16.0,7,7,1,1,0.0,4.059584805497413,0.10210168919331312,0.26339285714285715,0.1431451612903226,0.06854838709677419,0.4442970822281167,0.31944385499557915,0.24880382775119617,4.026,0.29481191244129473
668804,Bryan Reynolds,L,PIT,3,Matt Boyd,L,571510,824628,PIT @ CHC,11:20 AM,13/09,Pre-Game,0.6809187476792462,-156.0,170.0,61.0,False,1011010011,live,11,1,0.09090909090909091,1,2024,0.2684457648168261,0.39812360518283846,0.593638286439007,0.33319408265985656,0.16737017356433723,20,1,0.01719540229885058,0.983,58.4,C,0.2711246200607903,2.358318476288104,0.37661488792862413,0.17772179246213363,18,6,0,0.27586206896551724,0.25866666666666666,0.4419452887537994,0.2844984802431611,0.2735562310030395,0.2372718539865514,0.24222222222222223,0.26187717265353416,0.24349442379182157,0.290519877675841,382,0.22522522522522523,264,False,False,0.6592940191942532,0.021624728484992972,3.7094594594594597,4.364864864864865,148,,,,,,,0.12041387949730871,20,4.03,1.22,109.1,8,4,86,33,0,0,0,19,SP,19,450,100,23.7,7.08,2.72,8.23,1.23,24.513593267486232,-0.016868747679246177,6,1.0,39.0,7,6,0,1,0.0,4.391936946868404,0.09800075147151713,0.27111111111111114,0.2222222222222222,0.11494252873563218,0.49476047904191617,0.35498203592814376,0.20588235294117646,4.251,0.32003910438039773
672640,Otto Lopez,R,MIA,4,Emmet Sheehan,R,686218,823815,LAD @ MIA,10:40 AM,13/09,Pre-Game,0.6802304003510683,,,,False,1001111111,estimated,0,0,0.0,0,0,0.39689263743347786,0.34368469679567026,0.3484180773304266,0.43172266704424295,0.10640333173636539,20,1,-0.06124313137800613,1.0,72.0,B,0.29955207166853304,3.7887714165515654,0.404395060493802,0.27761730753234765,20,6,0,0.35260115606936415,0.291358024691358,0.42696629213483145,0.4117977528089888,0.16123595505617977,0.3267504488330341,0.2809587217043941,0.31532846715328466,0.30939977349943376,0.29714285714285715,380,0.32894736842105265,253,False,False,0.6749532634712295,0.005277136879838773,3.986206896551724,4.36551724137931,145,,,,,,,0.2011581322652348,20,5.08,1.26,101.0,5,8,118,31,0,0,0,21,SP,21,433,96,20.6,10.51,2.76,8.55,1.87,20.482361274884852,-0.007580400351068328,8,1.0,3.0,5,6,0,1,0.0,4.459464080792301,0.07054970257388482,0.30561330561330563,0.1157495256166983,0.05313092979127135,0.38317460317460317,0.3213083333333333,0.2254335260115607,4.16,0.34190294853066916
691406,Junior Caminero,R,TB,3,Hayden Wesneski,R,669713,822928,HOU @ TB,10:40 AM,13/09,Pre-Game,0.6802304003510683,-203.0,212.0,67.0,False,0011011011,live,0,0,0.0,0,0,0.2698923551904344,0.33783099105687747,0.47139788751201384,0.34321976558665546,0.15813340016874927,20,1,0.013471335004447305,0.96,63.4,C,0.27958579881656803,2.6559568419947075,0.4034772798440535,0.20612151537725784,8,5,0,0.2684563758389262,0.2819277108433735,0.5703703703703704,0.30074074074074075,0.1288888888888889,0.3026934587430526,0.2715894868585732,0.3101449275362319,0.293691389599318,0.301994301994302,388,0.23943661971830985,257,False,False,0.6867085538183216,-0.006478153467253334,3.836734693877551,4.387755102040816,147,,,,,,,0.10210584904551247,20,3.35,1.03,45.2,5,1,36,14,0,0,0,8,SP,8,180,33,22.5,7.09,2.76,6.5,0.59,22.3619382373893,-0.003630400351068319,4,0.5714285714285714,2.0,7,6,1,1,0.0,4.4352516167718115,0.05298184862094224,0.2841409691629956,0.18666666666666668,0.09142857142857143,0.5117041198501873,0.3444691011235955,0.2,4.251,0.2956332527545216
680757,Steven Kwan,L,CLE,1,Joe Ryan,R,657746,823658,CLE @ MIN,11:10 AM,13/09,Pre-Game,0.6797273986091558,-203.0,245.0,67.0,False,1010111111,live,30,6,0.2,1,2022,0.2986838338220613,0.33587082254949974,0.113284192418458,0.34041040018607654,0.1273458485080916,20,1,0.057636019283746565,1.022,76.4,B,0.3030888030888031,4.383394559727201,0.3993963331401904,0.26786391659583186,20,6,0,0.234375,0.29201101928374656,0.5483091787439613,0.32705314009661834,0.1246376811594203,0.29265658747300216,0.2908496732026144,0.29723991507430997,0.2926946107784431,0.2982456140350877,322,0.24757281553398058,257,False,False,0.6728977111148878,0.006829687494267933,3.5839416058394162,4.226277372262774,137,,,,,,,0.1482542685332716,20,3.68,1.13,129.2,6,9,145,28,0,0,0,24,SP,24,542,119,22.6,10.06,1.94,8.26,1.25,23.308565608960688,0.008572601390844259,5,0.625,1.0,6,6,0,1,0.0,4.4545150354608385,0.051800658019159035,0.28,0.10119047619047619,0.13095238095238096,0.10494652406417113,0.3154792780748663,0.24912280701754386,4.443,0.3166519873014514
804606,Konnor Griffin,R,PIT,1,Matt Boyd,L,571510,824628,PIT @ CHC,11:20 AM,13/09,Pre-Game,0.6797273986091558,,,,False,1100011010,live,0,0,0.0,0,0,0.22662991837784954,0.2959168221190752,0.3674456499229353,0.2851167742461735,0.27128939130222185,20,1,-0.015957446808510634,0.983,58.4,C,0.2711246200607903,2.358318476288104,0.37661488792862413,0.17772179246213363,18,6,0,0.25,0.26595744680851063,0.4419452887537994,0.2844984802431611,0.2735562310030395,0.26514399205561073,0.21428571428571427,0.22968197879858657,0.2467122567069963,0.29577464788732394,151,0.21929824561403508,130,True,False,0.6274456752910041,0.05228172331815162,3.878787878787879,4.257575757575758,66,,,,,,,0.04588001860745931,20,4.03,1.22,109.1,8,4,86,33,0,0,0,19,SP,19,450,100,23.7,7.08,2.72,8.23,1.23,24.513593267486232,-0.04556073194248911,6,1.0,39.0,7,6,0,1,0.0,4.426913027548124,0.049786211871236434,0.2527881040892193,0.2702702702702703,0.06756756756756757,0.3738977072310406,0.3222160493827161,0.2508591065292096,4.443,0.32003910438039773
547180,Bryce Harper,L,PHI,3,Grant Holmes,R,656550,824869,PHI @ ATL,10:35 AM,13/09,Pre-Game,0.6797273986091558,-194.0,212.0,66.0,False,1010011011,live,6,2,0.3333333333333333,1,2025,0.30768931496518787,0.42520451629183803,0.5340456064860066,0.47513316025501123,0.28787030376764106,20,1,0.09651688805767356,1.018,42.6,D,0.27565577542567876,2.09472488255972,0.4791530575525021,0.17782633049982763,20,6,0,0.21164021164021163,0.3081570996978852,0.4894009216589862,0.44377880184331797,0.06682027649769585,0.2643106022896964,0.23997412677878396,0.30800542740841247,0.26309689383402873,0.28313253012048195,390,0.2553191489361702,240,False,False,0.6291991704837915,0.05052822812536428,3.5374149659863945,4.285714285714286,147,,,,,,,0.14924453299609622,20,3.46,1.29,137.2,9,5,110,57,0,0,0,27,SP,28,583,120,20.8,7.19,3.73,7.85,1.24,20.088688781786328,-0.02824406527582246,6,0.6666666666666666,16.0,7,7,1,1,0.0,4.0756606715679355,0.1027343126157694,0.27380952380952384,0.22330097087378642,0.1650485436893204,0.4595628415300546,0.3807344262295082,0.22149837133550487,4.251,0.29481191244129473
680777,Ryan Jeffers,R,MIN,4,Tanner Bibee,R,676440,823658,CLE @ MIN,11:10 AM,13/09,Pre-Game,0.6797273986091558,-150.0,178.0,60.0,False,1111010011,live,8,1,0.125,1,2023,0.23276250686048355,0.33327922169921476,0.4796991227082538,0.27366823787027267,0.14431143335499444,20,2,0.004838709677419395,1.022,63.7,C,0.2786948176583493,2.362806692083122,0.356112407691476,0.17622693497909078,20,5,0,0.2661290322580645,0.2709677419354839,0.6871401151631478,0.1654510556621881,0.1474088291746641,0.2527392257121987,0.25093167701863356,0.22641509433962265,0.24879614767255218,0.2485207100591716,194,0.3,132,False,False,0.6421648259030605,0.03756257270609531,3.4444444444444446,4.0246913580246915,81,,,,,,,0.09354402929126537,20,4.22,1.2,170.2,5,15,133,52,0,0,0,30,SP,30,704,152,23.5,7.01,2.74,8.02,1.42,24.06758895916474,-0.04931311289487006,7,0.875,16.0,7,6,0,1,0.0,4.0437470979020915,0.08608046533899638,0.27817745803357313,0.1797520661157025,0.11983471074380166,0.40101010101010104,0.30286212121212125,0.24621212121212122,4.16,0.33813762959331867
800050,Chase Delauter,L,CLE,2,Joe Ryan,R,657746,823658,CLE @ MIN,11:10 AM,13/09,Pre-Game,0.6790167087659574,-194.0,223.0,66.0,False,0101101100,live,6,2,0.3333333333333333,1,2026,0.30780086110164345,0.28036144637094124,0.541882832676294,0.332878719444046,0.2072186487357471,20,1,-0.05388257575757577,1.022,76.4,B,0.3030888030888031,4.383394559727201,0.3993963331401904,0.26786391659583186,20,6,0,0.32575757575757575,0.271875,0.5483091787439613,0.32705314009661834,0.1246376811594203,0.28602035350830207,0.25729166666666664,0.22535211267605634,0.2656742055539651,0.27380952380952384,286,0.305,222,False,False,0.6619459643749505,0.017070744391006976,3.7049180327868854,4.163934426229508,122,,,,,,,0.05867055997728946,20,3.68,1.13,129.2,6,9,145,28,0,0,0,24,SP,24,542,119,22.6,10.06,1.94,8.26,1.25,23.308565608960688,0.0034432912340426336,5,0.625,1.0,6,6,0,1,0.0,3.827149513364787,0.08132353960890253,0.28893905191873587,0.14228456913827656,0.1062124248496994,0.4621415770609319,0.3287802419354839,0.24912280701754386,4.352,0.3166519873014514
693304,Nick Gonzales,R,PIT,5,Matt Boyd,L,571510,824628,PIT @ CHC,11:20 AM,13/09,Pre-Game,0.6790167087659574,,,,False,1111010111,live,10,3,0.3,1,2024,0.2566507971993416,0.33711525705671436,0.3015728788346938,0.27771506440662047,0.09791922539019506,20,2,-0.057874762808349134,0.983,58.4,C,0.2711246200607903,2.358318476288104,0.37661488792862413,0.17772179246213363,18,6,0,0.2647058823529412,0.3225806451612903,0.4419452887537994,0.2844984802431611,0.2735562310030395,0.27881396461023433,0.27490421455938696,0.24622030237580994,0.27373373927484085,0.2815533980582524,325,0.33663366336633666,240,False,False,0.6632863686345415,0.015730340131415943,3.7573529411764706,4.154411764705882,136,,,,,,,0.004239572993110726,20,4.03,1.22,109.1,8,4,86,33,0,0,0,19,SP,19,450,100,23.7,7.08,2.72,8.23,1.23,24.513593267486232,-0.024450042099290803,6,1.0,39.0,7,6,0,1,0.0,4.276505968519297,0.1044651582199645,0.31277533039647576,0.15476190476190477,0.07142857142857142,0.3363475177304965,0.3455301418439716,0.2508591065292096,4.026,0.32003910438039773
701678,Hao-Yu Lee,R,DET,2,Gabriel Hughes,R,687312,824225,COL @ DET,9:10 AM,13/09,In Progress,0.6790167087659574,-170.0,212.0,63.0,False,1111000001,live,0,0,0.0,0,0,0.19856973860908886,0.26064773149364395,0.4508313767996813,0.2972344120637768,0.3068857324897084,20,1,0.05186480186480186,1.004,63.4,C,0.25510204081632654,2.4379521993102133,0.3006100214032711,0.18888850532837112,12,5,0,0.23484848484848486,0.2867132867132867,0.6120777891504606,0.27533265097236437,0.11258955987717502,0.23431734317343172,0.2529411764705882,0.1888412017167382,0.23371647509578544,0.26174496644295303,159,0.2619047619047619,144,True,True,0.6316669304114862,0.047349778354471184,2.8645833333333335,3.15625,96,,,,,,,-0.11962534460573919,20,5.81,1.38,57.1,0,7,48,21,1,0,1,11,SP,12,250,58,20.8,7.53,3.3,9.1,0.78,21.03489032161465,-0.015279208765957342,8,0.8,4.0,6,6,0,1,0.0,4.139868207324341,0.15563342334881905,0.2579505300353357,0.2467948717948718,0.08012820512820513,0.4093851132686084,0.30649029126213595,0.28,4.352,0.35798123110450797
608369,Corey Seager,L,TEX,2,Eduardo Rodríguez,L,593958,825033,TEX @ AZ,1:10 PM,13/09,Scheduled,0.6790167087659574,-178.0,203.0,64.0,False,0111111001,estimated,0,0,0.0,0,0,0.23189958127952687,0.35467884283304846,0.4572019451742855,0.2944839331171572,0.16251012068515047,20,1,0.04226824653987851,1.0,67.2,B,0.2581110310021629,2.4897611641038484,0.2812075391091143,0.19154760005812446,20,7,0,0.25301204819277107,0.21074380165289255,0.6111111111111112,0.11976911976911978,0.2691197691197691,0.2268346923647146,0.23995127892813642,0.24892703862660945,0.23244461134059333,0.24545454545454545,246,0.17142857142857143,130,False,False,0.6443250358191969,0.034691672946760566,3.735632183908046,4.32183908045977,87,,,,,,,-0.027791042960533148,20,2.55,1.2,173.0,15,5,128,57,0,0,0,29,SP,29,710,151,24.5,6.66,2.97,7.86,0.78,24.59982426868385,-0.03120420876595742,8,1.0,36.0,7,6,0,1,0.0,4.470980418340742,0.08984086275588289,0.23542600896860988,0.22417153996101363,0.10331384015594541,0.4959718026183283,0.3252235649546828,0.25510204081632654,4.352,0.2917964876551323
677951,Bobby Witt,R,KC,2,Payton Tolle,L,801139,824708,KC @ BOS,12:05 PM,13/09,Pre-Game,0.6760098325812444,-186.0,212.0,65.0,False,1011100101,estimated,0,0,0.0,0,0,0.216566131068247,0.3623816380809168,0.5313158930457299,0.27571688407701966,0.14897797346492467,20,1,-0.031047697001264973,1.063,80.4,A,0.2901381610290615,5.187606327883287,0.38430900021443926,0.3210049658168848,20,7,0,0.2582781456953642,0.2893258426966292,0.875417661097852,0.0945107398568019,0.03007159904534606,0.25929090132422045,0.26181818181818184,0.27,0.2617547261269995,0.2884012539184953,347,0.26595744680851063,229,False,False,0.6867085538183216,-0.010698721237077269,3.9,4.430769230769231,130,,,,,,,0.23594471162366837,20,3.15,1.08,137.0,9,6,159,37,0,0,0,24,SP,24,551,111,23.0,10.45,2.43,7.29,0.99,22.977918732721967,0.013656834085422287,9,1.0,3.0,5,6,0,1,0.0,4.500280206219168,0.059821083812467604,0.28085106382978725,0.16917293233082706,0.08834586466165413,0.5107456140350878,0.3705701754385965,0.20833333333333334,4.352,0.357371380347001
677649,Ezequiel Duran,R,TEX,3,Eduardo Rodríguez,L,593958,825033,TEX @ AZ,1:10 PM,13/09,Scheduled,0.6748665396813056,,,,False,1110100001,estimated,0,0,0.0,0,0,0.20151639335779278,0.3248513233685519,0.4816068579201211,0.27007689810496754,0.18568532724070835,20,1,0.08867617497846272,1.0,67.2,B,0.2581110310021629,2.4897611641038484,0.2812075391091143,0.19154760005812446,20,7,0,0.32903225806451614,0.2403560830860534,0.6111111111111112,0.11976911976911978,0.2691197691197691,0.24917413874469088,0.24758064516129033,0.25,0.24821002386634844,0.25773195876288657,326,0.2835820895522388,220,False,False,0.6513699158635154,0.023496623817790163,3.591240875912409,3.9854014598540144,137,,,,,,,0.07057628415808724,20,2.55,1.2,173.0,15,5,128,57,0,0,0,29,SP,29,710,151,24.5,6.66,2.97,7.86,0.78,24.59982426868385,-0.022616539681305503,8,1.0,36.0,7,6,0,1,0.0,4.332701693728823,0.07401900096687074,0.2681818181818182,0.23469387755102042,0.07755102040816327,0.3874871794871795,0.3356753846153846,0.2229580573951435,4.251,0.2917964876551323
694192,Jackson Chourio,R,MIL,2,Chase Burns,R,695505,823734,CIN @ MIL,11:10 AM,13/09,Pre-Game,0.6746240719592352,-203.0,223.0,67.0,False,1011011111,live,6,1,0.16666666666666666,1,2025,0.3640132672764368,0.36250457778848155,0.4504269280161218,0.43447891896051477,0.17792558979721243,20,1,-0.06260206859009254,0.97,78.7,B,0.2980376124284546,3.6392289015934853,0.3846293468800376,0.30891814188396843,20,6,0,0.33532934131736525,0.2727272727272727,0.5605069501226492,0.3875715453802126,0.051921504497138185,0.27191413237924866,0.3180722891566265,0.27114967462039047,0.2867256637168142,0.3049645390070922,308,0.27979274611398963,213,False,False,0.6977096413655429,-0.023085569406307682,4.166666666666667,4.5701754385964914,114,,,,,,,0.025513177339100825,20,2.73,1.14,148.1,15,3,176,51,0,0,0,27,SP,27,602,118,22.3,10.68,3.09,7.16,0.91,21.527707490665158,0.015218785183621852,7,0.875,-7.0,7,6,1,1,0.0,4.88853928799764,0.06888204288439478,0.29494949494949496,0.23105360443622922,0.066543438077634,0.48081081081081084,0.3454662162162162,0.18932038834951456,4.352,0.392595987413718
802415,Chandler Simpson,L,TB,5,Hayden Wesneski,R,669713,822928,HOU @ TB,10:40 AM,13/09,Pre-Game,0.6745873555875687,,,,False,1010111001,live,0,0,0.0,0,0,0.2740774838643055,0.30840548852466915,0.1388093875228456,0.2903505163048992,0.05031601238867154,20,1,0.05719071548217275,0.96,63.4,C,0.27958579881656803,2.6559568419947075,0.4034772798440535,0.20612151537725784,8,5,0,0.2619047619047619,0.31909547738693467,0.5703703703703704,0.30074074074074075,0.1288888888888889,0.30919220055710306,0.2864385297845374,0.2665289256198347,0.29852045256744997,0.3215434083601286,335,0.28169014084507044,233,False,False,0.6861035282025322,-0.011516172614963516,3.8529411764705883,4.176470588235294,136,,,,,,,0.1802582290993678,20,3.35,1.03,45.2,5,1,36,14,0,0,0,8,SP,8,180,33,22.5,7.09,2.76,6.5,0.59,22.3619382373893,0.0002626444124312899,4,0.5714285714285714,2.0,7,6,1,1,0.0,4.182634788094374,0.05149293603631918,0.2952586206896552,0.08366533864541832,0.043824701195219126,0.13408372827804108,0.27881022906793046,0.20618556701030927,4.026,0.2956332527545216
701538,Jackson Merrill,L,SD,5,Logan Webb,R,657277,823171,SD @ SF,4:20 PM,13/09,Scheduled,0.6739219048549705,-194.0,223.0,66.0,False,1000010111,estimated,18,11,0.6111111111111112,1,2024,0.31014947815977695,0.40609829473789083,0.601786776760817,0.3533028088907892,0.14160493743497385,20,1,-0.04313592397760055,0.994,57.9,C,0.27909995672868887,3.0656359055073503,0.37744576172590527,0.1963445800602229,20,6,0,0.28169014084507044,0.2385542168674699,0.5562770562770563,0.20216450216450216,0.24155844155844156,0.25675146771037183,0.2379702537182852,0.2094175960346964,0.24396188787945933,0.2404692082111437,367,0.2638888888888889,241,False,False,0.6549132577952387,0.01900864705973182,3.895104895104895,4.251748251748252,143,,,,,,,0.052180658919298586,20,4.1,1.15,155.2,8,8,127,40,0,0,0,26,SP,26,644,139,24.8,7.34,2.31,8.04,0.69,23.72669030400984,-0.0009119048549705022,10,1.0,-2.0,7,6,0,1,0.0,4.370790134570139,0.0564278272204566,0.2553648068669528,0.233201581027668,0.05731225296442688,0.4887452107279694,0.3660272988505747,0.23823529411764705,4.026,0.3090467211342602
671976,Tristan Peters,L,CWS,6,Michael Mcgreevy,R,700241,823008,CWS @ STL,11:15 AM,13/09,Pre-Game,0.6734934959509026,-178.0,186.0,64.0,False,1011101001,live,0,0,0.0,0,0,0.2681332007911522,0.2645304764780937,0.39913053454355973,0.32173128970963594,0.197839457982148,20,1,0.09331488368070573,1.031,36.9,D,0.2551916932907348,2.2449544727348423,0.4285873022709423,0.16548726120828416,20,6,0,0.1935483870967742,0.2868632707774799,0.5259584664536742,0.27675718849840253,0.19728434504792333,0.24496124031007752,0.2637037037037037,0.2481012658227848,0.2523167649536647,0.24074074074074073,234,0.324468085106383,218,False,False,0.6324337515446934,0.041059744406209187,2.948905109489051,3.2992700729927007,137,,,,,,,0.11988188224438102,20,3.92,1.25,154.0,6,9,106,42,0,0,0,28,SP,28,635,151,22.7,6.19,2.45,8.82,1.17,23.473172244394124,-0.025513495950902576,5,0.5555555555555556,12.0,7,6,1,1,0.0,3.6668837068352285,0.06550052566105419,0.28291316526610644,0.16458852867830423,0.07481296758104738,0.3627147766323024,0.3171890034364261,0.260989010989011,3.896,0.3636834754200932
660688,Keibert Ruiz,L,WSH,7,Grayson Rodriguez,R,680570,822682,LAA @ WSH,10:35 AM,13/09,Pre-Game,0.6730512245579409,-163.0,186.0,62.0,False,1011101011,live,0,0,0.0,0,0,0.3486059022645376,0.31547029687766115,0.3691818356916981,0.3996746941454049,0.07020177956407783,20,1,0.01661474558670817,1.04,33.2,F,0.2691275167785235,2.0930408889698215,0.4459255297772668,0.2072313484616767,17,6,0,0.2777777777777778,0.29439252336448596,0.5313553607552259,0.21375590020229265,0.25488873904248144,0.29634146341463413,0.2628458498023715,0.2838283828382838,0.283609576427256,0.3273809523809524,179,0.2426470588235294,148,False,False,0.64723019124559,0.02582103331235086,3.3043478260869565,3.5543478260869565,92,,,,,,,0.16478052703956664,20,6.28,1.57,81.2,4,7,75,37,0,0,0,17,SP,17,370,91,21.8,8.27,4.08,10.03,1.54,22.1649565190773,-0.034408367415083796,7,0.7777777777777778,-4.0,7,6,0,1,0.0,3.583617037973938,0.035227462053264276,0.26119402985074625,0.10046728971962617,0.037383177570093455,0.3384401114206128,0.25806963788300835,0.3155080213903743,3.76,0.32135183788347826
695578,James Wood,L,WSH,1,Grayson Rodriguez,R,680570,822682,LAA @ WSH,10:35 AM,13/09,Pre-Game,0.6726531268674724,-186.0,212.0,65.0,False,1111110111,live,0,0,0.0,0,0,0.24566521876107145,0.3165439225130576,0.5229574382376521,0.3927598449177816,0.26641344096170383,20,1,0.01412196429307716,1.04,33.2,F,0.2691275167785235,2.0930408889698215,0.4459255297772668,0.2072313484616767,17,6,0,0.25949367088607594,0.2736156351791531,0.5313553607552259,0.21375590020229265,0.25488873904248144,0.26416015625,0.25171467764060357,0.25287356321839083,0.25841631104789,0.2727272727272727,340,0.2631578947368421,232,False,False,0.6273772733897104,0.045275853477761974,3.8114754098360657,4.688524590163935,122,,,,,,,0.07348491036134247,20,6.28,1.57,81.2,4,7,75,37,0,0,0,17,SP,17,370,91,21.8,8.27,4.08,10.03,1.54,22.1649565190773,-0.035053126867472306,7,0.7777777777777778,-4.0,7,6,0,1,0.0,4.4868791162997885,0.15243028663529637,0.2713347921225383,0.27886323268206037,0.152753108348135,0.5914444444444444,0.42358666666666667,0.3155080213903743,4.443,0.32135183788347826
646240,Rafael Devers,L,SF,2,Nick Pivetta,R,601713,823171,SD @ SF,4:20 PM,13/09,Scheduled,0.6701160561288093,-144.0,163.0,59.0,False,1101111011,estimated,7,1,0.14285714285714285,1,2025,0.3466805284978265,0.39017091590451375,0.6163885553345341,0.4631435112468892,0.23247332788062103,20,1,0.060916925838245956,0.994,59.0,C,0.2815884476534296,,,,4,6,0,0.2155688622754491,0.27648578811369506,0.7111913357400722,0.2888086642599278,0.0,0.25294525294525294,0.23822714681440443,0.3219761499148211,0.260339573356552,0.2676923076923077,370,0.2445414847161572,259,False,False,0.6550408673019726,0.015075188826836672,3.7687074829931975,4.27891156462585,147,,,,,,,0.24979726121336077,20,3.43,0.95,21.0,2,2,26,6,0,0,0,5,SP,5,83,14,16.6,11.14,2.57,6.0,0.0,,0.0041639438711907895,5,0.625,18.0,6,6,0,1,0.0,4.535876831066819,0.10527160597754176,0.2684563758389262,0.24224806201550386,0.11046511627906977,0.5357660455486543,0.3349099378881987,0.14705882352941177,4.352,0.28529618718518623
607043,Brandon Nimmo,L,TEX,5,Eduardo Rodríguez,L,593958,825033,TEX @ AZ,1:10 PM,13/09,Scheduled,0.6694914679951349,-178.0,203.0,64.0,False,1000101001,estimated,5,0,0.0,1,2023,0.22233287286711437,0.27813215617612547,0.5445905119779518,0.28387824470542683,0.2596517815925257,20,1,0.07694444444444443,1.0,67.2,B,0.2581110310021629,2.4897611641038484,0.2812075391091143,0.19154760005812446,20,7,0,0.3194444444444444,0.2425,0.6111111111111112,0.11976911976911978,0.2691197691197691,0.2523297491039427,0.24863600935307872,0.2030716723549488,0.24529109589041095,0.27089337175792505,385,0.24873096446700507,218,False,False,0.6278332717224067,0.041658196272728265,3.8309859154929575,4.246478873239437,142,,,,,,,-0.09093608413323476,20,2.55,1.2,173.0,15,5,128,57,0,0,0,29,SP,29,710,151,24.5,6.66,2.97,7.86,0.78,24.59982426868385,-0.04420396799513493,8,1.0,36.0,7,6,0,1,0.0,4.368649667774335,0.08837169914816323,0.25442477876106195,0.21956087824351297,0.07584830339321358,0.5238791423001949,0.3591666666666667,0.25510204081632654,4.026,0.2917964876551323
691718,Pete Crow-Armstrong,L,CHC,1,Bubba Chandler,R,696149,824628,PIT @ CHC,11:20 AM,13/09,Pre-Game,0.6689067461849737,-178.0,186.0,64.0,False,1111111110,live,0,0,0.0,0,0,0.2612102536539752,0.45561695726780344,0.5196488090505986,0.3592396063992882,0.2525638616989109,20,1,-0.023542567016228977,0.983,50.6,C,0.26160164271047226,2.3777573311693976,0.41677400510293866,0.22212889409253705,20,5,0,0.294478527607362,0.270935960591133,0.5650741350906096,0.2887149917627677,0.14621087314662273,0.2513502285002077,0.2631975867269985,0.2949547218628719,0.2623784261715296,0.2688821752265861,379,0.28991596638655465,284,False,False,0.6592940191942532,0.009612726990720466,3.8445945945945947,4.47972972972973,148,,,,,,,0.014846010622625172,20,4.25,1.34,142.0,7,9,129,71,0,0,0,27,SP,28,613,119,21.9,8.18,4.5,7.54,0.82,21.868522085980896,-0.004506746184973598,11,1.0,-10.0,7,6,0,1,0.0,4.623695674042022,0.09073368568190657,0.2875536480686695,0.2550091074681239,0.11657559198542805,0.49182004089979553,0.3894314928425358,0.23469387755102042,4.443,0.28399680381276293
681508,Mickey Gasper,L,BOS,2,Noah Cameron,L,702070,824708,KC @ BOS,12:05 PM,13/09,Pre-Game,0.6682812758999765,,,,False,1101000011,estimated,0,0,0.0,0,0,0.26136670625653613,0.3467076906358325,0.40449999171410106,0.307307424445911,0.13524718811647876,20,1,-0.1327838827838828,1.063,74.7,B,0.27839388145315486,2.8319754145419473,0.34873157995960075,0.2224982493494865,20,6,0,0.14285714285714285,0.27564102564102566,0.4992343032159265,0.29211332312404287,0.20865237366003062,0.2850678733031674,0.21772151898734177,0.27091633466135456,0.2620320855614973,0.25510204081632654,122,0.2777777777777778,80,False,False,0.6261486069433108,0.042132668956665786,3.0357142857142856,3.607142857142857,56,,,,,,,0.0072337015004818265,20,3.93,1.2,160.1,9,8,145,51,0,0,0,27,SP,28,669,142,23.9,8.14,2.86,7.97,0.9,24.194960203326175,-0.004801275899976476,10,1.0,36.0,6,6,0,1,0.0,3.812403290443712,0.17785017718330415,0.2236842105263158,0.17174515235457063,0.11911357340720222,0.34710743801652894,0.26764462809917355,0.2777777777777778,4.352,0.3260676540604361
660670,Ronald Acuña,R,ATL,2,Andrew Painter,R,691725,824869,PHI @ ATL,10:35 AM,13/09,Pre-Game,0.6675705860567783,,,,False,1111011011,live,6,2,0.3333333333333333,1,2026,0.36684018430288046,0.33710946334533565,0.42682455552792037,0.4052662905264606,0.15690654240081217,20,1,-0.018771387753745983,1.018,61.5,C,0.2740462117141322,2.5084747515153043,0.3560766898093929,0.21023373358833525,20,5,0,0.2677165354330709,0.2489451476793249,0.41375604513702313,0.4121440085975282,0.1740999462654487,0.24864864864864866,0.24746192893401014,0.22727272727272727,0.24558139534883722,0.2703862660944206,272,0.22900763358778625,150,False,True,0.6493002371190095,0.0182703489377688,3.7916666666666665,4.395833333333333,96,,,,,,,0.23896233720895324,20,5.71,1.41,110.1,3,9,97,39,0,0,0,20,SP,22,483,117,22.0,7.91,3.18,9.54,1.55,22.499192487458462,-0.011490586056778329,5,0.5555555555555556,4.0,7,7,1,1,0.0,4.349997973910025,0.08648100938371435,0.2708803611738149,0.22030651340996169,0.12835249042145594,0.4649390243902439,0.3555579268292683,0.24022346368715083,4.352,0.30525725804611714
686948,Drake Baldwin,L,ATL,4,Andrew Painter,R,691725,824869,PHI @ ATL,10:35 AM,13/09,Pre-Game,0.6653318340955608,-203.0,212.0,67.0,False,0111011111,live,7,0,0.0,1,2026,0.2927830738547713,0.3503439881649447,0.42145351479713383,0.4194357545428881,0.25461894228002024,20,1,0.0238250771184903,1.018,61.5,C,0.2740462117141322,2.5084747515153043,0.3560766898093929,0.21023373358833525,20,5,0,0.2606060606060606,0.2844311377245509,0.41375604513702313,0.4121440085975282,0.1740999462654487,0.2633376013657704,0.24686192468619247,0.2988505747126437,0.26414640019263186,0.28253968253968254,346,0.266304347826087,213,False,True,0.6500889292337981,0.015242904861762718,3.9603174603174605,4.436507936507937,126,,,,,,,0.2476404382990102,20,5.71,1.41,110.1,3,9,97,39,0,0,0,20,SP,22,483,117,22.0,7.91,3.18,9.54,1.55,22.499192487458462,-0.017571834095560845,5,0.5555555555555556,4.0,7,7,1,1,0.0,4.5192909958886744,0.04513325132209441,0.2746331236897275,0.22326454033771106,0.08442776735459662,0.5009310986964618,0.35786033519553073,0.2924901185770751,4.16,0.30525725804611714
643289,Mauricio Dubón,R,ATL,5,Andrew Painter,R,691725,824869,PHI @ ATL,10:35 AM,13/09,Pre-Game,0.6642570470294591,,,,False,0101011011,live,6,1,0.16666666666666666,1,2026,0.23512180702030128,0.2984010152263129,0.22591201600841293,0.24273950023128188,0.06873738165706852,20,1,-0.011417945999108725,1.018,61.5,C,0.2740462117141322,2.5084747515153043,0.3560766898093929,0.21023373358833525,20,5,0,0.271356783919598,0.2599388379204893,0.41375604513702313,0.4121440085975282,0.1740999462654487,0.2692132787630741,0.26614481409001955,0.23515981735159816,0.2649945474372955,0.2598684210526316,321,0.2702702702702703,247,False,True,0.6474740905647614,0.01678295646469774,3.730496453900709,4.028368794326241,141,,,,,,,0.09431581374852328,20,5.71,1.41,110.1,3,9,97,39,0,0,0,20,SP,22,483,117,22.0,7.91,3.18,9.54,1.55,22.499192487458462,-0.00041704702945910554,5,0.5555555555555556,4.0,7,7,1,1,0.0,4.0314521043520655,0.01694135635245679,0.2583518930957684,0.10699588477366255,0.05555555555555555,0.29021830394626363,0.30828211586901766,0.24022346368715083,4.026,0.30525725804611714
665161,Jeremy Peña,R,HOU,1,Freddy Peralta,R,642547,822928,HOU @ TB,10:40 AM,13/09,Pre-Game,0.6632863686345415,,,,False,1010011110,live,0,0,0.0,0,0,0.18927234192795472,0.3120478944582594,0.3566484560399355,0.317031812222606,0.359941789710326,20,1,0.06404816305806404,0.96,57.8,C,0.2576804915514593,2.7567842091588703,0.39754562721632103,0.19425111682887675,20,5,0,0.21978021978021978,0.2838283828382838,0.5293891663465232,0.23703419131771034,0.23357664233576642,0.2636965683323299,0.24514991181657847,0.2618510158013544,0.2570812807881773,0.26171875,276,0.2826086956521739,153,False,False,0.6553981938954991,0.007888174739042353,4.020408163265306,4.377551020408164,98,,,,,,,-0.09064112029172952,20,4.82,1.36,153.0,8,11,142,55,0,0,0,29,SP,29,667,153,23.0,8.35,3.24,9.0,1.35,22.599958975710265,-0.006703035301208193,6,0.6666666666666666,1.0,6,6,1,1,0.0,4.385067535266438,0.042187384778496366,0.2731006160164271,0.22641509433962265,0.05849056603773585,0.4036784741144414,0.34683106267029973,0.2537313432835821,4.443,0.2665971017974277
641355,Cody Bellinger,L,NYY,2,Christian Scott,R,681035,823495,NYM @ NYY,10:35 AM,13/09,Pre-Game,0.662547620122458,-170.0,186.0,63.0,False,1101111111,live,0,0,0.0,0,0,0.358494783070912,0.2986530799962659,0.4404112752313846,0.43526363069508905,0.15238905972110403,20,1,-0.043461338868707844,1.007,68.0,B,0.2804878048780488,2.937714556539428,0.3433662891026025,0.28136531410649956,20,7,0,0.29878048780487804,0.2553191489361702,0.6794231835829173,0.28618968386023297,0.03438713255684969,0.2482758620689655,0.28272827282728275,0.2495511669658887,0.25833333333333336,0.25572519083969464,297,0.29347826086956524,213,False,False,0.6646211442523627,-0.0020735241299046914,3.716666666666667,4.25,120,,,,,,,0.11640212405235704,20,3.81,1.29,99.1,4,4,120,44,0,0,0,21,SP,21,431,84,20.5,10.87,3.99,7.61,0.91,21.335263660927307,0.008839879877541978,8,0.8888888888888888,6.0,7,6,0,1,0.0,4.185964571038509,0.007694651612945694,0.2713004484304933,0.1568627450980392,0.10980392156862745,0.37518214936247724,0.3352044626593807,0.22916666666666666,4.352,0.34818876088894013
701398,Sal Stewart,R,CIN,3,Robert Gasser,L,688107,823734,CIN @ MIL,11:10 AM,13/09,Pre-Game,0.6619255909758079,-156.0,170.0,61.0,False,1011100111,live,5,2,0.4,1,2025,0.31900947930976203,0.3681584088654057,0.5784158453879957,0.43758452442132606,0.1814236200830739,20,1,-0.038517392772711934,0.97,65.4,B,0.2777053455019557,2.992855932017073,0.3376262546297956,0.22184427869879067,18,6,0,0.2357142857142857,0.27423167848699764,0.6486310299869622,0.25945241199478486,0.09191655801825294,0.2619766940008632,0.2794709603220242,0.27450980392156865,0.26939043041293426,0.2693409742120344,386,0.2570093457943925,252,False,False,0.6619459643749505,-2.0373399142514792e-05,3.8299319727891157,4.340136054421769,147,,,,,,,0.05344678822364516,20,4.43,1.28,91.1,4,5,87,29,0,0,0,17,SP,18,397,88,22.1,8.57,2.86,8.67,1.38,21.916234212787167,-0.009675590975807946,8,1.0,29.0,7,6,1,1,0.0,4.325499772139846,0.07449887393416868,0.2629310344827586,0.22157996146435452,0.07707129094412331,0.3879656160458453,0.33107736389684816,0.2834008097165992,4.251,0.31169287389407785
668227,Randy Arozarena,R,SEA,1,Jacob Lopez,L,682052,824952,SEA @ ATH,1:05 PM,13/09,Scheduled,0.6612149011326097,-203.0,223.0,67.0,False,1101111011,estimated,5,3,0.6,1,2025,0.26484901235373803,0.2798957610833762,0.2947193578058669,0.3836094654597694,0.2517251408608882,20,1,0.014264301362191367,0.977,76.6,B,0.27455919395465994,2.702336869434928,0.3122221168653704,0.23515856575631802,20,6,0,0.2824858757062147,0.26822157434402333,0.5756048387096774,0.34173387096774194,0.08266129032258064,0.24909891870244294,0.23408924652523774,0.2599388379204893,0.24613345117101193,0.25396825396825395,378,0.3024390243902439,231,False,False,0.6433343659468359,0.017880535185773816,3.7142857142857144,4.35,140,,,,,,,-0.04406114137248095,20,4.78,1.45,111.0,6,4,104,53,0,0,0,21,SP,24,492,108,20.5,8.43,4.3,8.76,1.54,21.0788589079087,-0.0034926789103876255,9,0.8181818181818182,-9.0,5,6,1,1,0.0,4.558322825551301,0.09946379707881696,0.27111111111111114,0.22709923664122136,0.0916030534351145,0.4225075528700906,0.343261329305136,0.26582278481012656,4.443,0.3490484517435875
686527,Dominic Canzone,L,SEA,2,Jacob Lopez,L,682052,824952,SEA @ ATH,1:05 PM,13/09,Scheduled,0.6612149011326097,,,,False,1111110111,estimated,0,0,0.0,0,0,0.26387190639252006,0.3436408676628342,0.4457934363331437,0.36448574588015,0.24123639366111874,20,1,-0.010246031244070586,0.977,76.6,B,0.27455919395465994,2.702336869434928,0.3122221168653704,0.23515856575631802,20,6,0,0.24742268041237114,0.25766871165644173,0.5756048387096774,0.34173387096774194,0.08266129032258064,0.2515767344078486,0.23336745138178097,0.22331460674157302,0.2391025641025641,0.24,280,0.2774566473988439,191,False,False,0.6592940191942532,0.001920881938356489,3.2045454545454546,3.5681818181818183,132,,,,,,,0.048716773985902365,20,4.78,1.45,111.0,6,4,104,53,0,0,0,21,SP,24,492,108,20.5,8.43,4.3,8.76,1.54,21.0788589079087,0.020185098867390283,9,0.8181818181818182,-9.0,5,6,1,1,0.0,4.454228484083158,0.03695397921312459,0.26208651399491095,0.21967963386727687,0.08009153318077804,0.4436026936026936,0.35200673400673405,0.21428571428571427,4.352,0.3490484517435875
677594,Julio Rodríguez,R,SEA,3,Jacob Lopez,L,682052,824952,SEA @ ATH,1:05 PM,13/09,Scheduled,0.6611960581075418,,,,False,1100101111,estimated,0,0,0.0,0,0,0.21170794634991444,0.3237188113231947,0.6101971747617966,0.2881262563746018,0.262653155439598,20,1,-0.007575757575757569,0.977,76.6,B,0.27455919395465994,2.702336869434928,0.3122221168653704,0.23515856575631802,20,6,0,0.23958333333333334,0.2471590909090909,0.5756048387096774,0.34173387096774194,0.08266129032258064,0.22879177377892032,0.23940677966101695,0.22423146473779385,0.23160826177767463,0.2448377581120944,366,0.24390243902439024,232,False,False,0.6535784821774175,0.007617575930124243,3.9708029197080292,4.364963503649635,137,,,,,,,-0.016147579299714547,20,4.78,1.45,111.0,6,4,104,53,0,0,0,21,SP,24,492,108,20.5,8.43,4.3,8.76,1.54,21.0788589079087,0.0072483863369027235,9,0.8181818181818182,-9.0,5,6,1,1,0.0,4.454510475197503,0.051365191298732675,0.24791666666666667,0.21946564885496184,0.0648854961832061,0.45388127853881277,0.3602068493150685,0.26582278481012656,4.251,0.3490484517435875
663538,Nico Hoerner,R,CHC,6,Bubba Chandler,R,696149,824628,PIT @ CHC,11:20 AM,13/09,Pre-Game,0.6607253189536086,,,,False,0011101111,live,6,3,0.5,1,2026,0.30271281545253004,0.3423868334929077,0.35042687044302206,0.3281815972533825,0.09513463558080716,20,1,0.012837246661598745,0.983,50.6,C,0.26160164271047226,2.3777573311693976,0.41677400510293866,0.22212889409253705,20,5,0,0.26011560693641617,0.2729528535980149,0.5650741350906096,0.2887149917627677,0.14621087314662273,0.25874125874125875,0.2543859649122807,0.23517382413087934,0.25495049504950495,0.265625,352,0.2734375,282,False,False,0.6646211442523627,-0.0038958252987540964,3.972413793103448,4.372413793103449,145,,,,,,,0.13791504234790217,20,4.25,1.34,142.0,7,9,129,71,0,0,0,27,SP,28,613,119,21.9,8.18,4.5,7.54,0.82,21.868522085980896,0.0007564992282096394,11,1.0,-10.0,7,6,0,1,0.0,4.171618903595495,0.01028625217242006,0.26004228329809725,0.0854368932038835,0.05825242718446602,0.2982128982128982,0.33393123543123543,0.211864406779661,3.896,0.28399680381276293
666018,Jonathan Aranda,L,TB,2,Hayden Wesneski,R,669713,822928,HOU @ TB,10:40 AM,13/09,Pre-Game,0.6607253189536086,-170.0,186.0,63.0,False,1011110011,live,0,0,0.0,0,0,0.22623469641370325,0.30518402775732006,0.4270224646827486,0.3149945756428498,0.22686056780266142,20,1,0.016551071878940726,0.96,63.4,C,0.27958579881656803,2.6559568419947075,0.4034772798440535,0.20612151537725784,8,5,0,0.26229508196721313,0.27884615384615385,0.5703703703703704,0.30074074074074075,0.1288888888888889,0.25016744809109176,0.2374616171954964,0.2621035058430718,0.24852973208451318,0.2674772036474164,375,0.28708133971291866,245,False,False,0.6642366736303166,-0.003511354676707934,3.762237762237762,4.335664335664336,143,,,,,,,-0.01797468402103715,20,3.35,1.03,45.2,5,1,36,14,0,0,0,8,SP,8,180,33,22.5,7.09,2.76,6.5,0.59,22.3619382373893,-0.01742531895360866,4,0.5714285714285714,2.0,7,6,1,1,0.0,4.090121326655432,0.07368447771113072,0.28665207877461707,0.2335907335907336,0.08301158301158301,0.454265873015873,0.35906770833333335,0.20618556701030927,4.352,0.2956332527545216
808982,Jung Hoo Lee,L,SF,5,Nick Pivetta,R,601713,823171,SD @ SF,4:20 PM,13/09,Scheduled,0.6607253189536086,,,,False,0010110101,estimated,13,6,0.46153846153846156,1,2025,0.20176496335618527,0.32678837734865135,0.4405555376719321,0.21183282710626536,0.08200893283231853,20,1,0.03812292008930451,0.994,59.0,C,0.2815884476534296,,,,4,6,0,0.25203252032520324,0.29015544041450775,0.7111913357400722,0.2888086642599278,0.0,0.2705268153773137,0.25961538461538464,0.28794642857142855,0.2694544447521462,0.2596491228070175,304,0.3080357142857143,244,False,False,0.6723737623664844,-0.011648443412875742,3.77037037037037,4.059259259259259,135,,,,,,,-0.09590287266207712,20,3.43,0.95,21.0,2,2,26,6,0,0,0,5,SP,5,83,14,16.6,11.14,2.57,6.0,0.0,,0.0157146810463914,5,0.625,18.0,6,6,0,1,0.0,4.005514011115624,0.08246413156566915,0.289760348583878,0.09164969450101833,0.04276985743380855,0.3140096618357488,0.3259993961352657,0.14705882352941177,4.026,0.28529618718518623
647304,Josh Naylor,L,SEA,5,Jacob Lopez,L,682052,824952,SEA @ ATH,1:05 PM,13/09,Scheduled,0.6602794924498284,,,,False,1010111011,estimated,0,0,0.0,0,0,0.2800136876004888,0.3198734635044902,0.3978446882999795,0.288277002189508,0.15235057472340557,20,1,0.0022531039263881114,0.977,76.6,B,0.27455919395465994,2.702336869434928,0.3122221168653704,0.23515856575631802,20,6,0,0.27325581395348836,0.27100271002710025,0.5756048387096774,0.34173387096774194,0.08266129032258064,0.2551124744376278,0.2669642857142857,0.2424778761061947,0.25761316872427986,0.2577639751552795,353,0.2922374429223744,239,False,False,0.6707401419034325,-0.010460649453604032,3.920289855072464,4.2898550724637685,138,,,,,,,0.08370969334429308,20,4.78,1.45,111.0,6,4,104,53,0,0,0,21,SP,24,492,108,20.5,8.43,4.3,8.76,1.54,21.0788589079087,0.013098285327949433,9,0.8181818181818182,-9.0,5,6,1,1,0.0,4.202639521827323,0.008229001737936049,0.2942430703624733,0.119140625,0.064453125,0.3663398692810458,0.32591584967320264,0.21428571428571427,4.026,0.3490484517435875
518692,Freddie Freeman,L,LAD,2,Eury Pérez,R,691587,823815,LAD @ MIA,10:40 AM,13/09,Pre-Game,0.659883501477154,-186.0,212.0,65.0,False,1101001000,estimated,0,0,0.0,0,0,0.25589156244920436,0.3514559660030737,0.26335545129311744,0.3339020642026852,0.22883049863760083,20,1,-0.06791436739578482,1.0,58.4,C,0.2696534234995773,2.21767189295107,0.37455942615538196,0.2575627027959762,20,6,0,0.3431952662721893,0.2752808988764045,0.5578144853875476,0.3562049978822533,0.08598051673019907,0.2867528271405493,0.2677106636838181,0.2945945945945946,0.28233231039017975,0.2904191616766467,372,0.3089005235602094,227,False,False,0.6748665396813056,-0.014983038204151589,3.75,4.2785714285714285,140,,,,,,,-0.18784132763845052,20,3.94,1.24,139.1,7,11,150,62,0,0,0,26,SP,26,581,111,22.3,9.69,4.0,7.17,1.1,22.540769063549376,0.010853998522845965,8,0.8888888888888888,11.0,5,6,0,1,0.0,4.225258628707563,0.1206564161678822,0.29596412556053814,0.18003913894324852,0.10371819960861056,0.3884180790960452,0.36045338983050845,0.20279720279720279,4.352,0.3162021099744134
672515,Gabriel Moreno,R,AZ,4,Cal Quantrill,R,615698,825033,TEX @ AZ,1:10 PM,13/09,Scheduled,0.659883501477154,,,,False,0011111011,estimated,9,5,0.5555555555555556,1,2023,0.2778303697695195,0.32201753339833106,0.41962739983777314,0.3646829205338273,0.19512678743145667,20,1,0.04515352197471406,1.0,69.0,B,0.251414204902577,4.2908367010424255,0.37380330490279096,0.19241252923655672,20,5,0,0.2727272727272727,0.31788079470198677,0.6925015752993069,0.07876496534341525,0.22873345935727787,0.3037475345167653,0.2812227074235808,0.2953020134228188,0.2938753089810492,0.2862903225806452,280,0.3314285714285714,211,False,False,0.652801215622871,0.007082285854283055,3.6153846153846154,4.196581196581197,117,,,,,,,-0.09644936646299228,20,2.89,1.06,102.2,8,5,77,25,0,0,0,13,RP,30,417,84,13.9,6.75,2.19,7.36,1.05,18.600080660546006,-0.0062977871914396966,7,0.7777777777777778,7.0,7,6,0,1,0.0,4.2281617662579665,0.08612962783794732,0.30484988452655887,0.1497005988023952,0.10778443113772455,0.42616387337057726,0.34229748603351956,0.20114942528735633,4.16,0.33058762229759503
605141,Mookie Betts,R,LAD,1,Eury Pérez,R,691587,823815,LAD @ MIA,10:40 AM,13/09,Pre-Game,0.659634309261434,-186.0,203.0,65.0,False,1101110101,estimated,0,0,0.0,0,0,0.29462298969862605,0.33638594605920713,0.4389423743297238,0.3504084940261535,0.1045767161473476,20,1,-0.060910260910260916,1.0,58.4,C,0.2696534234995773,2.21767189295107,0.37455942615538196,0.2575627027959762,20,6,0,0.28484848484848485,0.22393822393822393,0.5578144853875476,0.3562049978822533,0.08598051673019907,0.23242082662372518,0.25517993456924754,0.2569060773480663,0.24188415022278803,0.2421875,275,0.25595238095238093,190,False,False,0.668747542030236,-0.009113232768802049,3.889908256880734,4.26605504587156,109,,,,,,,0.10485838295845945,20,3.94,1.24,139.1,7,11,150,62,0,0,0,26,SP,26,581,111,22.3,9.69,4.0,7.17,1.1,22.540769063549376,0.0063781907385660475,8,0.8888888888888888,11.0,5,6,0,1,0.0,4.6314990068253055,0.14349226158871925,0.24557522123893805,0.1111111111111111,0.09126984126984126,0.3838383838383838,0.30247474747474745,0.23766816143497757,4.443,0.3162021099744134
621566,Matt Olson,L,ATL,3,Andrew Painter,R,691725,824869,PHI @ ATL,10:35 AM,13/09,Pre-Game,0.6592940191942532,-203.0,223.0,67.0,False,0000110110,live,7,2,0.2857142857142857,1,2026,0.15170318486133516,0.28418129064641484,0.680442297855443,0.1754881544269369,0.20224260725408044,20,1,0.01486826000128838,1.018,61.5,C,0.2740462117141322,2.5084747515153043,0.3560766898093929,0.21023373358833525,20,5,0,0.2372093023255814,0.2520775623268698,0.41375604513702313,0.4121440085975282,0.1740999462654487,0.24338260570642833,0.2410656270305393,0.2409288824383164,0.24242424242424243,0.23563218390804597,387,0.2631578947368421,258,False,True,0.6404292105204429,0.01886480867381035,3.865771812080537,4.328859060402684,149,,,,,,,-0.06496728388215152,20,5.71,1.41,110.1,3,9,97,39,0,0,0,20,SP,22,483,117,22.0,7.91,3.18,9.54,1.55,22.499192487458462,-0.023014019194253277,5,0.5555555555555556,4.0,7,7,1,1,0.0,4.175303376274614,0.06375684403638578,0.23427331887201736,0.25486381322957197,0.08365758754863813,0.5242424242424243,0.3447878787878788,0.2924901185770751,4.251,0.30525725804611714
668939,Adley Rutschman,L,BOS,3,Noah Cameron,L,702070,824708,KC @ BOS,12:05 PM,13/09,Pre-Game,0.6592940191942532,,,,False,0010101101,estimated,0,0,0.0,0,0,0.19532851453335975,0.24526444904031955,0.29915747211106064,0.22646852684505298,0.23440606057278088,20,1,0.07294832826747724,1.063,74.7,B,0.27839388145315486,2.8319754145419473,0.34873157995960075,0.2224982493494865,20,6,0,0.2872340425531915,0.21428571428571427,0.4992343032159265,0.29211332312404287,0.20865237366003062,0.2609575185434929,0.24169986719787517,0.25,0.2544659132336857,0.25405405405405407,218,0.21052631578947367,145,False,False,0.6153016654173739,0.04399235377687938,3.6551724137931036,4.172413793103448,87,,,,,,,-0.06865466538391146,20,3.93,1.2,160.1,9,8,145,51,0,0,0,27,SP,28,669,142,23.9,8.14,2.86,7.97,0.9,24.194960203326175,0.0005559808057468141,10,1.0,36.0,6,6,0,1,0.0,3.8967180649117767,0.06869291305358276,0.23556581986143188,0.15682281059063136,0.09979633401221996,0.3958333333333333,0.28979213483146066,0.2777777777777778,4.251,0.3260676540604361
703520,Brett Bateman,L,TOR,1,Trevor Rogers,L,669432,822764,BAL @ TOR,10:37 AM,13/09,Pre-Game,0.6589390881902374,-170.0,194.0,63.0,False,1111101111,live,0,0,0.0,0,0,0.35821201443197104,0.38897380949759464,0.2719239762964311,0.4618374735333838,0.19456715893505433,20,1,-0.13461538461538464,0.995,80.2,A,0.2881427964300892,5.621571149880096,0.35919174262717996,0.2504919765237395,20,6,0,0.25,0.38461538461538464,0.6530612244897959,0.14243197278911565,0.20450680272108843,0.3621212121212121,0.3466135458167331,0.3116883116883117,0.35317860746720486,0.36486486486486486,86,0.2916666666666667,53,True,False,0.6704717234531957,-0.011532635262958335,4.066666666666666,4.633333333333334,30,,,,,,,0.22588685237265094,20,4.15,1.21,151.2,10,9,138,37,0,0,0,27,SP,27,629,147,23.3,8.19,2.2,8.72,0.95,24.066298166245506,0.008770911809762416,10,1.0,6.0,7,6,0,1,0.0,4.570516682663776,0.09565054438325389,0.3387096774193548,0.19718309859154928,0.08450704225352113,0.21354166666666666,0.33554687499999997,0.2,4.443,0.34609215141385274
682998,Corbin Carroll,L,AZ,1,Cal Quantrill,R,615698,825033,TEX @ AZ,1:10 PM,13/09,Scheduled,0.6589202132739406,-170.0,194.0,63.0,False,0100011010,estimated,8,3,0.375,1,2023,0.15177841896004812,0.35206873624273255,0.49549637734045193,0.22488694739354317,0.3561777173952234,20,1,-0.13556539383877514,1.0,69.0,B,0.251414204902577,4.2908367010424255,0.37380330490279096,0.19241252923655672,20,5,0,0.3381294964028777,0.20256410256410257,0.6925015752993069,0.07876496534341525,0.22873345935727787,0.2378001549186677,0.25699745547073793,0.20170454545454544,0.23707186030893218,0.25595238095238093,376,0.20725388601036268,236,False,False,0.6295285961183003,0.029391617155640315,3.7253521126760565,4.309859154929577,142,,,,,,,-0.17339263821215192,20,2.89,1.06,102.2,8,5,77,25,0,0,0,13,RP,30,417,84,13.9,6.75,2.19,7.36,1.05,18.600080660546006,-0.013734498988226207,7,0.7777777777777778,7.0,7,6,0,1,0.0,4.029798014964234,0.04760082295888667,0.22787610619469026,0.21923076923076923,0.1,0.497534516765286,0.33029191321499013,0.23333333333333334,4.443,0.33058762229759503
665833,Oneil Cruz,L,PIT,2,Matt Boyd,L,571510,824628,PIT @ CHC,11:20 AM,13/09,Pre-Game,0.6572243404497472,-138.0,150.0,58.0,False,1001011110,live,7,1,0.14285714285714285,1,2024,0.2848964965002311,0.3543453732288739,0.45835146731528614,0.4184269731892612,0.2769461973647762,20,1,0.03257226644323419,0.983,58.4,C,0.2711246200607903,2.358318476288104,0.37661488792862413,0.17772179246213363,18,6,0,0.2987012987012987,0.2661290322580645,0.4419452887537994,0.2844984802431611,0.2735562310030395,0.24008810572687225,0.26627906976744187,0.21748400852878466,0.2453669384729429,0.2712765957446808,213,0.2773722627737226,157,False,False,0.6262022798195164,0.03102206063023083,3.869047619047619,4.404761904761905,84,,,,,,,0.020258547298202798,20,4.03,1.22,109.1,8,4,86,33,0,0,0,19,SP,19,450,100,23.7,7.08,2.72,8.23,1.23,24.513593267486232,-0.014041007116413873,6,1.0,39.0,7,6,0,1,0.0,4.22706224047342,0.11876970833922071,0.24770642201834864,0.3353413654618474,0.10642570281124498,0.5539033457249071,0.37385749690210657,0.20588235294117646,4.352,0.32003910438039773
664034,Ty France,R,SD,4,Logan Webb,R,657277,823171,SD @ SF,4:20 PM,13/09,Scheduled,0.6554963136413887,,,,False,1101100011,estimated,6,0,0.0,1,2023,0.31384501667318393,0.3532062331027128,0.4455874036672497,0.3780629156734824,0.18312603962086493,20,4,-0.011788048552754393,0.994,57.9,C,0.27909995672868887,3.0656359055073503,0.37744576172590527,0.1963445800602229,20,6,0,0.3014705882352941,0.2896825396825397,0.5562770562770563,0.20216450216450216,0.24155844155844156,0.27808988764044945,0.269041769041769,0.35798816568047337,0.286734693877551,0.3090909090909091,248,0.27380952380952384,197,False,False,0.6556445796774532,-0.00014826603606443722,3.373913043478261,3.869565217391304,115,,,,,,,0.10012205135404256,20,4.1,1.15,155.2,8,8,127,40,0,0,0,26,SP,26,644,139,24.8,7.34,2.31,8.04,0.69,23.72669030400984,0.008983686358611243,10,1.0,-2.0,7,6,0,1,0.0,4.247748660005055,0.15359856989350976,0.29177057356608477,0.20869565217391303,0.07391304347826087,0.47814207650273227,0.3235262295081967,0.21777777777777776,4.16,0.3090467211342602
667472,Dane Myers,R,CIN,1,Robert Gasser,L,688107,823734,CIN @ MIL,11:10 AM,13/09,Pre-Game,0.6553981938954991,-163.0,186.0,62.0,False,0110111011,live,0,0,0.0,0,0,0.331359271923419,0.33508238209229757,0.45658017252312494,0.4155354609776413,0.1790668502903777,20,1,-0.010764392839864523,0.97,65.4,B,0.2777053455019557,2.992855932017073,0.3376262546297956,0.22184427869879067,18,6,0,0.26282051282051283,0.27358490566037735,0.6486310299869622,0.25945241199478486,0.09191655801825294,0.260707635009311,0.28623853211009176,0.26582278481012656,0.26852846401718583,0.29914529914529914,136,0.2413793103448276,165,False,False,0.6357501452226795,0.019648048672819662,2.7010309278350517,3.1030927835051547,97,,,,,,,0.14477465815713336,20,4.43,1.28,91.1,4,5,87,29,0,0,0,17,SP,18,397,88,22.1,8.57,2.86,8.67,1.38,21.916234212787167,-0.027635693895499136,8,1.0,29.0,7,6,1,1,0.0,3.9550652073828596,0.06490787451341994,0.25696594427244585,0.23978201634877383,0.10354223433242507,0.4056737588652482,0.31361063829787234,0.2834008097165992,4.443,0.31169287389407785
681198,Tj Rumfield,L,COL,4,Jackson Jobe,R,695549,824225,COL @ DET,9:10 AM,13/09,In Progress,0.6553622653038039,108.0,117.0,48.0,False,1111111001,live,0,0,0.0,0,0,0.34951346894622437,0.3477685954473162,0.3447842389156007,0.41505854360140115,0.13226719112252389,20,1,0.023534049472750618,1.004,48.4,D,0.22709163346613545,2.190183403343664,0.35737836074951496,0.21497546039351856,6,7,0,0.2805755395683453,0.3041095890410959,0.547808764940239,0.3426294820717131,0.10956175298804781,0.29840319361277445,0.26612244897959186,0.24067796610169492,0.2801667969768048,0.2733333333333333,346,0.3333333333333333,238,True,False,0.6566970409216251,-0.0013347756178211378,3.5244755244755246,4.083916083916084,143,,,,,,,0.11078081082190781,20,4.6,1.4,29.1,1,2,28,12,0,0,0,7,SP,7,129,29,18.4,8.59,3.68,8.9,1.84,20.976644678225803,0.0007710680295294203,9,0.8181818181818182,-13.0,7,6,0,1,0.0,4.377372413313521,0.19241717310980255,0.3058823529411765,0.13306451612903225,0.12298387096774194,0.2525533890436398,0.30203834726090995,0.2222222222222222,4.16,0.3064349163661517
701350,Roman Anthony,L,BOS,1,Noah Cameron,L,702070,824708,KC @ BOS,12:05 PM,13/09,Pre-Game,0.6529377618110765,-178.0,203.0,64.0,False,1100010111,estimated,0,0,0.0,0,0,0.24377646629621066,0.3740419710581733,0.5059046745562492,0.36412381647474784,0.3079174885884608,20,1,-0.13949208686050793,1.063,74.7,B,0.27839388145315486,2.8319754145419473,0.34873157995960075,0.2224982493494865,20,6,0,0.10526315789473684,0.24475524475524477,0.4992343032159265,0.29211332312404287,0.20865237366003062,0.20081411126187246,0.1750599520383693,0.332089552238806,0.2180028129395218,0.23529411764705882,117,0.21666666666666667,71,False,False,0.6217218402682956,0.031215921542780967,3.857142857142857,4.476190476190476,42,,,,,,,0.023908139071601976,20,3.93,1.2,160.1,9,8,145,51,0,0,0,27,SP,28,669,142,23.9,8.14,2.86,7.97,0.9,24.194960203326175,0.02691223818892352,10,1.0,36.0,6,6,0,1,0.0,4.601068321476861,0.07277148354375024,0.27293577981651373,0.27325581395348836,0.13565891472868216,0.5677966101694916,0.37198983050847456,0.2777777777777778,4.443,0.3260676540604361
701675,Nathan Church,L,STL,8,David Sandlin,R,689818,823008,CWS @ STL,11:15 AM,13/09,Pre-Game,0.652801215622871,,,,False,1111111111,live,0,0,0.0,0,0,0.3590737376963613,0.3263619194325343,0.2692727946125915,0.39318252191579545,0.09063061357379976,20,1,0.034181022696199076,1.031,60.7,C,0.2665036674816626,2.034789487931383,0.3059458463130273,0.23674250500996058,5,37,0,0.21739130434782608,0.25157232704402516,0.6234718826405868,0.3105134474327628,0.06601466992665037,0.26875,0.247557003257329,0.29116465863453816,0.2671606864274571,0.28780487804878047,225,0.1978021978021978,198,False,True,0.6260190708643124,0.026782144758558557,3.2796610169491527,3.5847457627118646,118,,,,,,,0.16522286079989112,20,6.93,1.38,24.2,2,1,24,12,0,0,0,3,SP,5,106,22,21.2,8.76,4.38,8.03,2.19,21.395212297089508,-0.006034548956204366,6,0.6666666666666666,3.0,7,6,1,1,0.0,3.9044689396243486,0.07531830292059374,0.25063291139240507,0.1716937354988399,0.05568445475638051,0.29444444444444445,0.29984735202492213,0.3103448275862069,3.598,0.3292228179720912
676391,Ernie Clement,R,TOR,6,Trevor Rogers,L,669432,822764,BAL @ TOR,10:37 AM,13/09,Pre-Game,0.6511155522423743,-178.0,203.0,64.0,False,1111010110,live,8,1,0.125,1,2024,0.1704633483426033,0.19379609736702838,0.12407917503689,0.18531640445471584,0.0666506074235859,20,1,-0.02465255537515082,0.995,80.2,A,0.2881427964300892,5.621571149880096,0.35919174262717996,0.2504919765237395,20,6,0,0.25668449197860965,0.28133704735376047,0.6530612244897959,0.14243197278911565,0.20450680272108843,0.2649151614668856,0.2666034155597723,0.2309322033898305,0.2610119047619048,0.24605678233438485,331,0.31004366812227074,245,False,False,0.6373499089150044,0.013765643327369848,3.7655172413793103,3.972413793103448,145,,,,,,,-0.06563717721708244,20,4.15,1.21,151.2,10,9,138,37,0,0,0,27,SP,27,629,147,23.3,8.19,2.2,8.72,0.95,24.066298166245506,-0.004975552242374226,10,1.0,6.0,7,6,0,1,0.0,3.5150085201262162,0.04474347764300575,0.26244343891402716,0.10191082802547771,0.04246284501061571,0.1835871404399323,0.26531810490693736,0.2764423076923077,3.896,0.34609215141385274
670623,Isaac Paredes,R,HOU,3,Freddy Peralta,R,642547,822928,HOU @ TB,10:40 AM,13/09,Pre-Game,0.6506266791565681,-133.0,144.0,57.0,False,1111011111,live,0,0,0.0,0,0,0.2521913650633127,0.2823250058564517,0.4205842595833824,0.3249577291903015,0.18898677981464967,20,1,0.012907321201862054,0.96,57.8,C,0.2576804915514593,2.7567842091588703,0.39754562721632103,0.19425111682887675,20,5,0,0.2517985611510791,0.2647058823529412,0.5293891663465232,0.23703419131771034,0.23357664233576642,0.25677139761646806,0.25776602775941837,0.3431786216596343,0.2692,0.27575757575757576,377,0.23497267759562843,224,False,False,0.6506266791565681,0.0,3.6382978723404253,4.26241134751773,141,,,,,,,0.23967534834585855,20,4.82,1.36,153.0,8,11,142,55,0,0,0,29,SP,29,667,153,23.0,8.35,3.24,9.0,1.35,22.599958975710265,-0.0017100124899014357,6,0.6666666666666666,1.0,6,6,1,1,0.0,4.2479449101558835,0.11404213151131305,0.2671232876712329,0.1262135922330097,0.10679611650485436,0.2928954423592493,0.2936112600536193,0.2537313432835821,4.251,0.2665971017974277
677800,Wilyer Abreu,L,BOS,4,Noah Cameron,L,702070,824708,KC @ BOS,12:05 PM,13/09,Pre-Game,0.6500351402456942,-170.0,203.0,63.0,False,1100101111,estimated,0,0,0.0,0,0,0.26199925718891404,0.30206937447802606,0.3899811324606554,0.28443557998486374,0.16829314402423848,20,1,0.04720529602046192,1.063,74.7,B,0.27839388145315486,2.8319754145419473,0.34873157995960075,0.2224982493494865,20,6,0,0.29365079365079366,0.24644549763033174,0.4992343032159265,0.29211332312404287,0.20865237366003062,0.23800937612693834,0.24362606232294617,0.23841961852861035,0.23972003499562555,0.25846153846153846,378,0.2556053811659193,252,False,False,0.6153016654173739,0.03473347482832034,3.8055555555555554,4.375,144,,,,,,,0.08273565399914241,20,3.93,1.2,160.1,9,8,145,51,0,0,0,27,SP,28,669,142,23.9,8.14,2.86,7.97,0.9,24.194960203326175,0.012734859754305772,10,1.0,36.0,6,6,0,1,0.0,4.271941792549478,0.10811937880053607,0.24945295404814005,0.19962335216572505,0.10546139359698682,0.4271604938271605,0.3289458689458689,0.2777777777777778,4.16,0.3260676540604361
543807,George Springer,R,TOR,2,Trevor Rogers,L,669432,822764,BAL @ TOR,10:37 AM,13/09,Pre-Game,0.6500351402456942,-186.0,203.0,65.0,False,1011010011,live,7,0,0.0,1,2024,0.31338748038093517,0.33043593484107353,0.43619666875500096,0.37023217775154454,0.15622655533807345,20,1,-0.026116093426628573,0.995,80.2,A,0.2881427964300892,5.621571149880096,0.35919174262717996,0.2504919765237395,20,6,0,0.2328767123287671,0.2589928057553957,0.6530612244897959,0.14243197278911565,0.20450680272108843,0.24770198355104014,0.2420091324200913,0.18876404494382024,0.23891352549889136,0.23166023166023167,292,0.2787878787878788,183,False,False,0.6380251012851349,0.0120100389605593,3.752212389380531,4.20353982300885,113,,,,,,,-0.007956516282600985,20,4.15,1.21,151.2,10,9,138,37,0,0,0,27,SP,27,629,147,23.3,8.19,2.2,8.72,0.95,24.066298166245506,-0.012685140245694226,10,1.0,6.0,7,6,0,1,0.0,3.7355222427313817,0.03334559808991341,0.2645739910313901,0.182,0.092,0.3976525821596244,0.2878845070422535,0.2764423076923077,4.352,0.34609215141385274
700250,Ben Rice,L,NYY,1,Christian Scott,R,681035,823495,NYM @ NYY,10:35 AM,13/09,Pre-Game,0.6487057972182114,-170.0,186.0,63.0,False,0111100011,live,0,0,0.0,0,0,0.3205767765152221,0.3574573293594115,0.38310001576616776,0.3805946428256184,0.19269564088015337,20,2,-0.018115047016781072,1.007,68.0,B,0.2804878048780488,2.937714556539428,0.3433662891026025,0.28136531410649956,20,7,0,0.27167630057803466,0.2535612535612536,0.6794231835829173,0.28618968386023297,0.03438713255684969,0.24656188605108054,0.23696682464454977,0.22963951935914553,0.2408315814062135,0.24367088607594936,359,0.28365384615384615,246,False,False,0.6592940191942532,-0.010588221976041812,3.742857142857143,4.321428571428571,140,,,,,,,0.15674858893098872,20,3.81,1.29,99.1,4,4,120,44,0,0,0,21,SP,21,431,84,20.5,10.87,3.99,7.61,0.91,21.335263660927307,0.013756702781788532,8,0.8888888888888888,6.0,7,6,0,1,0.0,4.479811647256274,0.1004922432251618,0.24838012958963282,0.24427480916030533,0.09732824427480916,0.45746268656716416,0.36171940298507466,0.22916666666666666,4.443,0.34818876088894013
645277,Ozzie Albies,L,ATL,6,Andrew Painter,R,691725,824869,PHI @ ATL,10:35 AM,13/09,Pre-Game,0.6473710216003902,-156.0,178.0,61.0,False,1101000101,live,6,2,0.3333333333333333,1,2026,0.24055184361865978,0.2907276003894651,0.3459097190621157,0.29557581089016083,0.16755906648066785,20,1,-0.0707408291557253,1.018,61.5,C,0.2740462117141322,2.5084747515153043,0.3560766898093929,0.21023373358833525,20,5,0,0.29107981220657275,0.22033898305084745,0.41375604513702313,0.4121440085975282,0.1740999462654487,0.23354156655454109,0.2417860151642797,0.22717622080679406,0.23512680730030813,0.2463768115942029,381,0.24774774774774774,252,False,True,0.6294795945723707,0.01789142702801949,3.8053691275167787,4.248322147651007,149,,,,,,,-0.15998675798706508,20,5.71,1.41,110.1,3,9,97,39,0,0,0,20,SP,22,483,117,22.0,7.91,3.18,9.54,1.55,22.499192487458462,-0.009271021600390172,5,0.5555555555555556,4.0,7,7,1,1,0.0,4.09366064703994,0.05951355290154443,0.22958057395143489,0.1512770137524558,0.07072691552062868,0.2800531914893617,0.2696427304964539,0.2924901185770751,3.896,0.30525725804611714
703607,Henry Bolte,R,ATH,1,Bryce Miller,R,682243,824952,SEA @ ATH,1:05 PM,13/09,Scheduled,0.64723019124559,,,,False,1101111111,estimated,0,0,0.0,0,0,0.32573318598499523,0.4519503034507366,0.44209847916732836,0.511373997949619,0.3164067009400382,20,1,0.0051110491590000695,0.977,65.0,B,0.2683982683982684,2.7804788191958822,0.33866549889309544,0.23604895135750978,19,5,0,0.27450980392156865,0.2796208530805687,0.5372208436724566,0.21898263027295287,0.24379652605459057,0.28771112405358185,0.2685788787483703,0.3444730077120823,0.2910602910602911,0.30414746543778803,246,0.23809523809523808,170,True,False,0.6487057972182114,-0.0014756059726214188,3.5,4.0,104,,,,,,,0.24105388380787984,20,4.22,1.14,102.1,4,9,101,29,0,0,0,18,SP,19,415,88,21.8,8.88,2.55,7.74,1.58,21.913854946974226,0.02299203097663227,9,1.0,-18.0,6,6,1,1,0.0,4.5331135601630175,0.13356716092905782,0.2849604221635884,0.279445727482679,0.08083140877598152,0.4715762273901809,0.3488527131782946,0.19161676646706588,4.443,0.3300781594825775
672695,Geraldo Perdomo,L,AZ,3,Cal Quantrill,R,615698,825033,TEX @ AZ,1:10 PM,13/09,Scheduled,0.6469891544645009,,,,False,0110110101,estimated,7,0,0.0,1,2022,0.2689384940414197,0.28422954779753556,0.31630651369140406,0.298947537611241,0.07462830492594871,20,1,-0.06712328767123288,1.0,69.0,B,0.251414204902577,4.2908367010424255,0.37380330490279096,0.19241252923655672,20,5,0,0.2945205479452055,0.2273972602739726,0.6925015752993069,0.07876496534341525,0.22873345935727787,0.24963662790697674,0.2664835164835165,0.25782227784730916,0.2547839174371103,0.2721518987341772,376,0.20512820512820512,241,False,False,0.6394807349473878,0.0075084195171131185,3.5734265734265733,4.314685314685315,143,,,,,,,0.0740403020410831,20,2.89,1.06,102.2,8,5,77,25,0,0,0,13,RP,30,417,84,13.9,6.75,2.19,7.36,1.05,18.600080660546006,0.000525131249784927,7,0.7777777777777778,7.0,7,6,0,1,0.0,4.179797646441126,0.10700626710806349,0.2465437788018433,0.1206896551724138,0.1360153256704981,0.3198562443845463,0.302707097933513,0.23333333333333334,4.251,0.33058762229759503
703601,Max Clark,L,DET,6,Gabriel Hughes,R,687312,824225,COL @ DET,9:10 AM,13/09,In Progress,0.6469891544645009,-170.0,194.0,63.0,False,1101010111,live,0,0,0.0,0,0,0.3148514425132245,0.3752147335192128,0.4899879583145414,0.42312378877213375,0.21102191167092757,20,1,-0.08602150537634407,1.004,63.4,C,0.25510204081632654,2.4379521993102133,0.3006100214032711,0.18888850532837112,12,5,0,0.3333333333333333,0.24731182795698925,0.6120777891504606,0.27533265097236437,0.11258955987717502,0.2504378283712785,0.33125,0.21568627450980393,0.2617046818727491,0.25396825396825395,73,0.2898550724637681,77,True,True,0.6152479925411681,0.03174116192333276,3.473684210526316,3.9473684210526314,38,,,,,,,-0.023235840798230056,20,5.81,1.38,57.1,0,7,48,21,1,0,1,11,SP,12,250,58,20.8,7.53,3.3,9.1,0.78,21.03489032161465,-0.010351654464500926,8,0.8,4.0,6,6,0,1,0.0,3.8819612762045965,0.10919540338916538,0.27205882352941174,0.21153846153846154,0.08974358974358974,0.4174757281553398,0.35467961165048545,0.2534246575342466,3.896,0.35798123110450797
656941,Kyle Schwarber,L,PHI,1,Grant Holmes,R,656550,824869,PHI @ ATL,10:35 AM,13/09,Pre-Game,0.6469612513953508,-163.0,186.0,62.0,False,0011111000,live,10,2,0.2,1,2024,0.18240526517035038,0.3059652447579802,0.350513092465039,0.23244184613524999,0.31064942736195805,20,1,-0.006537664987171954,1.018,42.6,D,0.27565577542567876,2.09472488255972,0.4791530575525021,0.17782633049982763,20,6,0,0.24064171122994651,0.23410404624277456,0.4894009216589862,0.44377880184331797,0.06682027649769585,0.2377711612079966,0.21180189673340358,0.17464788732394365,0.2186,0.23880597014925373,389,0.23232323232323232,249,False,False,0.6159118404007208,0.03104941099462999,3.7535211267605635,4.492957746478873,142,,,,,,,-0.17246901470698292,20,3.46,1.29,137.2,9,5,110,57,0,0,0,27,SP,28,583,120,20.8,7.19,3.73,7.85,1.24,20.088688781786328,-0.029544584728684153,6,0.6666666666666666,16.0,7,7,1,1,0.0,4.511673623895169,0.10121906718598332,0.24008810572687225,0.32653061224489793,0.12987012987012986,0.486810551558753,0.39133992805755397,0.22149837133550487,4.443,0.29481191244129473
686681,Michael Massey,L,KC,5,Payton Tolle,L,801139,824708,KC @ BOS,12:05 PM,13/09,Pre-Game,0.6448099719194573,,,,False,0111101111,estimated,0,0,0.0,0,0,0.33905995785690346,0.4093558572405199,0.41971301997049554,0.3787955623328919,0.1051013994416384,20,1,-0.06927901210559581,1.063,80.4,A,0.2901381610290615,5.187606327883287,0.38430900021443926,0.3210049658168848,20,7,0,0.22388059701492538,0.2931596091205212,0.875417661097852,0.0945107398568019,0.03007159904534606,0.27840531561461795,0.28924418604651164,0.22535211267605634,0.27373236751810903,0.26666666666666666,239,0.30201342281879195,163,False,False,0.6500889292337981,-0.005278957314340804,3.2241379310344827,3.4655172413793105,116,,,,,,,0.3017650968065957,20,3.15,1.08,137.0,9,6,159,37,0,0,0,24,SP,24,551,111,23.0,10.45,2.43,7.29,0.99,22.977918732721967,0.017567805858320407,9,1.0,3.0,5,6,0,1,0.0,3.796645120482985,0.06744764490935273,0.2879177377892031,0.1606714628297362,0.050359712230215826,0.4126811594202898,0.31394099378881984,0.24489795918367346,4.026,0.357371380347001
687093,Vaughn Grissom,R,LAA,4,Riley Cornelio,R,683000,822682,LAA @ WSH,10:35 AM,13/09,Pre-Game,0.6428494298465756,-186.0,203.0,65.0,False,0111001001,live,0,0,0.0,0,0,0.19124420420291902,0.2460626057725759,0.3130130466127193,0.26082040899645176,0.20130116710741067,20,1,0.0028595257953056286,1.04,47.7,D,0.2837022132796781,1.7970159068654858,0.4810276774779669,0.2879103661832294,13,5,0,0.24025974025974026,0.24311926605504589,0.5010141987829615,0.49898580121703856,0.0,0.21525533290239174,0.22494172494172493,0.20572916666666666,0.21653543307086615,0.23853211009174313,242,0.24675324675324675,172,False,True,0.6274456752910041,0.015403754555571414,3.576923076923077,3.980769230769231,104,,,,,,,-0.09209010918609187,20,5.26,1.6,25.2,2,2,27,21,0,1,1,1,RP,13,116,20,8.9,9.47,7.36,7.01,0.7,8.654013189164415,0.004650570153424516,8,0.8888888888888888,-13.0,7,6,0,1,0.0,4.26672075123721,0.07623740830358118,0.24278846153846154,0.1888412017167382,0.07296137339055794,0.3641768292682927,0.3097713414634147,0.2708333333333333,4.16,0.3139532869085001
671277,Luis García,L,NYY,4,Christian Scott,R,681035,823495,NYM @ NYY,10:35 AM,13/09,Pre-Game,0.6421648259030605,,,,False,0101011111,live,6,1,0.16666666666666666,1,2024,0.3302784171896745,0.4080215802361718,0.5644050258001208,0.45904223480878464,0.26146856892827175,20,2,0.023579388044080496,1.007,68.0,B,0.2804878048780488,2.937714556539428,0.3433662891026025,0.28136531410649956,20,7,0,0.2702702702702703,0.2938496583143508,0.6794231835829173,0.28618968386023297,0.03438713255684969,0.2498483929654336,0.2514124293785311,0.2692307692307692,0.25516671259300083,0.2724014336917563,294,0.3197969543147208,207,False,False,0.6527408744144956,-0.010576048511435121,3.5,3.6838235294117645,136,,,,,,,0.15609787294021443,20,3.81,1.29,99.1,4,4,120,44,0,0,0,21,SP,21,431,84,20.5,10.87,3.99,7.61,0.91,21.335263660927307,0.010497674096939469,8,0.8888888888888888,6.0,7,6,0,1,0.0,3.7060296968341535,0.026953134745622553,0.29691211401425177,0.17607223476297967,0.045146726862302484,0.4757045675413022,0.3551880466472303,0.22916666666666666,4.16,0.34818876088894013
682928,Cj Abrams,L,WSH,4,Grayson Rodriguez,R,680570,822682,LAA @ WSH,10:35 AM,13/09,Pre-Game,0.6417306703140189,-170.0,178.0,63.0,False,1001100011,live,0,0,0.0,0,0,0.16729716988306062,0.316731571185241,0.45752102849679366,0.2746419555734996,0.3392462834948271,20,1,-0.028259906036698867,1.04,33.2,F,0.2691275167785235,2.0930408889698215,0.4459255297772668,0.2072313484616767,17,6,0,0.2827586206896552,0.2544987146529563,0.5313553607552259,0.21375590020229265,0.25488873904248144,0.25,0.2389196675900277,0.24666666666666667,0.2457795431976167,0.28,345,0.23931623931623933,262,False,False,0.6066575350692756,0.035073135244743314,3.8142857142857145,4.335714285714285,140,,,,,,,-0.024584708748576,20,6.28,1.57,81.2,4,7,75,37,0,0,0,17,SP,17,370,91,21.8,8.27,4.08,10.03,1.54,22.1649565190773,-0.04393067031401876,7,0.7777777777777778,-4.0,7,6,0,1,0.0,4.393697509192726,0.06773493854175028,0.2526997840172786,0.2653846153846154,0.08076923076923077,0.4032307692307693,0.33350153846153846,0.3155080213903743,4.16,0.32135183788347826
665052,Griffin Conine,L,MIA,3,Emmet Sheehan,R,686218,823815,LAD @ MIA,10:40 AM,13/09,Pre-Game,0.6415146542287543,,,,False,1011100111,estimated,0,0,0.0,0,0,0.3005355468764149,0.3290046625564588,0.3704125898938979,0.35615971098839166,0.18760359355044204,20,1,-0.029453015427770013,1.0,72.0,B,0.29955207166853304,3.7887714165515654,0.404395060493802,0.27761730753234765,20,6,0,0.2903225806451613,0.2608695652173913,0.42696629213483145,0.4117977528089888,0.16123595505617977,0.26370757180156656,0.23649906890130354,0.19883040935672514,0.24198427102238354,0.256,148,0.2743362831858407,128,False,False,0.6277235645111702,0.013791089717584137,2.975,3.45,80,,,,,,,-0.028208505065248628,20,5.08,1.26,101.0,5,8,118,31,0,0,0,21,SP,21,433,96,20.6,10.51,2.76,8.55,1.87,20.482361274884852,-0.020077154228754335,8,1.0,3.0,5,6,0,1,0.0,3.9696263865454062,0.13338176183899314,0.27100271002710025,0.2853717026378897,0.10071942446043165,0.468,0.34026,0.2638888888888889,4.251,0.34190294853066916
702332,Caleb Durbin,R,BOS,7,Noah Cameron,L,702070,824708,KC @ BOS,12:05 PM,13/09,Pre-Game,0.641421589196113,-163.0,170.0,62.0,False,0100010111,estimated,0,0,0.0,0,0,0.1950009047895807,0.26696892167852726,0.21821105516617134,0.226448240116945,0.17163754159631156,20,1,-0.01424501424501426,1.063,74.7,B,0.27839388145315486,2.8319754145419473,0.34873157995960075,0.2224982493494865,20,6,0,0.23931623931623933,0.2535612535612536,0.4992343032159265,0.29211332312404287,0.20865237366003062,0.23542001070090957,0.24681344148319814,0.25386996904024767,0.2415932092719556,0.2631578947368421,305,0.23267326732673269,232,False,False,0.6238882448319291,0.017533344364183967,3.391304347826087,3.891304347826087,138,,,,,,,-0.023160780511710093,20,3.93,1.2,160.1,9,8,145,51,0,0,0,27,SP,28,669,142,23.9,8.14,2.86,7.97,0.9,24.194960203326175,0.016288410803886988,10,1.0,36.0,6,6,0,1,0.0,3.825812305605692,0.12206772118118743,0.26535626535626533,0.13859275053304904,0.08102345415778252,0.24785575048732944,0.2814775828460039,0.22077922077922077,3.76,0.3260676540604361
592518,Manny Machado,R,SD,3,Logan Webb,R,657277,823171,SD @ SF,4:20 PM,13/09,Scheduled,0.640995767187334,-170.0,203.0,63.0,False,1011111000,estimated,37,11,0.2972972972972973,1,2022,0.24585133650261143,0.3193056862650002,0.43389234082377404,0.2913556432803239,0.17586512548342534,20,1,-0.038048600203270805,0.994,57.9,C,0.27909995672868887,3.0656359055073503,0.37744576172590527,0.1963445800602229,20,6,0,0.24817518248175183,0.21012658227848102,0.5562770562770563,0.20216450216450216,0.24155844155844156,0.20930232558139536,0.2082748948106592,0.23076923076923078,0.21140350877192982,0.22418879056047197,378,0.21243523316062177,236,False,False,0.6271490777531036,0.013846689434230397,3.7202797202797204,4.293706293706293,143,,,,,,,0.07065179283291652,20,4.1,1.15,155.2,8,8,127,40,0,0,0,26,SP,26,644,139,24.8,7.34,2.31,8.04,0.69,23.72669030400984,0.009904232812666058,10,1.0,-2.0,7,6,0,1,0.0,4.474470353439423,0.15649704764148326,0.2251655629139073,0.2127659574468085,0.10251450676982592,0.46404275996112726,0.3383542274052478,0.21777777777777776,4.251,0.3090467211342602
687263,Zach Neto,R,LAA,1,Riley Cornelio,R,683000,822682,LAA @ WSH,10:35 AM,13/09,Pre-Game,0.6404292105204429,-186.0,194.0,65.0,False,1001101100,live,0,0,0.0,0,0,0.2902638358435163,0.3497600858271012,0.38943398543747204,0.362459578108138,0.2678051021186545,20,1,-0.013768208991425196,1.04,47.7,D,0.2837022132796781,1.7970159068654858,0.4810276774779669,0.2879103661832294,13,5,0,0.25136612021857924,0.23759791122715404,0.5010141987829615,0.49898580121703856,0.0,0.24790619765494137,0.22683342808413873,0.2459016393442623,0.24078091106290672,0.2459016393442623,405,0.235,229,False,True,0.6327549399527049,0.007674270567737951,3.9859154929577465,4.464788732394366,142,,,,,,,0.07112069789299766,20,5.26,1.6,25.2,2,2,27,21,0,1,1,1,RP,13,116,20,8.9,9.47,7.36,7.01,0.7,8.654013189164415,0.013895789479557163,8,0.8888888888888888,-13.0,7,6,0,1,0.0,4.512239245016552,0.027980818006223946,0.2390852390852391,0.3107344632768362,0.07156308851224105,0.40611814345991565,0.325370253164557,0.2708333333333333,4.443,0.3139532869085001
666182,Bo Bichette,R,NYM,3,Cam Schlittler,R,693645,823495,NYM @ NYY,10:35 AM,13/09,Pre-Game,0.6395007072577563,-186.0,194.0,65.0,False,1110111110,live,7,1,0.14285714285714285,1,2025,0.2382736555560484,0.3517608112343468,0.48151314115459515,0.2759364432338958,0.17538793938124653,20,1,-0.03744588744588745,1.007,72.2,B,0.299784327821711,4.568983935266061,0.4042034146864316,0.331556639137189,20,5,0,0.2922077922077922,0.25476190476190474,0.8941684665226782,0.10583153347732181,0.0,0.2634956587391468,0.25,0.2813688212927757,0.2624175824175824,0.27450980392156865,387,0.2488479262672811,239,False,False,0.6737619144011391,-0.034261207143382766,3.9586206896551723,4.317241379310345,145,,,,,,,-0.007745242907882737,20,2.01,0.92,178.2,13,6,220,42,0,0,0,30,SP,30,701,122,23.4,11.08,2.12,6.15,0.81,23.774646964586804,0.04196595940891035,6,0.75,10.0,7,6,0,1,0.0,4.502188964950575,0.10902780222041286,0.26865671641791045,0.17054263565891473,0.0755813953488372,0.41058617672790904,0.3417576552930884,0.18007662835249041,4.251,0.29071860014520834
702284,Cole Young,L,SEA,7,Jacob Lopez,L,682052,824952,SEA @ ATH,1:05 PM,13/09,Scheduled,0.6395007072577563,-156.0,170.0,61.0,False,1011011111,estimated,0,0,0.0,0,0,0.23743007748281122,0.2847080289219434,0.35137677361746783,0.31088393094279987,0.17672517445723496,20,1,0.005813953488372103,0.977,76.6,B,0.27455919395465994,2.702336869434928,0.3122221168653704,0.23515856575631802,20,6,0,0.2558139534883721,0.25,0.5756048387096774,0.34173387096774194,0.08266129032258064,0.2300380228136882,0.23588709677419356,0.24210526315789474,0.2329251700680272,0.26885245901639343,335,0.22943722943722944,259,False,False,0.6421648259030605,-0.0026641186453041366,3.671232876712329,4.068493150684931,146,,,,,,,0.11993073473107974,20,4.78,1.45,111.0,6,4,104,53,0,0,0,21,SP,24,492,108,20.5,8.43,4.3,8.76,1.54,21.0788589079087,0.011577070520021437,9,0.8181818181818182,-9.0,5,6,1,1,0.0,4.187058446566195,0.0606394823501041,0.2539325842696629,0.1574642126789366,0.05521472392638037,0.3808876811594203,0.3203125,0.21428571428571427,3.76,0.3490484517435875
668904,Royce Lewis,R,MIN,6,Tanner Bibee,R,676440,823658,CLE @ MIN,11:10 AM,13/09,Pre-Game,0.6395007072577563,-138.0,163.0,58.0,False,1110100011,live,15,4,0.26666666666666666,1,2023,0.18420508591541893,0.34283714762220574,0.37434691629373396,0.24690191621560198,0.2395110074563244,20,1,-0.005451241671714097,1.022,63.7,C,0.2786948176583493,2.362806692083122,0.356112407691476,0.17622693497909078,20,5,0,0.23622047244094488,0.23076923076923078,0.6871401151631478,0.1654510556621881,0.1474088291746641,0.20906148867313915,0.24922440537745605,0.24514563106796117,0.2273037542662116,0.2324561403508772,248,0.23243243243243245,209,False,False,0.5897893064304749,0.04971140082728143,3.6875,4.080357142857143,112,,,,,,,-0.012076484434966206,20,4.22,1.2,170.2,5,15,133,52,0,0,0,30,SP,30,704,152,23.5,7.01,2.74,8.02,1.42,24.06758895916474,-0.04900070725775618,7,0.875,16.0,7,6,0,1,0.0,3.945055004002625,0.05821368076105781,0.22706422018348624,0.2443064182194617,0.07867494824016563,0.3977987421383648,0.3146069182389937,0.24621212121212122,3.896,0.33813762959331867
682985,Riley Greene,L,DET,4,Gabriel Hughes,R,687312,824225,COL @ DET,9:10 AM,13/09,In Progress,0.6380335315487714,-178.0,233.0,64.0,False,0101110011,live,0,0,0.0,0,0,0.29321507627259497,0.3597157677553634,0.3073915543249012,0.40314254377564523,0.2540409363501764,20,1,-0.0018147502903600454,1.004,63.4,C,0.25510204081632654,2.4379521993102133,0.3006100214032711,0.18888850532837112,12,5,0,0.2845528455284553,0.28273809523809523,0.6120777891504606,0.27533265097236437,0.11258955987717502,0.28422152560083597,0.3021914648212226,0.23793103448275862,0.27745823062174746,0.29615384615384616,295,0.2663316582914573,237,False,True,0.6075662659623987,0.030467265586372694,3.642857142857143,4.222222222222222,126,,,,,,,-0.05629811216390511,20,5.81,1.38,57.1,0,7,48,21,1,0,1,11,SP,12,250,58,20.8,7.53,3.3,9.1,0.78,21.03489032161465,-0.007733531548771322,8,0.8,4.0,6,6,0,1,0.0,4.320035379254319,0.07832769113366604,0.2834101382488479,0.2727272727272727,0.11462450592885376,0.48198198198198194,0.388695945945946,0.2534246575342466,4.16,0.35798123110450797
805367,Chase Meidroth,R,CWS,7,Michael Mcgreevy,R,700241,823008,CWS @ STL,11:15 AM,13/09,Pre-Game,0.6380251012851349,-186.0,194.0,65.0,False,0101001010,live,0,0,0.0,0,0,0.19090096777307888,0.2941548741118326,0.28006109943436314,0.2586517652252818,0.21023775412544063,20,1,-0.02642151855635,1.031,36.9,D,0.2551916932907348,2.2449544727348423,0.4285873022709423,0.16548726120828416,20,6,0,0.28484848484848485,0.25842696629213485,0.5259584664536742,0.27675718849840253,0.19728434504792333,0.2538622129436326,0.25198237885462554,0.25101214574898784,0.25322101090188304,0.2620689655172414,330,0.2727272727272727,262,False,False,0.5799024809283747,0.05812262035676019,3.6950354609929077,4.198581560283688,141,,,,,,,-0.030232673830459775,20,3.92,1.25,154.0,6,9,106,42,0,0,0,28,SP,28,635,151,22.7,6.19,2.45,8.82,1.17,23.473172244394124,-0.033145101285134815,5,0.5555555555555556,12.0,7,6,1,1,0.0,4.028365283248645,0.1218808216647105,0.27107061503416857,0.22690763052208834,0.09437751004016064,0.33031697341513294,0.312191717791411,0.25112107623318386,3.76,0.3636834754200932
693307,Dillon Dingler,R,DET,5,Gabriel Hughes,R,687312,824225,COL @ DET,9:10 AM,13/09,In Progress,0.6370694848264254,-194.0,212.0,66.0,False,0011101011,live,0,0,0.0,0,0,0.17754467563643275,0.32067173238114594,0.3733210027027761,0.2792298777212812,0.31127566940810497,20,2,0.018720327098856154,1.004,63.4,C,0.25510204081632654,2.4379521993102133,0.3006100214032711,0.18888850532837112,12,5,0,0.23204419889502761,0.25076452599388377,0.6120777891504606,0.27533265097236437,0.11258955987717502,0.2336448598130841,0.2017126546146527,0.2509433962264151,0.22772277227722773,0.23843416370106763,307,0.2511013215859031,255,False,True,0.6108866606228477,0.02618282420357776,3.791044776119403,4.1940298507462686,134,,,,,,,-0.0023638336765331204,20,5.81,1.38,57.1,0,7,48,21,1,0,1,11,SP,12,250,58,20.8,7.53,3.3,9.1,0.78,21.03489032161465,-0.012894484826425301,8,0.8,4.0,6,6,0,1,0.0,3.923802592306532,0.019694660965411028,0.24301075268817204,0.23529411764705882,0.056862745098039215,0.40927536231884054,0.3460521739130435,0.28,4.026,0.35798123110450797
596019,Francisco Lindor,L,NYM,1,Cam Schlittler,R,693645,823495,NYM @ NYY,10:35 AM,13/09,Pre-Game,0.6360239566996864,-144.0,150.0,59.0,False,1110011111,live,0,0,0.0,0,0,0.2315935708869845,0.2889905414489981,0.503315491560729,0.33650875328469754,0.22814288721789253,20,1,0.014612173148758512,1.007,72.2,B,0.299784327821711,4.568983935266061,0.4042034146864316,0.331556639137189,20,5,0,0.22522522522522523,0.23983739837398374,0.8941684665226782,0.10583153347732181,0.0,0.226468910439247,0.22950819672131148,0.21253822629969418,0.22426470588235295,0.22580645161290322,239,0.25,158,False,False,0.6563440049308294,-0.020320048231143084,4.01123595505618,4.46067415730337,89,,,,,,,0.0986875321001796,20,2.01,0.92,178.2,13,6,220,42,0,0,0,30,SP,30,701,122,23.4,11.08,2.12,6.15,0.81,23.774646964586804,0.036426043300313626,6,0.75,10.0,7,6,0,1,0.0,4.822159707712783,0.04116941004103783,0.23617021276595745,0.18063314711359404,0.10800744878957169,0.47810545129579984,0.30629356568364613,0.1953125,4.443,0.29071860014520834
669065,Kyle Stowers,L,MIA,1,Emmet Sheehan,R,686218,823815,LAD @ MIA,10:40 AM,13/09,Pre-Game,0.6357812379097417,-127.0,144.0,56.0,False,1111000110,estimated,0,0,0.0,0,0,0.23401488922898606,0.3820945861952195,0.7105028391069298,0.4397858492458903,0.3979738257479336,20,1,0.04465624330691795,1.0,72.0,B,0.29955207166853304,3.7887714165515654,0.404395060493802,0.27761730753234765,20,6,0,0.20689655172413793,0.2515527950310559,0.42696629213483145,0.4117977528089888,0.16123595505617977,0.21107266435986158,0.23980815347721823,0.2537313432835821,0.22725871106999693,0.225,276,0.26627218934911245,192,False,False,0.6238882448319291,0.011892993077812664,3.684684684684685,4.216216216216216,111,,,,,,,0.03390594704202756,20,5.08,1.26,101.0,5,8,118,31,0,0,0,21,SP,21,433,96,20.6,10.51,2.76,8.55,1.87,20.482361274884852,-0.0065312379097417494,8,1.0,3.0,5,6,0,1,0.0,4.1788007799819615,0.08827671100478691,0.2425629290617849,0.3093812375249501,0.09580838323353294,0.5650118203309693,0.35274822695035457,0.2638888888888889,4.443,0.34190294853066916
514888,José Altuve,R,HOU,4,Freddy Peralta,R,642547,822928,HOU @ TB,10:40 AM,13/09,Pre-Game,0.6357035860650405,-156.0,170.0,61.0,False,0101101111,live,0,0,0.0,0,0,0.2597126404167149,0.2680931860234038,0.3890677553024086,0.32049893806177077,0.17190316116995064,20,1,-0.048170449282075034,0.96,57.8,C,0.2576804915514593,2.7567842091588703,0.39754562721632103,0.19425111682887675,20,5,0,0.28346456692913385,0.23529411764705882,0.5293891663465232,0.23703419131771034,0.23357664233576642,0.23685636856368564,0.23064113238967526,0.23132530120481928,0.2338337182448037,0.2525597269624573,320,0.2413793103448276,194,False,False,0.6331425363841077,0.0025610496809328476,3.8595041322314048,4.24793388429752,121,,,,,,,0.13458715412040692,20,4.82,1.36,153.0,8,11,142,55,0,0,0,29,SP,29,667,153,23.0,8.35,3.24,9.0,1.35,22.599958975710265,-0.004553586065040527,6,0.6666666666666666,1.0,6,6,1,1,0.0,4.2239135707628,0.055828880300746266,0.2478448275862069,0.2019607843137255,0.07254901960784314,0.333471837488458,0.28612950138504156,0.2537313432835821,4.16,0.2665971017974277
694673,Abimelec Ortiz,L,WSH,2,Grayson Rodriguez,R,680570,822682,LAA @ WSH,10:35 AM,13/09,Pre-Game,0.6351199458587419,-144.0,156.0,59.0,False,0001001101,live,0,0,0.0,0,0,0.22555268291379474,0.34026682279979364,0.4018607191865591,0.36803055135148705,0.3393666467521326,20,1,0.0,1.04,33.2,F,0.2691275167785235,2.0930408889698215,0.4459255297772668,0.2072313484616767,17,6,0,,0.21818181818181817,0.5313553607552259,0.21375590020229265,0.25488873904248144,0.2703252032520325,0.23333333333333334,0.24,0.25976768743400214,0.2537313432835821,69,0.16279069767441862,48,True,False,0.5881866653145303,0.04693328054421153,3.0555555555555554,3.25,36,,,,,,,-0.12317465052855277,20,6.28,1.57,81.2,4,7,75,37,0,0,0,17,SP,17,370,91,21.8,8.27,4.08,10.03,1.54,22.1649565190773,-0.038619945858741844,7,0.7777777777777778,-4.0,7,6,0,1,0.0,3.1033996140849593,0.02470382139179467,0.21929824561403508,0.256198347107438,0.04132231404958678,0.3855421686746988,0.3046626506024096,0.3155080213903743,4.352,0.32135183788347826
682829,Elly De La Cruz,L,CIN,2,Robert Gasser,L,688107,823734,CIN @ MIL,11:10 AM,13/09,Pre-Game,0.6350856967253908,-156.0,170.0,61.0,False,1111111101,live,5,2,0.4,1,2025,0.38396159966980836,0.5130293736124393,0.7105357097454953,0.5939422249298624,0.3057835442427793,20,1,0.04908581131777434,0.97,65.4,B,0.2777053455019557,2.992855932017073,0.3376262546297956,0.22184427869879067,18,6,0,0.3188405797101449,0.26975476839237056,0.6486310299869622,0.25945241199478486,0.09191655801825294,0.2595666205624712,0.26705796038151136,0.2620041753653445,0.2626195241271959,0.2772585669781931,354,0.29347826086956524,219,False,False,0.641421589196113,-0.006335892470722193,3.9453125,4.4765625,128,,,,,,,0.3456634473562784,20,4.43,1.28,91.1,4,5,87,29,0,0,0,17,SP,18,397,88,22.1,8.57,2.86,8.67,1.38,21.916234212787167,0.009526803274609197,8,1.0,29.0,7,6,1,1,0.0,4.372452910849592,0.09559792370564424,0.2860169491525424,0.26865671641791045,0.11007462686567164,0.538109756097561,0.41301422764227647,0.1651376146788991,4.352,0.31169287389407785
545121,Ildemaro Vargas,L,AZ,8,Cal Quantrill,R,615698,825033,TEX @ AZ,1:10 PM,13/09,Scheduled,0.6339093575173148,,,,False,1100110111,estimated,0,0,0.0,0,0,0.2317680773024903,0.2225315435805178,0.2780164262601341,0.2532671614522451,0.08493866184682931,20,1,-0.05945755702690217,1.0,69.0,B,0.251414204902577,4.2908367010424255,0.37380330490279096,0.19241252923655672,20,5,0,0.28994082840236685,0.23048327137546468,0.6925015752993069,0.07876496534341525,0.22873345935727787,0.26212938005390835,0.2540880503144654,0.22527472527472528,0.2524717514124294,0.2412280701754386,243,0.26666666666666666,227,False,False,0.6262959169991973,0.00761344051811752,3.4761904761904763,3.7301587301587302,126,,,,,,,0.08604996125391878,20,2.89,1.06,102.2,8,5,77,25,0,0,0,13,RP,30,417,84,13.9,6.75,2.19,7.36,1.05,18.600080660546006,-0.010252214660171899,7,0.7777777777777778,7.0,7,6,0,1,0.0,3.8733396253948227,0.04572050403649688,0.24162679425837322,0.10022271714922049,0.04899777282850779,0.3438784629133155,0.2901260053619303,0.23333333333333334,3.598,0.33058762229759503
663494,Bryan Torres,L,STL,1,David Sandlin,R,689818,823008,CWS @ STL,11:15 AM,13/09,Pre-Game,0.6338603559713851,,,,False,0110011111,live,0,0,0.0,0,0,0.30512603361514296,0.3232316960359901,0.23656298589834332,0.38189995217504197,0.16964353518981637,20,4,-0.10714285714285715,1.031,60.7,C,0.2665036674816626,2.034789487931383,0.3059458463130273,0.23674250500996058,5,37,0,0.35714285714285715,0.25,0.6234718826405868,0.3105134474327628,0.06601466992665037,0.24878048780487805,0.21554770318021202,0.22302158273381295,0.23625843780135006,0.27586206896551724,96,0.23728813559322035,69,True,True,0.6170992573023789,0.016761098669006214,2.5172413793103448,2.8448275862068964,58,,,,,,,-0.015904494641352976,20,6.93,1.38,24.2,2,1,24,12,0,0,0,3,SP,5,106,22,21.2,8.76,4.38,8.03,2.19,21.395212297089508,-0.008443689304718505,6,0.6666666666666666,3.0,7,6,1,1,0.0,3.222793990492281,0.10708394528288448,0.2653061224489796,0.18674698795180722,0.09036144578313253,0.2959770114942529,0.31704310344827585,0.3103448275862069,4.443,0.3292228179720912
671056,Iván Herrera,R,STL,2,David Sandlin,R,689818,823008,CWS @ STL,11:15 AM,13/09,Pre-Game,0.6330860265773753,-186.0,203.0,65.0,False,0111111100,live,0,0,0.0,0,0,0.23283769152234998,0.30340058310117424,0.31647059442283293,0.32719943082372804,0.22013244810651977,20,1,0.023994460500963377,1.031,60.7,C,0.2665036674816626,2.034789487931383,0.3059458463130273,0.23674250500996058,5,37,0,0.23121387283236994,0.2552083333333333,0.6234718826405868,0.3105134474327628,0.06601466992665037,0.2292849035187287,0.2296248382923674,0.24290220820189273,0.231023784901758,0.23976608187134502,403,0.26046511627906976,258,False,True,0.6357501452226795,-0.0026641186453041366,3.7891156462585034,4.496598639455782,147,,,,,,,-0.0017967377345702315,20,6.93,1.38,24.2,2,1,24,12,0,0,0,3,SP,5,106,22,21.2,8.76,4.38,8.03,2.19,21.395212297089508,0.020863973422624693,6,0.6666666666666666,3.0,7,6,1,1,0.0,4.744670871261797,0.10267386419885802,0.24891774891774893,0.19144981412639406,0.09479553903345725,0.391272051996286,0.31061977715877437,0.11428571428571428,4.352,0.3292228179720912
592450,Aaron Judge,R,NYY,3,Christian Scott,R,681035,823495,NYM @ NYY,10:35 AM,13/09,Pre-Game,0.6321927147636045,-150.0,170.0,60.0,False,1101010110,live,0,0,0.0,0,0,0.19505994184756453,0.36382191496955685,0.6367947484607915,0.31785100807881783,0.30576636022695397,20,1,-0.018855776306107436,1.007,68.0,B,0.2804878048780488,2.937714556539428,0.3433662891026025,0.28136531410649956,20,7,0,0.2638888888888889,0.24503311258278146,0.6794231835829173,0.28618968386023297,0.03438713255684969,0.23219512195121952,0.21044303797468356,0.19436619718309858,0.2195845697329377,0.22627737226277372,165,0.29069767441860467,106,False,False,0.6457081678347837,-0.013515453071179184,3.596774193548387,4.370967741935484,62,,,,,,,-0.01071840658853339,20,3.81,1.29,99.1,4,4,120,44,0,0,0,21,SP,21,431,84,20.5,10.87,3.99,7.61,0.91,21.335263660927307,0.011357285236395565,8,0.8888888888888888,6.0,7,6,0,1,0.0,4.221508408841812,0.0938136290410903,0.28809523809523807,0.23629489603024575,0.15500945179584122,0.5943502824858757,0.41002033898305085,0.2116788321167883,4.251,0.34818876088894013
665742,Juan Soto,L,NYM,2,Cam Schlittler,R,693645,823495,NYM @ NYY,10:35 AM,13/09,Pre-Game,0.6316431953006719,-156.0,163.0,61.0,False,0100111011,live,0,0,0.0,0,0,0.2267777940681678,0.334474438094809,0.4824781251164509,0.27939220286736144,0.18269509082076937,20,1,-0.03254388175023093,1.007,72.2,B,0.299784327821711,4.568983935266061,0.4042034146864316,0.331556639137189,20,5,0,0.29591836734693877,0.26337448559670784,0.8941684665226782,0.10583153347732181,0.0,0.279147235176549,0.24225663716814158,0.27923627684964203,0.2689873417721519,0.2761904761904762,249,0.26717557251908397,163,False,False,0.6579556623319616,-0.026312467031289644,3.5520833333333335,4.291666666666667,96,,,,,,,0.03420107646021342,20,2.01,0.92,178.2,13,6,220,42,0,0,0,30,SP,30,701,122,23.4,11.08,2.12,6.15,0.81,23.774646964586804,0.036973471365994826,6,0.75,10.0,7,6,0,1,0.0,4.537441834407892,0.12761560386773038,0.271461716937355,0.14728682170542637,0.13178294573643412,0.48539906103286384,0.3548957746478873,0.1953125,4.352,0.29071860014520834
691182,Adael Amador,L,COL,2,Jackson Jobe,R,695549,824225,COL @ DET,9:10 AM,13/09,In Progress,0.6316104206047539,-9900.0,9900.0,99.0,True,1111101111,live,0,0,0.0,0,0,0.32594594018099715,0.23804228543261574,0.2446840487842181,0.39685695762703227,0.18096425038952293,14,1,-0.09523809523809523,1.004,48.4,D,0.22709163346613545,2.190183403343664,0.35737836074951496,0.21497546039351856,6,7,0,0.38095238095238093,0.2857142857142857,0.547808764940239,0.3426294820717131,0.10956175298804781,0.32413793103448274,0.2535211267605634,0.25806451612903225,0.29554655870445345,0.3684210526315789,23,0.30434782608695654,26,False,False,0.6380251012851349,-0.00641468068038098,3.0,3.5,14,,,,,,,0.027124527849510093,14,4.6,1.4,29.1,1,2,28,12,0,0,0,7,SP,7,129,29,18.4,8.59,3.68,8.9,1.84,20.976644678225803,0.00974513495080176,9,0.8181818181818182,-13.0,7,6,0,1,0.0,3.6443707886952867,0.0684785497194303,0.21,0.17857142857142858,0.07589285714285714,0.25416666666666665,0.25870625,0.2222222222222222,4.352,0.3064349163661517
683953,Travis Bazzana,L,CLE,3,Joe Ryan,R,657746,823658,CLE @ MIN,11:10 AM,13/09,Pre-Game,0.6303133522570606,-144.0,170.0,59.0,False,0001111011,live,5,2,0.4,1,2026,0.32054788404776413,0.29299275586672197,0.4230186596452384,0.36406257713339674,0.12843569191118448,20,1,-0.01576354679802952,1.022,76.4,B,0.3030888030888031,4.383394559727201,0.3993963331401904,0.26786391659583186,20,6,0,0.2571428571428571,0.2413793103448276,0.5483091787439613,0.32705314009661834,0.1246376811594203,0.23329355608591884,0.26455026455026454,0.26579925650557623,0.24770932069510268,0.26222222222222225,262,0.22727272727272727,204,True,False,0.6156834916680182,0.014629860589042476,3.6126126126126126,4.198198198198198,111,,,,,,,0.08604445766313204,20,3.68,1.13,129.2,6,9,145,28,0,0,0,24,SP,24,542,119,22.6,10.06,1.94,8.26,1.25,23.308565608960688,0.007926647742939275,5,0.625,1.0,6,6,0,1,0.0,3.8059295788498786,0.11496884813532587,0.25542168674698795,0.2053941908713693,0.11203319502074689,0.37526371308016876,0.2896455696202532,0.24912280701754386,4.251,0.3166519873014514
695734,Daylen Lile,L,WSH,6,Grayson Rodriguez,R,680570,822682,LAA @ WSH,10:35 AM,13/09,Pre-Game,0.6299519157902033,-178.0,203.0,64.0,False,0001100000,live,0,0,0.0,0,0,0.20409408865998563,0.2593320712571502,0.3777634167665838,0.2699311729160069,0.2810377558354713,20,1,-0.014258965864899886,1.04,33.2,F,0.2691275167785235,2.0930408889698215,0.4459255297772668,0.2072313484616767,17,6,0,0.2595419847328244,0.24528301886792453,0.5313553607552259,0.21375590020229265,0.25488873904248144,0.22393247269116187,0.2338568935427574,0.23410404624277456,0.22872614749871067,0.24025974025974026,332,0.2591093117408907,276,False,False,0.6001195933563551,0.029832322433848146,3.7755102040816326,4.136054421768708,147,,,,,,,-0.13749451438022503,20,6.28,1.57,81.2,4,7,75,37,0,0,0,17,SP,17,370,91,21.8,8.27,4.08,10.03,1.54,22.1649565190773,-0.032966201504489034,7,0.7777777777777778,-4.0,7,6,0,1,0.0,3.9347615564305998,0.06418712868623883,0.24044943820224718,0.20781893004115226,0.051440329218107,0.3747577519379845,0.3139796511627907,0.3155080213903743,3.896,0.32135183788347826
608324,Alex Bregman,R,CHC,4,Bubba Chandler,R,696149,824628,PIT @ CHC,11:20 AM,13/09,Pre-Game,0.6282690062309436,-150.0,163.0,60.0,False,1110010111,live,0,0,0.0,0,0,0.3299963204756874,0.30400353813398423,0.3071856869615837,0.3574597364941703,0.08163414880226944,20,1,-0.02844054208818475,0.983,50.6,C,0.26160164271047226,2.3777573311693976,0.41677400510293866,0.22212889409253705,20,5,0,0.28402366863905326,0.2555831265508685,0.5650741350906096,0.2887149917627677,0.14621087314662273,0.25167388735722723,0.24253075571177504,0.2813765182186235,0.25152342929186805,0.2694610778443114,381,0.25630252100840334,280,False,False,0.6448099719194573,-0.01654096568851371,3.9448275862068964,4.558620689655172,145,,,,,,,0.18625225763357176,20,4.25,1.34,142.0,7,9,129,71,0,0,0,27,SP,28,613,119,21.9,8.18,4.5,7.54,0.82,21.868522085980896,0.005503721041783649,11,1.0,-10.0,7,6,0,1,0.0,4.335619046220458,0.09683521267217134,0.2633832976445396,0.14732965009208104,0.10497237569060773,0.35934539190353143,0.29904392764857884,0.211864406779661,4.16,0.28399680381276293
695506,Jac Caglianone,L,KC,3,Payton Tolle,L,801139,824708,KC @ BOS,12:05 PM,13/09,Pre-Game,0.6282690062309436,-144.0,163.0,59.0,False,1111011010,estimated,0,0,0.0,0,0,0.3515448654454898,0.33100647824297774,0.4213397666476305,0.44881104976608316,0.2672957547778363,20,1,0.01885714285714285,1.063,80.4,A,0.2901381610290615,5.187606327883287,0.38430900021443926,0.3210049658168848,20,7,0,0.296,0.27714285714285714,0.875417661097852,0.0945107398568019,0.03007159904534606,0.2674714104193138,0.24495171202809482,0.27177700348432055,0.2600121359223301,0.2783882783882784,298,0.2871287128712871,213,False,False,0.6336443398861205,-0.005375333655176839,3.5984848484848486,3.871212121212121,132,,,,,,,0.14609304990476268,20,3.15,1.08,137.0,9,6,159,37,0,0,0,24,SP,24,551,111,23.0,10.45,2.43,7.29,0.99,22.977918732721967,0.008742104880167578,9,1.0,3.0,5,6,0,1,0.0,3.6222362370337757,0.015898621703324324,0.28604118993135014,0.25267665952890794,0.05139186295503212,0.54858934169279,0.3897836990595611,0.24489795918367346,4.251,0.357371380347001
686765,Nick Sogard,L,BOS,5,Noah Cameron,L,702070,824708,KC @ BOS,12:05 PM,13/09,Pre-Game,0.6282690062309436,,,,False,1010101101,estimated,0,0,0.0,0,0,0.28450316310747986,0.3305070336095862,0.3319645854587411,0.39058111210910723,0.25571719675546156,20,1,0.18796747967479674,1.063,74.7,B,0.27839388145315486,2.8319754145419473,0.34873157995960075,0.2224982493494865,20,6,0,0.4146341463414634,0.22666666666666666,0.4992343032159265,0.29211332312404287,0.20865237366003062,0.23365617433414043,0.23980815347721823,0.24437299035369775,0.23745173745173745,0.24074074074074073,128,0.30120481927710846,100,False,False,0.5934451903502572,0.03482381588068639,3.673076923076923,4.384615384615385,52,,,,,,,0.017526541284755292,20,3.93,1.2,160.1,9,8,145,51,0,0,0,27,SP,28,669,142,23.9,8.14,2.86,7.97,0.9,24.194960203326175,0.01938099376905622,10,1.0,36.0,6,6,0,1,0.0,4.174725178989402,0.062379000513924074,0.2622107969151671,0.22717149220489977,0.0957683741648107,0.30470383275261326,0.3304494773519164,0.2777777777777778,4.026,0.3260676540604361
691023,Jordan Walker,R,STL,4,David Sandlin,R,689818,823008,CWS @ STL,11:15 AM,13/09,Pre-Game,0.6274946768369337,-178.0,194.0,64.0,False,1110010010,live,0,0,0.0,0,0,0.20178536868168517,0.3328997395498846,0.6214169384422139,0.34508371329899556,0.3416681438998998,20,1,-0.034964284619393604,1.031,60.7,C,0.2665036674816626,2.034789487931383,0.3059458463130273,0.23674250500996058,5,37,0,0.3072289156626506,0.272264631043257,0.6234718826405868,0.3105134474327628,0.06601466992665037,0.2567368936795688,0.2503225806451613,0.2725409836065574,0.2570731707317073,0.2716417910447761,364,0.29910714285714285,248,False,True,0.623146973816752,0.004347703020181726,3.8819444444444446,4.25,144,,,,,,,-0.02436179046334807,20,6.93,1.38,24.2,2,1,24,12,0,0,0,3,SP,5,106,22,21.2,8.76,4.38,8.03,2.19,21.395212297089508,0.022621989829732958,6,0.6666666666666666,3.0,7,6,1,1,0.0,3.8516893307073534,0.03255085237630576,0.2832618025751073,0.2357563850687623,0.068762278978389,0.4751926782273603,0.36078612716763003,0.11428571428571428,4.16,0.3292228179720912
545361,Mike Trout,R,LAA,2,Riley Cornelio,R,683000,822682,LAA @ WSH,10:35 AM,13/09,Pre-Game,0.6263660960134217,-178.0,186.0,64.0,False,0111111110,live,0,0,0.0,0,0,0.25233221817950396,0.44442215083783304,0.4114661414495664,0.44528425000684524,0.3197856210612923,20,1,-0.019845142819962247,1.04,47.7,D,0.2837022132796781,1.7970159068654858,0.4810276774779669,0.2879103661832294,13,5,0,0.2553191489361702,0.23547400611620795,0.5010141987829615,0.49898580121703856,0.0,0.2530909090909091,0.2390909090909091,0.28433268858800775,0.25255507608448785,0.26557377049180325,359,0.19631901840490798,213,False,True,0.6195449168088975,0.006821179204524297,3.65625,4.46875,128,,,,,,,0.044001769700926494,20,5.26,1.6,25.2,2,2,27,21,0,1,1,1,RP,13,116,20,8.9,9.47,7.36,7.01,0.7,8.654013189164415,0.017671403986578293,8,0.8888888888888888,-13.0,7,6,0,1,0.0,4.405134164336015,0.07285612130120553,0.24489795918367346,0.2630597014925373,0.13246268656716417,0.4533333333333333,0.3719488888888889,0.2708333333333333,4.352,0.3139532869085001
656811,Ryan O'Hearn,L,PIT,6,Matt Boyd,L,571510,824628,PIT @ CHC,11:20 AM,13/09,Pre-Game,0.6263576657497852,,,,False,1110100101,live,5,1,0.2,1,2025,0.17991172139453918,0.2179990716763156,0.4438952928356488,0.21964767532370744,0.17462648172629283,20,1,-0.09391138896439247,0.983,58.4,C,0.2711246200607903,2.358318476288104,0.37661488792862413,0.17772179246213363,18,6,0,0.19230769230769232,0.2862190812720848,0.4419452887537994,0.2844984802431611,0.2735562310030395,0.25903203817314246,0.24165707710011508,0.25501432664756446,0.25325399776868723,0.24623115577889448,224,0.29012345679012347,177,False,False,0.6194664107311237,0.006891255018661502,3.7216494845360826,4.134020618556701,97,,,,,,,-0.16501257990609736,20,4.03,1.22,109.1,8,4,86,33,0,0,0,19,SP,19,450,100,23.7,7.08,2.72,8.23,1.23,24.513593267486232,-0.011924332416451966,6,1.0,39.0,7,6,0,1,0.0,4.020658222841654,0.06528187989816157,0.26651480637813213,0.21560574948665298,0.07597535934291581,0.42664670658682635,0.31985329341317364,0.20588235294117646,3.896,0.32003910438039773
624413,Pete Alonso,R,BAL,2,Dylan Cease,R,656302,822764,BAL @ TOR,10:37 AM,13/09,Pre-Game,0.6260190708643124,-138.0,150.0,58.0,False,1100101101,live,8,2,0.25,1,2024,0.2334983288772567,0.38247102968206986,0.5287411908828463,0.3521098502823094,0.23032924656922907,20,1,-0.021640921014281556,0.995,91.8,A,0.31414956011730205,3.4511031584171814,0.30374555248690677,0.3391174384004296,20,6,0,0.28191489361702127,0.2602739726027397,0.44737807114044736,0.43747708104143745,0.11514484781811514,0.25789068514241725,0.2724438902743142,0.3003533568904594,0.2677710211784441,0.28402366863905326,382,0.24186046511627907,262,False,False,0.6619255909758079,-0.03590652011149553,3.7364864864864864,4.351351351351352,148,,,,,,,-0.050310647612672045,20,2.4,1.04,161.1,10,5,227,67,0,0,0,27,SP,27,644,101,23.9,12.66,3.74,5.63,0.61,23.994602569663183,0.048952357707116145,7,0.7777777777777778,19.0,7,6,0,1,0.0,4.468747139136957,0.15075546839942325,0.28314606741573034,0.23653846153846153,0.1076923076923077,0.5641821946169772,0.4115714285714286,0.19583333333333333,4.352,0.27396213187468255
694197,Angel Genao,L,CLE,7,Joe Ryan,R,657746,823658,CLE @ MIN,11:10 AM,13/09,Pre-Game,0.6242619977178308,-144.0,170.0,59.0,False,1010110010,live,0,0,0.0,0,0,0.20333106143643254,0.2954899206167858,0.4653597088946223,0.22984763951499323,0.16207334613318553,20,2,0.013157894736842118,1.022,76.4,B,0.3030888030888031,4.383394559727201,0.3993963331401904,0.26786391659583186,20,6,0,0.23684210526315788,0.25,0.5483091787439613,0.32705314009661834,0.1246376811594203,0.24338624338624337,0.2100456621004566,0.21705426356589147,0.22865013774104684,0.28846153846153844,55,0.2037037037037037,60,True,False,0.6135445922708923,0.010717405446938444,3.4193548387096775,3.7096774193548385,31,,,,,,,-0.009514152063563954,20,3.68,1.13,129.2,6,9,145,28,0,0,0,24,SP,24,542,119,22.6,10.06,1.94,8.26,1.25,23.308565608960688,-0.003001997717830829,5,0.625,1.0,6,6,0,1,0.0,3.508692558359898,0.1217471980062859,0.24528301886792453,0.1391304347826087,0.06956521739130435,0.5222222222222223,0.29259999999999997,0.24912280701754386,3.76,0.3166519873014514
673548,Seiya Suzuki,R,CHC,2,Bubba Chandler,R,696149,824628,PIT @ CHC,11:20 AM,13/09,Pre-Game,0.6238882448319291,-133.0,144.0,57.0,False,0001101010,live,6,0,0.0,1,2026,0.2359914334616726,0.272169225261932,0.3585234652392029,0.2734211210107196,0.12056359768437858,20,1,-0.019941348973607054,0.983,50.6,C,0.26160164271047226,2.3777573311693976,0.41677400510293866,0.22212889409253705,20,5,0,0.2838709677419355,0.26392961876832843,0.5650741350906096,0.2887149917627677,0.14621087314662273,0.26410835214446954,0.2058264724509183,0.28763440860215056,0.24577682607661194,0.25,320,0.29545454545454547,259,False,False,0.6284763098175818,-0.004588064985652784,3.786259541984733,4.419847328244275,131,,,,,,,-0.003430450403655665,20,4.25,1.34,142.0,7,9,129,71,0,0,0,27,SP,28,613,119,21.9,8.18,4.5,7.54,0.82,21.868522085980896,0.0073299369862527275,11,1.0,-10.0,7,6,0,1,0.0,4.364208044056454,0.2597923026904549,0.2713347921225383,0.23728813559322035,0.1224105461393597,0.3851963746223565,0.3399848942598187,0.211864406779661,4.352,0.28399680381276293
808959,Munetaka Murakami,L,CWS,4,Michael Mcgreevy,R,700241,823008,CWS @ STL,11:15 AM,13/09,Pre-Game,0.623237091847875,-144.0,163.0,59.0,False,1001101001,live,0,0,0.0,0,0,0.11456761227510345,0.26769471740939327,0.4771181880343006,0.3189851199215585,0.42631366877390836,20,1,0.04292405486784878,1.031,36.9,D,0.2551916932907348,2.2449544727348423,0.4285873022709423,0.16548726120828416,20,6,0,0.17346938775510204,0.21639344262295082,0.5259584664536742,0.27675718849840253,0.19728434504792333,0.21570859419464997,0.17041334300217548,0.20272572402044292,0.1965194109772423,0.2033898305084746,286,0.20958083832335328,202,True,False,0.5764454013648135,0.04679169048306153,3.5982142857142856,4.357142857142857,112,,,,,,,-0.17864566746638202,20,3.92,1.25,154.0,6,9,106,42,0,0,0,28,SP,28,635,151,22.7,6.19,2.45,8.82,1.17,23.473172244394124,-0.027297091847874988,5,0.5555555555555556,12.0,7,6,1,1,0.0,4.164469861599826,0.10045558231263632,0.20665083135391923,0.3431372549019608,0.15098039215686274,0.5684281842818428,0.3360792682926829,0.260989010989011,4.16,0.3636834754200932
694249,Cole Carrigg,L,COL,3,Jackson Jobe,R,695549,824225,COL @ DET,9:10 AM,13/09,In Progress,0.623146973816752,-108.0,127.0,52.0,False,0111100110,live,0,0,0.0,0,0,0.20164138840506365,0.27109093955498226,0.3949833066779254,0.31245924146720805,0.30164160434426796,20,1,-0.09089943718806415,1.004,48.4,D,0.22709163346613545,2.190183403343664,0.35737836074951496,0.21497546039351856,6,7,0,0.31007751937984496,0.2191780821917808,0.547808764940239,0.3426294820717131,0.10956175298804781,0.24930747922437674,0.2476894639556377,0.23417721518987342,0.24477186311787072,0.2634730538922156,181,0.25925925925925924,133,True,False,0.6222419219819652,0.0009050518347868408,3.6184210526315788,4.131578947368421,76,,,,,,,0.035449290183886074,20,4.6,1.4,29.1,1,2,28,12,0,0,0,7,SP,7,129,29,18.4,8.59,3.68,8.9,1.84,20.976644678225803,0.023597470627692463,9,0.8181818181818182,-13.0,7,6,0,1,0.0,4.033728301319821,0.03694633621798312,0.2596491228070175,0.2331288343558282,0.08282208588957055,0.35685805422647526,0.3274497607655502,0.2222222222222222,4.251,0.3064349163661517
805811,Bryce Eldridge,L,SF,3,Nick Pivetta,R,601713,823171,SD @ SF,4:20 PM,13/09,Scheduled,0.6221929204360354,,,,False,1011111110,estimated,0,0,0.0,0,0,0.3160108777205524,0.41696657871113174,0.4949819360264817,0.5123966738115573,0.2958261842179132,20,1,-0.07817625191340477,0.994,59.0,C,0.2815884476534296,,,,4,6,0,0.3235294117647059,0.24535315985130113,0.7111913357400722,0.2888086642599278,0.0,0.2763337893296854,0.26584673604541154,0.219959266802444,0.26434494195688224,0.2822966507177033,239,0.24691358024691357,190,False,False,0.6168051013686086,0.005387819067426802,3.6019417475728157,4.165048543689321,103,,,,,,,0.175586419471928,20,3.43,0.95,21.0,2,2,26,6,0,0,0,5,SP,5,83,14,16.6,11.14,2.57,6.0,0.0,,0.021347079563964644,5,0.625,18.0,6,6,0,1,0.0,4.480900389016781,0.12775537608748766,0.254320987654321,0.27848101265822783,0.13291139240506328,0.528998778998779,0.3667326007326007,0.14705882352941177,4.251,0.28529618718518623
685133,Wade Meckler,L,LAA,3,Riley Cornelio,R,683000,822682,LAA @ WSH,10:35 AM,13/09,Pre-Game,0.6221311716854475,-163.0,186.0,62.0,False,1101111001,live,0,0,0.0,0,0,0.2809393250843673,0.3357727944735876,0.47499047699404956,0.31608095712184553,0.10454632253819225,20,1,0.08618012422360247,1.04,47.7,D,0.2837022132796781,1.7970159068654858,0.4810276774779669,0.2879103661832294,13,5,0,0.21739130434782608,0.30357142857142855,0.5010141987829615,0.49898580121703856,0.0,0.31016597510373445,0.29494949494949496,0.3117206982543641,0.3064516129032258,0.33540372670807456,178,0.22093023255813954,100,False,True,0.6295285961183003,-0.007397424432852739,3.0875,3.475,80,,,,,,,0.12835238398346427,20,5.26,1.6,25.2,2,2,27,21,0,1,1,1,RP,13,116,20,8.9,9.47,7.36,7.01,0.7,8.654013189164415,0.025118828314552477,8,0.8888888888888888,-13.0,7,6,0,1,0.0,3.63644438535029,0.09436394947695768,0.2777777777777778,0.22950819672131148,0.09836065573770492,0.32083333333333336,0.31661249999999996,0.16666666666666666,4.251,0.3139532869085001
630105,Jake Cronenworth,L,SD,2,Logan Webb,R,657277,823171,SD @ SF,4:20 PM,13/09,Scheduled,0.6218543255505625,,,,False,0000010011,estimated,28,7,0.25,1,2022,0.10997727365766419,0.19855416173520585,0.12925524511710268,0.14415117131278063,0.20790695178530974,20,1,0.0028094820017559308,0.994,57.9,C,0.27909995672868887,3.0656359055073503,0.37744576172590527,0.1963445800602229,20,6,0,0.208955223880597,0.21176470588235294,0.5562770562770563,0.20216450216450216,0.24155844155844156,0.2062111801242236,0.21138211382113822,0.2081447963800905,0.20772403449568805,0.19791666666666666,217,0.23076923076923078,150,False,False,0.6122347589717657,0.009619566578796812,3.4623655913978495,3.946236559139785,93,,,,,,,-0.13893944641601616,20,4.1,1.15,155.2,8,8,127,40,0,0,0,26,SP,26,644,139,24.8,7.34,2.31,8.04,0.69,23.72669030400984,0.006055674449437554,10,1.0,-2.0,7,6,0,1,0.0,3.9771281077733183,0.09437989023976791,0.20854271356783918,0.22270742358078602,0.09606986899563319,0.3234797297297297,0.28385472972972975,0.23823529411764705,4.352,0.3090467211342602
690993,Colt Keith,L,DET,3,Gabriel Hughes,R,687312,824225,COL @ DET,9:10 AM,13/09,In Progress,0.6218507475968683,-156.0,170.0,61.0,False,0101100101,live,0,0,0.0,0,0,0.1999901860749742,0.41008991037907533,0.45199296745791295,0.2759127825017872,0.3161148132468685,20,1,-0.07988980716253441,1.004,63.4,C,0.25510204081632654,2.4379521993102133,0.3006100214032711,0.18888850532837112,12,5,0,0.3333333333333333,0.2534435261707989,0.6120777891504606,0.27533265097236437,0.11258955987717502,0.2549143944197844,0.23274478330658105,0.23983169705469845,0.24563804310639753,0.2943722943722944,255,0.18840579710144928,150,False,True,0.5917988812795599,0.030051866317308384,2.753731343283582,3.0223880597014925,134,,,,,,,-0.03190578555910802,20,5.81,1.38,57.1,0,7,48,21,1,0,1,11,SP,12,250,58,20.8,7.53,3.3,9.1,0.78,21.03489032161465,0.0005367524031317794,8,0.8,4.0,6,6,0,1,0.0,2.6288252806827423,0.046822296107599776,0.24299065420560748,0.19491525423728814,0.07344632768361582,0.39828042328042323,0.34848412698412695,0.2534246575342466,4.251,0.35798123110450797
672960,Kazuma Okamoto,R,TOR,4,Trevor Rogers,L,669432,822764,BAL @ TOR,10:37 AM,13/09,Pre-Game,0.62166816739209,-156.0,170.0,61.0,False,1011011011,live,0,0,0.0,0,0,0.30000288599355013,0.3807415139389123,0.5241783545990466,0.3590719561138323,0.22945770067677007,20,1,-0.02367424242424243,0.995,80.2,A,0.2881427964300892,5.621571149880096,0.35919174262717996,0.2504919765237395,20,6,0,0.21875,0.24242424242424243,0.6530612244897959,0.14243197278911565,0.20450680272108843,0.2134467395706764,0.24936061381074168,0.24543610547667344,0.22913907284768212,0.255663430420712,348,0.205607476635514,236,True,False,0.6069120778363022,0.014756089555787777,3.683098591549296,4.112676056338028,142,,,,,,,0.19968513697054735,20,4.15,1.21,151.2,10,9,138,37,0,0,0,27,SP,27,629,147,23.3,8.19,2.2,8.72,0.95,24.066298166245506,-0.011438167392090026,10,1.0,6.0,7,6,0,1,0.0,4.083122900082379,0.13741217032370492,0.24145785876993167,0.28716904276985744,0.08757637474541752,0.4351230425055928,0.331496644295302,0.2764423076923077,4.16,0.34609215141385274
643217,Andrew Benintendi,L,CWS,5,Michael Mcgreevy,R,700241,823008,CWS @ STL,11:15 AM,13/09,Pre-Game,0.6194664107311237,-163.0,186.0,62.0,False,0000011000,live,0,0,0.0,0,0,0.15693813708960727,0.2365407931235288,0.45946876708706325,0.2270806780294461,0.16725217455524,20,1,0.021613394216133952,1.031,36.9,D,0.2551916932907348,2.2449544727348423,0.4285873022709423,0.16548726120828416,20,6,0,0.2222222222222222,0.24383561643835616,0.5259584664536742,0.27675718849840253,0.19728434504792333,0.226159793814433,0.20512820512820512,0.2077922077922078,0.21723220226214238,0.2217573221757322,265,0.27450980392156865,171,False,False,0.5867042534013476,0.032762157329776165,3.0153846153846153,3.353846153846154,130,,,,,,,-0.17162446615726856,20,3.92,1.25,154.0,6,9,106,42,0,0,0,28,SP,28,635,151,22.7,6.19,2.45,8.82,1.17,23.473172244394124,-0.01624641073112376,5,0.5555555555555556,12.0,7,6,1,1,0.0,2.8174661867188964,0.08691753902693777,0.24517906336088155,0.21428571428571427,0.08374384236453201,0.44957729468599034,0.3262089371980676,0.260989010989011,4.026,0.3636834754200932
699024,Leonardo Bernal,L,STL,5,David Sandlin,R,689818,823008,CWS @ STL,11:15 AM,13/09,Pre-Game,0.618773210748273,,,,False,1111110111,live,0,0,0.0,0,0,0.3186992540574741,0.3602681549549413,0.6841685425451618,0.3655279213772446,0.1467379195014964,11,1,-0.12962962962962965,1.031,60.7,C,0.2665036674816626,2.034789487931383,0.3059458463130273,0.23674250500996058,5,37,0,0.3888888888888889,0.25925925925925924,0.6234718826405868,0.3105134474327628,0.06601466992665037,0.35526315789473684,0.26582278481012656,0.3488372093023256,0.32608695652173914,0.375,27,0.23809523809523808,22,True,True,0.6012445780030116,0.017528632745261397,4.090909090909091,4.454545454545454,11,,,,,,,0.15957921746009066,11,6.93,1.38,24.2,2,1,24,12,0,0,0,3,SP,5,106,22,21.2,8.76,4.38,8.03,2.19,21.395212297089508,-0.0011732107482730347,6,0.6666666666666666,3.0,7,6,1,1,0.0,4.455049125935776,0.08160702762975972,,,,,,0.3103448275862069,4.026,0.3292228179720912
681715,Heriberto Hernandez,R,MIA,2,Emmet Sheehan,R,686218,823815,LAD @ MIA,10:40 AM,13/09,Pre-Game,0.6171610060529669,,,,False,1100101011,estimated,0,0,0.0,0,0,0.19053894233211816,0.3235607225963047,0.4232435781005689,0.22524142156956842,0.25517564638199397,20,1,0.03305570015616868,1.0,72.0,B,0.29955207166853304,3.7887714165515654,0.404395060493802,0.27761730753234765,20,6,0,0.20588235294117646,0.23893805309734514,0.42696629213483145,0.4117977528089888,0.16123595505617977,0.21320754716981133,0.20342396777442096,0.19166666666666668,0.2078596947060734,0.19718309859154928,241,0.2568306010928962,205,False,False,0.6263576657497852,-0.009196659696818377,3.3846153846153846,3.8119658119658117,117,,,,,,,0.032223469188832544,20,5.08,1.26,101.0,5,8,118,31,0,0,0,21,SP,21,433,96,20.6,10.51,2.76,8.55,1.87,20.482361274884852,0.011401493947033159,8,1.0,3.0,5,6,0,1,0.0,4.633955843415242,0.10390217973882047,0.22885572139303484,0.2703296703296703,0.10329670329670329,0.478494623655914,0.3487096774193548,0.2254335260115607,4.352,0.34190294853066916
804668,Rafael Flores,R,PIT,4,Matt Boyd,L,571510,824628,PIT @ CHC,11:20 AM,13/09,Pre-Game,0.6168224111674939,,,,False,0001111111,live,0,0,0.0,0,0,0.29846478627421885,0.32273659084793177,0.4847033222301475,0.3451412615401052,0.2162402798134018,20,1,-0.04582651391162029,0.983,58.4,C,0.2711246200607903,2.358318476288104,0.37661488792862413,0.17772179246213363,18,6,0,0.23076923076923078,0.2765957446808511,0.4419452887537994,0.2844984802431611,0.2735562310030395,0.2182254196642686,0.1827956989247312,0.23255813953488372,0.20918367346938777,0.18032786885245902,66,0.3333333333333333,57,False,False,0.5998285486050703,0.016993862562423634,3.2,3.5142857142857142,35,,,,,,,0.14934874958982752,20,4.03,1.22,109.1,8,4,86,33,0,0,0,19,SP,19,450,100,23.7,7.08,2.72,8.23,1.23,24.513593267486232,-0.01715574450082724,6,1.0,39.0,7,6,0,1,0.0,3.5970594046492868,0.020514971066085276,0.22794117647058823,0.29333333333333333,0.08666666666666667,0.5,0.34117391304347827,0.2508591065292096,4.16,0.32003910438039773
673237,Yainer Diaz,R,HOU,5,Freddy Peralta,R,642547,822928,HOU @ TB,10:40 AM,13/09,Pre-Game,0.6166015706955938,,,,False,0111011011,live,0,0,0.0,0,0,0.37183833301458485,0.3053571419432636,0.5224253098183707,0.4968086939317698,0.2542244275439764,20,1,0.050667970022808706,0.96,57.8,C,0.2576804915514593,2.7567842091588703,0.39754562721632103,0.19425111682887675,20,5,0,0.24731182795698925,0.29797979797979796,0.5293891663465232,0.23703419131771034,0.23357664233576642,0.3050647820965842,0.27768595041322314,0.2818181818181818,0.29295942720763724,0.3148148148148148,167,0.24031007751937986,139,False,False,0.6218543255505625,-0.0052527548549686776,3.6835443037974684,3.8734177215189876,79,,,,,,,0.28622840847520764,20,4.82,1.36,153.0,8,11,142,55,0,0,0,29,SP,29,667,153,23.0,8.35,3.24,9.0,1.35,22.599958975710265,-0.0069849040289271525,6,0.6666666666666666,1.0,6,6,1,1,0.0,3.5227724776973437,0.028370627661776757,0.27293577981651373,0.16339869281045752,0.034858387799564274,0.3893351800554017,0.31444459833795013,0.2537313432835821,4.026,0.2665971017974277
679845,Nick Loftin,R,KC,1,Payton Tolle,L,801139,824708,KC @ BOS,12:05 PM,13/09,Pre-Game,0.6163999112143536,,,,False,1101101010,estimated,0,0,0.0,0,0,0.22052069705329946,0.27731962281267947,0.2275638306168001,0.30058377786676266,0.2921717137956065,20,1,0.05718429503781208,1.063,80.4,A,0.2901381610290615,5.187606327883287,0.38430900021443926,0.3210049658168848,20,7,0,0.2653061224489796,0.20812182741116753,0.875417661097852,0.0945107398568019,0.03007159904534606,0.1908580593424218,0.18359375,0.2626582278481013,0.19846022241231823,0.18994413407821228,207,0.2787878787878788,192,False,False,0.6433522263432446,-0.02695231512889107,3.1559633027522938,3.6605504587155964,109,,,,,,,0.004245981681179765,20,3.15,1.08,137.0,9,6,159,37,0,0,0,24,SP,24,551,111,23.0,10.45,2.43,7.29,0.99,22.977918732721967,0.022022311007868556,9,1.0,3.0,5,6,0,1,0.0,4.043041712539904,0.07077530451871644,0.23433242506811988,0.1773049645390071,0.09456264775413711,0.27539954337899547,0.2694006849315069,0.20833333333333334,4.443,0.357371380347001
521692,Salvador Pérez,R,KC,4,Payton Tolle,L,801139,824708,KC @ BOS,12:05 PM,13/09,Pre-Game,0.6152441144838307,-150.0,170.0,60.0,False,1111111011,estimated,0,0,0.0,0,0,0.314790432660755,0.398809923057944,0.47214826298352525,0.366302273441084,0.11223437791331346,20,1,0.015722427086825336,1.063,80.4,A,0.2901381610290615,5.187606327883287,0.38430900021443926,0.3210049658168848,20,7,0,0.24203821656050956,0.22631578947368422,0.875417661097852,0.0945107398568019,0.03007159904534606,0.22600304723209752,0.19554140127388536,0.26382978723404255,0.21807318894697536,0.22935779816513763,353,0.23333333333333334,232,False,False,0.6519560221840509,-0.03671190770022026,3.8633093525179856,4.2086330935251794,139,,,,,,,0.20504872695925377,20,3.15,1.08,137.0,9,6,159,37,0,0,0,24,SP,24,551,111,23.0,10.45,2.43,7.29,0.99,22.977918732721967,0.03467810773839153,9,1.0,3.0,5,6,0,1,0.0,4.299920572774363,0.0380922971700945,0.24034334763948498,0.18700787401574803,0.03346456692913386,0.4275381850853549,0.31986522911051213,0.20833333333333334,4.16,0.357371380347001
687551,Drew Gilbert,L,SF,1,Nick Pivetta,R,601713,823171,SD @ SF,4:20 PM,13/09,Scheduled,0.6150653380210124,,,,False,0001100101,estimated,0,0,0.0,0,0,0.22149195001693706,0.3518814058608121,0.46325755455761575,0.29848866532254875,0.27025771576505775,20,1,0.10689655172413792,0.994,59.0,C,0.2815884476534296,,,,4,6,0,0.13793103448275862,0.24482758620689654,0.7111913357400722,0.2888086642599278,0.0,0.25083056478405313,0.23697478991596638,0.2531017369727047,0.24682971014492755,0.2694610778443114,186,0.19736842105263158,180,False,False,0.5990227183552259,0.01604261966578646,2.7033898305084745,3.1016949152542375,118,,,,,,,-0.0574987015787096,20,3.43,0.95,21.0,2,2,26,6,0,0,0,5,SP,5,83,14,16.6,11.14,2.57,6.0,0.0,,0.0019146619789874864,5,0.625,18.0,6,6,0,1,0.0,3.060951342881515,0.07170766563537843,0.2361963190184049,0.17962466487935658,0.08579088471849866,0.3587516087516088,0.31646203346203344,0.14705882352941177,4.443,0.28529618718518623
663616,Trevor Larnach,L,MIN,5,Tanner Bibee,R,676440,823658,CLE @ MIN,11:10 AM,13/09,Pre-Game,0.6145815613482096,-127.0,150.0,56.0,False,1110001011,live,20,3,0.15,1,2024,0.2802332583218446,0.3481847432385926,0.3099962783257183,0.3721161344146232,0.24812551863390295,20,2,0.0077861952861952854,1.022,63.7,C,0.2786948176583493,2.362806692083122,0.356112407691476,0.17622693497909078,20,5,0,0.25925925925925924,0.26704545454545453,0.6871401151631478,0.1654510556621881,0.1474088291746641,0.2601626016260163,0.2831196581196581,0.24251069900142652,0.26356340288924557,0.2754237288135593,267,0.2517482517482518,163,False,False,0.5888721273328476,0.025709434015362076,3.158333333333333,3.5833333333333335,120,,,,,,,0.00022903035166651228,20,4.22,1.2,170.2,5,15,133,52,0,0,0,30,SP,30,704,152,23.5,7.01,2.74,8.02,1.42,24.06758895916474,-0.019924418491066742,7,0.875,16.0,7,6,0,1,0.0,2.9838812882251817,0.05351253421793057,0.26649076517150394,0.1813953488372093,0.1,0.3681063122923588,0.32576744186046513,0.23184357541899442,4.026,0.33813762959331867
680869,Zack Gelof,R,ATH,3,Bryce Miller,R,682243,824952,SEA @ ATH,1:05 PM,13/09,Scheduled,0.6138911118785653,,,,False,1111010010,estimated,5,1,0.2,1,2023,0.15943509508019635,0.2888818411987367,0.44678502561768907,0.20344810617180312,0.29586571599240824,20,1,-0.07080419580419581,0.977,65.0,B,0.2683982683982684,2.7804788191958822,0.33866549889309544,0.23604895135750978,19,5,0,0.2980769230769231,0.22727272727272727,0.5372208436724566,0.21898263027295287,0.24379652605459057,0.23023402909550916,0.22832722832722832,0.3,0.23605947955390336,0.2318840579710145,227,0.2733812949640288,154,False,False,0.6230820046001811,-0.009190892721615884,3.6808510638297873,4.053191489361702,94,,,,,,,-0.11805347366242187,20,4.22,1.14,102.1,4,9,101,29,0,0,0,18,SP,19,415,88,21.8,8.88,2.55,7.74,1.58,21.913854946974226,0.024486665899212445,9,1.0,-18.0,6,6,1,1,0.0,4.270484597841011,0.06812326715141401,0.23842592592592593,0.28781512605042014,0.07352941176470588,0.43152542372881353,0.30606779661016953,0.19161676646706588,4.251,0.3300781594825775
596115,Trevor Story,R,BOS,6,Noah Cameron,L,702070,824708,KC @ BOS,12:05 PM,13/09,Pre-Game,0.6130557631719272,,,,False,1111101111,estimated,0,0,0.0,0,0,0.28395183931479584,0.3394606389324474,0.24512156032480054,0.4750201966541953,0.334252359678705,20,1,-0.04260355029585797,1.063,74.7,B,0.27839388145315486,2.8319754145419473,0.34873157995960075,0.2224982493494865,20,6,0,0.2,0.24260355029585798,0.4992343032159265,0.29211332312404287,0.20865237366003062,0.20584926884139482,0.22905027932960895,0.1780821917808219,0.21092757306226176,0.192,132,0.2976190476190476,88,False,False,0.5918903014546321,0.021165461717295164,4.019230769230769,4.230769230769231,52,,,,,,,-0.0942354269501806,20,3.93,1.2,160.1,9,8,145,51,0,0,0,27,SP,28,669,142,23.9,8.14,2.86,7.97,0.9,24.194960203326175,0.03719423682807277,10,1.0,36.0,6,6,0,1,0.0,4.0496774892798495,0.008273818938651282,0.267223382045929,0.2823529411764706,0.043137254901960784,0.4246766169154229,0.33281641791044775,0.22077922077922077,3.896,0.3260676540604361
571970,Max Muncy,L,LAD,3,Eury Pérez,R,691587,823815,LAD @ MIA,10:40 AM,13/09,Pre-Game,0.6125034275767437,,,,False,0000111111,estimated,0,0,0.0,0,0,0.31684553284708533,0.3257079469605936,0.5594775978830476,0.3828602207251326,0.2066766723919706,20,1,-0.010175010175010157,1.0,58.4,C,0.2696534234995773,2.21767189295107,0.37455942615538196,0.2575627027959762,20,6,0,0.26373626373626374,0.2535612535612536,0.5578144853875476,0.3562049978822533,0.08598051673019907,0.2710721510451787,0.22580645161290322,0.23687752355316286,0.2475073313782991,0.27459016393442626,279,0.23232323232323232,229,False,False,0.6265333664441867,-0.01402993886744297,3.298507462686567,3.791044776119403,134,,,,,,,0.03607351869175593,20,3.94,1.24,139.1,7,11,150,62,0,0,0,26,SP,26,581,111,22.3,9.69,4.0,7.17,1.1,22.540769063549376,0.02873407242325632,8,0.8888888888888888,11.0,5,6,0,1,0.0,3.929471896698339,0.1528308664039193,0.2608695652173913,0.2345132743362832,0.1172566371681416,0.4666666666666667,0.3293578947368421,0.20279720279720279,4.251,0.3162021099744134
682657,Angel Martínez,L,CLE,6,Joe Ryan,R,657746,823658,CLE @ MIN,11:10 AM,13/09,Pre-Game,0.6114247878613498,,,,False,1000101111,live,9,0,0.0,1,2025,0.25036964748880297,0.30893296794712705,0.32478627286676703,0.3408847779803692,0.23309820651905072,20,1,-0.08804427066074622,1.022,76.4,B,0.3030888030888031,4.383394559727201,0.3993963331401904,0.26786391659583186,20,6,0,0.2974683544303797,0.2094240837696335,0.5483091787439613,0.32705314009661834,0.1246376811594203,0.24095394736842105,0.2627257799671593,0.2524850894632207,0.24850299401197604,0.24861878453038674,195,0.25,180,False,False,0.5925307834148212,0.018894004446528556,3.6354166666666665,3.90625,96,,,,,,,0.13853031202378047,20,3.68,1.13,129.2,6,9,145,28,0,0,0,24,SP,24,542,119,22.6,10.06,1.94,8.26,1.25,23.308565608960688,0.00105521213865023,5,0.625,1.0,6,6,0,1,0.0,3.7569380522771323,0.043639583361065284,0.24817518248175183,0.2247191011235955,0.04044943820224719,0.33976420150053593,0.30963987138263666,0.24912280701754386,3.896,0.3166519873014514
683737,Michael Busch,L,CHC,3,Bubba Chandler,R,696149,824628,PIT @ CHC,11:20 AM,13/09,Pre-Game,0.6108869647253262,-127.0,144.0,56.0,False,0011001011,live,0,0,0.0,0,0,0.19554911907152006,0.3128748804237408,0.5058519214379424,0.2821549679657091,0.23937856506497948,20,1,-0.04059829059829062,0.983,50.6,C,0.26160164271047226,2.3777573311693976,0.41677400510293866,0.22212889409253705,20,5,0,0.26282051282051283,0.2222222222222222,0.5650741350906096,0.2887149917627677,0.14621087314662273,0.22372723026623073,0.24544179523141654,0.190224570673712,0.2261549069179499,0.24367088607594936,368,0.22033898305084745,284,False,False,0.6108869647253262,0.0,3.780821917808219,4.465753424657534,146,,,,,,,0.0066547940591659615,20,4.25,1.34,142.0,7,9,129,71,0,0,0,27,SP,28,613,119,21.9,8.18,4.5,7.54,0.82,21.868522085980896,0.007385762547401087,11,1.0,-10.0,7,6,0,1,0.0,4.124076678073888,0.10740518830588877,0.24282560706401765,0.23191094619666047,0.1280148423005566,0.4176829268292683,0.32321646341463417,0.23469387755102042,4.251,0.28399680381276293
666176,Jo Adell,R,CLE,4,Joe Ryan,R,657746,823658,CLE @ MIN,11:10 AM,13/09,Pre-Game,0.6102697510343054,-138.0,163.0,58.0,False,1010011101,live,8,1,0.125,1,2023,0.21542606601799966,0.33001111311136766,0.42550466570384876,0.3087291682968044,0.2890884195937091,20,1,-0.007379679144385004,1.022,76.4,B,0.3030888030888031,4.383394559727201,0.3993963331401904,0.26786391659583186,20,6,0,0.24,0.232620320855615,0.5483091787439613,0.32705314009661834,0.1246376811594203,0.22634271099744246,0.2482468443197756,0.21608040201005024,0.2318046999771846,0.2415902140672783,354,0.22522522522522523,246,False,False,0.6139535670684558,-0.0036838160341504667,3.786206896551724,4.137931034482759,145,,,,,,,0.024613629273099794,20,3.68,1.13,129.2,6,9,145,28,0,0,0,24,SP,24,542,119,22.6,10.06,1.94,8.26,1.25,23.308565608960688,0.018090248965694666,5,0.625,1.0,6,6,0,1,0.0,4.2478264788002456,0.05358040098717236,0.22991071428571427,0.25609756097560976,0.04878048780487805,0.4280538302277433,0.3485709109730849,0.235,4.16,0.3166519873014514
663968,Jake Mangum,L,PIT,7,Matt Boyd,L,571510,824628,PIT @ CHC,11:20 AM,13/09,Pre-Game,0.6100431403816469,,,,False,1011101010,live,6,4,0.6666666666666666,1,2025,0.19417869581470232,0.23682361827817192,0.21102045346092227,0.24577691009128558,0.18779742848734002,20,1,-0.07710808876163208,0.983,58.4,C,0.2711246200607903,2.358318476288104,0.37661488792862413,0.17772179246213363,18,6,0,0.2283464566929134,0.3054545454545455,0.4419452887537994,0.2844984802431611,0.2735562310030395,0.26335174953959484,0.29955947136563876,0.2766884531590414,0.2746935832732516,0.30493273542600896,239,0.25139664804469275,205,False,False,0.5971488743538365,0.012894266027810408,3.4655172413793105,3.8275862068965516,116,,,,,,,0.05113905663156276,20,4.03,1.22,109.1,8,4,86,33,0,0,0,19,SP,19,450,100,23.7,7.08,2.72,8.23,1.23,24.513593267486232,-0.013409807048313627,6,1.0,39.0,7,6,0,1,0.0,3.606604336077396,0.03519429689864527,0.28087167070217917,0.1934065934065934,0.04835164835164835,0.2725641025641026,0.3041333333333333,0.20588235294117646,3.76,0.32003910438039773
571448,Nolan Arenado,R,AZ,5,Cal Quantrill,R,615698,825033,TEX @ AZ,1:10 PM,13/09,Scheduled,0.6085126778878237,-150.0,163.0,60.0,False,0001110110,estimated,0,0,0.0,0,0,0.23372905758872292,0.25475317350875365,0.29799201191086133,0.2948277451193458,0.16444925368645755,20,1,-0.010333879770081572,1.0,69.0,B,0.251414204902577,4.2908367010424255,0.37380330490279096,0.19241252923655672,20,5,0,0.24475524475524477,0.2344213649851632,0.6925015752993069,0.07876496534341525,0.22873345935727787,0.21204049014384657,0.21567164179104478,0.2271604938271605,0.21507150715071507,0.21505376344086022,311,0.26865671641791045,231,False,False,0.5917988812795599,0.016713796608263776,3.4782608695652173,3.927536231884058,138,,,,,,,-0.0004721423817730288,20,2.89,1.06,102.2,8,5,77,25,0,0,0,13,RP,30,417,84,13.9,6.75,2.19,7.36,1.05,18.600080660546006,-0.009041249316395161,7,0.7777777777777778,7.0,7,6,0,1,0.0,4.112404560515954,0.12566167672945397,0.24213075060532688,0.19873150105708245,0.09936575052854123,0.32319749216300936,0.28601724137931034,0.20114942528735633,4.026,0.33058762229759503
662139,Daulton Varsho,L,HOU,6,Freddy Peralta,R,642547,822928,HOU @ TB,10:40 AM,13/09,Pre-Game,0.6077084401737786,,,,False,1101011010,live,8,1,0.125,1,2023,0.18328941459362574,0.2920999216568834,0.33993927883329794,0.25420812181891406,0.243484128670309,20,1,0.05619658119658122,0.96,57.8,C,0.2576804915514593,2.7567842091588703,0.39754562721632103,0.19425111682887675,20,5,0,0.18269230769230768,0.2388888888888889,0.5293891663465232,0.23703419131771034,0.23357664233576642,0.2387914230019493,0.2261029411764706,0.1921182266009852,0.22992392223161454,0.2391304347826087,302,0.2074468085106383,205,False,False,0.5881866653145303,0.01952177485924822,3.6535433070866143,3.9921259842519685,127,,,,,,,0.056621677422372424,20,4.82,1.36,153.0,8,11,142,55,0,0,0,29,SP,29,667,153,23.0,8.35,3.24,9.0,1.35,22.599958975710265,-0.011208440173778533,6,0.6666666666666666,1.0,6,6,1,1,0.0,4.101718093446538,0.04397688729599739,0.23006833712984054,0.20668058455114824,0.07306889352818371,0.37941176470588234,0.2958588235294118,0.2546419098143236,3.896,0.2665971017974277
663457,Lars Nootbaar,L,AZ,6,Cal Quantrill,R,615698,825033,TEX @ AZ,1:10 PM,13/09,Scheduled,0.6059513670272969,,,,False,0101001000,estimated,0,0,0.0,0,0,0.2627365207023617,0.3726059779639483,0.4800960753610947,0.3702413358503131,0.144781470679533,20,1,0.013626834381551378,1.0,69.0,B,0.251414204902577,4.2908367010424255,0.37380330490279096,0.19241252923655672,20,5,0,0.2222222222222222,0.2358490566037736,0.6925015752993069,0.07876496534341525,0.22873345935727787,0.23927550047664442,0.24758220502901354,0.23192019950124687,0.24073133570340274,0.24242424242424243,153,0.22429906542056074,129,False,False,0.5814789798243328,0.024472387202964074,3.0641025641025643,3.6153846153846154,78,,,,,,,-0.19018139045708524,20,2.89,1.06,102.2,8,5,77,25,0,0,0,13,RP,30,417,84,13.9,6.75,2.19,7.36,1.05,18.600080660546006,-0.020279938455868285,7,0.7777777777777778,7.0,7,6,0,1,0.0,2.834827052459601,0.1252261917933731,0.2376237623762376,0.1870967741935484,0.11182795698924732,0.4831756046267087,0.3107634069400631,0.23333333333333334,3.896,0.33058762229759503
813841,Jonah Cox,R,SF,4,Nick Pivetta,R,601713,823171,SD @ SF,4:20 PM,13/09,Scheduled,0.6051550046898205,,,,False,0011110111,estimated,0,0,0.0,0,0,0.2971308285396735,0.2990752539504933,0.3716559652130104,0.40614557407890156,0.2454146518440926,20,1,0.008223684210526327,0.994,59.0,C,0.2815884476534296,,,,4,6,0,0.28125,0.2894736842105263,0.7111913357400722,0.2888086642599278,0.0,0.28199052132701424,0.2441860465116279,0.26,0.2767475035663338,0.2807017543859649,62,0.28888888888888886,51,True,False,0.6048467890465883,0.0003082156432322458,2.6153846153846154,2.8974358974358974,39,,,,,,,0.11138519141107983,20,3.43,0.95,21.0,2,2,26,6,0,0,0,5,SP,5,83,14,16.6,11.14,2.57,6.0,0.0,,-0.00021500468982049714,5,0.625,18.0,6,6,0,1,0.0,3.7113776927980293,0.06980835299643581,0.28431372549019607,0.35398230088495575,0.05309734513274336,0.41935483870967744,0.34732258064516125,0.07407407407407407,4.16,0.28529618718518623
592663,J. T. Realmuto,R,PHI,8,Grant Holmes,R,656550,824869,PHI @ ATL,10:35 AM,13/09,Pre-Game,0.6034325704007838,,,,False,1100000101,live,6,0,0.0,1,2024,0.2348055772297045,0.26361496158572884,0.31076050378199044,0.2877114317387755,0.2161429499410828,20,1,-0.024008424008424012,1.018,42.6,D,0.27565577542567876,2.09472488255972,0.4791530575525021,0.17782633049982763,20,6,0,0.23636363636363636,0.21235521235521235,0.4894009216589862,0.44377880184331797,0.06682027649769585,0.22105263157894736,0.20838183934807916,0.21333333333333335,0.21871518752320832,0.24623115577889448,221,0.18823529411764706,196,False,False,0.5613303007993072,0.04210226960147656,3.385321100917431,3.8256880733944953,109,,,,,,,-0.1393312310919288,20,3.46,1.29,137.2,9,5,110,57,0,0,0,27,SP,28,583,120,20.8,7.19,3.73,7.85,1.24,20.088688781786328,-0.024882570400783788,6,0.6666666666666666,16.0,7,7,1,1,0.0,3.6502148025528087,0.08398178466421247,0.22524752475247525,0.20833333333333334,0.07456140350877193,0.418824163969795,0.3281326860841424,0.24880382775119617,3.598,0.29481191244129473
681082,Bryson Stott,L,PHI,6,Grant Holmes,R,656550,824869,PHI @ ATL,10:35 AM,13/09,Pre-Game,0.6033788975245781,,,,False,0001010000,live,10,2,0.2,1,2024,0.09859831386450357,0.2749446491176077,0.2427144990010223,0.14557433269817524,0.21740979937908123,20,1,0.0056886830447039904,1.018,42.6,D,0.27565577542567876,2.09472488255972,0.4791530575525021,0.17782633049982763,20,6,0,0.2403846153846154,0.24607329842931938,0.4894009216589862,0.44377880184331797,0.06682027649769585,0.23080317740511916,0.2645228215767635,0.2222222222222222,0.23704089606668402,0.22676579925650558,299,0.2672811059907834,250,False,False,0.5764454013648135,0.02693349615976459,3.4468085106382977,3.893617021276596,141,,,,,,,-0.2865369748997111,20,3.46,1.29,137.2,9,5,110,57,0,0,0,27,SP,28,583,120,20.8,7.19,3.73,7.85,1.24,20.088688781786328,-0.013512230857911423,6,0.6666666666666666,16.0,7,7,1,1,0.0,3.516188689124025,0.08572537355437145,0.25181598062953997,0.1740976645435244,0.10615711252653928,0.3534239677744209,0.3291797583081571,0.22149837133550487,3.896,0.29481191244129473
694374,Tim Tawa,R,AZ,7,Cal Quantrill,R,615698,825033,TEX @ AZ,1:10 PM,13/09,Scheduled,0.6032541528520968,,,,False,0100111111,estimated,0,0,0.0,0,0,0.2675326574076627,0.36813678986832077,0.4626403561443085,0.4174338282834721,0.303772951546633,20,1,0.04400209533787322,1.0,69.0,B,0.251414204902577,4.2908367010424255,0.37380330490279096,0.19241252923655672,20,5,0,0.21686746987951808,0.2608695652173913,0.6925015752993069,0.07876496534341525,0.22873345935727787,0.19657258064516128,0.25205930807248766,0.24731182795698925,0.2206047032474804,0.26119402985074625,147,0.23308270676691728,153,False,False,0.5800159470901267,0.02323820576197011,3.1785714285714284,3.5714285714285716,84,,,,,,,0.1865252951072933,20,2.89,1.06,102.2,8,5,77,25,0,0,0,13,RP,30,417,84,13.9,6.75,2.19,7.36,1.05,18.600080660546006,-0.02175415285209681,7,0.7777777777777778,7.0,7,6,0,1,0.0,3.881719812487493,0.09682569511325223,0.23243243243243245,0.2674698795180723,0.0819277108433735,0.45926640926640927,0.30541827541827543,0.20114942528735633,3.76,0.33058762229759503
593428,Xander Bogaerts,R,SD,6,Logan Webb,R,657277,823171,SD @ SF,4:20 PM,13/09,Scheduled,0.6030016511494932,,,,False,0111010111,estimated,30,7,0.23333333333333334,1,2023,0.2486835892873686,0.29494393200562746,0.4303106704580347,0.31893330210722864,0.1841281014683999,20,1,-0.0827053543471454,0.994,57.9,C,0.27909995672868887,3.0656359055073503,0.37744576172590527,0.1963445800602229,20,6,0,0.27972027972027974,0.19701492537313434,0.5562770562770563,0.20216450216450216,0.24155844155844156,0.23125918667319942,0.21434599156118145,0.22520661157024793,0.22485207100591717,0.24067796610169492,335,0.1912568306010929,222,False,False,0.5847039444928246,0.018297706656668633,3.414285714285714,3.9785714285714286,140,,,,,,,0.0921847757102967,20,4.1,1.15,155.2,8,8,127,40,0,0,0,26,SP,26,644,139,24.8,7.34,2.31,8.04,0.69,23.72669030400984,-0.0029916511494932907,10,1.0,-2.0,7,6,0,1,0.0,4.053708265020738,0.10843208554301433,0.21588089330024815,0.19238900634249473,0.1226215644820296,0.4139423076923077,0.3012393162393162,0.21777777777777776,3.896,0.3090467211342602
671732,Lawrence Butler,L,ATH,4,Bryce Miller,R,682243,824952,SEA @ ATH,1:05 PM,13/09,Scheduled,0.6020844720518658,,,,False,1111000010,estimated,7,3,0.42857142857142855,1,2023,0.2334220518828234,0.3604180227166748,0.4214855300483535,0.39103944418656666,0.3024406877887696,20,1,0.0028258090560452087,0.977,65.0,B,0.2683982683982684,2.7804788191958822,0.33866549889309544,0.23604895135750978,19,5,0,0.2247191011235955,0.2275449101796407,0.5372208436724566,0.21898263027295287,0.24379652605459057,0.19276485788113695,0.1901323706377858,0.22164048865619546,0.1977989292088043,0.21739130434782608,260,0.23834196891191708,225,False,False,0.5964169722185751,0.0056674998332906235,3.110294117647059,3.5661764705882355,136,,,,,,,-0.036367427234692294,20,4.22,1.14,102.1,4,9,101,29,0,0,0,18,SP,19,415,88,21.8,8.88,2.55,7.74,1.58,21.913854946974226,0.011437750170356531,9,1.0,-18.0,6,6,1,1,0.0,4.243299557914661,0.09183748866388192,0.23450134770889489,0.25934579439252337,0.11682242990654206,0.45,0.3443365384615385,0.25925925925925924,4.16,0.3300781594825775
694671,Wyatt Langford,R,TEX,4,Eduardo Rodríguez,L,593958,825033,TEX @ AZ,1:10 PM,13/09,Scheduled,0.6020844720518658,,,,False,0100010011,estimated,0,0,0.0,0,0,0.19581665112600932,0.33452893181974375,0.2571629225197833,0.30235051472295527,0.27697828031789196,20,1,-0.016738402678144415,1.0,67.2,B,0.2581110310021629,2.4897611641038484,0.2812075391091143,0.19154760005812446,20,7,0,0.23529411764705882,0.25203252032520324,0.6111111111111112,0.11976911976911978,0.2691197691197691,0.2297824874511991,0.21222222222222223,0.18457943925233644,0.21880998080614203,0.22746781115879827,262,0.2803030303030303,151,False,False,0.5768174278992474,0.02526704415261838,3.8020833333333335,4.302083333333333,96,,,,,,,-0.07575642338632299,20,2.55,1.2,173.0,15,5,128,57,0,0,0,29,SP,29,710,151,24.5,6.66,2.97,7.86,0.78,24.59982426868385,-0.019134472051865692,8,1.0,36.0,7,6,0,1,0.0,4.3271260022309965,0.1707050409477118,0.23476297968397292,0.21875,0.119140625,0.4128902316213494,0.3034712990936556,0.2229580573951435,4.16,0.2917964876551323
663886,Tyler Stephenson,R,CIN,5,Robert Gasser,L,688107,823734,CIN @ MIL,11:10 AM,13/09,Pre-Game,0.6012445780030116,-122.0,138.0,55.0,False,1001101101,live,0,0,0.0,0,0,0.3146211005640069,0.33202368966548523,0.417308362801025,0.45214906815982464,0.26575457260899066,20,1,-0.003317281968967356,0.97,65.4,B,0.2777053455019557,2.992855932017073,0.3376262546297956,0.22184427869879067,18,6,0,0.24761904761904763,0.250936329588015,0.6486310299869622,0.25945241199478486,0.09191655801825294,0.24182076813655762,0.24239130434782608,0.19722222222222222,0.23568773234200743,0.22549019607843138,232,0.27976190476190477,192,False,False,0.5881866653145303,0.013057912688481221,3.234782608695652,3.6869565217391305,115,,,,,,,0.03852286823610545,20,4.43,1.28,91.1,4,5,87,29,0,0,0,17,SP,18,397,88,22.1,8.57,2.86,8.67,1.38,21.916234212787167,-0.019282078003011627,8,1.0,29.0,7,6,1,1,0.0,3.802344292115222,0.10416590169712994,0.24739583333333334,0.2762557077625571,0.10273972602739725,0.45754119138149557,0.3408802281368821,0.2834008097165992,4.026,0.31169287389407785
695336,Thomas Saggese,R,STL,7,David Sandlin,R,689818,823008,CWS @ STL,11:15 AM,13/09,Pre-Game,0.6011766469539883,,,,False,1111111011,live,0,0,0.0,0,0,0.3494150784162004,0.3929620825184336,0.3707438369692522,0.46642519981086616,0.2269998091479151,20,1,0.005134788189987194,1.031,60.7,C,0.2665036674816626,2.034789487931383,0.3059458463130273,0.23674250500996058,5,37,0,0.2631578947368421,0.2682926829268293,0.6234718826405868,0.3105134474327628,0.06601466992665037,0.29850746268656714,0.28125,0.3157894736842105,0.29427430093209056,0.3387096774193548,67,0.1896551724137931,66,False,True,0.592833068889134,0.008343578064854307,3.076923076923077,3.41025641025641,39,,,,,,,0.3101264839922486,20,6.93,1.38,24.2,2,1,24,12,0,0,0,3,SP,5,106,22,21.2,8.76,4.38,8.03,2.19,21.395212297089508,0.0172400197126783,6,0.6666666666666666,3.0,7,6,1,1,0.0,3.683186643375318,0.0997964675301477,0.25692695214105793,0.27972027972027974,0.06293706293706294,0.43441636582430804,0.3349638989169675,0.11428571428571428,3.76,0.3292228179720912
691019,Kyle Teel,L,CWS,2,Michael Mcgreevy,R,700241,823008,CWS @ STL,11:15 AM,13/09,Pre-Game,0.6007412223494376,-163.0,186.0,62.0,False,0000110010,live,0,0,0.0,0,0,0.19753172141728365,0.36649190399695236,0.468225408787378,0.3218411773043232,0.4116280505725333,20,1,0.22666666666666666,1.031,36.9,D,0.2551916932907348,2.2449544727348423,0.4285873022709423,0.16548726120828416,20,6,0,0.0,0.22666666666666666,0.5259584664536742,0.27675718849840253,0.19728434504792333,0.20454545454545456,0.21965317919075145,0.19607843137254902,0.20901639344262296,0.21052631578947367,40,0.2,53,False,False,0.5501889320105228,0.05055229033891484,3.074074074074074,3.4444444444444446,27,,,,,,,-0.11444982804055172,20,3.92,1.25,154.0,6,9,106,42,0,0,0,28,SP,28,635,151,22.7,6.19,2.45,8.82,1.17,23.473172244394124,-0.022281222349437635,5,0.5555555555555556,12.0,7,6,1,1,0.0,3.044437935194551,0.08481153557007808,0.25588235294117645,0.28426395939086296,0.116751269035533,0.3874269005847953,0.34550000000000003,0.260989010989011,4.352,0.3636834754200932
687859,Troy Johnston,L,COL,6,Jackson Jobe,R,695549,824225,COL @ DET,9:10 AM,13/09,In Progress,0.5992263323884673,-133.0,163.0,57.0,False,1011101101,live,0,0,0.0,0,0,0.2804020683746403,0.37469977685038297,0.38446600746147064,0.38785966022414015,0.26952495415859723,20,2,0.019528619528619506,1.004,48.4,D,0.22709163346613545,2.190183403343664,0.35737836074951496,0.21497546039351856,6,7,0,0.26666666666666666,0.28619528619528617,0.547808764940239,0.3426294820717131,0.10956175298804781,0.24111498257839722,0.28633093525179854,0.24288840262582057,0.25720876585928487,0.2676056338028169,237,0.3018867924528302,184,False,False,0.595709307966369,0.003517024422098336,3.1260504201680672,3.53781512605042,119,,,,,,,0.012537268739648506,20,4.6,1.4,29.1,1,2,28,12,0,0,0,7,SP,7,129,29,18.4,8.59,3.68,8.9,1.84,20.976644678225803,0.010251445389310443,9,0.8181818181818182,-13.0,7,6,0,1,0.0,3.3502407456508085,0.06834044646184809,0.2853333333333333,0.17688679245283018,0.08490566037735849,0.3813888888888889,0.34709555555555555,0.2222222222222222,3.896,0.3064349163661517
572233,Christian Walker,R,HOU,7,Freddy Peralta,R,642547,822928,HOU @ TB,10:40 AM,13/09,Pre-Game,0.5970627283855271,-117.0,122.0,54.0,False,0110110100,live,0,0,0.0,0,0,0.17892683363604853,0.27763927535663,0.28606230768538254,0.19714124049598536,0.1522182865795297,20,1,-0.010234573434932032,0.96,57.8,C,0.2576804915514593,2.7567842091588703,0.39754562721632103,0.19425111682887675,20,5,0,0.2318840579710145,0.22164948453608246,0.5293891663465232,0.23703419131771034,0.23357664233576642,0.1915444348576359,0.22102231821454282,0.2334152334152334,0.20548943405392275,0.21739130434782608,355,0.23529411764705882,229,False,False,0.5763347448795128,0.020727983506014347,3.704225352112676,4.112676056338028,142,,,,,,,-0.10300649031043711,20,4.82,1.36,153.0,8,11,142,55,0,0,0,29,SP,29,667,153,23.0,8.35,3.24,9.0,1.35,22.599958975710265,-0.012179395052193787,6,0.6666666666666666,1.0,6,6,1,1,0.0,3.9012305652538517,0.049036165635170326,0.22,0.2388663967611336,0.06680161943319839,0.38654618473895586,0.30318373493975903,0.2537313432835821,3.76,0.2665971017974277
695657,Colson Montgomery,L,CWS,8,Michael Mcgreevy,R,700241,823008,CWS @ STL,11:15 AM,13/09,Pre-Game,0.5969622147723556,-117.0,133.0,54.0,False,0011000100,live,0,0,0.0,0,0,0.13635854136559866,0.3086873794290034,0.33907636693011795,0.26328826367211033,0.4158207964271117,20,1,-0.04347331500616172,1.031,36.9,D,0.2551916932907348,2.2449544727348423,0.4285873022709423,0.16548726120828416,20,6,0,0.24087591240875914,0.1974025974025974,0.5259584664536742,0.27675718849840253,0.19728434504792333,0.20803249097472923,0.18851756640959727,0.23481781376518218,0.20702924576706003,0.23684210526315788,338,0.16972477064220184,250,False,False,0.554990527197739,0.041971687574616556,3.7553956834532376,4.23021582733813,139,,,,,,,-0.11116285565258262,20,3.92,1.25,154.0,6,9,106,42,0,0,0,28,SP,28,635,151,22.7,6.19,2.45,8.82,1.17,23.473172244394124,-0.021402214772355488,5,0.5555555555555556,12.0,7,6,1,1,0.0,4.210467976268529,0.1215424407164429,0.2096069868995633,0.34824902723735407,0.08171206225680934,0.4329749103942652,0.3466272401433692,0.260989010989011,3.598,0.3636834754200932
669016,Brandon Marsh,L,PHI,7,Grant Holmes,R,656550,824869,PHI @ ATL,10:35 AM,13/09,Pre-Game,0.5959181219182613,-138.0,144.0,58.0,False,0000111000,live,11,3,0.2727272727272727,1,2024,0.16657337180918946,0.2535379094404096,0.33842929046035863,0.19589313446474152,0.1854287678008143,20,1,-0.02923760177646184,1.018,42.6,D,0.27565577542567876,2.09472488255972,0.4791530575525021,0.17782633049982763,20,6,0,0.2857142857142857,0.25647668393782386,0.4894009216589862,0.44377880184331797,0.06682027649769585,0.2545057345712725,0.23746701846965698,0.24863883847549909,0.24787294384571754,0.24814814814814815,290,0.28054298642533937,240,False,False,0.5616684899132504,0.034249632005010966,3.507142857142857,3.7857142857142856,140,,,,,,,-0.09533995396066489,20,3.46,1.29,137.2,9,5,110,57,0,0,0,27,SP,28,583,120,20.8,7.19,3.73,7.85,1.24,20.088688781786328,-0.013218121918261216,6,0.6666666666666666,16.0,7,7,1,1,0.0,2.5383729268475084,0.024495137639038673,0.26252983293556087,0.2533039647577093,0.05286343612334802,0.42598684210526316,0.34456496710526313,0.22149837133550487,3.76,0.29481191244129473
677587,Brayan Rocchio,L,CLE,9,Joe Ryan,R,657746,823658,CLE @ MIN,11:10 AM,13/09,Pre-Game,0.5956141164234375,-133.0,144.0,57.0,False,0110111010,live,10,4,0.4,1,2024,0.20468706330177786,0.29120578809021036,0.32907985070647555,0.25353124540332117,0.14981645885161013,20,1,-0.007483349547257351,1.022,76.4,B,0.3030888030888031,4.383394559727201,0.3993963331401904,0.26786391659583186,20,6,0,0.2484472049689441,0.24096385542168675,0.5483091787439613,0.32705314009661834,0.1246376811594203,0.23674475955610358,0.2369878183831672,0.22466960352422907,0.23593410009325458,0.24390243902439024,275,0.242914979757085,271,False,False,0.5888721273328476,0.006741989090589984,3.49645390070922,3.872340425531915,141,,,,,,,-0.10989294811365034,20,3.68,1.13,129.2,6,9,145,28,0,0,0,24,SP,24,542,119,22.6,10.06,1.94,8.26,1.25,23.308565608960688,0.004605883576562442,5,0.625,1.0,6,6,0,1,0.0,3.6806587787051845,0.034041531716056714,0.24475524475524477,0.15106382978723404,0.05319148936170213,0.30768156424581006,0.2890856610800745,0.24912280701754386,3.443,0.3166519873014514
663993,Nathaniel Lowe,L,CLE,5,Joe Ryan,R,657746,823658,CLE @ MIN,11:10 AM,13/09,Pre-Game,0.5949941585899962,-127.0,150.0,56.0,False,0111010100,live,11,2,0.18181818181818182,1,2022,0.2037269853811146,0.40999073807958175,0.4469494819879328,0.2606049017980566,0.243403300167909,20,1,-0.010869565217391297,1.022,76.4,B,0.3030888030888031,4.383394559727201,0.3993963331401904,0.26786391659583186,20,6,0,0.2608695652173913,0.25,0.5483091787439613,0.32705314009661834,0.1246376811594203,0.25629791894852133,0.265905383360522,0.2715736040609137,0.2592982456140351,0.2955665024630542,226,0.19078947368421054,173,False,False,0.5881866653145303,0.006807493275465815,3.1415929203539825,3.5309734513274336,113,,,,,,,-0.027658726607547226,20,3.68,1.13,129.2,6,9,145,28,0,0,0,24,SP,24,542,119,22.6,10.06,1.94,8.26,1.25,23.308565608960688,0.012085841410003906,5,0.625,1.0,6,6,0,1,0.0,3.532496930827173,0.07947951597796925,0.25203252032520324,0.23671497584541062,0.0893719806763285,0.41931119311193116,0.35138007380073805,0.24912280701754386,4.026,0.3166519873014514
694208,Moisés Ballesteros,L,LAA,5,Riley Cornelio,R,683000,822682,LAA @ WSH,10:35 AM,13/09,Pre-Game,0.5934451903502572,,,,False,0111101100,live,0,0,0.0,0,0,0.24146893776657116,0.2519605495464934,0.46562643949805876,0.37283227534830216,0.30749168465466536,20,1,0.0222222222222222,1.04,47.7,D,0.2837022132796781,1.7970159068654858,0.4810276774779669,0.2879103661832294,13,5,0,0.2,0.2222222222222222,0.5010141987829615,0.49898580121703856,0.0,0.19161676646706588,0.1810344827586207,0.2675324675324675,0.20476431829700964,0.2389937106918239,176,0.19298245614035087,125,False,True,0.5867042534013476,0.006740936948909648,3.0,3.3076923076923075,91,,,,,,,-0.0029427153207477698,20,5.26,1.6,25.2,2,2,27,21,0,1,1,1,RP,13,116,20,8.9,9.47,7.36,7.01,0.7,8.654013189164415,0.024517309649742747,8,0.8888888888888888,-13.0,7,6,0,1,0.0,3.710555718772049,0.0633743237826344,0.239067055393586,0.22715404699738903,0.09138381201044386,0.45234375,0.2932734375,0.16666666666666666,4.026,0.3139532869085001
665953,Andrés Chaparro,R,WSH,3,Grayson Rodriguez,R,680570,822682,LAA @ WSH,10:35 AM,13/09,Pre-Game,0.5926921422474479,,,,False,1101111001,live,0,0,0.0,0,0,0.3257896168732631,0.2789332343550981,0.3795228997973067,0.43593747551306977,0.28192843439074694,20,1,0.008333333333333331,1.04,33.2,F,0.2691275167785235,2.0930408889698215,0.4459255297772668,0.2072313484616767,17,6,0,0.24166666666666667,0.25,0.5313553607552259,0.21375590020229265,0.25488873904248144,0.22743055555555555,0.22505800464037123,0.18211920529801323,0.21619556913674562,0.1919191919191919,114,0.3188405797101449,80,False,False,0.5711761352887764,0.021516006958671507,2.3661971830985915,2.732394366197183,71,,,,,,,0.0734971238239176,20,6.28,1.57,81.2,4,7,75,37,0,0,0,17,SP,17,370,91,21.8,8.27,4.08,10.03,1.54,22.1649565190773,-0.011177856533162278,7,0.7777777777777778,-4.0,7,6,0,1,0.0,3.189225489324164,0.05375747250609891,0.2159468438538206,0.24561403508771928,0.08771929824561403,0.4254992319508448,0.28733179723502306,0.23880597014925373,4.251,0.32135183788347826
669394,Jake Burger,R,TEX,6,Eduardo Rodríguez,L,593958,825033,TEX @ AZ,1:10 PM,13/09,Scheduled,0.5922308526725311,-138.0,150.0,58.0,False,0111101001,estimated,8,3,0.375,1,2022,0.24914993949549183,0.38894613580246495,0.4351507726985181,0.3579672248557482,0.28922504612604666,20,1,0.004916738443870222,1.0,67.2,B,0.2581110310021629,2.4897611641038484,0.2812075391091143,0.19154760005812446,20,7,0,0.2345679012345679,0.22965116279069767,0.6111111111111112,0.11976911976911978,0.2691197691197691,0.20715835140997832,0.20538243626062322,0.21321961620469082,0.20592157908775674,0.21241830065359477,337,0.26,225,False,False,0.5768049641395298,0.015425888533001308,3.5886524822695036,3.9858156028368796,141,,,,,,,0.053115516322189006,20,2.55,1.2,173.0,15,5,128,57,0,0,0,29,SP,29,710,151,24.5,6.66,2.97,7.86,0.78,24.59982426868385,-0.021068352672531043,8,1.0,36.0,7,6,0,1,0.0,4.017518605481904,0.16328678012586048,0.23222748815165878,0.26215644820295986,0.09725158562367865,0.4597315436241611,0.32709228187919465,0.2229580573951435,3.896,0.2917964876551323
691181,Emmanuel Rodriguez,L,MIN,7,Tanner Bibee,R,676440,823658,CLE @ MIN,11:10 AM,13/09,Pre-Game,0.5917988812795599,-104.0,117.0,51.0,False,1,live,0,0,0.0,0,0,,,,,,1,1,0.0,1.022,63.7,C,0.2786948176583493,2.362806692083122,0.356112407691476,0.17622693497909078,20,5,0,,,0.6871401151631478,0.1654510556621881,0.1474088291746641,0.5,,,0.4,,0,,4,True,False,0.5491761777387772,0.04262270354078268,4.0,4.0,1,,,,,,,,1,4.22,1.2,170.2,5,15,133,52,0,0,0,30,SP,30,704,152,23.5,7.01,2.74,8.02,1.42,24.06758895916474,-0.0321845955652742,7,0.875,16.0,7,6,0,1,0.0,,,,,,,,0.23184357541899442,3.76,0.33813762959331867
699393,Pedro Ramírez,L,CHC,8,Bubba Chandler,R,696149,824628,PIT @ CHC,11:20 AM,13/09,Pre-Game,0.5906791402903716,,,,False,0000011011,live,0,0,0.0,0,0,0.23254622582049866,0.22366007799627968,0.30977594441362555,0.29121557086048244,0.18705708923243922,20,1,-0.0248447204968944,0.983,50.6,C,0.26160164271047226,2.3777573311693976,0.41677400510293866,0.22212889409253705,20,5,0,0.2857142857142857,0.2608695652173913,0.5650741350906096,0.2887149917627677,0.14621087314662273,0.2503793626707132,0.24193548387096775,0.24705882352941178,0.24961832061068703,0.22916666666666666,104,0.29906542056074764,120,True,False,0.5937641933194989,-0.003085053029127316,2.985294117647059,3.2941176470588234,68,,,,,,,-0.09204273976138261,20,4.25,1.34,142.0,7,9,129,71,0,0,0,27,SP,28,613,119,21.9,8.18,4.5,7.54,0.82,21.868522085980896,-0.004033685744917026,11,1.0,-10.0,7,6,0,1,0.0,3.838919335800589,0.048324080668214656,0.2688679245283019,0.1752136752136752,0.06837606837606838,0.4064327485380117,0.29309356725146196,0.23469387755102042,3.598,0.28399680381276293
683748,Victor Mesa,L,TB,4,Hayden Wesneski,R,669713,822928,HOU @ TB,10:40 AM,13/09,Pre-Game,0.5905212085657361,,,,False,0011111111,live,0,0,0.0,0,0,0.40560123697591927,0.35752765504978923,0.4845933161326955,0.47565930788971866,0.07336426530385662,20,1,-0.06959706959706963,0.96,63.4,C,0.27958579881656803,2.6559568419947075,0.4034772798440535,0.20612151537725784,8,5,0,0.3076923076923077,0.23809523809523808,0.5703703703703704,0.30074074074074075,0.1288888888888889,0.27380952380952384,0.2513089005235602,0.30917874396135264,0.27225519287833827,0.27,112,0.22340425531914893,106,False,False,0.6162103963104971,-0.025689187744761033,3.129032258064516,3.5161290322580645,62,,,,,,,0.30515656791350493,20,3.35,1.03,45.2,5,1,36,14,0,0,0,8,SP,8,180,33,22.5,7.09,2.76,6.5,0.59,22.3619382373893,0.002578791434263872,4,0.5714285714285714,2.0,7,6,1,1,0.0,3.4664070971208925,0.09904506773596661,0.24568965517241378,0.18631178707224336,0.09505703422053231,0.41229508196721315,0.30220765027322405,0.20618556701030927,4.16,0.2956332527545216
676356,Jonny Deluca,R,TB,6,Hayden Wesneski,R,669713,822928,HOU @ TB,10:40 AM,13/09,Pre-Game,0.5897893064304749,,,,False,0110001011,live,0,0,0.0,0,0,0.33944245279332347,0.2571348573217637,0.33962316494454714,0.39778958153217775,0.15439041675008003,20,1,-0.06418888589640004,0.96,63.4,C,0.27958579881656803,2.6559568419947075,0.4034772798440535,0.20612151537725784,8,5,0,0.2911392405063291,0.22695035460992907,0.5703703703703704,0.30074074074074075,0.1288888888888889,0.246415770609319,0.2309027777777778,0.25660377358490566,0.24285714285714285,0.267515923566879,166,0.2535211267605634,151,False,False,0.6139535670684558,-0.02416426063798094,3.3222222222222224,3.522222222222222,90,,,,,,,0.20704583509414196,20,3.35,1.03,45.2,5,1,36,14,0,0,0,8,SP,8,180,33,22.5,7.09,2.76,6.5,0.59,22.3619382373893,-0.005064306430474952,4,0.5714285714285714,2.0,7,6,1,1,0.0,3.545336875855492,0.04190649627222067,0.2717948717948718,0.19471153846153846,0.04807692307692308,0.293042071197411,0.2788899676375405,0.2,3.896,0.2956332527545216
680776,Jarren Duran,L,BOS,8,Noah Cameron,L,702070,824708,KC @ BOS,12:05 PM,13/09,Pre-Game,0.5888721273328476,,,,False,1001001110,estimated,0,0,0.0,0,0,0.19531384054121806,0.28799929870711344,0.3889488031900687,0.25358312066704103,0.2644462900331489,20,1,0.015954227870385668,1.063,74.7,B,0.27839388145315486,2.8319754145419473,0.34873157995960075,0.2224982493494865,20,6,0,0.21686746987951808,0.2009132420091324,0.4992343032159265,0.29211332312404287,0.20865237366003062,0.17815533980582524,0.18,0.199438202247191,0.18248366013071896,0.18811881188118812,331,0.22477064220183487,246,False,False,0.5650339442858638,0.023838183046983707,3.7753623188405796,4.181159420289855,138,,,,,,,-0.16903313022886968,20,3.93,1.2,160.1,9,8,145,51,0,0,0,27,SP,28,669,142,23.9,8.14,2.86,7.97,0.9,24.194960203326175,0.020087872667152507,10,1.0,36.0,6,6,0,1,0.0,3.7867245350121213,0.035664250277855684,0.20704845814977973,0.27435387673956263,0.055666003976143144,0.40585443037974683,0.3399778481012658,0.2777777777777778,3.598,0.3260676540604361
592626,Joc Pederson,L,TEX,1,Eduardo Rodríguez,L,593958,825033,TEX @ AZ,1:10 PM,13/09,Scheduled,0.5886740591561198,,,,False,1101000110,estimated,0,0,0.0,0,0,0.2097018120802578,0.26308979763473095,0.5198484657538579,0.3174349938313295,0.2079686278104847,20,1,-0.2391304347826087,1.0,67.2,B,0.2581110310021629,2.4897611641038484,0.2812075391091143,0.19154760005812446,20,7,0,0.0,0.2391304347826087,0.6111111111111112,0.11976911976911978,0.2691197691197691,0.23868312757201646,0.22869471413160733,0.25522388059701495,0.2392878696439348,0.23770491803278687,284,0.23255813953488372,148,False,False,0.5704775256957038,0.018196533460416053,2.762962962962963,3.2,135,,,,,,,-0.06011461980016501,20,2.55,1.2,173.0,15,5,128,57,0,0,0,29,SP,29,710,151,24.5,6.66,2.97,7.86,0.78,24.59982426868385,-0.01383655915611981,8,1.0,36.0,7,6,0,1,0.0,2.6028591271057624,0.12085985484943877,0.23952095808383234,0.23195876288659795,0.11082474226804123,0.5061475409836066,0.3475737704918033,0.25510204081632654,4.443,0.2917964876551323
665926,Andrés Giménez,L,TOR,7,Trevor Rogers,L,669432,822764,BAL @ TOR,10:37 AM,13/09,Pre-Game,0.5884787250681369,,,,False,0111011101,live,0,0,0.0,0,0,0.28158726116188193,0.35584235928637775,0.34278075309747263,0.34831642010968267,0.12256628901431212,20,1,0.14394089975485322,0.995,80.2,A,0.2881427964300892,5.621571149880096,0.35919174262717996,0.2504919765237395,20,6,0,0.36046511627906974,0.21652421652421652,0.6530612244897959,0.14243197278911565,0.20450680272108843,0.2528324388789505,0.2291139240506329,0.2107728337236534,0.239572561185798,0.26359832635983266,256,0.2222222222222222,219,False,False,0.6051550046898205,-0.01667627962168361,3.3106060606060606,3.5984848484848486,132,,,,,,,0.027648687749575712,20,4.15,1.21,151.2,10,9,138,37,0,0,0,27,SP,27,629,147,23.3,8.19,2.2,8.72,0.95,24.066298166245506,0.014591274931863074,10,1.0,6.0,7,6,0,1,0.0,3.81685242492578,0.033167752758405784,0.2423469387755102,0.1920374707259953,0.02576112412177986,0.24532258064516127,0.29958709677419354,0.2,3.76,0.34609215141385274
676724,Jared Young,L,NYM,5,Cam Schlittler,R,693645,823495,NYM @ NYY,10:35 AM,13/09,Pre-Game,0.5883732770325336,-113.0,127.0,53.0,False,1010101101,live,0,0,0.0,0,0,0.24546518081564955,0.32264769839298346,0.4623728543886903,0.28811705644069635,0.1590129710145763,20,1,0.04942084942084943,1.007,72.2,B,0.299784327821711,4.568983935266061,0.4042034146864316,0.331556639137189,20,5,0,0.22857142857142856,0.277992277992278,0.8941684665226782,0.10583153347732181,0.0,0.25935596170583114,0.24071322436849926,0.25,0.2518518518518518,0.3006134969325153,173,0.2366412213740458,152,False,False,0.6278332717224067,-0.039459994689873046,3.094736842105263,3.4210526315789473,95,,,,,,,0.2526214620147552,20,2.01,0.92,178.2,13,6,220,42,0,0,0,30,SP,30,701,122,23.4,11.08,2.12,6.15,0.81,23.774646964586804,0.04382672296746637,6,0.75,10.0,7,6,0,1,0.0,3.8267221198100496,0.07024231740140965,0.2556818181818182,0.211340206185567,0.06443298969072164,0.45037037037037037,0.30162962962962964,0.1953125,4.026,0.29071860014520834
805300,Jakob Marsee,L,MIA,6,Emmet Sheehan,R,686218,823815,LAD @ MIA,10:40 AM,13/09,Pre-Game,0.587979874767823,,,,False,1100111100,estimated,0,0,0.0,0,0,0.2995131010844502,0.3192723847439429,0.35313472710519145,0.33356128559711745,0.1570035941583151,20,1,-0.01734539969834087,1.0,72.0,B,0.29955207166853304,3.7887714165515654,0.404395060493802,0.27761730753234765,20,6,0,0.23529411764705882,0.21794871794871795,0.42696629213483145,0.4117977528089888,0.16123595505617977,0.19416590701914313,0.20657276995305165,0.2127659574468085,0.19960306209242984,0.22180451127819548,314,0.22009569377990432,258,False,False,0.5813939645971765,0.0065859101706464696,3.392857142857143,4.085714285714285,140,,,,,,,-0.03259798697555038,20,5.08,1.26,101.0,5,8,118,31,0,0,0,21,SP,21,433,96,20.6,10.51,2.76,8.55,1.87,20.482361274884852,-0.004554874767822903,8,1.0,3.0,5,6,0,1,0.0,4.192511320940275,0.15519827052948243,0.23366834170854273,0.20166320166320167,0.12474012474012475,0.35132890365448505,0.3138405315614618,0.2638888888888889,3.896,0.34190294853066916
622268,Donovan Walton,L,ATH,6,Bryce Miller,R,682243,824952,SEA @ ATH,1:05 PM,13/09,Scheduled,0.5849617006460385,,,,False,0101001010,estimated,0,0,0.0,0,0,0.2488899300073274,0.33751076203045,0.3623951335784586,0.30165012664715724,0.11461916389985337,20,1,0.07567567567567568,0.977,65.0,B,0.2683982683982684,2.7804788191958822,0.33866549889309544,0.23604895135750978,19,5,0,0.2,0.2756756756756757,0.5372208436724566,0.21898263027295287,0.24379652605459057,0.2780337941628264,0.2399103139013453,0.2552552552552553,0.2611731843575419,0.2796610169491525,131,0.2597402597402597,99,False,False,0.5897893064304749,-0.004827605784436417,2.7857142857142856,3.2857142857142856,70,,,,,,,-0.03344771624021002,20,4.22,1.14,102.1,4,9,101,29,0,0,0,18,SP,19,415,88,21.8,8.88,2.55,7.74,1.58,21.913854946974226,0.0033271882428503874,9,1.0,-18.0,6,6,1,1,0.0,3.5243281547933663,0.15706515875899005,0.219435736677116,0.16486486486486487,0.1,0.32655038759689925,0.2678372093023256,0.25925925925925924,3.896,0.3300781594825775
702222,Justin Crawford,L,PHI,9,Grant Holmes,R,656550,824869,PHI @ ATL,10:35 AM,13/09,Pre-Game,0.5849109890192749,,,,False,1000011111,live,7,1,0.14285714285714285,1,2026,0.2651649766547964,0.2992843924391672,0.4655991858993258,0.31150447299290446,0.1593348685121604,20,1,0.06815642458100557,1.018,42.6,D,0.27565577542567876,2.09472488255972,0.4791530575525021,0.17782633049982763,20,6,0,0.2,0.2681564245810056,0.4894009216589862,0.44377880184331797,0.06682027649769585,0.2532871972318339,0.2751937984496124,0.23469387755102042,0.2556490917146655,0.2777777777777778,214,0.24736842105263157,210,True,False,0.5582006733555974,0.02671031566367743,2.9393939393939394,3.212121212121212,132,,,,,,,0.12916406350790333,20,3.46,1.29,137.2,9,5,110,57,0,0,0,27,SP,28,583,120,20.8,7.19,3.73,7.85,1.24,20.088688781786328,-0.014994322352608114,6,0.6666666666666666,16.0,7,7,1,1,0.0,2.773648306535257,0.04484852615181215,0.2556818181818182,0.17232375979112272,0.05483028720626632,0.3758741258741259,0.3180769230769231,0.22149837133550487,3.443,0.29481191244129473
701807,Carson Benge,L,NYM,4,Cam Schlittler,R,693645,823495,NYM @ NYY,10:35 AM,13/09,Pre-Game,0.58412246568883,-138.0,144.0,58.0,False,1110110011,live,0,0,0.0,0,0,0.2449118576753631,0.33153326765977525,0.1696810007152955,0.3557942976645077,0.26978991526955987,20,1,-0.029812513625463277,1.007,72.2,B,0.299784327821711,4.568983935266061,0.4042034146864316,0.331556639137189,20,5,0,0.2949640287769784,0.26515151515151514,0.8941684665226782,0.10583153347732181,0.0,0.25346534653465347,0.25272879932829556,0.2691176470588235,0.25585626563566066,0.2564102564102564,342,0.29596412556053814,244,True,False,0.628052990145679,-0.043930524456848974,3.8214285714285716,4.185714285714286,140,,,,,,,0.09276342812049895,20,2.01,0.92,178.2,13,6,220,42,0,0,0,30,SP,30,701,122,23.4,11.08,2.12,6.15,0.81,23.774646964586804,0.05079420097783671,6,0.75,10.0,7,6,0,1,0.0,4.495980416221301,0.09731468746346984,0.2899786780383795,0.21553398058252426,0.07184466019417475,0.3812849162011173,0.3740637802607076,0.1953125,4.16,0.29071860014520834
663656,Kyle Tucker,L,LAD,5,Eury Pérez,R,691587,823815,LAD @ MIA,10:40 AM,13/09,Pre-Game,0.5838129076151838,,,,False,1010000110,estimated,0,0,0.0,0,0,0.22956317841780335,0.28367945159724484,0.3202212071486088,0.25106052327565587,0.11418939347708049,20,1,-0.004682274247491652,1.0,58.4,C,0.2696534234995773,2.21767189295107,0.37455942615538196,0.2575627027959762,20,6,0,0.23076923076923078,0.22608695652173913,0.5578144853875476,0.3562049978822533,0.08598051673019907,0.2092534174553102,0.22524271844660193,0.17546174142480211,0.206598161168199,0.21851851851851853,319,0.23853211009174313,248,False,False,0.5985648558883002,-0.014751948273116433,3.536231884057971,4.108695652173913,138,,,,,,,-0.04738994630077382,20,3.94,1.24,139.1,7,11,150,62,0,0,0,26,SP,26,581,111,22.3,9.69,4.0,7.17,1.1,22.540769063549376,0.025549592384816133,8,0.8888888888888888,11.0,5,6,0,1,0.0,4.011751736016055,0.11046537950146913,0.2261904761904762,0.16632443531827515,0.11704312114989733,0.36307767944936087,0.32112241887905607,0.20279720279720279,4.026,0.3162021099744134
666160,Mickey Moniak,L,COL,5,Jackson Jobe,R,695549,824225,COL @ DET,9:10 AM,13/09,In Progress,0.5835836831389888,-156.0,163.0,61.0,False,0111001000,live,0,0,0.0,0,0,0.1385291260694263,0.2604726997364511,0.3335394396169767,0.19580683078623246,0.3528512039066432,20,2,0.06823770491803277,1.004,48.4,D,0.22709163346613545,2.190183403343664,0.35737836074951496,0.21497546039351856,6,7,0,0.1875,0.25573770491803277,0.547808764940239,0.3426294820717131,0.10956175298804781,0.21085271317829457,0.243142144638404,0.26621160409556316,0.2328513162773452,0.2420091324200913,233,0.24666666666666667,166,False,False,0.5795304543939408,0.004053228745047988,3.5142857142857142,3.8,105,,,,,,,-0.19504604068276482,20,4.6,1.4,29.1,1,2,28,12,0,0,0,7,SP,7,129,29,18.4,8.59,3.68,8.9,1.84,20.976644678225803,0.014116316861011224,9,0.8181818181818182,-13.0,7,6,0,1,0.0,3.890301990447082,0.014013527448319534,0.25295508274231676,0.27312775330396477,0.046255506607929514,0.4020624303232999,0.30519732441471575,0.2222222222222222,4.026,0.3064349163661517
669257,Will Smith,R,LAD,4,Eury Pérez,R,691587,823815,LAD @ MIA,10:40 AM,13/09,Pre-Game,0.5825276639166709,,,,False,0000101110,estimated,0,0,0.0,0,0,0.19543147228840382,0.3645797268749068,0.38140576499658,0.27972585953125056,0.16551318467558343,20,1,0.05327868852459017,1.0,58.4,C,0.2696534234995773,2.21767189295107,0.37455942615538196,0.2575627027959762,20,6,0,0.19672131147540983,0.25,0.5578144853875476,0.3562049978822533,0.08598051673019907,0.22076502732240438,0.23049645390070922,0.17204301075268819,0.22035928143712574,0.20833333333333334,136,0.2727272727272727,95,False,False,0.5897893064304749,-0.007261642513804012,3.1774193548387095,3.725806451612903,62,,,,,,,-0.061860770385958705,20,3.94,1.24,139.1,7,11,150,62,0,0,0,26,SP,26,581,111,22.3,9.69,4.0,7.17,1.1,22.540769063549376,0.014547336083329143,8,0.8888888888888888,11.0,5,6,0,1,0.0,3.272265177085803,0.11958766767568019,0.24173027989821882,0.21397379912663755,0.1091703056768559,0.43107344632768363,0.33518305084745764,0.23766816143497757,4.16,0.3162021099744134
806367,Turner Hill,L,SF,6,Nick Pivetta,R,601713,823171,SD @ SF,4:20 PM,13/09,Scheduled,0.5818766476169112,,,,False,1101001000,estimated,0,0,0.0,0,0,0.17713134636116512,0.2667713905237477,0.34157291096422077,0.2050351445846282,0.20798496364809155,20,1,-0.01470588235294118,0.994,59.0,C,0.2815884476534296,,,,4,6,0,0.25,0.23529411764705882,0.7111913357400722,0.2888086642599278,0.0,0.2280130293159609,0.23636363636363636,0.15476190476190477,0.21863799283154123,0.25,49,0.22580645161290322,37,True,False,0.5814789798243328,0.00039766779257832674,3.0869565217391304,3.739130434782609,23,,,,,,,-0.09183759292457526,20,3.43,0.95,21.0,2,2,26,6,0,0,0,5,SP,5,83,14,16.6,11.14,2.57,6.0,0.0,,0.007763352383088895,5,0.625,18.0,6,6,0,1,0.0,4.036987224448618,0.11926911932017777,0.22972972972972974,0.19101123595505617,0.11235955056179775,0.3087719298245614,0.29743859649122806,0.14705882352941177,3.896,0.28529618718518623
666126,Carlos Cortes,L,ATH,7,Bryce Miller,R,682243,824952,SEA @ ATH,1:05 PM,13/09,Scheduled,0.5813939645971765,,,,False,0111011011,estimated,0,0,0.0,0,0,0.2874073802733861,0.29710340459856077,0.24312014097664514,0.42206368481778883,0.21206837373003667,20,1,-0.02681460933888119,0.977,65.0,B,0.2683982683982684,2.7804788191958822,0.33866549889309544,0.23604895135750978,19,5,0,0.2857142857142857,0.2588996763754045,0.5372208436724566,0.21898263027295287,0.24379652605459057,0.2721563154221912,0.257396449704142,0.2450199203187251,0.26333841463414637,0.2670157068062827,217,0.248,136,False,False,0.5818766476169112,-0.0004826830197346421,2.8468468468468466,3.18018018018018,111,,,,,,,0.10096286706086106,20,4.22,1.14,102.1,4,9,101,29,0,0,0,18,SP,19,415,88,21.8,8.88,2.55,7.74,1.58,21.913854946974226,0.004183813180601237,9,1.0,-18.0,6,6,1,1,0.0,3.3752683156037175,0.03698397894612269,0.24926686217008798,0.1662269129287599,0.07651715039577836,0.36151079136690645,0.29244124700239804,0.25925925925925924,3.76,0.3300781594825775
682987,Spencer Jones,L,NYY,5,Christian Scott,R,681035,823495,NYM @ NYY,10:35 AM,13/09,Pre-Game,0.5809801295240189,-122.0,138.0,55.0,False,1011101111,live,0,0,0.0,0,0,0.39133398547409,0.5601303545832811,0.4827047800598364,0.6668884179530968,0.3596648666530421,20,1,-0.08771929824561403,1.007,68.0,B,0.2804878048780488,2.937714556539428,0.3433662891026025,0.28136531410649956,20,7,0,0.3333333333333333,0.24561403508771928,0.6794231835829173,0.28618968386023297,0.03438713255684969,0.2640562248995984,0.23622047244094488,0.1782477341389728,0.24281842818428184,0.27611940298507465,148,0.24390243902439024,96,True,False,0.5889185674497915,-0.007938437925772646,2.958904109589041,3.3424657534246576,73,,,,,,,0.03782241465247183,20,3.81,1.29,99.1,4,4,120,44,0,0,0,21,SP,21,431,84,20.5,10.87,3.99,7.61,0.91,21.335263660927307,0.011532370475981213,8,0.8888888888888888,6.0,7,6,0,1,0.0,3.770708593728317,0.10073202297305497,0.27350427350427353,0.3445692883895131,0.10112359550561797,0.5545774647887324,0.3773380281690141,0.22916666666666666,4.026,0.34818876088894013
553993,Eugenio Suárez,R,CIN,4,Robert Gasser,L,688107,823734,CIN @ MIL,11:10 AM,13/09,Pre-Game,0.5807400272021043,,,,False,1101101001,live,0,0,0.0,0,0,0.24781232742185527,0.36212934589514445,0.41921057653898025,0.31715102024967434,0.25602103140577215,20,1,0.0018931710615280595,0.97,65.4,B,0.2777053455019557,2.992855932017073,0.3376262546297956,0.22184427869879067,18,6,0,0.21568627450980393,0.21379310344827587,0.6486310299869622,0.25945241199478486,0.09191655801825294,0.21233689205219455,0.21377183967112023,0.20535714285714285,0.21180787191460973,0.2324561403508772,263,0.18902439024390244,188,False,False,0.569928585496741,0.0108114417053633,3.4690265486725664,3.9911504424778763,113,,,,,,,-0.027819213963590106,20,4.43,1.28,91.1,4,5,87,29,0,0,0,17,SP,18,397,88,22.1,8.57,2.86,8.67,1.38,21.916234212787167,-0.027527527202104274,8,1.0,29.0,7,6,1,1,0.0,4.063512357036703,0.19286054118674037,0.21359223300970873,0.3431578947368421,0.11157894736842106,0.35374832663989286,0.3250368139223561,0.2834008097165992,4.16,0.31169287389407785
663586,Austin Riley,R,ATL,7,Andrew Painter,R,691725,824869,PHI @ ATL,10:35 AM,13/09,Pre-Game,0.5804986301098615,-150.0,163.0,60.0,False,1111010111,live,5,0,0.0,1,2026,0.22871139826922146,0.3485731511018045,0.47335085470989674,0.4033428634169247,0.334857473570516,20,1,0.002209595959595967,1.018,61.5,C,0.2740462117141322,2.5084747515153043,0.3560766898093929,0.21023373358833525,20,5,0,0.2222222222222222,0.22443181818181818,0.41375604513702313,0.4121440085975282,0.1740999462654487,0.21086556169429096,0.2060016220600162,0.22988505747126436,0.21236012207527977,0.21453287197231835,321,0.23504273504273504,261,False,True,0.569928585496741,0.0105700446131205,3.557823129251701,3.9591836734693877,147,,,,,,,0.11251773811757657,20,5.71,1.41,110.1,3,9,97,39,0,0,0,20,SP,22,483,117,22.0,7.91,3.18,9.54,1.55,22.499192487458462,0.005761369890138535,5,0.5555555555555556,4.0,7,7,1,1,0.0,3.6789171852459104,0.0645622279525562,0.22565320665083136,0.34334763948497854,0.06652360515021459,0.4553001277139208,0.3382681992337165,0.24022346368715083,3.76,0.30525725804611714
605353,Vimael Machín,L,COL,7,Jackson Jobe,R,695549,824225,COL @ DET,9:10 AM,13/09,In Progress,0.5800159470901267,,,,False,01,live,0,0,0.0,0,0,,,,,,2,3,0.0,1.004,48.4,D,0.22709163346613545,2.190183403343664,0.35737836074951496,0.21497546039351856,6,7,0,,,0.547808764940239,0.3426294820717131,0.10956175298804781,,0.0,,0.18181818181818182,,1,,2,False,False,0.5799975921877568,1.835490236989923e-05,1.5,1.5,2,,,,,,,,2,4.6,1.4,29.1,1,2,28,12,0,0,0,7,SP,7,129,29,18.4,8.59,3.68,8.9,1.84,20.976644678225803,0.005072941798762276,9,0.8181818181818182,-13.0,7,6,0,1,0.0,,,0.22957198443579765,0.1815068493150685,0.10273972602739725,0.39591503267973854,0.28115196078431376,0.2222222222222222,3.76,0.3064349163661517
807726,John Peck,R,DET,9,Gabriel Hughes,R,687312,824225,COL @ DET,9:10 AM,13/09,In Progress,0.5795436076661016,-133.0,150.0,57.0,False,010101101,live,0,0,0.0,0,0,0.22052722208439418,0.30752494540985115,0.42104455487280157,0.28207973795889607,0.22228732313570648,9,1,0.03809523809523807,1.004,63.4,C,0.25510204081632654,2.4379521993102133,0.3006100214032711,0.18888850532837112,12,5,0,0.2,0.23809523809523808,0.6120777891504606,0.27533265097236437,0.11258955987717502,0.21929824561403508,0.20930232558139536,0.07142857142857142,0.18592964824120603,0.15384615384615385,17,0.2777777777777778,21,True,True,0.5521847302571387,0.027358877408962923,3.4444444444444446,4.222222222222222,9,,,,,,,-0.14814941026670142,9,5.81,1.38,57.1,0,7,48,21,1,0,1,11,SP,12,250,58,20.8,7.53,3.3,9.1,0.78,21.03489032161465,-0.008781107666101629,8,0.8,4.0,6,6,0,1,0.0,4.227171240158192,0.12481584611204231,,,,,,0.28,3.443,0.35798123110450797
668930,Brice Turang,L,MIL,3,Chase Burns,R,695505,823734,CIN @ MIL,11:10 AM,13/09,Pre-Game,0.5795304543939408,-156.0,170.0,61.0,False,0010101011,live,5,1,0.2,1,2025,0.33049107885353973,0.3685224792366204,0.29924103475755515,0.3711738527122478,0.23534970281401066,20,1,0.05402554787296379,0.97,78.7,B,0.2980376124284546,3.6392289015934853,0.3846293468800376,0.30891814188396843,20,6,0,0.2236024844720497,0.2776280323450135,0.5605069501226492,0.3875715453802126,0.051921504497138185,0.24351585014409222,0.25912670007158195,0.25849514563106796,0.24925343420266774,0.25513196480938416,385,0.27225130890052357,240,False,False,0.6066575350692756,-0.027127080675334758,3.883211678832117,4.562043795620438,137,,,,,,,-0.009858795152467995,20,2.73,1.14,148.1,15,3,176,51,0,0,0,27,SP,27,602,118,22.3,10.68,3.09,7.16,0.91,21.527707490665158,0.03414097417748774,7,0.875,-7.0,7,6,1,1,0.0,4.414449259335723,0.1677723495390609,0.2579957356076759,0.24770642201834864,0.11743119266055047,0.38922155688622756,0.3550119760479042,0.2316715542521994,4.251,0.392595987413718
683002,Gunnar Henderson,L,BAL,3,Dylan Cease,R,656302,822764,BAL @ TOR,10:37 AM,13/09,Pre-Game,0.5795304543939408,-122.0,133.0,55.0,False,0011101011,live,5,2,0.4,1,2023,0.23832003717772224,0.28128704288057577,0.30272394302020905,0.3258643516394726,0.1754974643839178,20,1,-0.02657303370786518,0.995,91.8,A,0.31414956011730205,3.4511031584171814,0.30374555248690677,0.3391174384004296,20,6,0,0.24157303370786518,0.215,0.44737807114044736,0.43747708104143745,0.11514484781811514,0.2071931196247068,0.22047832585949179,0.2,0.2091963545981773,0.21551724137931033,385,0.23478260869565218,267,False,False,0.6208930151578155,-0.04136256076387468,3.986206896551724,4.496551724137931,145,,,,,,,-0.10610708006776053,20,2.4,1.04,161.1,10,5,227,67,0,0,0,27,SP,27,644,101,23.9,12.66,3.74,5.63,0.61,23.994602569663183,0.038126688463201996,7,0.7777777777777778,19.0,7,6,0,1,0.0,4.158438380598281,0.118053396755724,0.22505307855626328,0.19548872180451127,0.09022556390977443,0.41689373297002724,0.3135149863760218,0.16363636363636364,4.251,0.27396213187468255
641680,Jonah Heim,L,ATH,8,Bryce Miller,R,682243,824952,SEA @ ATH,1:05 PM,13/09,Scheduled,0.5768049641395298,,,,False,1111100011,estimated,10,4,0.4,1,2023,0.16850080578162888,0.28398865823642594,0.23865083899287853,0.2077139412881904,0.17745286593148404,20,1,-0.02888888888888888,0.977,65.0,B,0.2683982683982684,2.7804788191958822,0.33866549889309544,0.23604895135750978,19,5,0,0.2222222222222222,0.19333333333333333,0.5372208436724566,0.21898263027295287,0.24379652605459057,0.18533886583679116,0.18739352640545145,0.20089285714285715,0.18840579710144928,0.20408163265306123,212,0.21641791044776118,148,False,False,0.5758224268032678,0.0009825373362619683,3.4375,3.75,96,,,,,,,-0.10463318273300978,20,4.22,1.14,102.1,4,9,101,29,0,0,0,18,SP,19,415,88,21.8,8.88,2.55,7.74,1.58,21.913854946974226,0.004239480304914722,9,1.0,-18.0,6,6,1,1,0.0,3.836866087280535,0.04072681721400589,0.20151133501259447,0.17954545454545454,0.08181818181818182,0.3239517819706499,0.27428301886792456,0.25925925925925924,3.598,0.3300781594825775
807727,Charles Mcadoo,R,TOR,5,Trevor Rogers,L,669432,822764,BAL @ TOR,10:37 AM,13/09,Pre-Game,0.5763061138392159,-122.0,133.0,55.0,False,1010010110,live,0,0,0.0,0,0,0.27542252880083623,0.27386641632699105,0.19839896185424666,0.4031135258244298,0.2827323907428569,20,2,-0.018012422360248415,0.995,80.2,A,0.2881427964300892,5.621571149880096,0.35919174262717996,0.2504919765237395,20,6,0,0.2391304347826087,0.2571428571428571,0.6530612244897959,0.14243197278911565,0.20450680272108843,0.22631578947368422,0.15079365079365079,0.24444444444444444,0.21833333333333332,0.23076923076923078,58,0.27586206896551724,30,True,False,0.5595526417350398,0.016753472104176104,2.892857142857143,3.142857142857143,28,,,,,,,0.044377254261192274,20,4.15,1.21,151.2,10,9,138,37,0,0,0,27,SP,27,629,147,23.3,8.19,2.2,8.72,0.95,24.066298166245506,-0.005606113839215943,10,1.0,6.0,7,6,0,1,0.0,2.8843972852604556,0.08041711902986708,0.23529411764705882,0.23655913978494625,0.07526881720430108,0.2698412698412698,0.28844444444444445,0.2764423076923077,4.026,0.34609215141385274
696285,Jacob Young,R,WSH,9,Grayson Rodriguez,R,680570,822682,LAA @ WSH,10:35 AM,13/09,Pre-Game,0.576047733572235,-117.0,133.0,54.0,False,1010100101,live,0,0,0.0,0,0,0.21303630788352335,0.22700624987473297,0.11422635831484235,0.26877776660757874,0.2152907780048143,20,1,-0.10042987796082053,1.04,33.2,F,0.2691275167785235,2.0930408889698215,0.4459255297772668,0.2072313484616767,17,6,0,0.31386861313868614,0.2134387351778656,0.5313553607552259,0.21375590020229265,0.25488873904248144,0.25644329896907214,0.22209436133486765,0.23202614379084968,0.24240205053094105,0.2608695652173913,257,0.23125,180,False,False,0.5501889320105228,0.025858801561712275,3.2231404958677685,3.6115702479338845,121,,,,,,,-0.03730399292661676,20,6.28,1.57,81.2,4,7,75,37,0,0,0,17,SP,17,370,91,21.8,8.27,4.08,10.03,1.54,22.1649565190773,-0.008147733572234972,7,0.7777777777777778,-4.0,7,6,0,1,0.0,3.0702576462589186,0.10453073669870012,0.25064599483204136,0.16820276497695852,0.07373271889400922,0.2996284501061571,0.31579193205944794,0.23880597014925373,3.443,0.32135183788347826
669134,Luis Campusano,R,SD,7,Logan Webb,R,657277,823171,SD @ SF,4:20 PM,13/09,Scheduled,0.5753598317488388,,,,False,0010101111,estimated,6,1,0.16666666666666666,1,2024,0.21268316086095762,0.29537465867618534,0.28277348517112494,0.25641759185437923,0.251633295447192,20,1,-0.0027158376214980184,0.994,57.9,C,0.27909995672868887,3.0656359055073503,0.37744576172590527,0.1963445800602229,20,6,0,0.2830188679245283,0.2803030303030303,0.5562770562770563,0.20216450216450216,0.24155844155844156,0.2625,0.234375,0.2765957446808511,0.2574102964118565,0.27450980392156865,120,0.2891566265060241,95,False,False,0.5575568434884239,0.01780298826041482,2.9365079365079363,3.4126984126984126,63,,,,,,,0.056421828794251484,20,4.1,1.15,155.2,8,8,127,40,0,0,0,26,SP,26,644,139,24.8,7.34,2.31,8.04,0.69,23.72669030400984,-0.004889831748838724,10,1.0,-2.0,7,6,0,1,0.0,3.876450155049463,0.095380468765058,0.2433234421364985,0.21502590673575128,0.11398963730569948,0.4002624671916011,0.29062204724409446,0.21777777777777776,3.76,0.3090467211342602
687401,Joey Ortiz,R,MIL,7,Chase Burns,R,695505,823734,CIN @ MIL,11:10 AM,13/09,Pre-Game,0.5752796430502372,-133.0,150.0,57.0,False,1011101111,live,0,0,0.0,0,0,0.31175826058163714,0.3573894934147964,0.42058106485258284,0.39697586341368735,0.21688909647798565,20,2,0.015432551319648102,0.97,78.7,B,0.2980376124284546,3.6392289015934853,0.3846293468800376,0.30891814188396843,20,6,0,0.25161290322580643,0.26704545454545453,0.5605069501226492,0.3875715453802126,0.051921504497138185,0.24285714285714285,0.22553897180762852,0.23580786026200873,0.2382121807465619,0.24404761904761904,185,0.27607361963190186,187,False,False,0.5963477367444218,-0.02106809369418461,3.064814814814815,3.4444444444444446,108,,,,,,,0.23297945821930882,20,2.73,1.14,148.1,15,3,176,51,0,0,0,27,SP,27,602,118,22.3,10.68,3.09,7.16,0.91,21.527707490665158,0.01683464266404855,7,0.875,-7.0,7,6,1,1,0.0,3.7583356068232665,0.035242766081497394,0.25977653631284914,0.18271604938271604,0.08888888888888889,0.36208920187793425,0.2959471830985916,0.18932038834951456,3.76,0.392595987413718
642201,Eli White,R,BOS,9,Noah Cameron,L,702070,824708,KC @ BOS,12:05 PM,13/09,Pre-Game,0.5752796430502372,,,,False,0011111110,estimated,0,0,0.0,0,0,0.313160690165174,0.3321184280383377,0.29511271869561456,0.38085942014449276,0.23077353674564094,20,5,-0.07460545193687232,1.063,74.7,B,0.27839388145315486,2.8319754145419473,0.34873157995960075,0.2224982493494865,20,6,0,0.21951219512195122,0.29411764705882354,0.4992343032159265,0.29211332312404287,0.20865237366003062,0.25416666666666665,0.23076923076923078,0.2052401746724891,0.2399403874813711,0.2549019607843137,108,0.23595505617977527,96,False,False,0.5411173110695308,0.034162331980706395,2.3875,2.55,80,,,,,,,0.13910959203390957,20,3.93,1.2,160.1,9,8,145,51,0,0,0,27,SP,28,669,142,23.9,8.14,2.86,7.97,0.9,24.194960203326175,0.01522035694976287,10,1.0,36.0,6,6,0,1,0.0,3.0992801309435376,0.017739565167368174,0.24567474048442905,0.24758842443729903,0.05144694533762058,0.3529874213836478,0.3015165094339623,0.22077922077922077,3.443,0.3260676540604361
694203,Denzer Guzman,R,LAA,6,Riley Cornelio,R,683000,822682,LAA @ WSH,10:35 AM,13/09,Pre-Game,0.5728017800516659,-144.0,150.0,59.0,False,0101001101,live,0,0,0.0,0,0,0.1788036354017747,0.3429338478422003,0.35794073394073256,0.26499776971494565,0.26853704577496657,20,1,0.017006802721088454,1.04,47.7,D,0.2837022132796781,1.7970159068654858,0.4810276774779669,0.2879103661832294,13,5,0,0.21428571428571427,0.23129251700680273,0.5010141987829615,0.49898580121703856,0.0,0.22366992399565688,0.1553030303030303,0.22274881516587677,0.20503597122302158,0.2391304347826087,147,0.20430107526881722,102,False,True,0.5619168441516663,0.010884935899999615,3.5,3.772727272727273,66,,,,,,,-0.11596017782925748,20,5.26,1.6,25.2,2,2,27,21,0,1,1,1,RP,13,116,20,8.9,9.47,7.36,7.01,0.7,8.654013189164415,0.02052321994833406,8,0.8888888888888888,-13.0,7,6,0,1,0.0,3.2873365839302067,0.04497405204674837,0.21908127208480566,0.2913907284768212,0.046357615894039736,0.3564102564102564,0.3107333333333333,0.2708333333333333,3.896,0.3139532869085001
679822,Justin Foscue,R,TEX,7,Eduardo Rodríguez,L,593958,825033,TEX @ AZ,1:10 PM,13/09,Scheduled,0.5720839335358091,,,,False,0111111100,estimated,0,0,0.0,0,0,0.3402506145593308,0.39510654776721527,0.4679071924890913,0.525125228563321,0.30819633007635105,20,1,0.2175757575757576,1.0,67.2,B,0.2581110310021629,2.4897611641038484,0.2812075391091143,0.19154760005812446,20,7,0,0.32666666666666666,0.10909090909090909,0.6111111111111112,0.11976911976911978,0.2691197691197691,0.24769585253456222,0.2803532008830022,0.3137254901960784,0.2662295081967213,0.26851851851851855,119,0.26804123711340205,107,False,False,0.5371819635755181,0.034901969960291046,2.3295454545454546,2.5681818181818183,88,,,,,,,0.15689624167042956,20,2.55,1.2,173.0,15,5,128,57,0,0,0,29,SP,29,710,151,24.5,6.66,2.97,7.86,0.78,24.59982426868385,-0.027133933535809174,8,1.0,36.0,7,6,0,1,0.0,2.793298992134757,0.04371897473232917,0.2198581560283688,0.2750809061488673,0.061488673139158574,0.3629441624365482,0.2859492385786802,0.2229580573951435,3.76,0.2917964876551323
669003,Garrett Mitchell,L,MIL,1,Chase Burns,R,695505,823734,CIN @ MIL,11:10 AM,13/09,Pre-Game,0.5717129689396062,-150.0,170.0,60.0,False,1110110011,live,0,0,0.0,0,0,0.37639211398850997,0.5484690962384946,0.6721171617071403,0.484950561257863,0.24362698153659973,20,1,0.020091256991463025,0.97,78.7,B,0.2980376124284546,3.6392289015934853,0.3846293468800376,0.30891814188396843,20,6,0,0.25316455696202533,0.27325581395348836,0.5605069501226492,0.3875715453802126,0.051921504497138185,0.2614155251141553,0.2889963724304716,0.21804511278195488,0.26231605886116444,0.2754237288135593,265,0.2620320855614973,219,False,False,0.6016004915993904,-0.029887522659784227,3.2290076335877864,3.6946564885496183,131,,,,,,,0.15796597624643616,20,2.73,1.14,148.1,15,3,176,51,0,0,0,27,SP,27,602,118,22.3,10.68,3.09,7.16,0.91,21.527707490665158,0.03885845963182233,7,0.875,-7.0,7,6,1,1,0.0,3.6484683645859737,0.05826252855781911,0.26785714285714285,0.30201342281879195,0.10067114093959731,0.5272373540856031,0.4137198443579767,0.2316715542521994,4.443,0.392595987413718
682663,Agustín Ramírez,R,MIA,5,Emmet Sheehan,R,686218,823815,LAD @ MIA,10:40 AM,13/09,Pre-Game,0.5713737178874321,,,,False,0110100010,estimated,0,0,0.0,0,0,0.15131290507125827,0.33692411016808665,0.42615766120451937,0.22630092722547257,0.24892259595828586,20,1,0.03014842300556586,1.0,72.0,B,0.29955207166853304,3.7887714165515654,0.404395060493802,0.27761730753234765,20,6,0,0.20454545454545456,0.23469387755102042,0.42696629213483145,0.4117977528089888,0.16123595505617977,0.2204433497536946,0.2517814726840855,0.23478260869565218,0.23171565276828435,0.2222222222222222,126,0.21794871794871795,87,False,False,0.5754269466324801,-0.004053228745047988,3.152542372881356,3.610169491525424,59,,,,,,,-0.1311614627736981,20,5.08,1.26,101.0,5,8,118,31,0,0,0,21,SP,21,433,96,20.6,10.51,2.76,8.55,1.87,20.482361274884852,0.007188782112567904,8,1.0,3.0,5,6,0,1,0.0,3.081348737269197,0.1523592058262595,0.2158273381294964,0.21141649048625794,0.08456659619450317,0.42113564668769715,0.29360173501577286,0.2254335260115607,4.026,0.34190294853066916
641487,J. P. Crawford,L,SEA,6,Jacob Lopez,L,682052,824952,SEA @ ATH,1:05 PM,13/09,Scheduled,0.5713737178874321,,,,False,1111100011,estimated,0,0,0.0,0,0,0.26924390450993824,0.2619818183090429,0.2570671628291213,0.31270930537994923,0.16317161325152787,20,1,0.037072243346007616,0.977,76.6,B,0.27455919395465994,2.702336869434928,0.3122221168653704,0.23515856575631802,20,6,0,0.25,0.21292775665399238,0.5756048387096774,0.34173387096774194,0.08266129032258064,0.21741269060501722,0.22113022113022113,0.2525,0.22276923076923077,0.23076923076923078,263,0.2112676056338028,172,False,False,0.5808951142968626,-0.009521396409430505,3.5242718446601944,4.223300970873787,103,,,,,,,0.01687273108234618,20,4.78,1.45,111.0,6,4,104,53,0,0,0,21,SP,24,492,108,20.5,8.43,4.3,8.76,1.54,21.0788589079087,0.02455961544590113,9,0.8181818181818182,-9.0,5,6,1,1,0.0,4.356977458753798,0.11889724559069269,0.22062350119904076,0.19438877755511022,0.13226452905811623,0.33489583333333334,0.3153625,0.21428571428571427,3.896,0.3490484517435875
695681,Christian Moore,R,LAA,9,Riley Cornelio,R,683000,822682,LAA @ WSH,10:35 AM,13/09,Pre-Game,0.57039118055117,-117.0,122.0,54.0,False,1000111010,live,0,0,0.0,0,0,0.17881582316925182,0.2784749817144783,0.42721582073468195,0.26752501959562197,0.261789960739491,20,1,0.15047021943573669,1.04,47.7,D,0.2837022132796781,1.7970159068654858,0.4810276774779669,0.2879103661832294,13,5,0,0.09090909090909091,0.2413793103448276,0.5010141987829615,0.49898580121703856,0.0,0.16417910447761194,0.1674641148325359,0.234375,0.17185185185185184,0.18,57,0.1951219512195122,43,False,True,0.5582006733555974,0.012190507195572575,3.64,4.0,25,,,,,,,-0.028482558399296264,20,5.26,1.6,25.2,2,2,27,21,0,1,1,1,RP,13,116,20,8.9,9.47,7.36,7.01,0.7,8.654013189164415,0.012933819448829986,8,0.8888888888888888,-13.0,7,6,0,1,0.0,4.042358002902577,0.0731558012692587,0.19011406844106463,0.3254237288135593,0.08813559322033898,0.3792415169660679,0.3053453093812375,0.2708333333333333,3.443,0.3139532869085001
691777,Max Muncy,R,ATH,5,Bryce Miller,R,682243,824952,SEA @ ATH,1:05 PM,13/09,Scheduled,0.569928585496741,,,,False,0011101111,estimated,0,0,0.0,0,0,0.39638259221995004,0.3685780971570782,0.49658306080735154,0.5202257724911965,0.2223831677316453,20,1,0.06756035747632388,0.977,65.0,B,0.2683982683982684,2.7804788191958822,0.33866549889309544,0.23604895135750978,19,5,0,0.19387755102040816,0.26143790849673204,0.5372208436724566,0.21898263027295287,0.24379652605459057,0.2425249169435216,0.19464285714285715,0.1688888888888889,0.21605667060212513,0.22627737226277372,153,0.24561403508771928,127,False,False,0.5795647579943335,-0.009636172497592521,3.1772151898734178,3.5443037974683542,79,,,,,,,0.11880105800356905,20,4.22,1.14,102.1,4,9,101,29,0,0,0,18,SP,19,415,88,21.8,8.88,2.55,7.74,1.58,21.913854946974226,0.017571414503258942,9,1.0,-18.0,6,6,1,1,0.0,3.482539567764493,0.06785583223155703,0.23237597911227154,0.3160377358490566,0.06839622641509434,0.40829986613119146,0.31208032128514057,0.19161676646706588,4.026,0.3300781594825775
668709,Jj Bleday,L,CIN,6,Robert Gasser,L,688107,823734,CIN @ MIL,11:10 AM,13/09,Pre-Game,0.569928585496741,-113.0,117.0,53.0,False,1101000001,live,0,0,0.0,0,0,0.14663972096960015,0.29376755116110614,0.3812909012333854,0.19416047895462085,0.30150295948412686,20,1,-0.0060493827160493785,0.97,65.4,B,0.2777053455019557,2.992855932017073,0.3376262546297956,0.22184427869879067,18,6,0,0.21,0.21604938271604937,0.6486310299869622,0.25945241199478486,0.09191655801825294,0.20606435643564355,0.20483193277310924,0.22291407222914073,0.21029281277728482,0.21825396825396826,298,0.20930232558139536,200,False,False,0.5713737178874321,-0.0014451323906911062,3.533333333333333,4.15,120,,,,,,,-0.12051038686998325,20,4.43,1.28,91.1,4,5,87,29,0,0,0,17,SP,18,397,88,22.1,8.57,2.86,8.67,1.38,21.916234212787167,-0.004028585496741011,8,1.0,29.0,7,6,1,1,0.0,4.04074523506573,0.09509556011632103,0.21462264150943397,0.22289156626506024,0.13253012048192772,0.3996272630457934,0.32400532481363153,0.1651376146788991,3.896,0.31169287389407785
641343,Jake Bauers,L,MIL,5,Chase Burns,R,695505,823734,CIN @ MIL,11:10 AM,13/09,Pre-Game,0.569928585496741,-113.0,133.0,53.0,False,0001010011,live,5,2,0.4,1,2026,0.23890687426938778,0.40539969966683403,0.45899149998920225,0.3393463774598727,0.26437348857469384,20,1,-0.06546162053599447,0.97,78.7,B,0.2980376124284546,3.6392289015934853,0.3846293468800376,0.30891814188396843,20,6,0,0.3191489361702128,0.2536873156342183,0.5605069501226492,0.3875715453802126,0.051921504497138185,0.2599337748344371,0.27586206896551724,0.24878048780487805,0.26143790849673204,0.2834008097165992,299,0.24731182795698925,228,False,False,0.5801874375332751,-0.010258852036534094,3.2803030303030303,3.992424242424242,132,,,,,,,-0.16352126516539972,20,2.73,1.14,148.1,15,3,176,51,0,0,0,27,SP,27,602,118,22.3,10.68,3.09,7.16,0.91,21.527707490665158,0.00951427164611618,7,0.875,-7.0,7,6,1,1,0.0,3.932345516046226,0.35436285925434985,0.27525252525252525,0.2613168724279835,0.1646090534979424,0.5353159851301115,0.3821765799256505,0.2316715542521994,4.026,0.392595987413718
805805,Walker Jenkins,L,MIN,8,Tanner Bibee,R,676440,823658,CLE @ MIN,11:10 AM,13/09,Pre-Game,0.569928585496741,-117.0,127.0,54.0,False,0100001000,live,0,0,0.0,0,0,0.09222606465414203,0.2564384884996879,0.3162086183835645,0.11511802359183278,0.3016657543103243,12,2,0.12903225806451613,1.022,63.7,C,0.2786948176583493,2.362806692083122,0.356112407691476,0.17622693497909078,20,5,0,0.0,0.12903225806451613,0.6871401151631478,0.1654510556621881,0.1474088291746641,0.08181818181818182,0.1044776119402985,0.14583333333333334,0.11403508771929824,0.16666666666666666,20,0.05263157894736842,25,True,False,0.5225779247807333,0.047350660716007686,3.0833333333333335,3.75,12,,,,,,,-0.24504488465123955,12,4.22,1.2,170.2,5,15,133,52,0,0,0,30,SP,30,704,152,23.5,7.01,2.74,8.02,1.42,24.06758895916474,-0.04407144263959806,7,0.875,16.0,7,6,0,1,0.0,3.7232459932226263,0.11872252384834792,,,,,,0.23184357541899442,3.598,0.33813762959331867
683011,Anthony Volpe,R,NYY,6,Christian Scott,R,681035,823495,NYM @ NYY,10:35 AM,13/09,Pre-Game,0.5692847556295675,-108.0,122.0,52.0,False,1110000110,live,0,0,0.0,0,0,0.24166602356718392,0.2537830240524508,0.3705671130022136,0.3042578962851753,0.18432588867984673,20,1,0.010768300060496089,1.007,68.0,B,0.2804878048780488,2.937714556539428,0.3433662891026025,0.28136531410649956,20,7,0,0.24210526315789474,0.25287356321839083,0.6794231835829173,0.28618968386023297,0.03438713255684969,0.21016483516483517,0.22841225626740946,0.27702702702702703,0.22320709105560033,0.23711340206185566,104,0.25882352941176473,101,False,False,0.569928585496741,-0.0006438298671734843,3.1379310344827585,3.5344827586206895,58,,,,,,,-0.016217796135901533,20,3.81,1.29,99.1,4,4,120,44,0,0,0,21,SP,21,431,84,20.5,10.87,3.99,7.61,0.91,21.335263660927307,-8.475562956744565e-05,8,0.8888888888888888,6.0,7,6,0,1,0.0,3.2131567004895816,0.045741820067133544,0.22413793103448276,0.2708803611738149,0.06997742663656885,0.3921911421911422,0.3187051282051282,0.2116788321167883,3.896,0.34818876088894013
691026,Masyn Winn,R,STL,9,David Sandlin,R,689818,823008,CWS @ STL,11:15 AM,13/09,Pre-Game,0.5678025422527972,,,,False,0011100001,live,0,0,0.0,0,0,0.19631784974041633,0.31385669035267316,0.4091327205167712,0.34710753794359966,0.35315571034252524,20,1,-0.05685835200398309,1.031,60.7,C,0.2665036674816626,2.034789487931383,0.3059458463130273,0.23674250500996058,5,37,0,0.27692307692307694,0.22006472491909385,0.6234718826405868,0.3105134474327628,0.06601466992665037,0.22690870261612386,0.24498416050686378,0.27607361963190186,0.23624288425047438,0.2384937238493724,268,0.235,229,False,True,0.5521847302571387,0.015617811995658593,3.598360655737705,4.073770491803279,122,,,,,,,-0.160417972231966,20,6.93,1.38,24.2,2,1,24,12,0,0,0,3,SP,5,106,22,21.2,8.76,4.38,8.03,2.19,21.395212297089508,0.01446412441386935,6,0.6666666666666666,3.0,7,6,1,1,0.0,3.8453868478027635,0.0466681678624811,0.2372093023255814,0.2151639344262295,0.09016393442622951,0.36143589743589744,0.32600615384615383,0.11428571428571428,3.443,0.3292228179720912
699302,Héctor Rodríguez,L,CIN,9,Robert Gasser,L,688107,823734,CIN @ MIL,11:10 AM,13/09,Pre-Game,0.5671229065437284,,,,False,1101110001,live,0,0,0.0,0,0,0.26160964453909263,0.32074841379631647,0.3446487091086256,0.3932775885702676,0.2805447168784918,20,1,0.0826923076923077,0.97,65.4,B,0.2777053455019557,2.992855932017073,0.3376262546297956,0.22184427869879067,18,6,0,0.3076923076923077,0.225,0.6486310299869622,0.25945241199478486,0.09191655801825294,0.24585635359116023,0.1941747572815534,0.17424242424242425,0.21714285714285714,0.22807017543859648,62,0.2653061224489796,52,True,False,0.5764454013648135,-0.009322494821085048,3.533333333333333,3.8,30,,,,,,,0.024343409490999324,20,4.43,1.28,91.1,4,5,87,29,0,0,0,17,SP,18,397,88,22.1,8.57,2.86,8.67,1.38,21.916234212787167,0.004527093456271669,8,1.0,29.0,7,6,1,1,0.0,4.137977197861322,0.035624352375441225,0.25225225225225223,0.2689075630252101,0.058823529411764705,0.35443037974683544,0.28546835443037977,0.1651376146788991,3.443,0.31169287389407785
500743,Miguel Rojas,R,LAD,8,Eury Pérez,R,691587,823815,LAD @ MIA,10:40 AM,13/09,Pre-Game,0.565919301256954,,,,False,0110000110,estimated,0,0,0.0,0,0,0.2445460737900737,0.2160791504631979,0.2014862674884956,0.25371321906421046,0.08795756433387884,20,2,-0.10195005131713991,1.0,58.4,C,0.2696534234995773,2.21767189295107,0.37455942615538196,0.2575627027959762,20,6,0,0.2911392405063291,0.1891891891891892,0.5578144853875476,0.3562049978822533,0.08598051673019907,0.24659606656580937,0.24929178470254956,0.29767441860465116,0.2552674230145867,0.2857142857142857,116,0.25555555555555554,103,False,False,0.569487037305816,-0.003567736048861958,2.191011235955056,2.460674157303371,89,,,,,,,-0.06283055935141833,20,3.94,1.24,139.1,7,11,150,62,0,0,0,26,SP,26,581,111,22.3,9.69,4.0,7.17,1.1,22.540769063549376,0.006855698743045924,8,0.8888888888888888,11.0,5,6,0,1,0.0,2.0415309503453205,0.029374771127562132,0.27986348122866894,0.11692307692307692,0.055384615384615386,0.361437908496732,0.2954470588235294,0.23766816143497757,3.598,0.3162021099744134
805999,A. J. Ewing,L,NYM,6,Cam Schlittler,R,693645,823495,NYM @ NYY,10:35 AM,13/09,Pre-Game,0.565919301256954,-127.0,138.0,56.0,False,1011111110,live,0,0,0.0,0,0,0.3171844738580892,0.39092269622814524,0.40221802079389335,0.3628419166914234,0.18887483366445704,20,1,-0.027098997493734372,1.007,72.2,B,0.299784327821711,4.568983935266061,0.4042034146864316,0.331556639137189,20,5,0,0.27380952380952384,0.24671052631578946,0.8941684665226782,0.10583153347732181,0.0,0.21863117870722434,0.22668240850059032,0.24680073126142596,0.22621848739495798,0.2681818181818182,241,0.23214285714285715,198,True,False,0.6208930151578155,-0.054973713900861476,3.660377358490566,4.1415094339622645,106,,,,,,,0.22682436901669129,20,2.01,0.92,178.2,13,6,220,42,0,0,0,30,SP,30,701,122,23.4,11.08,2.12,6.15,0.81,23.774646964586804,0.05368069874304604,6,0.75,10.0,7,6,0,1,0.0,4.262162247034147,0.08202916947076293,0.2519280205655527,0.2545454545454545,0.09090909090909091,0.42839951865222625,0.3692888086642599,0.1953125,3.896,0.29071860014520834
694376,Shay Whitcomb,R,SF,7,Nick Pivetta,R,601713,823171,SD @ SF,4:20 PM,13/09,Scheduled,0.5654059708202978,,,,False,0110111101,estimated,0,0,0.0,0,0,0.1739435959617392,0.2601405315889271,0.3194934845116669,0.2066416259501104,0.1697382966074722,20,1,0.04292929292929293,0.994,59.0,C,0.2815884476534296,,,,4,6,0,0.1388888888888889,0.18181818181818182,0.7111913357400722,0.2888086642599278,0.0,0.12698412698412698,0.10778443113772455,0.18518518518518517,0.12869198312236288,0.12195121951219512,43,0.20512820512820512,42,False,False,0.5609343068154042,0.004471664004893516,2.5,2.65625,32,,,,,,,-0.11047896824055864,20,3.43,0.95,21.0,2,2,26,6,0,0,0,5,SP,5,83,14,16.6,11.14,2.57,6.0,0.0,,-0.010165970820297798,5,0.625,18.0,6,6,0,1,0.0,3.4837436229571916,0.05914287273636648,0.1945945945945946,0.25888324873096447,0.050761421319796954,0.32649253731343286,0.24449253731343285,0.07407407407407407,3.76,0.28529618718518623
806198,Cooper Pratt,R,MIL,9,Chase Burns,R,695505,823734,CIN @ MIL,11:10 AM,13/09,Pre-Game,0.5648389909059173,-122.0,138.0,55.0,False,1111010011,live,0,0,0.0,0,0,0.25681987788515365,0.30670900316433214,0.19122678280679808,0.3138219591076481,0.1420466832668909,20,1,0.026334776334776322,0.97,78.7,B,0.2980376124284546,3.6392289015934853,0.3846293468800376,0.30891814188396843,20,6,0,0.25396825396825395,0.2803030303030303,0.5605069501226492,0.3875715453802126,0.051921504497138185,0.29172714078374457,0.28065395095367845,0.25735294117647056,0.2834448160535117,0.31,117,0.23157894736842105,112,True,False,0.5854705640377479,-0.020631573131830616,3.19672131147541,3.7540983606557377,61,,,,,,,0.0583424248875051,20,2.73,1.14,148.1,15,3,176,51,0,0,0,27,SP,27,602,118,22.3,10.68,3.09,7.16,0.91,21.527707490665158,0.015389580522654156,7,0.875,-7.0,7,6,1,1,0.0,4.009163960004992,0.050952697064469005,0.28095238095238095,0.1814516129032258,0.10483870967741936,0.28585858585858587,0.3120878787878788,0.18932038834951456,3.443,0.392595987413718
669707,Jared Triolo,R,PIT,8,Matt Boyd,L,571510,824628,PIT @ CHC,11:20 AM,13/09,Pre-Game,0.5636058704800878,,,,False,1110011100,live,11,3,0.2727272727272727,1,2024,0.28480897184331294,0.23676975868846806,0.22785053516952605,0.30949013542213516,0.08320032950136427,20,1,0.08715152581127428,0.983,58.4,C,0.2711246200607903,2.358318476288104,0.37661488792862413,0.17772179246213363,18,6,0,0.291970802919708,0.20481927710843373,0.4419452887537994,0.2844984802431611,0.2735562310030395,0.22771403353927624,0.24778761061946902,0.3204633204633205,0.24617737003058104,0.2647058823529412,189,0.21804511278195488,152,False,False,0.5286921085063326,0.034913761973755175,3.0,3.376237623762376,101,,,,,,,0.07527399156286166,20,4.03,1.22,109.1,8,4,86,33,0,0,0,19,SP,19,450,100,23.7,7.08,2.72,8.23,1.23,24.513593267486232,-0.018472537146754453,6,1.0,39.0,7,6,0,1,0.0,3.0357853845952394,0.054702543490750204,0.23607427055702918,0.20763723150357996,0.07637231503579953,0.35517241379310344,0.29793103448275865,0.2508591065292096,3.598,0.32003910438039773
691723,Coby Mayo,R,BAL,4,Dylan Cease,R,656302,822764,BAL @ TOR,10:37 AM,13/09,Pre-Game,0.5613303007993072,104.0,104.0,49.0,False,1110110111,live,0,0,0.0,0,0,0.2650260798716278,0.3670658477184176,0.41073149798413583,0.36854337265483833,0.19769015607271245,20,1,-0.09334933367018255,0.995,91.8,A,0.31414956011730205,3.4511031584171814,0.30374555248690677,0.3391174384004296,20,6,0,0.28169014084507044,0.18834080717488788,0.44737807114044736,0.43747708104143745,0.11514484781811514,0.2170846394984326,0.21260583254938853,0.2793733681462141,0.22409992652461425,0.22926829268292684,227,0.21875,172,False,False,0.6125034275767437,-0.05117312677743646,3.2017543859649122,3.5,114,,,,,,,0.10230157666094031,20,2.4,1.04,161.1,10,5,227,67,0,0,0,27,SP,27,644,101,23.9,12.66,3.74,5.63,0.61,23.994602569663183,0.05336969920069279,7,0.7777777777777778,19.0,7,6,0,1,0.0,3.808601896879228,0.11791723661246595,0.21957671957671956,0.3076923076923077,0.07692307692307693,0.48,0.33872399999999997,0.19583333333333333,4.16,0.27396213187468255
687637,Dylan Beavers,L,BAL,1,Dylan Cease,R,656302,822764,BAL @ TOR,10:37 AM,13/09,Pre-Game,0.5613303007993072,-117.0,122.0,54.0,False,1101010110,live,0,0,0.0,0,0,0.217943572982858,0.29154204016306917,0.3011298513710874,0.32012066875653206,0.2787963776759171,20,1,-0.037766830870279156,0.995,91.8,A,0.31414956011730205,3.4511031584171814,0.30374555248690677,0.3391174384004296,20,6,0,0.27586206896551724,0.23809523809523808,0.44737807114044736,0.43747708104143745,0.11514484781811514,0.22003577817531306,0.20588235294117646,0.20113314447592068,0.21256495040151158,0.21739130434782608,176,0.275,138,False,False,0.5971488743538365,-0.03581857355452922,3.087912087912088,3.4505494505494507,91,,,,,,,-0.03966072402096493,20,2.4,1.04,161.1,10,5,227,67,0,0,0,27,SP,27,644,101,23.9,12.66,3.74,5.63,0.61,23.994602569663183,0.041155413486406944,7,0.7777777777777778,19.0,7,6,0,1,0.0,3.8836678610189024,0.04217889787889593,0.22911051212938005,0.25882352941176473,0.11058823529411765,0.3550446998722861,0.31571519795657726,0.16363636363636364,4.443,0.27396213187468255
682877,Juan Brito,L,CIN,7,Robert Gasser,L,688107,823734,CIN @ MIL,11:10 AM,13/09,Pre-Game,0.5598851684086162,104.0,108.0,49.0,False,0011010101,live,0,0,0.0,0,0,0.22022624014484496,0.3191343754612028,0.36301601479948553,0.30491560941664525,0.30676066106136257,20,1,0.24166666666666664,0.97,65.4,B,0.2777053455019557,2.992855932017073,0.3376262546297956,0.22184427869879067,18,6,0,0.36666666666666664,0.125,0.6486310299869622,0.25945241199478486,0.09191655801825294,0.19924812030075187,0.23008849557522124,0.24528301886792453,0.21649484536082475,0.225,42,0.23333333333333334,36,True,False,0.5713737178874321,-0.011488549478815835,3.3333333333333335,3.7142857142857144,21,,,,,,,0.06908014333538454,20,4.43,1.28,91.1,4,5,87,29,0,0,0,17,SP,18,397,88,22.1,8.57,2.86,8.67,1.38,21.916234212787167,0.002552331591383794,8,1.0,29.0,7,6,1,1,0.0,3.7080396015128563,0.06953493580536659,0.2441860465116279,0.2553191489361702,0.06382978723404255,0.3064516129032258,0.2665967741935484,0.1651376146788991,3.76,0.31169287389407785
686668,Brenton Doyle,R,CWS,9,Michael Mcgreevy,R,700241,823008,CWS @ STL,11:15 AM,13/09,Pre-Game,0.5582006733555974,-108.0,122.0,52.0,False,0011000001,live,5,2,0.4,1,2024,0.1449487487423311,0.3431280116337582,0.25016926376434284,0.3109142529912181,0.5354185937564352,20,2,-0.03564727954971858,1.031,36.9,D,0.2551916932907348,2.2449544727348423,0.4285873022709423,0.16548726120828416,20,6,0,0.23076923076923078,0.1951219512195122,0.5259584664536742,0.27675718849840253,0.19728434504792333,0.20598591549295775,0.1464968152866242,0.20606060606060606,0.1903409090909091,0.21686746987951808,92,0.2111111111111111,94,False,False,0.49567725439201954,0.06252341896357788,2.7903225806451615,3.0,62,,,,,,,-0.14303126473141606,20,3.92,1.25,154.0,6,9,106,42,0,0,0,28,SP,28,635,151,22.7,6.19,2.45,8.82,1.17,23.473172244394124,-0.01748067335559733,5,0.5555555555555556,12.0,7,6,1,1,0.0,2.45064652595412,0.0,0.24396782841823056,0.2781954887218045,0.05513784461152882,0.380089058524173,0.2871908396946565,0.25112107623318386,3.443,0.3636834754200932
691002,Yohandy Morales,R,WSH,5,Grayson Rodriguez,R,680570,822682,LAA @ WSH,10:35 AM,13/09,Pre-Game,0.5576660328079627,-170.0,194.0,63.0,False,11100100,live,0,0,0.0,0,0,0.18131112396628304,0.396138513490403,0.7533161508061942,0.4573711229293085,0.44329069484581773,8,2,0.20833333333333331,1.04,33.2,F,0.2691275167785235,2.0930408889698215,0.4459255297772668,0.2072313484616767,17,6,0,0.125,0.3333333333333333,0.5313553607552259,0.21375590020229265,0.25488873904248144,0.3684210526315789,0.32608695652173914,0.4166666666666667,0.36220472440944884,0.3,10,0.23076923076923078,13,True,False,0.5416990769413373,0.015966955866625332,2.875,2.875,8,,,,,,,-0.0003297721019873162,8,6.28,1.57,81.2,4,7,75,37,0,0,0,17,SP,17,370,91,21.8,8.27,4.08,10.03,1.54,22.1649565190773,-0.023523175665105533,7,0.7777777777777778,-4.0,7,6,0,1,0.0,2.883623504908009,0.0,,,,,,0.23880597014925373,4.026,0.32135183788347826
679529,Spencer Torkelson,R,DET,7,Gabriel Hughes,R,687312,824225,COL @ DET,9:10 AM,13/09,In Progress,0.5575568434884239,-144.0,156.0,59.0,False,1111000101,live,0,0,0.0,0,0,0.20364141254576082,0.26711434665986067,0.43403843916553453,0.2771553738393097,0.3201453380649564,20,1,-0.03785267831064898,1.004,63.4,C,0.25510204081632654,2.4379521993102133,0.3006100214032711,0.18888850532837112,12,5,0,0.24528301886792453,0.20743034055727555,0.6120777891504606,0.27533265097236437,0.11258955987717502,0.2027168234064786,0.19900497512437812,0.199203187250996,0.20099255583126552,0.18548387096774194,285,0.2564102564102564,268,False,True,0.5144446271756188,0.04311221631280515,3.3472222222222223,3.8402777777777777,144,,,,,,,-0.11819739353644156,20,5.81,1.38,57.1,0,7,48,21,1,0,1,11,SP,12,250,58,20.8,7.53,3.3,9.1,0.78,21.03489032161465,-0.00895684348842396,8,0.8,4.0,6,6,0,1,0.0,3.2484186517947995,0.10364561542851804,0.22549019607843138,0.3146551724137931,0.09698275862068965,0.40477099236641223,0.32760496183206106,0.28,3.76,0.35798123110450797
663728,Cal Raleigh,L,SEA,4,Jacob Lopez,L,682052,824952,SEA @ ATH,1:05 PM,13/09,Scheduled,0.5558087745575542,-150.0,163.0,60.0,False,1111110100,estimated,5,4,0.8,1,2025,0.27413752048743656,0.3951830522857247,0.44392322301840903,0.46204706724863975,0.2668405302374773,20,1,-0.03490843688685416,0.977,76.6,B,0.27455919395465994,2.702336869434928,0.3122221168653704,0.23515856575631802,20,6,0,0.15827338129496402,0.19318181818181818,0.5756048387096774,0.34173387096774194,0.08266129032258064,0.17233927606699082,0.19011815252416756,0.17691154422788605,0.17802261525079732,0.2032520325203252,284,0.1464968152866242,190,False,False,0.5598851684086162,-0.004076393851062066,3.566371681415929,4.1946902654867255,113,,,,,,,0.12918464925210255,20,4.78,1.45,111.0,6,4,104,53,0,0,0,21,SP,24,492,108,20.5,8.43,4.3,8.76,1.54,21.0788589079087,0.022724558775779058,9,0.8181818181818182,-9.0,5,6,1,1,0.0,4.3696596837512995,0.15293274254325326,0.1822429906542056,0.31274900398406374,0.1294820717131474,0.3942189421894219,0.2858782287822878,0.21428571428571427,4.16,0.3490484517435875
683227,Cody Freeman,R,TEX,8,Eduardo Rodríguez,L,593958,825033,TEX @ AZ,1:10 PM,13/09,Scheduled,0.5545932921415441,,,,False,1110000010,estimated,0,0,0.0,0,0,0.17839141258567134,0.24244276469490764,0.2570902057451245,0.22183060536013768,0.16497333570523456,20,3,0.09340659340659338,1.0,67.2,B,0.2581110310021629,2.4897611641038484,0.2812075391091143,0.19154760005812446,20,7,0,0.2857142857142857,0.19230769230769232,0.6111111111111112,0.11976911976911978,0.2691197691197691,0.2830687830687831,0.336283185840708,0.2777777777777778,0.2935606060606061,0.34146341463414637,47,0.17073170731707318,46,False,False,0.5371819635755181,0.017411328566026008,2.6451612903225805,3.0,31,,,,,,,-0.039252789250140634,20,2.55,1.2,173.0,15,5,128,57,0,0,0,29,SP,29,710,151,24.5,6.66,2.97,7.86,0.78,24.59982426868385,-0.023030792141544132,8,1.0,36.0,7,6,0,1,0.0,2.9091722187988647,0.05436169367945362,0.23737373737373738,0.1527777777777778,0.05555555555555555,0.2550505050505051,0.26267171717171717,0.2229580573951435,3.598,0.2917964876551323
680700,Richie Palacios,L,TB,7,Hayden Wesneski,R,669713,822928,HOU @ TB,10:40 AM,13/09,Pre-Game,0.5545932921415441,,,,False,0110111111,live,0,0,0.0,0,0,0.24674221699648854,0.32088332643421347,0.3954943205750842,0.2670429181059073,0.07537813477332131,20,1,-0.029835082458770618,0.96,63.4,C,0.27958579881656803,2.6559568419947075,0.4034772798440535,0.20612151537725784,8,5,0,0.2608695652173913,0.23103448275862068,0.5703703703703704,0.30074074074074075,0.1288888888888889,0.2569444444444444,0.21292217327459617,0.24538258575197888,0.24161073825503357,0.24719101123595505,206,0.21481481481481482,157,False,False,0.5759627183450787,-0.02136942620353466,2.925233644859813,3.392523364485981,107,,,,,,,0.1671259024020514,20,3.35,1.03,45.2,5,1,36,14,0,0,0,8,SP,8,180,33,22.5,7.09,2.76,6.5,0.59,22.3619382373893,-0.005443292141544043,4,0.5714285714285714,2.0,7,6,1,1,0.0,3.525442595047355,0.08596197476451965,0.23410404624277456,0.1745635910224439,0.11221945137157108,0.2913647342995169,0.308758152173913,0.20618556701030927,3.76,0.2956332527545216
800325,Luis Lara,L,MIL,8,Chase Burns,R,695505,823734,CIN @ MIL,11:10 AM,13/09,Pre-Game,0.5541913891158105,-127.0,150.0,56.0,False,1011100111,live,0,0,0.0,0,0,0.2756972262345599,0.32207146580457385,0.45244439369796036,0.3751803784214295,0.2592426558632082,20,2,0.04528493894165539,0.97,78.7,B,0.2980376124284546,3.6392289015934853,0.3846293468800376,0.30891814188396843,20,6,0,0.23880597014925373,0.2840909090909091,0.5605069501226492,0.3875715453802126,0.051921504497138185,0.24108658743633277,0.24615384615384617,0.17486338797814208,0.2340627973358706,0.2328767123287671,83,0.2926829268292683,91,True,False,0.5883732770325336,-0.034181887916723164,3.297872340425532,3.702127659574468,47,,,,,,,0.12114986808289013,20,2.73,1.14,148.1,15,3,176,51,0,0,0,27,SP,27,602,118,22.3,10.68,3.09,7.16,0.91,21.527707490665158,0.03148003945561817,7,0.875,-7.0,7,6,1,1,0.0,4.037677160636554,0.049106715409820485,0.2692307692307692,0.22772277227722773,0.08415841584158416,0.4338235294117647,0.2971544117647059,0.2316715542521994,3.598,0.392595987413718
800543,Josue De Paula,L,LAD,6,Eury Pérez,R,691587,823815,LAD @ MIA,10:40 AM,13/09,Pre-Game,0.5534269890824809,,,,False,00,estimated,0,0,0.0,0,0,,,,,,2,1,0.0,1.0,58.4,C,0.2696534234995773,2.21767189295107,0.37455942615538196,0.2575627027959762,20,6,0,,0.0,0.5578144853875476,0.3562049978822533,0.08598051673019907,0.0,0.0,0.0,0.0,,5,,3,True,False,0.5656499199112673,-0.012222930828786449,2.5,4.0,2,,,,,,,,2,3.94,1.24,139.1,7,11,150,62,0,0,0,26,SP,26,581,111,22.3,9.69,4.0,7.17,1.1,22.540769063549376,0.02307301091751901,8,0.8888888888888888,11.0,5,6,0,1,0.0,,,,,,,,0.20279720279720279,3.896,0.3162021099744134
686555,Isaac Collins,L,KC,7,Payton Tolle,L,801139,824708,KC @ BOS,12:05 PM,13/09,Pre-Game,0.552201793081024,,,,False,0000000110,estimated,0,0,0.0,0,0,0.1514454513623683,0.28004474662271106,0.3574625709437076,0.23651311531047756,0.22303729963750257,20,1,-0.04510802517951476,1.063,80.4,A,0.2901381610290615,5.187606327883287,0.38430900021443926,0.3210049658168848,20,7,0,0.18811881188118812,0.23322683706070288,0.875417661097852,0.0945107398568019,0.03007159904534606,0.21570926143024619,0.22129783693843594,0.22053231939163498,0.21818822700035248,0.22666666666666666,254,0.21693121693121692,232,False,False,0.5387087491851253,0.013493043895898671,3.1363636363636362,3.6818181818181817,132,,,,,,,-0.13284891481145436,20,3.15,1.08,137.0,9,6,159,37,0,0,0,24,SP,24,551,111,23.0,10.45,2.43,7.29,0.99,22.977918732721967,0.006787095807864851,9,1.0,3.0,5,6,0,1,0.0,3.28148283254259,0.12300123610840695,0.22691292875989447,0.20945945945945946,0.11711711711711711,0.40180652680652684,0.3083006993006993,0.24489795918367346,3.76,0.357371380347001
701358,Cam Smith,R,HOU,8,Freddy Peralta,R,642547,822928,HOU @ TB,10:40 AM,13/09,Pre-Game,0.5501889320105228,,,,False,1001011110,live,0,0,0.0,0,0,0.2138328195531349,0.3496312005002417,0.45133681848270585,0.35765313359041884,0.34577824456464923,20,1,0.0017486618471840298,0.96,57.8,C,0.2576804915514593,2.7567842091588703,0.39754562721632103,0.19425111682887675,20,5,0,0.21768707482993196,0.219435736677116,0.5293891663465232,0.23703419131771034,0.23357664233576642,0.2274701411509229,0.22239872915011913,0.20086393088552915,0.22188024622271965,0.22053231939163498,290,0.21674876847290642,228,False,False,0.5320512290991329,0.01813770291138983,3.4014598540145986,3.781021897810219,137,,,,,,,0.007804294568523284,20,4.82,1.36,153.0,8,11,142,55,0,0,0,29,SP,29,667,153,23.0,8.35,3.24,9.0,1.35,22.599958975710265,-0.011222265343856064,6,0.6666666666666666,1.0,6,6,1,1,0.0,3.3759633671746307,0.057627388890093896,0.2074074074074074,0.25555555555555554,0.07111111111111111,0.4389655172413793,0.32587816091954025,0.2537313432835821,3.598,0.2665971017974277
687952,Christian Encarnacion-Strand,R,BAL,6,Dylan Cease,R,656302,822764,BAL @ TOR,10:37 AM,13/09,Pre-Game,0.5481572562674727,-127.0,144.0,56.0,False,0111100010,live,0,0,0.0,0,0,0.23989637175648953,0.31821417049407696,0.30526509247584277,0.3796953221764554,0.2442913270639146,20,1,0.049603174603174593,0.995,91.8,A,0.31414956011730205,3.4511031584171814,0.30374555248690677,0.3391174384004296,20,6,0,0.2361111111111111,0.2857142857142857,0.44737807114044736,0.43747708104143745,0.11514484781811514,0.2558139534883721,0.2509505703422053,0.25210084033613445,0.2540650406504065,0.2894736842105263,84,0.2375,87,False,False,0.5813777973165973,-0.03322054104912464,3.3191489361702127,3.6382978723404253,47,,,,,,,-0.10538088804946587,20,2.4,1.04,161.1,10,5,227,67,0,0,0,27,SP,27,644,101,23.9,12.66,3.74,5.63,0.61,23.994602569663183,0.03875702944681314,7,0.7777777777777778,19.0,7,6,0,1,0.0,3.6452285855239945,0.06483311566849952,0.22511848341232227,0.2555066079295154,0.04185022026431718,0.40522875816993464,0.30532026143790847,0.19583333333333333,3.896,0.27396213187468255
672275,Patrick Bailey,L,CLE,8,Joe Ryan,R,657746,823658,CLE @ MIN,11:10 AM,13/09,Pre-Game,0.5475134264002991,-113.0,127.0,53.0,False,0111001011,live,7,1,0.14285714285714285,1,2024,0.2476340637467724,0.3897563204134088,0.4421616679524272,0.38162088913706016,0.2738898924940125,20,4,0.019566367001586454,1.022,76.4,B,0.3030888030888031,4.383394559727201,0.3993963331401904,0.26786391659583186,20,6,0,0.1935483870967742,0.21311475409836064,0.5483091787439613,0.32705314009661834,0.1246376811594203,0.182010582010582,0.20125786163522014,0.1868421052631579,0.19116022099447513,0.19424460431654678,153,0.22794117647058823,155,False,False,0.5371819635755181,0.010331462824781035,2.956989247311828,3.3118279569892475,93,,,,,,,0.008945452743019836,20,3.68,1.13,129.2,6,9,145,28,0,0,0,24,SP,24,542,119,22.6,10.06,1.94,8.26,1.25,23.308565608960688,0.010386573599700966,5,0.625,1.0,6,6,0,1,0.0,3.427654079375067,0.09481317778475562,0.22589531680440772,0.2456575682382134,0.07444168734491315,0.40025252525252525,0.32262878787878785,0.24912280701754386,3.598,0.3166519873014514
664954,Brett Sullivan,L,COL,8,Jackson Jobe,R,695549,824225,COL @ DET,9:10 AM,13/09,In Progress,0.5472253806636429,108.0,122.0,48.0,False,0010111100,live,0,0,0.0,0,0,0.27436447868109376,0.3460544503282928,0.3293965351637565,0.2881436725625472,0.14949629036892273,20,4,-0.2423780487804878,1.004,48.4,D,0.22709163346613545,2.190183403343664,0.35737836074951496,0.21497546039351856,6,7,0,0.4375,0.1951219512195122,0.547808764940239,0.3426294820717131,0.10956175298804781,0.2313915857605178,0.21328671328671328,0.2229299363057325,0.2273152478952292,0.2222222222222222,107,0.24742268041237114,107,False,False,0.5472253806636429,0.0,2.8823529411764706,3.1470588235294117,68,,,,,,,-0.0618293332629174,20,4.6,1.4,29.1,1,2,28,12,0,0,0,7,SP,7,129,29,18.4,8.59,3.68,8.9,1.84,20.976644678225803,0.01187461933635714,9,0.8181818181818182,-13.0,7,6,0,1,0.0,3.288514463855888,0.07606752073555197,0.23125,0.18624641833810887,0.054441260744985676,0.32941176470588235,0.26198823529411763,0.2222222222222222,3.598,0.3064349163661517
664702,Myles Straw,R,TOR,9,Trevor Rogers,L,669432,822764,BAL @ TOR,10:37 AM,13/09,Pre-Game,0.5460766606630265,-104.0,108.0,51.0,False,1010111000,live,0,0,0.0,0,0,0.32875024626558136,0.28177457998625866,0.33904897041261645,0.3420411011948753,0.12584793747450193,20,1,0.012727272727272726,0.995,80.2,A,0.2881427964300892,5.621571149880096,0.35919174262717996,0.2504919765237395,20,6,0,0.24,0.22727272727272727,0.6530612244897959,0.14243197278911565,0.20450680272108843,0.22538071065989848,0.21881390593047034,0.2182741116751269,0.22262118491921004,0.2692307692307692,142,0.20300751879699247,154,False,False,0.5278302670100663,0.018246393652960213,2.2672413793103448,2.5517241379310347,116,,,,,,,-0.08670760336624106,20,4.15,1.21,151.2,10,9,138,37,0,0,0,27,SP,27,629,147,23.3,8.19,2.2,8.72,0.95,24.066298166245506,-0.011056660663026574,10,1.0,6.0,7,6,0,1,0.0,2.683674831794454,0.2235527583833471,0.23529411764705882,0.13398692810457516,0.08169934640522876,0.26551226551226553,0.2873246753246753,0.2764423076923077,3.443,0.34609215141385274
573262,Mike Yastrzemski,L,ATL,8,Andrew Painter,R,691725,824869,PHI @ ATL,10:35 AM,13/09,Pre-Game,0.5445498750534192,,,,False,0001010011,live,5,1,0.2,1,2026,0.3215088666412515,0.37981792135067755,0.3699806625346624,0.491296463059345,0.25272762412878097,20,2,0.11201298701298701,1.018,61.5,C,0.2740462117141322,2.5084747515153043,0.3560766898093929,0.21023373358833525,20,5,0,0.125,0.237012987012987,0.41375604513702313,0.4121440085975282,0.1740999462654487,0.2210909090909091,0.19237147595356552,0.2392638036809816,0.21696082651743434,0.23076923076923078,186,0.23225806451612904,181,False,True,0.5144446271756188,0.030105247877800445,2.592,2.936,125,,,,,,,-0.000940927686296491,20,5.71,1.41,110.1,3,9,97,39,0,0,0,20,SP,22,483,117,22.0,7.91,3.18,9.54,1.55,22.499192487458462,-0.0026298750534191617,5,0.5555555555555556,4.0,7,7,1,1,0.0,2.7971198863139257,0.13598940398061235,0.2280130293159609,0.24355300859598855,0.10315186246418338,0.43618618618618615,0.3287702702702702,0.2924901185770751,3.598,0.30525725804611714
592885,Christian Yelich,L,MIL,6,Chase Burns,R,695505,823734,CIN @ MIL,11:10 AM,13/09,Pre-Game,0.5417611409367042,-138.0,156.0,58.0,False,1110101101,live,0,0,0.0,0,0,0.3184744207155003,0.3505462585970455,0.5007345604305117,0.43725920932699897,0.30192153009175093,20,1,0.01946962067807992,0.97,78.7,B,0.2980376124284546,3.6392289015934853,0.3846293468800376,0.30891814188396843,20,6,0,0.2222222222222222,0.24169184290030213,0.5605069501226492,0.3875715453802126,0.051921504497138185,0.2165543792107796,0.1915983606557377,0.2717948717948718,0.21791907514450867,0.22077922077922077,259,0.2616279069767442,198,False,False,0.5764454013648135,-0.03468426042810924,3.80188679245283,4.311320754716981,106,,,,,,,0.0309027610628131,20,2.73,1.14,148.1,15,3,176,51,0,0,0,27,SP,27,602,118,22.3,10.68,3.09,7.16,0.91,21.527707490665158,0.02436743049186718,7,0.875,-7.0,7,6,1,1,0.0,3.7530094181768763,0.04687593645346352,0.2261640798226164,0.26810176125244617,0.08806262230919765,0.42101910828025474,0.3164363057324841,0.2316715542521994,3.896,0.392595987413718
624424,Michael Conforto,L,CHC,7,Bubba Chandler,R,696149,824628,PIT @ CHC,11:20 AM,13/09,Pre-Game,0.5401455149223979,,,,False,1001110110,live,0,0,0.0,0,0,0.3048887485606018,0.349521306193487,0.3418573982597848,0.3619103812814814,0.18322959809166708,20,1,0.0,0.983,50.6,C,0.26160164271047226,2.3777573311693976,0.41677400510293866,0.22212889409253705,20,5,0,,0.24034334763948498,0.5650741350906096,0.2887149917627677,0.14621087314662273,0.20897435897435898,0.18271119842829076,0.1761194029850746,0.19327217125382262,0.20833333333333334,139,0.2743362831858407,136,False,False,0.5671229065437284,-0.026977391621330504,2.33,2.75,100,,,,,,,0.01754473994950004,20,4.25,1.34,142.0,7,9,129,71,0,0,0,27,SP,28,613,119,21.9,8.18,4.5,7.54,0.82,21.868522085980896,0.00241812144123843,11,1.0,-10.0,7,6,0,1,0.0,3.1463368866676973,0.10473848096020036,0.24829931972789115,0.2558139534883721,0.10755813953488372,0.44660194174757284,0.31959466019417476,0.23469387755102042,3.76,0.28399680381276293
624431,Jose Trevino,R,CIN,8,Robert Gasser,L,688107,823734,CIN @ MIL,11:10 AM,13/09,Pre-Game,0.5401455149223979,-100.0,113.0,50.0,False,0001101100,live,0,0,0.0,0,0,0.14418529947768954,0.24453886345287335,0.32843400222851155,0.1981188283221514,0.2777319403842824,20,4,-0.07142857142857142,0.97,65.4,B,0.2777053455019557,2.992855932017073,0.3376262546297956,0.22184427869879067,18,6,0,0.16666666666666666,0.23809523809523808,0.6486310299869622,0.25945241199478486,0.09191655801825294,0.26244343891402716,0.23193916349809887,0.18681318681318682,0.24310776942355888,0.25316455696202533,82,0.17857142857142858,57,False,False,0.5371819635755181,0.002963551346879867,3.2142857142857144,3.3095238095238093,42,,,,,,,-0.13688886704074035,20,4.43,1.28,91.1,4,5,87,29,0,0,0,17,SP,18,397,88,22.1,8.57,2.86,8.67,1.38,21.916234212787167,-0.004333014922397904,8,1.0,29.0,7,6,1,1,0.0,3.286862974382957,0.0,0.22427440633245382,0.15288220551378445,0.03258145363408521,0.38076519916142554,0.26489203354297697,0.2834008097165992,3.598,0.31169287389407785
683766,Christian Koss,R,SF,9,Nick Pivetta,R,601713,823171,SD @ SF,4:20 PM,13/09,Scheduled,0.5401455149223979,,,,False,1011011101,estimated,5,0,0.0,1,2025,0.2748542073070475,0.3190002569257171,0.2742823556236436,0.359608646209492,0.15580897640292782,20,1,-0.026235399820305483,0.994,59.0,C,0.2815884476534296,,,,4,6,0,0.24528301886792453,0.21904761904761905,0.7111913357400722,0.2888086642599278,0.0,0.16475095785440613,0.2627450980392157,0.16346153846153846,0.19230769230769232,0.22093023255813954,96,0.2361111111111111,77,False,False,0.5447246922835841,-0.004579177361186182,2.925925925925926,3.2037037037037037,54,,,,,,,0.10452851763542897,20,3.43,0.95,21.0,2,2,26,6,0,0,0,5,SP,5,83,14,16.6,11.14,2.57,6.0,0.0,,0.00493448507760208,5,0.625,18.0,6,6,0,1,0.0,3.479182737764315,0.09417675173504976,0.2478386167146974,0.23421052631578948,0.05,0.31330749354005166,0.31159302325581395,0.07407407407407407,3.443,0.28529618718518623
656716,Zach Mckinstry,L,DET,8,Gabriel Hughes,R,687312,824225,COL @ DET,9:10 AM,13/09,In Progress,0.5387355255944574,-133.0,150.0,57.0,False,0001010110,live,0,0,0.0,0,0,0.15247791545780176,0.2566185129569429,0.1292002158043772,0.21762414227669283,0.19909550479034724,20,2,0.035231788079470194,1.004,63.4,C,0.25510204081632654,2.4379521993102133,0.3006100214032711,0.18888850532837112,12,5,0,0.18,0.2152317880794702,0.6120777891504606,0.27533265097236437,0.11258955987717502,0.22535211267605634,0.17690875232774675,0.2026315789473684,0.21142857142857144,0.22099447513812154,202,0.19883040935672514,198,False,True,0.5236114356500509,0.015124089944406505,3.0608695652173914,3.4782608695652173,115,,,,,,,-0.036838417350996105,20,5.81,1.38,57.1,0,7,48,21,1,0,1,11,SP,12,250,58,20.8,7.53,3.3,9.1,0.78,21.03489032161465,-0.00029802559445735177,8,0.8,4.0,6,6,0,1,0.0,3.301078576580242,0.06063841648806912,0.209366391184573,0.16058394160583941,0.09002433090024331,0.20959595959595959,0.2768754208754209,0.2534246575342466,3.598,0.35798123110450797
687957,Dustin Harris,L,SD,8,Logan Webb,R,657277,823171,SD @ SF,4:20 PM,13/09,Scheduled,0.5387355255944574,,,,False,1110010011,estimated,0,0,0.0,0,0,0.32345793165606207,0.34066718763125886,0.2086693397468089,0.3665830863525148,0.1396495004583478,20,1,-0.06060606060606061,0.994,57.9,C,0.27909995672868887,3.0656359055073503,0.37744576172590527,0.1963445800602229,20,6,0,0.3333333333333333,0.2727272727272727,0.5562770562770563,0.20216450216450216,0.24155844155844156,0.2689075630252101,0.25,0.3111111111111111,0.27049180327868855,0.34782608695652173,52,0.1875,39,False,False,0.5270439996339394,0.011691525960517923,2.689655172413793,3.1379310344827585,29,,,,,,,0.0667676476791783,20,4.1,1.15,155.2,8,8,127,40,0,0,0,26,SP,26,644,139,24.8,7.34,2.31,8.04,0.69,23.72669030400984,0.005304474405542714,10,1.0,-2.0,7,6,0,1,0.0,3.334482906134181,0.08615223640031612,0.2653061224489796,0.19393939393939394,0.07878787878787878,0.2182608695652174,0.27044347826086956,0.23823529411764705,3.598,0.3090467211342602
676609,José Caballero,R,NYY,9,Christian Scott,R,681035,823495,NYM @ NYY,10:35 AM,13/09,Pre-Game,0.5387087491851253,,,,False,1011100100,live,0,0,0.0,0,0,0.16940996218970267,0.30927027106591576,0.26346272507723323,0.22775402847566165,0.23433190999191633,20,4,-0.00162337662337661,1.007,68.0,B,0.2804878048780488,2.937714556539428,0.3433662891026025,0.28136531410649956,20,7,0,0.23376623376623376,0.23214285714285715,0.6794231835829173,0.28618968386023297,0.03438713255684969,0.2177713037144938,0.19408740359897173,0.22742474916387959,0.21163166397415187,0.21465968586387435,211,0.25133689839572193,207,False,False,0.5548262372212921,-0.01611748803616675,3.2586206896551726,3.603448275862069,116,,,,,,,-0.1562606038073174,20,3.81,1.29,99.1,4,4,120,44,0,0,0,21,SP,21,431,84,20.5,10.87,3.99,7.61,0.91,21.335263660927307,0.013828750814874669,8,0.8888888888888888,6.0,7,6,0,1,0.0,3.6234793580720845,0.047869295521669915,0.23195876288659795,0.23776223776223776,0.06060606060606061,0.26165501165501165,0.3104632867132867,0.2116788321167883,3.443,0.34818876088894013
669357,Nolan Gorman,L,STL,6,David Sandlin,R,689818,823008,CWS @ STL,11:15 AM,13/09,Pre-Game,0.5357001966667638,,,,False,0001110011,live,0,0,0.0,0,0,0.14784375620172524,0.32862581677454983,0.38249727889272284,0.2777243959914427,0.3870368506346435,20,1,0.06713973799126638,1.031,60.7,C,0.2665036674816626,2.034789487931383,0.3059458463130273,0.23674250500996058,5,37,0,0.125,0.19213973799126638,0.6234718826405868,0.3105134474327628,0.06601466992665037,0.19133192389006343,0.18292682926829268,0.1509433962264151,0.17907106883044208,0.21014492753623187,153,0.1588785046728972,124,False,True,0.5236114356500509,0.012088761016712968,3.223684210526316,3.6447368421052633,76,,,,,,,-0.09214692985978648,20,6.93,1.38,24.2,2,1,24,12,0,0,0,3,SP,5,106,22,21.2,8.76,4.38,8.03,2.19,21.395212297089508,0.008749803333236161,6,0.6666666666666666,3.0,7,6,1,1,0.0,3.4657973573179723,0.06215701146489218,0.183206106870229,0.34375,0.10267857142857142,0.41387726638772665,0.28819246861924686,0.3103448275862069,3.896,0.3292228179720912
663743,Nick Fortes,R,TB,9,Hayden Wesneski,R,669713,822928,HOU @ TB,10:40 AM,13/09,Pre-Game,0.5355338547031249,,,,False,0010001110,live,0,0,0.0,0,0,0.20285471715145717,0.24533689496240466,0.31031650999890914,0.2664958027029676,0.1568240363842986,20,3,-0.020813026775987592,0.96,63.4,C,0.27958579881656803,2.6559568419947075,0.4034772798440535,0.20612151537725784,8,5,0,0.26380368098159507,0.24299065420560748,0.5703703703703704,0.30074074074074075,0.1288888888888889,0.2494646680942184,0.23958333333333334,0.2722772277227723,0.25077017868145407,0.2361111111111111,155,0.2777777777777778,139,False,False,0.5552371220087176,-0.019703267305592687,2.967032967032967,3.230769230769231,91,,,,,,,-0.09493970880154824,20,3.35,1.03,45.2,5,1,36,14,0,0,0,8,SP,8,180,33,22.5,7.09,2.76,6.5,0.59,22.3619382373893,0.0016411452968750906,4,0.5714285714285714,2.0,7,6,1,1,0.0,3.238467364924157,0.06568070119687965,0.25925925925925924,0.14882506527415143,0.04177545691906005,0.3602607709750567,0.2804007936507936,0.2,3.443,0.2956332527545216
663611,Nick Madrigal,R,TB,8,Hayden Wesneski,R,669713,822928,HOU @ TB,10:40 AM,13/09,Pre-Game,0.5333279164979134,,,,False,0111100000,live,0,0,0.0,0,0,0.20376489717262478,0.19682324074815405,0.2780455879377167,0.2192862630022641,0.03955166819447174,17,1,0.1601731601731602,0.96,63.4,C,0.27958579881656803,2.6559568419947075,0.4034772798440535,0.20612151537725784,8,5,0,0.14285714285714285,0.30303030303030304,0.5703703703703704,0.30074074074074075,0.1288888888888889,0.2753623188405797,0.31932773109243695,0.32432432432432434,0.29476584022038566,0.28125,35,0.2,21,False,False,0.5660544733219274,-0.03272655682401393,2.764705882352941,3.2941176470588234,17,,,,,,,-0.1173608605342031,17,3.35,1.03,45.2,5,1,36,14,0,0,0,8,SP,8,180,33,22.5,7.09,2.76,6.5,0.59,22.3619382373893,0.002322083502086514,4,0.5714285714285714,2.0,7,6,1,1,0.0,3.3580956285171917,0.10501513615469318,0.2514792899408284,0.0851063829787234,0.05053191489361702,0.2448257080610022,0.2790098039215686,0.2,3.598,0.2956332527545216
673490,Ha-Seong Kim,R,ATL,9,Andrew Painter,R,691725,824869,PHI @ ATL,10:35 AM,13/09,Pre-Game,0.5321012907192363,,,,False,0011000110,live,0,0,0.0,0,0,0.2683312852891214,0.27029271382272424,0.32356098438170827,0.30484465810104333,0.2446457438899536,20,1,0.1027542372881356,1.018,61.5,C,0.2740462117141322,2.5084747515153043,0.3560766898093929,0.21023373358833525,20,5,0,0.0847457627118644,0.1875,0.41375604513702313,0.4121440085975282,0.1740999462654487,0.09298245614035087,0.08484848484848485,0.1375,0.09558823529411764,0.09836065573770492,65,0.17391304347826086,54,False,True,0.514202945450706,0.01789834526853029,2.891891891891892,3.2162162162162162,37,,,,,,,-0.07903986038583018,20,5.71,1.41,110.1,3,9,97,39,0,0,0,20,SP,22,483,117,22.0,7.91,3.18,9.54,1.55,22.499192487458462,-0.0012012907192361366,5,0.5555555555555556,4.0,7,7,1,1,0.0,2.8217478265348976,0.06468609149114314,0.20918367346938777,0.2164009111617312,0.08656036446469248,0.3658810325476992,0.2945757575757576,0.24022346368715083,3.443,0.30525725804611714
641857,Ryan Mcmahon,L,NYY,7,Christian Scott,R,681035,823495,NYM @ NYY,10:35 AM,13/09,Pre-Game,0.5286921085063326,-100.0,104.0,50.0,False,0110101011,live,0,0,0.0,0,0,0.19894948639654733,0.2941722381087824,0.2697911459614808,0.2738638589636268,0.2519137761052605,20,2,-0.07323232323232323,1.007,68.0,B,0.2804878048780488,2.937714556539428,0.3433662891026025,0.28136531410649956,20,7,0,0.2777777777777778,0.20454545454545456,0.6794231835829173,0.28618968386023297,0.03438713255684969,0.1927497789566755,0.1926163723916533,0.21453287197231835,0.19418886198547217,0.175,175,0.2571428571428571,156,False,False,0.5316556598532125,-0.002963551346879867,2.830188679245283,3.1226415094339623,106,,,,,,,-0.09225633046367859,20,3.81,1.29,99.1,4,4,120,44,0,0,0,21,SP,21,431,84,20.5,10.87,3.99,7.61,0.91,21.335263660927307,0.00879539149366737,8,0.8888888888888888,6.0,7,6,0,1,0.0,3.359483305479208,0.10252203328521615,0.2195845697329377,0.29110512129380056,0.07547169811320754,0.4759825327510917,0.3329330422125182,0.22916666666666666,3.76,0.34818876088894013
691788,Joe Mack,L,MIA,9,Emmet Sheehan,R,686218,823815,LAD @ MIA,10:40 AM,13/09,Pre-Game,0.528223095869324,,,,False,1100101100,estimated,0,0,0.0,0,0,0.23831463708446346,0.2896265773559805,0.40740720491947185,0.32125407735941225,0.27445379495125477,20,1,0.010294117647058815,1.0,72.0,B,0.29955207166853304,3.7887714165515654,0.404395060493802,0.27761730753234765,20,6,0,0.225,0.23529411764705882,0.42696629213483145,0.4117977528089888,0.16123595505617977,0.2414187643020595,0.2222222222222222,0.18949771689497716,0.22357939458311205,0.21621621621621623,157,0.25384615384615383,146,True,False,0.525259544522444,0.002963551346879978,2.989247311827957,3.2580645161290325,93,,,,,,,0.0449930453292923,20,5.08,1.26,101.0,5,8,118,31,0,0,0,21,SP,21,433,96,20.6,10.51,2.76,8.55,1.87,20.482361274884852,-0.0002480958693240609,8,1.0,3.0,5,6,0,1,0.0,2.916464838168038,0.008273818938651282,0.23214285714285715,0.26143790849673204,0.05555555555555555,0.38625,0.31218500000000005,0.2638888888888889,3.443,0.34190294853066916
702616,Jackson Holliday,L,BAL,7,Dylan Cease,R,656302,822764,BAL @ TOR,10:37 AM,13/09,Pre-Game,0.5267066550318069,-113.0,117.0,53.0,False,1100011100,live,0,0,0.0,0,0,0.1698958631149073,0.2821248115466158,0.27702814089605066,0.2355184300907038,0.30009595811693157,20,1,0.03431045969353763,0.995,91.8,A,0.31414956011730205,3.4511031584171814,0.30374555248690677,0.3391174384004296,20,6,0,0.20253164556962025,0.23684210526315788,0.44737807114044736,0.43747708104143745,0.11514484781811514,0.21354166666666666,0.2036036036036036,0.2073170731707317,0.20972495088408644,0.2275449101796407,187,0.22857142857142856,160,False,False,0.5717119070013751,-0.04500525196956817,3.231578947368421,3.6526315789473682,95,,,,,,,-0.14340883986874967,20,2.4,1.04,161.1,10,5,227,67,0,0,0,27,SP,27,644,101,23.9,12.66,3.74,5.63,0.61,23.994602569663183,0.03759334496819311,7,0.7777777777777778,19.0,7,6,0,1,0.0,4.326710955851645,0.0,0.23383084577114427,0.22391304347826088,0.10652173913043478,0.3408584169453735,0.3195551839464883,0.16363636363636364,3.76,0.27396213187468255
669392,Samad Taylor,R,SD,9,Logan Webb,R,657277,823171,SD @ SF,4:20 PM,13/09,Scheduled,0.525259544522444,,,,False,1110000111,estimated,0,0,0.0,0,0,0.27105837895594975,0.31508620495539447,0.24178558828418675,0.37795650295006356,0.282381615750405,20,1,-0.006033182503770718,0.994,57.9,C,0.27909995672868887,3.0656359055073503,0.37744576172590527,0.1963445800602229,20,6,0,0.3137254901960784,0.3076923076923077,0.5562770562770563,0.20216450216450216,0.24155844155844156,0.31382978723404253,0.23741007194244604,0.2796610169491525,0.2869022869022869,0.2608695652173913,77,0.3829787234042553,57,False,False,0.5250084845393103,0.0002510599831337945,3.3142857142857145,3.8285714285714287,35,,,,,,,0.12559448025317527,20,4.1,1.15,155.2,8,8,127,40,0,0,0,26,SP,26,644,139,24.8,7.34,2.31,8.04,0.69,23.72669030400984,-0.0015795445224441318,10,1.0,-2.0,7,6,0,1,0.0,3.526834166046512,0.07437502919625852,0.2669902912621359,0.27310924369747897,0.10504201680672269,0.24172576832151302,0.3076595744680851,0.21777777777777776,3.443,0.3090467211342602
675961,Alika Williams,R,ATH,9,Bryce Miller,R,682243,824952,SEA @ ATH,1:05 PM,13/09,Scheduled,0.525259544522444,,,,False,1111100000,estimated,0,0,0.0,0,0,0.18362787524063828,0.2504465914062589,0.3119649848965915,0.24650292240186183,0.16894204427267612,20,1,-0.07364556680387138,0.977,65.0,B,0.2683982683982684,2.7804788191958822,0.33866549889309544,0.23604895135750978,19,5,0,0.2871287128712871,0.21348314606741572,0.5372208436724566,0.21898263027295287,0.24379652605459057,0.3074670571010249,0.2262210796915167,0.29608938547486036,0.28162291169451076,0.2897196261682243,115,0.20481927710843373,89,False,False,0.5337493995916295,-0.008489855069185426,2.7142857142857144,2.914285714285714,70,,,,,,,-0.04388212630909606,20,4.22,1.14,102.1,4,9,101,29,0,0,0,18,SP,19,415,88,21.8,8.88,2.55,7.74,1.58,21.913854946974226,0.022118233255333686,9,1.0,-18.0,6,6,1,1,0.0,3.3682330299264103,0.025016252310028297,0.23,0.22560975609756098,0.04573170731707317,0.3071533923303835,0.26295575221238937,0.19161676646706588,3.443,0.3300781594825775
668952,Ryan Kreidler,R,MIN,9,Tanner Bibee,R,676440,823658,CLE @ MIN,11:10 AM,13/09,Pre-Game,0.525259544522444,108.0,104.0,48.0,False,0100000001,live,0,0,0.0,0,0,0.11498363852989157,0.2785971432214781,0.449732900425692,0.21637238408470535,0.2954620963162202,20,1,-0.06533636440178495,1.022,63.7,C,0.2786948176583493,2.362806692083122,0.356112407691476,0.17622693497909078,20,5,0,0.25225225225225223,0.18691588785046728,0.6871401151631478,0.1654510556621881,0.1474088291746641,0.19756838905775076,0.1963927855711423,0.17419354838709677,0.19391634980988592,0.22522522522522523,121,0.21495327102803738,117,False,False,0.49175947986713603,0.033500064655308026,2.658536585365854,2.902439024390244,82,,,,,,,-0.18448267116222034,20,4.22,1.2,170.2,5,15,133,52,0,0,0,30,SP,30,704,152,23.5,7.01,2.74,8.02,1.42,24.06758895916474,-0.01967383023672986,7,0.875,16.0,7,6,0,1,0.0,2.530811241904256,0.15525392147798148,0.20132013201320131,0.23283582089552238,0.07761194029850746,0.36629629629629634,0.2590577777777778,0.24621212121212122,3.443,0.33813762959331867
669743,Alex Call,R,LAD,7,Eury Pérez,R,691587,823815,LAD @ MIA,10:40 AM,13/09,Pre-Game,0.525259544522444,,,,False,1000101000,estimated,6,1,0.16666666666666666,1,2023,0.19177367854785718,0.2865010128059304,0.08233364119941634,0.26592321505416894,0.23717556690213482,20,4,-0.11834733893557425,1.0,58.4,C,0.2696534234995773,2.21767189295107,0.37455942615538196,0.2575627027959762,20,6,0,0.3088235294117647,0.19047619047619047,0.5578144853875476,0.3562049978822533,0.08598051673019907,0.26099290780141843,0.23220973782771537,0.29245283018867924,0.2550644567219153,0.3088235294117647,80,0.19047619047619047,103,False,False,0.525259544522444,0.0,2.140845070422535,2.5774647887323945,71,,,,,,,-0.2088596111783277,20,3.94,1.24,139.1,7,11,150,62,0,0,0,26,SP,26,581,111,22.3,9.69,4.0,7.17,1.1,22.540769063549376,0.011227955477555951,8,0.8888888888888888,11.0,5,6,0,1,0.0,2.470553686209163,0.10693622012999958,0.25,0.19314641744548286,0.12461059190031153,0.2127831715210356,0.28115533980582524,0.23766816143497757,3.76,0.3162021099744134
682626,Francisco Álvarez,R,NYM,7,Cam Schlittler,R,693645,823495,NYM @ NYY,10:35 AM,13/09,Pre-Game,0.525259544522444,-100.0,108.0,50.0,False,1011010110,live,0,0,0.0,0,0,0.13800985985857986,0.365647146569428,0.6093149424417996,0.2700957380124361,0.456827615494143,20,2,0.007921043713995268,1.007,72.2,B,0.299784327821711,4.568983935266061,0.4042034146864316,0.331556639137189,20,5,0,0.22115384615384615,0.2290748898678414,0.8941684665226782,0.10583153347732181,0.0,0.2192513368983957,0.2231920199501247,0.1901639344262295,0.21661843737081438,0.2571428571428571,198,0.19230769230769232,177,False,False,0.5692847556295675,-0.04402521110712343,3.31,3.75,100,,,,,,,-0.11353138818095962,20,2.01,0.92,178.2,13,6,220,42,0,0,0,30,SP,30,701,122,23.4,11.08,2.12,6.15,0.81,23.774646964586804,0.04444045547755593,6,0.75,10.0,7,6,0,1,0.0,3.867625485093491,0.06949817348960931,0.2358974358974359,0.29571106094808125,0.09480812641083522,0.46782496782496785,0.3366177606177606,0.18007662835249041,3.76,0.29071860014520834
665804,Miguel Amaya,R,CHC,9,Bubba Chandler,R,696149,824628,PIT @ CHC,11:20 AM,13/09,Pre-Game,0.5236114356500509,,,,False,1000011010,live,0,0,0.0,0,0,0.21890750486581764,0.30795411867540495,0.3408825397652103,0.39186888693827515,0.3854960300863695,20,5,0.013272140907963276,0.983,50.6,C,0.26160164271047226,2.3777573311693976,0.41677400510293866,0.22212889409253705,20,5,0,0.22413793103448276,0.23741007194244604,0.5650741350906096,0.2887149917627677,0.14621087314662273,0.20874471086036672,0.23678646934460887,0.29559748427672955,0.22922848664688428,0.2767857142857143,126,0.17647058823529413,107,False,False,0.5304031202267397,-0.006791684576688883,2.7746478873239435,3.2816901408450705,71,,,,,,,-0.09692450635336823,20,4.25,1.34,142.0,7,9,129,71,0,0,0,27,SP,28,613,119,21.9,8.18,4.5,7.54,0.82,21.868522085980896,-0.00462961746823265,11,1.0,-10.0,7,6,0,1,0.0,3.381322906285615,0.08908024456968701,0.254957507082153,0.228287841191067,0.07692307692307693,0.3371647509578544,0.27790038314176246,0.211864406779661,3.443,0.28399680381276293
694497,Evan Carter,L,TEX,9,Eduardo Rodríguez,L,593958,825033,TEX @ AZ,1:10 PM,13/09,Scheduled,0.5236114356500509,,,,False,0111010001,estimated,0,0,0.0,0,0,0.22713226796889047,0.2969468651086812,0.3550317398794498,0.29620923501362156,0.3073131817782666,20,1,0.07510343586976076,1.0,67.2,B,0.2581110310021629,2.4897611641038484,0.2812075391091143,0.19154760005812446,20,7,0,0.2647058823529412,0.18960244648318042,0.6111111111111112,0.11976911976911978,0.2691197691197691,0.2002830856334041,0.16833095577746077,0.18027210884353742,0.18883961566888396,0.22110552763819097,233,0.16666666666666666,188,False,False,0.4903298881949585,0.033281547455092375,2.84251968503937,3.3149606299212597,127,,,,,,,0.02392422129547866,20,2.55,1.2,173.0,15,5,128,57,0,0,0,29,SP,29,710,151,24.5,6.66,2.97,7.86,0.78,24.59982426868385,-0.03322393565005083,8,1.0,36.0,7,6,0,1,0.0,3.074506286413766,0.06049453134440403,0.1906158357771261,0.25,0.10353535353535354,0.3522727272727273,0.2699462809917355,0.25510204081632654,3.443,0.2917964876551323
664023,Ian Happ,L,CHC,5,Bubba Chandler,R,696149,824628,PIT @ CHC,11:20 AM,13/09,Pre-Game,0.5204879888677044,-104.0,108.0,51.0,False,0101100010,live,5,1,0.2,1,2026,0.18382556740612685,0.34440761930803515,0.4183986865789102,0.2780413490238932,0.29212434451232494,20,1,0.02737467733888635,0.983,50.6,C,0.26160164271047226,2.3777573311693976,0.41677400510293866,0.22212889409253705,20,5,0,0.19834710743801653,0.22572178477690288,0.5650741350906096,0.2887149917627677,0.14621087314662273,0.20214752567693745,0.2221153846153846,0.19075712881022616,0.20568047337278106,0.22695035460992907,326,0.20909090909090908,262,False,False,0.525259544522444,-0.004771555654739634,3.5602836879432624,4.170212765957447,141,,,,,,,-0.023509545680889476,20,4.25,1.34,142.0,7,9,129,71,0,0,0,27,SP,28,613,119,21.9,8.18,4.5,7.54,0.82,21.868522085980896,0.007139283859568302,11,1.0,-10.0,7,6,0,1,0.0,3.439225997424806,0.16645365494846176,0.21377672209026127,0.3054989816700611,0.11812627291242363,0.40897908979089787,0.315760147601476,0.23469387755102042,4.026,0.28399680381276293
642350,José Siri,R,LAA,8,Riley Cornelio,R,683000,822682,LAA @ WSH,10:35 AM,13/09,Pre-Game,0.5201468404401838,-133.0,150.0,57.0,False,0000001101,live,0,0,0.0,0,0,0.12364670795173968,0.3402568077467553,0.4314640724159914,0.1594216633733854,0.3345169559811799,20,1,0.10559305689488913,1.04,47.7,D,0.2837022132796781,1.7970159068654858,0.4810276774779669,0.2879103661832294,13,5,0,0.1885245901639344,0.29411764705882354,0.5010141987829615,0.49898580121703856,0.0,0.23308270676691728,0.20595533498759305,0.2127659574468085,0.22103658536585366,0.25,110,0.19767441860465115,100,False,True,0.4843157598537182,0.03583108058646556,2.4358974358974357,2.6923076923076925,78,,,,,,,-0.15691523774210678,20,5.26,1.6,25.2,2,2,27,21,0,1,1,1,RP,13,116,20,8.9,9.47,7.36,7.01,0.7,8.654013189164415,0.020378159559816145,8,0.8888888888888888,-13.0,7,6,0,1,0.0,2.9993018956486193,0.05567397712539724,0.19435736677115986,0.3688760806916426,0.05475504322766571,0.41361256544502617,0.2968062827225131,0.2708333333333333,3.598,0.3139532869085001
694212,Samuel Basallo,L,BAL,5,Dylan Cease,R,656302,822764,BAL @ TOR,10:37 AM,13/09,Pre-Game,0.5182167999626215,-104.0,108.0,51.0,False,1010001010,live,0,0,0.0,0,0,0.16512798809182228,0.25924430027142703,0.3038354355227255,0.2430416233987726,0.25859923748388697,20,1,-0.021121735407449688,0.995,91.8,A,0.31414956011730205,3.4511031584171814,0.30374555248690677,0.3391174384004296,20,6,0,0.24489795918367346,0.22377622377622378,0.44737807114044736,0.43747708104143745,0.11514484781811514,0.21770551038843722,0.20881971465629054,0.23040380047505937,0.21629822280017338,0.24736842105263157,209,0.2,163,False,False,0.569928585496741,-0.05171178553411948,3.2211538461538463,3.576923076923077,104,,,,,,,-0.2533917251405708,20,2.4,1.04,161.1,10,5,227,67,0,0,0,27,SP,27,644,101,23.9,12.66,3.74,5.63,0.61,23.994602569663183,0.040168914323092775,7,0.7777777777777778,19.0,7,6,0,1,0.0,3.2632778191237586,0.06458807358270278,0.22164948453608246,0.26744186046511625,0.07441860465116279,0.4358974358974359,0.3178937728937729,0.16363636363636364,4.026,0.27396213187468255
680779,Henry Davis,R,PIT,9,Matt Boyd,L,571510,824628,PIT @ CHC,11:20 AM,13/09,Pre-Game,0.5176355094345946,,,,False,0000010100,live,6,2,0.3333333333333333,1,2024,0.09881985686917573,0.2331101713230054,0.44702190039290834,0.1339800635135031,0.15508955441818215,20,1,-0.06402896758809502,0.983,58.4,C,0.2711246200607903,2.358318476288104,0.37661488792862413,0.17772179246213363,18,6,0,0.11940298507462686,0.1834319526627219,0.4419452887537994,0.2844984802431611,0.2735562310030395,0.17520858164481526,0.13317757009345793,0.18309859154929578,0.16243315508021391,0.15217391304347827,160,0.1836734693877551,116,False,False,0.49564680587276727,0.021988703561827305,2.8780487804878048,3.3658536585365852,82,,,,,,,-0.18447187638496657,20,4.03,1.22,109.1,8,4,86,33,0,0,0,19,SP,19,450,100,23.7,7.08,2.72,8.23,1.23,24.513593267486232,-0.020602176101261305,6,1.0,39.0,7,6,0,1,0.0,2.929793279376028,0.118538760177534,0.16806722689075632,0.2371638141809291,0.07823960880195599,0.4150641025641026,0.26187307692307693,0.2508591065292096,3.443,0.32003910438039773
666139,Josh Lowe,L,LAA,7,Riley Cornelio,R,683000,822682,LAA @ WSH,10:35 AM,13/09,Pre-Game,0.5171832890933038,-108.0,122.0,52.0,False,1001001000,live,0,0,0.0,0,0,0.14882122631109898,0.2782906830219206,0.3423021627596231,0.2632003196373314,0.362766654166068,20,2,0.08423988842398886,1.04,47.7,D,0.2837022132796781,1.7970159068654858,0.4810276774779669,0.2879103661832294,13,5,0,0.13333333333333333,0.2175732217573222,0.5010141987829615,0.49898580121703856,0.0,0.1475548060708263,0.1690427698574338,0.1864406779661017,0.1601965601965602,0.1962025316455696,176,0.22522522522522523,124,False,True,0.5209298159083401,-0.0037465268150362885,2.8617021276595747,3.1914893617021276,94,,,,,,,-0.23267105148145367,20,5.26,1.6,25.2,2,2,27,21,0,1,1,1,RP,13,116,20,8.9,9.47,7.36,7.01,0.7,8.654013189164415,0.03132921090669616,8,0.8888888888888888,-13.0,7,6,0,1,0.0,3.1785832528183953,0.14036763161752078,0.2,0.3007518796992481,0.07518796992481203,0.3454861111111111,0.297,0.16666666666666666,3.76,0.3139532869085001
677588,José Tena,L,WSH,8,Grayson Rodriguez,R,680570,822682,LAA @ WSH,10:35 AM,13/09,Pre-Game,0.5146359358603381,,,,False,0010001000,live,0,0,0.0,0,0,0.17876206623517557,0.3049800415409536,0.28188922119986404,0.285785367799463,0.357888335638431,20,1,-0.2800829875518672,1.04,33.2,F,0.2691275167785235,2.0930408889698215,0.4459255297772668,0.2072313484616767,17,6,0,0.5,0.21991701244813278,0.5313553607552259,0.21375590020229265,0.25488873904248144,0.22706422018348624,0.20287253141831238,0.17994858611825193,0.21101417666303163,0.20714285714285716,155,0.2523364485981308,123,False,False,0.4734221228645888,0.04121381299574928,2.308411214953271,2.5981308411214954,107,,,,,,,-0.21088925453093976,20,6.28,1.57,81.2,4,7,75,37,0,0,0,17,SP,17,370,91,21.8,8.27,4.08,10.03,1.54,22.1649565190773,-0.030521650146052293,7,0.7777777777777778,-4.0,7,6,0,1,0.0,2.3588177403344406,0.2135746942639888,0.22142857142857142,0.2916666666666667,0.08653846153846154,0.4497354497354497,0.3177830687830688,0.3155080213903743,3.598,0.32135183788347826
596142,Gary Sánchez,R,MIL,4,Chase Burns,R,695505,823734,CIN @ MIL,11:10 AM,13/09,Pre-Game,0.5144446271756188,,,,False,0000100100,live,0,0,0.0,0,0,0.12980112238604305,0.339974763264273,0.39646208526666443,0.3264988586781281,0.33834344610886397,20,5,-0.009984639016897057,0.97,78.7,B,0.2980376124284546,3.6392289015934853,0.3846293468800376,0.30891814188396843,20,6,0,0.21428571428571427,0.20430107526881722,0.5605069501226492,0.3875715453802126,0.051921504497138185,0.18741450068399454,0.1652892561983471,0.17253521126760563,0.18181818181818182,0.1651376146788991,139,0.2604166666666667,116,False,False,0.5455272101711462,-0.031082582995527464,2.5949367088607596,3.2278481012658227,79,,,,,,,-0.2451117591011912,20,2.73,1.14,148.1,15,3,176,51,0,0,0,27,SP,27,602,118,22.3,10.68,3.09,7.16,0.91,21.527707490665158,0.028326801395809786,7,0.875,-7.0,7,6,1,1,0.0,2.983714266091824,0.13517831412179712,0.21818181818181817,0.22959183673469388,0.12755102040816327,0.4173611111111111,0.28749027777777775,0.18932038834951456,4.16,0.392595987413718
691783,Jordan Lawlar,R,AZ,9,Cal Quantrill,R,615698,825033,TEX @ AZ,1:10 PM,13/09,Scheduled,0.514202945450706,,,,False,0100000110,estimated,0,0,0.0,0,0,0.16756637372197733,0.31786672415182554,0.27225546325208655,0.21146464227128453,0.307932064331891,20,1,-0.18244315177154946,1.0,69.0,B,0.251414204902577,4.2908367010424255,0.37380330490279096,0.19241252923655672,20,5,0,0.3114754098360656,0.12903225806451613,0.6925015752993069,0.07876496534341525,0.22873345935727787,0.20474777448071216,0.19428571428571428,0.3592233009708738,0.22764227642276422,0.26,55,0.23809523809523808,47,False,False,0.4843157598537182,0.029887185596987775,2.967741935483871,3.2903225806451615,31,,,,,,,-0.16592222981331126,20,2.89,1.06,102.2,8,5,77,25,0,0,0,13,RP,30,417,84,13.9,6.75,2.19,7.36,1.05,18.600080660546006,-0.01590294545070603,7,0.7777777777777778,7.0,7,6,0,1,0.0,2.9632988078231346,0.04757198368560555,0.23255813953488372,0.3004115226337449,0.07407407407407407,0.26936619718309857,0.2915985915492958,0.20114942528735633,3.443,0.33058762229759503
701852,Drew Cavanaugh,L,SF,8,Nick Pivetta,R,601713,823171,SD @ SF,4:20 PM,13/09,Scheduled,0.507000907162201,,,,False,0110110101,estimated,0,0,0.0,0,0,0.1886701335867705,0.37735873351684923,0.24591252733440616,0.3516819785780829,0.44972737446978733,20,1,0.10053981106612686,0.994,59.0,C,0.2815884476534296,,,,4,6,0,0.15384615384615385,0.2543859649122807,0.7111913357400722,0.2888086642599278,0.0,0.23931623931623933,0.22127659574468084,0.16346153846153846,0.22469135802469137,0.22727272727272727,74,0.26229508196721313,71,True,False,0.5137925917388898,-0.006791684576688772,2.5918367346938775,2.9591836734693877,49,,,,,,,0.03297523561031622,20,3.43,0.95,21.0,2,2,26,6,0,0,0,5,SP,5,83,14,16.6,11.14,2.57,6.0,0.0,,0.004559092837798984,5,0.625,18.0,6,6,0,1,0.0,2.839536661824688,0.028846323283491404,0.2440944881889764,0.27586206896551724,0.10344827586206896,0.2988505747126437,0.36597126436781613,0.14705882352941177,3.598,0.28529618718518623
666211,Taylor Trammell,L,HOU,9,Freddy Peralta,R,642547,822928,HOU @ TB,10:40 AM,13/09,Pre-Game,0.507000907162201,,,,False,1010101110,live,0,0,0.0,0,0,0.17654227629795619,0.2871519028948103,0.328883318666436,0.2634443296194248,0.2083512195834733,20,1,0.07864823348694316,0.96,57.8,C,0.2576804915514593,2.7567842091588703,0.39754562721632103,0.19425111682887675,20,5,0,0.13333333333333333,0.2119815668202765,0.5293891663465232,0.23703419131771034,0.23357664233576642,0.20372526193247964,0.2129817444219067,0.1853146853146853,0.2031726662599146,0.24817518248175183,151,0.14736842105263157,110,False,False,0.4864056957667471,0.02059521139545395,2.7294117647058824,3.070588235294118,85,,,,,,,-0.0554205551773225,20,4.82,1.36,153.0,8,11,142,55,0,0,0,29,SP,29,667,153,23.0,8.35,3.24,9.0,1.35,22.599958975710265,-0.0032842404955344406,6,0.6666666666666666,1.0,6,6,1,1,0.0,3.0865078304861746,0.07852195752400734,0.20376175548589343,0.30277777777777776,0.09722222222222222,0.36984126984126986,0.27755238095238094,0.2546419098143236,3.443,0.2665971017974277
683090,Matthew Lugo,R,KC,6,Payton Tolle,L,801139,824708,KC @ BOS,12:05 PM,13/09,Pre-Game,0.5025743972139612,,,,False,100100,estimated,0,0,0.0,0,0,0.19511974631178255,,,,0.4400310985239276,6,1,-0.3333333333333333,1.063,80.4,A,0.2901381610290615,5.187606327883287,0.38430900021443926,0.3210049658168848,20,7,0,0.0,0.3333333333333333,0.875417661097852,0.0945107398568019,0.03007159904534606,0.1590909090909091,0.1111111111111111,,0.13513513513513514,0.0,6,0.4,6,False,False,0.5286921085063326,-0.026117711292371393,1.8333333333333333,2.0,6,,,,,,,,6,3.15,1.08,137.0,9,6,159,37,0,0,0,24,SP,24,551,111,23.0,10.45,2.43,7.29,0.99,22.977918732721967,0.04007004723048324,9,1.0,3.0,5,6,0,1,0.0,2.072348764684594,0.09220706754849534,0.22772277227722773,0.3490566037735849,0.02830188679245283,0.34375,0.244796875,0.20833333333333334,3.896,0.357371380347001
678218,Brandon Valenzuela,L,TOR,8,Trevor Rogers,L,669432,822764,BAL @ TOR,10:37 AM,13/09,Pre-Game,0.49653103552187566,-108.0,117.0,52.0,False,0011100000,live,0,0,0.0,0,0,0.15044833123661125,0.2912923744388552,0.3617486168375308,0.19937765989728215,0.2506536425299558,20,4,-0.06498708010335916,0.995,80.2,A,0.2881427964300892,5.621571149880096,0.35919174262717996,0.2504919765237395,20,6,0,0.16279069767441862,0.22777777777777777,0.6530612244897959,0.14243197278911565,0.20450680272108843,0.15401540154015403,0.1752021563342318,0.19217081850533807,0.16719846841097638,0.18604651162790697,144,0.2553191489361702,109,True,False,0.5182167999626215,-0.021685764440745825,3.0547945205479454,3.4657534246575343,73,,,,,,,-0.20677323622378693,20,4.15,1.21,151.2,10,9,138,37,0,0,0,27,SP,27,629,147,23.3,8.19,2.2,8.72,0.95,24.066298166245506,0.01587896447812448,10,1.0,6.0,7,6,0,1,0.0,3.532034462201097,0.09496350439972312,0.22026431718061673,0.2607003891050584,0.10116731517509728,0.3765625,0.32994375,0.2,3.598,0.34609215141385274
686475,Tyler Tolbert,R,KC,9,Payton Tolle,L,801139,824708,KC @ BOS,12:05 PM,13/09,Pre-Game,0.4868253084800111,,,,False,0011111000,estimated,0,0,0.0,0,0,0.30131254270728913,0.29546424257521287,0.18268132675593382,0.4405198199960541,0.32766386644293233,20,2,-0.04999999999999999,1.063,80.4,A,0.2901381610290615,5.187606327883287,0.38430900021443926,0.3210049658168848,20,7,0,0.27692307692307694,0.3269230769230769,0.875417661097852,0.0945107398568019,0.03007159904534606,0.23316062176165803,0.2978723404255319,0.2595419847328244,0.2584745762711864,0.22950819672131148,71,0.375,64,False,False,0.5063683717464786,-0.019543063266467542,2.34,2.7,50,,,,,,,0.016850847774583545,20,3.15,1.08,137.0,9,6,159,37,0,0,0,24,SP,24,551,111,23.0,10.45,2.43,7.29,0.99,22.977918732721967,0.04174135818665553,9,1.0,3.0,5,6,0,1,0.0,2.280136215186514,0.08398464275638316,0.28846153846153844,0.20920502092050208,0.07112970711297072,0.26529535864978904,0.26086708860759494,0.20833333333333334,3.443,0.357371380347001
683146,Brett Baty,L,NYM,8,Cam Schlittler,R,693645,823495,NYM @ NYY,10:35 AM,13/09,Pre-Game,0.4864056957667471,117.0,-113.0,46.0,False,0100111111,live,0,0,0.0,0,0,0.4225711978820461,0.3628266872381542,0.48002360750029055,0.49550345428840736,0.20792853020973925,20,4,0.021671826625386997,1.007,72.2,B,0.299784327821711,4.568983935266061,0.4042034146864316,0.331556639137189,20,5,0,0.21052631578947367,0.23219814241486067,0.8941684665226782,0.10583153347732181,0.0,0.23874195854181557,0.21023513139695713,0.24777183600713013,0.23260141421659844,0.25229357798165136,239,0.19753086419753085,188,False,False,0.5212363117523077,-0.03483061598556059,3.04,3.416,125,,,,,,,0.15360554226761866,20,2.01,0.92,178.2,13,6,220,42,0,0,0,30,SP,30,701,122,23.4,11.08,2.12,6.15,0.81,23.774646964586804,0.043660970899919604,6,0.75,10.0,7,6,0,1,0.0,2.6397509259910037,0.0721201788383282,0.2292817679558011,0.2713936430317848,0.09290953545232274,0.42257636122177955,0.3422868525896414,0.1953125,3.598,0.29071860014520834
683357,Owen Caissie,L,MIA,8,Emmet Sheehan,R,686218,823815,LAD @ MIA,10:40 AM,13/09,Pre-Game,0.4825157505015101,,,,False,0100100100,estimated,0,0,0.0,0,0,0.18435000531493717,0.3509344838512986,0.29936558628534565,0.305501384733057,0.3287166651363086,20,1,-0.03181818181818183,1.0,72.0,B,0.29955207166853304,3.7887714165515654,0.404395060493802,0.27761730753234765,20,6,0,0.25,0.21818181818181817,0.42696629213483145,0.4117977528089888,0.16123595505617977,0.20680147058823528,0.19387755102040816,0.2529002320185615,0.21267985611510792,0.2215909090909091,199,0.21739130434782608,134,False,False,0.47610796854539844,0.006407781956111636,2.7196261682242993,3.1121495327102804,107,,,,,,,-0.07977470200392463,20,5.08,1.26,101.0,5,8,118,31,0,0,0,21,SP,21,433,96,20.6,10.51,2.76,8.55,1.87,20.482361274884852,-0.0009532505015100723,8,1.0,3.0,5,6,0,1,0.0,2.818140910835191,0.20114408043178514,0.22012578616352202,0.37362637362637363,0.08516483516483517,0.45283882783882784,0.36226923076923073,0.2638888888888889,3.598,0.34190294853066916
703492,Nick Morabito,R,NYM,9,Cam Schlittler,R,693645,823495,NYM @ NYY,10:35 AM,13/09,Pre-Game,0.4797413910747075,104.0,-100.0,49.0,False,0000010011,live,0,0,0.0,0,0,0.20977376461962582,0.4524652078124227,0.39608443449037445,0.2457822506173193,0.26552896213720983,10,1,0.38461538461538464,1.007,72.2,B,0.299784327821711,4.568983935266061,0.4042034146864316,0.331556639137189,20,5,0,0.0,0.38461538461538464,0.8941684665226782,0.10583153347732181,0.0,0.14444444444444443,0.18518518518518517,0.12,0.15384615384615385,0.15384615384615385,16,0.23076923076923078,16,True,False,0.5176519700480465,-0.03791057897333905,2.6,3.2,10,,,,,,,0.02251366958669633,10,2.01,0.92,178.2,13,6,220,42,0,0,0,30,SP,30,701,122,23.4,11.08,2.12,6.15,0.81,23.774646964586804,0.0449419422586258,6,0.75,10.0,7,6,0,1,0.0,3.2720756703546403,0.08642387290293012,,,,,,0.18007662835249041,3.443,0.29071860014520834
669224,Austin Wells,L,NYY,8,Christian Scott,R,681035,823495,NYM @ NYY,10:35 AM,13/09,Pre-Game,0.4777830254256264,117.0,-104.0,46.0,False,1100000000,live,0,0,0.0,0,0,0.1520613180422608,0.24205291696235665,0.43229001562946334,0.2298083108822846,0.2659876863106489,20,1,0.05183714001986098,1.007,68.0,B,0.2804878048780488,2.937714556539428,0.3433662891026025,0.28136531410649956,20,7,0,0.1368421052631579,0.18867924528301888,0.6794231835829173,0.28618968386023297,0.03438713255684969,0.16109422492401215,0.14306569343065692,0.14887640449438203,0.15422396856581533,0.15204678362573099,193,0.19852941176470587,162,False,False,0.48312784990645347,-0.005344824480827071,2.765765765765766,3.1981981981981984,111,,,,,,,-0.2616774728139618,20,3.81,1.29,99.1,4,4,120,44,0,0,0,21,SP,21,431,84,20.5,10.87,3.99,7.61,0.91,21.335263660927307,0.01550447457437365,8,0.8888888888888888,6.0,7,6,0,1,0.0,3.2063304494650775,0.14995635653214323,0.1782477341389728,0.2643979057591623,0.10471204188481675,0.4369565217391304,0.2919449275362319,0.22916666666666666,3.598,0.34818876088894013
571912,Luke Maile,R,KC,8,Payton Tolle,L,801139,824708,KC @ BOS,12:05 PM,13/09,Pre-Game,0.4742163791969823,,,,False,1110000000,estimated,0,0,0.0,0,0,0.1000582359714005,0.25249223126674813,0.31410297938547505,0.1908753830319998,0.31320955400657746,13,7,0.07575757575757575,1.063,80.4,A,0.2901381610290615,5.187606327883287,0.38430900021443926,0.3210049658168848,20,7,0,0.16666666666666666,0.09090909090909091,0.875417661097852,0.0945107398568019,0.03007159904534606,0.18867924528301888,0.18461538461538463,0.3076923076923077,0.1940928270042194,0.23809523809523808,22,0.0,16,False,False,0.4734221228645888,0.0007942563323934948,2.6923076923076925,2.923076923076923,13,,,,,,,-0.18550823307031833,13,3.15,1.08,137.0,9,6,159,37,0,0,0,24,SP,24,551,111,23.0,10.45,2.43,7.29,0.99,22.977918732721967,0.02272806524746207,9,1.0,3.0,5,6,0,1,0.0,2.9208244298167934,0.06690680197799194,0.19805194805194806,0.3002832861189802,0.08781869688385269,0.3217821782178218,0.29200990099009905,0.20833333333333334,3.598,0.357371380347001
691728,Zac Veen,L,COL,9,Jackson Jobe,R,695549,824225,COL @ DET,9:10 AM,13/09,In Progress,0.47253935278620246,138.0,113.0,42.0,False,0110010101,live,0,0,0.0,0,0,0.2891980805713316,0.366559559513114,0.3587328070627307,0.5526133516472723,0.40310541790223003,20,2,0.0,1.004,48.4,D,0.22709163346613545,2.190183403343664,0.35737836074951496,0.21497546039351856,6,7,0,,0.26666666666666666,0.547808764940239,0.3426294820717131,0.10956175298804781,0.24096385542168675,0.3125,0.24,0.2571428571428571,0.30434782608695654,27,0.22727272727272727,27,False,False,0.47672006795034183,-0.00418071516413937,1.8,2.16,25,,,,,,,-0.13038446265654544,20,4.6,1.4,29.1,1,2,28,12,0,0,0,7,SP,7,129,29,18.4,8.59,3.68,8.9,1.84,20.976644678225803,0.028949536102686413,9,0.8181818181818182,-13.0,7,6,0,1,0.0,1.984036398031837,0.12179660839302478,0.22950819672131148,0.36496350364963503,0.072992700729927,0.3194444444444444,0.17648611111111112,0.2222222222222222,3.443,0.3064349163661517
621493,Taylor Ward,R,SEA,8,Jacob Lopez,L,682052,824952,SEA @ ATH,1:05 PM,13/09,Scheduled,0.47247430176555233,,,,False,1010000100,estimated,0,0,0.0,0,0,0.08450639848823209,0.3270694594271273,0.3015926474058791,0.15277802020443598,0.2658115560813973,20,2,-0.028259726603575175,0.977,76.6,B,0.27455919395465994,2.702336869434928,0.3122221168653704,0.23515856575631802,20,6,0,0.20833333333333334,0.23659305993690852,0.5756048387096774,0.34173387096774194,0.08266129032258064,0.23587907716786,0.21009036144578314,0.20093457943925233,0.2243559718969555,0.23232323232323232,360,0.21808510638297873,234,False,False,0.46622304143080745,0.006251260334744879,3.5661764705882355,4.367647058823529,136,,,,,,,-0.3013498729871468,20,4.78,1.45,111.0,6,4,104,53,0,0,0,21,SP,24,492,108,20.5,8.43,4.3,8.76,1.54,21.0788589079087,0.013936809345558798,9,0.8181818181818182,-9.0,5,6,1,1,0.0,3.0412175953238267,0.23267967758375588,0.20902612826603326,0.21235521235521235,0.16602316602316602,0.39228295819935693,0.3175980707395498,0.26582278481012656,3.598,0.3490484517435875
703155,Lazaro Montes,L,SEA,9,Jacob Lopez,L,682052,824952,SEA @ ATH,1:05 PM,13/09,Scheduled,0.47192725338125907,,,,False,1100011010,estimated,0,0,0.0,0,0,0.2626452611645568,0.4931271187062279,0.3099166617222412,0.5023999407441718,0.4098706558956838,10,1,0.0,0.977,76.6,B,0.27455919395465994,2.702336869434928,0.3122221168653704,0.23515856575631802,20,6,0,,0.24,0.5756048387096774,0.34173387096774194,0.08266129032258064,0.2777777777777778,0.17857142857142858,0.4782608695652174,0.2926829268292683,0.375,9,0.17647058823529413,18,True,False,0.47672006795034183,-0.0047928145690827595,2.5,2.7,10,,,,,,,-0.07097034160788636,10,4.78,1.45,111.0,6,4,104,53,0,0,0,21,SP,24,492,108,20.5,8.43,4.3,8.76,1.54,21.0788589079087,0.019128302174296508,9,0.8181818181818182,-9.0,5,6,1,1,0.0,2.54681383396728,0.1497734597807525,,,,,,0.21428571428571427,3.443,0.3490484517435875
690976,Alex Freeland,L,LAD,9,Eury Pérez,R,691587,823815,LAD @ MIA,10:40 AM,13/09,Pre-Game,0.4594504213854333,,,,False,0001000111,estimated,0,0,0.0,0,0,0.15384765246858748,0.32080350315799255,0.4202544549796533,0.2953075347720602,0.33035500891034386,20,1,0.027979274611398958,1.0,58.4,C,0.2696534234995773,2.21767189295107,0.37455942615538196,0.2575627027959762,20,6,0,0.2,0.22797927461139897,0.5578144853875476,0.3562049978822533,0.08598051673019907,0.23778071334214002,0.2518891687657431,0.2054380664652568,0.23308774279973207,0.22123893805309736,124,0.22857142857142856,128,False,False,0.4658582033415448,-0.006407781956111525,2.658536585365854,3.073170731707317,82,,,,,,,-0.06785329514012856,20,3.94,1.24,139.1,7,11,150,62,0,0,0,26,SP,26,581,111,22.3,9.69,4.0,7.17,1.1,22.540769063549376,0.016312078614566683,8,0.8888888888888888,11.0,5,6,0,1,0.0,2.5310741608483194,0.0722569282943367,0.2111801242236025,0.30376344086021506,0.11021505376344086,0.38317384370015944,0.29100000000000004,0.20279720279720279,3.443,0.3162021099744134
665750,Leody Taveras,L,BAL,8,Dylan Cease,R,656302,822764,BAL @ TOR,10:37 AM,13/09,Pre-Game,0.45491875134797594,104.0,-100.0,49.0,False,0000001100,live,7,2,0.2857142857142857,1,2022,0.1281487669641118,0.24528291988738513,0.3269500914800347,0.18858057380507767,0.41169809376376654,20,1,0.038215827338129504,0.995,91.8,A,0.31414956011730205,3.4511031584171814,0.30374555248690677,0.3391174384004296,20,6,0,0.192,0.2302158273381295,0.44737807114044736,0.43747708104143745,0.11514484781811514,0.19303135888501743,0.21156373193166886,0.18381112984822934,0.1960573476702509,0.2336448598130841,241,0.20105820105820105,213,False,False,0.49653103552187566,-0.04161228417389973,3.224,3.632,125,,,,,,,-0.20264726270407515,20,2.4,1.04,161.1,10,5,227,67,0,0,0,27,SP,27,644,101,23.9,12.66,3.74,5.63,0.61,23.994602569663183,0.04442410579488126,7,0.7777777777777778,19.0,7,6,0,1,0.0,3.246883772763513,0.05339126836462826,0.2131979695431472,0.2585034013605442,0.08163265306122448,0.3324404761904762,0.29337857142857143,0.16363636363636364,3.598,0.27396213187468255
681297,Colton Cowser,L,BAL,9,Dylan Cease,R,656302,822764,BAL @ TOR,10:37 AM,13/09,Pre-Game,0.44211115918550803,144.0,-138.0,41.0,False,1000010011,live,0,0,0.0,0,0,0.28640484786216447,0.3836055748069512,0.4944410633008237,0.42372684997371957,0.3696730294416421,20,1,0.10572063877097232,0.995,91.8,A,0.31414956011730205,3.4511031584171814,0.30374555248690677,0.3391174384004296,20,6,0,0.11764705882352941,0.22336769759450173,0.44737807114044736,0.43747708104143745,0.11514484781811514,0.22245762711864406,0.18706047819971872,0.2204007285974499,0.21043083900226758,0.2129032258064516,178,0.2222222222222222,177,False,False,0.4864056957667471,-0.04429453658123905,2.5454545454545454,2.9338842975206614,121,,,,,,,-0.0614871682945368,20,2.4,1.04,161.1,10,5,227,67,0,0,0,27,SP,27,644,101,23.9,12.66,3.74,5.63,0.61,23.994602569663183,0.04504598367163487,7,0.7777777777777778,19.0,7,6,0,1,0.0,3.4144489155850337,0.10498352097147869,0.21568627450980393,0.3059490084985836,0.11898016997167139,0.40993265993266,0.3396717171717171,0.16363636363636364,3.443,0.27396213187468255
