batter_id,name,batter_hand,team,slot,pitcher,pitcher_hand,opp_pitcher_id,game_pk,matchup,start_time,game_date,game_state,p_hit,hit_odds,no_hit_odds,yes_cents,has_hit,last5,lineup_source,bvp_ab,bvp_h,bvp_avg,b_hit_rate,b_xba,b_hardhit,b_babip,b_k_rate,b_n_games,b_days_rest,split_diff,park_factor,p_rating,p_grade,p_csw,p_k_bb,p_hardhit_allowed,p_k_rate,p_n_games,p_days_rest,is_opener,b_hit_rate_vs_L,b_hit_rate_vs_R,p_use_fb,p_use_bb,p_use_os,b_hr_vs_fb,b_hr_vs_bb,b_hr_vs_os,b_hr_overall,b_hit_rate_vs_sp,b_pa_vs_sp,b_hit_rate_vs_rp,b_pa_vs_rp,b_is_rookie,p_is_rookie,base_p_hit,matchup_delta,b_avg_ab,b_avg_pa,b_games_played,p_multihit,base_p_multihit,p_multihit_matchup_delta,p_hrRbi,base_p_hrRbi,p_hrRbi_matchup_delta,b_quality_first3,b_n_games_first3,lean_tag,p_era,p_whip_official,p_ip,p_wins,p_losses,p_so,p_bb_official,p_saves,p_blown_saves,p_save_opps,p_games_started,p_role,p_games_pitched,p_bf_official,p_hits_allowed,p_bf_per_g,p_k9,p_bb9,p_h9,p_hr9,p_avg_bf
672515,Gabriel Moreno,R,AZ,4,Miles Mikolas,R,571945,822706,AZ @ WSH,10:35 AM,26/07,Scheduled,0.7476066928448933,,,,False,1111011111,estimated,0,0,0.0,0.4117795674313216,0.44493424860755726,0.31139514392760753,0.48960163950233365,0.12980344866421306,20,2,0.05048514251061248,1.04,45.3,D,0.24122236671001301,2.775275147864908,0.42163339005121,0.10380824187309151,20,5,0,0.27941176470588236,0.32989690721649484,0.4977228366948601,0.42745608327911516,0.07482108002602472,0.3293818797629128,0.3177710843373494,0.31835205992509363,0.32114392873886544,0.3026315789473684,172,0.33636363636363636,137,False,False,0.6830509773623783,0.06455571548251504,3.4473684210526314,4.065789473684211,76,,,,,,,0.29728949722188136,20,STRONG,5.6,1.34,98.0,3,7,51,20,0,0,0,8,RP,21,417,111,19.9,4.68,1.84,10.19,1.93,20.235746641944576
682829,Elly De La Cruz,L,CIN,1,Kyle Leahy,R,681517,823028,CIN @ STL,11:15 AM,26/07,Scheduled,0.7160859882446079,-212.0,223.0,68.0,False,1111110101,estimated,1,0,0.0,0.2753766680038027,0.3871308750675852,0.524994943495885,0.32685304154424105,0.19154436149263482,20,2,-0.0700046123097422,1.031,46.8,D,0.26560509554140127,2.8132322959622207,0.5063548919446615,0.2029824781450687,19,6,0,0.3291139240506329,0.2591093117408907,0.41427660930529,0.45315487571701724,0.1325685149776928,0.249665327978581,0.2511737089201878,0.253125,0.25142092945503175,0.27358490566037735,233,0.2807017543859649,136,False,False,0.6830509773623783,0.0330350108822296,3.975609756097561,4.5,82,,,,,,,0.08983167591445955,20,STRONG,3.59,1.35,95.1,7,4,79,33,0,0,0,19,SP,19,408,96,21.5,7.46,3.12,9.06,0.94,20.883317496536673
606466,Ketel Marte,L,AZ,1,Miles Mikolas,R,571945,822706,AZ @ WSH,10:35 AM,26/07,Scheduled,0.7148399754854372,-300.0,317.0,75.0,False,1001111011,estimated,0,0,0.0,0.23707841994258566,0.31965790651625764,0.3411627156959712,0.30011509074831855,0.21132795495578705,20,2,-0.00275025680108687,1.04,45.3,D,0.24122236671001301,2.775275147864908,0.42163339005121,0.10380824187309151,20,5,0,0.2621359223300971,0.2593856655290102,0.4977228366948601,0.42745608327911516,0.07482108002602472,0.24310118265440211,0.21514423076923078,0.24347826086956523,0.23631762100601075,0.252,269,0.273972602739726,164,False,False,0.6673282578246337,0.04751171766080353,4.040816326530612,4.418367346938775,98,,,,,,,0.13527293889460443,20,STRONG,5.6,1.34,98.0,3,7,51,20,0,0,0,8,RP,21,417,111,19.9,4.68,1.84,10.19,1.93,20.235746641944576
663616,Trevor Larnach,L,MIN,1,Jeffrey Springs,L,605488,823678,ATH @ MIN,11:10 AM,26/07,Scheduled,0.7139272031800167,,,,False,0111101111,estimated,0,0,0.0,0.3624630507015348,0.3652854045689726,0.36028840685614205,0.4143005183681793,0.1355544121063686,20,3,0.06531406336853807,1.022,48.7,D,0.27609811751283514,2.04839630868331,0.3764464279440654,0.18543209597658078,20,6,0,0.35714285714285715,0.2918287937743191,0.4540787221905305,0.31488876212207645,0.23103251568739305,0.28800755429650615,0.3075780089153046,0.2807017543859649,0.29283489096573206,0.31547619047619047,192,0.2621359223300971,121,False,False,0.6830509773623783,0.03087622581763838,3.1882352941176473,3.6823529411764704,85,,,,,,,0.09785947767304796,20,STRONG,5.96,1.42,102.2,3,9,86,38,0,0,0,20,SP,20,450,108,22.5,7.54,3.33,9.47,2.37,22.351147042896898
682998,Corbin Carroll,L,AZ,3,Miles Mikolas,R,571945,822706,AZ @ WSH,10:35 AM,26/07,Scheduled,0.7076943252463052,-233.0,257.0,70.0,False,0001011111,estimated,0,0,0.0,0.17266509862270352,0.3143166673725257,0.5339257472173008,0.24850270808033678,0.2626568475333967,20,2,-0.20000784806152883,1.04,45.3,D,0.24122236671001301,2.775275147864908,0.42163339005121,0.10380824187309151,20,5,0,0.40217391304347827,0.20216606498194944,0.4977228366948601,0.42745608327911516,0.07482108002602472,0.24292185730464327,0.28343558282208586,0.2043222003929273,0.24708926261319533,0.2672413793103448,259,0.22627737226277372,167,False,False,0.6544223298548927,0.053271995391412474,3.727272727272727,4.303030303030303,99,,,,,,,-0.0627939951063588,20,STRONG,5.6,1.34,98.0,3,7,51,20,0,0,0,8,RP,21,417,111,19.9,4.68,1.84,10.19,1.93,20.235746641944576
672695,Geraldo Perdomo,L,AZ,2,Miles Mikolas,R,571945,822706,AZ @ WSH,10:35 AM,26/07,Scheduled,0.7076943252463052,,,,False,0000111000,estimated,0,0,0.0,0.14840791900381378,0.18114515361983904,0.16645914124708633,0.15592165898888583,0.11588681917546115,20,2,-0.04498626373626374,1.04,45.3,D,0.24122236671001301,2.775275147864908,0.42163339005121,0.10380824187309151,20,5,0,0.26373626373626374,0.21875,0.4977228366948601,0.42745608327911516,0.07482108002602472,0.2238888888888889,0.24592391304347827,0.22509225092250923,0.22924773022049286,0.26540284360189575,257,0.17647058823529413,168,False,False,0.6649858388012776,0.04270848644502756,3.505050505050505,4.292929292929293,99,,,,,,,-0.17351383349800475,20,STRONG,5.6,1.34,98.0,3,7,51,20,0,0,0,8,RP,21,417,111,19.9,4.68,1.84,10.19,1.93,20.235746641944576
701538,Jackson Merrill,L,SD,2,Janson Junk,R,676083,823840,SD @ MIA,10:40 AM,26/07,Scheduled,0.7051416996233683,,,,False,1000101100,estimated,0,0,0.0,0.22941106031143926,0.3680606071653614,0.5193915922810883,0.28628473523673464,0.21535514415646434,20,2,-0.07970779220779217,1.0,45.8,D,0.2547085201793722,2.330573945115681,0.41365812876957175,0.17435732768495765,13,6,0,0.2875,0.2077922077922078,0.38240574506283664,0.4245960502692998,0.19299820466786355,0.23252032520325203,0.22485207100591717,0.16298811544991512,0.21874049285062366,0.211864406779661,256,0.24342105263157895,166,False,False,0.6746115055675278,0.030530194055840454,3.919191919191919,4.262626262626263,99,,,,,,,-0.052264057720054415,20,STRONG,5.09,1.35,69.0,4,6,51,20,0,0,0,13,SP,13,295,73,22.7,6.65,2.61,9.52,1.43,22.65905925037948
695506,Jac Caglianone,L,KC,2,Framber Valdez,L,664285,824246,KC @ DET,10:40 AM,26/07,Scheduled,0.702982914558777,,,,False,1111111000,estimated,0,0,0.0,0.19611806044003202,0.3144624899005845,0.5462881356518569,0.2497872537545004,0.19986545567979733,20,2,0.02612804157807702,1.004,44.7,D,0.27413793103448275,2.1240508517550603,0.4207559436329998,0.18125825828247394,20,5,0,0.27710843373493976,0.25098039215686274,0.48186528497409326,0.3252734599884859,0.19286125503742085,0.24524886877828053,0.2361111111111111,0.22739018087855298,0.23847780126849893,0.26881720430107525,208,0.24342105263157895,160,False,False,0.6830509773623783,0.01993193719639874,3.5208333333333335,3.8333333333333335,96,,,,,,,0.006784613042574262,20,STRONG,4.57,1.38,108.1,5,7,88,38,0,0,0,20,SP,20,479,111,23.9,7.31,3.16,9.22,0.91,23.438089195237545
686948,Drake Baldwin,L,ATL,1,Shane Baz,R,669358,824810,ATL @ BAL,10:35 AM,26/07,Scheduled,0.6988594687659985,,,,False,1111100111,estimated,0,0,0.0,0.32959575137319935,0.3499450086436681,0.517754252852284,0.3877811727895928,0.12934312067832066,20,2,0.01708088170720995,1.044,47.3,D,0.26163391933815927,2.9120197941557304,0.4310735591441168,0.2166897446041324,20,6,0,0.2627118644067797,0.27979274611398963,0.5888773388773388,0.3295218295218295,0.0816008316008316,0.2570162481536189,0.23315363881401618,0.2955801104972376,0.2559934985778139,0.26455026455026454,215,0.28688524590163933,142,False,False,0.6837125817429422,0.015146887023056221,3.8875,4.4625,80,,,,,,,0.01005204965394105,20,STRONG,4.05,1.37,117.2,4,9,105,42,0,0,0,20,SP,20,507,119,25.4,8.03,3.21,9.1,0.69,25.351119531397735
545121,Ildemaro Vargas,L,AZ,6,Miles Mikolas,R,571945,822706,AZ @ WSH,10:35 AM,26/07,Scheduled,0.6979960493842361,,,,False,1010111111,estimated,0,0,0.0,0.28144301987242165,0.33204060359693915,0.5164913874697481,0.3094091739263283,0.06677484010299883,20,3,-0.0643750942258405,1.04,45.3,D,0.24122236671001301,2.775275147864908,0.42163339005121,0.10380824187309151,20,5,0,0.31313131313131315,0.24875621890547264,0.4977228366948601,0.42745608327911516,0.07482108002602472,0.28019323671497587,0.2791095890410959,0.26063829787234044,0.27586206896551724,0.275,170,0.2642857142857143,153,False,False,0.6570574778798141,0.04093857150442204,3.5714285714285716,3.8452380952380953,84,,,,,,,0.0309202155751065,20,STRONG,5.6,1.34,98.0,3,7,51,20,0,0,0,8,RP,21,417,111,19.9,4.68,1.84,10.19,1.93,20.235746641944576
670541,Yordan Álvarez,L,HOU,2,Erick Fedde,R,607200,824572,HOU @ CWS,11:10 AM,26/07,Scheduled,0.6952129657078144,-245.0,285.0,71.0,False,1111111111,estimated,0,0,0.0,0.40861848824844726,0.4254114379973581,0.5149694525453891,0.4731152421644473,0.165940615624868,20,2,0.08953766008248315,0.968,44.8,D,0.25406758448060074,2.294625218470131,0.40100250176271807,0.1822101870907641,20,6,0,0.2647058823529412,0.35424354243542433,0.4981179422835634,0.370138017565872,0.13174404015056462,0.3359957401490948,0.2983490566037736,0.3956953642384106,0.3380029806259314,0.363265306122449,288,0.265625,159,False,False,0.6830509773623783,0.012161988345436137,3.656862745098039,4.382352941176471,102,,,,,,,0.23527242335762288,20,STRONG,4.16,1.4,93.0,5,6,66,35,0,0,0,10,RP,20,405,95,20.2,6.39,3.39,9.19,1.55,19.72829973316642
678882,Ceddanne Rafaela,R,BOS,2,Kevin Gausman,R,592332,824730,TOR @ BOS,10:35 AM,26/07,Scheduled,0.6942300143130344,,,,False,1111111011,estimated,0,0,0.0,0.28774046075338916,0.2919027019142579,0.3611961753049242,0.3690384827453065,0.18833664386019808,20,2,0.006139463494610531,1.063,50.3,C,0.28307692307692306,2.699344841596878,0.40423544561628194,0.2226533380258557,20,5,0,0.27522935779816515,0.2813688212927757,0.5159137577002053,0.10164271047227925,0.3824435318275154,0.28651685393258425,0.27149321266968324,0.24188790560471976,0.27724867724867724,0.27601809954751133,236,0.2847682119205298,162,False,False,0.6830509773623783,0.01117903695065614,3.9157894736842107,4.189473684210526,95,,,,,,,0.017488810313710006,20,NEUTRAL,4.51,1.28,115.2,4,9,117,34,0,0,0,21,SP,21,491,114,23.4,9.1,2.65,8.87,1.17,23.673604280258065
686469,Vinnie Pasquantino,L,KC,4,Framber Valdez,L,664285,824246,KC @ DET,10:40 AM,26/07,Scheduled,0.6930264306599545,-150.0,170.0,60.0,False,1011101110,estimated,1,0,0.0,0.26560072661114065,0.33026478557200356,0.5067154210687778,0.3657106367627748,0.2011236171265992,20,2,-0.06365207373271889,1.004,44.7,D,0.27413793103448275,2.1240508517550603,0.4207559436329998,0.18125825828247394,20,5,0,0.1774193548387097,0.24107142857142858,0.48186528497409326,0.3252734599884859,0.19286125503742085,0.22558667676003027,0.20223152022315202,0.28337874659400547,0.22732919254658385,0.22941176470588234,200,0.22413793103448276,130,False,False,0.6656063985451385,0.02742003211481603,3.7142857142857144,4.285714285714286,77,,,,,,,0.2414480447533104,20,STRONG,4.57,1.38,108.1,5,7,88,38,0,0,0,20,SP,20,479,111,23.9,7.31,3.16,9.22,0.91,23.438089195237545
671739,Michael Harris,L,ATL,4,Shane Baz,R,669358,824810,ATL @ BAL,10:35 AM,26/07,Scheduled,0.6930264306599545,,,,False,1011111011,estimated,0,0,0.0,0.30787633283315685,0.31572540136620636,0.4731580937922184,0.3879426866583947,0.16469393344425592,20,2,0.004777892561983466,1.044,47.3,D,0.26163391933815927,2.9120197941557304,0.4310735591441168,0.2166897446041324,20,6,0,0.296875,0.30165289256198347,0.5888773388773388,0.3295218295218295,0.0816008316008316,0.277992277992278,0.25572519083969464,0.3155216284987277,0.278465840990811,0.2914572864321608,213,0.30994152046783624,181,False,False,0.6834738557914989,0.009552574868455621,3.814432989690722,4.061855670103093,97,,,,,,,0.2124777070705069,20,STRONG,4.05,1.37,117.2,4,9,105,42,0,0,0,20,SP,20,507,119,25.4,8.03,3.21,9.1,0.69,25.351119531397735
695600,Carter Jensen,L,KC,1,Framber Valdez,L,664285,824246,KC @ DET,10:40 AM,26/07,Scheduled,0.6925081550335391,,,,False,0011101010,estimated,1,0,0.0,0.1872373201498202,0.25631287922923657,0.4730859791925789,0.2806408018648705,0.38209781684160155,20,2,-0.037019826517967785,1.004,44.7,D,0.27413793103448275,2.1240508517550603,0.4207559436329998,0.18125825828247394,20,5,0,0.20833333333333334,0.24535315985130113,0.48186528497409326,0.3252734599884859,0.19286125503742085,0.20794701986754968,0.21389793702497287,0.24065420560747663,0.21634782608695652,0.23300970873786409,223,0.24444444444444444,160,False,False,0.6457939739148024,0.04671418111873671,3.5520833333333335,3.9895833333333335,96,,,,,,,-0.06955187723096896,20,STRONG,4.57,1.38,108.1,5,7,88,38,0,0,0,20,SP,20,479,111,23.9,7.31,3.16,9.22,0.91,23.438089195237545
605137,Josh Bell,L,MIN,2,Jeffrey Springs,L,605488,823678,ATH @ MIN,11:10 AM,26/07,Scheduled,0.6908077837748531,,,,False,1011111100,estimated,0,0,0.0,0.2288522055530232,0.26247677748669856,0.4299402950806545,0.300003121480668,0.2453137943709585,20,2,0.0006833635152219131,1.022,48.7,D,0.27609811751283514,2.04839630868331,0.3764464279440654,0.18543209597658078,20,6,0,0.24778761061946902,0.2471042471042471,0.4540787221905305,0.31488876212207645,0.23103251568739305,0.2581329561527581,0.23785166240409208,0.24619640387275243,0.2496580027359781,0.28,243,0.19727891156462585,163,False,False,0.6592228134864044,0.031584970288448644,3.6831683168316833,4.01980198019802,101,,,,,,,0.038854010297901705,20,STRONG,5.96,1.42,102.2,3,9,86,38,0,0,0,20,SP,20,450,108,22.5,7.54,3.33,9.47,2.37,22.351147042896898
665019,Kody Clemens,L,MIN,3,Jeffrey Springs,L,605488,823678,ATH @ MIN,11:10 AM,26/07,Scheduled,0.6908077837748531,,,,False,0000100111,estimated,0,0,0.0,0.21333281093554776,0.27748998709600836,0.43773540260410637,0.2949186742578338,0.296932165210539,20,3,0.04069685428128089,1.022,48.7,D,0.27609811751283514,2.04839630868331,0.3764464279440654,0.18543209597658078,20,6,0,0.27450980392156865,0.23381294964028776,0.4540787221905305,0.31488876212207645,0.23103251568739305,0.23949579831932774,0.24933333333333332,0.218562874251497,0.2397614314115308,0.28125,211,0.18248175182481752,149,False,False,0.6649858388012776,0.025821944973575484,3.7386363636363638,4.090909090909091,88,,,,,,,0.01677983118020594,20,STRONG,5.96,1.42,102.2,3,9,86,38,0,0,0,20,SP,20,450,108,22.5,7.54,3.33,9.47,2.37,22.351147042896898
665161,Jeremy Peña,R,HOU,1,Erick Fedde,R,607200,824572,HOU @ CWS,11:10 AM,26/07,Scheduled,0.6886994469174832,,,,False,1110111111,estimated,0,0,0.0,0.3769915808281309,0.41077162653646454,0.43907541673652273,0.49997791593064084,0.18677345551192823,20,2,0.09344282692546968,0.968,44.8,D,0.25406758448060074,2.294625218470131,0.40100250176271807,0.1822101870907641,20,6,0,0.23404255319148937,0.32748538011695905,0.4981179422835634,0.370138017565872,0.13174404015056462,0.3255069370330843,0.2900641025641026,0.30638297872340425,0.30982787340366463,0.3146853146853147,157,0.29333333333333333,85,False,False,0.6830509773623783,0.005648469555104896,3.892857142857143,4.321428571428571,56,,,,,,,0.31001613571477743,20,STRONG,4.16,1.4,93.0,5,6,66,35,0,0,0,10,RP,20,405,95,20.2,6.39,3.39,9.19,1.55,19.72829973316642
664034,Ty France,R,SD,4,Janson Junk,R,676083,823840,SD @ MIA,10:40 AM,26/07,Scheduled,0.6884607209660398,,,,False,1111111011,estimated,0,0,0.0,0.36156730051245356,0.41131985886962324,0.6072217137547186,0.47699378174386914,0.21970142855211644,20,2,-0.03905526397036124,1.0,45.8,D,0.2547085201793722,2.330573945115681,0.41365812876957175,0.17435732768495765,13,6,0,0.3048780487804878,0.26582278481012656,0.38240574506283664,0.4245960502692998,0.19299820466786355,0.26418988648090813,0.28440366972477066,0.3712871287128713,0.2852992446252179,0.304,137,0.25217391304347825,130,False,False,0.6830509773623783,0.005409743603661532,3.287671232876712,3.6575342465753424,73,,,,,,,0.06317575895878204,20,STRONG,5.09,1.35,69.0,4,6,51,20,0,0,0,13,SP,13,295,73,22.7,6.65,2.61,9.52,1.43,22.65905925037948
650333,Luis Arráez,L,SF,1,José Soriano,R,667755,823194,LAA @ SF,1:05 PM,26/07,Scheduled,0.6884607209660398,,,,False,1110111001,estimated,0,0,0.0,0.3006441042453185,0.2884909749749176,0.10500909833819029,0.33828734319892406,0.06739337769468216,20,2,-0.017368892873151076,0.994,55.1,C,0.3036957686127477,2.181378134625959,0.38404213408148297,0.23100492552608418,20,6,0,0.33695652173913043,0.31958762886597936,0.4967845659163987,0.3033226152197213,0.19989281886387997,0.3671018276762402,0.3380681818181818,0.3185378590078329,0.3529606351306649,0.37554585152838427,250,0.24675324675324675,175,False,False,0.6880378425369192,0.0004228784291205878,3.9895833333333335,4.427083333333333,96,,,,,,,0.12729351160169247,20,NEUTRAL,3.43,1.25,118.0,8,6,122,54,0,0,0,21,SP,21,491,94,23.4,9.31,4.12,7.17,0.92,23.093184589783373
805779,Jacob Wilson,R,ATH,1,Connor Prielipp,L,687570,823678,ATH @ MIN,11:10 AM,26/07,Scheduled,0.6884607209660398,-285.0,300.0,74.0,False,1111111110,estimated,0,0,0.0,0.2880502251646743,0.3377631794787052,0.2744568963752716,0.32970336813419127,0.09653565218286521,20,2,0.011269671912510049,1.022,56.9,C,0.2731201382886776,3.0051876699968623,0.3935560851440098,0.2468093239297452,13,18,0,0.29347826086956524,0.2822085889570552,0.40570934256055363,0.4740484429065744,0.12024221453287197,0.2917748917748918,0.28888888888888886,0.2760416666666667,0.28888888888888886,0.29936305732484075,165,0.2653061224489796,104,False,True,0.6880378425369192,0.0004228784291205878,4.0476190476190474,4.26984126984127,63,,,,,,,0.23529736430269127,20,NEUTRAL,5.0,1.37,66.2,2,5,71,25,0,0,0,13,SP,13,294,66,22.6,9.59,3.38,8.91,1.08,23.22170381515117
670623,Isaac Paredes,R,HOU,3,Erick Fedde,R,607200,824572,HOU @ CWS,11:10 AM,26/07,Scheduled,0.6884607209660398,,,,False,0111111110,estimated,0,0,0.0,0.3001451031427725,0.27762729220433807,0.3031062412968858,0.3383562669707552,0.08061106928129838,20,2,0.01771653543307089,0.968,44.8,D,0.25406758448060074,2.294625218470131,0.40100250176271807,0.1822101870907641,20,6,0,0.25,0.2677165354330709,0.4981179422835634,0.370138017565872,0.13174404015056462,0.2611739364566505,0.25521821631878555,0.3346938775510204,0.2696035242290749,0.27631578947368424,255,0.23809523809523808,156,False,False,0.6830509773623783,0.005409743603661532,3.649484536082474,4.237113402061856,97,,,,,,,0.024005089833527046,20,STRONG,4.16,1.4,93.0,5,6,66,35,0,0,0,10,RP,20,405,95,20.2,6.39,3.39,9.19,1.55,19.72829973316642
665487,Fernando Tatís,R,SD,1,Janson Junk,R,676083,823840,SD @ MIA,10:40 AM,26/07,Scheduled,0.6880378425369192,,,,False,0011101110,estimated,0,0,0.0,0.2658674849912459,0.35350512999744277,0.5002036068916361,0.33095499551369795,0.19968555691858783,20,2,-0.07402806197018413,1.0,45.8,D,0.2547085201793722,2.330573945115681,0.41365812876957175,0.17435732768495765,13,6,0,0.3409090909090909,0.26688102893890675,0.38240574506283664,0.4245960502692998,0.19299820466786355,0.2689075630252101,0.2579650565262076,0.19069767441860466,0.2551659361302442,0.24793388429752067,276,0.3375796178343949,174,False,False,0.6818466226354921,0.006191219901427125,3.911764705882353,4.411764705882353,102,,,,,,,-0.0641500138318302,20,STRONG,5.09,1.35,69.0,4,6,51,20,0,0,0,13,SP,13,295,73,22.7,6.65,2.61,9.52,1.43,22.65905925037948
805808,Kevin Mcgonigle,L,DET,1,Luinder Avila,R,679883,824246,KC @ DET,10:40 AM,26/07,Scheduled,0.6874057110881185,,,,False,1100111111,estimated,3,1,0.3333333333333333,0.25989450998744834,0.29771696904066247,0.4265145280470086,0.3183618457015166,0.1564703902881195,20,3,0.06334779786107222,1.004,54.6,C,0.27884615384615385,1.6764320842719234,0.3443648433287924,0.2132693015044958,19,5,0,0.23008849557522124,0.29343629343629346,0.5305944055944056,0.368006993006993,0.10139860139860139,0.2755860491709548,0.29006085192697767,0.27807486631016043,0.28008487420430433,0.2826086956521739,269,0.2605633802816901,172,True,False,0.6746115055675278,0.01279420552059074,3.757575757575758,4.454545454545454,99,,,,,,,0.10200165925980711,20,NEUTRAL,4.86,1.56,63.0,5,3,57,35,0,0,0,10,SP,19,273,63,14.4,8.14,5.0,9.0,0.86,16.46206436192831
575929,Willson Contreras,R,BOS,4,Kevin Gausman,R,592332,824730,TOR @ BOS,10:35 AM,26/07,Scheduled,0.6874057110881185,,,,False,1101011111,estimated,0,0,0.0,0.34092586484147974,0.41532491266217664,0.5351162220593716,0.48821124831758395,0.2086328622448204,20,2,0.009866297833102833,1.063,50.3,C,0.28307692307692306,2.699344841596878,0.40423544561628194,0.2226533380258557,20,5,0,0.28888888888888886,0.2987551867219917,0.5159137577002053,0.10164271047227925,0.3824435318275154,0.2844884488448845,0.32132963988919666,0.27699530516431925,0.2939858050056033,0.31527093596059114,242,0.265625,147,False,False,0.6830509773623783,0.004354733725740245,3.5591397849462365,4.182795698924731,93,,,,,,,0.2979233641533201,20,NEUTRAL,4.51,1.28,115.2,4,9,117,34,0,0,0,21,SP,21,491,114,23.4,9.1,2.65,8.87,1.17,23.673604280258065
664761,Alec Bohm,R,PHI,4,Will Warren,R,701542,823433,NYY @ PHI,4:20 PM,26/07,Scheduled,0.6874057110881185,,,,False,0010110110,estimated,0,0,0.0,0.22522576327233598,0.3289121573675003,0.5399703133691516,0.27298625324363646,0.1680275709916637,20,2,-0.021934758155230605,1.009,37.5,D,0.2858844550327576,2.1500650810675492,0.417635237566317,0.20748231818010263,20,4,0,0.23622047244094488,0.21428571428571427,0.6577221228384019,0.23315444245676803,0.10912343470483005,0.1962962962962963,0.1781767955801105,0.2511013215859031,0.1961926961926962,0.215311004784689,227,0.23076923076923078,175,False,False,0.6830509773623783,0.004354733725740245,3.7244897959183674,4.1020408163265305,98,,,,,,,-0.014405867810498485,20,NEUTRAL,4.0,1.37,99.0,7,4,97,34,0,0,0,19,SP,20,433,102,21.6,8.82,3.09,9.27,1.27,20.991780472047562
678011,Anthony Seigler,L,BOS,1,Kevin Gausman,R,592332,824730,TOR @ BOS,10:35 AM,26/07,Scheduled,0.68681701243358,,,,False,0100110011,estimated,0,0,0.0,0.244924349446335,0.30962861299923117,0.3725058919484634,0.2687892161470151,0.14741390388890957,20,2,0.031690140845070436,1.063,50.3,C,0.28307692307692306,2.699344841596878,0.40423544561628194,0.2226533380258557,20,5,0,0.25,0.28169014084507044,0.5159137577002053,0.10164271047227925,0.3824435318275154,0.29398148148148145,0.21142857142857144,0.2636363636363636,0.26869806094182824,0.27692307692307694,71,0.2647058823529412,40,False,False,0.6746115055675278,0.012205506866052152,3.5357142857142856,3.9642857142857144,28,,,,,,,0.0037233290845087143,20,NEUTRAL,4.51,1.28,115.2,4,9,117,34,0,0,0,21,SP,21,491,114,23.4,9.1,2.65,8.87,1.17,23.673604280258065
596146,Max Kepler,L,AZ,5,Miles Mikolas,R,571945,822706,AZ @ WSH,10:35 AM,26/07,Scheduled,0.6862013563612323,,,,False,1111011001,estimated,0,0,0.0,0.19753533916331634,0.24901560723611033,0.4182428334941304,0.2805437097347206,0.20302915599473606,19,2,0.0,1.04,45.3,D,0.24122236671001301,2.775275147864908,0.42163339005121,0.10380824187309151,20,5,0,,0.21818181818181817,0.4977228366948601,0.42745608327911516,0.07482108002602472,0.2028985507246377,0.16417910447761194,0.17886178861788618,0.1889168765743073,0.3225806451612903,35,0.10714285714285714,31,False,False,0.6267531629779521,0.05944819338328011,3.1052631578947367,3.473684210526316,19,,,,,,,-0.030647714606411892,19,STRONG,5.6,1.34,98.0,3,7,51,20,0,0,0,8,RP,21,417,111,19.9,4.68,1.84,10.19,1.93,20.235746641944576
641680,Jonah Heim,L,ATH,4,Connor Prielipp,L,687570,823678,ATH @ MIN,11:10 AM,26/07,Scheduled,0.6856838518086231,,,,False,1100111111,estimated,0,0,0.0,0.2557032415457376,0.341758232284408,0.3398707436668453,0.3174878287085496,0.2191507526828919,20,4,-0.003636363636363632,1.022,56.9,C,0.2731201382886776,3.0051876699968623,0.3935560851440098,0.2468093239297452,13,18,0,0.23636363636363636,0.24,0.40570934256055363,0.4740484429065744,0.12024221453287197,0.23645970937912814,0.21232876712328766,0.24899598393574296,0.23343605546995377,0.24299065420560748,115,0.23076923076923078,88,False,True,0.6666831446460643,0.01900070716255886,3.3035714285714284,3.625,56,,,,,,,0.10907996731204055,20,NEUTRAL,5.0,1.37,66.2,2,5,71,25,0,0,0,13,SP,13,294,66,22.6,9.59,3.38,8.91,1.08,23.22170381515117
676391,Ernie Clement,R,TOR,1,Ranger Suarez,L,624133,824730,TOR @ BOS,10:35 AM,26/07,Scheduled,0.6845206298652267,,,,False,1110111010,estimated,1,0,0.0,0.25856878147565576,0.2696955042628634,0.16724513261651539,0.2930645869495748,0.07841804411296445,20,2,-0.022853274883960772,1.063,77.9,B,0.2824585635359116,4.119014471293809,0.29455793051645746,0.2695214156114626,17,21,0,0.2767857142857143,0.2996389891696751,0.6618257261410788,0.19432918395573998,0.14384508990318118,0.2807017543859649,0.28588957055214725,0.2515527950310559,0.2792828685258964,0.2606837606837607,243,0.3419354838709677,166,False,False,0.6880378425369192,-0.0035172126716925822,3.8514851485148514,4.0495049504950495,101,,,,,,,0.13312522995541873,20,NEUTRAL,3.15,1.16,91.1,4,3,97,26,0,0,0,17,SP,17,376,80,22.1,9.56,2.56,7.88,0.49,22.275262446891347
691016,Tyler Soderstrom,L,ATH,2,Connor Prielipp,L,687570,823678,ATH @ MIN,11:10 AM,26/07,Scheduled,0.6834738557914989,,,,False,0101111111,estimated,0,0,0.0,0.27820826606554366,0.3929573561743463,0.433795849285788,0.4029867407341243,0.20169828084587899,20,2,0.022261887054390417,1.022,56.9,C,0.2731201382886776,3.0051876699968623,0.3935560851440098,0.2468093239297452,13,18,0,0.26506024096385544,0.24279835390946503,0.40570934256055363,0.4740484429065744,0.12024221453287197,0.2582831325301205,0.26174496644295303,0.2888402625820569,0.2650078988941548,0.26804123711340205,228,0.2196969696969697,150,False,True,0.6746115055675278,0.008862350223971083,3.5824175824175826,4.153846153846154,91,,,,,,,0.21360671360231454,20,NEUTRAL,5.0,1.37,66.2,2,5,71,25,0,0,0,13,SP,13,294,66,22.6,9.59,3.38,8.91,1.08,23.22170381515117
668904,Royce Lewis,R,MIN,4,Jeffrey Springs,L,605488,823678,ATH @ MIN,11:10 AM,26/07,Scheduled,0.6834738557914989,,,,False,1100110100,estimated,0,0,0.0,0.17232027615743925,0.2601946863515584,0.4603373822116781,0.24225641120910918,0.18897275579588144,20,2,-0.021918025003956343,1.022,48.7,D,0.27609811751283514,2.04839630868331,0.3764464279440654,0.18543209597658078,20,6,0,0.19718309859154928,0.21910112359550563,0.4540787221905305,0.31488876212207645,0.23103251568739305,0.18795430944963656,0.2508833922261484,0.22072072072072071,0.21229368241320432,0.22058823529411764,153,0.20353982300884957,130,False,False,0.6530163118444362,0.030457543947062682,3.608695652173913,4.101449275362318,69,,,,,,,-0.07981403379694636,20,STRONG,5.96,1.42,102.2,3,9,86,38,0,0,0,20,SP,20,450,108,22.5,7.54,3.33,9.47,2.37,22.351147042896898
657041,Lane Thomas,R,KC,3,Framber Valdez,L,664285,824246,KC @ DET,10:40 AM,26/07,Scheduled,0.6834738557914989,,,,False,0111010100,estimated,1,1,1.0,0.2478259756892153,0.34061730340447305,0.4979321786471115,0.3835487945766853,0.3028738250081245,20,2,0.014746167744943778,1.004,44.7,D,0.27413793103448275,2.1240508517550603,0.4207559436329998,0.18125825828247394,20,5,0,0.24031007751937986,0.22556390977443608,0.48186528497409326,0.3252734599884859,0.19286125503742085,0.22030981067125646,0.1778115501519757,0.23943661971830985,0.20913107511045656,0.24305555555555555,162,0.22033898305084745,141,False,False,0.6482092270420031,0.03526462874949576,3.0114942528735633,3.4827586206896552,87,,,,,,,-0.03530604904709134,20,STRONG,4.57,1.38,108.1,5,7,88,38,0,0,0,20,SP,20,479,111,23.9,7.31,3.16,9.22,0.91,23.438089195237545
701398,Sal Stewart,R,CIN,2,Kyle Leahy,R,681517,823028,CIN @ STL,11:15 AM,26/07,Scheduled,0.6830509773623783,,,,False,1111010011,estimated,1,0,0.0,0.2261594648023267,0.2579275407527102,0.34593182173827475,0.27773893879119776,0.20117923170095806,20,2,0.048420631747301074,1.031,46.8,D,0.26560509554140127,2.8132322959622207,0.5063548919446615,0.2029824781450687,19,6,0,0.2073170731707317,0.25573770491803277,0.41427660930529,0.45315487571701724,0.1325685149776928,0.24861538461538463,0.2698019801980198,0.2853185595567867,0.259894047990028,0.2674897119341564,271,0.20833333333333334,171,False,False,0.6673282578246337,0.015722719537744623,3.8316831683168315,4.376237623762377,101,,,,,,,-0.05002642645299912,20,STRONG,3.59,1.35,95.1,7,4,79,33,0,0,0,19,SP,19,408,96,21.5,7.46,3.12,9.06,0.94,20.883317496536673
676475,Alec Burleson,L,STL,3,Andrew Abbott,L,671096,823028,CIN @ STL,11:15 AM,26/07,Scheduled,0.6830509773623783,,,,False,0111101010,estimated,0,0,0.0,0.2796612010424893,0.36406147676415945,0.4793460019346755,0.3359399564667225,0.20560520859766496,20,2,-0.020405251141552505,1.031,48.1,D,0.26591154261057176,1.895143567648928,0.3898908974305446,0.2013491485453246,20,6,0,0.2604166666666667,0.2808219178082192,0.4769397721106891,0.34129137276180144,0.18176885512750948,0.2944369063772049,0.23337222870478413,0.3399638336347197,0.284527518172378,0.2777777777777778,253,0.2727272727272727,175,False,False,0.6746115055675278,0.008439471794850495,3.8415841584158414,4.237623762376238,101,,,,,,,0.04200919025003815,20,STRONG,3.89,1.4,111.0,5,6,90,50,0,0,0,21,SP,21,481,105,22.9,7.3,4.05,8.51,1.3,22.91574451158908
802139,Jj Wetherholt,L,STL,1,Andrew Abbott,L,671096,823028,CIN @ STL,11:15 AM,26/07,Scheduled,0.6830509773623783,,,,False,0011100110,estimated,0,0,0.0,0.20779789519771028,0.30223668948770493,0.4627339066500273,0.23069652188140408,0.16332427581360426,20,2,-0.06631455399061034,1.031,48.1,D,0.26591154261057176,1.895143567648928,0.3898908974305446,0.2013491485453246,20,6,0,0.20833333333333334,0.2746478873239437,0.4769397721106891,0.34129137276180144,0.18176885512750948,0.24790151091214327,0.2600690448791715,0.2618556701030928,0.2556818181818182,0.26956521739130435,262,0.24,178,True,False,0.6746115055675278,0.008439471794850495,3.9583333333333335,4.583333333333333,96,,,,,,,0.012913728647933312,20,STRONG,3.89,1.4,111.0,5,6,90,50,0,0,0,21,SP,21,481,105,22.9,7.3,4.05,8.51,1.3,22.91574451158908
668715,Spencer Steer,R,CIN,4,Kyle Leahy,R,681517,823028,CIN @ STL,11:15 AM,26/07,Scheduled,0.6830509773623783,,,,False,0101110000,estimated,3,0,0.0,0.1971373328883649,0.2726280858830717,0.41767262342240885,0.23550450522187333,0.1596278683194424,20,2,-0.10628912919749575,1.031,46.8,D,0.26560509554140127,2.8132322959622207,0.5063548919446615,0.2029824781450687,19,6,0,0.32142857142857145,0.2151394422310757,0.41427660930529,0.45315487571701724,0.1325685149776928,0.22513812154696133,0.21912350597609562,0.26223776223776224,0.22721798474508229,0.23834196891191708,223,0.24647887323943662,155,False,False,0.6593998969031701,0.023651080459208162,3.526315789473684,3.9789473684210526,95,,,,,,,-0.20027481235448746,20,STRONG,3.59,1.35,95.1,7,4,79,33,0,0,0,19,SP,19,408,96,21.5,7.46,3.12,9.06,0.94,20.883317496536673
668930,Brice Turang,L,MIL,3,Kyle Freeland,L,607536,823755,COL @ MIL,11:10 AM,26/07,Scheduled,0.6830509773623783,,,,False,1101001011,estimated,3,1,0.3333333333333333,0.273107413576853,0.34624946092468256,0.4541886103555197,0.3267425855395773,0.1710245954139739,20,2,-0.08495759044486756,0.97,49.2,D,0.2788586251621271,4.758272774127729,0.42914251305613255,0.19829428619404615,18,6,0,0.2018348623853211,0.28679245283018867,0.5330739299610895,0.3216601815823606,0.14526588845654995,0.24619911721432075,0.25623130608175476,0.287569573283859,0.2538888888888889,0.24691358024691357,273,0.2900763358778626,167,False,False,0.6673282578246337,0.015722719537744623,3.8958333333333335,4.583333333333333,96,,,,,,,0.05804142699955217,20,STRONG,7.28,1.56,94.0,2,9,83,20,0,0,0,18,SP,18,429,127,23.8,7.95,1.91,12.16,1.91,24.269727528379768
514888,José Altuve,R,HOU,4,Erick Fedde,R,607200,824572,HOU @ CWS,11:10 AM,26/07,Scheduled,0.6830509773623783,,,,False,0111011101,estimated,0,0,0.0,0.2607180307871072,0.24361040817987634,0.3126278548088872,0.3292612202606338,0.196460499686616,20,2,-0.029284591194968568,0.968,44.8,D,0.25406758448060074,2.294625218470131,0.40100250176271807,0.1822101870907641,20,6,0,0.2604166666666667,0.23113207547169812,0.4981179422835634,0.370138017565872,0.13174404015056462,0.2294820717131474,0.22807017543859648,0.17894736842105263,0.2225544639043144,0.2358974358974359,210,0.24778761061946902,130,False,False,0.6570574778798141,0.025993499482564242,3.8987341772151898,4.30379746835443,79,,,,,,,0.06175284617709736,20,STRONG,4.16,1.4,93.0,5,6,66,35,0,0,0,10,RP,20,405,95,20.2,6.39,3.39,9.19,1.55,19.72829973316642
592518,Manny Machado,R,SD,3,Janson Junk,R,676083,823840,SD @ MIA,10:40 AM,26/07,Scheduled,0.6830509773623783,,,,False,1100011011,estimated,0,0,0.0,0.28981990895062987,0.34682401556852605,0.5066104222473627,0.37446684875724595,0.22305679251709543,20,2,-0.04809824322019443,1.0,45.8,D,0.2547085201793722,2.330573945115681,0.41365812876957175,0.17435732768495765,13,6,0,0.24390243902439024,0.1958041958041958,0.38240574506283664,0.4245960502692998,0.19299820466786355,0.19111111111111112,0.18054162487462388,0.23529411764705882,0.19282793331236237,0.2094017094017094,260,0.20149253731343283,164,False,False,0.6644789914482488,0.018571985914129452,3.68,4.24,100,,,,,,,0.09750198030364851,20,STRONG,5.09,1.35,69.0,4,6,51,20,0,0,0,13,SP,13,295,73,22.7,6.65,2.61,9.52,1.43,22.65905925037948
672640,Otto Lopez,R,MIA,1,Walker Buehler,R,621111,823840,SD @ MIA,10:40 AM,26/07,Scheduled,0.6830509773623783,,,,False,1100011011,estimated,0,0,0.0,0.25875016992379785,0.2700536869052454,0.3054706998056606,0.276364810531074,0.1422506239496268,20,2,-0.07604275040196729,1.0,48.4,D,0.26772616136919314,1.8078098280713464,0.40806291943786394,0.19672820553463483,20,5,0,0.3853211009174312,0.30927835051546393,0.6177914110429448,0.28588957055214725,0.09631901840490797,0.3619233268356075,0.3022181146025878,0.34868421052631576,0.3389665258368541,0.3319672131147541,264,0.3269230769230769,170,False,False,0.6746115055675278,0.008439471794850495,4.0,4.34,100,,,,,,,0.1812685994845119,20,STRONG,5.23,1.43,94.2,6,5,84,40,0,0,0,20,SP,20,412,95,20.6,7.99,3.8,9.03,1.14,20.829243111057217
693304,Nick Gonzales,R,PIT,4,Jameson Taillon,R,592791,823354,CHC @ PIT,10:35 AM,26/07,Scheduled,0.6830509773623783,,,,False,0111111111,estimated,1,0,0.0,0.3415574865693536,0.30921819620992846,0.37970441016897927,0.41945897912280505,0.17223827649824905,20,2,0.040529363110008265,1.013,46.4,D,0.28642384105960267,2.2966199726490952,0.3994864289853237,0.2189703059618508,14,6,0,0.28205128205128205,0.3225806451612903,0.5581395348837209,0.2799003322259136,0.16196013289036545,0.2883970489604292,0.2814910025706941,0.23684210526315788,0.28117738187451585,0.2916666666666667,225,0.33557046979865773,175,False,False,0.674045870339989,0.009005107022389325,3.7628865979381443,4.123711340206185,97,,,,,,,0.27088870762585454,20,NEUTRAL,5.38,1.32,72.0,2,5,65,25,0,0,0,14,SP,14,307,70,21.9,8.13,3.13,8.75,2.75,21.382322295260465
668709,Jj Bleday,L,CIN,3,Kyle Leahy,R,681517,823028,CIN @ STL,11:15 AM,26/07,Scheduled,0.6830509773623783,,,,False,1111110011,estimated,2,0,0.0,0.2144109245730434,0.370589417953598,0.3276479181215593,0.32877473431281956,0.28798754329472215,20,2,-0.09210977701543738,1.031,46.8,D,0.26560509554140127,2.8132322959622207,0.5063548919446615,0.2029824781450687,19,6,0,0.3090909090909091,0.2169811320754717,0.41427660930529,0.45315487571701724,0.1325685149776928,0.20934761441090555,0.23785594639865998,0.24775583482944344,0.22774988589685075,0.2222222222222222,193,0.2571428571428571,120,False,False,0.6395874722728342,0.04346350508954411,3.608108108108108,4.22972972972973,74,,,,,,,0.04836592162799217,20,STRONG,3.59,1.35,95.1,7,4,79,33,0,0,0,19,SP,19,408,96,21.5,7.46,3.12,9.06,0.94,20.883317496536673
664770,Nathan Lukes,L,TOR,2,Ranger Suarez,L,624133,824730,TOR @ BOS,10:35 AM,26/07,Scheduled,0.6830509773623783,,,,False,1011011101,estimated,0,0,0.0,0.2683164922351244,0.20248086157046563,0.24411960516397105,0.3289989875483276,0.1241902408505983,20,2,0.004487179487179527,1.063,77.9,B,0.2824585635359116,4.119014471293809,0.29455793051645746,0.2695214156114626,17,21,0,0.2916666666666667,0.28717948717948716,0.6618257261410788,0.19432918395573998,0.14384508990318118,0.25057471264367814,0.2717948717948718,0.33460076045627374,0.26605504587155965,0.25,152,0.35443037974683544,89,False,False,0.6746115055675278,0.008439471794850495,3.2686567164179103,3.5970149253731343,67,,,,,,,-0.015013379302675087,20,NEUTRAL,3.15,1.16,91.1,4,3,97,26,0,0,0,17,SP,17,376,80,22.1,9.56,2.56,7.88,0.49,22.275262446891347
671277,Luis García,L,WSH,2,Kohl Drake,L,684442,822706,AZ @ WSH,10:35 AM,26/07,Scheduled,0.6830509773623783,,,,False,1010001110,estimated,0,0,0.0,0.24264938948640982,0.34524855845553615,0.37133596279507974,0.28513229987919664,0.1944887228263682,20,2,-0.14522232734153262,1.04,50.0,C,0.23529411764705882,,,,1,5,0,0.14285714285714285,0.28807947019867547,0.611764705882353,0.2235294117647059,0.16470588235294117,0.21921397379912663,0.23753280839895013,0.25418060200668896,0.2333731581043409,0.25654450261780104,201,0.3106060606060606,139,False,True,0.6673282578246337,0.015722719537744623,3.4,3.5789473684210527,95,,,,,,,-0.03930167045210411,20,NEUTRAL,1.8,1.2,5.0,0,0,5,2,0,0,0,1,SP,1,21,4,21.0,9.0,3.6,7.2,0.0,
663968,Jake Mangum,L,PIT,1,Jameson Taillon,R,592791,823354,CHC @ PIT,10:35 AM,26/07,Scheduled,0.6830509773623783,,,,False,0111101011,estimated,0,0,0.0,0.29127093006098337,0.29614445056731703,0.21878115590106165,0.34650842093184453,0.1341709057762045,20,2,0.03491712707182315,1.013,46.4,D,0.28642384105960267,2.2966199726490952,0.3994864289853237,0.2189703059618508,14,6,0,0.28,0.3149171270718232,0.5581395348837209,0.2799003322259136,0.16196013289036545,0.2973821989528796,0.3433874709976798,0.2964169381107492,0.30837264150943394,0.34814814814814815,142,0.256198347107438,139,False,False,0.6830509773623783,0.0,3.4133333333333336,3.7466666666666666,75,,,,,,,0.10719693158345366,20,NEUTRAL,5.38,1.32,72.0,2,5,65,25,0,0,0,14,SP,14,307,70,21.9,8.13,3.13,8.75,2.75,21.382322295260465
621493,Taylor Ward,R,BAL,2,Reynaldo López,R,625643,824810,ATL @ BAL,10:35 AM,26/07,Scheduled,0.67880041906785,,,,False,1101001111,estimated,0,0,0.0,0.20616252994632184,0.3011424851383039,0.3369937781519179,0.2618936418183278,0.1399326315239811,20,2,0.0038461538461538325,1.044,54.1,C,0.26865671641791045,2.1238413965633502,0.3447400919735525,0.21584890768068987,20,5,0,0.25,0.25384615384615383,0.5470536499560247,0.4212840809146878,0.0316622691292876,0.26073926073926074,0.2303473491773309,0.2235294117647059,0.24738067520372525,0.25,284,0.25675675675675674,186,False,False,0.6649858388012776,0.013814580266572452,3.7254901960784315,4.607843137254902,102,,,,,,,-0.12588658050747922,20,NEUTRAL,3.95,1.36,66.0,4,3,60,28,0,0,0,10,RP,23,283,62,12.3,8.18,3.82,8.45,1.36,12.428898357151727
802415,Chandler Simpson,L,TB,5,Parker Messick,L,800048,822950,CLE @ TB,9:15 AM,26/07,Scheduled,0.6772443800137727,,,,False,1001111101,estimated,3,1,0.3333333333333333,0.37094852845360043,0.3039091242920015,0.09202339663122161,0.3947674192167182,0.03957566195114949,20,2,-0.10895121725446638,0.96,73.7,B,0.2793876435210498,3.1391662105315095,0.3433536628140366,0.2337075724857937,20,5,0,0.20512820512820512,0.3140794223826715,0.603400987383434,0.16182117388919365,0.23477783872737246,0.28503723764387273,0.2543859649122807,0.26881720430107525,0.27634276342763425,0.29767441860465116,233,0.2785714285714286,153,False,False,0.6789662392932679,-0.001721859279495197,3.817204301075269,4.150537634408602,93,,,,,,,0.18184354927189747,20,NEUTRAL,2.68,1.05,117.2,8,5,116,36,0,0,0,20,SP,20,467,88,23.4,8.87,2.75,6.73,0.84,23.59311558625329
691023,Jordan Walker,R,STL,4,Andrew Abbott,L,671096,823028,CIN @ STL,11:15 AM,26/07,Scheduled,0.6757677296194841,,,,False,1111111010,estimated,0,0,0.0,0.26465619226623105,0.3440715899629728,0.43274112881228444,0.3236656548028751,0.19447879756259356,20,2,0.03683647546463431,1.031,48.1,D,0.26591154261057176,1.895143567648928,0.3898908974305446,0.2013491485453246,20,6,0,0.3148148148148148,0.2779783393501805,0.4769397721106891,0.34129137276180144,0.18176885512750948,0.26549295774647885,0.26437941473259335,0.29012345679012347,0.2692307692307692,0.2857142857142857,247,0.2919254658385093,179,False,False,0.6570574778798141,0.018710251739670003,3.85,4.26,100,,,,,,,0.18777897082197026,20,STRONG,3.89,1.4,111.0,5,6,90,50,0,0,0,21,SP,21,481,105,22.9,7.3,4.05,8.51,1.3,22.91574451158908
807799,Masataka Yoshida,L,BOS,5,Kevin Gausman,R,592332,824730,TOR @ BOS,10:35 AM,26/07,Scheduled,0.6751226164409146,,,,False,1100101110,estimated,0,0,0.0,0.26393174601755326,0.3825942583876481,0.46571139468270706,0.2875602721704791,0.06268160836839874,20,2,0.0,1.063,50.3,C,0.28307692307692306,2.699344841596878,0.40423544561628194,0.2226533380258557,20,5,0,,0.265,0.5159137577002053,0.10164271047227925,0.3824435318275154,0.22376738305941846,0.21428571428571427,0.27972027972027974,0.23218066337332394,0.2564102564102564,132,0.27710843373493976,94,False,False,0.6593998969031701,0.01572271953774451,2.9411764705882355,3.323529411764706,68,,,,,,,0.14325462170458872,20,NEUTRAL,4.51,1.28,115.2,4,9,117,34,0,0,0,21,SP,21,491,114,23.4,9.1,2.65,8.87,1.17,23.673604280258065
695578,James Wood,L,WSH,1,Kohl Drake,L,684442,822706,AZ @ WSH,10:35 AM,26/07,Scheduled,0.6750343839966484,-203.0,233.0,67.0,False,1111001101,estimated,0,0,0.0,0.28413715178893995,0.4446784806386006,0.5676190180874627,0.43621003108797635,0.27362101663299593,20,2,-0.0357142857142857,1.04,50.0,C,0.23529411764705882,,,,1,5,0,0.25,0.2857142857142857,0.611764705882353,0.2235294117647059,0.16470588235294117,0.26969522714203564,0.25712025316455694,0.2634315424610052,0.26473859844271413,0.2777777777777778,290,0.2670807453416149,195,False,True,0.6649858388012776,0.010048545195370795,3.8349514563106797,4.70873786407767,103,,,,,,,0.001267485254975562,20,NEUTRAL,1.8,1.2,5.0,0,0,5,2,0,0,0,1,SP,1,21,4,21.0,9.0,3.6,7.2,0.0,
624413,Pete Alonso,R,BAL,3,Reynaldo López,R,625643,824810,ATL @ BAL,10:35 AM,26/07,Scheduled,0.6746115055675278,,,,False,1110001111,estimated,0,0,0.0,0.2304137003506715,0.40116607937810606,0.5774230561058253,0.3531775943675443,0.2870213271697339,20,2,-0.018789272030651366,1.044,54.1,C,0.26865671641791045,2.1238413965633502,0.3447400919735525,0.21584890768068987,20,5,0,0.264,0.24521072796934865,0.5470536499560247,0.4212840809146878,0.0316622691292876,0.24819143016138007,0.2123050259965338,0.2712765957446808,0.23828125,0.2564102564102564,266,0.24342105263157895,184,False,False,0.6457939739148024,0.02881753165272538,3.7475728155339807,4.368932038834951,103,,,,,,,-0.07698189050089717,20,NEUTRAL,3.95,1.36,66.0,4,3,60,28,0,0,0,10,RP,23,283,62,12.3,8.18,3.82,8.45,1.36,12.428898357151727
683002,Gunnar Henderson,L,BAL,1,Reynaldo López,R,625643,824810,ATL @ BAL,10:35 AM,26/07,Scheduled,0.6746115055675278,,,,False,1110011110,estimated,0,0,0.0,0.21699671791538627,0.30830223412102997,0.4353726661255817,0.2964128066387993,0.21113824677914214,20,2,-0.004617643133591365,1.044,54.1,C,0.26865671641791045,2.1238413965633502,0.3447400919735525,0.21584890768068987,20,5,0,0.2283464566929134,0.22372881355932203,0.5470536499560247,0.4212840809146878,0.0316622691292876,0.20431806213796735,0.20945945945945946,0.16995447647951442,0.1991113579561233,0.21839080459770116,281,0.2360248447204969,188,False,False,0.6746115055675278,0.0,4.137254901960785,4.598039215686274,102,,,,,,,-0.0016402884963429855,20,NEUTRAL,3.95,1.36,66.0,4,3,60,28,0,0,0,10,RP,23,283,62,12.3,8.18,3.82,8.45,1.36,12.428898357151727
694384,Nolan Schanuel,L,LAA,3,Carson Whisenhunt,L,687931,823194,LAA @ SF,1:05 PM,26/07,Scheduled,0.6746115055675278,,,,False,1110111101,estimated,0,0,0.0,0.3498757035414719,0.36100230775620723,0.2812761291805796,0.43188711026669674,0.11099118464463696,20,2,-0.020782726045883937,0.994,50.0,C,0.2441860465116279,,,,2,17,0,0.26666666666666666,0.2874493927125506,0.4011627906976744,0.23255813953488372,0.36627906976744184,0.2908672294704528,0.28592814371257486,0.34174311926605505,0.2988838362959901,0.2962962962962963,208,0.2627118644067797,137,False,False,0.6750343839966484,-0.0004228784291205878,3.7439024390243905,4.2073170731707314,82,,,,,,,0.22316768747740204,20,NEUTRAL,3.38,1.41,10.2,2,0,6,6,0,0,0,2,SP,2,46,9,23.0,5.06,5.06,7.59,0.84,
680757,Steven Kwan,L,CLE,4,Drew Rasmussen,R,656876,822950,CLE @ TB,9:15 AM,26/07,Scheduled,0.6746115055675278,-156.0,178.0,61.0,False,1111110111,estimated,1,0,0.0,0.44321761240318797,0.3923623349132639,0.034888451161964394,0.47274991184124976,0.05078831943740763,20,3,0.12771002710027102,0.96,77.8,B,0.2851662404092072,5.513957400732806,0.3386578676160052,0.24183616946999062,18,5,0,0.1527777777777778,0.2804878048780488,0.7992327365728901,0.07608695652173914,0.12468030690537084,0.24954240390482002,0.23669724770642203,0.23125,0.2446215139442231,0.24864864864864866,206,0.2556390977443609,175,False,False,0.6874057110881185,-0.01279420552059074,3.382978723404255,4.053191489361702,94,,,,,,,0.390932679147291,20,NEUTRAL,3.28,0.98,104.1,8,5,103,18,0,0,0,19,SP,19,415,84,21.8,8.88,1.55,7.25,1.04,21.98481812461283
592885,Christian Yelich,L,MIL,1,Kyle Freeland,L,607536,823755,COL @ MIL,11:10 AM,26/07,Scheduled,0.6746115055675278,,,,False,1111110111,estimated,0,0,0.0,0.20786102566941284,0.3257377793145306,0.4932389569754756,0.31670105840750806,0.2209602199082417,20,2,0.013888888888888895,0.97,49.2,D,0.2788586251621271,4.758272774127729,0.42914251305613255,0.19829428619404615,18,6,0,0.25,0.2361111111111111,0.5330739299610895,0.3216601815823606,0.14526588845654995,0.22916666666666666,0.1915204678362573,0.27722772277227725,0.22374624946420918,0.22666666666666666,170,0.2543859649122807,131,False,False,0.6673282578246337,0.007283247742894128,3.9402985074626864,4.492537313432836,67,,,,,,,0.1312027736183722,20,STRONG,7.28,1.56,94.0,2,9,83,20,0,0,0,18,SP,18,429,127,23.8,7.95,1.91,12.16,1.91,24.269727528379768
661388,William Contreras,R,MIL,4,Kyle Freeland,L,607536,823755,COL @ MIL,11:10 AM,26/07,Scheduled,0.6746115055675278,,,,False,0010110001,estimated,3,2,0.6666666666666666,0.15369420556592212,0.25329304572699196,0.3467367926948673,0.20729812666851552,0.19376966824012865,20,2,0.011229946524064172,0.97,49.2,D,0.2788586251621271,4.758272774127729,0.42914251305613255,0.19829428619404615,18,6,0,0.2818181818181818,0.27058823529411763,0.5330739299610895,0.3216601815823606,0.14526588845654995,0.29049897470950103,0.2417452830188679,0.30434782608695654,0.2770761576731726,0.28110599078341014,242,0.2635135135135135,165,False,False,0.6570574778798141,0.017554027687713747,3.8421052631578947,4.28421052631579,95,,,,,,,-0.070544157249903,20,STRONG,7.28,1.56,94.0,2,9,83,20,0,0,0,18,SP,18,429,127,23.8,7.95,1.91,12.16,1.91,24.269727528379768
681715,Heriberto Hernandez,R,MIA,2,Walker Buehler,R,621111,823840,SD @ MIA,10:40 AM,26/07,Scheduled,0.673425310596128,,,,False,1111011111,estimated,0,0,0.0,0.3227967026008606,0.46244124074686976,0.5768021409713452,0.5352351838657569,0.31249657439052964,20,2,0.06050670640834574,1.0,48.4,D,0.26772616136919314,1.8078098280713464,0.40806291943786394,0.19672820553463483,20,5,0,0.21818181818181817,0.2786885245901639,0.6177914110429448,0.28588957055214725,0.09631901840490797,0.23670886075949368,0.20926243567753003,0.23809523809523808,0.22883435582822087,0.19327731092436976,134,0.30973451327433627,124,False,False,0.6530163118444362,0.020408998751691776,3.135135135135135,3.4864864864864864,74,,,,,,,0.22184552551732276,20,STRONG,5.23,1.43,94.2,6,5,84,40,0,0,0,20,SP,20,412,95,20.6,7.99,3.8,9.03,1.14,20.829243111057217
677800,Wilyer Abreu,L,BOS,3,Kevin Gausman,R,592332,824730,TOR @ BOS,10:35 AM,26/07,Scheduled,0.673425310596128,,,,False,0011101000,estimated,0,0,0.0,0.209171787962588,0.358397259399017,0.45054202631456314,0.29246203117259917,0.22818067416583268,20,2,-0.07789236691117729,1.063,50.3,C,0.28307692307692306,2.699344841596878,0.40423544561628194,0.2226533380258557,20,5,0,0.3163265306122449,0.23843416370106763,0.5159137577002053,0.10164271047227925,0.3824435318275154,0.24023542001070092,0.2524682651622003,0.233201581027668,0.2423948220064725,0.2675438596491228,264,0.24503311258278146,168,False,False,0.6609446727658997,0.012480637830228236,3.8282828282828283,4.363636363636363,99,,,,,,,-0.027106490538004853,20,NEUTRAL,4.51,1.28,115.2,4,9,117,34,0,0,0,21,SP,21,491,114,23.4,9.1,2.65,8.87,1.17,23.673604280258065
694374,Tim Tawa,R,AZ,8,Miles Mikolas,R,571945,822706,AZ @ WSH,10:35 AM,26/07,Scheduled,0.6728896462880325,,,,False,1111001111,estimated,0,0,0.0,0.2648112628446786,0.34660537938086183,0.5242197406115454,0.3543253432345656,0.24857438463734968,20,2,0.1313813813813814,1.04,45.3,D,0.24122236671001301,2.775275147864908,0.42163339005121,0.10380824187309151,20,5,0,0.1388888888888889,0.2702702702702703,0.4977228366948601,0.42745608327911516,0.07482108002602472,0.16428571428571428,0.24279835390946503,0.11827956989247312,0.18361955085865259,0.22448979591836735,56,0.22950819672131148,71,False,False,0.5847482062846022,0.08814144000343027,2.75,3.175,40,,,,,,,0.08695100910413005,20,STRONG,5.6,1.34,98.0,3,7,51,20,0,0,0,8,RP,21,417,111,19.9,4.68,1.84,10.19,1.93,20.235746641944576
677587,Brayan Rocchio,L,CLE,1,Drew Rasmussen,R,656876,822950,CLE @ TB,9:15 AM,26/07,Scheduled,0.6728896462880325,,,,False,1110111101,estimated,1,1,1.0,0.29869392014539103,0.2928222939186749,0.3596832245986922,0.36954846991317436,0.16294118791281145,20,2,-0.01709401709401709,0.96,77.8,B,0.2851662404092072,5.513957400732806,0.3386578676160052,0.24183616946999062,18,5,0,0.28205128205128205,0.26495726495726496,0.7992327365728901,0.07608695652173914,0.12468030690537084,0.26064291920069504,0.26242236024844723,0.23809523809523808,0.2584415584415584,0.26704545454545453,197,0.2742857142857143,194,False,False,0.6874057110881185,-0.014516064800086048,3.4752475247524752,3.871287128712871,101,,,,,,,0.22119767679174807,20,NEUTRAL,3.28,0.98,104.1,8,5,103,18,0,0,0,19,SP,19,415,84,21.8,8.88,1.55,7.25,1.04,21.98481812461283
660271,Shohei Ohtani,L,LAD,1,Freddy Peralta,R,642547,823599,LAD @ NYM,10:40 AM,26/07,Scheduled,0.6723327516919936,-212.0,223.0,68.0,False,1110110101,estimated,0,0,0.0,0.24602375110092273,0.38506502106207907,0.5236583952324971,0.33437895068039986,0.22307008249226376,20,2,-0.008316399488221549,0.949,50.1,C,0.2618427902134305,2.1846014838549364,0.38476826544636705,0.2129780798358667,20,6,0,0.2912621359223301,0.28294573643410853,0.5333333333333333,0.253125,0.21354166666666666,0.3052064631956912,0.26767091541135574,0.27627118644067794,0.28894552405224594,0.3,261,0.2624113475177305,173,False,False,0.6673282578246337,0.005004493867359905,3.8404255319148937,4.617021276595745,94,,,,,,,0.1488835173918188,20,NEUTRAL,5.01,1.46,109.2,5,9,110,46,0,0,0,21,SP,21,492,114,23.4,9.03,3.78,9.36,1.4,23.43264307344037
608324,Alex Bregman,R,CHC,4,Braxton Ashcraft,R,677952,823354,CHC @ PIT,10:35 AM,26/07,Scheduled,0.6723327516919936,-150.0,178.0,60.0,False,0110011100,estimated,3,0,0.0,0.19000115082326757,0.19099840770806653,0.2235533707681365,0.2125741808705114,0.19074084910203884,20,2,0.007985094490284783,1.013,59.6,C,0.30422535211267604,4.759601574886278,0.45737048573810873,0.27167537483859255,20,6,0,0.23076923076923078,0.23875432525951557,0.4580281690140845,0.48901408450704226,0.05295774647887324,0.2279495990836197,0.2198868229587712,0.2528409090909091,0.22766656707499253,0.24892703862660945,268,0.21875,190,False,False,0.6559649189756797,0.016367832716313924,3.93,4.58,100,,,,,,,-0.11006115416739205,20,NEUTRAL,3.95,1.17,116.1,9,4,130,28,0,0,0,20,SP,20,481,108,24.1,10.06,2.17,8.36,1.24,23.768824387928984
693307,Dillon Dingler,R,DET,3,Luinder Avila,R,679883,824246,KC @ DET,10:40 AM,26/07,Scheduled,0.6717034513166329,,,,False,1011011110,estimated,0,0,0.0,0.3296200842843701,0.32549798755463466,0.301890423088362,0.43123980940559453,0.23644792029062228,20,2,-0.020175438596491235,1.004,54.6,C,0.27884615384615385,1.6764320842719234,0.3443648433287924,0.2132693015044958,19,5,0,0.2833333333333333,0.2631578947368421,0.5305944055944056,0.368006993006993,0.10139860139860139,0.2574812967581047,0.2132768361581921,0.3045977011494253,0.2515015015015015,0.2564102564102564,215,0.2875816993464052,175,False,False,0.6530163118444362,0.01868713947219669,3.702127659574468,4.148936170212766,94,,,,,,,0.057672717510454344,20,NEUTRAL,4.86,1.56,63.0,5,3,57,35,0,0,0,10,SP,19,273,63,14.4,8.14,5.0,9.0,0.86,16.46206436192831
691594,Javier Sanoja,R,MIA,7,Walker Buehler,R,621111,823840,SD @ MIA,10:40 AM,26/07,Scheduled,0.6716717327690996,,,,False,0011101110,estimated,0,0,0.0,0.2723243097736428,0.2773535066596001,0.31212935724165597,0.2777487424712843,0.027410620913951862,20,2,0.006060606060606044,1.0,48.4,D,0.26772616136919314,1.8078098280713464,0.40806291943786394,0.19672820553463483,20,5,0,0.26666666666666666,0.2727272727272727,0.6177914110429448,0.28588957055214725,0.09631901840490797,0.2554054054054054,0.2677165354330709,0.2727272727272727,0.26148409893992935,0.2868217054263566,135,0.25396825396825395,136,False,False,0.6671060230751849,0.004565709693914788,3.269230769230769,3.4743589743589745,78,,,,,,,0.13227656803186577,20,STRONG,5.23,1.43,94.2,6,5,84,40,0,0,0,20,SP,20,412,95,20.6,7.99,3.8,9.03,1.14,20.829243111057217
607208,Trea Turner,R,PHI,1,Will Warren,R,701542,823433,NYY @ PHI,4:20 PM,26/07,Scheduled,0.6673282578246337,-203.0,245.0,67.0,False,0011111100,estimated,0,0,0.0,0.25075529068542707,0.36089624354886224,0.5317188214952139,0.36538766122569183,0.2447364176675575,20,2,-0.010580959240952786,1.009,37.5,D,0.2858844550327576,2.1500650810675492,0.417635237566317,0.20748231818010263,20,4,0,0.24539877300613497,0.23481781376518218,0.6577221228384019,0.23315444245676803,0.10912343470483005,0.2173458725182863,0.21468475658419792,0.22556390977443608,0.21678321678321677,0.2277992277992278,277,0.2582781456953642,165,False,False,0.6649858388012776,0.0023424190233560793,4.1,4.42,100,,,,,,,-0.05461369961836565,20,NEUTRAL,4.0,1.37,99.0,7,4,97,34,0,0,0,19,SP,20,433,102,21.6,8.82,3.09,9.27,1.27,20.991780472047562
571448,Nolan Arenado,R,AZ,7,Miles Mikolas,R,571945,822706,AZ @ WSH,10:35 AM,26/07,Scheduled,0.6662307935693713,,,,False,1101111110,estimated,0,0,0.0,0.3588443289312435,0.35134633162299794,0.44216614296545065,0.44326594430390837,0.19954707163242275,20,2,0.01448688531965625,1.04,45.3,D,0.24122236671001301,2.775275147864908,0.42163339005121,0.10380824187309151,20,5,0,0.23655913978494625,0.2510460251046025,0.4977228366948601,0.42745608327911516,0.07482108002602472,0.23466257668711657,0.22681564245810057,0.23076923076923078,0.23128980891719744,0.23157894736842105,213,0.2676056338028169,162,False,False,0.5981448212608657,0.06808597230850566,3.422680412371134,3.865979381443299,97,,,,,,,0.041017631214468615,20,STRONG,5.6,1.34,98.0,3,7,51,20,0,0,0,8,RP,21,417,111,19.9,4.68,1.84,10.19,1.93,20.235746641944576
518692,Freddie Freeman,L,LAD,3,Freddy Peralta,R,642547,823599,LAD @ NYM,10:40 AM,26/07,Scheduled,0.6654969496746646,-203.0,223.0,67.0,False,0100011111,estimated,0,0,0.0,0.3226576203797101,0.4168659311792678,0.3448372483737446,0.39620347982096915,0.1856834651011044,20,2,-0.039390300847174986,0.949,50.1,C,0.2618427902134305,2.1846014838549364,0.38476826544636705,0.2129780798358667,20,6,0,0.32456140350877194,0.28517110266159695,0.5333333333333333,0.253125,0.21354166666666666,0.30162412993039445,0.28412537917087965,0.3098330241187384,0.29757147248693516,0.3050847457627119,265,0.28368794326241137,168,False,False,0.6830509773623783,-0.017554027687713747,3.77,4.33,100,,,,,,,0.31146495626026166,20,NEUTRAL,5.01,1.46,109.2,5,9,110,46,0,0,0,21,SP,21,492,114,23.4,9.03,3.78,9.36,1.4,23.43264307344037
621566,Matt Olson,L,ATL,3,Shane Baz,R,669358,824810,ATL @ BAL,10:35 AM,26/07,Scheduled,0.6649858388012776,,,,False,1110101101,estimated,0,0,0.0,0.2637218386757863,0.3263631210419863,0.4386874664370729,0.4056628447700498,0.2749453106421665,20,2,0.019746335535809234,1.044,47.3,D,0.26163391933815927,2.9120197941557304,0.4310735591441168,0.2166897446041324,20,6,0,0.2573099415204678,0.27705627705627706,0.5888773388773388,0.3295218295218295,0.0816008316008316,0.2791044776119403,0.2588339222614841,0.27901785714285715,0.27323316638842515,0.2606837606837607,265,0.27976190476190477,188,False,False,0.6456766456947921,0.01930919310648549,3.9029126213592233,4.398058252427185,103,,,,,,,-0.06246216211488816,20,STRONG,4.05,1.37,117.2,4,9,105,42,0,0,0,20,SP,20,507,119,25.4,8.03,3.21,9.1,0.69,25.351119531397735
687263,Zach Neto,R,LAA,1,Carson Whisenhunt,L,687931,823194,LAA @ SF,1:05 PM,26/07,Scheduled,0.6649858388012776,,,,False,1101011111,estimated,0,0,0.0,0.28065320808687844,0.3318328615312803,0.4487808674477071,0.4398227027482231,0.29851060251034106,20,2,0.024886018237082086,0.994,50.0,C,0.2441860465116279,,,,2,17,0,0.25892857142857145,0.23404255319148937,0.4011627906976744,0.23255813953488372,0.36627906976744184,0.25381903642773207,0.22204599524187152,0.2553542009884679,0.24343208496366686,0.24705882352941178,287,0.2302158273381295,161,False,False,0.6544223298548927,0.010563508946384914,3.94,4.48,100,,,,,,,0.1966816454796847,20,NEUTRAL,3.38,1.41,10.2,2,0,6,6,0,0,0,2,SP,2,46,9,23.0,5.06,5.06,7.59,0.84,
691718,Pete Crow-Armstrong,L,CHC,1,Braxton Ashcraft,R,677952,823354,CHC @ PIT,10:35 AM,26/07,Scheduled,0.6647107078371014,-186.0,212.0,65.0,False,0010010101,estimated,2,0,0.0,0.30944380357932544,0.3511043371966999,0.2713692527188476,0.41693800768622635,0.28171834005686713,20,2,-0.021389000990571228,1.013,59.6,C,0.30422535211267604,4.759601574886278,0.45737048573810873,0.27167537483859255,20,6,0,0.29896907216494845,0.2775800711743772,0.4580281690140845,0.48901408450704226,0.05295774647887324,0.25963488843813387,0.2777129521586931,0.32086614173228345,0.2762237762237762,0.271889400921659,251,0.2981366459627329,194,False,False,0.639559108306417,0.025151599530684354,3.7058823529411766,4.362745098039215,102,,,,,,,-0.028990267866793415,20,NEUTRAL,3.95,1.17,116.1,9,4,130,28,0,0,0,20,SP,20,481,108,24.1,10.06,2.17,8.36,1.24,23.768824387928984
543807,George Springer,R,TOR,4,Ranger Suarez,L,624133,824730,TOR @ BOS,10:35 AM,26/07,Scheduled,0.6644789914482488,,,,False,1101111010,estimated,0,0,0.0,0.27037024914956587,0.2833973656817333,0.40989700929294703,0.34294284252787277,0.17291703838822356,20,2,-0.026513772600412572,1.063,77.9,B,0.2824585635359116,4.119014471293809,0.29455793051645746,0.2695214156114626,17,21,0,0.2073170731707317,0.23383084577114427,0.6618257261410788,0.19432918395573998,0.14384508990318118,0.23562023562023562,0.23412698412698413,0.18006430868167203,0.22828685258964143,0.2254335260115607,199,0.22727272727272727,123,False,False,0.6593998969031701,0.005079094545078711,3.8767123287671232,4.410958904109589,73,,,,,,,0.1055793966779631,20,NEUTRAL,3.15,1.16,91.1,4,3,97,26,0,0,0,17,SP,17,376,80,22.1,9.56,2.56,7.88,0.49,22.275262446891347
694192,Jackson Chourio,R,MIL,2,Kyle Freeland,L,607536,823755,COL @ MIL,11:10 AM,26/07,Scheduled,0.6644789914482488,,,,False,0110110111,estimated,2,0,0.0,0.2169403911145346,0.3234440224583291,0.35798456789830196,0.2994181903574712,0.25165616508551386,20,2,0.03469387755102038,0.97,49.2,D,0.2788586251621271,4.758272774127729,0.42914251305613255,0.19829428619404615,18,6,0,0.3,0.2653061224489796,0.5330739299610895,0.3216601815823606,0.14526588845654995,0.2507102272727273,0.28240109140518416,0.29571984435797666,0.2649501661129568,0.2909090909090909,181,0.256198347107438,133,False,False,0.6530163118444362,0.011462679603812642,4.144927536231884,4.550724637681159,69,,,,,,,-0.01813025613543569,20,STRONG,7.28,1.56,94.0,2,9,83,20,0,0,0,18,SP,18,429,127,23.8,7.95,1.91,12.16,1.91,24.269727528379768
545361,Mike Trout,R,LAA,2,Carson Whisenhunt,L,687931,823194,LAA @ SF,1:05 PM,26/07,Scheduled,0.6632639795217824,-163.0,194.0,62.0,False,0111100110,estimated,0,0,0.0,0.23982288262233822,0.3423192304975223,0.36969002580042787,0.34766010935088687,0.2581683941196547,20,2,0.03437810396203511,0.994,50.0,C,0.2441860465116279,,,,2,17,0,0.25609756097560976,0.22171945701357465,0.4011627906976744,0.23255813953488372,0.36627906976744184,0.255418863503222,0.22157434402332363,0.2607361963190184,0.24646098003629763,0.25380710659898476,234,0.18867924528301888,147,False,False,0.6419037028082645,0.021360276713517923,3.607142857142857,4.535714285714286,84,,,,,,,0.1570910118515238,20,NEUTRAL,3.38,1.41,10.2,2,0,6,6,0,0,0,2,SP,2,46,9,23.0,5.06,5.06,7.59,0.84,
645277,Ozzie Albies,L,ATL,2,Shane Baz,R,669358,824810,ATL @ BAL,10:35 AM,26/07,Scheduled,0.6621714206176479,,,,False,0110010111,estimated,0,0,0.0,0.22926019015014637,0.28417842062845244,0.20109598394130562,0.3363576815116074,0.2942405725858818,20,2,-0.08898046398046397,1.044,47.3,D,0.26163391933815927,2.9120197941557304,0.4310735591441168,0.2166897446041324,20,6,0,0.31547619047619047,0.2264957264957265,0.5888773388773388,0.3295218295218295,0.0816008316008316,0.25180897250361794,0.2506112469437653,0.2378138847858198,0.24895977808599168,0.2689075630252101,265,0.25609756097560976,183,False,False,0.6484326468901928,0.013738773727455134,3.9029126213592233,4.349514563106796,103,,,,,,,0.01722780552838163,20,STRONG,4.05,1.37,117.2,4,9,105,42,0,0,0,20,SP,20,507,119,25.4,8.03,3.21,9.1,0.69,25.351119531397735
663757,Trent Grisham,L,NYY,1,Cristopher Sánchez,L,650911,823433,NYY @ PHI,4:20 PM,26/07,Scheduled,0.6609446727658997,,,,False,1100010100,estimated,0,0,0.0,0.15067495409012507,0.26573504791938296,0.45579470841310665,0.1929315298241972,0.141803776963612,20,2,0.13103864734299514,1.009,70.5,B,0.3289817232375979,6.042267396733767,0.43665264455716035,0.255187009490545,20,6,0,0.3194444444444444,0.18840579710144928,0.42036553524804177,0.185378590078329,0.39425587467362927,0.2355907780979827,0.22361359570661896,0.21220930232558138,0.22885789014821273,0.23780487804878048,191,0.2,136,False,False,0.6673282578246337,-0.0063835850587339316,3.4444444444444446,4.037037037037037,81,,,,,,,-0.07940684820601121,20,NEUTRAL,2.65,1.19,132.2,12,4,151,25,0,0,0,21,SP,21,550,133,26.2,10.24,1.7,9.02,0.81,26.159448138929324
665489,Vladimir Guerrero,R,TOR,3,Ranger Suarez,L,624133,824730,TOR @ BOS,10:35 AM,26/07,Scheduled,0.6609446727658997,-223.0,245.0,69.0,False,1011000111,estimated,1,0,0.0,0.2489905734850852,0.3404872804047176,0.3685769654650183,0.3177576151852165,0.20583301165473572,20,2,0.002866698518872446,1.063,77.9,B,0.2824585635359116,4.119014471293809,0.29455793051645746,0.2695214156114626,17,21,0,0.26373626373626374,0.2608695652173913,0.6618257261410788,0.19432918395573998,0.14384508990318118,0.2584745762711864,0.2541507024265645,0.23100303951367782,0.2550578034682081,0.2391304347826087,259,0.29927007299270075,162,False,False,0.6673282578246337,-0.0063835850587339316,3.707070707070707,4.252525252525253,99,,,,,,,0.042794000592587964,20,NEUTRAL,3.15,1.16,91.1,4,3,97,26,0,0,0,17,SP,17,376,80,22.1,9.56,2.56,7.88,0.49,22.275262446891347
663886,Tyler Stephenson,R,CIN,7,Kyle Leahy,R,681517,823028,CIN @ STL,11:15 AM,26/07,Scheduled,0.6593998969031701,,,,False,1111011011,estimated,3,0,0.0,0.37580095571394856,0.45227599332583895,0.5281463273188068,0.5068423181850944,0.18277240925472527,20,2,0.04034761018001243,1.031,46.8,D,0.26560509554140127,2.8132322959622207,0.5063548919446615,0.2029824781450687,19,6,0,0.2222222222222222,0.26256983240223464,0.41427660930529,0.45315487571701724,0.1325685149776928,0.23120728929384965,0.2624356775300172,0.16593886462882096,0.23258559622195984,0.2318840579710145,157,0.27884615384615385,116,False,False,0.623914644396635,0.035485252506535114,3.2266666666666666,3.64,75,,,,,,,0.23603687576816793,20,STRONG,3.59,1.35,95.1,7,4,79,33,0,0,0,19,SP,19,408,96,21.5,7.46,3.12,9.06,0.94,20.883317496536673
656941,Kyle Schwarber,L,PHI,2,Will Warren,R,701542,823433,NYY @ PHI,4:20 PM,26/07,Scheduled,0.6593998969031701,-150.0,163.0,60.0,False,0111100011,estimated,0,0,0.0,0.18834555774087394,0.3201344177178429,0.4230089127056091,0.3556123823380496,0.3770671342199379,20,2,-0.00040086339808817484,1.009,37.5,D,0.2858844550327576,2.1500650810675492,0.417635237566317,0.20748231818010263,20,4,0,0.24822695035460993,0.24782608695652175,0.6577221228384019,0.23315444245676803,0.10912343470483005,0.25295214418893724,0.2125748502994012,0.1936842105263158,0.22845575477154426,0.2543103448275862,269,0.23741007194244604,171,False,False,0.6349754433521736,0.02442445355099654,3.7474747474747474,4.444444444444445,99,,,,,,,-0.01775496611352225,20,NEUTRAL,4.0,1.37,99.0,7,4,97,34,0,0,0,19,SP,20,433,102,21.6,8.82,3.09,9.27,1.27,20.991780472047562
678554,Curtis Mead,R,WSH,3,Kohl Drake,L,684442,822706,AZ @ WSH,10:35 AM,26/07,Scheduled,0.6593998969031701,,,,False,0111101100,estimated,0,0,0.0,0.303745455452396,0.34883605088443714,0.3485254360998715,0.39424222078775145,0.24810545307948967,20,2,0.018484383000512056,1.04,50.0,C,0.23529411764705882,,,,1,5,0,0.2645161290322581,0.24603174603174602,0.611764705882353,0.2235294117647059,0.16470588235294117,0.2692878338278932,0.2571001494768311,0.2656826568265683,0.2652972027972028,0.2847222222222222,161,0.22627737226277372,163,False,True,0.6432006064150563,0.01619929048811386,3.2674418604651163,3.7674418604651163,86,,,,,,,-0.016280086023269594,20,NEUTRAL,1.8,1.2,5.0,0,0,5,2,0,0,0,1,SP,1,21,4,21.0,9.0,3.6,7.2,0.0,
800050,Chase Delauter,L,CLE,3,Drew Rasmussen,R,656876,822950,CLE @ TB,9:15 AM,26/07,Scheduled,0.6593998969031701,,,,False,0111111101,estimated,1,0,0.0,0.31984831526903784,0.32415737776902687,0.5712708807479412,0.3844657475058337,0.141539592354729,20,2,-0.1415161427961883,0.96,77.8,B,0.2851662404092072,5.513957400732806,0.3386578676160052,0.24183616946999062,18,5,0,0.38202247191011235,0.24050632911392406,0.7992327365728901,0.07608695652173914,0.12468030690537084,0.271889400921659,0.23922734026745915,0.2128099173553719,0.2498993963782696,0.25139664804469275,203,0.3129251700680272,160,False,False,0.6830509773623783,-0.023651080459208162,3.7471264367816093,4.172413793103448,87,,,,,,,0.2003050187613289,20,NEUTRAL,3.28,0.98,104.1,8,5,103,18,0,0,0,19,SP,19,415,84,21.8,8.88,1.55,7.25,1.04,21.98481812461283
689414,Liam Hicks,L,MIA,5,Walker Buehler,R,621111,823840,SD @ MIA,10:40 AM,26/07,Scheduled,0.6593998969031701,,,,False,0111101010,estimated,0,0,0.0,0.2459300108009285,0.2797983154141405,0.31840879740041406,0.2799218995791492,0.12129851290707495,20,2,0.09041857423152386,1.0,48.4,D,0.26772616136919314,1.8078098280713464,0.40806291943786394,0.19672820553463483,20,5,0,0.20454545454545456,0.2949640287769784,0.6177914110429448,0.28588957055214725,0.09631901840490797,0.29067077872012337,0.2877094972067039,0.2781456953642384,0.28836833602584816,0.3027027027027027,214,0.25547445255474455,158,False,False,0.6551631126975113,0.004236784205658872,3.5,4.043478260869565,92,,,,,,,0.09129255440997167,20,STRONG,5.23,1.43,94.2,6,5,84,40,0,0,0,20,SP,20,412,95,20.6,7.99,3.8,9.03,1.14,20.829243111057217
643446,Jeff Mcneil,L,ATH,8,Connor Prielipp,L,687570,823678,ATH @ MIN,11:10 AM,26/07,Scheduled,0.6587919048064623,,,,False,1100101010,estimated,0,0,0.0,0.2847942265863123,0.35247158365557346,0.4230020012244982,0.29352058740906595,0.015857327895201848,20,2,-0.08227848101265825,1.022,56.9,C,0.2731201382886776,3.0051876699968623,0.3935560851440098,0.2468093239297452,13,18,0,0.16666666666666666,0.2489451476793249,0.40570934256055363,0.4740484429065744,0.12024221453287197,0.2236328125,0.21568627450980393,0.2556818181818182,0.22810931399888454,0.2564102564102564,173,0.21138211382113822,137,False,True,0.6438541692824882,0.01493773552397415,3.065934065934066,3.4065934065934065,91,,,,,,,-0.04500224731230019,20,NEUTRAL,5.0,1.37,66.2,2,5,71,25,0,0,0,13,SP,13,294,66,22.6,9.59,3.38,8.91,1.08,23.22170381515117
665953,Andrés Chaparro,R,WSH,4,Kohl Drake,L,684442,822706,AZ @ WSH,10:35 AM,26/07,Scheduled,0.6570574778798141,,,,False,0001010101,estimated,0,0,0.0,0.2100423070996666,0.3363103956902663,0.47528482629492697,0.2834316670175984,0.27267406734528293,20,2,0.0,1.04,50.0,C,0.23529411764705882,,,,1,5,0,0.19696969696969696,,0.611764705882353,0.2235294117647059,0.16470588235294117,0.1590909090909091,0.1223021582733813,0.13333333333333333,0.1426056338028169,0.15217391304347827,53,0.3,26,False,True,0.6513799251030227,0.005677552776791384,2.0,2.393939393939394,33,,,,,,,-0.1175483489914098,20,NEUTRAL,1.8,1.2,5.0,0,0,5,2,0,0,0,1,SP,1,21,4,21.0,9.0,3.6,7.2,0.0,
605141,Mookie Betts,R,LAD,4,Freddy Peralta,R,642547,823599,LAD @ NYM,10:40 AM,26/07,Scheduled,0.6570574778798141,-178.0,203.0,64.0,False,1100001001,estimated,0,0,0.0,0.19002098460626388,0.23308895946382394,0.3030045295457754,0.19854584199859548,0.13287808196511092,20,2,-0.06647727272727272,0.949,50.1,C,0.2618427902134305,2.1846014838549364,0.38476826544636705,0.2129780798358667,20,6,0,0.2727272727272727,0.20625,0.5333333333333333,0.253125,0.21354166666666666,0.21566901408450703,0.22671353251318102,0.2409090909090909,0.22181818181818183,0.22580645161290322,169,0.2403846153846154,114,False,False,0.6593998969031701,-0.0023424190233560793,3.9242424242424243,4.287878787878788,66,,,,,,,-0.03404998820125127,20,NEUTRAL,5.01,1.46,109.2,5,9,110,46,0,0,0,21,SP,21,492,114,23.4,9.03,3.78,9.36,1.4,23.43264307344037
671218,Heliot Ramos,R,SF,3,José Soriano,R,667755,823194,LAA @ SF,1:05 PM,26/07,Scheduled,0.6570574778798141,,,,False,0111111000,estimated,0,0,0.0,0.21559333618862977,0.3691793805427234,0.5189420988970119,0.34272191497293886,0.3110847109373949,20,2,-0.02111675126903556,0.994,55.1,C,0.3036957686127477,2.181378134625959,0.38404213408148297,0.23100492552608418,20,6,0,0.28,0.25888324873096447,0.4967845659163987,0.3033226152197213,0.19989281886387997,0.24074074074074073,0.24540901502504173,0.2823529411764706,0.24975024975024976,0.23684210526315788,158,0.30526315789473685,103,False,False,0.6649858388012776,-0.00792836092146354,3.859375,4.078125,64,,,,,,,-0.06703460215387921,20,NEUTRAL,3.43,1.25,118.0,8,6,122,54,0,0,0,21,SP,21,491,94,23.4,9.31,4.12,7.17,0.92,23.093184589783373
671056,Iván Herrera,R,STL,2,Andrew Abbott,L,671096,823028,CIN @ STL,11:15 AM,26/07,Scheduled,0.6570574778798141,,,,False,1100010100,estimated,0,0,0.0,0.15111472845659144,0.2103060216358961,0.1943596389097924,0.17442847896772598,0.2679169190693603,20,2,-0.0366573470021746,1.031,48.1,D,0.26591154261057176,1.895143567648928,0.3898908974305446,0.2013491485453246,20,6,0,0.21621621621621623,0.25287356321839083,0.4769397721106891,0.34129137276180144,0.18176885512750948,0.21820303383897316,0.20626895854398383,0.2511737089201878,0.21892925430210325,0.23008849557522124,272,0.2602739726027397,178,False,False,0.6559649189756797,0.0010925589041343997,3.6831683168316833,4.455445544554456,101,,,,,,,-0.08276718932842697,20,STRONG,3.89,1.4,111.0,5,6,90,50,0,0,0,21,SP,21,481,105,22.9,7.3,4.05,8.51,1.3,22.91574451158908
702332,Caleb Durbin,R,BOS,6,Kevin Gausman,R,592332,824730,TOR @ BOS,10:35 AM,26/07,Scheduled,0.6565506305267853,,,,False,1011011010,estimated,0,0,0.0,0.25167021086004804,0.2322997792685804,0.19177039613454638,0.284032197121741,0.12696304355649685,20,2,0.029626623376623362,1.063,50.3,C,0.28307692307692306,2.699344841596878,0.40423544561628194,0.2226533380258557,20,5,0,0.2159090909090909,0.24553571428571427,0.5159137577002053,0.10164271047227925,0.3824435318275154,0.23289902280130292,0.23243243243243245,0.2171945701357466,0.23295171727227476,0.27071823204419887,203,0.19083969465648856,143,False,False,0.6232808398202653,0.03326979070652003,3.391304347826087,3.760869565217391,92,,,,,,,0.01782459918715893,20,NEUTRAL,4.51,1.28,115.2,4,9,117,34,0,0,0,21,SP,21,491,114,23.4,9.1,2.65,8.87,1.17,23.673604280258065
694671,Wyatt Langford,R,TEX,1,Logan Gilbert,R,669302,822870,SEA @ TEX,11:35 AM,26/07,Scheduled,0.6565506305267853,,,,False,1110111101,estimated,3,1,0.3333333333333333,0.31238545552830405,0.350060179613167,0.4072017163789266,0.39519675198355336,0.19481523864235226,20,2,0.039990421455938674,0.964,72.4,B,0.3012249443207127,5.773261026371362,0.4036678927816788,0.28603687558540464,19,7,0,0.25862068965517243,0.2986111111111111,0.46875,0.32198660714285715,0.20926339285714285,0.26061204343534056,0.25,0.2205128205128205,0.2534043812907046,0.26356589147286824,139,0.3287671232876712,77,False,False,0.6830509773623783,-0.02650034683559299,4.04,4.32,50,,,,,,,0.18469348921388115,20,NEUTRAL,3.38,0.98,120.0,8,6,129,25,0,0,0,20,SP,20,472,93,23.6,9.68,1.88,6.98,1.13,24.123995595546564
643289,Mauricio Dubón,R,ATL,5,Shane Baz,R,669358,824810,ATL @ BAL,10:35 AM,26/07,Scheduled,0.6565506305267853,,,,False,1011000111,estimated,0,0,0.0,0.23561034289789523,0.29478930767603345,0.3184530833784996,0.30169872444079876,0.15186759421434862,20,2,-0.018760291696071518,1.044,47.3,D,0.26163391933815927,2.9120197941557304,0.4310735591441168,0.2166897446041324,20,6,0,0.27564102564102566,0.25688073394495414,0.5888773388773388,0.3295218295218295,0.0816008316008316,0.26985151710781147,0.2735483870967742,0.21875,0.26528301886792455,0.25943396226415094,228,0.2716049382716049,179,False,False,0.6559649189756797,0.0005857115511056499,3.7777777777777777,4.111111111111111,99,,,,,,,0.01610736006807907,20,STRONG,4.05,1.37,117.2,4,9,105,42,0,0,0,20,SP,20,507,119,25.4,8.03,3.21,9.1,0.69,25.351119531397735
690993,Colt Keith,L,DET,2,Luinder Avila,R,679883,824246,KC @ DET,10:40 AM,26/07,Scheduled,0.6565506305267853,,,,False,0001010001,estimated,1,0,0.0,0.19021619591582278,0.3626431597177195,0.35480883226059456,0.2599647548504119,0.24920292000112845,20,2,0.0,1.004,54.6,C,0.27884615384615385,1.6764320842719234,0.3443648433287924,0.2132693015044958,19,5,0,,0.24528301886792453,0.5305944055944056,0.368006993006993,0.10139860139860139,0.24420677361853832,0.22004357298474944,0.23684210526315788,0.23653846153846153,0.2926829268292683,179,0.17475728155339806,108,False,False,0.6530163118444362,0.0035343186823491024,2.870967741935484,3.086021505376344,93,,,,,,,-0.10035077218950164,20,NEUTRAL,4.86,1.56,63.0,5,3,57,35,0,0,0,10,SP,19,273,63,14.4,8.14,5.0,9.0,0.86,16.46206436192831
683737,Michael Busch,L,CHC,3,Braxton Ashcraft,R,677952,823354,CHC @ PIT,10:35 AM,26/07,Scheduled,0.6563610078116563,,,,False,0111111110,estimated,3,0,0.0,0.25605790252474386,0.31764769114719266,0.35949703450361054,0.38684584041033576,0.29704254434121535,20,2,-0.07968307866440291,1.013,59.6,C,0.30422535211267604,4.759601574886278,0.45737048573810873,0.27167537483859255,20,6,0,0.29473684210526313,0.21505376344086022,0.4580281690140845,0.48901408450704226,0.05295774647887324,0.22422680412371135,0.2481902792140641,0.20273348519362186,0.2304333221363789,0.25471698113207547,257,0.20987654320987653,196,False,False,0.6395874722728342,0.016773535538822104,3.702970297029703,4.485148514851486,101,,,,,,,0.22541626987045982,20,NEUTRAL,3.95,1.17,116.1,9,4,130,28,0,0,0,20,SP,20,481,108,24.1,10.06,2.17,8.36,1.24,23.768824387928984
650490,Yandy Díaz,R,TB,1,Parker Messick,L,800048,822950,CLE @ TB,9:15 AM,26/07,Scheduled,0.6559649189756797,,,,False,1001011010,estimated,2,1,0.5,0.1938191572514762,0.2633976104166429,0.3497849787560029,0.20366299960496315,0.17225139968415656,20,2,0.047619047619047616,0.96,73.7,B,0.2793876435210498,3.1391662105315095,0.3433536628140366,0.2337075724857937,20,5,0,0.3333333333333333,0.2857142857142857,0.603400987383434,0.16182117388919365,0.23477783872737246,0.2713216957605985,0.28233830845771146,0.2639751552795031,0.2738549618320611,0.25416666666666665,271,0.37857142857142856,160,False,False,0.6746115055675278,-0.018646586591848147,3.877551020408163,4.3979591836734695,98,,,,,,,-0.03396104369159001,20,NEUTRAL,2.68,1.05,117.2,8,5,116,36,0,0,0,20,SP,20,467,88,23.4,8.87,2.75,6.73,0.84,23.59311558625329
669477,Casey Schmitt,R,SF,4,José Soriano,R,667755,823194,LAA @ SF,1:05 PM,26/07,Scheduled,0.6559649189756797,,,,False,1111010011,estimated,0,0,0.0,0.20176826280526586,0.33546978457726606,0.5446213414982147,0.3061540030833776,0.23157224657848988,20,2,-0.05085125448028671,0.994,55.1,C,0.3036957686127477,2.181378134625959,0.38404213408148297,0.23100492552608418,20,6,0,0.3125,0.2616487455197133,0.4967845659163987,0.3033226152197213,0.19989281886387997,0.2531017369727047,0.22693531283138918,0.2517241379310345,0.2443899018232819,0.2556053811659193,230,0.3026315789473684,166,False,False,0.6559649189756797,0.0,4.032258064516129,4.258064516129032,93,,,,,,,-0.000380330190789594,20,NEUTRAL,3.43,1.25,118.0,8,6,122,54,0,0,0,21,SP,21,491,94,23.4,9.31,4.12,7.17,0.92,23.093184589783373
803011,Sam Antonacci,L,CWS,1,Ronel Blanco,R,669854,824572,HOU @ CWS,11:10 AM,26/07,Scheduled,0.6559649189756797,,,,False,0111001001,estimated,0,0,0.0,0.2462023876237158,0.30568893756910565,0.307684170718063,0.2835004488929406,0.18459731373690938,20,2,0.027065527065527062,0.968,68.3,B,0.313953488372093,,,,1,6,0,0.25925925925925924,0.2863247863247863,0.27906976744186046,0.4186046511627907,0.3023255813953488,0.28857327307940606,0.24770642201834864,0.2604166666666667,0.275,0.288135593220339,200,0.2702702702702703,137,True,False,0.6746115055675278,-0.018646586591848147,3.5555555555555554,4.160493827160494,81,,,,,,,0.08708333099973285,20,NEUTRAL,7.71,1.07,4.2,0,0,8,3,0,0,0,1,SP,1,19,2,19.0,15.43,5.79,3.86,3.86,
665742,Juan Soto,L,NYM,2,Emmet Sheehan,R,686218,823599,LAD @ NYM,10:40 AM,26/07,Scheduled,0.6559649189756797,,,,False,1100101000,estimated,0,0,0.0,0.24480264157926432,0.3303969978133592,0.5080273417105741,0.29131042022549314,0.1688543713996156,20,2,-0.05656457739791071,0.949,65.3,B,0.2918537524053881,3.4387257872193264,0.4109087279285852,0.26378527307218275,18,6,0,0.32098765432098764,0.2644230769230769,0.42433998712169996,0.4082421120412106,0.16741790083708952,0.2717065868263473,0.23680823680823682,0.27635327635327633,0.2633064516129032,0.2677595628415301,220,0.3018867924528302,134,False,False,0.6649858388012776,-0.00902091982559794,3.4819277108433737,4.265060240963855,83,,,,,,,-0.20150245147338103,20,NEUTRAL,5.13,1.27,87.2,4,7,99,27,0,0,0,18,SP,18,375,84,20.8,10.16,2.77,8.62,1.75,20.739356608591976
678246,Miguel Vargas,R,CWS,3,Ronel Blanco,R,669854,824572,HOU @ CWS,11:10 AM,26/07,Scheduled,0.6559649189756797,,,,False,1011101100,estimated,0,0,0.0,0.20754032540796863,0.2485855449945473,0.40696282146532087,0.2631870351529113,0.16156922605361373,20,2,0.048135593220339,0.968,68.3,B,0.313953488372093,,,,1,6,0,0.211864406779661,0.26,0.27906976744186046,0.4186046511627907,0.3023255813953488,0.24958217270194985,0.29718004338394793,0.3093220338983051,0.26999662504218697,0.2747747747747748,257,0.19863013698630136,179,False,False,0.6673282578246337,-0.011363338848954019,3.68,4.36,100,,,,,,,-0.1182788984562053,20,NEUTRAL,7.71,1.07,4.2,0,0,8,3,0,0,0,1,SP,1,19,2,19.0,15.43,5.79,3.86,3.86,
682985,Riley Greene,L,DET,4,Luinder Avila,R,679883,824246,KC @ DET,10:40 AM,26/07,Scheduled,0.6559649189756797,,,,False,0110110110,estimated,0,0,0.0,0.24875800538850032,0.3618328455934671,0.6276147935611216,0.35755655183206636,0.28532708405907536,20,2,-0.006194721953664883,1.004,54.6,C,0.27884615384615385,1.6764320842719234,0.3443648433287924,0.2132693015044958,19,5,0,0.2897196261682243,0.2835249042145594,0.5305944055944056,0.368006993006993,0.10139860139860139,0.2845953002610966,0.3194444444444444,0.2517385257301808,0.28423594342876857,0.3076923076923077,237,0.25625,191,False,False,0.6464939689334291,0.009470950042250514,3.607843137254902,4.196078431372549,102,,,,,,,-0.0034123453275251366,20,NEUTRAL,4.86,1.56,63.0,5,3,57,35,0,0,0,10,SP,19,273,63,14.4,8.14,5.0,9.0,0.86,16.46206436192831
663538,Nico Hoerner,R,CHC,6,Braxton Ashcraft,R,677952,823354,CHC @ PIT,10:35 AM,26/07,Scheduled,0.6559649189756797,,,,False,0001111101,estimated,1,0,0.0,0.26214091746151774,0.3748418288178289,0.27176975431078565,0.29987131979250276,0.12836490399636602,20,2,-0.0011310795525952266,1.013,59.6,C,0.30422535211267604,4.759601574886278,0.45737048573810873,0.27167537483859255,20,6,0,0.24770642201834864,0.2465753424657534,0.4580281690140845,0.48901408450704226,0.05295774647887324,0.23671199011124847,0.234192037470726,0.2507204610951009,0.23814578910120313,0.26244343891402716,249,0.22777777777777777,199,False,False,0.6494425760646726,0.006522342911007062,4.01,4.48,100,,,,,,,0.22315923161433976,20,NEUTRAL,3.95,1.17,116.1,9,4,130,28,0,0,0,20,SP,20,481,108,24.1,10.06,2.17,8.36,1.24,23.768824387928984
673548,Seiya Suzuki,R,CHC,2,Braxton Ashcraft,R,677952,823354,CHC @ PIT,10:35 AM,26/07,Scheduled,0.6535859631584231,,,,False,1111111010,estimated,2,0,0.0,0.2611858844295358,0.37614548498274003,0.4159473084149601,0.3608158706971867,0.23480925770602462,20,2,0.005240373661426323,1.013,59.6,C,0.30422535211267604,4.759601574886278,0.45737048573810873,0.27167537483859255,20,6,0,0.2631578947368421,0.2683982683982684,0.4580281690140845,0.48901408450704226,0.05295774647887324,0.2726628895184136,0.20095693779904306,0.3392857142857143,0.2511078286558346,0.266304347826087,210,0.2676056338028169,166,False,False,0.6435601795344402,0.010025783623982876,3.7471264367816093,4.32183908045977,87,,,,,,,0.06668349859237557,20,NEUTRAL,3.95,1.17,116.1,9,4,130,28,0,0,0,20,SP,20,481,108,24.1,10.06,2.17,8.36,1.24,23.768824387928984
668227,Randy Arozarena,R,SEA,2,Jacob Degrom,R,594798,822870,SEA @ TEX,11:35 AM,26/07,Scheduled,0.6530163118444362,-133.0,156.0,57.0,False,1110011011,estimated,2,0,0.0,0.2557173013593184,0.3304319485207832,0.33177706963314924,0.2935601310584362,0.1682558861333984,20,2,0.002773982528050334,0.964,64.8,C,0.3128654970760234,5.241308600685441,0.45545859026675656,0.29755486015009097,19,6,0,0.27835051546391754,0.28112449799196787,0.4394829612220917,0.42420681551116335,0.136310223266745,0.24939320388349515,0.2327113062568606,0.2647058823529412,0.2464694014794889,0.25943396226415094,254,0.31343283582089554,153,False,False,0.6673282578246337,-0.014311945980197471,3.642105263157895,4.28421052631579,95,,,,,,,0.15898357457421186,20,NEUTRAL,3.76,1.05,105.1,7,6,128,24,0,0,0,19,SP,19,424,87,22.3,10.94,2.05,7.43,1.37,22.76289835343003
682928,Cj Abrams,L,WSH,5,Kohl Drake,L,684442,822706,AZ @ WSH,10:35 AM,26/07,Scheduled,0.6530163118444362,-178.0,186.0,64.0,False,1111011111,estimated,0,0,0.0,0.36466039990434457,0.38171809382560773,0.4614546804457315,0.48100514988594617,0.2321231025643066,20,2,-0.011512915129151258,1.04,50.0,C,0.23529411764705882,,,,1,5,0,0.28,0.2915129151291513,0.611764705882353,0.2235294117647059,0.16470588235294117,0.2682370820668693,0.26224489795918365,0.25,0.2628884826325411,0.3,241,0.2732919254658385,183,False,True,0.6417763636763594,0.01123994816807683,3.7474747474747474,4.282828282828283,99,,,,,,,0.11026615554949173,20,NEUTRAL,1.8,1.2,5.0,0,0,5,2,0,0,0,1,SP,1,21,4,21.0,9.0,3.6,7.2,0.0,
663457,Lars Nootbaar,L,STL,5,Andrew Abbott,L,671096,823028,CIN @ STL,11:15 AM,26/07,Scheduled,0.6530163118444362,,,,False,0101101010,estimated,0,0,0.0,0.15629166654602486,0.2696971101748978,0.479297133500112,0.19955715023016937,0.20566416345974048,20,2,-0.009611183923110556,1.031,48.1,D,0.26591154261057176,1.895143567648928,0.3898908974305446,0.2013491485453246,20,6,0,0.23809523809523808,0.24770642201834864,0.4769397721106891,0.34129137276180144,0.18176885512750948,0.25338491295938104,0.24342105263157895,0.20809248554913296,0.24397590361445784,0.25757575757575757,76,0.234375,75,False,False,0.6243564863695158,0.02865982547492041,3.3333333333333335,3.871794871794872,39,,,,,,,-0.0742324834084347,20,STRONG,3.89,1.4,111.0,5,6,90,50,0,0,0,21,SP,21,481,105,22.9,7.3,4.05,8.51,1.3,22.91574451158908
664040,Brandon Lowe,L,PIT,2,Jameson Taillon,R,592791,823354,CHC @ PIT,10:35 AM,26/07,Scheduled,0.6530163118444362,,,,False,0111010100,estimated,3,2,0.6666666666666666,0.195161858702923,0.3432242323524324,0.42733691632335324,0.30959499327387535,0.34149445596844064,20,2,0.06097403990559963,1.013,46.4,D,0.28642384105960267,2.2966199726490952,0.3994864289853237,0.2189703059618508,14,6,0,0.189873417721519,0.25084745762711863,0.5581395348837209,0.2799003322259136,0.16196013289036545,0.24172856178257934,0.21783088235294118,0.2291220556745182,0.2324128862590401,0.2374429223744292,249,0.23870967741935484,175,False,False,0.6395874722728342,0.013428839571602014,3.9368421052631577,4.463157894736842,95,,,,,,,-0.1969038670751073,20,NEUTRAL,5.38,1.32,72.0,2,5,65,25,0,0,0,14,SP,14,307,70,21.9,8.13,3.13,8.75,2.75,21.382322295260465
686797,Brooks Lee,L,MIN,5,Jeffrey Springs,L,605488,823678,ATH @ MIN,11:10 AM,26/07,Scheduled,0.6530163118444362,,,,False,1001111100,estimated,0,0,0.0,0.23652388695116125,0.254576447157194,0.3545787345249331,0.2971674395834918,0.18548100922897706,20,2,-0.026210826210826182,1.022,48.7,D,0.27609811751283514,2.04839630868331,0.3764464279440654,0.18543209597658078,20,6,0,0.23148148148148148,0.25769230769230766,0.4540787221905305,0.31488876212207645,0.23103251568739305,0.24778761061946902,0.24238733252131547,0.26548672566371684,0.24970226280269947,0.2631578947368421,220,0.23270440251572327,182,False,False,0.6273830828975736,0.025633228946862596,3.7938144329896906,4.144329896907217,97,,,,,,,-0.013155588115510281,20,STRONG,5.96,1.42,102.2,3,9,86,38,0,0,0,20,SP,20,450,108,22.5,7.54,3.33,9.47,2.37,22.351147042896898
687637,Dylan Beavers,L,BAL,4,Reynaldo López,R,625643,824810,ATL @ BAL,10:35 AM,26/07,Scheduled,0.6530163118444362,,,,False,1110110101,estimated,0,0,0.0,0.2584393610986416,0.33273349493590293,0.3436430997364198,0.38871062523521194,0.2863879694479947,20,2,0.02777777777777779,1.044,54.1,C,0.26865671641791045,2.1238413965633502,0.3447400919735525,0.21584890768068987,20,5,0,0.2222222222222222,0.25,0.5470536499560247,0.4212840809146878,0.0316622691292876,0.23444976076555024,0.19845360824742267,0.16161616161616163,0.2110469909315746,0.2087912087912088,103,0.3103448275862069,67,False,False,0.6295260043991072,0.023490307445328984,3.0408163265306123,3.4693877551020407,49,,,,,,,-0.05721981463195341,20,NEUTRAL,3.95,1.36,66.0,4,3,60,28,0,0,0,10,RP,23,283,62,12.3,8.18,3.82,8.45,1.36,12.428898357151727
669065,Kyle Stowers,L,MIA,3,Walker Buehler,R,621111,823840,SD @ MIA,10:40 AM,26/07,Scheduled,0.6530163118444362,,,,False,0100001101,estimated,0,0,0.0,0.18143035483969597,0.3182073907098082,0.5794145577859486,0.28465702403813553,0.4171720626248043,20,2,0.08409899229401302,1.0,48.4,D,0.26772616136919314,1.8078098280713464,0.40806291943786394,0.19672820553463483,20,5,0,0.16071428571428573,0.24481327800829875,0.6177914110429448,0.28588957055214725,0.09631901840490797,0.18136439267886856,0.225114854517611,0.23155737704918034,0.20435153583617746,0.20454545454545456,201,0.2644628099173554,135,False,False,0.6348698670157644,0.01814644482867178,3.759493670886076,4.253164556962025,79,,,,,,,-0.20561486859416211,20,STRONG,5.23,1.43,94.2,6,5,84,40,0,0,0,20,SP,20,412,95,20.6,7.99,3.8,9.03,1.14,20.829243111057217
669364,Xavier Edwards,L,MIA,4,Walker Buehler,R,621111,823840,SD @ MIA,10:40 AM,26/07,Scheduled,0.6530163118444362,,,,False,1111010001,estimated,0,0,0.0,0.21899010681680667,0.32623453841619243,0.21623676213523632,0.2906190261613696,0.2533710820044679,20,2,-0.013350938967136128,1.0,48.4,D,0.26772616136919314,1.8078098280713464,0.40806291943786394,0.19672820553463483,20,5,0,0.3020833333333333,0.2887323943661972,0.6177914110429448,0.28588957055214725,0.09631901840490797,0.28886168910648713,0.3239910313901345,0.27395209580838326,0.295625,0.3021276595744681,269,0.27586206896551724,169,False,False,0.6530163118444362,0.0,3.6893203883495147,4.252427184466019,103,,,,,,,-0.08143642295187277,20,STRONG,5.23,1.43,94.2,6,5,84,40,0,0,0,20,SP,20,412,95,20.6,7.99,3.8,9.03,1.14,20.829243111057217
521692,Salvador Pérez,R,KC,5,Framber Valdez,L,664285,824246,KC @ DET,10:40 AM,26/07,Scheduled,0.6530163118444362,,,,False,0111110101,estimated,1,0,0.0,0.22271092672819107,0.31933112168097727,0.464400091410701,0.323991948190365,0.267025549163017,20,2,0.037861763704460316,1.004,44.7,D,0.27413793103448275,2.1240508517550603,0.4207559436329998,0.18125825828247394,20,5,0,0.23636363636363636,0.19850187265917604,0.48186528497409326,0.3252734599884859,0.19286125503742085,0.19897585954645208,0.1691588785046729,0.2597402597402597,0.1936069742099528,0.20444444444444446,246,0.21710526315789475,164,False,False,0.6239781183247189,0.02903819351971726,3.88659793814433,4.22680412371134,97,,,,,,,-0.0031693006002838802,20,STRONG,4.57,1.38,108.1,5,7,88,38,0,0,0,20,SP,20,479,111,23.9,7.31,3.16,9.22,0.91,23.438089195237545
691406,Junior Caminero,R,TB,3,Parker Messick,L,800048,822950,CLE @ TB,9:15 AM,26/07,Scheduled,0.6530163118444362,-178.0,203.0,64.0,False,0111111101,estimated,3,1,0.3333333333333333,0.2967091714818934,0.41730585818283034,0.4556529516035233,0.35622409900958685,0.2059029878884193,20,2,-0.01302686995984198,0.96,73.7,B,0.2793876435210498,3.1391662105315095,0.3433536628140366,0.2337075724857937,20,5,0,0.27522935779816515,0.28825622775800713,0.603400987383434,0.16182117388919365,0.23477783872737246,0.3136020151133501,0.2737676056338028,0.324435318275154,0.3014998469543924,0.31020408163265306,271,0.2413793103448276,179,False,False,0.6746115055675278,-0.0215951937230916,3.823529411764706,4.411764705882353,102,,,,,,,0.08787878744424713,20,NEUTRAL,2.68,1.05,117.2,8,5,116,36,0,0,0,20,SP,20,467,88,23.4,8.87,2.75,6.73,0.84,23.59311558625329
624585,Jorge Soler,R,LAA,4,Carson Whisenhunt,L,687931,823194,LAA @ SF,1:05 PM,26/07,Scheduled,0.6484326468901928,,,,False,1110010011,estimated,0,0,0.0,0.14936999783190547,0.38206691075722077,0.5852570036166438,0.3953693565650739,0.4259477998171991,20,2,0.03167585246199503,0.994,50.0,C,0.2441860465116279,,,,2,17,0,0.22784810126582278,0.19617224880382775,0.4011627906976744,0.23255813953488372,0.36627906976744184,0.22106109324758844,0.23529411764705882,0.142433234421365,0.21467278032513548,0.23626373626373626,202,0.1509433962264151,129,False,False,0.6322287626653574,0.01620388422483532,3.6455696202531644,4.189873417721519,79,,,,,,,-0.14473454559526672,20,NEUTRAL,3.38,1.41,10.2,2,0,6,6,0,0,0,2,SP,2,46,9,23.0,5.06,5.06,7.59,0.84,
662139,Daulton Varsho,L,TOR,6,Ranger Suarez,L,624133,824730,TOR @ BOS,10:35 AM,26/07,Scheduled,0.6484326468901928,,,,False,0010111101,estimated,0,0,0.0,0.20657085458344177,0.26745102855064645,0.2801469016385183,0.2345978594235306,0.16406054150840746,20,2,-0.0540983606557377,1.063,77.9,B,0.2824585635359116,4.119014471293809,0.29455793051645746,0.2695214156114626,17,21,0,0.2,0.2540983606557377,0.6618257261410788,0.19432918395573998,0.14384508990318118,0.25690184049079756,0.2317596566523605,0.2153846153846154,0.24492497793468668,0.24157303370786518,197,0.24603174603174602,137,False,False,0.6312449900376945,0.017187656852498234,3.5764705882352943,3.929411764705882,85,,,,,,,-0.06722754577278738,20,NEUTRAL,3.15,1.16,91.1,4,3,97,26,0,0,0,17,SP,17,376,80,22.1,9.56,2.56,7.88,0.49,22.275262446891347
702176,Alan Roden,L,MIN,7,Jeffrey Springs,L,605488,823678,ATH @ MIN,11:10 AM,26/07,Scheduled,0.6482999861861467,,,,False,0010010011,estimated,0,0,0.0,0.23019426313886812,0.3164606444539158,0.43156437659114344,0.23635519784506553,0.10613672383354197,11,3,0.0,1.022,48.7,D,0.27609811751283514,2.04839630868331,0.3764464279440654,0.18543209597658078,20,6,0,,0.23076923076923078,0.4540787221905305,0.31488876212207645,0.23103251568739305,0.1935483870967742,0.14035087719298245,0.047619047619047616,0.15789473684210525,0.06666666666666667,19,0.38461538461538464,14,False,False,0.6321260144376238,0.016173971748522864,2.5454545454545454,3.0,11,,,,,,,-0.1649540804935478,11,STRONG,5.96,1.42,102.2,3,9,86,38,0,0,0,20,SP,20,450,108,22.5,7.54,3.33,9.47,2.37,22.351147042896898
672386,Alejandro Kirk,R,TOR,7,Ranger Suarez,L,624133,824730,TOR @ BOS,10:35 AM,26/07,Scheduled,0.6482987065873664,,,,False,1101001111,estimated,0,0,0.0,0.26014586472119083,0.3176174703692173,0.4592759421093306,0.325885591740129,0.11384795230064307,20,2,0.054440154440154404,1.063,77.9,B,0.2824585635359116,4.119014471293809,0.29455793051645746,0.2695214156114626,17,21,0,0.2571428571428571,0.20270270270270271,0.6618257261410788,0.19432918395573998,0.14384508990318118,0.22362869198312235,0.23626373626373626,0.2222222222222222,0.22644163150492264,0.24074074074074073,61,0.2,62,False,False,0.6447021935757137,0.0035965130116527577,3.303030303030303,3.727272727272727,33,,,,,,,0.04879359281243915,20,NEUTRAL,3.15,1.16,91.1,4,3,97,26,0,0,0,17,SP,17,376,80,22.1,9.56,2.56,7.88,0.49,22.275262446891347
641487,J. P. Crawford,L,SEA,1,Jacob Degrom,R,594798,822870,SEA @ TEX,11:35 AM,26/07,Scheduled,0.6475158331942977,,,,False,0110101001,estimated,1,0,0.0,0.19485625973827575,0.3036041512486453,0.34554773670404176,0.26807755957304763,0.2040279998595753,20,7,-0.0072549019607842935,0.964,64.8,C,0.3128654970760234,5.241308600685441,0.45545859026675656,0.29755486015009097,19,6,0,0.22058823529411764,0.21333333333333335,0.4394829612220917,0.42420681551116335,0.136310223266745,0.22289521502119927,0.2268041237113402,0.25609756097560976,0.2281097331830139,0.23076923076923078,216,0.1891891891891892,133,False,False,0.6746115055675278,-0.027095672373230073,3.573170731707317,4.2560975609756095,82,,,,,,,0.10646890734068144,20,NEUTRAL,3.76,1.05,105.1,7,6,128,24,0,0,0,19,SP,19,424,87,22.3,10.94,2.05,7.43,1.37,22.76289835343003
808982,Jung Hoo Lee,L,SF,6,José Soriano,R,667755,823194,LAA @ SF,1:05 PM,26/07,Scheduled,0.6464939689334291,,,,False,1001011110,estimated,0,0,0.0,0.208944443913892,0.3043752983504864,0.21776180173271711,0.2268922136302726,0.11103827714303365,20,2,0.01767676767676768,0.994,55.1,C,0.3036957686127477,2.181378134625959,0.38404213408148297,0.23100492552608418,20,6,0,0.2878787878787879,0.3055555555555556,0.4967845659163987,0.3033226152197213,0.19989281886387997,0.2902542372881356,0.2864516129032258,0.2962962962962963,0.2898318654923939,0.28426395939086296,209,0.3248407643312102,167,False,False,0.6464939689334291,0.0,3.765957446808511,4.0,94,,,,,,,-0.0419797164889924,20,NEUTRAL,3.43,1.25,118.0,8,6,122,54,0,0,0,21,SP,21,491,94,23.4,9.31,4.12,7.17,0.92,23.093184589783373
668804,Bryan Reynolds,L,PIT,3,Jameson Taillon,R,592791,823354,CHC @ PIT,10:35 AM,26/07,Scheduled,0.6456576022369594,,,,False,1011101000,estimated,1,0,0.0,0.20748666917840589,0.3537019238280626,0.36582590635288675,0.32623119759127095,0.3753534052120897,20,2,-0.001029159519725542,1.013,46.4,D,0.28642384105960267,2.2966199726490952,0.3994864289853237,0.2189703059618508,14,6,0,0.2727272727272727,0.27169811320754716,0.5581395348837209,0.2799003322259136,0.16196013289036545,0.24892395982783358,0.2615859938208033,0.2757475083056478,0.2584988219454729,0.3031674208144796,261,0.22727272727272727,188,False,False,0.6282610220766643,0.017396580160295105,3.6407766990291264,4.359223300970874,103,,,,,,,0.047964262286687334,20,NEUTRAL,5.38,1.32,72.0,2,5,65,25,0,0,0,14,SP,14,307,70,21.9,8.13,3.13,8.75,2.75,21.382322295260465
502671,Paul Goldschmidt,R,NYY,3,Cristopher Sánchez,L,650911,823433,NYY @ PHI,4:20 PM,26/07,Scheduled,0.6456576022369594,,,,False,0110011001,estimated,0,0,0.0,0.12114948388918641,0.2557433256091412,0.28900466367479866,0.20370202668516327,0.3365285296862919,20,2,0.0672268907563025,1.009,70.5,B,0.3289817232375979,6.042267396733767,0.43665264455716035,0.255187009490545,20,6,0,0.2857142857142857,0.2184873949579832,0.42036553524804177,0.185378590078329,0.39425587467362927,0.24,0.25232403718459495,0.20552147239263804,0.23926940639269406,0.2727272727272727,166,0.22857142857142856,116,False,False,0.6348698670157644,0.010787735221195027,3.5,3.810810810810811,74,,,,,,,-0.2092677833113444,20,NEUTRAL,2.65,1.19,132.2,12,4,151,25,0,0,0,21,SP,21,550,133,26.2,10.24,1.7,9.02,0.81,26.159448138929324
669127,Shea Langeliers,R,ATH,3,Connor Prielipp,L,687570,823678,ATH @ MIN,11:10 AM,26/07,Scheduled,0.6456576022369594,,,,False,0011111111,estimated,0,0,0.0,0.283745650760295,0.4742131907852971,0.6919615418951367,0.5757015359739833,0.4017660033583519,20,2,0.009841269841269817,1.022,56.9,C,0.2731201382886776,3.0051876699968623,0.3935560851440098,0.2468093239297452,13,18,0,0.2698412698412698,0.26,0.40570934256055363,0.4740484429065744,0.12024221453287197,0.21895620875824834,0.21734892787524365,0.2537313432835821,0.22425997425997427,0.2320675105485232,261,0.31654676258992803,156,False,True,0.6417763636763594,0.0038812385606000754,4.043010752688172,4.483870967741935,93,,,,,,,-0.05181408974657923,20,NEUTRAL,5.0,1.37,66.2,2,5,71,25,0,0,0,13,SP,13,294,66,22.6,9.59,3.38,8.91,1.08,23.22170381515117
677588,José Tena,L,WSH,8,Kohl Drake,L,684442,822706,AZ @ WSH,10:35 AM,26/07,Scheduled,0.6456576022369594,,,,False,1001100110,estimated,0,0,0.0,0.3582556868737592,0.3349982595861237,0.4826006358314784,0.48408389328798485,0.22357087925382124,20,2,0.2627118644067796,1.04,50.0,C,0.23529411764705882,,,,1,5,0,0.5,0.23728813559322035,0.611764705882353,0.2235294117647059,0.16470588235294117,0.2347417840375587,0.21495327102803738,0.21122112211221122,0.22391304347826088,0.2037037037037037,116,0.30666666666666664,84,False,True,0.5917065253722763,0.053951076864683145,2.44,2.6666666666666665,75,,,,,,,-0.03949561033402199,20,NEUTRAL,1.8,1.2,5.0,0,0,5,2,0,0,0,1,SP,1,21,4,21.0,9.0,3.6,7.2,0.0,
679845,Nick Loftin,R,KC,7,Framber Valdez,L,664285,824246,KC @ DET,10:40 AM,26/07,Scheduled,0.6447656675037976,,,,False,0010011111,estimated,0,0,0.0,0.3119800730041519,0.2819047291756052,0.23092697074238988,0.34623692279174423,0.13155730982343877,20,2,0.13939990162321694,1.004,44.7,D,0.27413793103448275,2.1240508517550603,0.4207559436329998,0.18125825828247394,20,5,0,0.3263157894736842,0.18691588785046728,0.48186528497409326,0.3252734599884859,0.19286125503742085,0.22052067381316998,0.1968503937007874,0.3148148148148148,0.22610141313383209,0.21212121212121213,113,0.2912621359223301,122,False,False,0.6186971748660218,0.026068492637775775,3.014925373134328,3.5074626865671643,67,,,,,,,0.018762775003231834,20,STRONG,4.57,1.38,108.1,5,7,88,38,0,0,0,20,SP,20,479,111,23.9,7.31,3.16,9.22,0.91,23.438089195237545
695490,Edwin Arroyo,L,CIN,8,Kyle Leahy,R,681517,823028,CIN @ STL,11:15 AM,26/07,Scheduled,0.6447656675037976,,,,False,0101011111,estimated,1,0,0.0,0.3097420643199408,0.39475978519754984,0.34101325562119084,0.39515613941590033,0.1650003081987764,20,2,0.06881720430107524,1.031,46.8,D,0.26560509554140127,2.8132322959622207,0.5063548919446615,0.2029824781450687,19,6,0,0.2,0.26881720430107525,0.41427660930529,0.45315487571701724,0.1325685149776928,0.19827586206896552,0.20454545454545456,0.27941176470588236,0.2159090909090909,0.2753623188405797,73,0.22448979591836735,55,True,False,0.5917065253722763,0.0530591421315213,3.2777777777777777,3.5555555555555554,36,,,,,,,0.18684964047287456,20,STRONG,3.59,1.35,95.1,7,4,79,33,0,0,0,19,SP,19,408,96,21.5,7.46,3.12,9.06,0.94,20.883317496536673
596019,Francisco Lindor,L,NYM,4,Emmet Sheehan,R,686218,823599,LAD @ NYM,10:40 AM,26/07,Scheduled,0.6447656675037976,-156.0,170.0,61.0,False,1010011110,estimated,0,0,0.0,0.27277359062319834,0.3355539291477991,0.4966938260581642,0.3212633410927304,0.20903339623094208,20,2,0.030128205128205132,0.949,65.3,B,0.2918537524053881,3.4387257872193264,0.4109087279285852,0.26378527307218275,18,6,0,0.20833333333333334,0.23846153846153847,0.42433998712169996,0.4082421120412106,0.16741790083708952,0.22323462414578588,0.23357664233576642,0.19518716577540107,0.2190876350540216,0.21551724137931033,123,0.25806451612903225,73,False,False,0.6593998969031701,-0.014634229399372534,3.9555555555555557,4.355555555555555,45,,,,,,,0.052000189172131873,20,NEUTRAL,5.13,1.27,87.2,4,7,99,27,0,0,0,18,SP,18,375,84,20.8,10.16,2.77,8.62,1.75,20.739356608591976
656716,Zach Mckinstry,L,DET,7,Luinder Avila,R,679883,824246,KC @ DET,10:40 AM,26/07,Scheduled,0.6447021935757137,,,,False,0101000111,estimated,0,0,0.0,0.21422807053861181,0.33949442708897515,0.25231348332306125,0.2440625037985393,0.12933984314122546,20,2,0.06067064506962205,1.004,54.6,C,0.27884615384615385,1.6764320842719234,0.3443648433287924,0.2132693015044958,19,5,0,0.14705882352941177,0.20772946859903382,0.5305944055944056,0.368006993006993,0.10139860139860139,0.20938215102974828,0.16666666666666666,0.20901639344262296,0.200133422281521,0.22580645161290322,138,0.17094017094017094,136,False,False,0.6367096793918673,0.007992514183846389,3.1298701298701297,3.5584415584415585,77,,,,,,,-0.22336898479666328,20,NEUTRAL,4.86,1.56,63.0,5,3,57,35,0,0,0,10,SP,19,273,63,14.4,8.14,5.0,9.0,0.86,16.46206436192831
691176,Jasson Domínguez,L,NYY,5,Cristopher Sánchez,L,650911,823433,NYY @ PHI,4:20 PM,26/07,Scheduled,0.6445996037511262,,,,False,1101101111,estimated,0,0,0.0,0.25026892906924364,0.3239578229484141,0.35429433971587276,0.31351249102846956,0.16250882098019,20,2,0.06118881118881117,1.009,70.5,B,0.3289817232375979,6.042267396733767,0.43665264455716035,0.255187009490545,20,6,0,0.2727272727272727,0.21153846153846154,0.42036553524804177,0.185378590078329,0.39425587467362927,0.19448946515397084,0.1875,0.24050632911392406,0.20545609548167093,0.1935483870967742,100,0.2878787878787879,70,False,False,0.6570574778798141,-0.012457874128687818,3.7857142857142856,4.0476190476190474,42,,,,,,,0.2884536903232546,20,NEUTRAL,2.65,1.19,132.2,12,4,151,25,0,0,0,21,SP,21,550,133,26.2,10.24,1.7,9.02,0.81,26.159448138929324
686681,Michael Massey,L,KC,6,Framber Valdez,L,664285,824246,KC @ DET,10:40 AM,26/07,Scheduled,0.643628638308212,,,,False,1011011111,estimated,0,0,0.0,0.33488110877528177,0.31785301688858847,0.46290009403151844,0.5225356545766279,0.21501090649925914,20,2,-0.15902964959568733,1.004,44.7,D,0.27413793103448275,2.1240508517550603,0.4207559436329998,0.18125825828247394,20,5,0,0.14285714285714285,0.3018867924528302,0.48186528497409326,0.3252734599884859,0.19286125503742085,0.2528957528957529,0.2751004016064257,0.24603174603174602,0.25977653631284914,0.24836601307189543,163,0.31683168316831684,112,False,False,0.6242930124414318,0.01933562586678028,3.097560975609756,3.3536585365853657,82,,,,,,,0.2458273191453246,20,STRONG,4.57,1.38,108.1,5,7,88,38,0,0,0,20,SP,20,479,111,23.9,7.31,3.16,9.22,0.91,23.438089195237545
673237,Yainer Diaz,R,HOU,7,Erick Fedde,R,607200,824572,HOU @ CWS,11:10 AM,26/07,Scheduled,0.6428913700426252,,,,False,1111110110,estimated,0,0,0.0,0.2606266219926125,0.37409567316368963,0.4023250876351015,0.28841539481975287,0.1360183692187446,20,4,0.03948942959712806,0.968,44.8,D,0.25406758448060074,2.294625218470131,0.40100250176271807,0.1822101870907641,20,6,0,0.21739130434782608,0.25688073394495414,0.4981179422835634,0.370138017565872,0.13174404015056462,0.2746858168761221,0.24033149171270718,0.20161290322580644,0.25407478427612656,0.27722772277227725,104,0.19480519480519481,83,False,False,0.6367096793918673,0.0061816906507579095,3.869565217391304,4.065217391304348,46,,,,,,,0.1819074368141331,20,STRONG,4.16,1.4,93.0,5,6,66,35,0,0,0,10,RP,20,405,95,20.2,6.39,3.39,9.19,1.55,19.72829973316642
663993,Nathaniel Lowe,L,CIN,6,Kyle Leahy,R,681517,823028,CIN @ STL,11:15 AM,26/07,Scheduled,0.640048062246728,,,,False,1100111101,estimated,3,1,0.3333333333333333,0.2255044163283378,0.3517749794714648,0.381932953889631,0.3387556293574522,0.29797156095761174,20,2,-0.20520999468367887,1.031,46.8,D,0.26560509554140127,2.8132322959622207,0.5063548919446615,0.2029824781450687,19,6,0,0.4444444444444444,0.23923444976076555,0.41427660930529,0.45315487571701724,0.1325685149776928,0.23634881825590873,0.2506527415143603,0.25769230769230766,0.24148936170212765,0.27205882352941174,152,0.2073170731707317,94,False,False,0.6001662244605267,0.039881837786201246,2.9863013698630136,3.3698630136986303,73,,,,,,,-0.02764981753711482,20,STRONG,3.59,1.35,95.1,7,4,79,33,0,0,0,19,SP,19,408,96,21.5,7.46,3.12,9.06,0.94,20.883317496536673
647304,Josh Naylor,L,SEA,5,Jacob Degrom,R,594798,822870,SEA @ TEX,11:35 AM,26/07,Scheduled,0.639984588318644,,,,False,1111011110,estimated,2,0,0.0,0.29181496955458225,0.32910452061784023,0.2920540295767602,0.33006628415273154,0.0695960608899665,20,2,-0.001756697408871355,0.964,64.8,C,0.3128654970760234,5.241308600685441,0.45545859026675656,0.29755486015009097,19,6,0,0.26262626262626265,0.2608695652173913,0.4394829612220917,0.42420681551116335,0.136310223266745,0.25218023255813954,0.25831202046035806,0.22933333333333333,0.2506908803789972,0.25327510917030566,253,0.273972602739726,162,False,False,0.6570574778798141,-0.017072889561170035,3.90625,4.322916666666667,96,,,,,,,0.06543408020772744,20,NEUTRAL,3.76,1.05,105.1,7,6,128,24,0,0,0,19,SP,19,424,87,22.3,10.94,2.05,7.43,1.37,22.76289835343003
665052,Griffin Conine,L,MIA,6,Walker Buehler,R,621111,823840,SD @ MIA,10:40 AM,26/07,Scheduled,0.6395874722728342,,,,False,0111111101,estimated,0,0,0.0,0.28492955772120804,0.47883585487186003,0.6237621148507011,0.4915251440946214,0.28504077977205866,20,2,0.1576086956521739,1.0,48.4,D,0.26772616136919314,1.8078098280713464,0.40806291943786394,0.19672820553463483,20,5,0,0.125,0.2826086956521739,0.6177914110429448,0.28588957055214725,0.09631901840490797,0.29508196721311475,0.26639344262295084,0.21686746987951808,0.26675977653631283,0.3090909090909091,62,0.2222222222222222,51,False,False,0.6117293842651076,0.0278580880077266,2.7777777777777777,3.138888888888889,36,,,,,,,0.17722408089753072,20,STRONG,5.23,1.43,94.2,6,5,84,40,0,0,0,20,SP,20,412,95,20.6,7.99,3.8,9.03,1.14,20.829243111057217
666018,Jonathan Aranda,L,TB,2,Parker Messick,L,800048,822950,CLE @ TB,9:15 AM,26/07,Scheduled,0.6391352593259524,-150.0,170.0,60.0,False,1000111001,estimated,2,1,0.5,0.21060465630118544,0.29566720369256594,0.4964774250165608,0.30924903137273907,0.2905922391152294,20,2,-0.025868786037088976,0.96,73.7,B,0.2793876435210498,3.1391662105315095,0.3433536628140366,0.2337075724857937,20,5,0,0.2608695652173913,0.2867383512544803,0.603400987383434,0.16182117388919365,0.23477783872737246,0.26369168356997974,0.2618384401114206,0.2776470588235294,0.2643129770992366,0.2826086956521739,267,0.2765957446808511,172,False,False,0.6544223298548927,-0.015287070528940294,3.6732673267326734,4.346534653465347,101,,,,,,,0.0842796133315075,20,NEUTRAL,2.68,1.05,117.2,8,5,116,36,0,0,0,20,SP,20,467,88,23.4,8.87,2.75,6.73,0.84,23.59311558625329
695734,Daylen Lile,L,WSH,7,Kohl Drake,L,684442,822706,AZ @ WSH,10:35 AM,26/07,Scheduled,0.637406957896321,,,,False,0001101100,estimated,0,0,0.0,0.1738055507136709,0.3316650343859113,0.4906668413243821,0.2447422225367487,0.22648087553421228,20,2,0.0336430736786609,1.04,50.0,C,0.23529411764705882,,,,1,5,0,0.26851851851851855,0.23487544483985764,0.611764705882353,0.2235294117647059,0.16470588235294117,0.20403749098774332,0.21756225425950196,0.23917995444191345,0.21297006907137375,0.23255813953488372,232,0.25862068965517243,193,False,True,0.608636722649987,0.02877023524633393,3.8514851485148514,4.207920792079208,101,,,,,,,-0.23591050395254468,20,NEUTRAL,1.8,1.2,5.0,0,0,5,2,0,0,0,1,SP,1,21,4,21.0,9.0,3.6,7.2,0.0,
673962,Josh Jung,R,TEX,2,Logan Gilbert,R,669302,822870,SEA @ TEX,11:35 AM,26/07,Scheduled,0.6350038073185907,,,,False,1110101011,estimated,2,1,0.5,0.2726613600457744,0.3190023782670175,0.5157988316358216,0.3407867277403385,0.20683724836997092,20,5,-0.0576393105703209,0.964,72.4,B,0.3012249443207127,5.773261026371362,0.4036678927816788,0.28603687558540464,19,7,0,0.34177215189873417,0.28413284132841327,0.46875,0.32198660714285715,0.20926339285714285,0.28695652173913044,0.28869778869778867,0.32489451476793246,0.29160125588697017,0.30985915492957744,236,0.2773722627737226,156,False,False,0.6673282578246337,-0.032324450506042934,3.8461538461538463,4.3076923076923075,91,,,,,,,0.0049827751105130024,20,NEUTRAL,3.38,0.98,120.0,8,6,129,25,0,0,0,20,SP,20,472,93,23.6,9.68,1.88,6.98,1.13,24.123995595546564
669003,Garrett Mitchell,L,MIL,6,Kyle Freeland,L,607536,823755,COL @ MIL,11:10 AM,26/07,Scheduled,0.6349754433521736,,,,False,1111101000,estimated,1,0,0.0,0.27004712495270816,0.4181170502413569,0.4419207044831537,0.40089642352017013,0.23510957578070693,20,2,-0.01990740740740743,0.97,49.2,D,0.2788586251621271,4.758272774127729,0.42914251305613255,0.19829428619404615,18,6,0,0.25925925925925924,0.2791666666666667,0.5330739299610895,0.3216601815823606,0.14526588845654995,0.26260162601626014,0.28429752066115704,0.25,0.2664822498847395,0.2777777777777778,183,0.2727272727272727,152,False,False,0.6158937662463715,0.01908167710580211,3.230769230769231,3.681318681318681,91,,,,,,,0.08143679169317232,20,STRONG,7.28,1.56,94.0,2,9,83,20,0,0,0,18,SP,18,429,127,23.8,7.95,1.91,12.16,1.91,24.269727528379768
805811,Bryce Eldridge,L,SF,2,José Soriano,R,667755,823194,LAA @ SF,1:05 PM,26/07,Scheduled,0.6349754433521736,,,,False,0111110101,estimated,0,0,0.0,0.23868744004746825,0.4070901481267641,0.5903123025778751,0.42225124228460975,0.32353526188244147,20,2,-0.05054945054945059,0.994,55.1,C,0.3036957686127477,2.181378134625959,0.38404213408148297,0.23100492552608418,20,6,0,0.3076923076923077,0.2571428571428571,0.4967845659163987,0.3033226152197213,0.19989281886387997,0.3088057901085645,0.2988691437802908,0.2585034013605442,0.298225529479107,0.288135593220339,135,0.23958333333333334,113,False,False,0.6429321682400543,-0.007956724887880684,3.5081967213114753,4.065573770491803,61,,,,,,,0.03211162204225539,20,NEUTRAL,3.43,1.25,118.0,8,6,122,54,0,0,0,21,SP,21,491,94,23.4,9.31,4.12,7.17,0.92,23.093184589783373
666182,Bo Bichette,R,NYM,3,Emmet Sheehan,R,686218,823599,LAD @ NYM,10:40 AM,26/07,Scheduled,0.6348415030493473,,,,False,0000011110,estimated,0,0,0.0,0.2190017082250704,0.26627455864326166,0.286033468398891,0.29500878724397833,0.21335051620059736,20,2,-0.06500341763499659,0.949,65.3,B,0.2918537524053881,3.4387257872193264,0.4109087279285852,0.26378527307218275,18,6,0,0.30526315789473685,0.24025974025974026,0.42433998712169996,0.4082421120412106,0.16741790083708952,0.26852846401718583,0.23353293413173654,0.2988505747126437,0.2603164753335402,0.2734375,278,0.22448979591836735,161,False,False,0.6579566485372418,-0.023115145487894506,3.950980392156863,4.303921568627451,102,,,,,,,0.08550521066170519,20,NEUTRAL,5.13,1.27,87.2,4,7,99,27,0,0,0,18,SP,18,375,84,20.8,10.16,2.77,8.62,1.75,20.739356608591976
666176,Jo Adell,R,LAA,6,Carson Whisenhunt,L,687931,823194,LAA @ SF,1:05 PM,26/07,Scheduled,0.6342570710970219,-156.0,178.0,61.0,False,0000001101,estimated,0,0,0.0,0.2061079868454028,0.31417595973100393,0.34662514802284355,0.2129654882936828,0.18117254180699324,20,2,0.004820170559881348,0.994,50.0,C,0.2441860465116279,,,,2,17,0,0.2413793103448276,0.23655913978494625,0.4011627906976744,0.23255813953488372,0.36627906976744184,0.2381852551984877,0.25173439048562934,0.17684210526315788,0.23246753246753246,0.23045267489711935,256,0.25,167,False,False,0.6232524758538481,0.011004595243173765,3.872549019607843,4.147058823529412,102,,,,,,,-0.06347007372663097,20,NEUTRAL,3.38,1.41,10.2,2,0,6,6,0,0,0,2,SP,2,46,9,23.0,5.06,5.06,7.59,0.84,
547180,Bryce Harper,L,PHI,3,Will Warren,R,701542,823433,NYY @ PHI,4:20 PM,26/07,Scheduled,0.6322287626653574,-163.0,186.0,62.0,False,0111101100,estimated,0,0,0.0,0.14991585855197245,0.2571967073653972,0.35322721071520313,0.2370345608935504,0.35534106045269015,20,2,0.13426573426573427,1.009,37.5,D,0.2858844550327576,2.1500650810675492,0.417635237566317,0.20748231818010263,20,4,0,0.17482517482517482,0.3090909090909091,0.6577221228384019,0.23315444245676803,0.10912343470483005,0.2411038489469862,0.2274401473296501,0.26695842450765866,0.24031271244051666,0.2672413793103448,270,0.2366412213740458,163,False,False,0.6249433551025558,0.007285407562801605,3.5588235294117645,4.245098039215686,102,,,,,,,-0.1317983265327772,20,NEUTRAL,4.0,1.37,99.0,7,4,97,34,0,0,0,19,SP,20,433,102,21.6,8.82,3.09,9.27,1.27,20.991780472047562
572233,Christian Walker,R,HOU,5,Erick Fedde,R,607200,824572,HOU @ CWS,11:10 AM,26/07,Scheduled,0.6322287626653574,-150.0,178.0,60.0,False,1010000111,estimated,0,0,0.0,0.1829406794878184,0.24792575045977022,0.36982434882946497,0.3515208005462558,0.33986749789175813,20,2,-0.023722627737226276,0.968,44.8,D,0.25406758448060074,2.294625218470131,0.40100250176271807,0.1822101870907641,20,6,0,0.25,0.22627737226277372,0.4981179422835634,0.370138017565872,0.13174404015056462,0.21020656136087484,0.21730580137659783,0.25263157894736843,0.21661016949152542,0.22943722943722944,255,0.23776223776223776,161,False,False,0.608636722649987,0.023592040015370408,3.702970297029703,4.118811881188119,101,,,,,,,-0.049667794170645506,20,STRONG,4.16,1.4,93.0,5,6,66,35,0,0,0,10,RP,20,405,95,20.2,6.39,3.39,9.19,1.55,19.72829973316642
686527,Dominic Canzone,L,SEA,3,Jacob Degrom,R,594798,822870,SEA @ TEX,11:35 AM,26/07,Scheduled,0.6322287626653574,,,,False,1101011011,estimated,2,0,0.0,0.18426039832169394,0.2483727865233923,0.3509789770606447,0.2742750348077117,0.26173281801014076,20,2,0.04958521870286578,0.964,64.8,C,0.3128654970760234,5.241308600685441,0.45545859026675656,0.29755486015009097,19,6,0,0.20833333333333334,0.2579185520361991,0.4394829612220917,0.42420681551116335,0.136310223266745,0.2633587786259542,0.24682395644283123,0.22939866369710468,0.24916201117318434,0.2585034013605442,164,0.24489795918367346,112,False,False,0.6530163118444362,-0.020787549179078768,2.784090909090909,3.1363636363636362,88,,,,,,,-0.027332038406550987,20,NEUTRAL,3.76,1.05,105.1,7,6,128,24,0,0,0,19,SP,19,424,87,22.3,10.94,2.05,7.43,1.37,22.76289835343003
663586,Austin Riley,R,ATL,6,Shane Baz,R,669358,824810,ATL @ BAL,10:35 AM,26/07,Scheduled,0.6293509697843906,,,,False,1011100111,estimated,0,0,0.0,0.2742935367855321,0.4064009517272077,0.5520245915386544,0.4444051452668213,0.31023184183603114,20,2,0.03012552301255228,1.044,47.3,D,0.26163391933815927,2.9120197941557304,0.4310735591441168,0.2166897446041324,20,6,0,0.2,0.2301255230125523,0.5888773388773388,0.3295218295218295,0.0816008316008316,0.21339173967459324,0.18826135105204872,0.22247706422018348,0.20768184908225698,0.21359223300970873,230,0.2261904761904762,188,False,False,0.6077616436764144,0.02158932610797626,3.6310679611650487,4.058252427184466,103,,,,,,,0.1515711988323503,20,STRONG,4.05,1.37,117.2,4,9,105,42,0,0,0,20,SP,20,507,119,25.4,8.03,3.21,9.1,0.69,25.351119531397735
805999,A. J. Ewing,L,NYM,1,Emmet Sheehan,R,686218,823599,LAD @ NYM,10:40 AM,26/07,Scheduled,0.6292830398704717,,,,False,1011110110,estimated,0,0,0.0,0.23343631580041277,0.31547039256658216,0.4033141452307308,0.3665792379352768,0.29848293027123973,20,2,0.051415797317436646,0.949,65.3,B,0.2918537524053881,3.4387257872193264,0.4109087279285852,0.26378527307218275,18,6,0,0.22727272727272727,0.2786885245901639,0.42433998712169996,0.4082421120412106,0.16741790083708952,0.21850613154960982,0.25,0.25597269624573377,0.23475258918296893,0.25984251968503935,139,0.28,116,True,False,0.6464939689334291,-0.017210929062957403,3.546875,3.984375,64,,,,,,,-0.01249434237074792,20,NEUTRAL,5.13,1.27,87.2,4,7,99,27,0,0,0,18,SP,18,375,84,20.8,10.16,2.77,8.62,1.75,20.739356608591976
681624,Andy Pages,R,LAD,2,Freddy Peralta,R,642547,823599,LAD @ NYM,10:40 AM,26/07,Scheduled,0.6289544159243697,,,,False,1101011111,estimated,0,0,0.0,0.25249820026300845,0.3568089731635572,0.4385490317236377,0.35482653207666476,0.23733784776398467,20,2,-0.019587756875892426,0.949,50.1,C,0.2618427902134305,2.1846014838549364,0.38476826544636705,0.2129780798358667,20,6,0,0.2796610169491525,0.2600732600732601,0.5333333333333333,0.253125,0.21354166666666666,0.2563157894736842,0.2241183162684869,0.2522255192878338,0.24791800128122998,0.2242152466367713,248,0.32142857142857145,192,False,False,0.6498386649006492,-0.020884248976279496,3.871287128712871,4.356435643564357,101,,,,,,,0.13468788283455807,20,NEUTRAL,5.01,1.46,109.2,5,9,110,46,0,0,0,21,SP,21,492,114,23.4,9.03,3.78,9.36,1.4,23.43264307344037
700250,Ben Rice,L,NYY,2,Cristopher Sánchez,L,650911,823433,NYY @ PHI,4:20 PM,26/07,Scheduled,0.6282610220766643,,,,False,1111111100,estimated,0,0,0.0,0.2825639706973455,0.3857605678367077,0.5462940007429647,0.3803333462268211,0.3058140875469039,20,2,-0.027898305084745778,1.009,70.5,B,0.3289817232375979,6.042267396733767,0.43665264455716035,0.255187009490545,20,6,0,0.256,0.2838983050847458,0.42036553524804177,0.185378590078329,0.39425587467362927,0.24820143884892087,0.2626953125,0.24266144814090018,0.2532290958531611,0.2557077625570776,246,0.3028169014084507,170,False,False,0.6498386649006492,-0.02157764282398489,3.7216494845360826,4.288659793814433,97,,,,,,,-0.02818497309059868,20,NEUTRAL,2.65,1.19,132.2,12,4,151,25,0,0,0,21,SP,21,550,133,26.2,10.24,1.7,9.02,0.81,26.159448138929324
687093,Vaughn Grissom,R,LAA,5,Carson Whisenhunt,L,687931,823194,LAA @ SF,1:05 PM,26/07,Scheduled,0.6273126165228313,,,,False,1101111101,estimated,0,0,0.0,0.2952693633517207,0.3637712730649593,0.4030149100249806,0.3877153335195623,0.24155270402074416,20,2,0.03930760908763073,0.994,50.0,C,0.2441860465116279,,,,2,17,0,0.2765957446808511,0.23728813559322035,0.4011627906976744,0.23255813953488372,0.36627906976744184,0.2299229922992299,0.22641509433962265,0.24338624338624337,0.23047619047619047,0.24369747899159663,135,0.26881720430107525,104,False,False,0.623914644396635,0.0033979721261963025,3.4193548387096775,3.8548387096774195,62,,,,,,,0.06792247104174921,20,NEUTRAL,3.38,1.41,10.2,2,0,6,6,0,0,0,2,SP,2,46,9,23.0,5.06,5.06,7.59,0.84,
641343,Jake Bauers,L,MIL,5,Kyle Freeland,L,607536,823755,COL @ MIL,11:10 AM,26/07,Scheduled,0.627311667744575,,,,False,0110000101,estimated,0,0,0.0,0.21421033140231407,0.36936957547136645,0.5231817408092886,0.3188456511358997,0.33525784236615036,20,2,0.029715762273901825,0.97,49.2,D,0.2788586251621271,4.758272774127729,0.42914251305613255,0.19829428619404615,18,6,0,0.2777777777777778,0.24806201550387597,0.5330739299610895,0.3216601815823606,0.14526588845654995,0.2409927942353883,0.2562814070351759,0.22327790973871733,0.24143490528012898,0.26436781609195403,205,0.2391304347826087,161,False,False,0.6001662244605267,0.02714544328404833,3.3548387096774195,3.935483870967742,93,,,,,,,-0.2516898818213281,20,STRONG,7.28,1.56,94.0,2,9,83,20,0,0,0,18,SP,18,429,127,23.8,7.95,1.91,12.16,1.91,24.269727528379768
669394,Jake Burger,R,TEX,4,Logan Gilbert,R,669302,822870,SEA @ TEX,11:35 AM,26/07,Scheduled,0.6272491425947474,,,,False,1000111101,estimated,3,1,0.3333333333333333,0.19117392392598792,0.2919183555141499,0.41136974390270875,0.24220261590638423,0.2719477256388304,20,2,0.011230585424133827,0.964,72.4,B,0.3012249443207127,5.773261026371362,0.4036678927816788,0.28603687558540464,19,7,0,0.22580645161290322,0.23703703703703705,0.46875,0.32198660714285715,0.20926339285714285,0.19222139117427076,0.20534861509073543,0.21666666666666667,0.1984478935698448,0.20270270270270271,243,0.28368794326241137,155,False,False,0.6530163118444362,-0.025767169249688804,3.704081632653061,4.061224489795919,98,,,,,,,0.024856190778862107,20,NEUTRAL,3.38,0.98,120.0,8,6,129,25,0,0,0,20,SP,20,472,93,23.6,9.68,1.88,6.98,1.13,24.123995595546564
630105,Jake Cronenworth,L,SD,7,Janson Junk,R,676083,823840,SD @ MIA,10:40 AM,26/07,Scheduled,0.6266613250834511,,,,False,0110101110,estimated,0,0,0.0,0.25900514331625657,0.40887730118755916,0.4548739706252232,0.44860819900066135,0.27202918228551626,20,2,-0.02638966872543516,1.0,45.8,D,0.2547085201793722,2.330573945115681,0.41365812876957175,0.17435732768495765,13,6,0,0.23076923076923078,0.20437956204379562,0.38240574506283664,0.4245960502692998,0.19299820466786355,0.18342391304347827,0.16736401673640167,0.21052631578947367,0.18496621621621623,0.17391304347826086,105,0.2535211267605634,84,False,False,0.5917065253722763,0.03495479971117477,3.196078431372549,3.7058823529411766,51,,,,,,,0.012045640114953028,20,STRONG,5.09,1.35,69.0,4,6,51,20,0,0,0,13,SP,13,295,73,22.7,6.65,2.61,9.52,1.43,22.65905925037948
657757,Gavin Sheets,L,SD,6,Janson Junk,R,676083,823840,SD @ MIA,10:40 AM,26/07,Scheduled,0.6265843062848435,,,,False,0000100110,estimated,0,0,0.0,0.170932115753757,0.20178512883748612,0.2569317123171651,0.18967135867783516,0.12922121598257738,20,2,0.042016806722689065,1.0,45.8,D,0.2547085201793722,2.330573945115681,0.41365812876957175,0.17435732768495765,13,6,0,0.17857142857142858,0.22058823529411764,0.38240574506283664,0.4245960502692998,0.19299820466786355,0.1910688140556369,0.1940928270042194,0.2055084745762712,0.19553291536050157,0.19553072625698323,205,0.24793388429752067,141,False,False,0.6036688288931745,0.022915477391668992,3.125,3.6041666666666665,96,,,,,,,-0.04920691055755297,20,STRONG,5.09,1.35,69.0,4,6,51,20,0,0,0,13,SP,13,295,73,22.7,6.65,2.61,9.52,1.43,22.65905925037948
607043,Brandon Nimmo,L,TEX,3,Logan Gilbert,R,669302,822870,SEA @ TEX,11:35 AM,26/07,Scheduled,0.6246080382443404,,,,False,1011100111,estimated,3,0,0.0,0.2914594993515828,0.38153598962049756,0.4748354199144733,0.36223801305305586,0.2660333038783306,20,2,-0.05388471177944859,0.964,72.4,B,0.3012249443207127,5.773261026371362,0.4036678927816788,0.28603687558540464,19,7,0,0.3157894736842105,0.2619047619047619,0.46875,0.32198660714285715,0.20926339285714285,0.27193932827735645,0.2530795072788354,0.2299168975069252,0.26180533247671056,0.28870292887029286,262,0.24427480916030533,147,False,False,0.6609446727658997,-0.03633663452155933,3.8541666666666665,4.260416666666667,96,,,,,,,0.15120940306024147,20,NEUTRAL,3.38,0.98,120.0,8,6,129,25,0,0,0,20,SP,20,472,93,23.6,9.68,1.88,6.98,1.13,24.123995595546564
701675,Nathan Church,L,STL,7,Andrew Abbott,L,671096,823028,CIN @ STL,11:15 AM,26/07,Scheduled,0.6244622388300254,,,,False,0000010010,estimated,0,0,0.0,0.09840884455253807,0.25459853901993157,0.338863849576339,0.11072022478174663,0.13762024610376658,20,2,-0.018203360620422215,1.031,48.1,D,0.26591154261057176,1.895143567648928,0.3898908974305446,0.2013491485453246,20,6,0,0.20454545454545456,0.22274881516587677,0.4769397721106891,0.34129137276180144,0.18176885512750948,0.24579831932773108,0.20863309352517986,0.2577639751552795,0.23865645256334708,0.2846153846153846,141,0.152,133,False,False,0.6074316706847831,0.017030568145242286,3.1875,3.425,80,,,,,,,-0.31499076452924396,20,STRONG,3.89,1.4,111.0,5,6,90,50,0,0,0,21,SP,21,481,105,22.9,7.3,4.05,8.51,1.3,22.91574451158908
641355,Cody Bellinger,L,NYY,4,Cristopher Sánchez,L,650911,823433,NYY @ PHI,4:20 PM,26/07,Scheduled,0.6239781183247189,,,,False,1111101111,estimated,0,0,0.0,0.28324248011350406,0.3773084801809708,0.4052421158427752,0.4137490620615117,0.288903751514386,20,2,0.038853004501859495,1.009,70.5,B,0.3289817232375979,6.042267396733767,0.43665264455716035,0.255187009490545,20,6,0,0.2824427480916031,0.24358974358974358,0.42036553524804177,0.185378590078329,0.39425587467362927,0.2257234726688103,0.2647058823529412,0.2564102564102564,0.2416276557436082,0.24651162790697675,248,0.2733333333333333,178,False,False,0.6350038073185907,-0.011025688993871796,3.65,4.26,100,,,,,,,0.14301156081149988,20,NEUTRAL,2.65,1.19,132.2,12,4,151,25,0,0,0,21,SP,21,550,133,26.2,10.24,1.7,9.02,0.81,26.159448138929324
668885,Austin Martin,R,MIN,6,Jeffrey Springs,L,605488,823678,ATH @ MIN,11:10 AM,26/07,Scheduled,0.62294191324144,,,,False,0010010001,estimated,0,0,0.0,0.26638458844929896,0.3316778558672523,0.28825146480395897,0.35082782764797543,0.22478405171668664,20,2,0.07080371787862216,1.022,48.7,D,0.27609811751283514,2.04839630868331,0.3764464279440654,0.18543209597658078,20,6,0,0.27419354838709675,0.2033898305084746,0.4540787221905305,0.31488876212207645,0.23103251568739305,0.2200328407224959,0.24293785310734464,0.20155038759689922,0.22371699053313404,0.2112676056338028,168,0.28,122,False,False,0.5852094484625608,0.03773246477887915,2.9156626506024095,3.4939759036144578,83,,,,,,,-0.17025892231002404,20,STRONG,5.96,1.42,102.2,3,9,86,38,0,0,0,20,SP,20,450,108,22.5,7.54,3.33,9.47,2.37,22.351147042896898
553993,Eugenio Suárez,R,CIN,5,Kyle Leahy,R,681517,823028,CIN @ STL,11:15 AM,26/07,Scheduled,0.6206402976556472,,,,False,0111101011,estimated,1,0,0.0,0.22650872484054277,0.3747707437982207,0.5434425164167298,0.43932886658321463,0.37307666620847196,20,2,-0.015198888309883613,1.031,46.8,D,0.26560509554140127,2.8132322959622207,0.5063548919446615,0.2029824781450687,19,6,0,0.22807017543859648,0.21287128712871287,0.41427660930529,0.45315487571701724,0.1325685149776928,0.22867194371152155,0.23389830508474577,0.19724770642201836,0.22638603696098564,0.23870967741935484,171,0.18269230769230768,116,False,False,0.608636722649987,0.012003575005660183,3.5972222222222223,3.986111111111111,72,,,,,,,0.03165890506906959,20,STRONG,3.59,1.35,95.1,7,4,79,33,0,0,0,19,SP,19,408,96,21.5,7.46,3.12,9.06,0.94,20.883317496536673
669016,Brandon Marsh,L,PHI,5,Will Warren,R,701542,823433,NYY @ PHI,4:20 PM,26/07,Scheduled,0.6199469038079418,,,,False,1000011010,estimated,0,0,0.0,0.20941442920512512,0.2959319902865574,0.4115431634851863,0.28107724865296024,0.3025081454556967,20,2,-0.0014144271570014078,1.009,37.5,D,0.2858844550327576,2.1500650810675492,0.417635237566317,0.20748231818010263,20,4,0,0.2871287128712871,0.2857142857142857,0.6577221228384019,0.23315444245676803,0.10912343470483005,0.26220362622036264,0.24636058230683092,0.2900552486187845,0.26057906458797325,0.270935960591133,216,0.3057324840764331,169,False,False,0.6095577130156591,0.010389190792282732,3.711340206185567,3.9690721649484537,97,,,,,,,-0.12677288893648797,20,NEUTRAL,4.0,1.37,99.0,7,4,97,34,0,0,0,19,SP,20,433,102,21.6,8.82,3.09,9.27,1.27,20.991780472047562
695657,Colson Montgomery,L,CWS,4,Ronel Blanco,R,669854,824572,HOU @ CWS,11:10 AM,26/07,Scheduled,0.6188608862846904,,,,False,1101101000,estimated,0,0,0.0,0.1771595821145851,0.3577858816147902,0.31277415822198096,0.2968637443002187,0.34791660980460115,20,2,-0.05162508853387893,0.968,68.3,B,0.313953488372093,,,,1,6,0,0.25773195876288657,0.20610687022900764,0.27906976744186046,0.4186046511627907,0.3023255813953488,0.22859025032938077,0.20757180156657964,0.2386058981233244,0.22642215568862276,0.2631578947368421,236,0.16,168,False,False,0.6190259134422698,-0.00016502715757937825,3.7395833333333335,4.208333333333333,96,,,,,,,-0.05552314771754941,20,NEUTRAL,7.71,1.07,4.2,0,0,8,3,0,0,0,1,SP,1,19,2,19.0,15.43,5.79,3.86,3.86,
663656,Kyle Tucker,L,LAD,6,Freddy Peralta,R,642547,823599,LAD @ NYM,10:40 AM,26/07,Scheduled,0.6186971748660218,,,,False,1100101001,estimated,0,0,0.0,0.22370202416062235,0.3459146035312475,0.3777958355158208,0.2928302312748973,0.13913645960419715,20,2,-0.0065856129685916975,0.949,50.1,C,0.2618427902134305,2.1846014838549364,0.38476826544636705,0.2129780798358667,20,6,0,0.24468085106382978,0.23809523809523808,0.5333333333333333,0.253125,0.21354166666666666,0.2198952879581152,0.24193548387096775,0.17667844522968199,0.21635883905013192,0.22164948453608246,230,0.2631578947368421,171,False,False,0.6381798506647066,-0.01948267579868479,3.6041666666666665,4.177083333333333,96,,,,,,,-0.10713484123730327,20,NEUTRAL,5.01,1.46,109.2,5,9,110,46,0,0,0,21,SP,21,492,114,23.4,9.03,3.78,9.36,1.4,23.43264307344037
695731,Braden Montgomery,L,CWS,6,Ronel Blanco,R,669854,824572,HOU @ CWS,11:10 AM,26/07,Scheduled,0.6186688108996047,,,,False,1011111011,estimated,0,0,0.0,0.26545517304635763,0.30535402626386415,0.3555704774525514,0.3418027283105312,0.15160118692084903,20,2,0.06804123711340204,0.968,68.3,B,0.313953488372093,,,,1,6,0,0.2,0.26804123711340205,0.27906976744186046,0.4186046511627907,0.3023255813953488,0.24647887323943662,0.2717391304347826,0.20187793427230047,0.23294117647058823,0.2608695652173913,77,0.23809523809523808,69,True,False,0.6312733540041117,-0.012604543104506982,3.6666666666666665,4.055555555555555,36,,,,,,,0.049962424897380196,20,NEUTRAL,7.71,1.07,4.2,0,0,8,3,0,0,0,1,SP,1,19,2,19.0,15.43,5.79,3.86,3.86,
665877,José Fermín,R,STL,8,Andrew Abbott,L,671096,823028,CIN @ STL,11:15 AM,26/07,Scheduled,0.6185632345631955,,,,False,1001101001,estimated,0,0,0.0,0.20015342129498315,0.2378426324485274,0.29634339047358005,0.20598922158637853,0.1349224416135166,20,3,0.04311626523936962,1.031,48.1,D,0.26591154261057176,1.895143567648928,0.3898908974305446,0.2013491485453246,20,6,0,0.2711864406779661,0.22807017543859648,0.4769397721106891,0.34129137276180144,0.18176885512750948,0.2716688227684347,0.27348066298342544,0.3219178082191781,0.2779078844652615,0.27058823529411763,92,0.24444444444444444,103,False,False,0.5972674117159295,0.021295822847266055,2.6923076923076925,3.0,65,,,,,,,-0.02713847450777618,20,STRONG,3.89,1.4,111.0,5,6,90,50,0,0,0,21,SP,21,481,105,22.9,7.3,4.05,8.51,1.3,22.91574451158908
643217,Andrew Benintendi,L,CWS,5,Ronel Blanco,R,669854,824572,HOU @ CWS,11:10 AM,26/07,Scheduled,0.6161665579547592,,,,False,1101011010,estimated,0,0,0.0,0.24569996685091436,0.29224213289348994,0.3405534086704901,0.30126112879609,0.16143077940455833,20,2,0.02577777777777779,0.968,68.3,B,0.313953488372093,,,,1,6,0,0.2222222222222222,0.248,0.27906976744186046,0.4186046511627907,0.3023255813953488,0.2373968835930339,0.215210355987055,0.22871046228710462,0.22950819672131148,0.23030303030303031,183,0.26785714285714285,127,False,False,0.6312733540041117,-0.0151067960493525,3.1123595505617976,3.4831460674157304,89,,,,,,,0.15613081611203325,20,NEUTRAL,7.71,1.07,4.2,0,0,8,3,0,0,0,1,SP,1,19,2,19.0,15.43,5.79,3.86,3.86,
691458,Blaze Jordan,R,STL,9,Andrew Abbott,L,671096,823028,CIN @ STL,11:15 AM,26/07,Scheduled,0.6159221302127886,,,,False,0111101101,estimated,0,0,0.0,0.21089709230311973,0.3603232979720056,0.45614506815745964,0.32472512681803173,0.18070998525058668,20,2,0.19642857142857142,1.031,48.1,D,0.26591154261057176,1.895143567648928,0.3898908974305446,0.2013491485453246,20,6,0,0.35714285714285715,0.16071428571428573,0.4769397721106891,0.34129137276180144,0.18176885512750948,0.22562674094707522,0.23222748815165878,0.16923076923076924,0.2220472440944882,0.21052631578947367,58,0.2926829268292683,47,True,False,0.589598923002746,0.026323207210042665,3.3793103448275863,3.6206896551724137,29,,,,,,,0.05121571296178672,20,STRONG,3.89,1.4,111.0,5,6,90,50,0,0,0,21,SP,21,481,105,22.9,7.3,4.05,8.51,1.3,22.91574451158908
592663,J. T. Realmuto,R,PHI,7,Will Warren,R,701542,823433,NYY @ PHI,4:20 PM,26/07,Scheduled,0.6159221302127886,,,,False,0111111111,estimated,0,0,0.0,0.37615468732567364,0.39518754751757584,0.5950392573923541,0.4820182539116505,0.22622864550422667,20,2,0.010790835181079095,1.009,37.5,D,0.2858844550327576,2.1500650810675492,0.417635237566317,0.20748231818010263,20,4,0,0.21951219512195122,0.23030303030303031,0.6577221228384019,0.23315444245676803,0.10912343470483005,0.23484119345524543,0.18299445471349354,0.18579234972677597,0.21778277996623524,0.24444444444444444,147,0.20535714285714285,129,False,False,0.6119260256576783,0.003996104555110347,3.3835616438356166,3.780821917808219,73,,,,,,,0.19591360567295418,20,NEUTRAL,4.0,1.37,99.0,7,4,97,34,0,0,0,19,SP,20,433,102,21.6,8.82,3.09,9.27,1.27,20.991780472047562
687551,Drew Gilbert,L,SF,8,José Soriano,R,667755,823194,LAA @ SF,1:05 PM,26/07,Scheduled,0.6159221302127886,,,,False,0111010101,estimated,0,0,0.0,0.243950528340035,0.368283480709744,0.3572745344698904,0.2846894297595938,0.09839193616728015,20,2,0.01215277777777779,0.994,55.1,C,0.3036957686127477,2.181378134625959,0.38404213408148297,0.23100492552608418,20,6,0,0.2222222222222222,0.234375,0.4967845659163987,0.3033226152197213,0.19989281886387997,0.2345505617977528,0.23116883116883116,0.26851851851851855,0.23805913570887036,0.24509803921568626,114,0.2222222222222222,125,False,False,0.619256628410901,-0.003334498198112379,2.6923076923076925,3.0641025641025643,78,,,,,,,-0.05556039346779977,20,NEUTRAL,3.43,1.25,118.0,8,6,122,54,0,0,0,21,SP,21,491,94,23.4,9.31,4.12,7.17,0.92,23.093184589783373
691026,Masyn Winn,R,STL,6,Andrew Abbott,L,671096,823028,CIN @ STL,11:15 AM,26/07,Scheduled,0.6158937662463715,,,,False,0111000100,estimated,0,0,0.0,0.177643633901034,0.301667838852674,0.4328158885220194,0.24310441229342641,0.22794214973345212,20,2,0.0392464678178964,1.031,48.1,D,0.26591154261057176,1.895143567648928,0.3898908974305446,0.2013491485453246,20,6,0,0.26373626373626374,0.22448979591836735,0.4769397721106891,0.34129137276180144,0.18176885512750948,0.2265193370165746,0.2398921832884097,0.2850467289719626,0.23449131513647642,0.23626373626373626,205,0.23376623376623376,178,False,False,0.6017465498345059,0.01414721641186556,3.6129032258064515,4.118279569892473,93,,,,,,,-0.14928450573391994,20,STRONG,3.89,1.4,111.0,5,6,90,50,0,0,0,21,SP,21,481,105,22.9,7.3,4.05,8.51,1.3,22.91574451158908
808959,Munetaka Murakami,L,CWS,2,Ronel Blanco,R,669854,824572,HOU @ CWS,11:10 AM,26/07,Scheduled,0.6140734502748885,,,,False,1001101101,estimated,0,0,0.0,0.19308719087765822,0.3354468074008289,0.6125177737435661,0.3569723398140786,0.34619949126257515,20,2,0.06528616623526026,0.968,68.3,B,0.313953488372093,,,,1,6,0,0.18032786885245902,0.24561403508771928,0.27906976744186046,0.4186046511627907,0.3023255813953488,0.23620309050772628,0.19720101781170485,0.2222222222222222,0.2176904176904177,0.21705426356589147,164,0.24271844660194175,122,True,False,0.6237383031373519,-0.009664852862463436,3.515151515151515,4.333333333333333,66,,,,,,,-0.19318232147731892,20,NEUTRAL,7.71,1.07,4.2,0,0,8,3,0,0,0,1,SP,1,19,2,19.0,15.43,5.79,3.86,3.86,
666126,Carlos Cortes,L,ATH,5,Connor Prielipp,L,687570,823678,ATH @ MIN,11:10 AM,26/07,Scheduled,0.6126477834718008,,,,False,1001110000,estimated,0,0,0.0,0.150500403776141,0.2374568783999457,0.3538093732240196,0.24655640341718166,0.23819896066239077,20,2,0.015946843853820558,1.022,56.9,C,0.2731201382886776,3.0051876699968623,0.3935560851440098,0.2468093239297452,13,18,0,0.2857142857142857,0.26976744186046514,0.40570934256055363,0.4740484429065744,0.12024221453287197,0.287109375,0.25,0.2681564245810056,0.274468085106383,0.2781954887218045,152,0.25842696629213485,98,False,True,0.6119260256576783,0.0007217578141225367,2.8461538461538463,3.2051282051282053,78,,,,,,,-0.06744701241567423,20,NEUTRAL,5.0,1.37,66.2,2,5,71,25,0,0,0,13,SP,13,294,66,22.6,9.59,3.38,8.91,1.08,23.22170381515117
656775,Cedric Mullins,L,TB,4,Parker Messick,L,800048,822950,CLE @ TB,9:15 AM,26/07,Scheduled,0.6119543896240954,,,,False,0100101101,estimated,0,0,0.0,0.17383795063318785,0.24568583533890692,0.2610499761468722,0.2829662674446245,0.2398623654969479,20,2,0.05690645052347179,0.96,73.7,B,0.2793876435210498,3.1391662105315095,0.3433536628140366,0.2337075724857937,20,5,0,0.2553191489361702,0.1984126984126984,0.603400987383434,0.16182117388919365,0.23477783872737246,0.19448698315467075,0.21818181818181817,0.20408163265306123,0.2024482109227872,0.20481927710843373,187,0.21052631578947367,156,False,False,0.6497229493260633,-0.03776855970196791,3.4767441860465116,3.988372093023256,86,,,,,,,-0.01676061691596186,20,NEUTRAL,2.68,1.05,117.2,8,5,116,36,0,0,0,20,SP,20,467,88,23.4,8.87,2.75,6.73,0.84,23.59311558625329
683083,Nasim Nuñez,L,WSH,9,Kohl Drake,L,684442,822706,AZ @ WSH,10:35 AM,26/07,Scheduled,0.6119260256576783,,,,False,0001011110,estimated,0,0,0.0,0.24296953779517122,0.275335570165307,0.21035033951291457,0.31679436875773964,0.11831257439692196,20,2,0.016261516261516257,1.04,50.0,C,0.23529411764705882,,,,1,5,0,0.26373626373626374,0.2474747474747475,0.611764705882353,0.2235294117647059,0.16470588235294117,0.24698310539018503,0.22879177377892032,0.2740112994350282,0.24924924924924924,0.25161290322580643,177,0.2537313432835821,152,False,True,0.5894562485347763,0.02246977712290199,3.247191011235955,3.696629213483146,89,,,,,,,-0.10688244554698483,20,NEUTRAL,1.8,1.2,5.0,0,0,5,2,0,0,0,1,SP,1,21,4,21.0,9.0,3.6,7.2,0.0,
683953,Travis Bazzana,L,CLE,2,Drew Rasmussen,R,656876,822950,CLE @ TB,9:15 AM,26/07,Scheduled,0.6117604672180134,,,,False,1011011000,estimated,1,0,0.0,0.19556106199907658,0.2813036539282728,0.2938171477701137,0.2841817289973867,0.23719074423306638,20,2,-0.030681556527745818,0.96,77.8,B,0.2851662404092072,5.513957400732806,0.3386578676160052,0.24183616946999062,18,5,0,0.25742574257425743,0.22674418604651161,0.7992327365728901,0.07608695652173914,0.12468030690537084,0.2202826267664173,0.2693935119887165,0.2273972602739726,0.2360928602715725,0.25,176,0.2231404958677686,142,True,False,0.6350038073185907,-0.02324334010057738,3.73972602739726,4.3561643835616435,73,,,,,,,-0.091565684866424,20,NEUTRAL,3.28,0.98,104.1,8,5,103,18,0,0,0,19,SP,19,415,84,21.8,8.88,1.55,7.25,1.04,21.98481812461283
687401,Joey Ortiz,R,MIL,8,Kyle Freeland,L,607536,823755,COL @ MIL,11:10 AM,26/07,Scheduled,0.6117293842651076,,,,False,0111001110,estimated,1,0,0.0,0.2991833191756129,0.34835598627751196,0.467656054824237,0.340402485935619,0.1748117653662792,20,2,-0.014241486068111459,0.97,49.2,D,0.2788586251621271,4.758272774127729,0.42914251305613255,0.19829428619404615,18,6,0,0.22105263157894736,0.23529411764705882,0.5330739299610895,0.3216601815823606,0.14526588845654995,0.2076167076167076,0.19130434782608696,0.24,0.20679886685552407,0.20869565217391303,128,0.25,135,False,False,0.5963283684525812,0.015401015812526397,2.9240506329113924,3.329113924050633,79,,,,,,,0.0448355328458898,20,STRONG,7.28,1.56,94.0,2,9,83,20,0,0,0,18,SP,18,429,127,23.8,7.95,1.91,12.16,1.91,24.269727528379768
646240,Rafael Devers,L,SF,5,José Soriano,R,667755,823194,LAA @ SF,1:05 PM,26/07,Scheduled,0.611724817005105,-144.0,170.0,59.0,False,1000101011,estimated,0,0,0.0,0.25278420496067033,0.32437229479504737,0.4904916361081558,0.31747035801709833,0.22876234257152772,20,2,0.059515570934256024,0.994,55.1,C,0.3036957686127477,2.181378134625959,0.38404213408148297,0.23100492552608418,20,6,0,0.2,0.25951557093425603,0.4967845659163987,0.3033226152197213,0.19989281886387997,0.22935779816513763,0.21904761904761905,0.26666666666666666,0.23513182096873084,0.2317596566523605,257,0.26282051282051283,177,False,False,0.6191012106701052,-0.007376393665000203,3.8137254901960786,4.254901960784314,102,,,,,,,0.04039232125949372,20,NEUTRAL,3.43,1.25,118.0,8,6,122,54,0,0,0,21,SP,21,491,94,23.4,9.31,4.12,7.17,0.92,23.093184589783373
641933,Tyler O'Neill,R,BAL,7,Reynaldo López,R,625643,824810,ATL @ BAL,10:35 AM,26/07,Scheduled,0.6110333992584234,,,,False,1100111111,estimated,0,0,0.0,0.3591517327206846,0.3892755497347429,0.5721804332860284,0.5265162933410885,0.2845696691458357,20,2,0.03829656862745098,1.044,54.1,C,0.26865671641791045,2.1238413965633502,0.3447400919735525,0.21584890768068987,20,5,0,0.19607843137254902,0.234375,0.5470536499560247,0.4212840809146878,0.0316622691292876,0.19462025316455697,0.17366946778711484,0.1358695652173913,0.17902813299232737,0.1724137931034483,99,0.25316455696202533,87,False,False,0.5917065253722763,0.019326873886147067,2.721311475409836,3.0491803278688523,61,,,,,,,0.11654422111729484,20,NEUTRAL,3.95,1.36,66.0,4,3,60,28,0,0,0,10,RP,23,283,62,12.3,8.18,3.82,8.45,1.36,12.428898357151727
642086,Dominic Smith,L,ATL,7,Shane Baz,R,669358,824810,ATL @ BAL,10:35 AM,26/07,Scheduled,0.6110050352920062,,,,False,1000100110,estimated,0,0,0.0,0.24450450303970295,0.24348765123637056,0.37033689740370096,0.32796129229244353,0.19887699994148514,20,2,0.21003236245954693,1.044,47.3,D,0.26163391933815927,2.9120197941557304,0.4310735591441168,0.2166897446041324,20,6,0,0.06666666666666667,0.2766990291262136,0.5888773388773388,0.3295218295218295,0.0816008316008316,0.28753541076487255,0.25,0.21863799283154123,0.26221264367816094,0.3055555555555556,117,0.22123893805309736,130,False,False,0.5994242463344333,0.011580788957572974,2.6,2.9058823529411764,85,,,,,,,-0.10539516631044626,20,STRONG,4.05,1.37,117.2,4,9,105,42,0,0,0,20,SP,20,507,119,25.4,8.03,3.21,9.1,0.69,25.351119531397735
676724,Jared Young,L,NYM,7,Emmet Sheehan,R,686218,823599,LAD @ NYM,10:40 AM,26/07,Scheduled,0.6110050352920062,,,,False,0111001101,estimated,0,0,0.0,0.2920020706090831,0.34467923063883593,0.45239706362385596,0.3287117755173196,0.1481596024032715,20,2,0.11714285714285716,0.949,65.3,B,0.2918537524053881,3.4387257872193264,0.4109087279285852,0.26378527307218275,18,6,0,0.14285714285714285,0.26,0.42433998712169996,0.4082421120412106,0.16741790083708952,0.2617124394184168,0.2442159383033419,0.2534562211981567,0.2552845528455285,0.30526315789473685,102,0.1774193548387097,74,False,False,0.6119543896240954,-0.0009493543320892028,2.8035714285714284,3.142857142857143,56,,,,,,,0.11337020335312534,20,NEUTRAL,5.13,1.27,87.2,4,7,99,27,0,0,0,18,SP,18,375,84,20.8,10.16,2.77,8.62,1.75,20.739356608591976
805347,Jim Jarvis,L,ATL,8,Shane Baz,R,669358,824810,ATL @ BAL,10:35 AM,26/07,Scheduled,0.6110050352920062,,,,False,0111001100,estimated,0,0,0.0,0.24135533283074515,0.3224551398420668,0.505210565176525,0.2964799217043931,0.21628470563116847,18,2,0.13333333333333333,1.044,47.3,D,0.26163391933815927,2.9120197941557304,0.4310735591441168,0.2166897446041324,20,6,0,0.16666666666666666,0.3,0.5888773388773388,0.3295218295218295,0.0816008316008316,0.23404255319148937,0.23076923076923078,0.23728813559322035,0.2331288343558282,0.2962962962962963,29,0.27586206896551724,31,True,False,0.5907052366792798,0.02029979861272646,3.111111111111111,3.3333333333333335,18,,,,,,,0.03216826096076993,18,STRONG,4.05,1.37,117.2,4,9,105,42,0,0,0,20,SP,20,507,119,25.4,8.03,3.21,9.1,0.69,25.351119531397735
670032,Nicky Lopez,L,TEX,7,Logan Gilbert,R,669302,822870,SEA @ TEX,11:35 AM,26/07,Scheduled,0.6087269733731734,,,,False,1011010101,estimated,0,0,0.0,0.3346589839152998,0.3360102873902849,0.3116572406414236,0.34445093770590396,0.1176692286975902,20,2,-0.1441677588466579,0.964,72.4,B,0.3012249443207127,5.773261026371362,0.4036678927816788,0.28603687558540464,19,7,0,0.42857142857142855,0.28440366972477066,0.46875,0.32198660714285715,0.20926339285714285,0.3458980044345898,0.25688073394495414,0.24812030075187969,0.3072139303482587,0.35135135135135137,80,0.2698412698412698,71,False,False,0.6447021935757137,-0.03597522020254029,2.795918367346939,3.0816326530612246,49,,,,,,,0.0915576385066124,20,NEUTRAL,3.38,0.98,120.0,8,6,129,25,0,0,0,20,SP,20,472,93,23.6,9.68,1.88,6.98,1.13,24.123995595546564
664983,Jake Mccarthy,L,COL,1,Jacob Misiorowski,R,694819,823755,COL @ MIL,11:10 AM,26/07,Scheduled,0.6086566839885322,,,,False,1111111111,estimated,1,0,0.0,0.29219085144933415,0.3013130842407159,0.2627960644369192,0.36739799750779667,0.20594612690160294,20,2,-0.021125116713351988,0.97,98.2,A,0.36151960784313725,7.118890546514887,0.33271004650237684,0.39202807625230873,18,6,0,0.3194444444444444,0.29831932773109243,0.7755977927651747,0.20907418761496016,0.015328019619865114,0.2920962199312715,0.27030625832223704,0.2508361204013378,0.27992799279927993,0.31155778894472363,215,0.2882882882882883,124,False,False,0.6746115055675278,-0.06595482157899557,3.604651162790698,3.941860465116279,86,,,,,,,0.29875524538175446,20,AVOID,1.57,0.77,115.0,10,4,173,28,0,0,0,19,SP,19,439,61,23.1,13.54,2.19,4.77,0.7,23.18951923211702
681082,Bryson Stott,L,PHI,6,Will Warren,R,701542,823433,NYY @ PHI,4:20 PM,26/07,Scheduled,0.608636722649987,,,,False,0110111110,estimated,0,0,0.0,0.26930250571760556,0.40230054831487977,0.414176644780985,0.34461121235392134,0.27670995809377236,20,2,-0.0478287276040085,1.009,37.5,D,0.2858844550327576,2.1500650810675492,0.417635237566317,0.20748231818010263,20,4,0,0.28378378378378377,0.23595505617977527,0.6577221228384019,0.23315444245676803,0.10912343470483005,0.21774701069855254,0.2400611620795107,0.22074468085106383,0.22289844047166224,0.22162162162162163,203,0.27564102564102566,171,False,False,0.603767953034167,0.004868769615820057,3.515463917525773,3.8556701030927836,97,,,,,,,0.21423257841880675,20,NEUTRAL,4.0,1.37,99.0,7,4,97,34,0,0,0,19,SP,20,433,102,21.6,8.82,3.09,9.27,1.27,20.991780472047562
608348,Carson Kelly,R,CHC,7,Braxton Ashcraft,R,677952,823354,CHC @ PIT,10:35 AM,26/07,Scheduled,0.6086024334646091,,,,False,0010010100,estimated,2,0,0.0,0.16605145514735162,0.23834997217862428,0.32841718813751214,0.21953058612740187,0.11914538776394419,20,2,-0.03403079352546387,1.013,59.6,C,0.30422535211267604,4.759601574886278,0.45737048573810873,0.27167537483859255,20,6,0,0.2823529411764706,0.2483221476510067,0.4580281690140845,0.48901408450704226,0.05295774647887324,0.2437574316290131,0.2202020202020202,0.2967032967032967,0.24210526315789474,0.25396825396825395,137,0.26851851851851855,130,False,False,0.6004443608410978,0.008158072623511314,3.2054794520547945,3.6575342465753424,73,,,,,,,-0.1763535696153838,20,NEUTRAL,3.95,1.17,116.1,9,4,130,28,0,0,0,20,SP,20,481,108,24.1,10.06,2.17,8.36,1.24,23.768824387928984
702284,Cole Young,L,SEA,6,Jacob Degrom,R,594798,822870,SEA @ TEX,11:35 AM,26/07,Scheduled,0.608083516385723,,,,False,1110110001,estimated,2,0,0.0,0.2538295859984108,0.32771322251300367,0.3824376940579612,0.3090478549662851,0.17655172654106244,20,2,-0.031565656565656575,0.964,64.8,C,0.3128654970760234,5.241308600685441,0.45545859026675656,0.29755486015009097,19,6,0,0.2777777777777778,0.24621212121212122,0.4394829612220917,0.42420681551116335,0.136310223266745,0.22424667133847231,0.2263083451202263,0.22646310432569974,0.22499011466982996,0.24882629107981222,234,0.2641509433962264,179,False,False,0.6313084639657784,-0.023224947580055444,3.6116504854368934,4.009708737864078,103,,,,,,,0.07763729795847213,20,NEUTRAL,3.76,1.05,105.1,7,6,128,24,0,0,0,19,SP,19,424,87,22.3,10.94,2.05,7.43,1.37,22.76289835343003
656811,Ryan O'Hearn,L,PIT,6,Jameson Taillon,R,592791,823354,CHC @ PIT,10:35 AM,26/07,Scheduled,0.6077616436764144,,,,False,0010001001,estimated,1,1,1.0,0.23917039350853686,0.3031908848616782,0.5169776721160572,0.3249428935204694,0.2957966133451907,20,2,0.09853674576642737,1.013,46.4,D,0.28642384105960267,2.2966199726490952,0.3994864289853237,0.2189703059618508,14,6,0,0.19718309859154928,0.29571984435797666,0.5581395348837209,0.2799003322259136,0.16196013289036545,0.2656716417910448,0.24846248462484624,0.26666666666666666,0.2605177993527508,0.25139664804469275,202,0.30201342281879195,163,False,False,0.603767953034167,0.003993690642247416,3.727272727272727,4.1477272727272725,88,,,,,,,-0.07374675791804114,20,NEUTRAL,5.38,1.32,72.0,2,5,65,25,0,0,0,14,SP,14,307,70,21.9,8.13,3.13,8.75,2.75,21.382322295260465
681481,Kerry Carpenter,L,DET,6,Luinder Avila,R,679883,824246,KC @ DET,10:40 AM,26/07,Scheduled,0.6068406533107423,,,,False,0000000011,estimated,0,0,0.0,0.12376222973239523,0.27815952426630275,0.25973728579525557,0.20956686236952987,0.2535695130606598,20,3,-0.03873239436619719,1.004,54.6,C,0.27884615384615385,1.6764320842719234,0.3443648433287924,0.2132693015044958,19,5,0,0.25,0.2112676056338028,0.5305944055944056,0.368006993006993,0.10139860139860139,0.21375921375921375,0.21993127147766323,0.20068027210884354,0.2136094674556213,0.24615384615384617,142,0.16483516483516483,107,False,False,0.6031947854313577,0.00364586787938459,2.8333333333333335,3.1923076923076925,78,,,,,,,-0.2313436828238274,20,NEUTRAL,4.86,1.56,63.0,5,3,57,35,0,0,0,10,SP,19,273,63,14.4,8.14,5.0,9.0,0.86,16.46206436192831
671976,Tristan Peters,L,CWS,7,Ronel Blanco,R,669854,824572,HOU @ CWS,11:10 AM,26/07,Scheduled,0.606267485707933,,,,False,1011001001,estimated,0,0,0.0,0.22521029722489616,0.28246678189496943,0.2904080230901457,0.2999175774118725,0.18170977073495598,20,2,0.16363636363636364,0.968,68.3,B,0.313953488372093,,,,1,6,0,0.13636363636363635,0.3,0.27906976744186046,0.4186046511627907,0.3023255813953488,0.24152542372881355,0.2835820895522388,0.22545454545454546,0.25176470588235295,0.22666666666666666,163,0.36065573770491804,139,False,False,0.606267485707933,0.0,2.924731182795699,3.247311827956989,93,,,,,,,-0.06980110825598383,20,NEUTRAL,7.71,1.07,4.2,0,0,8,3,0,0,0,1,SP,1,19,2,19.0,15.43,5.79,3.86,3.86,
681198,Tj Rumfield,L,COL,5,Jacob Misiorowski,R,694819,823755,COL @ MIL,11:10 AM,26/07,Scheduled,0.6053131304569178,,,,False,1001100111,estimated,0,0,0.0,0.38325242560669825,0.3466629676656774,0.21353883966406387,0.415476806768455,0.12039223761267487,20,2,0.04321287088689468,0.97,98.2,A,0.36151960784313725,7.118890546514887,0.33271004650237684,0.39202807625230873,18,6,0,0.26881720430107525,0.31203007518796994,0.7755977927651747,0.20907418761496016,0.015328019619865114,0.31101190476190477,0.24549549549549549,0.23956043956043957,0.2791558681969641,0.26851851851851855,247,0.34965034965034963,165,True,False,0.6459710573315681,-0.04065792687465031,3.519607843137255,4.03921568627451,102,,,,,,,0.15487556976467864,20,AVOID,1.57,0.77,115.0,10,4,173,28,0,0,0,19,SP,19,439,61,23.1,13.54,2.19,4.77,0.7,23.18951923211702
665750,Leody Taveras,L,BAL,6,Reynaldo López,R,625643,824810,ATL @ BAL,10:35 AM,26/07,Scheduled,0.6053131304569178,,,,False,0001011100,estimated,0,0,0.0,0.18794200465346386,0.275006316054333,0.21174929085083719,0.27939316848777923,0.2626582870910733,20,2,0.06275816122584943,1.044,54.1,C,0.26865671641791045,2.1238413965633502,0.3447400919735525,0.21584890768068987,20,5,0,0.189873417721519,0.25263157894736843,0.5470536499560247,0.4212840809146878,0.0316622691292876,0.2154639175257732,0.22857142857142856,0.18387909319899245,0.21236133122028525,0.2517482517482518,164,0.21428571428571427,146,False,False,0.5963283684525812,0.008984762004336622,3.164705882352941,3.6470588235294117,85,,,,,,,-0.12790770631798254,20,NEUTRAL,3.95,1.36,66.0,4,3,60,28,0,0,0,10,RP,23,283,62,12.3,8.18,3.82,8.45,1.36,12.428898357151727
679529,Spencer Torkelson,R,DET,5,Luinder Avila,R,679883,824246,KC @ DET,10:40 AM,26/07,Scheduled,0.6052957043488355,,,,False,0001010100,estimated,0,0,0.0,0.1622323696803931,0.25852399127456016,0.27145670976101904,0.2706108105938221,0.38021945453245465,20,2,-0.027382603526847654,1.004,54.6,C,0.27884615384615385,1.6764320842719234,0.3443648433287924,0.2132693015044958,19,5,0,0.22330097087378642,0.19591836734693877,0.5305944055944056,0.368006993006993,0.10139860139860139,0.2,0.1904218928164196,0.17630057803468208,0.1935361216730038,0.18232044198895028,208,0.2275449101796407,190,False,False,0.5909640640142403,0.01433164033459522,3.411764705882353,3.9019607843137254,102,,,,,,,-0.19704670726690754,20,NEUTRAL,4.86,1.56,63.0,5,3,57,35,0,0,0,10,SP,19,273,63,14.4,8.14,5.0,9.0,0.86,16.46206436192831
664023,Ian Happ,L,CHC,5,Braxton Ashcraft,R,677952,823354,CHC @ PIT,10:35 AM,26/07,Scheduled,0.6052957043488355,,,,False,1101001111,estimated,3,0,0.0,0.23376494785184587,0.2726847815417518,0.27259696018303503,0.374566185094198,0.26565073979675874,20,2,-0.013092463092463091,1.013,59.6,C,0.30422535211267604,4.759601574886278,0.45737048573810873,0.27167537483859255,20,6,0,0.23232323232323232,0.21923076923076923,0.4580281690140845,0.48901408450704226,0.05295774647887324,0.20410868124585818,0.22814814814814816,0.18926553672316385,0.20796156485929992,0.22058823529411764,242,0.22580645161290322,182,False,False,0.5910744290656132,0.014221275283222257,3.7010309278350517,4.371134020618556,97,,,,,,,0.0369268531657625,20,NEUTRAL,3.95,1.17,116.1,9,4,130,28,0,0,0,20,SP,20,481,108,24.1,10.06,2.17,8.36,1.24,23.768824387928984
621020,Dansby Swanson,R,CHC,8,Braxton Ashcraft,R,677952,823354,CHC @ PIT,10:35 AM,26/07,Scheduled,0.6046889433998391,,,,False,1010101101,estimated,2,0,0.0,0.2567261747957425,0.37140414408868655,0.5217303807306565,0.3045717163912868,0.19094901551117807,20,2,-0.02237288135593221,1.013,59.6,C,0.30422535211267604,4.759601574886278,0.45737048573810873,0.27167537483859255,20,6,0,0.23,0.2076271186440678,0.4580281690140845,0.48901408450704226,0.05295774647887324,0.1987891019172553,0.1728247914183552,0.2049469964664311,0.1913493182886695,0.2247191011235955,199,0.20253164556962025,182,False,False,0.5999153325440328,0.004773610855806298,3.463917525773196,3.9278350515463916,97,,,,,,,-0.06054872431338356,20,NEUTRAL,3.95,1.17,116.1,9,4,130,28,0,0,0,20,SP,20,481,108,24.1,10.06,2.17,8.36,1.24,23.768824387928984
669707,Jared Triolo,R,PIT,8,Jameson Taillon,R,592791,823354,CHC @ PIT,10:35 AM,26/07,Scheduled,0.6036688288931745,,,,False,0001111111,estimated,0,0,0.0,0.3112040682750025,0.31886634206397374,0.45352330401651064,0.42354185709782893,0.18612558904635293,20,2,-0.14702380952380956,1.013,46.4,D,0.28642384105960267,2.2966199726490952,0.3994864289853237,0.2189703059618508,14,6,0,0.3375,0.19047619047619047,0.5581395348837209,0.2799003322259136,0.16196013289036545,0.22626788036410922,0.21220159151193635,0.25443786982248523,0.2259287338893101,0.2807017543859649,127,0.20652173913043478,103,False,False,0.5907052366792798,0.012963592213894759,3.21875,3.59375,64,,,,,,,0.2094136310365212,20,NEUTRAL,5.38,1.32,72.0,2,5,65,25,0,0,0,14,SP,14,307,70,21.9,8.13,3.13,8.75,2.75,21.382322295260465
668942,Josh Rojas,L,KC,8,Framber Valdez,L,664285,824246,KC @ DET,10:40 AM,26/07,Scheduled,0.6036688288931745,,,,False,0001101111,estimated,0,0,0.0,0.29298001867210055,0.28940284303167524,0.4694383464990384,0.39055265451454707,0.2616341252820221,20,3,-0.3170731707317073,1.004,44.7,D,0.27413793103448275,2.1240508517550603,0.4207559436329998,0.18125825828247394,20,5,0,0.0,0.3170731707317073,0.48186528497409326,0.3252734599884859,0.19286125503742085,0.24183006535947713,0.26506024096385544,0.2903225806451613,0.26158940397350994,0.30434782608695654,23,0.23076923076923078,27,False,False,0.5740057947205085,0.029663034172666025,2.45,2.5,20,,,,,,,-0.005828570090264341,20,STRONG,4.57,1.38,108.1,5,7,88,38,0,0,0,20,SP,20,479,111,23.9,7.31,3.16,9.22,0.91,23.438089195237545
694249,Cole Carrigg,L,COL,3,Jacob Misiorowski,R,694819,823755,COL @ MIL,11:10 AM,26/07,Scheduled,0.6032389247371021,,,,False,0000111101,estimated,0,0,0.0,0.2996611055528888,0.35506581420530303,0.36034500519406815,0.37668179887145736,0.24621197099611392,20,2,-0.12506841817186642,0.97,98.2,A,0.36151960784313725,7.118890546514887,0.33271004650237684,0.39202807625230873,18,6,0,0.3492063492063492,0.22413793103448276,0.7755977927651747,0.20907418761496016,0.015328019619865114,0.26576576576576577,0.25,0.1910828025477707,0.24665856622114216,0.2638888888888889,80,0.32653061224489793,62,True,False,0.6536280480587483,-0.050389123321646245,3.361111111111111,3.9444444444444446,36,,,,,,,0.10481994180369274,20,AVOID,1.57,0.77,115.0,10,4,173,28,0,0,0,19,SP,19,439,61,23.1,13.54,2.19,4.77,0.7,23.18951923211702
665926,Andrés Giménez,L,TOR,8,Ranger Suarez,L,624133,824730,TOR @ BOS,10:35 AM,26/07,Scheduled,0.6029273917068162,,,,False,1101100000,estimated,0,0,0.0,0.13339631032420246,0.34038608633566203,0.18276446864953766,0.15958021288523244,0.15514617040126916,20,2,0.07653367653367651,1.063,77.9,B,0.2824585635359116,4.119014471293809,0.29455793051645746,0.2695214156114626,17,21,0,0.28888888888888886,0.21235521235521235,0.6618257261410788,0.19432918395573998,0.14384508990318118,0.24611398963730569,0.21669980119284293,0.18243243243243243,0.22810590631364563,0.25949367088607594,172,0.18493150684931506,158,False,False,0.5937149153912625,0.009212476315553664,3.234042553191489,3.5106382978723403,94,,,,,,,-0.16472095831078773,20,NEUTRAL,3.15,1.16,91.1,4,3,97,26,0,0,0,17,SP,17,376,80,22.1,9.56,2.56,7.88,0.49,22.275262446891347
671732,Lawrence Butler,L,ATH,6,Connor Prielipp,L,687570,823678,ATH @ MIN,11:10 AM,26/07,Scheduled,0.6027478385275025,,,,False,1001001110,estimated,0,0,0.0,0.17875257174678835,0.2725285215399686,0.4622933539040142,0.2662845712665987,0.2878090981830555,20,2,-0.011703667953667951,1.022,56.9,C,0.2731201382886776,3.0051876699968623,0.3935560851440098,0.2468093239297452,13,18,0,0.1891891891891892,0.20089285714285715,0.40570934256055363,0.4740484429065744,0.12024221453287197,0.16010733452593917,0.1415929203539823,0.21052631578947367,0.16588906168999482,0.1893939393939394,148,0.20930232558139536,152,False,True,0.5967837600087841,0.005964078518718385,2.9,3.3333333333333335,90,,,,,,,-0.371239889447693,20,NEUTRAL,5.0,1.37,66.2,2,5,71,25,0,0,0,13,SP,13,294,66,22.6,9.59,3.38,8.91,1.08,23.22170381515117
691788,Joe Mack,L,MIA,9,Walker Buehler,R,621111,823840,SD @ MIA,10:40 AM,26/07,Scheduled,0.602667540200178,,,,False,0011011111,estimated,0,0,0.0,0.2600661677040067,0.42484308763628725,0.5217906967018081,0.4044701902744682,0.2848179227088119,20,2,0.011564625850340127,1.0,48.4,D,0.26772616136919314,1.8078098280713464,0.40806291943786394,0.19672820553463483,20,5,0,0.23333333333333334,0.24489795918367346,0.6177914110429448,0.28588957055214725,0.09631901840490797,0.2446043165467626,0.23529411764705882,0.1956521739130435,0.23013245033112584,0.21739130434782608,99,0.27058823529411763,96,True,False,0.5697578753960445,0.03290966480413349,3.0517241379310347,3.3620689655172415,58,,,,,,,0.06164664879107387,20,STRONG,5.23,1.43,94.2,6,5,84,40,0,0,0,20,SP,20,412,95,20.6,7.99,3.8,9.03,1.14,20.829243111057217
571970,Max Muncy,L,LAD,5,Freddy Peralta,R,642547,823599,LAD @ NYM,10:40 AM,26/07,Scheduled,0.6026657571342927,,,,False,0100101111,estimated,0,0,0.0,0.2303484834974609,0.29319345504715405,0.33847261185678257,0.3146073350491352,0.2364703809617239,20,4,0.02385069894797523,0.949,50.1,C,0.2618427902134305,2.1846014838549364,0.38476826544636705,0.2129780798358667,20,6,0,0.24074074074074073,0.26459143968871596,0.5333333333333333,0.253125,0.21354166666666666,0.2807570977917981,0.2505938242280285,0.2638623326959847,0.2657463330457291,0.2988505747126437,196,0.2116788321167883,159,False,False,0.6095577130156591,-0.006891955881366374,3.3440860215053765,3.817204301075269,93,,,,,,,0.15005819233116804,20,NEUTRAL,5.01,1.46,109.2,5,9,110,46,0,0,0,21,SP,21,492,114,23.4,9.03,3.78,9.36,1.4,23.43264307344037
672960,Kazuma Okamoto,R,TOR,5,Ranger Suarez,L,624133,824730,TOR @ BOS,10:35 AM,26/07,Scheduled,0.6015247384651486,,,,False,0100000001,estimated,1,0,0.0,0.14332454785124968,0.18816927264317104,0.40425681675213593,0.22013276127669315,0.343724401748022,20,2,0.0032407407407407385,1.063,77.9,B,0.2824585635359116,4.119014471293809,0.29455793051645746,0.2695214156114626,17,21,0,0.22916666666666666,0.22592592592592592,0.6618257261410788,0.19432918395573998,0.14384508990318118,0.20179876335019675,0.24376731301939059,0.23054755043227665,0.21886674968866748,0.23853211009174313,247,0.20945945945945946,165,True,False,0.6011313223675715,0.00039341609757714835,3.66,4.12,100,,,,,,,-0.21435356251991924,20,NEUTRAL,3.15,1.16,91.1,4,3,97,26,0,0,0,17,SP,17,376,80,22.1,9.56,2.56,7.88,0.49,22.275262446891347
686611,Dylan Crews,R,WSH,6,Kohl Drake,L,684442,822706,AZ @ WSH,10:35 AM,26/07,Scheduled,0.6011733822316966,,,,False,1000101011,estimated,0,0,0.0,0.21337564342094986,0.2714480266102584,0.3717781963594209,0.34505054118798645,0.27069964944164776,20,2,0.13620689655172413,1.04,50.0,C,0.23529411764705882,,,,1,5,0,0.3,0.16379310344827586,0.611764705882353,0.2235294117647059,0.16470588235294117,0.23316708229426433,0.20967741935483872,0.36875,0.24251497005988024,0.25,121,0.17857142857142858,96,False,True,0.5735468985991502,0.027626483632546384,3.769230769230769,4.173076923076923,52,,,,,,,-0.20667091596754603,20,NEUTRAL,1.8,1.2,5.0,0,0,5,2,0,0,0,1,SP,1,21,4,21.0,9.0,3.6,7.2,0.0,
666160,Mickey Moniak,L,COL,2,Jacob Misiorowski,R,694819,823755,COL @ MIL,11:10 AM,26/07,Scheduled,0.6001662244605267,,,,False,0110011110,estimated,0,0,0.0,0.23875854907716534,0.2834639396664667,0.5220961505561792,0.3446486167263205,0.2366918649759225,20,2,0.011940298507462699,0.97,98.2,A,0.36151960784313725,7.118890546514887,0.33271004650237684,0.39202807625230873,18,6,0,0.26666666666666666,0.27860696517412936,0.7755977927651747,0.20907418761496016,0.015328019619865114,0.2506234413965087,0.2833333333333333,0.2742857142857143,0.26639344262295084,0.2773722627737226,148,0.2765957446808511,103,False,False,0.6609446727658997,-0.060778448305373045,3.3970588235294117,3.6911764705882355,68,,,,,,,-0.14624683685407505,20,AVOID,1.57,0.77,115.0,10,4,173,28,0,0,0,19,SP,19,439,61,23.1,13.54,2.19,4.77,0.7,23.18951923211702
663853,Romy Gonzalez,R,BOS,7,Kevin Gausman,R,592332,824730,TOR @ BOS,10:35 AM,26/07,Scheduled,0.5999920861031972,,,,False,1100000011,estimated,0,0,0.0,0.24685098170520925,0.38280650343569633,0.35074694152625574,0.33212910517770644,0.26951236602990825,16,2,-0.00588235294117645,1.063,50.3,C,0.28307692307692306,2.699344841596878,0.40423544561628194,0.2226533380258557,20,5,0,0.20588235294117646,0.2,0.5159137577002053,0.10164271047227925,0.3824435318275154,0.1762295081967213,0.125,0.2571428571428571,0.176056338028169,0.14285714285714285,32,0.2692307692307692,28,False,False,0.583694536887346,0.016297549215851248,3.375,3.75,16,,,,,,,0.008494786300646597,16,NEUTRAL,4.51,1.28,115.2,4,9,117,34,0,0,0,21,SP,21,491,114,23.4,9.1,2.65,8.87,1.17,23.673604280258065
680776,Jarren Duran,L,BOS,8,Kevin Gausman,R,592332,824730,TOR @ BOS,10:35 AM,26/07,Scheduled,0.5987610939542153,,,,False,0101001011,estimated,0,0,0.0,0.17886585959933937,0.3368158785453528,0.38867034069073975,0.2859556936655721,0.2525542179574932,20,2,-0.02866434378629501,1.063,50.3,C,0.28307692307692306,2.699344841596878,0.40423544561628194,0.2226533380258557,20,5,0,0.21333333333333335,0.18466898954703834,0.5159137577002053,0.10164271047227925,0.3824435318275154,0.17854763491005995,0.1664516129032258,0.20384615384615384,0.17983553807651054,0.18433179723502305,241,0.2,165,False,False,0.5789222823106626,0.019838811643552723,3.851063829787234,4.319148936170213,94,,,,,,,-0.06340930077758969,20,NEUTRAL,4.51,1.28,115.2,4,9,117,34,0,0,0,21,SP,21,491,114,23.4,9.1,2.65,8.87,1.17,23.673604280258065
663728,Cal Raleigh,L,SEA,4,Jacob Degrom,R,594798,822870,SEA @ TEX,11:35 AM,26/07,Scheduled,0.5970385075843317,-108.0,122.0,52.0,False,0110001011,estimated,2,1,0.5,0.1577311579537956,0.2873179059152452,0.2933054642016418,0.2729029779895057,0.30796862724941837,20,2,0.006258890469416772,0.964,64.8,C,0.3128654970760234,5.241308600685441,0.45545859026675656,0.29755486015009097,19,6,0,0.16216216216216217,0.16842105263157894,0.4394829612220917,0.42420681551116335,0.136310223266745,0.15285171102661596,0.167427701674277,0.15151515151515152,0.15660141607663475,0.17791411042944785,187,0.1485148514851485,119,False,False,0.6157541578602608,-0.01871565027592903,3.7183098591549295,4.309859154929577,71,,,,,,,-0.014843547272271128,20,NEUTRAL,3.76,1.05,105.1,7,6,128,24,0,0,0,19,SP,19,424,87,22.3,10.94,2.05,7.43,1.37,22.76289835343003
681297,Colton Cowser,L,BAL,5,Reynaldo López,R,625643,824810,ATL @ BAL,10:35 AM,26/07,Scheduled,0.5970385075843317,,,,False,0001000000,estimated,0,0,0.0,0.05540902025294667,0.29189828334709755,0.6711509039890031,0.10090015850397897,0.27034163098494607,20,2,0.06689895470383275,1.044,54.1,C,0.26865671641791045,2.1238413965633502,0.3447400919735525,0.21584890768068987,20,5,0,0.14285714285714285,0.2097560975609756,0.5470536499560247,0.4212840809146878,0.0316622691292876,0.21752738654147105,0.15984405458089668,0.19466666666666665,0.19240837696335078,0.20754716981132076,125,0.20754716981132076,123,False,False,0.5735468985991502,0.023491608985181545,2.4941176470588236,2.9176470588235293,85,,,,,,,-0.3674241009178423,20,NEUTRAL,3.95,1.36,66.0,4,3,60,28,0,0,0,10,RP,23,283,62,12.3,8.18,3.82,8.45,1.36,12.428898357151727
680700,Richie Palacios,L,TB,7,Parker Messick,L,800048,822950,CLE @ TB,9:15 AM,26/07,Scheduled,0.5957993401555162,,,,False,0100110001,estimated,0,0,0.0,0.21219267964850902,0.27352046034697486,0.2394246883276574,0.27401379934237635,0.1502630130740561,20,2,0.03434343434343434,0.96,73.7,B,0.2793876435210498,3.1391662105315095,0.3433536628140366,0.2337075724857937,20,5,0,0.26666666666666666,0.23232323232323232,0.603400987383434,0.16182117388919365,0.23477783872737246,0.2554278416347382,0.19077568134171907,0.2277992277992278,0.23066926575698504,0.23387096774193547,141,0.23595505617977527,104,False,False,0.608636722649987,-0.012837382494470861,2.9583333333333335,3.4027777777777777,72,,,,,,,-0.07562832865077226,20,NEUTRAL,2.68,1.05,117.2,8,5,116,36,0,0,0,20,SP,20,467,88,23.4,8.87,2.75,6.73,0.84,23.59311558625329
810938,Ben Williamson,R,TB,6,Parker Messick,L,800048,822950,CLE @ TB,9:15 AM,26/07,Scheduled,0.5953082539459166,,,,False,0111001001,estimated,1,1,1.0,0.22042676143938209,0.27794290122850723,0.1920952631637712,0.26107958617377097,0.19417449108580231,20,2,-0.11588738059326292,0.96,73.7,B,0.2793876435210498,3.1391662105315095,0.3433536628140366,0.2337075724857937,20,5,0,0.18803418803418803,0.30392156862745096,0.603400987383434,0.16182117388919365,0.23477783872737246,0.25394896719319565,0.24523809523809523,0.19863013698630136,0.24444444444444444,0.24778761061946902,120,0.2358490566037736,122,False,False,0.6161665579547592,-0.020858304008842588,3.084507042253521,3.408450704225352,71,,,,,,,-0.0817402289933196,20,NEUTRAL,2.68,1.05,117.2,8,5,116,36,0,0,0,20,SP,20,467,88,23.4,8.87,2.75,6.73,0.84,23.59311558625329
807712,Luke Keaschall,R,MIN,8,Jeffrey Springs,L,605488,823678,ATH @ MIN,11:10 AM,26/07,Scheduled,0.5939800867263371,,,,False,0111110110,estimated,0,0,0.0,0.2961972293508335,0.301829636085066,0.2799763166485613,0.4221191466056352,0.1836078597826295,20,2,-0.05142500520074891,1.022,48.7,D,0.27609811751283514,2.04839630868331,0.3764464279440654,0.18543209597658078,20,6,0,0.22608695652173913,0.27751196172248804,0.4540787221905305,0.31488876212207645,0.23103251568739305,0.26430976430976433,0.2426367461430575,0.22742474916387959,0.2536231884057971,0.266304347826087,209,0.25,172,False,False,0.5592414860137124,0.03473860071262469,3.3402061855670104,3.9278350515463916,97,,,,,,,-0.02033444087852089,20,STRONG,5.96,1.42,102.2,3,9,86,38,0,0,0,20,SP,20,450,108,22.5,7.54,3.33,9.47,2.37,22.351147042896898
683734,Andrew Vaughn,R,MIL,9,Kyle Freeland,L,607536,823755,COL @ MIL,11:10 AM,26/07,Scheduled,0.5932675417006449,,,,False,0000011011,estimated,0,0,0.0,0.1923754337269928,0.3185757096511126,0.3163189711941129,0.28642500786895664,0.1443688491316012,20,2,0.07548928238583413,0.97,49.2,D,0.2788586251621271,4.758272774127729,0.42914251305613255,0.19829428619404615,18,6,0,0.35135135135135137,0.27586206896551724,0.5330739299610895,0.3216601815823606,0.14526588845654995,0.32298136645962733,0.29219143576826195,0.3235294117647059,0.31643499591169255,0.28735632183908044,104,0.33783783783783783,82,False,False,0.5749365867696569,0.01833095493098802,2.683333333333333,3.1,60,,,,,,,-0.018285318104867915,20,STRONG,7.28,1.56,94.0,2,9,83,20,0,0,0,18,SP,18,429,127,23.8,7.95,1.91,12.16,1.91,24.269727528379768
666139,Josh Lowe,L,LAA,7,Carson Whisenhunt,L,687931,823194,LAA @ SF,1:05 PM,26/07,Scheduled,0.5927266398789409,,,,False,0110010001,estimated,0,0,0.0,0.2109347128385495,0.3198483144849012,0.4226879092910828,0.27756296100262834,0.23348437690564924,20,4,-0.02591463414634146,0.994,50.0,C,0.2441860465116279,,,,2,17,0,0.1875,0.21341463414634146,0.4011627906976744,0.23255813953488372,0.36627906976744184,0.16600265604249667,0.18823529411764706,0.168141592920354,0.17309145880574453,0.21818181818181817,119,0.2,76,False,False,0.5927266398789409,0.0,3.0508474576271185,3.305084745762712,59,,,,,,,0.03525919574434752,20,NEUTRAL,3.38,1.41,10.2,2,0,6,6,0,0,0,2,SP,2,46,9,23.0,5.06,5.06,7.59,0.84,
667472,Dane Myers,R,CIN,9,Kyle Leahy,R,681517,823028,CIN @ STL,11:15 AM,26/07,Scheduled,0.5909453233562464,,,,False,0110011010,estimated,0,0,0.0,0.29108544962513955,0.27497920166194256,0.36371906570285045,0.3740856761067638,0.25787942065039265,20,2,0.02941970310391362,1.031,46.8,D,0.26560509554140127,2.8132322959622207,0.5063548919446615,0.2029824781450687,19,6,0,0.25263157894736843,0.28205128205128205,0.41427660930529,0.45315487571701724,0.1325685149776928,0.23668639053254437,0.256,0.23076923076923078,0.24141749723145073,0.2830188679245283,64,0.24691358024691357,93,False,False,0.5531390054738204,0.037806317882425944,2.2333333333333334,2.6166666666666667,60,,,,,,,0.028224024162667234,20,STRONG,3.59,1.35,95.1,7,4,79,33,0,0,0,19,SP,19,408,96,21.5,7.46,3.12,9.06,0.94,20.883317496536673
703607,Henry Bolte,R,ATH,7,Connor Prielipp,L,687570,823678,ATH @ MIN,11:10 AM,26/07,Scheduled,0.5906190375094106,,,,False,0000110001,estimated,0,0,0.0,0.12351984497467162,0.28674171586767444,0.45564076602106374,0.14405477196440758,0.26962307510710654,20,2,-0.046536796536796515,1.022,56.9,C,0.2731201382886776,3.0051876699968623,0.3935560851440098,0.2468093239297452,13,18,0,0.2261904761904762,0.2727272727272727,0.40570934256055363,0.4740484429065744,0.12024221453287197,0.23543400713436385,0.24641148325358853,0.3173076923076923,0.2515212981744422,0.2672413793103448,129,0.23076923076923078,93,True,True,0.589598923002746,0.0010201145066646156,3.288135593220339,3.76271186440678,59,,,,,,,-0.12926032996845585,20,NEUTRAL,5.0,1.37,66.2,2,5,71,25,0,0,0,13,SP,13,294,66,22.6,9.59,3.38,8.91,1.08,23.22170381515117
701807,Carson Benge,L,NYM,5,Emmet Sheehan,R,686218,823599,LAD @ NYM,10:40 AM,26/07,Scheduled,0.5899207719022991,,,,False,1100101110,estimated,0,0,0.0,0.26024491154774126,0.35194919715750805,0.3499638776027847,0.32902199499969276,0.27603173701204764,20,2,-0.003284072249589487,0.949,65.3,B,0.2918537524053881,3.4387257872193264,0.4109087279285852,0.26378527307218275,18,6,0,0.2619047619047619,0.25862068965517243,0.42433998712169996,0.4082421120412106,0.16741790083708952,0.23172712506767731,0.2620192307692308,0.25892857142857145,0.2436840422129837,0.2398190045248869,243,0.2875816993464052,164,True,False,0.6095577130156591,-0.019636941113360007,3.816326530612245,4.153061224489796,98,,,,,,,0.12087534600899139,20,NEUTRAL,5.13,1.27,87.2,4,7,99,27,0,0,0,18,SP,18,375,84,20.8,10.16,2.77,8.62,1.75,20.739356608591976
805367,Chase Meidroth,R,CWS,8,Ronel Blanco,R,669854,824572,HOU @ CWS,11:10 AM,26/07,Scheduled,0.589598923002746,,,,False,1110111011,estimated,0,0,0.0,0.3248492223234432,0.3410794106181659,0.4011408580602587,0.40092798789576567,0.19163643055797575,20,2,-0.0016271501627150298,0.968,68.3,B,0.313953488372093,,,,1,6,0,0.2777777777777778,0.27615062761506276,0.27906976744186046,0.4186046511627907,0.3023255813953488,0.2697516930022573,0.247953216374269,0.2659279778393352,0.2635090060040027,0.28292682926829266,236,0.26875,176,False,False,0.5906190375094106,-0.0010201145066646156,3.7244897959183674,4.204081632653061,98,,,,,,,0.17310807460945124,20,NEUTRAL,7.71,1.07,4.2,0,0,8,3,0,0,0,1,SP,1,19,2,19.0,15.43,5.79,3.86,3.86,
663837,Matt Vierling,R,DET,8,Luinder Avila,R,679883,824246,KC @ DET,10:40 AM,26/07,Scheduled,0.589598923002746,,,,False,0101000100,estimated,1,0,0.0,0.19460430747526983,0.35012591167498397,0.4280757295495133,0.22543751175282523,0.22800638791649905,20,2,-0.05533063427800272,1.004,54.6,C,0.27884615384615385,1.6764320842719234,0.3443648433287924,0.2132693015044958,19,5,0,0.23076923076923078,0.17543859649122806,0.5305944055944056,0.368006993006993,0.10139860139860139,0.2036036036036036,0.23503325942350334,0.18007662835249041,0.20744389709906952,0.23134328358208955,142,0.17886178861788618,140,False,False,0.589598923002746,0.0,3.1728395061728394,3.4814814814814814,81,,,,,,,-0.145341905231627,20,NEUTRAL,4.86,1.56,63.0,5,3,57,35,0,0,0,10,SP,19,273,63,14.4,8.14,5.0,9.0,0.86,16.46206436192831
686555,Isaac Collins,L,KC,9,Framber Valdez,L,664285,824246,KC @ DET,10:40 AM,26/07,Scheduled,0.5894164093268458,,,,False,0111111011,estimated,0,0,0.0,0.36666359492899153,0.3398395277358101,0.4217294388604755,0.5219991294289459,0.24716472299854217,20,2,-0.06291079812206574,1.004,44.7,D,0.27413793103448275,2.1240508517550603,0.4207559436329998,0.18125825828247394,20,5,0,0.2,0.26291079812206575,0.48186528497409326,0.3252734599884859,0.19286125503742085,0.23052464228934816,0.25,0.23529411764705882,0.2357926221335992,0.24691358024691357,182,0.24427480916030533,162,False,False,0.5694877672138486,0.019928642112997164,3.1847826086956523,3.739130434782609,92,,,,,,,0.2606151598672576,20,STRONG,4.57,1.38,108.1,5,7,88,38,0,0,0,20,SP,20,479,111,23.9,7.31,3.16,9.22,0.91,23.438089195237545
696100,Hunter Goodman,R,COL,4,Jacob Misiorowski,R,694819,823755,COL @ MIL,11:10 AM,26/07,Scheduled,0.5885976343097494,,,,False,1111010111,estimated,1,0,0.0,0.3366088348642687,0.4165120790483995,0.42331690863478566,0.4952614507894544,0.3161689710139011,20,2,-0.027310924369747913,0.97,98.2,A,0.36151960784313725,7.118890546514887,0.33271004650237684,0.39202807625230873,18,6,0,0.2773109243697479,0.25,0.7755977927651747,0.20907418761496016,0.015328019619865114,0.22880771881461062,0.2370731707317073,0.2594752186588921,0.23637003165670067,0.2169811320754717,239,0.3197278911564626,162,False,False,0.6348415030493473,-0.04624386873959785,3.7395833333333335,4.177083333333333,96,,,,,,,0.07991126892644028,20,AVOID,1.57,0.77,115.0,10,4,173,28,0,0,0,19,SP,19,439,61,23.1,13.54,2.19,4.77,0.7,23.18951923211702
665862,Jazz Chisholm,L,NYY,6,Cristopher Sánchez,L,650911,823433,NYY @ PHI,4:20 PM,26/07,Scheduled,0.5883962948201812,,,,False,0101111101,estimated,0,0,0.0,0.22423139114199714,0.34775419736141494,0.5236177913354778,0.3910219436867204,0.3678035778388541,20,4,-0.007448107448107449,1.009,70.5,B,0.3289817232375979,6.042267396733767,0.43665264455716035,0.255187009490545,20,6,0,0.21904761904761905,0.2264957264957265,0.42036553524804177,0.185378590078329,0.39425587467362927,0.21,0.20893561103810776,0.19811320754716982,0.20808323329331732,0.2159090909090909,198,0.2331288343558282,182,False,False,0.6068406533107423,-0.01844435849056114,3.53125,3.9583333333333335,96,,,,,,,0.07709728162802267,20,NEUTRAL,2.65,1.19,132.2,12,4,151,25,0,0,0,21,SP,21,550,133,26.2,10.24,1.7,9.02,0.81,26.159448138929324
668952,Ryan Kreidler,R,MIN,9,Jeffrey Springs,L,605488,823678,ATH @ MIN,11:10 AM,26/07,Scheduled,0.5873497654174943,,,,False,0110100000,estimated,0,0,0.0,0.10832933847172134,0.31185044246307597,0.4436477590169483,0.11928317398153084,0.2960773946229357,20,2,0.02805336982552173,1.022,48.7,D,0.27609811751283514,2.04839630868331,0.3764464279440654,0.18543209597658078,20,6,0,0.24324324324324326,0.21518987341772153,0.4540787221905305,0.31488876212207645,0.23103251568739305,0.18724279835390947,0.1988472622478386,0.19642857142857142,0.19238900634249473,0.23376623376623376,84,0.2236842105263158,82,False,False,0.5418013996815945,0.04554836573589982,2.6842105263157894,2.912280701754386,57,,,,,,,-0.18081401761068175,20,STRONG,5.96,1.42,102.2,3,9,86,38,0,0,0,20,SP,20,450,108,22.5,7.54,3.33,9.47,2.37,22.351147042896898
593428,Xander Bogaerts,R,SD,5,Janson Junk,R,676083,823840,SD @ MIA,10:40 AM,26/07,Scheduled,0.5868650514339534,,,,False,0110101100,estimated,0,0,0.0,0.1518085925884118,0.2929710889255613,0.407060926223157,0.18393167143034456,0.18330895141972509,20,2,-0.07059146676432884,1.0,45.8,D,0.2547085201793722,2.330573945115681,0.41365812876957175,0.17435732768495765,13,6,0,0.26744186046511625,0.1968503937007874,0.38240574506283664,0.4245960502692998,0.19299820466786355,0.2099737532808399,0.20940649496080627,0.2005420054200542,0.2086021505376344,0.215311004784689,239,0.21374045801526717,155,False,False,0.593059096360665,-0.006194044926711606,3.4693877551020407,4.020408163265306,98,,,,,,,-0.07355544361619296,20,STRONG,5.09,1.35,69.0,4,6,51,20,0,0,0,13,SP,13,295,73,22.7,6.65,2.61,9.52,1.43,22.65905925037948
700932,Kyle Manzardo,L,CLE,6,Drew Rasmussen,R,656876,822950,CLE @ TB,9:15 AM,26/07,Scheduled,0.5848266684260626,,,,False,0110001010,estimated,1,0,0.0,0.18127701210723307,0.29211842915972647,0.41942269698708234,0.24716419186967883,0.3055044899897942,20,3,0.020115460941728308,0.96,77.8,B,0.2851662404092072,5.513957400732806,0.3386578676160052,0.24183616946999062,18,5,0,0.1956521739130435,0.2157676348547718,0.7992327365728901,0.07608695652173914,0.12468030690537084,0.20793650793650795,0.18497913769123783,0.20108695652173914,0.20042372881355933,0.2236024844720497,184,0.1984126984126984,142,False,False,0.5991461099538622,-0.014319441527799626,3.086021505376344,3.5053763440860215,93,,,,,,,-0.10386256281564345,20,NEUTRAL,3.28,0.98,104.1,8,5,103,18,0,0,0,19,SP,19,415,84,21.8,8.88,1.55,7.25,1.04,21.98481812461283
699013,Esmerlyn Valdez,R,PIT,5,Jameson Taillon,R,592791,823354,CHC @ PIT,10:35 AM,26/07,Scheduled,0.5838554628506873,,,,False,1111111000,estimated,2,0,0.0,0.24404220669871482,0.3875786081516553,0.6310316962401231,0.48921631639603275,0.3897907113062426,20,2,-0.046153846153846156,1.013,46.4,D,0.28642384105960267,2.2966199726490952,0.3994864289853237,0.2189703059618508,14,6,0,0.3076923076923077,0.26153846153846155,0.5581395348837209,0.2799003322259136,0.16196013289036545,0.2838095238095238,0.26785714285714285,0.256,0.2752688172043011,0.26865671641791045,76,0.3,59,True,False,0.5676769705960418,0.016178492254645516,3.342857142857143,3.857142857142857,35,,,,,,,0.050986860925062986,20,NEUTRAL,5.38,1.32,72.0,2,5,65,25,0,0,0,14,SP,14,307,70,21.9,8.13,3.13,8.75,2.75,21.382322295260465
669242,Tommy Edman,L,LAD,8,Freddy Peralta,R,642547,823599,LAD @ NYM,10:40 AM,26/07,Scheduled,0.5836240402434978,,,,False,1111111010,estimated,0,0,0.0,0.30716113373721027,0.4090247910157264,0.46133699171853493,0.3998569205564213,0.22471063125620527,20,2,0.08731707317073173,0.949,50.1,C,0.2618427902134305,2.1846014838549364,0.38476826544636705,0.2129780798358667,20,6,0,0.2926829268292683,0.38,0.5333333333333333,0.253125,0.21354166666666666,0.3128654970760234,0.27941176470588236,0.23134328358208955,0.2875816993464052,0.34782608695652173,53,0.3333333333333333,52,False,False,0.5917065253722763,-0.008082485128778516,3.25,3.75,28,,,,,,,-0.02147065520917985,20,NEUTRAL,5.01,1.46,109.2,5,9,110,46,0,0,0,21,SP,21,492,114,23.4,9.03,3.78,9.36,1.4,23.43264307344037
814439,Ryan Waldschmidt,R,AZ,9,Miles Mikolas,R,571945,822706,AZ @ WSH,10:35 AM,26/07,Scheduled,0.5830271954260078,,,,False,1010011110,estimated,0,0,0.0,0.18912906799208193,0.3674729953960291,0.3195655806036784,0.3868444383305861,0.41316297240948335,20,3,-0.22078272604588392,1.04,45.3,D,0.24122236671001301,2.775275147864908,0.42163339005121,0.10380824187309151,20,5,0,0.41025641025641024,0.18947368421052632,0.4977228366948601,0.42745608327911516,0.07482108002602472,0.2296137339055794,0.22807017543859648,0.22077922077922077,0.22824858757062147,0.2112676056338028,75,0.30158730158730157,72,True,False,0.5473917194055873,0.0356354760204205,3.4358974358974357,3.769230769230769,39,,,,,,,0.0316154456532998,20,STRONG,5.6,1.34,98.0,3,7,51,20,0,0,0,8,RP,21,417,111,19.9,4.68,1.84,10.19,1.93,20.235746641944576
691723,Coby Mayo,R,BAL,8,Reynaldo López,R,625643,824810,ATL @ BAL,10:35 AM,26/07,Scheduled,0.5826932481943493,,,,False,0101101010,estimated,0,0,0.0,0.20007706362241062,0.36943526433207313,0.4957047168120974,0.37812856039923426,0.43352803343521407,20,2,-0.09259259259259259,1.044,54.1,C,0.26865671641791045,2.1238413965633502,0.3447400919735525,0.21584890768068987,20,5,0,0.25925925925925924,0.16666666666666666,0.5470536499560247,0.4212840809146878,0.0316622691292876,0.20701754385964913,0.18361581920903955,0.25806451612903225,0.20393258426966293,0.19548872180451127,147,0.20192307692307693,112,False,False,0.5659869095123577,0.01670633868199156,3.16,3.453333333333333,75,,,,,,,-0.03044797093597283,20,NEUTRAL,3.95,1.36,66.0,4,3,60,28,0,0,0,10,RP,23,283,62,12.3,8.18,3.82,8.45,1.36,12.428898357151727
641857,Ryan Mcmahon,L,NYY,7,Cristopher Sánchez,L,650911,823433,NYY @ PHI,4:20 PM,26/07,Scheduled,0.5826932481943493,,,,False,0101101100,estimated,0,0,0.0,0.25812704518240487,0.45421133874853437,0.6425760718655528,0.3480261721605336,0.3071765521394985,20,2,0.11242816091954025,1.009,70.5,B,0.3289817232375979,6.042267396733767,0.43665264455716035,0.255187009490545,20,6,0,0.3103448275862069,0.19791666666666666,0.42036553524804177,0.185378590078329,0.39425587467362927,0.18571428571428572,0.2092511013215859,0.19230769230769232,0.19212808539026016,0.15517241379310345,125,0.2761904761904762,115,False,False,0.5917065253722763,-0.009013277177926993,2.8333333333333335,3.076923076923077,78,,,,,,,0.0959256388500807,20,NEUTRAL,2.65,1.19,132.2,12,4,151,25,0,0,0,21,SP,21,550,133,26.2,10.24,1.7,9.02,0.81,26.159448138929324
800325,Luis Lara,L,MIL,7,Kyle Freeland,L,607536,823755,COL @ MIL,11:10 AM,26/07,Scheduled,0.5814338568713536,,,,False,1111011000,estimated,0,0,0.0,0.17344522482696126,0.28302863728478034,0.24090316057326247,0.22448371974182232,0.1628587410353973,10,2,0.0,0.97,49.2,D,0.2788586251621271,4.758272774127729,0.42914251305613255,0.19829428619404615,18,6,0,,0.25,0.5330739299610895,0.3216601815823606,0.14526588845654995,0.2097902097902098,0.25,0.11764705882352941,0.20425531914893616,0.2,17,0.25,16,True,False,0.5690751733280582,0.01235868354329539,2.7,3.3,10,,,,,,,-0.009082004050104573,10,STRONG,7.28,1.56,94.0,2,9,83,20,0,0,0,18,SP,18,429,127,23.8,7.95,1.91,12.16,1.91,24.269727528379768
694497,Evan Carter,L,TEX,6,Logan Gilbert,R,669302,822870,SEA @ TEX,11:35 AM,26/07,Scheduled,0.5808151550228741,,,,False,0011010100,estimated,2,0,0.0,0.19469226899301692,0.25632475943913813,0.39313511177486643,0.2740276433507441,0.2133414422522748,20,2,-0.2185840707964602,0.964,72.4,B,0.3012249443207127,5.773261026371362,0.4036678927816788,0.28603687558540464,19,7,0,0.4,0.18141592920353983,0.46875,0.32198660714285715,0.20926339285714285,0.20867768595041322,0.14814814814814814,0.15625,0.1830309498399146,0.21641791044776118,159,0.1568627450980392,122,False,False,0.6161665579547592,-0.0353514029318851,2.8433734939759034,3.3855421686746987,83,,,,,,,-0.10942449570246826,20,NEUTRAL,3.38,0.98,120.0,8,6,129,25,0,0,0,20,SP,20,472,93,23.6,9.68,1.88,6.98,1.13,24.123995595546564
677649,Ezequiel Duran,R,TEX,5,Logan Gilbert,R,669302,822870,SEA @ TEX,11:35 AM,26/07,Scheduled,0.5791523149724057,,,,False,1100101111,estimated,0,0,0.0,0.24312680357221986,0.34555064583875283,0.28561249170038594,0.36635131767285267,0.29256627457348416,20,2,-0.09569934134056565,0.964,72.4,B,0.3012249443207127,5.773261026371362,0.4036678927816788,0.28603687558540464,19,7,0,0.33707865168539325,0.2413793103448276,0.46875,0.32198660714285715,0.20926339285714285,0.242467718794835,0.24537607891491986,0.23228346456692914,0.2417004048582996,0.25,212,0.29457364341085274,141,False,False,0.608636722649987,-0.029484407677581315,3.5274725274725274,3.879120879120879,91,,,,,,,0.0959970437744002,20,NEUTRAL,3.38,0.98,120.0,8,6,129,25,0,0,0,20,SP,20,472,93,23.6,9.68,1.88,6.98,1.13,24.123995595546564
823550,Sung Mun Song,L,SD,9,Janson Junk,R,676083,823840,SD @ MIA,10:40 AM,26/07,Scheduled,0.5789222823106626,,,,False,1010010000,estimated,0,0,0.0,0.19545814772995995,0.18704729254220395,0.30493119347585507,0.22233180562506946,0.18466548030460092,20,2,0.0,1.0,45.8,D,0.2547085201793722,2.330573945115681,0.41365812876957175,0.17435732768495765,13,6,0,,0.22340425531914893,0.38240574506283664,0.4245960502692998,0.19299820466786355,0.18010752688172044,0.16129032258064516,0.15584415584415584,0.18974358974358974,0.17777777777777778,55,0.26,56,True,False,0.5634894053381764,0.015432876972486187,2.4358974358974357,2.8461538461538463,39,,,,,,,-0.2115073727275601,20,STRONG,5.09,1.35,69.0,4,6,51,20,0,0,0,13,SP,13,295,73,22.7,6.65,2.61,9.52,1.43,22.65905925037948
663743,Nick Fortes,R,TB,9,Parker Messick,L,800048,822950,CLE @ TB,9:15 AM,26/07,Scheduled,0.5776628909876669,,,,False,1110011111,estimated,1,0,0.0,0.36837997996053456,0.29075210654919825,0.2947941349421021,0.4278783735880963,0.14807242266909207,20,2,0.025732608166247284,0.96,73.7,B,0.2793876435210498,3.1391662105315095,0.3433536628140366,0.2337075724857937,20,5,0,0.28346456692913385,0.25773195876288657,0.603400987383434,0.16182117388919365,0.23477783872737246,0.28010825439783493,0.26717557251908397,0.2808219178082192,0.27782101167315176,0.25663716814159293,120,0.2882882882882883,121,False,False,0.5975716536580563,-0.019908762670389435,3.027027027027027,3.2567567567567566,74,,,,,,,0.19171645943726082,20,NEUTRAL,2.68,1.05,117.2,8,5,116,36,0,0,0,20,SP,20,467,88,23.4,8.87,2.75,6.73,0.84,23.59311558625329
593871,Jorge Polanco,L,NYM,6,Emmet Sheehan,R,686218,823599,LAD @ NYM,10:40 AM,26/07,Scheduled,0.5755042264368267,,,,False,0110100100,estimated,0,0,0.0,0.13193920976443013,0.25126148580746266,0.2669968070521065,0.18659440913836908,0.34496706676626876,20,2,-0.05937500000000001,0.949,65.3,B,0.2918537524053881,3.4387257872193264,0.4109087279285852,0.26378527307218275,18,6,0,0.2,0.140625,0.42433998712169996,0.4082421120412106,0.16741790083708952,0.10028653295128939,0.11875,0.14054054054054055,0.11527377521613832,0.09615384615384616,53,0.25,35,False,False,0.5917065253722763,-0.016202298935449555,3.8181818181818183,4.0,22,,,,,,,-0.4386848215033815,20,NEUTRAL,5.13,1.27,87.2,4,7,99,27,0,0,0,18,SP,18,375,84,20.8,10.16,2.77,8.62,1.75,20.739356608591976
657136,Connor Wong,R,BOS,9,Kevin Gausman,R,592332,824730,TOR @ BOS,10:35 AM,26/07,Scheduled,0.5754518457325671,,,,False,1110100101,estimated,0,0,0.0,0.2748108745888936,0.33718327914169866,0.3994105021603708,0.4038668620073572,0.30411398310623755,20,2,-0.004239533651298366,1.063,50.3,C,0.28307692307692306,2.699344841596878,0.40423544561628194,0.2226533380258557,20,5,0,0.27450980392156865,0.2702702702702703,0.5159137577002053,0.10164271047227925,0.3824435318275154,0.22483940042826553,0.14942528735632185,0.125,0.1896551724137931,0.24324324324324326,88,0.3137254901960784,61,False,False,0.5480991738733801,0.027352671859186994,2.840909090909091,3.3863636363636362,44,,,,,,,-0.019770280902461412,20,NEUTRAL,4.51,1.28,115.2,4,9,117,34,0,0,0,21,SP,21,491,114,23.4,9.1,2.65,8.87,1.17,23.673604280258065
664702,Myles Straw,R,TOR,9,Ranger Suarez,L,624133,824730,TOR @ BOS,10:35 AM,26/07,Scheduled,0.5742410596820907,,,,False,0100001000,estimated,2,1,0.5,0.10933544732915502,0.25102031270536346,0.23066328862245833,0.12033560388192184,0.12519349205082547,20,2,0.023214285714285715,1.063,77.9,B,0.2824585635359116,4.119014471293809,0.29455793051645746,0.2695214156114626,17,21,0,0.22321428571428573,0.2,0.6618257261410788,0.19432918395573998,0.14384508990318118,0.21178343949044587,0.1916376306620209,0.13392857142857142,0.1976630963972736,0.22784810126582278,86,0.20481927710843373,95,False,False,0.5802552073407382,-0.006014147658647495,2.103896103896104,2.3506493506493507,77,,,,,,,-0.2930485358187557,20,NEUTRAL,3.15,1.16,91.1,4,3,97,26,0,0,0,17,SP,17,376,80,22.1,9.56,2.56,7.88,0.49,22.275262446891347
680779,Henry Davis,R,PIT,9,Jameson Taillon,R,592791,823354,CHC @ PIT,10:35 AM,26/07,Scheduled,0.5740057947205085,,,,False,1001110101,estimated,0,0,0.0,0.27443599450187867,0.2872038237812882,0.4825575667352416,0.36052252982105765,0.24938867368146114,20,2,0.05882352941176472,1.013,46.4,D,0.28642384105960267,2.2966199726490952,0.3994864289853237,0.2189703059618508,14,6,0,0.125,0.18382352941176472,0.5581395348837209,0.2799003322259136,0.16196013289036545,0.18646864686468648,0.13636363636363635,0.21666666666666667,0.17180205415499533,0.15463917525773196,109,0.189873417721519,93,False,False,0.5676425124837503,0.006363282236758194,3.0344827586206895,3.4827586206896552,58,,,,,,,0.028543564788425336,20,NEUTRAL,5.38,1.32,72.0,2,5,65,25,0,0,0,14,SP,14,307,70,21.9,8.13,3.13,8.75,2.75,21.382322295260465
664774,Lamonte Wade,L,HOU,6,Erick Fedde,R,607200,824572,HOU @ CWS,11:10 AM,26/07,Scheduled,0.5724328384997265,,,,False,1110000001,estimated,0,0,0.0,0.1350311435705084,0.24923082048888837,0.28962242918660447,0.16869117355216273,0.17625312506801724,17,2,0.043189368770764125,0.968,44.8,D,0.25406758448060074,2.294625218470131,0.40100250176271807,0.1822101870907641,20,6,0,0.14285714285714285,0.18604651162790697,0.4981179422835634,0.370138017565872,0.13174404015056462,0.20866141732283464,0.1724137931034483,0.11267605633802817,0.18202247191011237,0.1875,38,0.16666666666666666,22,False,False,0.5668958235101154,0.005537014989611122,2.9411764705882355,3.5294117647058822,17,,,,,,,-0.1789274416307266,17,STRONG,4.16,1.4,93.0,5,6,66,35,0,0,0,10,RP,20,405,95,20.2,6.39,3.39,9.19,1.55,19.72829973316642
701358,Cam Smith,R,HOU,8,Erick Fedde,R,607200,824572,HOU @ CWS,11:10 AM,26/07,Scheduled,0.5718912956277578,,,,False,0000100001,estimated,0,0,0.0,0.1520086556176322,0.2823968354873163,0.46874466045866453,0.17148174070895864,0.160320539197745,20,2,-0.0015092184695708888,0.968,44.8,D,0.25406758448060074,2.294625218470131,0.40100250176271807,0.1822101870907641,20,6,0,0.21296296296296297,0.21145374449339208,0.4981179422835634,0.370138017565872,0.13174404015056462,0.22052067381316998,0.208955223880597,0.18313953488372092,0.21166473541908074,0.203125,214,0.22377622377622378,162,False,False,0.5592317223267892,0.012659573300968563,3.4183673469387754,3.836734693877551,98,,,,,,,-0.15459782611542128,20,STRONG,4.16,1.4,93.0,5,6,66,35,0,0,0,10,RP,20,405,95,20.2,6.39,3.39,9.19,1.55,19.72829973316642
553869,Elías Díaz,R,TEX,8,Logan Gilbert,R,669302,822870,SEA @ TEX,11:35 AM,26/07,Scheduled,0.571413478367437,,,,False,1001010101,estimated,0,0,0.0,0.20547380446067184,0.2950409745804437,0.31508006376421627,0.22126735866579184,0.1756470638247123,20,2,-0.0110688343133864,0.964,72.4,B,0.3012249443207127,5.773261026371362,0.4036678927816788,0.28603687558540464,19,7,0,0.2653061224489796,0.2542372881355932,0.46875,0.32198660714285715,0.20926339285714285,0.2245430809399478,0.25,0.25806451612903225,0.2398190045248869,0.26229508196721313,61,0.2553191489361702,51,False,False,0.589502608496715,-0.01808913012927793,3.085714285714286,3.2,35,,,,,,,0.05572323362067889,20,NEUTRAL,3.38,0.98,120.0,8,6,129,25,0,0,0,20,SP,20,472,93,23.6,9.68,1.88,6.98,1.13,24.123995595546564
656555,Rhys Hoskins,R,CLE,5,Drew Rasmussen,R,656876,822950,CLE @ TB,9:15 AM,26/07,Scheduled,0.5705114921537016,,,,False,0110011000,estimated,0,0,0.0,0.13152962441611615,0.2780262845097992,0.3243935354017118,0.2787557556005332,0.4555871163745516,20,2,0.11229270469249647,0.96,77.8,B,0.2851662404092072,5.513957400732806,0.3386578676160052,0.24183616946999062,18,5,0,0.10619469026548672,0.2184873949579832,0.7992327365728901,0.07608695652173914,0.12468030690537084,0.1523988711194732,0.17474048442906576,0.0995260663507109,0.15401184706515886,0.171875,149,0.15384615384615385,133,False,False,0.5868480716257237,-0.01633657947202216,2.8641975308641974,3.4814814814814814,81,,,,,,,-0.13394096582655282,20,NEUTRAL,3.28,0.98,104.1,8,5,103,18,0,0,0,19,SP,19,415,84,21.8,8.88,1.55,7.25,1.04,21.98481812461283
672275,Patrick Bailey,L,CLE,8,Drew Rasmussen,R,656876,822950,CLE @ TB,9:15 AM,26/07,Scheduled,0.5702348288368216,,,,False,0111100111,estimated,0,0,0.0,0.2759622870796265,0.3811732540861629,0.5306352839181678,0.3633781498366764,0.23612037338585198,20,3,-0.03304692663582287,0.96,77.8,B,0.2851662404092072,5.513957400732806,0.3386578676160052,0.24183616946999062,18,5,0,0.23529411764705882,0.20224719101123595,0.7992327365728901,0.07608695652173914,0.12468030690537084,0.18741058655221746,0.20165745856353592,0.14285714285714285,0.18490566037735848,0.17647058823529413,109,0.23655913978494625,104,False,False,0.5858021392568764,-0.01556731042005477,3.0,3.276923076923077,65,,,,,,,0.06453790576161361,20,NEUTRAL,3.28,0.98,104.1,8,5,103,18,0,0,0,19,SP,19,415,84,21.8,8.88,1.55,7.25,1.04,21.98481812461283
681546,James Outman,L,DET,9,Luinder Avila,R,679883,824246,KC @ DET,10:40 AM,26/07,Scheduled,0.5659869095123577,,,,False,0010110011,estimated,0,0,0.0,0.15587395756887568,0.27330356512365417,0.5030599224114655,0.23430271336685504,0.39129096732874463,20,3,-0.16399999999999998,1.004,54.6,C,0.27884615384615385,1.6764320842719234,0.3443648433287924,0.2132693015044958,19,5,0,0.3,0.136,0.5305944055944056,0.368006993006993,0.10139860139860139,0.13411764705882354,0.17624521072796934,0.0942622950819672,0.13548387096774195,0.16666666666666666,80,0.1506849315068493,80,False,False,0.5590888678027407,0.006898041709617053,2.6363636363636362,2.909090909090909,55,,,,,,,-0.04347342748139931,20,NEUTRAL,4.86,1.56,63.0,5,3,57,35,0,0,0,10,SP,19,273,63,14.4,8.14,5.0,9.0,0.86,16.46206436192831
675961,Alika Williams,R,ATH,9,Connor Prielipp,L,687570,823678,ATH @ MIN,11:10 AM,26/07,Scheduled,0.5659869095123577,,,,False,0000010101,estimated,0,0,0.0,0.23951473540282686,0.3089822685335231,0.31439667956923606,0.3583332703633422,0.2839921389611197,20,2,0.002777777777777768,1.022,56.9,C,0.2731201382886776,3.0051876699968623,0.3935560851440098,0.2468093239297452,13,18,0,0.2777777777777778,0.275,0.40570934256055363,0.4740484429065744,0.12024221453287197,0.3902439024390244,0.28217821782178215,0.3017241379310345,0.34202453987730064,0.4,51,0.13636363636363635,49,False,True,0.5590888678027407,0.006898041709617053,2.764705882352941,2.9411764705882355,34,,,,,,,-0.05905308527867606,20,NEUTRAL,5.0,1.37,66.2,2,5,71,25,0,0,0,13,SP,13,294,66,22.6,9.59,3.38,8.91,1.08,23.22170381515117
676609,José Caballero,R,NYY,8,Cristopher Sánchez,L,650911,823433,NYY @ PHI,4:20 PM,26/07,Scheduled,0.5659869095123577,,,,False,1110100100,estimated,0,0,0.0,0.173855325358455,0.23444332836443868,0.21302203580526893,0.2235654437148755,0.30059894597248904,20,2,-0.006197520991603367,1.009,70.5,B,0.3289817232375979,6.042267396733767,0.43665264455716035,0.255187009490545,20,6,0,0.23770491803278687,0.24390243902439024,0.42036553524804177,0.185378590078329,0.39425587467362927,0.23452157598499063,0.2144177449168207,0.20276497695852536,0.22486486486486487,0.2361111111111111,161,0.24647887323943662,152,False,False,0.5590888678027407,0.006898041709617053,3.3255813953488373,3.63953488372093,86,,,,,,,-0.05772149531185882,20,NEUTRAL,2.65,1.19,132.2,12,4,151,25,0,0,0,21,SP,21,550,133,26.2,10.24,1.7,9.02,0.81,26.159448138929324
687282,Gabriel Rincones,L,PHI,9,Will Warren,R,701542,823433,NYY @ PHI,4:20 PM,26/07,Scheduled,0.5654631626658073,,,,False,1100000100,estimated,0,0,0.0,0.18832429039169118,0.28207699564875605,0.38530364726983585,0.2862651790690517,0.38211585057887404,20,2,0.0,1.009,37.5,D,0.2858844550327576,2.1500650810675492,0.417635237566317,0.20748231818010263,20,4,0,,0.1643835616438356,0.6577221228384019,0.23315444245676803,0.10912343470483005,0.14093959731543623,0.15151515151515152,0.18181818181818182,0.1512455516014235,0.15555555555555556,50,0.1875,32,True,False,0.5568151695751874,0.008647993090619921,2.9615384615384617,3.1538461538461537,26,,,,,,,-0.12022535014392038,20,NEUTRAL,4.0,1.37,99.0,7,4,97,34,0,0,0,19,SP,20,433,102,21.6,8.82,3.09,9.27,1.27,20.991780472047562
672724,Oswald Peraza,R,LAA,8,Carson Whisenhunt,L,687931,823194,LAA @ SF,1:05 PM,26/07,Scheduled,0.5627383651354426,,,,False,0010100101,estimated,0,0,0.0,0.1660733475508161,0.24040041216739794,0.440856964151626,0.279853857928391,0.4034088292180352,20,4,0.04070642733063112,0.994,50.0,C,0.2441860465116279,,,,2,17,0,0.2636363636363636,0.2229299363057325,0.4011627906976744,0.23255813953488372,0.36627906976744184,0.20112359550561798,0.18339100346020762,0.23140495867768596,0.19941520467836257,0.24475524475524477,151,0.23387096774193547,135,False,False,0.5551498029168717,0.00758856221857096,3.216867469879518,3.4457831325301207,83,,,,,,,-0.06135928038992925,20,NEUTRAL,3.38,1.41,10.2,2,0,6,6,0,0,0,2,SP,2,46,9,23.0,5.06,5.06,7.59,0.84,
606192,Teoscar Hernández,R,LAD,7,Freddy Peralta,R,642547,823599,LAD @ NYM,10:40 AM,26/07,Scheduled,0.5618240386798606,,,,False,0000101111,estimated,0,0,0.0,0.17081649569575053,0.2990049581081825,0.4433753785269224,0.29807238687815263,0.28316782890140085,20,2,-0.020476456059278114,0.949,50.1,C,0.2618427902134305,2.1846014838549364,0.38476826544636705,0.2129780798358667,20,6,0,0.2597402597402597,0.2392638036809816,0.5333333333333333,0.253125,0.21354166666666666,0.25458052073288334,0.25877192982456143,0.18518518518518517,0.24245748765770708,0.23880597014925373,150,0.25471698113207547,120,False,False,0.5789222823106626,-0.017098243630801924,3.5294117647058822,3.9705882352941178,68,,,,,,,-0.009738140838951909,20,NEUTRAL,5.01,1.46,109.2,5,9,110,46,0,0,0,21,SP,21,492,114,23.4,9.03,3.78,9.36,1.4,23.43264307344037
690984,Petey Halpin,L,CLE,9,Drew Rasmussen,R,656876,822950,CLE @ TB,9:15 AM,26/07,Scheduled,0.5602853917240456,,,,False,0111110100,estimated,0,0,0.0,0.2073488916737023,0.32217167605734043,0.24250644133706484,0.2818698436324339,0.18442712363446792,20,2,0.16590163934426227,0.96,77.8,B,0.2851662404092072,5.513957400732806,0.3386578676160052,0.24183616946999062,18,5,0,0.08,0.2459016393442623,0.7992327365728901,0.07608695652173914,0.12468030690537084,0.2158273381294964,0.12413793103448276,0.2459016393442623,0.19096509240246407,0.2631578947368421,41,0.14583333333333334,51,False,False,0.5787075526533437,-0.01842216092929816,2.606060606060606,2.787878787878788,33,,,,,,,0.014094882563785433,20,NEUTRAL,3.28,0.98,104.1,8,5,103,18,0,0,0,19,SP,19,415,84,21.8,8.88,1.55,7.25,1.04,21.98481812461283
670042,Luke Raley,L,SEA,7,Jacob Degrom,R,594798,822870,SEA @ TEX,11:35 AM,26/07,Scheduled,0.5592317223267892,,,,False,1001011010,estimated,1,0,0.0,0.20904891438924272,0.40288266068181444,0.523697263723561,0.33289995737414446,0.386926440845217,20,2,0.2345679012345679,0.964,64.8,C,0.3128654970760234,5.241308600685441,0.45545859026675656,0.29755486015009097,19,6,0,0.0,0.2345679012345679,0.4394829612220917,0.42420681551116335,0.136310223266745,0.226890756302521,0.23135755258126195,0.2229299363057325,0.22702407002188185,0.23741007194244604,154,0.21818181818181817,118,False,False,0.5905038971897115,-0.03127217486292233,2.895348837209302,3.1627906976744184,86,,,,,,,0.07623888201179609,20,NEUTRAL,3.76,1.05,105.1,7,6,128,24,0,0,0,19,SP,19,424,87,22.3,10.94,2.05,7.43,1.37,22.76289835343003
669224,Austin Wells,L,NYY,9,Cristopher Sánchez,L,650911,823433,NYY @ PHI,4:20 PM,26/07,Scheduled,0.5587177391671619,,,,False,0011010011,estimated,0,0,0.0,0.21964571117834333,0.3813007268566712,0.4281339006150193,0.2905308386606984,0.25899753986030905,20,4,-0.02290878520386716,1.009,70.5,B,0.3289817232375979,6.042267396733767,0.43665264455716035,0.255187009490545,20,6,0,0.14102564102564102,0.16393442622950818,0.42036553524804177,0.185378590078329,0.39425587467362927,0.13405238828967642,0.1023454157782516,0.12962962962962962,0.12462686567164179,0.12173913043478261,126,0.2,104,False,False,0.5557313218268919,0.0029864173402700533,2.898550724637681,3.3333333333333335,69,,,,,,,-0.09186776818572287,20,NEUTRAL,2.65,1.19,132.2,12,4,151,25,0,0,0,21,SP,21,550,133,26.2,10.24,1.7,9.02,0.81,26.159448138929324
624424,Michael Conforto,L,CHC,9,Braxton Ashcraft,R,677952,823354,CHC @ PIT,10:35 AM,26/07,Scheduled,0.5568151695751874,,,,False,1100100100,estimated,2,1,0.5,0.20045769366896732,0.28692615363110063,0.48456720928061353,0.32409733878851277,0.30991861215659583,20,2,0.0,1.013,59.6,C,0.30422535211267604,4.759601574886278,0.45737048573810873,0.27167537483859255,20,6,0,,0.23841059602649006,0.4580281690140845,0.48901408450704226,0.05295774647887324,0.2178988326848249,0.17275747508305647,0.15813953488372093,0.1915303176130895,0.20270270270270271,83,0.2727272727272727,90,False,False,0.5570523725088464,-0.0002372029336590309,2.253731343283582,2.582089552238806,67,,,,,,,0.02704022547973299,20,NEUTRAL,3.95,1.17,116.1,9,4,130,28,0,0,0,20,SP,20,481,108,24.1,10.06,2.17,8.36,1.24,23.768824387928984
702616,Jackson Holliday,L,BAL,9,Reynaldo López,R,625643,824810,ATL @ BAL,10:35 AM,26/07,Scheduled,0.5555429294243646,,,,False,1001000111,estimated,0,0,0.0,0.21782512076437466,0.30618901128512704,0.2956442772299433,0.3206699499600047,0.19367957937414582,20,2,0.0058977719528178485,1.044,54.1,C,0.26865671641791045,2.1238413965633502,0.3447400919735525,0.21584890768068987,20,5,0,0.21428571428571427,0.22018348623853212,0.5470536499560247,0.4212840809146878,0.0316622691292876,0.20192307692307693,0.21266968325791855,0.2,0.2042755344418052,0.2463768115942029,85,0.19117647058823528,80,False,False,0.5277622069148139,0.02778072250955066,2.6346153846153846,3.173076923076923,52,,,,,,,-0.09708392908323797,20,NEUTRAL,3.95,1.36,66.0,4,3,60,28,0,0,0,10,RP,23,283,62,12.3,8.18,3.82,8.45,1.36,12.428898357151727
691720,Kyle Karros,R,COL,6,Jacob Misiorowski,R,694819,823755,COL @ MIL,11:10 AM,26/07,Scheduled,0.5551498029168717,,,,False,0110011011,estimated,1,1,1.0,0.28215412287326835,0.2845709132268731,0.35803662393117264,0.391613870345699,0.1808040748286992,20,2,-0.048897130587546384,0.97,98.2,A,0.36151960784313725,7.118890546514887,0.33271004650237684,0.39202807625230873,18,6,0,0.29357798165137616,0.24468085106382978,0.7755977927651747,0.20907418761496016,0.015328019619865114,0.2588916459884202,0.2418918918918919,0.2508833922261484,0.2522361359570662,0.2603550295857988,195,0.265625,154,False,False,0.5939800867263371,-0.038830283809465405,3.0618556701030926,3.597938144329897,97,,,,,,,-0.03599362801385724,20,AVOID,1.57,0.77,115.0,10,4,173,28,0,0,0,19,SP,19,439,61,23.1,13.54,2.19,4.77,0.7,23.18951923211702
642201,Eli White,R,ATL,9,Shane Baz,R,669358,824810,ATL @ BAL,10:35 AM,26/07,Scheduled,0.5531390054738204,,,,False,0101110000,estimated,0,0,0.0,0.1626570921173466,0.2352136951591136,0.20558178594890014,0.3030524266544003,0.283917274338569,20,2,-0.0029325513196480912,1.044,47.3,D,0.26163391933815927,2.9120197941557304,0.4310735591441168,0.2166897446041324,20,6,0,0.21505376344086022,0.21212121212121213,0.5888773388773388,0.3295218295218295,0.0816008316008316,0.2157676348547718,0.21666666666666667,0.21428571428571427,0.21724524076147816,0.2054794520547945,78,0.22641509433962265,59,False,False,0.5177630490406252,0.035375956433195244,2.3333333333333335,2.537037037037037,54,,,,,,,-0.043968520615102515,20,STRONG,4.05,1.37,117.2,4,9,105,42,0,0,0,20,SP,20,507,119,25.4,8.03,3.21,9.1,0.69,25.351119531397735
828599,Lucas Spence,L,HOU,9,Erick Fedde,R,607200,824572,HOU @ CWS,11:10 AM,26/07,Scheduled,0.5529506130712932,,,,False,1100101,estimated,0,0,0.0,0.19363971660435134,0.33879641580949377,0.3339251432648193,0.37116173232242994,0.3270984478085232,7,2,0.0,0.968,44.8,D,0.25406758448060074,2.294625218470131,0.40100250176271807,0.1822101870907641,20,6,0,,0.15,0.4981179422835634,0.370138017565872,0.13174404015056462,0.25842696629213485,0.1509433962264151,0.12,0.19270833333333334,0.2857142857142857,18,0.1,10,True,False,0.5406367290925419,0.012313883978751328,3.4285714285714284,4.0,7,,,,,,,-0.018610318410161017,7,STRONG,4.16,1.4,93.0,5,6,66,35,0,0,0,10,RP,20,405,95,20.2,6.39,3.39,9.19,1.55,19.72829973316642
656537,Derek Hill,R,PHI,8,Will Warren,R,701542,823433,NYY @ PHI,4:20 PM,26/07,Scheduled,0.5514736388155049,,,,False,1101100100,estimated,0,0,0.0,0.31958381481089765,0.44358250814254074,0.34119272303449705,0.5483194334794398,0.3447475172954294,20,4,0.002212389380530977,1.009,37.5,D,0.2858844550327576,2.1500650810675492,0.417635237566317,0.20748231818010263,20,4,0,0.24778761061946902,0.25,0.6577221228384019,0.23315444245676803,0.10912343470483005,0.23892100192678228,0.20987654320987653,0.25862068965517243,0.23111612175873733,0.28125,71,0.22077922077922077,85,False,False,0.5406367290925419,0.010836909722963028,2.203125,2.4375,64,,,,,,,-0.02000266336277109,20,NEUTRAL,4.0,1.37,99.0,7,4,97,34,0,0,0,19,SP,20,433,102,21.6,8.82,3.09,9.27,1.27,20.991780472047562
545341,Randal Grichuk,R,CWS,9,Ronel Blanco,R,669854,824572,HOU @ CWS,11:10 AM,26/07,Scheduled,0.5512950100999007,,,,False,1000101100,estimated,0,0,0.0,0.16383070825930482,0.30319257301723807,0.32825593766700545,0.26060467542158194,0.3459900864179358,20,2,-0.0982905982905983,0.968,68.3,B,0.313953488372093,,,,1,6,0,0.26495726495726496,0.16666666666666666,0.27906976744186046,0.4186046511627907,0.3023255813953488,0.2066115702479339,0.26136363636363635,0.2621951219512195,0.22942884801548888,0.24050632911392406,83,0.25,72,False,False,0.5473917194055873,0.0039032906943133883,2.3333333333333335,2.4603174603174605,63,,,,,,,-0.028945537962107727,20,NEUTRAL,7.71,1.07,4.2,0,0,8,3,0,0,0,1,SP,1,19,2,19.0,15.43,5.79,3.86,3.86,
542303,Marcell Ozuna,R,PIT,7,Jameson Taillon,R,592791,823354,CHC @ PIT,10:35 AM,26/07,Scheduled,0.5498180358441124,,,,False,0110111000,estimated,0,0,0.3333333333333333,0.21549248172928065,0.3298286669510343,0.3133554482557611,0.33698075769546365,0.2953213631558879,20,2,0.017359005457853238,1.013,46.4,D,0.28642384105960267,2.2966199726490952,0.3994864289853237,0.2189703059618508,14,6,0,0.1958762886597938,0.21323529411764705,0.5581395348837209,0.2799003322259136,0.16196013289036545,0.2096069868995633,0.1978984238178634,0.17834394904458598,0.203240058910162,0.2318840579710145,151,0.16842105263157894,112,False,False,0.5492942889975619,0.0005237468465504325,3.640625,4.109375,64,,,,,,,-0.10015352103307941,20,NEUTRAL,5.38,1.32,72.0,2,5,65,25,0,0,0,14,SP,14,307,70,21.9,8.13,3.13,8.75,2.75,21.382322295260465
670764,Taylor Walls,L,TB,8,Parker Messick,L,800048,822950,CLE @ TB,9:15 AM,26/07,Scheduled,0.5492942889975619,,,,False,0000111101,estimated,2,1,0.5,0.23878398228122202,0.25009283489647993,0.2657834136788709,0.3456556565214509,0.27276286264635274,20,4,0.048780487804878064,0.96,73.7,B,0.2793876435210498,3.1391662105315095,0.3433536628140366,0.2337075724857937,20,5,0,0.25609756097560976,0.2073170731707317,0.603400987383434,0.16182117388919365,0.23477783872737246,0.22402597402597402,0.18401937046004843,0.17829457364341086,0.20619195046439628,0.24427480916030533,151,0.2,139,False,False,0.5577050791545229,-0.008410790156961001,3.1948051948051948,3.7662337662337664,77,,,,,,,-0.057816836962514044,20,NEUTRAL,2.68,1.05,117.2,8,5,116,36,0,0,0,20,SP,20,467,88,23.4,8.87,2.75,6.73,0.84,23.59311558625329
665923,Esteury Ruiz,R,MIA,8,Walker Buehler,R,621111,823840,SD @ MIA,10:40 AM,26/07,Scheduled,0.5488686936613756,,,,False,0100110010,estimated,0,0,0.0,0.14518805189927816,0.25906932655495674,0.20306105258435847,0.2773793677107038,0.3598462281202346,20,2,0.14758620689655172,1.0,48.4,D,0.26772616136919314,1.8078098280713464,0.40806291943786394,0.19672820553463483,20,5,0,0.1724137931034483,0.32,0.6177914110429448,0.28588957055214725,0.09631901840490797,0.15404699738903394,0.19047619047619047,0.1452991452991453,0.16415868673050615,0.19642857142857142,67,0.28846153846153844,63,False,False,0.5215567369901027,0.02731195667127284,2.076923076923077,2.5,52,,,,,,,-0.1951291516922714,20,STRONG,5.23,1.43,94.2,6,5,84,40,0,0,0,20,SP,20,412,95,20.6,7.99,3.8,9.03,1.14,20.829243111057217
642715,Willy Adames,R,SF,7,José Soriano,R,667755,823194,LAA @ SF,1:05 PM,26/07,Scheduled,0.5475220579313168,,,,False,0011101010,estimated,0,0,0.0,0.2022026039703341,0.3404077070816457,0.29292895168705346,0.2910230479480788,0.356630156295137,20,2,0.05277014652014653,0.994,55.1,C,0.3036957686127477,2.181378134625959,0.38404213408148297,0.23100492552608418,20,6,0,0.18681318681318682,0.23958333333333334,0.4967845659163987,0.3033226152197213,0.19989281886387997,0.22598870056497175,0.20266120777891505,0.2159468438538206,0.21715076071922546,0.25,230,0.19760479041916168,178,False,False,0.5627534086424172,-0.015231350711100378,3.9072164948453607,4.206185567010309,97,,,,,,,-0.16142144831180463,20,NEUTRAL,3.43,1.25,118.0,8,6,122,54,0,0,0,21,SP,21,491,94,23.4,9.31,4.12,7.17,0.92,23.093184589783373
669134,Luis Campusano,R,SD,8,Janson Junk,R,676083,823840,SD @ MIA,10:40 AM,26/07,Scheduled,0.5457404645674634,,,,False,1010010100,estimated,0,0,0.0,0.21246266399426442,0.300855723846148,0.3423517570866672,0.2786951098604536,0.2202922715611444,20,2,0.005050505050505083,1.0,45.8,D,0.2547085201793722,2.330573945115681,0.41365812876957175,0.17435732768495765,13,6,0,0.2727272727272727,0.2777777777777778,0.38240574506283664,0.4245960502692998,0.19299820466786355,0.2889733840304182,0.19597989949748743,0.32926829268292684,0.2619047619047619,0.2765957446808511,58,0.2777777777777778,41,False,False,0.5473917194055873,-0.0016512548381238945,2.59375,3.09375,32,,,,,,,-0.16938996440623375,20,STRONG,5.09,1.35,69.0,4,6,51,20,0,0,0,13,SP,13,295,73,22.7,6.65,2.61,9.52,1.43,22.65905925037948
650489,Willi Castro,L,COL,7,Jacob Misiorowski,R,694819,823755,COL @ MIL,11:10 AM,26/07,Scheduled,0.5411106101500911,,,,False,1001111101,estimated,0,0,0.0,0.2113472683886199,0.2873476784214775,0.3275442993120391,0.3148702619259129,0.2915656019552459,20,2,-0.006327293643945908,0.97,98.2,A,0.36151960784313725,7.118890546514887,0.33271004650237684,0.39202807625230873,18,6,0,0.2631578947368421,0.2568306010928962,0.7755977927651747,0.20907418761496016,0.015328019619865114,0.2476802284082798,0.2508591065292096,0.22037037037037038,0.2418016594231529,0.2826086956521739,201,0.22727272727272727,153,False,False,0.5826932481943493,-0.04158263804425821,3.590909090909091,4.0227272727272725,88,,,,,,,-0.03417758536970552,20,AVOID,1.57,0.77,115.0,10,4,173,28,0,0,0,19,SP,19,439,61,23.1,13.54,2.19,4.77,0.7,23.18951923211702
642215,Weston Wilson,R,SEA,8,Jacob Degrom,R,594798,822870,SEA @ TEX,11:35 AM,26/07,Scheduled,0.5411106101500911,,,,False,0100111101,estimated,0,0,0.0,0.20703466698847647,0.26354134580045757,0.35184180692305556,0.3958017060373776,0.2826788357924761,20,2,-0.07350096711798837,0.964,64.8,C,0.3128654970760234,5.241308600685441,0.45545859026675656,0.29755486015009097,19,6,0,0.2553191489361702,0.18181818181818182,0.4394829612220917,0.42420681551116335,0.136310223266745,0.20717131474103587,0.19444444444444445,0.27450980392156865,0.21643286573146292,0.19047619047619047,47,0.2962962962962963,31,False,False,0.5654631626658073,-0.02435255251571622,2.3,2.6,30,,,,,,,0.13388782708448896,20,NEUTRAL,3.76,1.05,105.1,7,6,128,24,0,0,0,19,SP,19,424,87,22.3,10.94,2.05,7.43,1.37,22.76289835343003
672356,Gabriel Arias,R,CLE,7,Drew Rasmussen,R,656876,822950,CLE @ TB,9:15 AM,26/07,Scheduled,0.5406367290925419,,,,False,0111001101,estimated,0,0,0.0,0.26158250784825,0.4427605880024154,0.40403814968721496,0.5335614853714243,0.43848580336277476,20,2,-0.09230769230769231,0.96,77.8,B,0.2851662404092072,5.513957400732806,0.3386578676160052,0.24183616946999062,18,5,0,0.3076923076923077,0.2153846153846154,0.7992327365728901,0.07608695652173914,0.12468030690537084,0.2465753424657534,0.2595419847328244,0.21333333333333335,0.2471590909090909,0.22807017543859648,60,0.2765957446808511,50,False,False,0.5657631035657297,-0.025126374473187774,3.0588235294117645,3.235294117647059,34,,,,,,,0.14762847524538567,20,NEUTRAL,3.28,0.98,104.1,8,5,103,18,0,0,0,19,SP,19,415,84,21.8,8.88,1.55,7.25,1.04,21.98481812461283
682626,Francisco Álvarez,R,NYM,8,Emmet Sheehan,R,686218,823599,LAD @ NYM,10:40 AM,26/07,Scheduled,0.5387341595005672,,,,False,1110110111,estimated,0,0,0.0,0.2826555745904944,0.3764021376999575,0.4569940795021101,0.4796781118627173,0.3333213639883074,20,2,0.021398432790837862,0.949,65.3,B,0.2918537524053881,3.4387257872193264,0.4109087279285852,0.26378527307218275,18,6,0,0.23809523809523808,0.25949367088607594,0.42433998712169996,0.4082421120412106,0.16741790083708952,0.2558411214953271,0.2513089005235602,0.2057142857142857,0.24813432835820895,0.2786885245901639,135,0.2222222222222222,111,False,False,0.5592414860137124,-0.02050732651314513,3.298507462686567,3.671641791044776,67,,,,,,,0.11099152508056687,20,NEUTRAL,5.13,1.27,87.2,4,7,99,27,0,0,0,18,SP,18,375,84,20.8,10.16,2.77,8.62,1.75,20.739356608591976
685133,Wade Meckler,L,LAA,9,Carson Whisenhunt,L,687931,823194,LAA @ SF,1:05 PM,26/07,Scheduled,0.5316668655207861,,,,False,0111100010,estimated,0,0,0.0,0.2933128722377619,0.4073442573695728,0.4338562421844132,0.4180223176962534,0.2786412623639525,20,2,-0.16483516483516486,0.994,50.0,C,0.2441860465116279,,,,2,17,0,0.14285714285714285,0.3076923076923077,0.4011627906976744,0.23255813953488372,0.36627906976744184,0.3197424892703863,0.3006993006993007,0.3153526970954357,0.31319234642497484,0.3516483516483517,100,0.1956521739130435,52,False,False,0.5461966042814055,-0.01452973876061936,3.0444444444444443,3.3777777777777778,45,,,,,,,0.07133475918664021,20,NEUTRAL,3.38,1.41,10.2,2,0,6,6,0,0,0,2,SP,2,46,9,23.0,5.06,5.06,7.59,0.84,
678662,Ezequiel Tovar,R,COL,9,Jacob Misiorowski,R,694819,823755,COL @ MIL,11:10 AM,26/07,Scheduled,0.5291515335252808,,,,False,0010001001,estimated,1,0,0.0,0.11088831350618496,0.23345419262693806,0.32247357970231144,0.14821445091534843,0.1666718972783788,20,2,-0.034655172413793095,0.97,98.2,A,0.36151960784313725,7.118890546514887,0.33271004650237684,0.39202807625230873,18,6,0,0.22,0.1853448275862069,0.7755977927651747,0.20907418761496016,0.015328019619865114,0.1794071762870515,0.16212534059945505,0.22171945701357465,0.18222025652366208,0.19473684210526315,205,0.19718309859154928,156,False,False,0.5639334802596245,-0.03478194673434376,3.4947368421052634,3.8,95,,,,,,,-0.33010120423923045,20,AVOID,1.57,0.77,115.0,10,4,173,28,0,0,0,19,SP,19,439,61,23.1,13.54,2.19,4.77,0.7,23.18951923211702
621438,Tyrone Taylor,R,NYM,9,Emmet Sheehan,R,686218,823599,LAD @ NYM,10:40 AM,26/07,Scheduled,0.52538575626529,,,,False,1110010110,estimated,0,0,0.0,0.273756004074172,0.27469809163988684,0.46096030692924467,0.37623169211755475,0.2584906816186665,20,4,-0.02115583075335395,0.949,65.3,B,0.2918537524053881,3.4387257872193264,0.4109087279285852,0.26378527307218275,18,6,0,0.23684210526315788,0.21568627450980393,0.42433998712169996,0.4082421120412106,0.16741790083708952,0.23653395784543327,0.2204724409448819,0.24210526315789474,0.23145780051150894,0.2833333333333333,65,0.1791044776119403,73,False,False,0.5502076454606247,-0.02482188919533468,2.4423076923076925,2.6538461538461537,52,,,,,,,0.053371712689092556,20,NEUTRAL,5.13,1.27,87.2,4,7,99,27,0,0,0,18,SP,18,375,84,20.8,10.16,2.77,8.62,1.75,20.739356608591976
679822,Justin Foscue,R,TEX,9,Logan Gilbert,R,669302,822870,SEA @ TEX,11:35 AM,26/07,Scheduled,0.5215567369901027,,,,False,0011000110,estimated,0,0,0.0,0.18629917430578188,0.27603171838319995,0.38801027582106173,0.32061464667613904,0.43335513142528,20,2,-0.21646341463414637,0.964,72.4,B,0.3012249443207127,5.773261026371362,0.4036678927816788,0.28603687558540464,19,7,0,0.34146341463414637,0.125,0.46875,0.32198660714285715,0.20926339285714285,0.22954091816367264,0.3296296296296296,0.3111111111111111,0.271523178807947,0.2857142857142857,68,0.2542372881355932,68,False,False,0.5277622069148139,-0.00620546992471116,2.3461538461538463,2.6153846153846154,52,,,,,,,-0.09830308485013313,20,NEUTRAL,3.38,0.98,120.0,8,6,129,25,0,0,0,20,SP,20,472,93,23.6,9.68,1.88,6.98,1.13,24.123995595546564
687859,Troy Johnston,L,COL,8,Jacob Misiorowski,R,694819,823755,COL @ MIL,11:10 AM,26/07,Scheduled,0.5141737618504206,,,,False,0000101010,estimated,1,0,0.0,0.1525870586233829,0.272735795987349,0.4464936397922337,0.18631430912603597,0.12731886858745037,20,2,0.031205673758865238,0.97,98.2,A,0.36151960784313725,7.118890546514887,0.33271004650237684,0.39202807625230873,18,6,0,0.26666666666666666,0.2978723404255319,0.7755977927651747,0.20907418761496016,0.015328019619865114,0.2467755803955288,0.3093145869947276,0.2543859649122807,0.26928605654048876,0.27586206896551724,194,0.3140495867768595,142,False,False,0.5676425124837503,-0.053468750633329676,3.172043010752688,3.6129032258064515,93,,,,,,,-0.4095916967112316,20,AVOID,1.57,0.77,115.0,10,4,173,28,0,0,0,19,SP,19,439,61,23.1,13.54,2.19,4.77,0.7,23.18951923211702
701852,Drew Cavanaugh,L,SF,9,José Soriano,R,667755,823194,LAA @ SF,1:05 PM,26/07,Scheduled,0.5129532962464035,,,,False,0001101000,estimated,0,0,0.0,0.2236108626647902,0.3066892806360666,0.22177210513123405,0.3452980855123155,0.36893336216599304,16,2,0.0,0.994,55.1,C,0.3036957686127477,2.181378134625959,0.38404213408148297,0.23100492552608418,20,6,0,,0.23076923076923078,0.4967845659163987,0.3033226152197213,0.19989281886387997,0.256,0.16666666666666666,0.23809523809523808,0.22477064220183487,0.19047619047619047,25,0.2777777777777778,23,True,False,0.5129532962464035,0.0,2.4375,3.0,16,,,,,,,-0.1825075112668838,16,NEUTRAL,3.43,1.25,118.0,8,6,122,54,0,0,0,21,SP,21,491,94,23.4,9.31,4.12,7.17,0.92,23.093184589783373
806068,Colt Emerson,L,SEA,9,Jacob Degrom,R,594798,822870,SEA @ TEX,11:35 AM,26/07,Scheduled,0.5076446071169322,,,,False,0100011001,estimated,0,0,0.0,0.1786495739184656,0.3572270824309631,0.311448744225174,0.3015028780683801,0.3322428772559959,20,2,-0.09368950832365469,0.964,64.8,C,0.3128654970760234,5.241308600685441,0.45545859026675656,0.29755486015009097,19,6,0,0.2682926829268293,0.1746031746031746,0.4394829612220917,0.42420681551116335,0.136310223266745,0.19805194805194806,0.17258883248730963,0.17318435754189945,0.18587047939444912,0.21978021978021978,103,0.17105263157894737,84,True,False,0.5387341595005672,-0.03108955238363509,3.2115384615384617,3.5961538461538463,52,,,,,,,-0.22441975151703036,20,NEUTRAL,3.76,1.05,105.1,7,6,128,24,0,0,0,19,SP,19,424,87,22.3,10.94,2.05,7.43,1.37,22.76289835343003
687221,Dalton Rushing,L,LAD,9,Freddy Peralta,R,642547,823599,LAD @ NYM,10:40 AM,26/07,Scheduled,0.4964326127020627,,,,False,0000000010,estimated,0,0,0.0,0.16208726519421773,0.3386449224145943,0.4221075781770702,0.2705874329367846,0.31909830452064863,20,2,-0.01678321678321676,0.949,50.1,C,0.2618427902134305,2.1846014838549364,0.38476826544636705,0.2129780798358667,20,6,0,0.2545454545454545,0.23776223776223776,0.5333333333333333,0.253125,0.21354166666666666,0.22321428571428573,0.26548672566371684,0.2222222222222222,0.23255813953488372,0.2222222222222222,110,0.26262626262626265,116,False,False,0.5192270483216103,-0.02279443561954758,3.0,3.4242424242424243,66,,,,,,,-0.2176858733499878,20,NEUTRAL,5.01,1.46,109.2,5,9,110,46,0,0,0,21,SP,21,492,114,23.4,9.03,3.78,9.36,1.4,23.43264307344037
